0.000000000000000000e+00,5.019996166229248047e-01
1.000000000000000000e+00,1.352009296417236328e+00
2.000000000000000000e+00,5.007581114768981934e-01
3.000000000000000000e+00,4.996685683727264404e-01
4.000000000000000000e+00,4.684339761734008789e-01
5.000000000000000000e+00,6.967558860778808594e-01
6.000000000000000000e+00,4.563299715518951416e-01
7.000000000000000000e+00,4.514860808849334717e-01
8.000000000000000000e+00,6.819302439689636230e-01
9.000000000000000000e+00,4.507918953895568848e-01
1.000000000000000000e+01,4.582628905773162842e-01
1.100000000000000000e+01,4.495670795440673828e-01
1.200000000000000000e+01,4.488637745380401611e-01
1.300000000000000000e+01,4.458619058132171631e-01
1.400000000000000000e+01,4.428214728832244873e-01
1.500000000000000000e+01,4.357820749282836914e-01
1.600000000000000000e+01,4.342544078826904297e-01
1.700000000000000000e+01,4.272958040237426758e-01
1.800000000000000000e+01,4.175403416156768799e-01
1.900000000000000000e+01,4.175496995449066162e-01
2.000000000000000000e+01,4.085079729557037354e-01
2.100000000000000000e+01,4.182237684726715088e-01
2.200000000000000000e+01,4.000927805900573730e-01
2.300000000000000000e+01,3.920533657073974609e-01
2.400000000000000000e+01,3.796059191226959229e-01
2.500000000000000000e+01,3.664167225360870361e-01
2.600000000000000000e+01,3.462540507316589355e-01
2.700000000000000000e+01,3.369685411453247070e-01
2.800000000000000000e+01,3.263783752918243408e-01
2.900000000000000000e+01,3.173795342445373535e-01
3.000000000000000000e+01,3.037542402744293213e-01
3.100000000000000000e+01,2.932586371898651123e-01
3.200000000000000000e+01,2.857472300529479980e-01
3.300000000000000000e+01,2.773586213588714600e-01
3.400000000000000000e+01,3.032956123352050781e-01
3.500000000000000000e+01,2.634330093860626221e-01
3.600000000000000000e+01,2.619574666023254395e-01
3.700000000000000000e+01,2.440137267112731934e-01
3.800000000000000000e+01,2.343225032091140747e-01
3.900000000000000000e+01,2.129756808280944824e-01
4.000000000000000000e+01,2.121653854846954346e-01
4.100000000000000000e+01,1.955666989088058472e-01
4.200000000000000000e+01,1.935020536184310913e-01
4.300000000000000000e+01,1.856307685375213623e-01
4.400000000000000000e+01,1.789118796586990356e-01
4.500000000000000000e+01,1.679088920354843140e-01
4.600000000000000000e+01,1.565662473440170288e-01
4.700000000000000000e+01,1.461755931377410889e-01
4.800000000000000000e+01,1.281415224075317383e-01
4.900000000000000000e+01,1.200922951102256775e-01
5.000000000000000000e+01,1.116696670651435852e-01
5.100000000000000000e+01,1.123534664511680603e-01
5.200000000000000000e+01,1.067804172635078430e-01
5.300000000000000000e+01,9.992618858814239502e-02
5.400000000000000000e+01,9.749942272901535034e-02
5.500000000000000000e+01,9.189568459987640381e-02
5.600000000000000000e+01,8.539379388093948364e-02
5.700000000000000000e+01,7.510678470134735107e-02
5.800000000000000000e+01,6.589148193597793579e-02
5.900000000000000000e+01,5.828351899981498718e-02
6.000000000000000000e+01,5.500264838337898254e-02
6.100000000000000000e+01,5.236198753118515015e-02
6.200000000000000000e+01,4.978724569082260132e-02
6.300000000000000000e+01,4.740395396947860718e-02
6.400000000000000000e+01,4.573172703385353088e-02
6.500000000000000000e+01,4.347981885075569153e-02
6.600000000000000000e+01,4.126475751399993896e-02
6.700000000000000000e+01,3.964550793170928955e-02
6.800000000000000000e+01,3.796030953526496887e-02
6.900000000000000000e+01,3.608263656497001648e-02
7.000000000000000000e+01,3.428399562835693359e-02
7.100000000000000000e+01,3.300003334879875183e-02
7.200000000000000000e+01,3.187474980950355530e-02
7.300000000000000000e+01,3.091515786945819855e-02
7.400000000000000000e+01,2.925719693303108215e-02
7.500000000000000000e+01,2.782019041478633881e-02
7.600000000000000000e+01,2.660689130425453186e-02
7.700000000000000000e+01,2.561755105853080750e-02
7.800000000000000000e+01,2.479059062898159027e-02
7.900000000000000000e+01,2.395044267177581787e-02
8.000000000000000000e+01,2.255949564278125763e-02
8.100000000000000000e+01,2.131113223731517792e-02
8.200000000000000000e+01,1.999842561781406403e-02
8.300000000000000000e+01,1.865781471133232117e-02
8.400000000000000000e+01,1.773378252983093262e-02
8.500000000000000000e+01,1.720522157847881317e-02
8.600000000000000000e+01,1.661622337996959686e-02
8.700000000000000000e+01,1.584947854280471802e-02
8.800000000000000000e+01,1.522115617990493774e-02
8.900000000000000000e+01,1.459054835140705109e-02
9.000000000000000000e+01,1.394669059664011002e-02
9.100000000000000000e+01,1.313213538378477097e-02
9.200000000000000000e+01,1.238323561847209930e-02
9.300000000000000000e+01,1.185414008796215057e-02
9.400000000000000000e+01,1.137096434831619263e-02
9.500000000000000000e+01,1.089328806847333908e-02
9.600000000000000000e+01,1.051393244415521622e-02
9.700000000000000000e+01,9.937444701790809631e-03
9.800000000000000000e+01,9.561561979353427887e-03
9.900000000000000000e+01,9.258096106350421906e-03
1.000000000000000000e+02,8.977946825325489044e-03
1.010000000000000000e+02,8.576778694987297058e-03
1.020000000000000000e+02,8.319580927491188049e-03
1.030000000000000000e+02,8.155347779393196106e-03
1.040000000000000000e+02,8.030087687075138092e-03
1.050000000000000000e+02,7.855338975787162781e-03
1.060000000000000000e+02,7.680246140807867050e-03
1.070000000000000000e+02,7.531141862273216248e-03
1.080000000000000000e+02,7.333104498684406281e-03
1.090000000000000000e+02,7.082604337483644485e-03
1.100000000000000000e+02,6.887219380587339401e-03
1.110000000000000000e+02,6.705487612634897232e-03
1.120000000000000000e+02,6.452162284404039383e-03
1.130000000000000000e+02,6.235405802726745605e-03
1.140000000000000000e+02,5.945684388279914856e-03
1.150000000000000000e+02,5.817443132400512695e-03
1.160000000000000000e+02,5.759360734373331070e-03
1.170000000000000000e+02,5.628972314298152924e-03
1.180000000000000000e+02,5.441014654934406281e-03
1.190000000000000000e+02,5.304514896124601364e-03
1.200000000000000000e+02,5.187015514820814133e-03
1.210000000000000000e+02,5.113009829074144363e-03
1.220000000000000000e+02,5.040104500949382782e-03
1.230000000000000000e+02,4.931800998747348785e-03
1.240000000000000000e+02,4.896363709121942520e-03
1.250000000000000000e+02,4.770618397742509842e-03
1.260000000000000000e+02,4.738419316709041595e-03
1.270000000000000000e+02,4.673316609114408493e-03
1.280000000000000000e+02,4.560765810310840607e-03
1.290000000000000000e+02,4.416217096149921417e-03
1.300000000000000000e+02,4.275552462786436081e-03
1.310000000000000000e+02,4.175602924078702927e-03
1.320000000000000000e+02,4.013067577034235001e-03
1.330000000000000000e+02,3.808860667049884796e-03
1.340000000000000000e+02,3.606518963351845741e-03
1.350000000000000000e+02,3.451888216659426689e-03
1.360000000000000000e+02,3.385904245078563690e-03
1.370000000000000000e+02,3.309878520667552948e-03
1.380000000000000000e+02,3.197579644620418549e-03
1.390000000000000000e+02,3.087729914113879204e-03
1.400000000000000000e+02,2.984435996040701866e-03
1.410000000000000000e+02,2.921119332313537598e-03
1.420000000000000000e+02,2.864093286916613579e-03
1.430000000000000000e+02,2.791153034195303917e-03
1.440000000000000000e+02,2.725725993514060974e-03
1.450000000000000000e+02,2.651683520525693893e-03
1.460000000000000000e+02,2.606986556202173233e-03
1.470000000000000000e+02,2.552223857492208481e-03
1.480000000000000000e+02,2.474063076078891754e-03
1.490000000000000000e+02,2.394086448475718498e-03
1.500000000000000000e+02,2.315816469490528107e-03
1.510000000000000000e+02,2.265439601615071297e-03
1.520000000000000000e+02,2.238483633846044540e-03
1.530000000000000000e+02,2.200344810262322426e-03
1.540000000000000000e+02,2.151231281459331512e-03
1.550000000000000000e+02,2.116048708558082581e-03
1.560000000000000000e+02,2.098080702126026154e-03
1.570000000000000000e+02,2.058102749288082123e-03
1.580000000000000000e+02,2.020177431404590607e-03
1.590000000000000000e+02,1.999254804104566574e-03
1.600000000000000000e+02,1.987779280170798302e-03
1.610000000000000000e+02,1.967305084690451622e-03
1.620000000000000000e+02,1.916556968353688717e-03
1.630000000000000000e+02,1.865726080723106861e-03
1.640000000000000000e+02,1.837381976656615734e-03
1.650000000000000000e+02,1.800065627321600914e-03
1.660000000000000000e+02,1.788736903108656406e-03
1.670000000000000000e+02,1.779166632331907749e-03
1.680000000000000000e+02,1.764534041285514832e-03
1.690000000000000000e+02,1.742679392918944359e-03
1.700000000000000000e+02,1.724926172755658627e-03
1.710000000000000000e+02,1.688215648755431175e-03
1.720000000000000000e+02,1.709888107143342495e-03
1.730000000000000000e+02,1.668128184974193573e-03
1.740000000000000000e+02,1.631518127396702766e-03
1.750000000000000000e+02,1.603435142897069454e-03
1.760000000000000000e+02,1.576761016622185707e-03
1.770000000000000000e+02,1.551893772557377815e-03
1.780000000000000000e+02,1.539248274639248848e-03
1.790000000000000000e+02,1.516647869721055031e-03
1.800000000000000000e+02,1.505905296653509140e-03
1.810000000000000000e+02,1.488998183049261570e-03
1.820000000000000000e+02,1.450577401556074619e-03
1.830000000000000000e+02,1.450633862987160683e-03
1.840000000000000000e+02,1.428731018677353859e-03
1.850000000000000000e+02,1.408965908922255039e-03
1.860000000000000000e+02,1.396098057739436626e-03
1.870000000000000000e+02,1.379621564410626888e-03
1.880000000000000000e+02,1.357359346002340317e-03
1.890000000000000000e+02,1.336523680947721004e-03
1.900000000000000000e+02,1.320552080869674683e-03
1.910000000000000000e+02,1.300878007896244526e-03
1.920000000000000000e+02,1.279537798836827278e-03
1.930000000000000000e+02,1.250267843715846539e-03
1.940000000000000000e+02,1.236976007930934429e-03
1.950000000000000000e+02,1.227852306328713894e-03
1.960000000000000000e+02,1.221345737576484680e-03
1.970000000000000000e+02,1.213947660289704800e-03
1.980000000000000000e+02,1.195952645502984524e-03
1.990000000000000000e+02,1.218722201883792877e-03
2.000000000000000000e+02,1.187122310511767864e-03
2.010000000000000000e+02,1.167836133390665054e-03
2.020000000000000000e+02,1.150047522969543934e-03
2.030000000000000000e+02,1.118763233534991741e-03
2.040000000000000000e+02,1.096430816687643528e-03
2.050000000000000000e+02,1.082907430827617645e-03
2.060000000000000000e+02,1.064531039446592331e-03
2.070000000000000000e+02,1.051375991664826870e-03
2.080000000000000000e+02,1.036988804116845131e-03
2.090000000000000000e+02,1.024622935801744461e-03
2.100000000000000000e+02,1.029466628096997738e-03
2.110000000000000000e+02,1.019464456476271152e-03
2.120000000000000000e+02,1.014481415040791035e-03
2.130000000000000000e+02,1.005298225209116936e-03
2.140000000000000000e+02,9.943486656993627548e-04
2.150000000000000000e+02,9.855643147602677345e-04
2.160000000000000000e+02,9.690554579719901085e-04
2.170000000000000000e+02,9.632902219891548157e-04
2.180000000000000000e+02,9.515932761132717133e-04
2.190000000000000000e+02,9.420379647053778172e-04
2.200000000000000000e+02,9.387626778334379196e-04
2.210000000000000000e+02,9.217971819452941418e-04
2.220000000000000000e+02,9.132353006862103939e-04
2.230000000000000000e+02,9.055809932760894299e-04
2.240000000000000000e+02,8.983671432361006737e-04
2.250000000000000000e+02,9.049407090060412884e-04
2.260000000000000000e+02,8.929783944040536880e-04
2.270000000000000000e+02,8.810865692794322968e-04
2.280000000000000000e+02,8.752287831157445908e-04
2.290000000000000000e+02,8.671112009324133396e-04
2.300000000000000000e+02,8.562311413697898388e-04
2.310000000000000000e+02,8.412661263719201088e-04
2.320000000000000000e+02,8.237884612753987312e-04
2.330000000000000000e+02,8.155587129294872284e-04
2.340000000000000000e+02,8.061447297222912312e-04
2.350000000000000000e+02,8.008024888113141060e-04
2.360000000000000000e+02,7.899607298895716667e-04
2.370000000000000000e+02,7.804979686625301838e-04
2.380000000000000000e+02,7.699705311097204685e-04
2.390000000000000000e+02,7.625886355526745319e-04
2.400000000000000000e+02,7.445259834639728069e-04
2.410000000000000000e+02,7.492332370020449162e-04
2.420000000000000000e+02,7.389803649857640266e-04
2.430000000000000000e+02,7.320670410990715027e-04
2.440000000000000000e+02,7.220656261779367924e-04
2.450000000000000000e+02,7.100977818481624126e-04
2.460000000000000000e+02,7.013110443949699402e-04
2.470000000000000000e+02,6.875885883346199989e-04
2.480000000000000000e+02,6.801678682677447796e-04
2.490000000000000000e+02,6.725174607709050179e-04
2.500000000000000000e+02,6.675313925370573997e-04
2.510000000000000000e+02,6.578783504664897919e-04
2.520000000000000000e+02,6.524281343445181847e-04
2.530000000000000000e+02,6.475557456724345684e-04
2.540000000000000000e+02,6.431009969674050808e-04
2.550000000000000000e+02,6.312742480076849461e-04
2.560000000000000000e+02,6.283312104642391205e-04
2.570000000000000000e+02,6.193721783347427845e-04
2.580000000000000000e+02,6.142447236925363541e-04
2.590000000000000000e+02,6.091288523748517036e-04
2.600000000000000000e+02,6.019943975843489170e-04
2.610000000000000000e+02,5.968961049802601337e-04
2.620000000000000000e+02,5.876871291548013687e-04
2.630000000000000000e+02,5.819380749017000198e-04
2.640000000000000000e+02,5.770990974269807339e-04
2.650000000000000000e+02,5.855315830558538437e-04
2.660000000000000000e+02,5.746500683017075062e-04
2.670000000000000000e+02,5.707223899662494659e-04
2.680000000000000000e+02,5.643318872898817062e-04
2.690000000000000000e+02,5.583234596997499466e-04
2.700000000000000000e+02,5.517212557606399059e-04
2.710000000000000000e+02,5.461026448756456375e-04
2.720000000000000000e+02,5.426966235972940922e-04
2.730000000000000000e+02,5.360529758036136627e-04
2.740000000000000000e+02,5.276848096400499344e-04
2.750000000000000000e+02,5.208972143009305000e-04
2.760000000000000000e+02,5.142723093740642071e-04
2.770000000000000000e+02,5.102169234305620193e-04
2.780000000000000000e+02,5.079450784251093864e-04
2.790000000000000000e+02,5.051998887211084366e-04
2.800000000000000000e+02,5.006537539884448051e-04
2.810000000000000000e+02,5.007709842175245285e-04
2.820000000000000000e+02,4.985199775546789169e-04
2.830000000000000000e+02,4.953665775246918201e-04
2.840000000000000000e+02,4.906059475615620613e-04
2.850000000000000000e+02,4.861087363678961992e-04
2.860000000000000000e+02,4.778307920787483454e-04
2.870000000000000000e+02,4.758698341902345419e-04
2.880000000000000000e+02,4.652798525057733059e-04
2.890000000000000000e+02,4.624127759598195553e-04
2.900000000000000000e+02,4.580811364576220512e-04
2.910000000000000000e+02,4.643114225473254919e-04
2.920000000000000000e+02,4.555973864626139402e-04
2.930000000000000000e+02,4.517954366747289896e-04
2.940000000000000000e+02,4.453493456821888685e-04
2.950000000000000000e+02,4.404048959258943796e-04
2.960000000000000000e+02,4.375778080429881811e-04
2.970000000000000000e+02,4.320157459005713463e-04
2.980000000000000000e+02,4.287208430469036102e-04
2.990000000000000000e+02,4.246902535669505596e-04
3.000000000000000000e+02,4.174098430667072535e-04
3.010000000000000000e+02,4.097023047506809235e-04
3.020000000000000000e+02,4.024344380013644695e-04
3.030000000000000000e+02,3.959361638408154249e-04
3.040000000000000000e+02,3.926216741092503071e-04
3.050000000000000000e+02,3.855725808534771204e-04
3.060000000000000000e+02,3.828032931778579950e-04
3.070000000000000000e+02,3.800308331847190857e-04
3.080000000000000000e+02,3.751816111616790295e-04
3.090000000000000000e+02,3.792578063439577818e-04
3.100000000000000000e+02,3.707162977661937475e-04
3.110000000000000000e+02,3.667281707748770714e-04
3.120000000000000000e+02,3.621992073021829128e-04
3.130000000000000000e+02,3.565639490261673927e-04
3.140000000000000000e+02,3.480349550954997540e-04
3.150000000000000000e+02,3.586629754863679409e-04
3.160000000000000000e+02,3.455991391092538834e-04
3.170000000000000000e+02,3.408071061130613089e-04
3.180000000000000000e+02,3.353797947056591511e-04
3.190000000000000000e+02,3.309405001346021891e-04
3.200000000000000000e+02,3.247376007493585348e-04
3.210000000000000000e+02,3.217071061953902245e-04
3.220000000000000000e+02,3.206485998816788197e-04
3.230000000000000000e+02,3.176318714395165443e-04
3.240000000000000000e+02,3.163087239954620600e-04
3.250000000000000000e+02,3.126625088043510914e-04
3.260000000000000000e+02,3.099888563156127930e-04
3.270000000000000000e+02,3.072177350986748934e-04
3.280000000000000000e+02,3.055176930502057076e-04
3.290000000000000000e+02,3.035869158338755369e-04
3.300000000000000000e+02,3.015934780705720186e-04
3.310000000000000000e+02,2.988548949360847473e-04
3.320000000000000000e+02,2.952049253508448601e-04
3.330000000000000000e+02,2.936060482170432806e-04
3.340000000000000000e+02,2.917677338700741529e-04
3.350000000000000000e+02,2.896096848417073488e-04
3.360000000000000000e+02,2.870096068363636732e-04
3.370000000000000000e+02,2.837550127878785133e-04
3.380000000000000000e+02,2.808644785545766354e-04
3.390000000000000000e+02,2.780259528663009405e-04
3.400000000000000000e+02,2.760455536190420389e-04
3.410000000000000000e+02,2.721044002100825310e-04
3.420000000000000000e+02,2.703209174796938896e-04
3.430000000000000000e+02,2.683542843442410231e-04
3.440000000000000000e+02,2.653989358805119991e-04
3.450000000000000000e+02,2.631903917063027620e-04
3.460000000000000000e+02,2.615053381305187941e-04
3.470000000000000000e+02,2.603749744594097137e-04
3.480000000000000000e+02,2.587041235528886318e-04
3.490000000000000000e+02,2.557324478402733803e-04
3.500000000000000000e+02,2.559623098932206631e-04
3.510000000000000000e+02,2.544464077800512314e-04
3.520000000000000000e+02,2.529492776375263929e-04
3.530000000000000000e+02,2.516108797863125801e-04
3.540000000000000000e+02,2.497097593732178211e-04
3.550000000000000000e+02,2.470111066941171885e-04
3.560000000000000000e+02,2.461058611515909433e-04
3.570000000000000000e+02,2.437870280118659139e-04
3.580000000000000000e+02,2.428015286568552256e-04
3.590000000000000000e+02,2.416569041088223457e-04
3.600000000000000000e+02,2.403560210950672626e-04
3.610000000000000000e+02,2.391671441728249192e-04
3.620000000000000000e+02,2.375775366090238094e-04
3.630000000000000000e+02,2.361101796850562096e-04
3.640000000000000000e+02,2.331760915694758296e-04
3.650000000000000000e+02,2.324316446902230382e-04
3.660000000000000000e+02,2.302763023180887103e-04
3.670000000000000000e+02,2.294930454809218645e-04
3.680000000000000000e+02,2.284677029820159078e-04
3.690000000000000000e+02,2.265820221509784460e-04
3.700000000000000000e+02,2.279195759911090136e-04
3.710000000000000000e+02,2.250601100968196988e-04
3.720000000000000000e+02,2.230247046099975705e-04
3.730000000000000000e+02,2.213090629084035754e-04
3.740000000000000000e+02,2.201499737566336989e-04
3.750000000000000000e+02,2.186749916290864348e-04
3.760000000000000000e+02,2.173190150642767549e-04
3.770000000000000000e+02,2.160729345632717013e-04
3.780000000000000000e+02,2.150457876268774271e-04
3.790000000000000000e+02,2.137483534170314670e-04
3.800000000000000000e+02,2.162640739697962999e-04
3.810000000000000000e+02,2.127622574334964156e-04
3.820000000000000000e+02,2.112235088134184480e-04
3.830000000000000000e+02,2.102857542922720313e-04
3.840000000000000000e+02,2.089944900944828987e-04
3.850000000000000000e+02,2.070306800305843353e-04
3.860000000000000000e+02,2.085100131807848811e-04
3.870000000000000000e+02,2.062988787656649947e-04
3.880000000000000000e+02,2.050221228273585439e-04
3.890000000000000000e+02,2.031274780165404081e-04
3.900000000000000000e+02,2.013201738009229302e-04
3.910000000000000000e+02,1.998378575081005692e-04
3.920000000000000000e+02,1.978297514142468572e-04
3.930000000000000000e+02,1.954938197741284966e-04
3.940000000000000000e+02,1.947772689163684845e-04
3.950000000000000000e+02,1.933469320647418499e-04
3.960000000000000000e+02,1.925562974065542221e-04
3.970000000000000000e+02,1.914972526719793677e-04
3.980000000000000000e+02,1.901799405459314585e-04
3.990000000000000000e+02,1.892194704851135612e-04
4.000000000000000000e+02,1.885875826701521873e-04
4.010000000000000000e+02,1.881678763311356306e-04
4.020000000000000000e+02,1.874628069344907999e-04
4.030000000000000000e+02,1.859199255704879761e-04
4.040000000000000000e+02,1.856597518781200051e-04
4.050000000000000000e+02,1.837399177020415664e-04
4.060000000000000000e+02,1.828538952395319939e-04
4.070000000000000000e+02,1.820155157474800944e-04
4.080000000000000000e+02,1.802731712814420462e-04
4.090000000000000000e+02,1.814061106415465474e-04
4.100000000000000000e+02,1.790984097169712186e-04
4.110000000000000000e+02,1.772791874827817082e-04
4.120000000000000000e+02,1.758700818754732609e-04
4.130000000000000000e+02,1.745318586472421885e-04
4.140000000000000000e+02,1.732137025101110339e-04
4.150000000000000000e+02,1.730262447381392121e-04
4.160000000000000000e+02,1.713548699626699090e-04
4.170000000000000000e+02,1.710590586299076676e-04
4.180000000000000000e+02,1.701997534837573767e-04
4.190000000000000000e+02,1.691275829216465354e-04
4.200000000000000000e+02,1.679899287410080433e-04
4.210000000000000000e+02,1.671992504270747304e-04
4.220000000000000000e+02,1.664006413193419576e-04
4.230000000000000000e+02,1.658113178564235568e-04
4.240000000000000000e+02,1.653084764257073402e-04
4.250000000000000000e+02,1.643855648580938578e-04
4.260000000000000000e+02,1.628270838409662247e-04
4.270000000000000000e+02,1.676617248449474573e-04
4.280000000000000000e+02,1.623112329980358481e-04
4.290000000000000000e+02,1.608220336493104696e-04
4.300000000000000000e+02,1.598634989932179451e-04
4.310000000000000000e+02,1.590423053130507469e-04
4.320000000000000000e+02,1.588427257956936955e-04
4.330000000000000000e+02,1.581939141033217311e-04
4.340000000000000000e+02,1.576687354827299714e-04
4.350000000000000000e+02,1.571442844578996301e-04
4.360000000000000000e+02,1.572826440678909421e-04
4.370000000000000000e+02,1.568466977914795280e-04
4.380000000000000000e+02,1.563071418786421418e-04
4.390000000000000000e+02,1.555272174300625920e-04
4.400000000000000000e+02,1.547281717648729682e-04
4.410000000000000000e+02,1.540097291581332684e-04
4.420000000000000000e+02,1.597585651325061917e-04
4.430000000000000000e+02,1.537349162390455604e-04
4.440000000000000000e+02,1.530929876025766134e-04
4.450000000000000000e+02,1.524000690551474690e-04
4.460000000000000000e+02,1.517198979854583740e-04
4.470000000000000000e+02,1.508797577116638422e-04
4.480000000000000000e+02,1.491185685154050589e-04
4.490000000000000000e+02,1.476461184211075306e-04
4.500000000000000000e+02,1.461873471271246672e-04
4.510000000000000000e+02,1.451994030503556132e-04
4.520000000000000000e+02,1.443690562155097723e-04
4.530000000000000000e+02,1.436654856661334634e-04
4.540000000000000000e+02,1.429588155588135123e-04
4.550000000000000000e+02,1.425264490535482764e-04
4.560000000000000000e+02,1.419982145307585597e-04
4.570000000000000000e+02,1.414944126736372709e-04
4.580000000000000000e+02,1.411012635799124837e-04
4.590000000000000000e+02,1.406373194186016917e-04
4.600000000000000000e+02,1.397613377775996923e-04
4.610000000000000000e+02,1.391186378896236420e-04
4.620000000000000000e+02,1.382003101753070951e-04
4.630000000000000000e+02,1.375723950332030654e-04
4.640000000000000000e+02,1.368331431876868010e-04
4.650000000000000000e+02,1.358125882688909769e-04
4.660000000000000000e+02,1.354962296318262815e-04
4.670000000000000000e+02,1.348258374491706491e-04
4.680000000000000000e+02,1.345695200143381953e-04
4.690000000000000000e+02,1.340341987088322639e-04
4.700000000000000000e+02,1.333176769549027085e-04
4.710000000000000000e+02,1.353660336462780833e-04
4.720000000000000000e+02,1.327932113781571388e-04
4.730000000000000000e+02,1.322722382610663772e-04
4.740000000000000000e+02,1.316600246354937553e-04
4.750000000000000000e+02,1.311746163992211223e-04
4.760000000000000000e+02,1.299617870245128870e-04
4.770000000000000000e+02,1.322099997196346521e-04
4.780000000000000000e+02,1.295633264817297459e-04
4.790000000000000000e+02,1.288384082727134228e-04
4.800000000000000000e+02,1.280541910091415048e-04
4.810000000000000000e+02,1.276501716347411275e-04
4.820000000000000000e+02,1.268136984435841441e-04
4.830000000000000000e+02,1.262836740352213383e-04
4.840000000000000000e+02,1.259831915376707911e-04
4.850000000000000000e+02,1.254246890312060714e-04
4.860000000000000000e+02,1.245970488525927067e-04
4.870000000000000000e+02,1.236254029208794236e-04
4.880000000000000000e+02,1.230777997989207506e-04
4.890000000000000000e+02,1.224005391122773290e-04
4.900000000000000000e+02,1.220925041707232594e-04
4.910000000000000000e+02,1.215910160681232810e-04
4.920000000000000000e+02,1.209264883073046803e-04
4.930000000000000000e+02,1.221565908053889871e-04
4.940000000000000000e+02,1.206148153869435191e-04
4.950000000000000000e+02,1.202698913402855396e-04
4.960000000000000000e+02,1.194728101836517453e-04
4.970000000000000000e+02,1.186007866635918617e-04
4.980000000000000000e+02,1.190822003991343081e-04
4.990000000000000000e+02,1.182106643682345748e-04
5.000000000000000000e+02,1.178290694952011108e-04
5.010000000000000000e+02,1.173884666059166193e-04
5.020000000000000000e+02,1.167350274045020342e-04
5.030000000000000000e+02,1.155456338892690837e-04
5.040000000000000000e+02,1.170289251604117453e-04
5.050000000000000000e+02,1.150049720308743417e-04
5.060000000000000000e+02,1.142495602834969759e-04
5.070000000000000000e+02,1.134647100116126239e-04
5.080000000000000000e+02,1.126962888520210981e-04
5.090000000000000000e+02,1.119856387958861887e-04
5.100000000000000000e+02,1.112168320105411112e-04
5.110000000000000000e+02,1.108200522139668465e-04
5.120000000000000000e+02,1.103450194932520390e-04
5.130000000000000000e+02,1.103072645491920412e-04
5.140000000000000000e+02,1.100462177419103682e-04
5.150000000000000000e+02,1.096125124604441226e-04
5.160000000000000000e+02,1.093325990950688720e-04
5.170000000000000000e+02,1.087365599232725799e-04
5.180000000000000000e+02,1.082801609300076962e-04
5.190000000000000000e+02,1.077804190572351217e-04
5.200000000000000000e+02,1.074210667866282165e-04
5.210000000000000000e+02,1.070770522346720099e-04
5.220000000000000000e+02,1.061974253389053047e-04
5.230000000000000000e+02,1.048846243065781891e-04
5.240000000000000000e+02,1.062824958353303373e-04
5.250000000000000000e+02,1.043933662003837526e-04
5.260000000000000000e+02,1.037470792653039098e-04
5.270000000000000000e+02,1.030371640808880329e-04
5.280000000000000000e+02,1.024521479848772287e-04
5.290000000000000000e+02,1.022873184410855174e-04
5.300000000000000000e+02,1.012895590974949300e-04
5.310000000000000000e+02,1.010556006804108620e-04
5.320000000000000000e+02,1.007006139843724668e-04
5.330000000000000000e+02,1.000873453449457884e-04
5.340000000000000000e+02,9.923640027409419417e-05
5.350000000000000000e+02,9.850239439401775599e-05
5.360000000000000000e+02,9.780279651749879122e-05
5.370000000000000000e+02,9.697657515062019229e-05
5.380000000000000000e+02,9.637053881306201220e-05
5.390000000000000000e+02,9.568745008436962962e-05
5.400000000000000000e+02,9.604049409972503781e-05
5.410000000000000000e+02,9.523397602606564760e-05
5.420000000000000000e+02,9.470257646171376109e-05
5.430000000000000000e+02,9.421699360245838761e-05
5.440000000000000000e+02,9.360550757264718413e-05
5.450000000000000000e+02,9.282871906179934740e-05
5.460000000000000000e+02,9.229990246240049601e-05
5.470000000000000000e+02,9.172242425847798586e-05
5.480000000000000000e+02,9.125443466473370790e-05
5.490000000000000000e+02,9.060163574758917093e-05
5.500000000000000000e+02,9.109433449339121580e-05
5.510000000000000000e+02,9.031280933413654566e-05
5.520000000000000000e+02,8.974018419394269586e-05
5.530000000000000000e+02,8.927666203817352653e-05
5.540000000000000000e+02,8.878637891029939055e-05
5.550000000000000000e+02,8.859998342813923955e-05
5.560000000000000000e+02,8.826200064504519105e-05
5.570000000000000000e+02,8.804420940577983856e-05
5.580000000000000000e+02,8.785353566054254770e-05
5.590000000000000000e+02,8.737919415580108762e-05
5.600000000000000000e+02,8.653079567011445761e-05
5.610000000000000000e+02,8.583194721722975373e-05
5.620000000000000000e+02,8.483161946060135961e-05
5.630000000000000000e+02,8.435775816906243563e-05
5.640000000000000000e+02,8.401335799135267735e-05
5.650000000000000000e+02,8.335195889230817556e-05
5.660000000000000000e+02,8.376712503377348185e-05
5.670000000000000000e+02,8.286585944006219506e-05
5.680000000000000000e+02,8.229801460402086377e-05
5.690000000000000000e+02,8.186580816982313991e-05
5.700000000000000000e+02,8.153413364198058844e-05
5.710000000000000000e+02,8.118897676467895508e-05
5.720000000000000000e+02,8.082138083409518003e-05
5.730000000000000000e+02,8.056755177676677704e-05
5.740000000000000000e+02,8.031386823859065771e-05
5.750000000000000000e+02,7.983756950125098228e-05
5.760000000000000000e+02,8.080171392066404223e-05
5.770000000000000000e+02,7.964183896547183394e-05
5.780000000000000000e+02,7.921689393697306514e-05
5.790000000000000000e+02,7.897678733570501208e-05
5.800000000000000000e+02,7.863113569328561425e-05
5.810000000000000000e+02,7.816097786417230964e-05
5.820000000000000000e+02,7.813777483534067869e-05
5.830000000000000000e+02,7.780437590554356575e-05
5.840000000000000000e+02,7.716344407526776195e-05
5.850000000000000000e+02,7.687509787501767278e-05
5.860000000000000000e+02,7.663276483071967959e-05
5.870000000000000000e+02,7.640813419129699469e-05
5.880000000000000000e+02,7.749703217996284366e-05
5.890000000000000000e+02,7.624572754139080644e-05
5.900000000000000000e+02,7.589587767142802477e-05
5.910000000000000000e+02,7.561447273474186659e-05
5.920000000000000000e+02,7.529399590566754341e-05
5.930000000000000000e+02,7.481614011339843273e-05
5.940000000000000000e+02,7.392796396743506193e-05
5.950000000000000000e+02,7.557315984740853310e-05
5.960000000000000000e+02,7.364479824900627136e-05
5.970000000000000000e+02,7.312998059205710888e-05
5.980000000000000000e+02,7.279298006324097514e-05
5.990000000000000000e+02,7.242630817927420139e-05
6.000000000000000000e+02,7.299436401808634400e-05
6.010000000000000000e+02,7.222506974358111620e-05
6.020000000000000000e+02,7.188875315478071570e-05
6.030000000000000000e+02,7.156584615586325526e-05
6.040000000000000000e+02,7.138118962757289410e-05
6.050000000000000000e+02,7.099327194737270474e-05
6.060000000000000000e+02,7.050632120808586478e-05
6.070000000000000000e+02,7.016999734332785010e-05
6.080000000000000000e+02,6.990534166106954217e-05
6.090000000000000000e+02,6.974038115004077554e-05
6.100000000000000000e+02,6.952784315217286348e-05
6.110000000000000000e+02,6.923928594915196300e-05
6.120000000000000000e+02,6.889914220664650202e-05
6.130000000000000000e+02,6.873016536701470613e-05
6.140000000000000000e+02,6.889075302751734853e-05
6.150000000000000000e+02,6.862869486212730408e-05
6.160000000000000000e+02,6.843099254183471203e-05
6.170000000000000000e+02,6.821644637966528535e-05
6.180000000000000000e+02,6.783574644941836596e-05
6.190000000000000000e+02,6.742323603248223662e-05
6.200000000000000000e+02,6.739628588547930121e-05
6.210000000000000000e+02,6.717711949022486806e-05
6.220000000000000000e+02,6.687409040750935674e-05
6.230000000000000000e+02,6.666559056611731648e-05
6.240000000000000000e+02,6.641758227488026023e-05
6.250000000000000000e+02,6.608233525184914470e-05
6.260000000000000000e+02,6.582860078196972609e-05
6.270000000000000000e+02,6.560402835020795465e-05
6.280000000000000000e+02,6.541438051499426365e-05
6.290000000000000000e+02,6.522513285744935274e-05
6.300000000000000000e+02,6.583170033991336823e-05
6.310000000000000000e+02,6.512746767839416862e-05
6.320000000000000000e+02,6.499432493001222610e-05
6.330000000000000000e+02,6.487692735390737653e-05
6.340000000000000000e+02,6.470266816904768348e-05
6.350000000000000000e+02,6.439487333409488201e-05
6.360000000000000000e+02,6.397654942702502012e-05
6.370000000000000000e+02,6.476097041741013527e-05
6.380000000000000000e+02,6.380265404004603624e-05
6.390000000000000000e+02,6.353289791150018573e-05
6.400000000000000000e+02,6.337471859296783805e-05
6.410000000000000000e+02,6.322002445813268423e-05
6.420000000000000000e+02,6.296011270023882389e-05
6.430000000000000000e+02,6.534343265229836106e-05
6.440000000000000000e+02,6.285920244408771396e-05
6.450000000000000000e+02,6.263048999244347215e-05
6.460000000000000000e+02,6.246509292395785451e-05
6.470000000000000000e+02,6.236696208361536264e-05
6.480000000000000000e+02,6.222548836376518011e-05
6.490000000000000000e+02,6.292908074101433158e-05
6.500000000000000000e+02,6.216250039869919419e-05
6.510000000000000000e+02,6.198752816999331117e-05
6.520000000000000000e+02,6.179258343763649464e-05
6.530000000000000000e+02,6.160388147691264749e-05
6.540000000000000000e+02,6.140437471913173795e-05
6.550000000000000000e+02,6.104269414208829403e-05
6.560000000000000000e+02,6.157557072583585978e-05
6.570000000000000000e+02,6.089719681767746806e-05
6.580000000000000000e+02,6.069890878279693425e-05
6.590000000000000000e+02,6.056034544599242508e-05
6.600000000000000000e+02,6.039240906829945743e-05
6.610000000000000000e+02,6.010845390846952796e-05
6.620000000000000000e+02,6.040077641955576837e-05
6.630000000000000000e+02,5.994889579596929252e-05
6.640000000000000000e+02,5.969657286186702549e-05
6.650000000000000000e+02,5.950788181507959962e-05
6.660000000000000000e+02,5.925112418481148779e-05
6.670000000000000000e+02,5.940658957115374506e-05
6.680000000000000000e+02,5.911450352868996561e-05
6.690000000000000000e+02,5.888781379326246679e-05
6.700000000000000000e+02,5.868204243597574532e-05
6.710000000000000000e+02,5.843610779265873134e-05
6.720000000000000000e+02,5.827806671732105315e-05
6.730000000000000000e+02,5.800323560833930969e-05
6.740000000000000000e+02,5.780980063718743622e-05
6.750000000000000000e+02,5.761210195487365127e-05
6.760000000000000000e+02,5.815695476485416293e-05
6.770000000000000000e+02,5.753379446105100214e-05
6.780000000000000000e+02,5.742575012845918536e-05
6.790000000000000000e+02,5.727608731831423938e-05
6.800000000000000000e+02,5.705526928068138659e-05
6.810000000000000000e+02,5.674226849805563688e-05
6.820000000000000000e+02,5.648610749631188810e-05
6.830000000000000000e+02,5.630036685033701360e-05
6.840000000000000000e+02,5.616759153781458735e-05
6.850000000000000000e+02,5.604616308119148016e-05
6.860000000000000000e+02,5.592845627688802779e-05
6.870000000000000000e+02,5.567642438109032810e-05
6.880000000000000000e+02,5.711123230867087841e-05
6.890000000000000000e+02,5.558445627684704959e-05
6.900000000000000000e+02,5.536801836569793522e-05
6.910000000000000000e+02,5.525106098502874374e-05
6.920000000000000000e+02,5.515683369594626129e-05
6.930000000000000000e+02,5.507948299054987729e-05
6.940000000000000000e+02,5.492353375302627683e-05
6.950000000000000000e+02,5.484284338308498263e-05
6.960000000000000000e+02,5.462231638375669718e-05
6.970000000000000000e+02,5.457758743432350457e-05
6.980000000000000000e+02,5.422608228400349617e-05
6.990000000000000000e+02,5.414176121121272445e-05
7.000000000000000000e+02,5.407848948379978538e-05
7.010000000000000000e+02,5.401714952313341200e-05
7.020000000000000000e+02,5.380633592722006142e-05
7.030000000000000000e+02,5.422458707471378148e-05
7.040000000000000000e+02,5.366601180867291987e-05
7.050000000000000000e+02,5.353472806746140122e-05
7.060000000000000000e+02,5.340163625078275800e-05
7.070000000000000000e+02,5.330062049324624240e-05
7.080000000000000000e+02,5.299542681314051151e-05
7.090000000000000000e+02,5.444296039058826864e-05
7.100000000000000000e+02,5.284684448270127177e-05
7.110000000000000000e+02,5.264302672003395855e-05
7.120000000000000000e+02,5.244358908385038376e-05
7.130000000000000000e+02,5.234571654000319541e-05
7.140000000000000000e+02,5.203442560741677880e-05
7.150000000000000000e+02,5.196838537813164294e-05
7.160000000000000000e+02,5.157476698514074087e-05
7.170000000000000000e+02,5.139663335285149515e-05
7.180000000000000000e+02,5.119503839523531497e-05
7.190000000000000000e+02,5.093556683277711272e-05
7.200000000000000000e+02,5.127408076077699661e-05
7.210000000000000000e+02,5.079401307739317417e-05
7.220000000000000000e+02,5.048441744293086231e-05
7.230000000000000000e+02,5.031145701650530100e-05
7.240000000000000000e+02,5.009380038245581090e-05
7.250000000000000000e+02,4.987090142094530165e-05
7.260000000000000000e+02,4.971669841324910522e-05
7.270000000000000000e+02,4.940813596476800740e-05
7.280000000000000000e+02,4.922123480355367064e-05
7.290000000000000000e+02,4.902193177258595824e-05
7.300000000000000000e+02,4.887015165877528489e-05
7.310000000000000000e+02,4.872176577919162810e-05
7.320000000000000000e+02,4.858564352616667747e-05
7.330000000000000000e+02,4.843776332563720644e-05
7.340000000000000000e+02,4.827860175282694399e-05
7.350000000000000000e+02,4.820081448997370899e-05
7.360000000000000000e+02,4.802417606697417796e-05
7.370000000000000000e+02,4.785511919180862606e-05
7.380000000000000000e+02,4.755579357151873410e-05
7.390000000000000000e+02,4.752522363560274243e-05
7.400000000000000000e+02,4.734389949589967728e-05
7.410000000000000000e+02,4.712667941930703819e-05
7.420000000000000000e+02,4.686824831878766418e-05
7.430000000000000000e+02,4.660006015910767019e-05
7.440000000000000000e+02,4.634863580577075481e-05
7.450000000000000000e+02,4.618001185008324683e-05
7.460000000000000000e+02,4.607339724316261709e-05
7.470000000000000000e+02,4.601501859724521637e-05
7.480000000000000000e+02,4.593204357661306858e-05
7.490000000000000000e+02,4.586924478644505143e-05
7.500000000000000000e+02,4.579337110044434667e-05
7.510000000000000000e+02,4.568829899653792381e-05
7.520000000000000000e+02,4.589033051161095500e-05
7.530000000000000000e+02,4.559157969197258353e-05
7.540000000000000000e+02,4.540811278275214136e-05
7.550000000000000000e+02,4.536360575002618134e-05
7.560000000000000000e+02,4.520990114542655647e-05
7.570000000000000000e+02,4.515693581197410822e-05
7.580000000000000000e+02,4.507133417064324021e-05
7.590000000000000000e+02,4.491056824917905033e-05
7.600000000000000000e+02,4.479493509279564023e-05
7.610000000000000000e+02,4.458388139028102160e-05
7.620000000000000000e+02,4.451006680028513074e-05
7.630000000000000000e+02,4.445277591003105044e-05
7.640000000000000000e+02,4.437340976437553763e-05
7.650000000000000000e+02,4.438259929884225130e-05
7.660000000000000000e+02,4.428916145116090775e-05
7.670000000000000000e+02,4.412127964315004647e-05
7.680000000000000000e+02,4.401892510941252112e-05
7.690000000000000000e+02,4.377212098916061223e-05
7.700000000000000000e+02,4.355664714239537716e-05
7.710000000000000000e+02,4.333196920924820006e-05
7.720000000000000000e+02,4.311484735808335245e-05
7.730000000000000000e+02,4.290543074603192508e-05
7.740000000000000000e+02,4.278811320546083152e-05
7.750000000000000000e+02,4.260041168890893459e-05
7.760000000000000000e+02,4.243465809850022197e-05
7.770000000000000000e+02,4.225946395308710635e-05
7.780000000000000000e+02,4.215380613459274173e-05
7.790000000000000000e+02,4.200059629511088133e-05
7.800000000000000000e+02,4.193062704871408641e-05
7.810000000000000000e+02,4.178458766546100378e-05
7.820000000000000000e+02,4.164036363363265991e-05
7.830000000000000000e+02,4.156338400207459927e-05
7.840000000000000000e+02,4.143105616094544530e-05
7.850000000000000000e+02,4.189665196463465691e-05
7.860000000000000000e+02,4.135582275921478868e-05
7.870000000000000000e+02,4.118216020287945867e-05
7.880000000000000000e+02,4.103991523152217269e-05
7.890000000000000000e+02,4.083425301359966397e-05
7.900000000000000000e+02,4.073586387676186860e-05
7.910000000000000000e+02,4.060818901052698493e-05
7.920000000000000000e+02,4.048383198096416891e-05
7.930000000000000000e+02,4.039651321363635361e-05
7.940000000000000000e+02,4.032105061924085021e-05
7.950000000000000000e+02,4.018471372546628118e-05
7.960000000000000000e+02,4.017505125375464559e-05
7.970000000000000000e+02,4.007312236353754997e-05
7.980000000000000000e+02,3.994375583715736866e-05
7.990000000000000000e+02,3.986075535067357123e-05
8.000000000000000000e+02,3.977849337388761342e-05
8.010000000000000000e+02,3.965501309721730649e-05
8.020000000000000000e+02,3.947206641896627843e-05
8.030000000000000000e+02,3.950503014493733644e-05
8.040000000000000000e+02,3.938059671781957150e-05
8.050000000000000000e+02,3.922551331925205886e-05
8.060000000000000000e+02,3.916255082003772259e-05
8.070000000000000000e+02,3.904950062860734761e-05
8.080000000000000000e+02,3.886393824359402061e-05
8.090000000000000000e+02,3.896224006894044578e-05
8.100000000000000000e+02,3.876573828165419400e-05
8.110000000000000000e+02,3.868645580951124430e-05
8.120000000000000000e+02,3.851869769277982414e-05
8.130000000000000000e+02,3.854481474263593554e-05
8.140000000000000000e+02,3.844084858428686857e-05
8.150000000000000000e+02,3.839123382931575179e-05
8.160000000000000000e+02,3.825445674010552466e-05
8.170000000000000000e+02,3.811549686361104250e-05
8.180000000000000000e+02,3.793755604419857264e-05
8.190000000000000000e+02,3.945135540561750531e-05
8.200000000000000000e+02,3.790553455473855138e-05
8.210000000000000000e+02,3.783022111747413874e-05
8.220000000000000000e+02,3.775661753024905920e-05
8.230000000000000000e+02,3.766647205338813365e-05
8.240000000000000000e+02,3.767112502828240395e-05
8.250000000000000000e+02,3.759695755434222519e-05
8.260000000000000000e+02,3.747756272787228227e-05
8.270000000000000000e+02,3.736997678061015904e-05
8.280000000000000000e+02,3.727977309608832002e-05
8.290000000000000000e+02,3.712115722009912133e-05
8.300000000000000000e+02,3.694225961226038635e-05
8.310000000000000000e+02,3.684230614453554153e-05
8.320000000000000000e+02,3.666149495984427631e-05
8.330000000000000000e+02,3.657679553725756705e-05
8.340000000000000000e+02,3.642892988864332438e-05
8.350000000000000000e+02,3.633433516370132565e-05
8.360000000000000000e+02,3.621263022068887949e-05
8.370000000000000000e+02,3.614585511968471110e-05
8.380000000000000000e+02,3.607513281167484820e-05
8.390000000000000000e+02,3.597803151933476329e-05
8.400000000000000000e+02,3.578654650482349098e-05
8.410000000000000000e+02,3.569958425941877067e-05
8.420000000000000000e+02,3.555170769686810672e-05
8.430000000000000000e+02,3.548838867573067546e-05
8.440000000000000000e+02,3.537943121045827866e-05
8.450000000000000000e+02,3.523941995808854699e-05
8.460000000000000000e+02,3.512174225761555135e-05
8.470000000000000000e+02,3.494829070405103266e-05
8.480000000000000000e+02,3.487147841951809824e-05
8.490000000000000000e+02,3.475721678114496171e-05
8.500000000000000000e+02,3.469923831289634109e-05
8.510000000000000000e+02,3.462907625362277031e-05
8.520000000000000000e+02,3.454257966950535774e-05
8.530000000000000000e+02,3.443671084824018180e-05
8.540000000000000000e+02,3.432247831369750202e-05
8.550000000000000000e+02,3.425381146371364594e-05
8.560000000000000000e+02,3.415550600038841367e-05
8.570000000000000000e+02,3.409262353670783341e-05
8.580000000000000000e+02,3.395577004994265735e-05
8.590000000000000000e+02,3.391243080841377378e-05
8.600000000000000000e+02,3.383470539120025933e-05
8.610000000000000000e+02,3.370707054273225367e-05
8.620000000000000000e+02,3.401276626391336322e-05
8.630000000000000000e+02,3.365588781889528036e-05
8.640000000000000000e+02,3.353800275363028049e-05
8.650000000000000000e+02,3.346234007040038705e-05
8.660000000000000000e+02,3.337009184178896248e-05
8.670000000000000000e+02,3.335931978654116392e-05
8.680000000000000000e+02,3.330840627313591540e-05
8.690000000000000000e+02,3.323362761875614524e-05
8.700000000000000000e+02,3.317490336485207081e-05
8.710000000000000000e+02,3.313182241981849074e-05
8.720000000000000000e+02,3.306914732092991471e-05
8.730000000000000000e+02,3.296447903267107904e-05
8.740000000000000000e+02,3.283210389781743288e-05
8.750000000000000000e+02,3.286201899754814804e-05
8.760000000000000000e+02,3.276378629379905760e-05
8.770000000000000000e+02,3.263211692683398724e-05
8.780000000000000000e+02,3.255406045354902744e-05
8.790000000000000000e+02,3.245368134230375290e-05
8.800000000000000000e+02,3.238714998587965965e-05
8.810000000000000000e+02,3.228351488360203803e-05
8.820000000000000000e+02,3.221961742383427918e-05
8.830000000000000000e+02,3.216282129869796336e-05
8.840000000000000000e+02,3.203389496775344014e-05
8.850000000000000000e+02,3.194579039700329304e-05
8.860000000000000000e+02,3.177148755639791489e-05
8.870000000000000000e+02,3.169211777276359499e-05
8.880000000000000000e+02,3.161569111398421228e-05
8.890000000000000000e+02,3.154288788209669292e-05
8.900000000000000000e+02,3.146705057588405907e-05
8.910000000000000000e+02,3.138449028483591974e-05
8.920000000000000000e+02,3.139097316307015717e-05
8.930000000000000000e+02,3.134678991045802832e-05
8.940000000000000000e+02,3.129497781628742814e-05
8.950000000000000000e+02,3.120869951089844108e-05
8.960000000000000000e+02,3.113314960501156747e-05
8.970000000000000000e+02,3.102450500591658056e-05
8.980000000000000000e+02,3.110068428213708103e-05
8.990000000000000000e+02,3.096888030995614827e-05
9.000000000000000000e+02,3.085695061599835753e-05
9.010000000000000000e+02,3.078829831792972982e-05
9.020000000000000000e+02,3.071169339818879962e-05
9.030000000000000000e+02,3.065016062464565039e-05
9.040000000000000000e+02,3.057620779145509005e-05
9.050000000000000000e+02,3.050142186111770570e-05
9.060000000000000000e+02,3.041979289264418185e-05
9.070000000000000000e+02,3.037384703930001706e-05
9.080000000000000000e+02,3.030528387171216309e-05
9.090000000000000000e+02,3.026308331754989922e-05
9.100000000000000000e+02,3.019349060195963830e-05
9.110000000000000000e+02,3.010651744261849672e-05
9.120000000000000000e+02,3.007923442055471241e-05
9.130000000000000000e+02,2.998247146024368703e-05
9.140000000000000000e+02,2.993442467413842678e-05
9.150000000000000000e+02,2.986081562994513661e-05
9.160000000000000000e+02,2.976266659970860928e-05
9.170000000000000000e+02,3.022834061994217336e-05
9.180000000000000000e+02,2.972490256070159376e-05
9.190000000000000000e+02,2.963062797789461911e-05
9.200000000000000000e+02,2.958920049422886223e-05
9.210000000000000000e+02,2.954158480861224234e-05
9.220000000000000000e+02,2.951351962110493332e-05
9.230000000000000000e+02,2.942607170552946627e-05
9.240000000000000000e+02,2.936378768936265260e-05
9.250000000000000000e+02,2.926539127656724304e-05
9.260000000000000000e+02,2.950316593341995031e-05
9.270000000000000000e+02,2.922183193732053041e-05
9.280000000000000000e+02,2.915733239206019789e-05
9.290000000000000000e+02,2.912162563006859273e-05
9.300000000000000000e+02,2.908950955315958709e-05
9.310000000000000000e+02,2.905082146753557026e-05
9.320000000000000000e+02,2.899819082813337445e-05
9.330000000000000000e+02,2.896415571740362793e-05
9.340000000000000000e+02,2.891593067033682019e-05
9.350000000000000000e+02,2.886351285269483924e-05
9.360000000000000000e+02,2.880744250433053821e-05
9.370000000000000000e+02,2.877520273614209145e-05
9.380000000000000000e+02,2.872879485948942602e-05
9.390000000000000000e+02,2.868143565137870610e-05
9.400000000000000000e+02,2.863354711735155433e-05
9.410000000000000000e+02,2.857585241144988686e-05
9.420000000000000000e+02,2.849722841347102076e-05
9.430000000000000000e+02,2.842028152372222394e-05
9.440000000000000000e+02,2.836683415807783604e-05
9.450000000000000000e+02,2.830094126693438739e-05
9.460000000000000000e+02,2.826648415066301823e-05
9.470000000000000000e+02,2.817990753101184964e-05
9.480000000000000000e+02,2.814069375745020807e-05
9.490000000000000000e+02,2.809677789628040045e-05
9.500000000000000000e+02,2.804603900585789233e-05
9.510000000000000000e+02,2.800754555210005492e-05
9.520000000000000000e+02,2.794833199004642665e-05
9.530000000000000000e+02,2.790956568787805736e-05
9.540000000000000000e+02,2.790264807117637247e-05
9.550000000000000000e+02,2.783197851385921240e-05
9.560000000000000000e+02,2.781685907393693924e-05
9.570000000000000000e+02,2.775632492557633668e-05
9.580000000000000000e+02,2.776513611024711281e-05
9.590000000000000000e+02,2.772040716081392020e-05
9.600000000000000000e+02,2.767819751170463860e-05
9.610000000000000000e+02,2.763053089438471943e-05
9.620000000000000000e+02,2.756852154561784118e-05
9.630000000000000000e+02,2.758754999376833439e-05
9.640000000000000000e+02,2.753857916104607284e-05
9.650000000000000000e+02,2.748559745668899268e-05
9.660000000000000000e+02,2.743888762779533863e-05
9.670000000000000000e+02,2.733758083195425570e-05
9.680000000000000000e+02,2.725878948695026338e-05
9.690000000000000000e+02,2.720120210142340511e-05
9.700000000000000000e+02,2.713611684157513082e-05
9.710000000000000000e+02,2.708995089051313698e-05
9.720000000000000000e+02,2.703741120058111846e-05
9.730000000000000000e+02,2.694686008908320218e-05
9.740000000000000000e+02,2.703118298086337745e-05
9.750000000000000000e+02,2.690518522285856307e-05
9.760000000000000000e+02,2.685087019926868379e-05
9.770000000000000000e+02,2.682688864297233522e-05
9.780000000000000000e+02,2.679443605302367359e-05
9.790000000000000000e+02,2.676229814824182540e-05
9.800000000000000000e+02,2.670633148227352649e-05
9.810000000000000000e+02,2.664634666871279478e-05
9.820000000000000000e+02,2.666240106918849051e-05
9.830000000000000000e+02,2.660463178472127765e-05
9.840000000000000000e+02,2.652229886734858155e-05
9.850000000000000000e+02,2.647623477969318628e-05
9.860000000000000000e+02,2.642642175487708300e-05
9.870000000000000000e+02,2.643909829203039408e-05
9.880000000000000000e+02,2.640709863044321537e-05
9.890000000000000000e+02,2.637116085679735988e-05
9.900000000000000000e+02,2.631973075040150434e-05
9.910000000000000000e+02,2.627949652378447354e-05
9.920000000000000000e+02,2.623609361762646586e-05
9.930000000000000000e+02,2.625470187922473997e-05
9.940000000000000000e+02,2.620843042677734047e-05
9.950000000000000000e+02,2.617895370349287987e-05
9.960000000000000000e+02,2.615364428493194282e-05
9.970000000000000000e+02,2.613285141706001014e-05
9.980000000000000000e+02,2.606362068036105484e-05
9.990000000000000000e+02,2.595234582258854061e-05
1.000000000000000000e+03,2.587282688182312995e-05
1.001000000000000000e+03,2.578732710389886051e-05
1.002000000000000000e+03,2.573321216914337128e-05
1.003000000000000000e+03,2.567828232713509351e-05
1.004000000000000000e+03,2.560349093982949853e-05
1.005000000000000000e+03,2.563773341535124928e-05
1.006000000000000000e+03,2.556557956268079579e-05
1.007000000000000000e+03,2.551021316321566701e-05
1.008000000000000000e+03,2.546573341533076018e-05
1.009000000000000000e+03,2.545928327890578657e-05
1.010000000000000000e+03,2.539623346820008010e-05
1.011000000000000000e+03,2.537298860261216760e-05
1.012000000000000000e+03,2.533233237045351416e-05
1.013000000000000000e+03,2.527636024751700461e-05
1.014000000000000000e+03,2.527622018533293158e-05
1.015000000000000000e+03,2.523682451283093542e-05
1.016000000000000000e+03,2.519027657399419695e-05
1.017000000000000000e+03,2.514509287721011788e-05
1.018000000000000000e+03,2.509270234440919012e-05
1.019000000000000000e+03,2.505667180230375379e-05
1.020000000000000000e+03,2.502622010069899261e-05
1.021000000000000000e+03,2.498565663699992001e-05
1.022000000000000000e+03,2.495407170499674976e-05
1.023000000000000000e+03,2.494776344974525273e-05
1.024000000000000000e+03,2.487850724719464779e-05
1.025000000000000000e+03,2.485964068910107017e-05
1.026000000000000000e+03,2.482793388480786234e-05
1.027000000000000000e+03,2.478571514075156301e-05
1.028000000000000000e+03,2.470548861310817301e-05
1.029000000000000000e+03,2.471935840731021017e-05
1.030000000000000000e+03,2.465662691975012422e-05
1.031000000000000000e+03,2.460868745401967317e-05
1.032000000000000000e+03,2.455600588291417807e-05
1.033000000000000000e+03,2.451094405842013657e-05
1.034000000000000000e+03,2.442574441374745220e-05
1.035000000000000000e+03,2.436256545479409397e-05
1.036000000000000000e+03,2.430001586617436260e-05
1.037000000000000000e+03,2.426792889309581369e-05
1.038000000000000000e+03,2.421752833470236510e-05
1.039000000000000000e+03,2.414294431218877435e-05
1.040000000000000000e+03,2.412082176306284964e-05
1.041000000000000000e+03,2.404302176728378981e-05
1.042000000000000000e+03,2.401006531727034599e-05
1.043000000000000000e+03,2.397096068307291716e-05
1.044000000000000000e+03,2.389993096585385501e-05
1.045000000000000000e+03,2.396049239905551076e-05
1.046000000000000000e+03,2.386755113548133522e-05
1.047000000000000000e+03,2.380056139372754842e-05
1.048000000000000000e+03,2.374660107307136059e-05
1.049000000000000000e+03,2.364831198065076023e-05
1.050000000000000000e+03,2.407633292023092508e-05
1.051000000000000000e+03,2.362691884627565742e-05
1.052000000000000000e+03,2.358558413106948137e-05
1.053000000000000000e+03,2.353543277422431856e-05
1.054000000000000000e+03,2.348197631363291293e-05
1.055000000000000000e+03,2.340130595257505774e-05
1.056000000000000000e+03,2.328769551240839064e-05
1.057000000000000000e+03,2.352287083340343088e-05
1.058000000000000000e+03,2.325000605196692050e-05
1.059000000000000000e+03,2.320423664059489965e-05
1.060000000000000000e+03,2.316897553100716323e-05
1.061000000000000000e+03,2.312698597961571068e-05
1.062000000000000000e+03,2.305619636899791658e-05
1.063000000000000000e+03,2.311636126250959933e-05
1.064000000000000000e+03,2.302221400896087289e-05
1.065000000000000000e+03,2.294731166330166161e-05
1.066000000000000000e+03,2.288869109179358929e-05
1.067000000000000000e+03,2.281547858729027212e-05
1.068000000000000000e+03,2.274204416607972234e-05
1.069000000000000000e+03,2.274586768180597574e-05
1.070000000000000000e+03,2.270433833473362029e-05
1.071000000000000000e+03,2.264728755108080804e-05
1.072000000000000000e+03,2.260598012071568519e-05
1.073000000000000000e+03,2.255684557894710451e-05
1.074000000000000000e+03,2.254191713291220367e-05
1.075000000000000000e+03,2.248141208838205785e-05
1.076000000000000000e+03,2.246036819997243583e-05
1.077000000000000000e+03,2.242884329461958259e-05
1.078000000000000000e+03,2.238333399873226881e-05
1.079000000000000000e+03,2.233487612102180719e-05
1.080000000000000000e+03,2.228904122603125870e-05
1.081000000000000000e+03,2.223198680439963937e-05
1.082000000000000000e+03,2.224418312835041434e-05
1.083000000000000000e+03,2.220939859398640692e-05
1.084000000000000000e+03,2.216877692262642086e-05
1.085000000000000000e+03,2.209232116001658142e-05
1.086000000000000000e+03,2.203756048402283341e-05
1.087000000000000000e+03,2.197582398366648704e-05
1.088000000000000000e+03,2.190005398006178439e-05
1.089000000000000000e+03,2.182268508477136493e-05
1.090000000000000000e+03,2.177212445531040430e-05
1.091000000000000000e+03,2.170870902773458511e-05
1.092000000000000000e+03,2.165667319786734879e-05
1.093000000000000000e+03,2.159871110052336007e-05
1.094000000000000000e+03,2.154621870431583375e-05
1.095000000000000000e+03,2.150596446881536394e-05
1.096000000000000000e+03,2.148143357771914452e-05
1.097000000000000000e+03,2.144871723430696875e-05
1.098000000000000000e+03,2.138223862857557833e-05
1.099000000000000000e+03,2.151093394786585122e-05
1.100000000000000000e+03,2.135987233486957848e-05
1.101000000000000000e+03,2.129579661414027214e-05
1.102000000000000000e+03,2.124252023349981755e-05
1.103000000000000000e+03,2.116536052199080586e-05
1.104000000000000000e+03,2.132024746970273554e-05
1.105000000000000000e+03,2.114247763529419899e-05
1.106000000000000000e+03,2.109800516336690634e-05
1.107000000000000000e+03,2.104852501361165196e-05
1.108000000000000000e+03,2.100974779750686139e-05
1.109000000000000000e+03,2.102556209138128906e-05
1.110000000000000000e+03,2.099519042531028390e-05
1.111000000000000000e+03,2.096870775858405977e-05
1.112000000000000000e+03,2.094555929943453521e-05
1.113000000000000000e+03,2.090838461299426854e-05
1.114000000000000000e+03,2.085593041556421667e-05
1.115000000000000000e+03,2.077384124277159572e-05
1.116000000000000000e+03,2.119496275554411113e-05
1.117000000000000000e+03,2.074849180644378066e-05
1.118000000000000000e+03,2.069527727144304663e-05
1.119000000000000000e+03,2.065968146780505776e-05
1.120000000000000000e+03,2.059806683973874897e-05
1.121000000000000000e+03,2.056355515378527343e-05
1.122000000000000000e+03,2.050123839580919594e-05
1.123000000000000000e+03,2.046132976829539984e-05
1.124000000000000000e+03,2.042941378022078425e-05
1.125000000000000000e+03,2.039238279394339770e-05
1.126000000000000000e+03,2.034946919593494385e-05
1.127000000000000000e+03,2.039968421740923077e-05
1.128000000000000000e+03,2.033464443229604512e-05
1.129000000000000000e+03,2.031584699579980224e-05
1.130000000000000000e+03,2.029217102972324938e-05
1.131000000000000000e+03,2.025728463195264339e-05
1.132000000000000000e+03,2.020562351390253752e-05
1.133000000000000000e+03,2.107613727275747806e-05
1.134000000000000000e+03,2.019629755523055792e-05
1.135000000000000000e+03,2.015614518313668668e-05
1.136000000000000000e+03,2.012276854657102376e-05
1.137000000000000000e+03,2.008488809224218130e-05
1.138000000000000000e+03,2.005082023970317096e-05
1.139000000000000000e+03,1.998668631131295115e-05
1.140000000000000000e+03,2.010010939557105303e-05
1.141000000000000000e+03,1.995814818656072021e-05
1.142000000000000000e+03,1.991128920053597540e-05
1.143000000000000000e+03,1.987535506486892700e-05
1.144000000000000000e+03,1.983989386644680053e-05
1.145000000000000000e+03,1.977017564058769494e-05
1.146000000000000000e+03,1.970247103599831462e-05
1.147000000000000000e+03,1.964257171493954957e-05
1.148000000000000000e+03,1.962057649507187307e-05
1.149000000000000000e+03,1.958611028385348618e-05
1.150000000000000000e+03,1.951687409018632025e-05
1.151000000000000000e+03,1.948807584994938225e-05
1.152000000000000000e+03,1.940767469932325184e-05
1.153000000000000000e+03,1.937903471116442233e-05
1.154000000000000000e+03,1.936022817972116172e-05
1.155000000000000000e+03,1.933264684339519590e-05
1.156000000000000000e+03,1.930246799020096660e-05
1.157000000000000000e+03,1.927083394548390061e-05
1.158000000000000000e+03,1.922424780786968768e-05
1.159000000000000000e+03,1.926326513057574630e-05
1.160000000000000000e+03,1.919971691677346826e-05
1.161000000000000000e+03,1.917494228109717369e-05
1.162000000000000000e+03,1.915638131322339177e-05
1.163000000000000000e+03,1.911758772621396929e-05
1.164000000000000000e+03,1.908856938825920224e-05
1.165000000000000000e+03,1.903331394714768976e-05
1.166000000000000000e+03,1.900845927593763918e-05
1.167000000000000000e+03,1.898644040920771658e-05
1.168000000000000000e+03,1.901295399875380099e-05
1.169000000000000000e+03,1.897529728012159467e-05
1.170000000000000000e+03,1.895014065667055547e-05
1.171000000000000000e+03,1.888949191197752953e-05
1.172000000000000000e+03,1.883311779238283634e-05
1.173000000000000000e+03,1.877496652014087886e-05
1.174000000000000000e+03,1.876066562545020133e-05
1.175000000000000000e+03,1.870481901278253645e-05
1.176000000000000000e+03,1.868749313871376216e-05
1.177000000000000000e+03,1.865444573923014104e-05
1.178000000000000000e+03,1.860449265222996473e-05
1.179000000000000000e+03,1.854644142440520227e-05
1.180000000000000000e+03,1.848505962698254734e-05
1.181000000000000000e+03,1.844799226091708988e-05
1.182000000000000000e+03,1.840484219428617507e-05
1.183000000000000000e+03,1.841184530348982662e-05
1.184000000000000000e+03,1.838941534515470266e-05
1.185000000000000000e+03,1.836489173001609743e-05
1.186000000000000000e+03,1.834325485106091946e-05
1.187000000000000000e+03,1.832198722695466131e-05
1.188000000000000000e+03,1.829191023716703057e-05
1.189000000000000000e+03,1.824605897127185017e-05
1.190000000000000000e+03,1.889239865704439580e-05
1.191000000000000000e+03,1.823824277380481362e-05
1.192000000000000000e+03,1.820646866690367460e-05
1.193000000000000000e+03,1.817807242332492024e-05
1.194000000000000000e+03,1.814813549572136253e-05
1.195000000000000000e+03,1.811750553315505385e-05
1.196000000000000000e+03,1.804246676329057664e-05
1.197000000000000000e+03,1.829031862143892795e-05
1.198000000000000000e+03,1.801381040422711521e-05
1.199000000000000000e+03,1.793604860722552985e-05
1.200000000000000000e+03,1.788312874850817025e-05
1.201000000000000000e+03,1.783244624675717205e-05
1.202000000000000000e+03,1.787606561265420169e-05
1.203000000000000000e+03,1.781296850822400302e-05
1.204000000000000000e+03,1.778492151061072946e-05
1.205000000000000000e+03,1.774955489963758737e-05
1.206000000000000000e+03,1.772542964317835867e-05
1.207000000000000000e+03,1.767899993865285069e-05
1.208000000000000000e+03,1.758911457727663219e-05
1.209000000000000000e+03,1.760519808158278465e-05
1.210000000000000000e+03,1.754018740030005574e-05
1.211000000000000000e+03,1.748738577589392662e-05
1.212000000000000000e+03,1.745831650623586029e-05
1.213000000000000000e+03,1.743176653690170497e-05
1.214000000000000000e+03,1.740337029332295060e-05
1.215000000000000000e+03,1.736795275064650923e-05
1.216000000000000000e+03,1.731700285745318979e-05
1.217000000000000000e+03,1.727965536701958627e-05
1.218000000000000000e+03,1.724508911138400435e-05
1.219000000000000000e+03,1.720301588647998869e-05
1.220000000000000000e+03,1.716982660582289100e-05
1.221000000000000000e+03,1.714712016109842807e-05
1.222000000000000000e+03,1.711604818410705775e-05
1.223000000000000000e+03,1.708919262455310673e-05
1.224000000000000000e+03,1.707781302684452385e-05
1.225000000000000000e+03,1.704302485450170934e-05
1.226000000000000000e+03,1.702995905361603945e-05
1.227000000000000000e+03,1.701634209894109517e-05
1.228000000000000000e+03,1.700444954622071236e-05
1.229000000000000000e+03,1.698044616205152124e-05
1.230000000000000000e+03,1.693521880952175707e-05
1.231000000000000000e+03,1.695663559075910598e-05
1.232000000000000000e+03,1.690807948762085289e-05
1.233000000000000000e+03,1.685194911260623485e-05
1.234000000000000000e+03,1.681562389421742409e-05
1.235000000000000000e+03,1.677823820500634611e-05
1.236000000000000000e+03,1.674208397162146866e-05
1.237000000000000000e+03,1.670733945502433926e-05
1.238000000000000000e+03,1.666518437559716403e-05
1.239000000000000000e+03,1.661929491092450917e-05
1.240000000000000000e+03,1.654536026762798429e-05
1.241000000000000000e+03,1.660854832152836025e-05
1.242000000000000000e+03,1.651170896366238594e-05
1.243000000000000000e+03,1.647647331992629915e-05
1.244000000000000000e+03,1.644377152842935175e-05
1.245000000000000000e+03,1.640624941501300782e-05
1.246000000000000000e+03,1.646458440518472344e-05
1.247000000000000000e+03,1.638045978324953467e-05
1.248000000000000000e+03,1.633194005989935249e-05
1.249000000000000000e+03,1.635380431252997369e-05
1.250000000000000000e+03,1.631062150408979505e-05
1.251000000000000000e+03,1.627247002033982426e-05
1.252000000000000000e+03,1.625258119020145386e-05
1.253000000000000000e+03,1.621638875803910196e-05
1.254000000000000000e+03,1.617098496353719383e-05
1.255000000000000000e+03,1.610782055649906397e-05
1.256000000000000000e+03,1.612736195966135710e-05
1.257000000000000000e+03,1.607721605978440493e-05
1.258000000000000000e+03,1.604136377864051610e-05
1.259000000000000000e+03,1.600833093107212335e-05
1.260000000000000000e+03,1.595664070919156075e-05
1.261000000000000000e+03,1.593104389030486345e-05
1.262000000000000000e+03,1.585809513926506042e-05
1.263000000000000000e+03,1.584000528964679688e-05
1.264000000000000000e+03,1.581041215104050934e-05
1.265000000000000000e+03,1.577730472490657121e-05
1.266000000000000000e+03,1.572985638631507754e-05
1.267000000000000000e+03,1.567624167364556342e-05
1.268000000000000000e+03,1.564899685035925359e-05
1.269000000000000000e+03,1.562272518640384078e-05
1.270000000000000000e+03,1.561140743433497846e-05
1.271000000000000000e+03,1.558170879434328526e-05
1.272000000000000000e+03,1.555267044750507921e-05
1.273000000000000000e+03,1.552727735543157905e-05
1.274000000000000000e+03,1.549088665342424065e-05
1.275000000000000000e+03,1.553957736177835613e-05
1.276000000000000000e+03,1.547242391097825021e-05
1.277000000000000000e+03,1.545190207252744585e-05
1.278000000000000000e+03,1.543113285151775926e-05
1.279000000000000000e+03,1.540526318422053009e-05
1.280000000000000000e+03,1.537798561912495643e-05
1.281000000000000000e+03,1.534195325803011656e-05
1.282000000000000000e+03,1.531008638266939670e-05
1.283000000000000000e+03,1.531681300548370928e-05
1.284000000000000000e+03,1.529519431642256677e-05
1.285000000000000000e+03,1.527163476566784084e-05
1.286000000000000000e+03,1.524458184576360509e-05
1.287000000000000000e+03,1.522853108326671645e-05
1.288000000000000000e+03,1.518713088444201276e-05
1.289000000000000000e+03,1.515556414233287796e-05
1.290000000000000000e+03,1.510814763605594635e-05
1.291000000000000000e+03,1.507500292063923553e-05
1.292000000000000000e+03,1.502249506302177906e-05
1.293000000000000000e+03,1.497465382271911949e-05
1.294000000000000000e+03,1.492797582614002749e-05
1.295000000000000000e+03,1.489331134507665411e-05
1.296000000000000000e+03,1.487367717345478013e-05
1.297000000000000000e+03,1.484624863223871216e-05
1.298000000000000000e+03,1.481513936596456915e-05
1.299000000000000000e+03,1.476615670981118456e-05
1.300000000000000000e+03,1.487890949647407979e-05
1.301000000000000000e+03,1.474737564421957359e-05
1.302000000000000000e+03,1.471610357839381322e-05
1.303000000000000000e+03,1.469310518587008119e-05
1.304000000000000000e+03,1.466150752094108611e-05
1.305000000000000000e+03,1.462028467358322814e-05
1.306000000000000000e+03,1.479016646044328809e-05
1.307000000000000000e+03,1.460721614421345294e-05
1.308000000000000000e+03,1.457860798836918548e-05
1.309000000000000000e+03,1.456209702155319974e-05
1.310000000000000000e+03,1.452884953323518857e-05
1.311000000000000000e+03,1.447100021323421970e-05
1.312000000000000000e+03,1.467966103518847376e-05
1.313000000000000000e+03,1.445274392608553171e-05
1.314000000000000000e+03,1.440602227376075462e-05
1.315000000000000000e+03,1.437315950170159340e-05
1.316000000000000000e+03,1.432719545846339315e-05
1.317000000000000000e+03,1.432992485206341371e-05
1.318000000000000000e+03,1.430577322025783360e-05
1.319000000000000000e+03,1.426912876922870055e-05
1.320000000000000000e+03,1.424098627467174083e-05
1.321000000000000000e+03,1.421663182554766536e-05
1.322000000000000000e+03,1.419986165274167433e-05
1.323000000000000000e+03,1.415167116647353396e-05
1.324000000000000000e+03,1.410385266353841871e-05
1.325000000000000000e+03,1.407428953825728968e-05
1.326000000000000000e+03,1.401361714670201764e-05
1.327000000000000000e+03,1.399571192450821400e-05
1.328000000000000000e+03,1.396673633280443028e-05
1.329000000000000000e+03,1.400378005200764164e-05
1.330000000000000000e+03,1.395725939801195636e-05
1.331000000000000000e+03,1.393821821693563834e-05
1.332000000000000000e+03,1.391454225085908547e-05
1.333000000000000000e+03,1.389612589264288545e-05
1.334000000000000000e+03,1.386947587889153510e-05
1.335000000000000000e+03,1.392510694131487980e-05
1.336000000000000000e+03,1.385446466883877292e-05
1.337000000000000000e+03,1.383065864501986653e-05
1.338000000000000000e+03,1.381042329740012065e-05
1.339000000000000000e+03,1.379106015519937500e-05
1.340000000000000000e+03,1.375714418827556074e-05
1.341000000000000000e+03,1.375435567751992494e-05
1.342000000000000000e+03,1.374049224978080019e-05
1.343000000000000000e+03,1.371755479340208694e-05
1.344000000000000000e+03,1.370035079162335023e-05
1.345000000000000000e+03,1.368885932606644928e-05
1.346000000000000000e+03,1.366861488349968567e-05
1.347000000000000000e+03,1.364331546938046813e-05
1.348000000000000000e+03,1.360653914161957800e-05
1.349000000000000000e+03,1.358167719445191324e-05
1.350000000000000000e+03,1.354952746623894200e-05
1.351000000000000000e+03,1.352790332020958886e-05
1.352000000000000000e+03,1.350232923869043589e-05
1.353000000000000000e+03,1.344687370874453336e-05
1.354000000000000000e+03,1.344585143669974059e-05
1.355000000000000000e+03,1.341919596598017961e-05
1.356000000000000000e+03,1.339704704150790349e-05
1.357000000000000000e+03,1.337564117420697585e-05
1.358000000000000000e+03,1.334892476734239608e-05
1.359000000000000000e+03,1.329783481196500361e-05
1.360000000000000000e+03,1.349439935438567773e-05
1.361000000000000000e+03,1.328194139205152169e-05
1.362000000000000000e+03,1.323849119216902182e-05
1.363000000000000000e+03,1.320608134847134352e-05
1.364000000000000000e+03,1.316753514402080327e-05
1.365000000000000000e+03,1.312067797698546201e-05
1.366000000000000000e+03,1.348800924461102113e-05
1.367000000000000000e+03,1.311374944634735584e-05
1.368000000000000000e+03,1.309398430748842657e-05
1.369000000000000000e+03,1.307821548834908754e-05
1.370000000000000000e+03,1.305187925026984885e-05
1.371000000000000000e+03,1.301598240388557315e-05
1.372000000000000000e+03,1.298542429140070453e-05
1.373000000000000000e+03,1.296075697609921917e-05
1.374000000000000000e+03,1.294511093874461949e-05
1.375000000000000000e+03,1.291639819100964814e-05
1.376000000000000000e+03,1.288477142225019634e-05
1.377000000000000000e+03,1.285448342969175428e-05
1.378000000000000000e+03,1.283792880713008344e-05
1.379000000000000000e+03,1.282289667869918048e-05
1.380000000000000000e+03,1.280760170629946515e-05
1.381000000000000000e+03,1.278431136597646400e-05
1.382000000000000000e+03,1.275480099138803780e-05
1.383000000000000000e+03,1.275209797313436866e-05
1.384000000000000000e+03,1.273097132070688531e-05
1.385000000000000000e+03,1.269166023121215403e-05
1.386000000000000000e+03,1.265778519154991955e-05
1.387000000000000000e+03,1.262135992874391377e-05
1.388000000000000000e+03,1.270635129912989214e-05
1.389000000000000000e+03,1.261236411664867774e-05
1.390000000000000000e+03,1.259806413145270199e-05
1.391000000000000000e+03,1.257928033737698570e-05
1.392000000000000000e+03,1.255430015589809045e-05
1.393000000000000000e+03,1.252209585800301284e-05
1.394000000000000000e+03,1.249551678483840078e-05
1.395000000000000000e+03,1.247152431460563093e-05
1.396000000000000000e+03,1.245771454705391079e-05
1.397000000000000000e+03,1.243592669197823852e-05
1.398000000000000000e+03,1.240841720573371276e-05
1.399000000000000000e+03,1.251023422810249031e-05
1.400000000000000000e+03,1.239733319380320609e-05
1.401000000000000000e+03,1.238328968611313030e-05
1.402000000000000000e+03,1.236969274032162502e-05
1.403000000000000000e+03,1.235462877957616001e-05
1.404000000000000000e+03,1.232995691680116579e-05
1.405000000000000000e+03,1.232308477483456954e-05
1.406000000000000000e+03,1.230102952831657603e-05
1.407000000000000000e+03,1.229216013598488644e-05
1.408000000000000000e+03,1.228116252605104819e-05
1.409000000000000000e+03,1.226572203449904919e-05
1.410000000000000000e+03,1.228751443704823032e-05
1.411000000000000000e+03,1.225434880325337872e-05
1.412000000000000000e+03,1.223222352564334869e-05
1.413000000000000000e+03,1.221932234329869971e-05
1.414000000000000000e+03,1.220627018483355641e-05
1.415000000000000000e+03,1.219514615513617173e-05
1.416000000000000000e+03,1.216501641465583816e-05
1.417000000000000000e+03,1.212533425132278353e-05
1.418000000000000000e+03,1.215115025843260810e-05
1.419000000000000000e+03,1.211354538099840283e-05
1.420000000000000000e+03,1.208837966260034591e-05
1.421000000000000000e+03,1.207055265695089474e-05
1.422000000000000000e+03,1.205310672958148643e-05
1.423000000000000000e+03,1.203844021802069619e-05
1.424000000000000000e+03,1.200837687065359205e-05
1.425000000000000000e+03,1.199881080538034439e-05
1.426000000000000000e+03,1.197605615743668750e-05
1.427000000000000000e+03,1.195725053548812866e-05
1.428000000000000000e+03,1.193354455608641729e-05
1.429000000000000000e+03,1.192196305055404082e-05
1.430000000000000000e+03,1.190655984828481451e-05
1.431000000000000000e+03,1.188942496810341254e-05
1.432000000000000000e+03,1.186643385153729469e-05
1.433000000000000000e+03,1.183371841761982068e-05
1.434000000000000000e+03,1.183062795462319627e-05
1.435000000000000000e+03,1.181766219815472141e-05
1.436000000000000000e+03,1.180290473712375388e-05
1.437000000000000000e+03,1.179559512820560485e-05
1.438000000000000000e+03,1.178170623461483046e-05
1.439000000000000000e+03,1.176130899693816900e-05
1.440000000000000000e+03,1.174076624010922387e-05
1.441000000000000000e+03,1.168707149190595374e-05
1.442000000000000000e+03,1.166790752904489636e-05
1.443000000000000000e+03,1.164795321528799832e-05
1.444000000000000000e+03,1.166319816547911614e-05
1.445000000000000000e+03,1.163936121884034947e-05
1.446000000000000000e+03,1.162859371106605977e-05
1.447000000000000000e+03,1.160858118964824826e-05
1.448000000000000000e+03,1.159320891019888222e-05
1.449000000000000000e+03,1.156959660875145346e-05
1.450000000000000000e+03,1.158222676167497411e-05
1.451000000000000000e+03,1.156122198153752834e-05
1.452000000000000000e+03,1.154992423835210502e-05
1.453000000000000000e+03,1.153584707935806364e-05
1.454000000000000000e+03,1.152276126958895475e-05
1.455000000000000000e+03,1.149543459177948534e-05
1.456000000000000000e+03,1.154935671365819871e-05
1.457000000000000000e+03,1.148675528384046629e-05
1.458000000000000000e+03,1.146684371633455157e-05
1.459000000000000000e+03,1.144869202107656747e-05
1.460000000000000000e+03,1.141500888479640707e-05
1.461000000000000000e+03,1.138201514550019056e-05
1.462000000000000000e+03,1.135510046879062429e-05
1.463000000000000000e+03,1.133855585067067295e-05
1.464000000000000000e+03,1.132368106482317671e-05
1.465000000000000000e+03,1.130672353610862046e-05
1.466000000000000000e+03,1.128603616962209344e-05
1.467000000000000000e+03,1.127437644754536450e-05
1.468000000000000000e+03,1.124068785429699346e-05
1.469000000000000000e+03,1.123237871070159599e-05
1.470000000000000000e+03,1.121200875786598772e-05
1.471000000000000000e+03,1.119072749133920297e-05
1.472000000000000000e+03,1.116903604270191863e-05
1.473000000000000000e+03,1.115546820074087009e-05
1.474000000000000000e+03,1.114553106162929907e-05
1.475000000000000000e+03,1.113633061322616413e-05
1.476000000000000000e+03,1.112546942749759182e-05
1.477000000000000000e+03,1.110199627873953432e-05
1.478000000000000000e+03,1.109033928514691070e-05
1.479000000000000000e+03,1.108546257455600426e-05
1.480000000000000000e+03,1.106624949898105115e-05
1.481000000000000000e+03,1.106137824535835534e-05
1.482000000000000000e+03,1.104882812796859071e-05
1.483000000000000000e+03,1.102946680475724861e-05
1.484000000000000000e+03,1.101341149478685111e-05
1.485000000000000000e+03,1.100009831134229898e-05
1.486000000000000000e+03,1.098508346331072971e-05
1.487000000000000000e+03,1.097408130590338260e-05
1.488000000000000000e+03,1.095830793929053470e-05
1.489000000000000000e+03,1.093527498596813530e-05
1.490000000000000000e+03,1.092173351935343817e-05
1.491000000000000000e+03,1.091631929739378393e-05
1.492000000000000000e+03,1.090881050913594663e-05
1.493000000000000000e+03,1.089725083147641271e-05
1.494000000000000000e+03,1.088295994122745469e-05
1.495000000000000000e+03,1.086161864805035293e-05
1.496000000000000000e+03,1.089975648937979713e-05
1.497000000000000000e+03,1.085303574654972181e-05
1.498000000000000000e+03,1.083381630451185629e-05
1.499000000000000000e+03,1.082095059246057644e-05
1.500000000000000000e+03,1.080933816410833970e-05
1.501000000000000000e+03,1.079815137927653268e-05
1.502000000000000000e+03,1.078677996702026576e-05
1.503000000000000000e+03,1.076845273928483948e-05
1.504000000000000000e+03,1.076030730473576114e-05
1.505000000000000000e+03,1.077294655260629952e-05
1.506000000000000000e+03,1.075385625881608576e-05
1.507000000000000000e+03,1.074276860890677199e-05
1.508000000000000000e+03,1.073329713108250871e-05
1.509000000000000000e+03,1.070758389687398449e-05
1.510000000000000000e+03,1.068177971319528297e-05
1.511000000000000000e+03,1.067333414539461955e-05
1.512000000000000000e+03,1.064192747435299680e-05
1.513000000000000000e+03,1.063228592101950198e-05
1.514000000000000000e+03,1.065870856109540910e-05
1.515000000000000000e+03,1.062510273186489940e-05
1.516000000000000000e+03,1.061517014022683725e-05
1.517000000000000000e+03,1.060231170413317159e-05
1.518000000000000000e+03,1.059282749338308349e-05
1.519000000000000000e+03,1.057873214449500665e-05
1.520000000000000000e+03,1.057896042766515166e-05
1.521000000000000000e+03,1.057114877767162398e-05
1.522000000000000000e+03,1.055701795849017799e-05
1.523000000000000000e+03,1.054413132806075737e-05
1.524000000000000000e+03,1.053136111295316368e-05
1.525000000000000000e+03,1.051570143317803741e-05
1.526000000000000000e+03,1.050899663823656738e-05
1.527000000000000000e+03,1.049346701620379463e-05
1.528000000000000000e+03,1.048709145834436640e-05
1.529000000000000000e+03,1.047563546308083460e-05
1.530000000000000000e+03,1.046748275257414207e-05
1.531000000000000000e+03,1.045595672621857375e-05
1.532000000000000000e+03,1.044810596795286983e-05
1.533000000000000000e+03,1.043572319758823141e-05
1.534000000000000000e+03,1.041084851749474183e-05
1.535000000000000000e+03,1.045772387442411855e-05
1.536000000000000000e+03,1.040169263433199376e-05
1.537000000000000000e+03,1.038827576849143952e-05
1.538000000000000000e+03,1.037691799865569919e-05
1.539000000000000000e+03,1.036881985783111304e-05
1.540000000000000000e+03,1.035173863783711568e-05
1.541000000000000000e+03,1.033116132020950317e-05
1.542000000000000000e+03,1.030481871566735208e-05
1.543000000000000000e+03,1.027975758915999904e-05
1.544000000000000000e+03,1.025661367748398334e-05
1.545000000000000000e+03,1.024369521474000067e-05
1.546000000000000000e+03,1.022947617457248271e-05
1.547000000000000000e+03,1.021179832605412230e-05
1.548000000000000000e+03,1.019858700601616874e-05
1.549000000000000000e+03,1.017140584735898301e-05
1.550000000000000000e+03,1.014869940263452008e-05
1.551000000000000000e+03,1.012941083899931982e-05
1.552000000000000000e+03,1.010817140922881663e-05
1.553000000000000000e+03,1.009090465231565759e-05
1.554000000000000000e+03,1.006425918603781611e-05
1.555000000000000000e+03,1.005422200250905007e-05
1.556000000000000000e+03,1.002840963337803259e-05
1.557000000000000000e+03,1.001590680971276015e-05
1.558000000000000000e+03,1.000285283225821331e-05
1.559000000000000000e+03,9.991024853661656380e-06
1.560000000000000000e+03,9.981693438021466136e-06
1.561000000000000000e+03,9.968700396711938083e-06
1.562000000000000000e+03,9.958778719010297209e-06
1.563000000000000000e+03,9.947756552719511092e-06
1.564000000000000000e+03,9.933512046700343490e-06
1.565000000000000000e+03,9.920945558405946940e-06
1.566000000000000000e+03,9.894845788949169219e-06
1.567000000000000000e+03,9.902181773213669658e-06
1.568000000000000000e+03,9.881438018055632710e-06
1.569000000000000000e+03,9.863655577646568418e-06
1.570000000000000000e+03,9.855343705567065626e-06
1.571000000000000000e+03,9.842277904681395739e-06
1.572000000000000000e+03,9.836529898166190833e-06
1.573000000000000000e+03,9.828595466387923807e-06
1.574000000000000000e+03,9.817934369493741542e-06
1.575000000000000000e+03,9.794670404517091811e-06
1.576000000000000000e+03,9.820593732001725584e-06
1.577000000000000000e+03,9.786846931092441082e-06
1.578000000000000000e+03,9.776115803106222302e-06
1.579000000000000000e+03,9.764082278707064688e-06
1.580000000000000000e+03,9.752618097991216928e-06
1.581000000000000000e+03,9.728662917041219771e-06
1.582000000000000000e+03,9.727085853228345513e-06
1.583000000000000000e+03,9.716189197206404060e-06
1.584000000000000000e+03,9.696262168290559202e-06
1.585000000000000000e+03,9.683602002041880041e-06
1.586000000000000000e+03,9.670178769738413393e-06
1.587000000000000000e+03,9.714658517623320222e-06
1.588000000000000000e+03,9.663577657192945480e-06
1.589000000000000000e+03,9.654568202677182853e-06
1.590000000000000000e+03,9.640528332965914160e-06
1.591000000000000000e+03,9.633490662963595241e-06
1.592000000000000000e+03,9.624014637665823102e-06
1.593000000000000000e+03,9.618814146961085498e-06
1.594000000000000000e+03,9.611535460862796754e-06
1.595000000000000000e+03,9.607413630874361843e-06
1.596000000000000000e+03,9.603789294487796724e-06
1.597000000000000000e+03,9.594766197551507503e-06
1.598000000000000000e+03,9.574282557878177613e-06
1.599000000000000000e+03,9.563235835230443627e-06
1.600000000000000000e+03,9.546346518618520349e-06
1.601000000000000000e+03,9.537879122945014387e-06
1.602000000000000000e+03,9.527893780614249408e-06
1.603000000000000000e+03,9.558618330629542470e-06
1.604000000000000000e+03,9.524196684651542455e-06
1.605000000000000000e+03,9.517824764770921320e-06
1.606000000000000000e+03,9.508893526799511164e-06
1.607000000000000000e+03,9.494695405010133982e-06
1.608000000000000000e+03,9.480972948949784040e-06
1.609000000000000000e+03,9.465008588449563831e-06
1.610000000000000000e+03,9.450051948078908026e-06
1.611000000000000000e+03,9.438185770704876631e-06
1.612000000000000000e+03,9.424875315744429827e-06
1.613000000000000000e+03,9.402096111443825066e-06
1.614000000000000000e+03,9.385364137415308505e-06
1.615000000000000000e+03,9.372477506985887885e-06
1.616000000000000000e+03,9.362740456708706915e-06
1.617000000000000000e+03,9.354461326438467950e-06
1.618000000000000000e+03,9.344899808638729155e-06
1.619000000000000000e+03,9.336598850495647639e-06
1.620000000000000000e+03,9.325636710855178535e-06
1.621000000000000000e+03,9.320767276221886277e-06
1.622000000000000000e+03,9.307119398727081716e-06
1.623000000000000000e+03,9.294258234149310738e-06
1.624000000000000000e+03,9.289027730119414628e-06
1.625000000000000000e+03,9.275594493374228477e-06
1.626000000000000000e+03,9.271462658944074064e-06
1.627000000000000000e+03,9.266756023862399161e-06
1.628000000000000000e+03,9.259748367185238749e-06
1.629000000000000000e+03,9.249102731700986624e-06
1.630000000000000000e+03,9.239315659215208143e-06
1.631000000000000000e+03,9.232266165781766176e-06
1.632000000000000000e+03,9.224958375853020698e-06
1.633000000000000000e+03,9.218992090609390289e-06
1.634000000000000000e+03,9.212752956955228001e-06
1.635000000000000000e+03,9.200727618008386344e-06
1.636000000000000000e+03,9.192435754812322557e-06
1.637000000000000000e+03,9.177452739095315337e-06
1.638000000000000000e+03,9.168616998067591339e-06
1.639000000000000000e+03,9.155265615845564753e-06
1.640000000000000000e+03,9.136935659626033157e-06
1.641000000000000000e+03,9.126193617703393102e-06
1.642000000000000000e+03,9.112559382629115134e-06
1.643000000000000000e+03,9.105668141273781657e-06
1.644000000000000000e+03,9.099140697799157351e-06
1.645000000000000000e+03,9.081043572223279625e-06
1.646000000000000000e+03,9.179869266517926008e-06
1.647000000000000000e+03,9.076809874386526644e-06
1.648000000000000000e+03,9.066273378266487271e-06
1.649000000000000000e+03,9.056633643922396004e-06
1.650000000000000000e+03,9.044854778039734811e-06
1.651000000000000000e+03,9.032462912728078663e-06
1.652000000000000000e+03,9.017878255690447986e-06
1.653000000000000000e+03,8.998497833090368658e-06
1.654000000000000000e+03,8.989143680082634091e-06
1.655000000000000000e+03,9.008248525788076222e-06
1.656000000000000000e+03,8.980806342151481658e-06
1.657000000000000000e+03,8.969475857156794518e-06
1.658000000000000000e+03,8.961652383732143790e-06
1.659000000000000000e+03,8.956309102359227836e-06
1.660000000000000000e+03,8.941707164922263473e-06
1.661000000000000000e+03,8.923199857235886157e-06
1.662000000000000000e+03,8.918083949538413435e-06
1.663000000000000000e+03,8.891482139006257057e-06
1.664000000000000000e+03,8.882088877726346254e-06
1.665000000000000000e+03,8.870095371094066650e-06
1.666000000000000000e+03,8.857958164298906922e-06
1.667000000000000000e+03,8.846488526614848524e-06
1.668000000000000000e+03,8.834561413095798343e-06
1.669000000000000000e+03,8.827509191178251058e-06
1.670000000000000000e+03,8.817517482384573668e-06
1.671000000000000000e+03,8.839696420182008296e-06
1.672000000000000000e+03,8.813357453618664294e-06
1.673000000000000000e+03,8.804277968010865152e-06
1.674000000000000000e+03,8.796768270258326083e-06
1.675000000000000000e+03,8.784127203398384154e-06
1.676000000000000000e+03,8.787989827396813780e-06
1.677000000000000000e+03,8.777568837103899568e-06
1.678000000000000000e+03,8.767769941186998039e-06
1.679000000000000000e+03,8.757298928685486317e-06
1.680000000000000000e+03,8.749912012717686594e-06
1.681000000000000000e+03,8.736998097447212785e-06
1.682000000000000000e+03,8.746204912313260138e-06
1.683000000000000000e+03,8.731090929359197617e-06
1.684000000000000000e+03,8.721985068405047059e-06
1.685000000000000000e+03,8.715859621588606387e-06
1.686000000000000000e+03,8.706546395842451602e-06
1.687000000000000000e+03,8.692225492268335074e-06
1.688000000000000000e+03,8.783774319454096258e-06
1.689000000000000000e+03,8.689389687788207084e-06
1.690000000000000000e+03,8.681109648023266345e-06
1.691000000000000000e+03,8.674189302837476134e-06
1.692000000000000000e+03,8.663715561851859093e-06
1.693000000000000000e+03,8.650373274576850235e-06
1.694000000000000000e+03,8.643149158160667866e-06
1.695000000000000000e+03,8.625847840448841453e-06
1.696000000000000000e+03,8.619755135441664606e-06
1.697000000000000000e+03,8.611274097347632051e-06
1.698000000000000000e+03,8.600332876085303724e-06
1.699000000000000000e+03,8.587690899730660021e-06
1.700000000000000000e+03,8.574700586905237287e-06
1.701000000000000000e+03,8.566554242861457169e-06
1.702000000000000000e+03,8.557472938264254481e-06
1.703000000000000000e+03,8.542034265701659024e-06
1.704000000000000000e+03,8.584966963098850101e-06
1.705000000000000000e+03,8.537447683920618147e-06
1.706000000000000000e+03,8.522482858097646385e-06
1.707000000000000000e+03,8.507708116667345166e-06
1.708000000000000000e+03,8.495336260239128023e-06
1.709000000000000000e+03,8.487042578053660691e-06
1.710000000000000000e+03,8.472959962091408670e-06
1.711000000000000000e+03,8.490871550748124719e-06
1.712000000000000000e+03,8.466958206554409117e-06
1.713000000000000000e+03,8.455405804852489382e-06
1.714000000000000000e+03,8.448258995485957712e-06
1.715000000000000000e+03,8.452587280771695077e-06
1.716000000000000000e+03,8.444555533060338348e-06
1.717000000000000000e+03,8.438980330538470298e-06
1.718000000000000000e+03,8.429099580098409206e-06
1.719000000000000000e+03,8.419973710260819644e-06
1.720000000000000000e+03,8.410030204686336219e-06
1.721000000000000000e+03,8.397735655307769775e-06
1.722000000000000000e+03,8.391135452257003635e-06
1.723000000000000000e+03,8.383409294765442610e-06
1.724000000000000000e+03,8.378695383726153523e-06
1.725000000000000000e+03,8.370624527742620558e-06
1.726000000000000000e+03,8.362120752281043679e-06
1.727000000000000000e+03,8.350019015779253095e-06
1.728000000000000000e+03,8.343818990397267044e-06
1.729000000000000000e+03,8.338612133229617029e-06
1.730000000000000000e+03,8.340099157067015767e-06
1.731000000000000000e+03,8.335257007274776697e-06
1.732000000000000000e+03,8.331743629241827875e-06
1.733000000000000000e+03,8.315816558024380356e-06
1.734000000000000000e+03,8.309165423270314932e-06
1.735000000000000000e+03,8.296141459140926600e-06
1.736000000000000000e+03,8.289230208902154118e-06
1.737000000000000000e+03,8.282410817628260702e-06
1.738000000000000000e+03,8.278472705569583923e-06
1.739000000000000000e+03,8.273258572444319725e-06
1.740000000000000000e+03,8.267931661976035684e-06
1.741000000000000000e+03,8.260028153017628938e-06
1.742000000000000000e+03,8.255215107055846602e-06
1.743000000000000000e+03,8.247381629189476371e-06
1.744000000000000000e+03,8.237996553361881524e-06
1.745000000000000000e+03,8.237891051976475865e-06
1.746000000000000000e+03,8.231430001615080982e-06
1.747000000000000000e+03,8.219249139074236155e-06
1.748000000000000000e+03,8.211876775021664798e-06
1.749000000000000000e+03,8.204879122786223888e-06
1.750000000000000000e+03,8.196641829272266477e-06
1.751000000000000000e+03,8.181549674191046506e-06
1.752000000000000000e+03,8.203032848541624844e-06
1.753000000000000000e+03,8.174087270162999630e-06
1.754000000000000000e+03,8.163240636349655688e-06
1.755000000000000000e+03,8.154893293976783752e-06
1.756000000000000000e+03,8.146594154823105782e-06
1.757000000000000000e+03,8.139432793541345745e-06
1.758000000000000000e+03,8.127562068693805486e-06
1.759000000000000000e+03,8.121562132146209478e-06
1.760000000000000000e+03,8.116539902403019369e-06
1.761000000000000000e+03,8.109873306239023805e-06
1.762000000000000000e+03,8.121497558022383600e-06
1.763000000000000000e+03,8.105040251393802464e-06
1.764000000000000000e+03,8.098257239907979965e-06
1.765000000000000000e+03,8.093496035144198686e-06
1.766000000000000000e+03,8.082384738372638822e-06
1.767000000000000000e+03,8.070592230069451034e-06
1.768000000000000000e+03,8.074763172771781683e-06
1.769000000000000000e+03,8.061698281380813569e-06
1.770000000000000000e+03,8.052474186115432531e-06
1.771000000000000000e+03,8.045998583838809282e-06
1.772000000000000000e+03,8.040122338570654392e-06
1.773000000000000000e+03,8.036578037717845291e-06
1.774000000000000000e+03,8.032241566979791969e-06
1.775000000000000000e+03,8.024956514418590814e-06
1.776000000000000000e+03,8.017666004889179021e-06
1.777000000000000000e+03,8.002191862033214420e-06
1.778000000000000000e+03,7.988281140569597483e-06
1.779000000000000000e+03,7.970792466949205846e-06
1.780000000000000000e+03,7.957773959788028151e-06
1.781000000000000000e+03,7.949165592435747385e-06
1.782000000000000000e+03,7.938767339510377496e-06
1.783000000000000000e+03,7.925916179374326020e-06
1.784000000000000000e+03,7.916404683783184737e-06
1.785000000000000000e+03,7.908018233138136566e-06
1.786000000000000000e+03,7.898883268353529274e-06
1.787000000000000000e+03,7.887652827776037157e-06
1.788000000000000000e+03,7.884188562456984073e-06
1.789000000000000000e+03,7.877826647018082440e-06
1.790000000000000000e+03,7.866741725592873991e-06
1.791000000000000000e+03,7.856223419366870075e-06
1.792000000000000000e+03,7.843430466891732067e-06
1.793000000000000000e+03,7.836541954020503908e-06
1.794000000000000000e+03,7.828956768207717687e-06
1.795000000000000000e+03,7.831781658751424402e-06
1.796000000000000000e+03,7.824064596206881106e-06
1.797000000000000000e+03,7.816059223841875792e-06
1.798000000000000000e+03,7.808971531630959362e-06
1.799000000000000000e+03,7.800248567946255207e-06
1.800000000000000000e+03,7.791686584823764861e-06
1.801000000000000000e+03,7.781981366861145943e-06
1.802000000000000000e+03,7.774348887323867530e-06
1.803000000000000000e+03,7.764511792629491538e-06
1.804000000000000000e+03,7.760592779959551990e-06
1.805000000000000000e+03,7.756831109873019159e-06
1.806000000000000000e+03,7.752832061669323593e-06
1.807000000000000000e+03,7.745128641545306891e-06
1.808000000000000000e+03,7.733772690698970109e-06
1.809000000000000000e+03,7.743029527773614973e-06
1.810000000000000000e+03,7.725660907453857362e-06
1.811000000000000000e+03,7.712411388638429344e-06
1.812000000000000000e+03,7.702678885834757239e-06
1.813000000000000000e+03,7.694360647292342037e-06
1.814000000000000000e+03,7.690126949455589056e-06
1.815000000000000000e+03,7.684373485972173512e-06
1.816000000000000000e+03,7.680808266741223633e-06
1.817000000000000000e+03,7.675446795474272221e-06
1.818000000000000000e+03,7.670477316423784941e-06
1.819000000000000000e+03,7.659350558242294937e-06
1.820000000000000000e+03,7.655234185222070664e-06
1.821000000000000000e+03,7.648113751201890409e-06
1.822000000000000000e+03,7.639018804184161127e-06
1.823000000000000000e+03,7.626810656802263111e-06
1.824000000000000000e+03,7.617311894136946648e-06
1.825000000000000000e+03,7.610352440678980201e-06
1.826000000000000000e+03,7.602260211569955572e-06
1.827000000000000000e+03,7.609297881572274491e-06
1.828000000000000000e+03,7.599829132232116535e-06
1.829000000000000000e+03,7.594635462737642229e-06
1.830000000000000000e+03,7.585370440210681409e-06
1.831000000000000000e+03,7.581204954476561397e-06
1.832000000000000000e+03,7.576034022349631414e-06
1.833000000000000000e+03,7.570718025817768648e-06
1.834000000000000000e+03,7.562531664007110521e-06
1.835000000000000000e+03,7.554704552603652701e-06
1.836000000000000000e+03,7.548907433374552056e-06
1.837000000000000000e+03,7.539371381426462904e-06
1.838000000000000000e+03,7.549986094090854749e-06
1.839000000000000000e+03,7.535062650276813656e-06
1.840000000000000000e+03,7.526210083597106859e-06
1.841000000000000000e+03,7.519427072111284360e-06
1.842000000000000000e+03,7.511810963478637859e-06
1.843000000000000000e+03,7.537276360380928963e-06
1.844000000000000000e+03,7.509524948545731604e-06
1.845000000000000000e+03,7.506610472773900256e-06
1.846000000000000000e+03,7.502459084207657725e-06
1.847000000000000000e+03,7.497329988837009296e-06
1.848000000000000000e+03,7.487560651497915387e-06
1.849000000000000000e+03,7.513865966757293791e-06
1.850000000000000000e+03,7.484019533876562491e-06
1.851000000000000000e+03,7.476454356947215274e-06
1.852000000000000000e+03,7.470613581972429529e-06
1.853000000000000000e+03,7.467156592610990629e-06
1.854000000000000000e+03,7.466408533218782395e-06
1.855000000000000000e+03,7.460304914275184274e-06
1.856000000000000000e+03,7.456663297489285469e-06
1.857000000000000000e+03,7.453024409187491983e-06
1.858000000000000000e+03,7.448750693583860993e-06
1.859000000000000000e+03,7.438409284077351913e-06
1.860000000000000000e+03,7.454113074345514178e-06
1.861000000000000000e+03,7.433739483531098813e-06
1.862000000000000000e+03,7.428051503666210920e-06
1.863000000000000000e+03,7.424885552609339356e-06
1.864000000000000000e+03,7.422368071274831891e-06
1.865000000000000000e+03,7.413651019305689260e-06
1.866000000000000000e+03,7.399930836982093751e-06
1.867000000000000000e+03,7.405851647490635514e-06
1.868000000000000000e+03,7.393468877125997096e-06
1.869000000000000000e+03,7.382991043414222077e-06
1.870000000000000000e+03,7.377275778708280995e-06
1.871000000000000000e+03,7.370811545115429908e-06
1.872000000000000000e+03,7.373572771030012518e-06
1.873000000000000000e+03,7.366626050497870892e-06
1.874000000000000000e+03,7.360149993473896757e-06
1.875000000000000000e+03,7.353808086918434128e-06
1.876000000000000000e+03,7.344464847847120836e-06
1.877000000000000000e+03,7.349814495682949200e-06
1.878000000000000000e+03,7.340224783547455445e-06
1.879000000000000000e+03,7.331874257943127304e-06
1.880000000000000000e+03,7.326503236981807277e-06
1.881000000000000000e+03,7.318054031202336773e-06
1.882000000000000000e+03,7.310359251277986914e-06
1.883000000000000000e+03,7.302338417503051460e-06
1.884000000000000000e+03,7.294178885786095634e-06
1.885000000000000000e+03,7.289382210728945211e-06
1.886000000000000000e+03,7.285792435141047463e-06
1.887000000000000000e+03,7.280994850589195266e-06
1.888000000000000000e+03,7.277181794052012265e-06
1.889000000000000000e+03,7.274187282746424899e-06
1.890000000000000000e+03,7.266475222422741354e-06
1.891000000000000000e+03,7.263695351866772398e-06
1.892000000000000000e+03,7.251821443787775934e-06
1.893000000000000000e+03,7.245737833727616817e-06
1.894000000000000000e+03,7.239836577355163172e-06
1.895000000000000000e+03,7.229621587612200528e-06
1.896000000000000000e+03,7.224396540550515056e-06
1.897000000000000000e+03,7.219052349682897329e-06
1.898000000000000000e+03,7.213388926174957305e-06
1.899000000000000000e+03,7.212595846795011312e-06
1.900000000000000000e+03,7.208512670331401750e-06
1.901000000000000000e+03,7.202071174106094986e-06
1.902000000000000000e+03,7.197648301371373236e-06
1.903000000000000000e+03,7.194150839495705441e-06
1.904000000000000000e+03,7.191634722403250635e-06
1.905000000000000000e+03,7.182808076322544366e-06
1.906000000000000000e+03,7.174041911639505997e-06
1.907000000000000000e+03,7.169454420363763347e-06
1.908000000000000000e+03,7.158738299040123820e-06
1.909000000000000000e+03,7.153600563469808549e-06
1.910000000000000000e+03,7.144220035115722567e-06
1.911000000000000000e+03,7.133928647817810997e-06
1.912000000000000000e+03,7.149830253183608875e-06
1.913000000000000000e+03,7.129753157641971484e-06
1.914000000000000000e+03,7.122711849660845473e-06
1.915000000000000000e+03,7.115021162462653592e-06
1.916000000000000000e+03,7.107955298124579713e-06
1.917000000000000000e+03,7.094055490597384050e-06
1.918000000000000000e+03,7.259935955516993999e-06
1.919000000000000000e+03,7.091812221915461123e-06
1.920000000000000000e+03,7.080628620315110311e-06
1.921000000000000000e+03,7.071769232425140217e-06
1.922000000000000000e+03,7.064287274261005223e-06
1.923000000000000000e+03,7.056389677018160000e-06
1.924000000000000000e+03,7.045129677862860262e-06
1.925000000000000000e+03,7.040966920612845570e-06
1.926000000000000000e+03,7.032269422779791057e-06
1.927000000000000000e+03,7.027833817119244486e-06
1.928000000000000000e+03,7.022602858341997489e-06
1.929000000000000000e+03,7.014913080638507381e-06
1.930000000000000000e+03,7.008972715993877500e-06
1.931000000000000000e+03,6.999599918344756588e-06
1.932000000000000000e+03,6.992045200604479760e-06
1.933000000000000000e+03,6.989023859205190092e-06
1.934000000000000000e+03,6.978608780627837405e-06
1.935000000000000000e+03,6.978570581850362942e-06
1.936000000000000000e+03,6.973518338782014325e-06
1.937000000000000000e+03,6.968164598220027983e-06
1.938000000000000000e+03,6.962989118619589135e-06
1.939000000000000000e+03,6.956384368095314130e-06
1.940000000000000000e+03,6.950341230549383909e-06
1.941000000000000000e+03,6.937321359146153554e-06
1.942000000000000000e+03,6.932528322067810223e-06
1.943000000000000000e+03,6.928606126166414469e-06
1.944000000000000000e+03,6.922904958628350869e-06
1.945000000000000000e+03,6.913694960530847311e-06
1.946000000000000000e+03,6.902044788148486987e-06
1.947000000000000000e+03,6.891709745104890317e-06
1.948000000000000000e+03,6.883422884129686281e-06
1.949000000000000000e+03,6.873775873827980831e-06
1.950000000000000000e+03,6.857682819827459753e-06
1.951000000000000000e+03,6.839119578216923401e-06
1.952000000000000000e+03,6.823854164395015687e-06
1.953000000000000000e+03,6.809606475144391879e-06
1.954000000000000000e+03,6.808668331359513104e-06
1.955000000000000000e+03,6.802976258768467233e-06
1.956000000000000000e+03,6.794345154048642144e-06
1.957000000000000000e+03,6.782421678508399054e-06
1.958000000000000000e+03,6.775760084565263242e-06
1.959000000000000000e+03,6.769681931473314762e-06
1.960000000000000000e+03,6.765636953787179664e-06
1.961000000000000000e+03,6.763397777831414714e-06
1.962000000000000000e+03,6.760334144928492606e-06
1.963000000000000000e+03,6.756584298273082823e-06
1.964000000000000000e+03,6.748496616637567058e-06
1.965000000000000000e+03,6.741404376953141764e-06
1.966000000000000000e+03,6.736578143318183720e-06
1.967000000000000000e+03,6.731928806402720511e-06
1.968000000000000000e+03,6.729034339514328167e-06
1.969000000000000000e+03,6.724970262439455837e-06
1.970000000000000000e+03,6.718811619066400453e-06
1.971000000000000000e+03,6.711622518196236342e-06
1.972000000000000000e+03,6.697291155433049425e-06
1.973000000000000000e+03,6.928101811354281381e-06
1.974000000000000000e+03,6.695726369798649102e-06
1.975000000000000000e+03,6.686408141831634566e-06
1.976000000000000000e+03,6.678346380795119330e-06
1.977000000000000000e+03,6.672637937299441546e-06
1.978000000000000000e+03,6.665710316156037152e-06
1.979000000000000000e+03,6.657057838310720399e-06
1.980000000000000000e+03,6.651081093878019601e-06
1.981000000000000000e+03,6.644866516580805182e-06
1.982000000000000000e+03,6.638515060330973938e-06
1.983000000000000000e+03,6.629060408158693463e-06
1.984000000000000000e+03,6.617746294068638235e-06
1.985000000000000000e+03,6.614053290832089260e-06
1.986000000000000000e+03,6.607687282667029649e-06
1.987000000000000000e+03,6.604705959034617990e-06
1.988000000000000000e+03,6.598711024707881734e-06
1.989000000000000000e+03,6.591920737264445052e-06
1.990000000000000000e+03,6.606122042285278440e-06
1.991000000000000000e+03,6.589209988305810839e-06
1.992000000000000000e+03,6.583058620890369639e-06
1.993000000000000000e+03,6.579871296708006412e-06
1.994000000000000000e+03,6.575556199095444754e-06
1.995000000000000000e+03,6.570298864971846342e-06
1.996000000000000000e+03,6.568415301444474608e-06
1.997000000000000000e+03,6.559293069585692137e-06
1.998000000000000000e+03,6.555893378390464932e-06
1.999000000000000000e+03,6.549368663399945945e-06
2.000000000000000000e+03,6.541985385410953313e-06
2.001000000000000000e+03,6.537383796967333183e-06
2.002000000000000000e+03,6.527895493491087109e-06
2.003000000000000000e+03,6.516155735880602151e-06
2.004000000000000000e+03,6.514157576020807028e-06
2.005000000000000000e+03,6.499852133856620640e-06
2.006000000000000000e+03,6.494827630376676098e-06
2.007000000000000000e+03,6.485307039838517085e-06
2.008000000000000000e+03,6.474126166722271591e-06
2.009000000000000000e+03,6.461682005465263501e-06
2.010000000000000000e+03,6.452593424910446629e-06
2.011000000000000000e+03,6.441074674512492493e-06
2.012000000000000000e+03,6.437064712372375652e-06
2.013000000000000000e+03,6.433255293813999742e-06
2.014000000000000000e+03,6.429489076253958046e-06
2.015000000000000000e+03,6.424406819860450923e-06
2.016000000000000000e+03,6.413546998373931274e-06
2.017000000000000000e+03,6.405296971934149042e-06
2.018000000000000000e+03,6.398709956556558609e-06
2.019000000000000000e+03,6.404034593288088217e-06
2.020000000000000000e+03,6.395854143192991614e-06
2.021000000000000000e+03,6.392668183252681047e-06
2.022000000000000000e+03,6.387431767507223412e-06
2.023000000000000000e+03,6.382309038599487394e-06
2.024000000000000000e+03,6.373596079356502742e-06
2.025000000000000000e+03,6.379967999237123877e-06
2.026000000000000000e+03,6.370366918417857960e-06
2.027000000000000000e+03,6.363774900819407776e-06
2.028000000000000000e+03,6.355519417411414906e-06
2.029000000000000000e+03,6.345916517602745444e-06
2.030000000000000000e+03,6.338840194075601175e-06
2.031000000000000000e+03,6.333808414638042450e-06
2.032000000000000000e+03,6.327536539174616337e-06
2.033000000000000000e+03,6.314603069768054411e-06
2.034000000000000000e+03,6.315964583336608484e-06
2.035000000000000000e+03,6.309012405836256221e-06
2.036000000000000000e+03,6.303198460955172777e-06
2.037000000000000000e+03,6.297576419456163421e-06
2.038000000000000000e+03,6.293173100857529789e-06
2.039000000000000000e+03,6.288164058787515387e-06
2.040000000000000000e+03,6.283989023359026760e-06
2.041000000000000000e+03,6.276626663748174906e-06
2.042000000000000000e+03,6.260730515350587666e-06
2.043000000000000000e+03,6.542723440361442044e-06
2.044000000000000000e+03,6.257140739762689918e-06
2.045000000000000000e+03,6.247478722798405215e-06
2.046000000000000000e+03,6.241687060537515208e-06
2.047000000000000000e+03,6.235798537090886384e-06
2.048000000000000000e+03,6.230623057490447536e-06
2.049000000000000000e+03,6.221965122676920146e-06
2.050000000000000000e+03,6.215382200025487691e-06
2.051000000000000000e+03,6.210684205143479630e-06
2.052000000000000000e+03,6.203157681738957763e-06
2.053000000000000000e+03,6.188953648234019056e-06
2.054000000000000000e+03,6.227089670574059710e-06
2.055000000000000000e+03,6.185324309626594186e-06
2.056000000000000000e+03,6.179166575748240575e-06
2.057000000000000000e+03,6.174846021167468280e-06
2.058000000000000000e+03,6.170375854708254337e-06
2.059000000000000000e+03,6.162302724987966940e-06
2.060000000000000000e+03,6.150123681436525658e-06
2.061000000000000000e+03,6.139289780549006537e-06
2.062000000000000000e+03,6.132991529739229009e-06
2.063000000000000000e+03,6.128042514319531620e-06
2.064000000000000000e+03,6.122121703810989857e-06
2.065000000000000000e+03,6.115356427471851930e-06
2.066000000000000000e+03,6.106671207817271352e-06
2.067000000000000000e+03,6.097412097005872056e-06
2.068000000000000000e+03,6.086188477638643235e-06
2.069000000000000000e+03,6.078941169107565656e-06
2.070000000000000000e+03,6.074582415749318898e-06
2.071000000000000000e+03,6.077148100303020328e-06
2.072000000000000000e+03,6.072267751733306795e-06
2.073000000000000000e+03,6.069541541364742443e-06
2.074000000000000000e+03,6.061367912479909137e-06
2.075000000000000000e+03,6.057357950339792296e-06
2.076000000000000000e+03,6.046633643563836813e-06
2.077000000000000000e+03,6.054618097550701350e-06
2.078000000000000000e+03,6.041415872459765524e-06
2.079000000000000000e+03,6.038045285094995052e-06
2.080000000000000000e+03,6.032015335222240537e-06
2.081000000000000000e+03,6.021413810231024399e-06
2.082000000000000000e+03,6.042113909643376246e-06
2.083000000000000000e+03,6.019291504344437271e-06
2.084000000000000000e+03,6.012900030327728018e-06
2.085000000000000000e+03,6.007926913298433647e-06
2.086000000000000000e+03,6.002787358738714829e-06
2.087000000000000000e+03,6.013020083628362045e-06
2.088000000000000000e+03,6.001001565891783684e-06
2.089000000000000000e+03,5.998428150633117184e-06
2.090000000000000000e+03,5.994220828142715618e-06
2.091000000000000000e+03,5.990480076434323564e-06
2.092000000000000000e+03,5.980714377074036747e-06
2.093000000000000000e+03,5.999956556479446590e-06
2.094000000000000000e+03,5.976969532639486715e-06
2.095000000000000000e+03,5.968519872112665325e-06
2.096000000000000000e+03,5.962546310911420733e-06
2.097000000000000000e+03,5.963600415270775557e-06
2.098000000000000000e+03,5.959299869573442265e-06
2.099000000000000000e+03,5.953684194537345320e-06
2.100000000000000000e+03,5.947141289652790874e-06
2.101000000000000000e+03,5.940102255408419296e-06
2.102000000000000000e+03,5.933061402174644172e-06
2.103000000000000000e+03,5.922013770032208413e-06
2.104000000000000000e+03,5.971027349005453289e-06
2.105000000000000000e+03,5.919754585193004459e-06
2.106000000000000000e+03,5.914534085604827851e-06
2.107000000000000000e+03,5.908704224566463381e-06
2.108000000000000000e+03,5.905650596105260774e-06
2.109000000000000000e+03,5.897933078813366592e-06
2.110000000000000000e+03,5.894371497561223805e-06
2.111000000000000000e+03,5.889318344998173416e-06
2.112000000000000000e+03,5.882017831027042121e-06
2.113000000000000000e+03,5.870363565918523818e-06
2.114000000000000000e+03,5.873283043911214918e-06
2.115000000000000000e+03,5.864575996383791789e-06
2.116000000000000000e+03,5.857461474079173058e-06
2.117000000000000000e+03,5.849531135027064011e-06
2.118000000000000000e+03,5.846224667038768530e-06
2.119000000000000000e+03,5.840378435095772147e-06
2.120000000000000000e+03,5.835473530169110745e-06
2.121000000000000000e+03,5.831101134390337393e-06
2.122000000000000000e+03,5.821552804263774306e-06
2.123000000000000000e+03,5.817905275762313977e-06
2.124000000000000000e+03,5.809145477542188019e-06
2.125000000000000000e+03,5.805854016216471791e-06
2.126000000000000000e+03,5.802574833069229499e-06
2.127000000000000000e+03,5.797755875391885638e-06
2.128000000000000000e+03,5.790451268694596365e-06
2.129000000000000000e+03,5.786574547528289258e-06
2.130000000000000000e+03,5.781290838058339432e-06
2.131000000000000000e+03,5.778480954177211970e-06
2.132000000000000000e+03,5.774672899860888720e-06
2.133000000000000000e+03,5.798343408969230950e-06
2.134000000000000000e+03,5.772818440163973719e-06
2.135000000000000000e+03,5.768903520220192149e-06
2.136000000000000000e+03,5.764098659710725769e-06
2.137000000000000000e+03,5.760107342211995274e-06
2.138000000000000000e+03,5.754324774898122996e-06
2.139000000000000000e+03,5.787090231024194509e-06
2.140000000000000000e+03,5.752935976488515735e-06
2.141000000000000000e+03,5.748692274210043252e-06
2.142000000000000000e+03,5.747984232584713027e-06
2.143000000000000000e+03,5.745697308157104999e-06
2.144000000000000000e+03,5.744355803471989930e-06
2.145000000000000000e+03,5.741827862948412076e-06
2.146000000000000000e+03,5.738256732001900673e-06
2.147000000000000000e+03,5.747007435275008902e-06
2.148000000000000000e+03,5.736184903071261942e-06
2.149000000000000000e+03,5.733189482270972803e-06
2.150000000000000000e+03,5.730008979298872873e-06
2.151000000000000000e+03,5.727782536268932745e-06
2.152000000000000000e+03,5.723134563595522195e-06
2.153000000000000000e+03,5.718179181712912396e-06
2.154000000000000000e+03,5.713202881452161819e-06
2.155000000000000000e+03,5.710168352379696444e-06
2.156000000000000000e+03,5.705380317522212863e-06
2.157000000000000000e+03,5.712555321224499494e-06
2.158000000000000000e+03,5.703740043827565387e-06
2.159000000000000000e+03,5.700975634681526572e-06
2.160000000000000000e+03,5.695182608178583905e-06
2.161000000000000000e+03,5.692152171832276508e-06
2.162000000000000000e+03,5.690562829840928316e-06
2.163000000000000000e+03,5.687154043698683381e-06
2.164000000000000000e+03,5.685837550117867067e-06
2.165000000000000000e+03,5.682433311449130997e-06
2.166000000000000000e+03,5.685430096491472796e-06
2.167000000000000000e+03,5.680346475855913013e-06
2.168000000000000000e+03,5.677826720784651116e-06
2.169000000000000000e+03,5.674108706443803385e-06
2.170000000000000000e+03,5.670060545526212081e-06
2.171000000000000000e+03,5.663015599566278979e-06
2.172000000000000000e+03,5.663791398546891287e-06
2.173000000000000000e+03,5.659664566337596625e-06
2.174000000000000000e+03,5.653462721966207027e-06
2.175000000000000000e+03,5.648470050800824538e-06
2.176000000000000000e+03,5.640888502966845408e-06
2.177000000000000000e+03,5.645754754368681461e-06
2.178000000000000000e+03,5.637133654090575874e-06
2.179000000000000000e+03,5.633510681946063414e-06
2.180000000000000000e+03,5.628259259538026527e-06
2.181000000000000000e+03,5.624551249638898298e-06
2.182000000000000000e+03,5.616938324237708002e-06
2.183000000000000000e+03,5.610907010122900829e-06
2.184000000000000000e+03,5.609078925772337243e-06
2.185000000000000000e+03,5.604746093013091013e-06
2.186000000000000000e+03,5.602683813776820898e-06
2.187000000000000000e+03,5.599833912128815427e-06
2.188000000000000000e+03,5.595537004410289228e-06
2.189000000000000000e+03,5.591155968431849033e-06
2.190000000000000000e+03,5.587757641478674486e-06
2.191000000000000000e+03,5.583937308983877301e-06
2.192000000000000000e+03,5.581562618317548186e-06
2.193000000000000000e+03,5.578100171987898648e-06
2.194000000000000000e+03,5.573087037191726267e-06
2.195000000000000000e+03,5.570006123889470473e-06
2.196000000000000000e+03,5.565505489357747138e-06
2.197000000000000000e+03,5.566877007368020713e-06
2.198000000000000000e+03,5.563304512179456651e-06
2.199000000000000000e+03,5.562026217376114801e-06
2.200000000000000000e+03,5.559872988669667393e-06
2.201000000000000000e+03,5.557598342420533299e-06
2.202000000000000000e+03,5.564490038523217663e-06
2.203000000000000000e+03,5.556593350775074214e-06
2.204000000000000000e+03,5.553752089326735586e-06
2.205000000000000000e+03,5.550752575800288469e-06
2.206000000000000000e+03,5.547228283830918372e-06
2.207000000000000000e+03,5.544988653127802536e-06
2.208000000000000000e+03,5.542940471059409901e-06
2.209000000000000000e+03,5.539967332879314199e-06
2.210000000000000000e+03,5.538187906495295465e-06
2.211000000000000000e+03,5.534911906579509377e-06
2.212000000000000000e+03,5.529672762349946424e-06
2.213000000000000000e+03,5.531892838916974142e-06
2.214000000000000000e+03,5.526369022845756263e-06
2.215000000000000000e+03,5.521441835298901424e-06
2.216000000000000000e+03,5.519150363397784531e-06
2.217000000000000000e+03,5.516986220754915848e-06
2.218000000000000000e+03,5.514914391824277118e-06
2.219000000000000000e+03,5.512116331374272704e-06
2.220000000000000000e+03,5.509825768967857584e-06
2.221000000000000000e+03,5.505197805177886039e-06
2.222000000000000000e+03,5.502489329956006259e-06
2.223000000000000000e+03,5.500518454937264323e-06
2.224000000000000000e+03,5.497920938069000840e-06
2.225000000000000000e+03,5.491972842719405890e-06
2.226000000000000000e+03,5.490345301950583234e-06
2.227000000000000000e+03,5.484613211592659354e-06
2.228000000000000000e+03,5.482438155013369396e-06
2.229000000000000000e+03,5.478395451063988730e-06
2.230000000000000000e+03,5.475837042467901483e-06
2.231000000000000000e+03,5.471504664456006140e-06
2.232000000000000000e+03,5.469440566230332479e-06
2.233000000000000000e+03,5.466925358632579446e-06
2.234000000000000000e+03,5.462714398163370788e-06
2.235000000000000000e+03,5.465415142680285498e-06
2.236000000000000000e+03,5.459689873532624915e-06
2.237000000000000000e+03,5.454779966385103762e-06
2.238000000000000000e+03,5.449812306324020028e-06
2.239000000000000000e+03,5.443575446406612173e-06
2.240000000000000000e+03,5.436615538201294839e-06
2.241000000000000000e+03,5.436097126221284270e-06
2.242000000000000000e+03,5.432466423371806741e-06
2.243000000000000000e+03,5.425940798886585981e-06
2.244000000000000000e+03,5.421768946689553559e-06
2.245000000000000000e+03,5.414643055701162666e-06
2.246000000000000000e+03,5.411494839790975675e-06
2.247000000000000000e+03,5.404894181992858648e-06
2.248000000000000000e+03,5.399294423114042729e-06
2.249000000000000000e+03,5.398330813477514312e-06
2.250000000000000000e+03,5.394198524300009012e-06
2.251000000000000000e+03,5.392798357206629589e-06
2.252000000000000000e+03,5.390658770920708776e-06
2.253000000000000000e+03,5.386816155805718154e-06
2.254000000000000000e+03,5.389455509430263191e-06
2.255000000000000000e+03,5.384471478464547545e-06
2.256000000000000000e+03,5.379914000513963401e-06
2.257000000000000000e+03,5.378179139370331541e-06
2.258000000000000000e+03,5.375463388190837577e-06
2.259000000000000000e+03,5.373808562580961734e-06
2.260000000000000000e+03,5.371821316657587886e-06
2.261000000000000000e+03,5.368808615457965061e-06
2.262000000000000000e+03,5.367161520553054288e-06
2.263000000000000000e+03,5.365759534470271319e-06
2.264000000000000000e+03,5.360307568480493501e-06
2.265000000000000000e+03,5.356458586902590469e-06
2.266000000000000000e+03,5.352142579795327038e-06
2.267000000000000000e+03,5.348545528249815106e-06
2.268000000000000000e+03,5.345253157429397106e-06
2.269000000000000000e+03,5.341672931535867974e-06
2.270000000000000000e+03,5.336475624062586576e-06
2.271000000000000000e+03,5.331132342689670622e-06
2.272000000000000000e+03,5.328322004061192274e-06
2.273000000000000000e+03,5.325876827555475757e-06
2.274000000000000000e+03,5.323503046383848414e-06
2.275000000000000000e+03,5.319615411281120032e-06
2.276000000000000000e+03,5.321584467310458422e-06
2.277000000000000000e+03,5.317675913829589263e-06
2.278000000000000000e+03,5.316369879437843338e-06
2.279000000000000000e+03,5.314123427524464205e-06
2.280000000000000000e+03,5.311547738529043272e-06
2.281000000000000000e+03,5.307636456564068794e-06
2.282000000000000000e+03,5.322568085830425844e-06
2.283000000000000000e+03,5.306330876919673756e-06
2.284000000000000000e+03,5.302796580508584157e-06
2.285000000000000000e+03,5.299657459545414895e-06
2.286000000000000000e+03,5.295872142596635967e-06
2.287000000000000000e+03,5.292539754009339958e-06
2.288000000000000000e+03,5.287092790240421891e-06
2.289000000000000000e+03,5.303807938616955653e-06
2.290000000000000000e+03,5.285411134536843747e-06
2.291000000000000000e+03,5.282059191813459620e-06
2.292000000000000000e+03,5.280036475596716627e-06
2.293000000000000000e+03,5.276685442368034273e-06
2.294000000000000000e+03,5.277100626699393615e-06
2.295000000000000000e+03,5.274874638416804373e-06
2.296000000000000000e+03,5.271354439173592255e-06
2.297000000000000000e+03,5.267502274364233017e-06
2.298000000000000000e+03,5.264262654236517847e-06
2.299000000000000000e+03,5.260366833681473508e-06
2.300000000000000000e+03,5.253611561784055084e-06
2.301000000000000000e+03,5.246899945632321760e-06
2.302000000000000000e+03,5.239020083536161110e-06
2.303000000000000000e+03,5.233445790508994833e-06
2.304000000000000000e+03,5.229386260907631367e-06
2.305000000000000000e+03,5.224668257142184302e-06
2.306000000000000000e+03,5.221817445999477059e-06
2.307000000000000000e+03,5.219003469392191619e-06
2.308000000000000000e+03,5.216233603277942166e-06
2.309000000000000000e+03,5.214960310695460066e-06
2.310000000000000000e+03,5.211652478465111926e-06
2.311000000000000000e+03,5.215378678258275613e-06
2.312000000000000000e+03,5.210601102589862421e-06
2.313000000000000000e+03,5.208649326959857717e-06
2.314000000000000000e+03,5.206557489145779982e-06
2.315000000000000000e+03,5.203680757404072210e-06
2.316000000000000000e+03,5.199815859668888152e-06
2.317000000000000000e+03,5.195129233470652252e-06
2.318000000000000000e+03,5.192045136936940253e-06
2.319000000000000000e+03,5.189599960431223735e-06
2.320000000000000000e+03,5.187604074308183044e-06
2.321000000000000000e+03,5.185640929994406179e-06
2.322000000000000000e+03,5.184001565794460475e-06
2.323000000000000000e+03,5.179954314371570945e-06
2.324000000000000000e+03,5.174235866434173658e-06
2.325000000000000000e+03,5.169878022570628673e-06
2.326000000000000000e+03,5.166738446860108525e-06
2.327000000000000000e+03,5.163916739547858015e-06
2.328000000000000000e+03,5.159846296010073274e-06
2.329000000000000000e+03,5.155586677574319765e-06
2.330000000000000000e+03,5.156595307198585942e-06
2.331000000000000000e+03,5.152400717634009197e-06
2.332000000000000000e+03,5.148280706634977832e-06
2.333000000000000000e+03,5.145069735590368509e-06
2.334000000000000000e+03,5.146098374098073691e-06
2.335000000000000000e+03,5.143755515746306628e-06
2.336000000000000000e+03,5.141878773429198191e-06
2.337000000000000000e+03,5.137183961778646335e-06
2.338000000000000000e+03,5.133942067914176732e-06
2.339000000000000000e+03,5.129849796503549442e-06
2.340000000000000000e+03,5.133073045726632699e-06
2.341000000000000000e+03,5.127912572788773105e-06
2.342000000000000000e+03,5.124100880493642762e-06
2.343000000000000000e+03,5.122044512972934172e-06
2.344000000000000000e+03,5.117864930070936680e-06
2.345000000000000000e+03,5.115850854053860530e-06
2.346000000000000000e+03,5.112978669785661623e-06
2.347000000000000000e+03,5.110808615427231416e-06
2.348000000000000000e+03,5.107363904244266450e-06
2.349000000000000000e+03,5.102116574562387541e-06
2.350000000000000000e+03,5.105980562802869827e-06
2.351000000000000000e+03,5.099667760077863932e-06
2.352000000000000000e+03,5.096507265989203006e-06
2.353000000000000000e+03,5.093926120025571436e-06
2.354000000000000000e+03,5.091101684229215607e-06
2.355000000000000000e+03,5.086311830382328480e-06
2.356000000000000000e+03,5.082947154733119532e-06
2.357000000000000000e+03,5.079525180917698890e-06
2.358000000000000000e+03,5.076644356449833140e-06
2.359000000000000000e+03,5.074169621366309002e-06
2.360000000000000000e+03,5.067466190666891634e-06
2.361000000000000000e+03,5.080099526821868494e-06
2.362000000000000000e+03,5.064639026386430487e-06
2.363000000000000000e+03,5.058609531261026859e-06
2.364000000000000000e+03,5.055169822298921645e-06
2.365000000000000000e+03,5.052188953413860872e-06
2.366000000000000000e+03,5.050818344898289070e-06
2.367000000000000000e+03,5.048893854109337553e-06
2.368000000000000000e+03,5.046806563768768683e-06
2.369000000000000000e+03,5.045410034654196352e-06
2.370000000000000000e+03,5.049239007348660380e-06
2.371000000000000000e+03,5.044558747613336891e-06
2.372000000000000000e+03,5.042523753218119964e-06
2.373000000000000000e+03,5.040887572249630466e-06
2.374000000000000000e+03,5.039619281888008118e-06
2.375000000000000000e+03,5.038163635617820546e-06
2.376000000000000000e+03,5.035774393036263064e-06
2.377000000000000000e+03,5.034224159317091107e-06
2.378000000000000000e+03,5.032281933381455019e-06
2.379000000000000000e+03,5.030632564739789814e-06
2.380000000000000000e+03,5.028891791880596429e-06
2.381000000000000000e+03,5.024712663725949824e-06
2.382000000000000000e+03,5.023944595450302586e-06
2.383000000000000000e+03,5.019479431211948395e-06
2.384000000000000000e+03,5.017797320761019364e-06
2.385000000000000000e+03,5.015808255848241970e-06
2.386000000000000000e+03,5.012807378079742193e-06
2.387000000000000000e+03,5.008818789065117016e-06
2.388000000000000000e+03,5.006731043977197260e-06
2.389000000000000000e+03,5.003618298360379413e-06
2.390000000000000000e+03,5.001963018003152683e-06
2.391000000000000000e+03,5.000244073016801849e-06
2.392000000000000000e+03,5.019941909267799929e-06
2.393000000000000000e+03,4.999138582206796855e-06
2.394000000000000000e+03,4.996487405151128769e-06
2.395000000000000000e+03,4.993056791136041284e-06
2.396000000000000000e+03,4.990814431948820129e-06
2.397000000000000000e+03,4.988308319298084825e-06
2.398000000000000000e+03,4.995966264687012881e-06
2.399000000000000000e+03,4.987130523659288883e-06
2.400000000000000000e+03,4.985089617548510432e-06
2.401000000000000000e+03,4.982978680345695466e-06
2.402000000000000000e+03,4.981188340025255457e-06
2.403000000000000000e+03,4.977876415068749338e-06
2.404000000000000000e+03,4.973079285264248028e-06
2.405000000000000000e+03,4.975066531187621877e-06
2.406000000000000000e+03,4.969898782292148098e-06
2.407000000000000000e+03,4.966674623574363068e-06
2.408000000000000000e+03,4.963720130035653710e-06
2.409000000000000000e+03,4.962234015692956746e-06
2.410000000000000000e+03,4.959341822541318834e-06
2.411000000000000000e+03,4.955595159117365256e-06
2.412000000000000000e+03,4.952445124217774719e-06
2.413000000000000000e+03,4.948662990500451997e-06
2.414000000000000000e+03,4.944240117765730247e-06
2.415000000000000000e+03,4.939909103995887563e-06
2.416000000000000000e+03,4.937972335028462112e-06
2.417000000000000000e+03,4.933521267957985401e-06
2.418000000000000000e+03,4.929114311380544677e-06
2.419000000000000000e+03,4.921693744108779356e-06
2.420000000000000000e+03,4.916872057947330177e-06
2.421000000000000000e+03,4.912730219075456262e-06
2.422000000000000000e+03,4.912996701023075730e-06
2.423000000000000000e+03,4.911024916509632021e-06
2.424000000000000000e+03,4.909077688353136182e-06
2.425000000000000000e+03,4.904381057713180780e-06
2.426000000000000000e+03,4.899814484815578908e-06
2.427000000000000000e+03,4.910488769382936880e-06
2.428000000000000000e+03,4.897674898529658094e-06
2.429000000000000000e+03,4.892691322311293334e-06
2.430000000000000000e+03,4.889629963145125657e-06
2.431000000000000000e+03,4.886468104814412072e-06
2.432000000000000000e+03,4.883191650151275098e-06
2.433000000000000000e+03,4.885327598458388820e-06
2.434000000000000000e+03,4.881031145487213507e-06
2.435000000000000000e+03,4.877754236076725647e-06
2.436000000000000000e+03,4.876163529843324795e-06
2.437000000000000000e+03,4.873984835285227746e-06
2.438000000000000000e+03,4.871577857556985691e-06
2.439000000000000000e+03,4.868018095294246450e-06
2.440000000000000000e+03,4.863260073761921376e-06
2.441000000000000000e+03,4.860039553022943437e-06
2.442000000000000000e+03,4.855467523157130927e-06
2.443000000000000000e+03,4.850518507737433538e-06
2.444000000000000000e+03,4.857272870140150189e-06
2.445000000000000000e+03,4.847444870392791927e-06
2.446000000000000000e+03,4.843307124247075990e-06
2.447000000000000000e+03,4.840366727876244113e-06
2.448000000000000000e+03,4.836710559175116941e-06
2.449000000000000000e+03,4.832624199480051175e-06
2.450000000000000000e+03,4.828123564948327839e-06
2.451000000000000000e+03,4.829572844755603001e-06
2.452000000000000000e+03,4.827097654924727976e-06
2.453000000000000000e+03,4.825683845410821959e-06
2.454000000000000000e+03,4.824464213015744463e-06
2.455000000000000000e+03,4.822510618396336213e-06
2.456000000000000000e+03,4.819356036023236811e-06
2.457000000000000000e+03,4.831455044040922076e-06
2.458000000000000000e+03,4.818456545763183385e-06
2.459000000000000000e+03,4.815904958377359435e-06
2.460000000000000000e+03,4.814498879568418488e-06
2.461000000000000000e+03,4.812687620869837701e-06
2.462000000000000000e+03,4.809785423276480287e-06
2.463000000000000000e+03,4.804518994205864146e-06
2.464000000000000000e+03,4.799948783329455182e-06
2.465000000000000000e+03,4.795463610207661986e-06
2.466000000000000000e+03,4.792987056134734303e-06
2.467000000000000000e+03,4.790387720277067274e-06
2.468000000000000000e+03,4.787133093486772850e-06
2.469000000000000000e+03,4.783444182976381853e-06
2.470000000000000000e+03,4.780586095876060426e-06
2.471000000000000000e+03,4.778102265845518559e-06
2.472000000000000000e+03,4.776033620146336034e-06
2.473000000000000000e+03,4.772038209921447560e-06
2.474000000000000000e+03,4.782670202985173091e-06
2.475000000000000000e+03,4.770716714119771495e-06
2.476000000000000000e+03,4.767935934069100767e-06
2.477000000000000000e+03,4.764605364471208304e-06
2.478000000000000000e+03,4.761837317346362397e-06
2.479000000000000000e+03,4.759189323522150517e-06
2.480000000000000000e+03,4.754871042678132653e-06
2.481000000000000000e+03,4.779767095897113904e-06
2.482000000000000000e+03,4.753829671244602650e-06
2.483000000000000000e+03,4.750096650241175666e-06
2.484000000000000000e+03,4.747500952362315729e-06
2.485000000000000000e+03,4.744135367218405008e-06
2.486000000000000000e+03,4.741641077998792753e-06
2.487000000000000000e+03,4.738192274089669809e-06
2.488000000000000000e+03,4.736377377412281930e-06
2.489000000000000000e+03,4.733672540169209242e-06
2.490000000000000000e+03,4.730376531369984150e-06
2.491000000000000000e+03,4.734743470180546865e-06
2.492000000000000000e+03,4.728405201603891328e-06
2.493000000000000000e+03,4.724466634797863662e-06
2.494000000000000000e+03,4.721445748145924881e-06
2.495000000000000000e+03,4.716928287962218747e-06
2.496000000000000000e+03,4.741795692098094150e-06
2.497000000000000000e+03,4.715052909887162969e-06
2.498000000000000000e+03,4.711821475211763754e-06
2.499000000000000000e+03,4.707566404249519110e-06
2.500000000000000000e+03,4.705123046733206138e-06
2.501000000000000000e+03,4.701414582086727023e-06
2.502000000000000000e+03,4.699078544945223257e-06
2.503000000000000000e+03,4.695665666076820344e-06
2.504000000000000000e+03,4.691200956585817039e-06
2.505000000000000000e+03,4.694350991485407576e-06
2.506000000000000000e+03,4.688506578531814739e-06
2.507000000000000000e+03,4.684258783527184278e-06
2.508000000000000000e+03,4.681226073444122449e-06
2.509000000000000000e+03,4.679413450503489003e-06
2.510000000000000000e+03,4.678113327827304602e-06
2.511000000000000000e+03,4.676924163504736498e-06
2.512000000000000000e+03,4.674972387874731794e-06
2.513000000000000000e+03,4.673890998674323782e-06
2.514000000000000000e+03,4.670793714467436075e-06
2.515000000000000000e+03,4.669727786676958203e-06
2.516000000000000000e+03,4.666994300350779667e-06
2.517000000000000000e+03,4.665746018872596323e-06
2.518000000000000000e+03,4.662346782424720004e-06
2.519000000000000000e+03,4.657782483263872564e-06
2.520000000000000000e+03,4.654829808714566752e-06
2.521000000000000000e+03,4.648856247513322160e-06
2.522000000000000000e+03,4.646556590159889311e-06
2.523000000000000000e+03,4.643599368137074634e-06
2.524000000000000000e+03,4.640662154997698963e-06
2.525000000000000000e+03,4.637454367184545845e-06
2.526000000000000000e+03,4.635047389456303790e-06
2.527000000000000000e+03,4.632775926438625902e-06
2.528000000000000000e+03,4.628838269127300009e-06
2.529000000000000000e+03,4.623394488589838147e-06
2.530000000000000000e+03,4.619323135557351634e-06
2.531000000000000000e+03,4.616651040123542771e-06
2.532000000000000000e+03,4.614923454937525094e-06
2.533000000000000000e+03,4.612866632669465616e-06
2.534000000000000000e+03,4.609586085280170664e-06
2.535000000000000000e+03,4.606240509019698948e-06
2.536000000000000000e+03,4.603603429131908342e-06
2.537000000000000000e+03,4.602314675139496103e-06
2.538000000000000000e+03,4.601108230417594314e-06
2.539000000000000000e+03,4.599824023898690939e-06
2.540000000000000000e+03,4.597730821842560545e-06
2.541000000000000000e+03,4.596462986228289083e-06
2.542000000000000000e+03,4.594035999616608024e-06
2.543000000000000000e+03,4.593496214511105791e-06
2.544000000000000000e+03,4.591670858644647524e-06
2.545000000000000000e+03,4.590929620462702587e-06
2.546000000000000000e+03,4.590037860907614231e-06
2.547000000000000000e+03,4.588604497257620096e-06
2.548000000000000000e+03,4.585276656143832952e-06
2.549000000000000000e+03,4.592945515469182283e-06
2.550000000000000000e+03,4.583634563459781930e-06
2.551000000000000000e+03,4.578733296511927620e-06
2.552000000000000000e+03,4.575046204990940168e-06
2.553000000000000000e+03,4.571196313918335363e-06
2.554000000000000000e+03,4.567822998069459572e-06
2.555000000000000000e+03,4.561552486848086119e-06
2.556000000000000000e+03,4.561779860523529351e-06
2.557000000000000000e+03,4.559674380288925022e-06
2.558000000000000000e+03,4.556847670755814761e-06
2.559000000000000000e+03,4.555340183287626132e-06
2.560000000000000000e+03,4.552625341602833942e-06
2.561000000000000000e+03,4.551286110654473305e-06
2.562000000000000000e+03,4.548367087409133092e-06
2.563000000000000000e+03,4.546964646578999236e-06
2.564000000000000000e+03,4.545077899820171297e-06
2.565000000000000000e+03,4.542848273558774963e-06
2.566000000000000000e+03,4.539952442428329960e-06
2.567000000000000000e+03,4.536763754003914073e-06
2.568000000000000000e+03,4.534958407020894811e-06
2.569000000000000000e+03,4.533777882897993550e-06
2.570000000000000000e+03,4.532264028966892511e-06
2.571000000000000000e+03,4.530662408797070384e-06
2.572000000000000000e+03,4.529333182290429249e-06
2.573000000000000000e+03,4.525923941400833428e-06
2.574000000000000000e+03,4.522472409007605165e-06
2.575000000000000000e+03,4.520148195297224447e-06
2.576000000000000000e+03,4.518146852205973119e-06
2.577000000000000000e+03,4.515592536336043850e-06
2.578000000000000000e+03,4.510568942350801080e-06
2.579000000000000000e+03,4.519970389083027840e-06
2.580000000000000000e+03,4.508920483203837648e-06
2.581000000000000000e+03,4.506011464400216937e-06
2.582000000000000000e+03,4.504191565501969308e-06
2.583000000000000000e+03,4.502271622186526656e-06
2.584000000000000000e+03,4.499743226915597916e-06
2.585000000000000000e+03,4.497620921029010788e-06
2.586000000000000000e+03,4.495992470765486360e-06
2.587000000000000000e+03,4.494750555750215426e-06
2.588000000000000000e+03,4.492818789003649727e-06
2.589000000000000000e+03,4.490074388741049916e-06
2.590000000000000000e+03,4.487877049541566521e-06
2.591000000000000000e+03,4.486200396058848128e-06
2.592000000000000000e+03,4.483929842535872012e-06
2.593000000000000000e+03,4.482014446693938226e-06
2.594000000000000000e+03,4.480556071939645335e-06
2.595000000000000000e+03,4.478373739402741194e-06
2.596000000000000000e+03,4.477730271901236847e-06
2.597000000000000000e+03,4.475228706724010408e-06
2.598000000000000000e+03,4.473472017707535997e-06
2.599000000000000000e+03,4.471068677958101034e-06
2.600000000000000000e+03,4.476992671698099002e-06
2.601000000000000000e+03,4.469621217140229419e-06
2.602000000000000000e+03,4.467997769097564742e-06
2.603000000000000000e+03,4.465186520974384621e-06
2.604000000000000000e+03,4.462263859750237316e-06
2.605000000000000000e+03,4.460696800379082561e-06
2.606000000000000000e+03,4.459226147446315736e-06
2.607000000000000000e+03,4.457948762137675658e-06
2.608000000000000000e+03,4.456433543964521959e-06
2.609000000000000000e+03,4.453441306395689026e-06
2.610000000000000000e+03,4.448663275979924947e-06
2.611000000000000000e+03,4.448910658538807184e-06
2.612000000000000000e+03,4.446601906238356605e-06
2.613000000000000000e+03,4.443628313310910016e-06
2.614000000000000000e+03,4.441417786438250914e-06
2.615000000000000000e+03,4.438926225702743977e-06
2.616000000000000000e+03,4.434501533978618681e-06
2.617000000000000000e+03,4.432090463524218649e-06
2.618000000000000000e+03,4.428401553013827652e-06
2.619000000000000000e+03,4.427211024449206889e-06
2.620000000000000000e+03,4.425322458700975403e-06
2.621000000000000000e+03,4.422517122293356806e-06
2.622000000000000000e+03,4.420852746989112347e-06
2.623000000000000000e+03,4.418901426106458530e-06
2.624000000000000000e+03,4.416953743202611804e-06
2.625000000000000000e+03,4.415976945892907679e-06
2.626000000000000000e+03,4.416338924784213305e-06
2.627000000000000000e+03,4.414663635543547571e-06
2.628000000000000000e+03,4.411907411849824712e-06
2.629000000000000000e+03,4.410182100400561467e-06
2.630000000000000000e+03,4.407922006066655740e-06
2.631000000000000000e+03,4.406222160469042137e-06
2.632000000000000000e+03,4.401760179462144151e-06
2.633000000000000000e+03,4.404135779623175040e-06
2.634000000000000000e+03,4.399294994072988629e-06
2.635000000000000000e+03,4.396719305077567697e-06
2.636000000000000000e+03,4.394553798192646354e-06
2.637000000000000000e+03,4.391691163618816063e-06
2.638000000000000000e+03,4.388801244203932583e-06
2.639000000000000000e+03,4.386570253700483590e-06
2.640000000000000000e+03,4.383811756270006299e-06
2.641000000000000000e+03,4.382138740766094998e-06
2.642000000000000000e+03,4.379020083433715627e-06
2.643000000000000000e+03,4.378165158414049074e-06
2.644000000000000000e+03,4.373780939204152673e-06
2.645000000000000000e+03,4.371934210212202743e-06
2.646000000000000000e+03,4.370118858787463978e-06
2.647000000000000000e+03,4.371848717710236087e-06
2.648000000000000000e+03,4.369273028714815155e-06
2.649000000000000000e+03,4.368046120362123474e-06
2.650000000000000000e+03,4.366682787804165855e-06
2.651000000000000000e+03,4.364721462479792535e-06
2.652000000000000000e+03,4.363423158793011680e-06
2.653000000000000000e+03,4.360803359304554760e-06
2.654000000000000000e+03,4.359589638625038788e-06
2.655000000000000000e+03,4.357023954071337357e-06
2.656000000000000000e+03,4.356137196737108752e-06
2.657000000000000000e+03,4.351803454483160749e-06
2.658000000000000000e+03,4.349783012003172189e-06
2.659000000000000000e+03,4.347961294115521014e-06
2.660000000000000000e+03,4.346074092609342188e-06
2.661000000000000000e+03,4.345287834439659491e-06
2.662000000000000000e+03,4.342206011642701924e-06
2.663000000000000000e+03,4.341324711276683956e-06
2.664000000000000000e+03,4.340043687989236787e-06
2.665000000000000000e+03,4.338391136116115376e-06
2.666000000000000000e+03,4.336800429882714525e-06
2.667000000000000000e+03,4.334189725341275334e-06
2.668000000000000000e+03,4.344600256445119157e-06
2.669000000000000000e+03,4.332835942477686331e-06
2.670000000000000000e+03,4.329543116909917444e-06
2.671000000000000000e+03,4.327412170823663473e-06
2.672000000000000000e+03,4.324961992097087204e-06
2.673000000000000000e+03,4.322336735640419647e-06
2.674000000000000000e+03,4.322097993281204253e-06
2.675000000000000000e+03,4.320134394220076501e-06
2.676000000000000000e+03,4.318192168284440413e-06
2.677000000000000000e+03,4.315008482080884278e-06
2.678000000000000000e+03,4.311352768127107993e-06
2.679000000000000000e+03,4.311999873607419431e-06
2.680000000000000000e+03,4.309611540520563722e-06
2.681000000000000000e+03,4.307050858187722042e-06
2.682000000000000000e+03,4.305707534513203427e-06
2.683000000000000000e+03,4.304663889342918992e-06
2.684000000000000000e+03,4.301524313632398844e-06
2.685000000000000000e+03,4.298102794564329088e-06
2.686000000000000000e+03,4.304642061470076442e-06
2.687000000000000000e+03,4.296694896765984595e-06
2.688000000000000000e+03,4.294520294934045523e-06
2.689000000000000000e+03,4.293216079531703144e-06
2.690000000000000000e+03,4.292460744181880727e-06
2.691000000000000000e+03,4.289902790333144367e-06
2.692000000000000000e+03,4.286996045266278088e-06
2.693000000000000000e+03,4.284816441213479266e-06
2.694000000000000000e+03,4.282526788301765919e-06
2.695000000000000000e+03,4.281072506273631006e-06
2.696000000000000000e+03,4.278977939975447953e-06
2.697000000000000000e+03,4.276164872862864286e-06
2.698000000000000000e+03,4.273562808521091938e-06
2.699000000000000000e+03,4.270354565960587934e-06
2.700000000000000000e+03,4.268201792001491413e-06
2.701000000000000000e+03,4.264589279046049342e-06
2.702000000000000000e+03,4.264362814865307882e-06
2.703000000000000000e+03,4.262971287971595302e-06
2.704000000000000000e+03,4.260795776644954458e-06
2.705000000000000000e+03,4.258638000464998186e-06
2.706000000000000000e+03,4.260303740011295304e-06
2.707000000000000000e+03,4.256901320331962779e-06
2.708000000000000000e+03,4.254914983903290704e-06
2.709000000000000000e+03,4.253191491443431005e-06
2.710000000000000000e+03,4.251270183885935694e-06
2.711000000000000000e+03,4.246617663739016280e-06
2.712000000000000000e+03,4.243699549988377839e-06
2.713000000000000000e+03,4.239934241923037916e-06
2.714000000000000000e+03,4.238449946569744498e-06
2.715000000000000000e+03,4.237130724504822865e-06
2.716000000000000000e+03,4.235487267578719184e-06
2.717000000000000000e+03,4.233654181007295847e-06
2.718000000000000000e+03,4.230204922350822017e-06
2.719000000000000000e+03,4.229017577017657459e-06
2.720000000000000000e+03,4.225943030178314075e-06
2.721000000000000000e+03,4.233512299833819270e-06
2.722000000000000000e+03,4.225131306156981736e-06
2.723000000000000000e+03,4.223151336191222072e-06
2.724000000000000000e+03,4.220862138026859611e-06
2.725000000000000000e+03,4.219205493427580222e-06
2.726000000000000000e+03,4.216966772219166160e-06
2.727000000000000000e+03,4.216024080960778520e-06
2.728000000000000000e+03,4.212884050502907485e-06
2.729000000000000000e+03,4.211582563584670424e-06
2.730000000000000000e+03,4.209833605273161083e-06
2.731000000000000000e+03,4.207576694170711562e-06
2.732000000000000000e+03,4.216790784994373098e-06
2.733000000000000000e+03,4.206620360491797328e-06
2.734000000000000000e+03,4.204087872494710609e-06
2.735000000000000000e+03,4.201088813715614378e-06
2.736000000000000000e+03,4.195705969323171303e-06
2.737000000000000000e+03,4.199556315143126994e-06
2.738000000000000000e+03,4.194564553472446278e-06
2.739000000000000000e+03,4.192340838926611468e-06
2.740000000000000000e+03,4.191130301478551701e-06
2.741000000000000000e+03,4.189016635791631415e-06
2.742000000000000000e+03,4.186726982879918069e-06
2.743000000000000000e+03,4.184532826911890879e-06
2.744000000000000000e+03,4.181672011327464134e-06
2.745000000000000000e+03,4.179921688773902133e-06
2.746000000000000000e+03,4.178647486696718261e-06
2.747000000000000000e+03,4.177460596110904589e-06
2.748000000000000000e+03,4.176330548943951726e-06
2.749000000000000000e+03,4.173068191448692232e-06
2.750000000000000000e+03,4.178876224614214152e-06
2.751000000000000000e+03,4.172073658992303535e-06
2.752000000000000000e+03,4.170074589637806639e-06
2.753000000000000000e+03,4.168161012785276398e-06
2.754000000000000000e+03,4.165980953985126689e-06
2.755000000000000000e+03,4.162835921306395903e-06
2.756000000000000000e+03,4.164340680290479213e-06
2.757000000000000000e+03,4.161172000749502331e-06
2.758000000000000000e+03,4.159408035775413737e-06
2.759000000000000000e+03,4.157746388955274597e-06
2.760000000000000000e+03,4.156174327363260090e-06
2.761000000000000000e+03,4.154303951509064063e-06
2.762000000000000000e+03,4.151253961026668549e-06
2.763000000000000000e+03,4.149371306993998587e-06
2.764000000000000000e+03,4.146984338149195537e-06
2.765000000000000000e+03,4.145874754613032565e-06
2.766000000000000000e+03,4.144421836826950312e-06
2.767000000000000000e+03,4.141585577599471435e-06
2.768000000000000000e+03,4.138627446081954986e-06
2.769000000000000000e+03,4.137933046877151355e-06
2.770000000000000000e+03,4.133574748266255483e-06
2.771000000000000000e+03,4.132557478442322463e-06
2.772000000000000000e+03,4.130207344132941216e-06
2.773000000000000000e+03,4.129110493522603065e-06
2.774000000000000000e+03,4.126794465264538303e-06
2.775000000000000000e+03,4.125166469748364761e-06
2.776000000000000000e+03,4.123924554733093828e-06
2.777000000000000000e+03,4.121795882383594289e-06
2.778000000000000000e+03,4.118785454920725897e-06
2.779000000000000000e+03,4.116787749808281660e-06
2.780000000000000000e+03,4.115017873118631542e-06
2.781000000000000000e+03,4.113866452826187015e-06
2.782000000000000000e+03,4.112359874852700159e-06
2.783000000000000000e+03,4.108747361897258088e-06
2.784000000000000000e+03,4.106704182049725205e-06
2.785000000000000000e+03,4.104188064957270399e-06
2.786000000000000000e+03,4.102457296539796516e-06
2.787000000000000000e+03,4.099815214431146160e-06
2.788000000000000000e+03,4.101601462025428191e-06
2.789000000000000000e+03,4.098891622561495751e-06
2.790000000000000000e+03,4.097317287232726812e-06
2.791000000000000000e+03,4.095275016879895702e-06
2.792000000000000000e+03,4.093533334526000544e-06
2.793000000000000000e+03,4.090701622772030532e-06
2.794000000000000000e+03,4.087867637281306088e-06
2.795000000000000000e+03,4.085748514626175165e-06
2.796000000000000000e+03,4.082534815097460523e-06
2.797000000000000000e+03,4.080114194948691875e-06
2.798000000000000000e+03,4.077277026226511225e-06
2.799000000000000000e+03,4.088012701686238870e-06
2.800000000000000000e+03,4.076368441019440070e-06
2.801000000000000000e+03,4.074291155120590702e-06
2.802000000000000000e+03,4.071751845913240686e-06
2.803000000000000000e+03,4.069648184668039903e-06
2.804000000000000000e+03,4.066911060363054276e-06
2.805000000000000000e+03,4.062952029926236719e-06
2.806000000000000000e+03,4.060974788444582373e-06
2.807000000000000000e+03,4.055944827996427193e-06
2.808000000000000000e+03,4.054274086229270324e-06
2.809000000000000000e+03,4.051484211231581867e-06
2.810000000000000000e+03,4.047018137498525903e-06
2.811000000000000000e+03,4.042818545713089406e-06
2.812000000000000000e+03,4.039139184897067025e-06
2.813000000000000000e+03,4.037530743516981602e-06
2.814000000000000000e+03,4.036053724121302366e-06
2.815000000000000000e+03,4.033714503748342395e-06
2.816000000000000000e+03,4.030205218441551551e-06
2.817000000000000000e+03,4.026442638860316947e-06
2.818000000000000000e+03,4.025594535050913692e-06
2.819000000000000000e+03,4.021095264761243016e-06
2.820000000000000000e+03,4.020057076559169218e-06
2.821000000000000000e+03,4.018834260932635516e-06
2.822000000000000000e+03,4.017214450868777931e-06
2.823000000000000000e+03,4.015080776298418641e-06
2.824000000000000000e+03,4.012701083411229774e-06
2.825000000000000000e+03,4.012007138953777030e-06
2.826000000000000000e+03,4.011052169516915455e-06
2.827000000000000000e+03,4.010329575976356864e-06
2.828000000000000000e+03,4.009149961348157376e-06
2.829000000000000000e+03,4.007278221251908690e-06
2.830000000000000000e+03,4.005041773780249059e-06
2.831000000000000000e+03,4.002479272458003834e-06
2.832000000000000000e+03,4.000472472398541868e-06
2.833000000000000000e+03,3.999691671197069809e-06
2.834000000000000000e+03,3.998472493549343199e-06
2.835000000000000000e+03,3.997596195404184982e-06
2.836000000000000000e+03,3.996223767899209633e-06
2.837000000000000000e+03,3.994077360403025523e-06
2.838000000000000000e+03,3.990162895206594840e-06
2.839000000000000000e+03,3.992219717474654317e-06
2.840000000000000000e+03,3.988668595411581919e-06
2.841000000000000000e+03,3.985780494986101985e-06
2.842000000000000000e+03,3.983439000876387581e-06
2.843000000000000000e+03,3.981583176937419921e-06
2.844000000000000000e+03,3.979583198088221252e-06
2.845000000000000000e+03,3.977356755058281124e-06
2.846000000000000000e+03,3.974357241531834006e-06
2.847000000000000000e+03,3.972780177718959749e-06
2.848000000000000000e+03,3.970526904595317319e-06
2.849000000000000000e+03,3.969585122831631452e-06
2.850000000000000000e+03,3.968319106206763536e-06
2.851000000000000000e+03,3.966297754232073203e-06
2.852000000000000000e+03,3.964203642681241035e-06
2.853000000000000000e+03,3.963923518313094974e-06
2.854000000000000000e+03,3.961319180234568194e-06
2.855000000000000000e+03,3.960464709962252527e-06
2.856000000000000000e+03,3.959457444580039009e-06
2.857000000000000000e+03,3.957025910494849086e-06
2.858000000000000000e+03,3.952509814553195611e-06
2.859000000000000000e+03,4.003594767709728330e-06
2.860000000000000000e+03,3.951391136070014909e-06
2.861000000000000000e+03,3.949179699702654034e-06
2.862000000000000000e+03,3.947584900743095204e-06
2.863000000000000000e+03,3.945566731999861076e-06
2.864000000000000000e+03,3.943839146813843399e-06
2.865000000000000000e+03,3.941073828173102811e-06
2.866000000000000000e+03,3.938608642783947289e-06
2.867000000000000000e+03,3.940931946999626234e-06
2.868000000000000000e+03,3.937439487344818190e-06
2.869000000000000000e+03,3.935773747798521072e-06
2.870000000000000000e+03,3.934410415240563452e-06
2.871000000000000000e+03,3.931718765670666471e-06
2.872000000000000000e+03,3.929042122763348743e-06
2.873000000000000000e+03,3.928179467038717121e-06
2.874000000000000000e+03,3.926050339941866696e-06
2.875000000000000000e+03,3.925164037354988977e-06
2.876000000000000000e+03,3.924424163415096700e-06
2.877000000000000000e+03,3.922739779227413237e-06
2.878000000000000000e+03,3.921564712072722614e-06
2.879000000000000000e+03,3.918666607205523178e-06
2.880000000000000000e+03,3.917139110853895545e-06
2.881000000000000000e+03,3.915614797733724117e-06
2.882000000000000000e+03,3.914082753908587620e-06
2.883000000000000000e+03,3.912295596819603816e-06
2.884000000000000000e+03,3.910713530785869807e-06
2.885000000000000000e+03,3.909110546373995021e-06
2.886000000000000000e+03,3.908223789039766416e-06
2.887000000000000000e+03,3.906199253833619878e-06
2.888000000000000000e+03,3.904546701960498467e-06
2.889000000000000000e+03,3.903266133420402184e-06
2.890000000000000000e+03,3.901686341123422608e-06
2.891000000000000000e+03,3.899559942510677502e-06
2.892000000000000000e+03,3.897268015862209722e-06
2.893000000000000000e+03,3.895816917065531015e-06
2.894000000000000000e+03,3.893617758876644075e-06
2.895000000000000000e+03,3.889660547429230064e-06
2.896000000000000000e+03,3.892061158694559708e-06
2.897000000000000000e+03,3.888219453074270859e-06
2.898000000000000000e+03,3.886174454237334430e-06
2.899000000000000000e+03,3.884959824063116685e-06
2.900000000000000000e+03,3.883852514263708144e-06
2.901000000000000000e+03,3.881532848026836291e-06
2.902000000000000000e+03,3.879706127918325365e-06
2.903000000000000000e+03,3.877520612149965018e-06
2.904000000000000000e+03,3.876277787639992312e-06
2.905000000000000000e+03,3.874959475069772452e-06
2.906000000000000000e+03,3.872140496241627261e-06
2.907000000000000000e+03,3.878986717609222978e-06
2.908000000000000000e+03,3.871292847179574892e-06
2.909000000000000000e+03,3.869974079862004146e-06
2.910000000000000000e+03,3.869235570164164528e-06
2.911000000000000000e+03,3.868024577968753874e-06
2.912000000000000000e+03,3.866875886160414666e-06
2.913000000000000000e+03,3.865636699629249051e-06
2.914000000000000000e+03,3.864535301545402035e-06
2.915000000000000000e+03,3.862402081722393632e-06
2.916000000000000000e+03,3.860665856336709112e-06
2.917000000000000000e+03,3.859743628709111363e-06
2.918000000000000000e+03,3.857968749798601493e-06
2.919000000000000000e+03,3.857206138491164893e-06
2.920000000000000000e+03,3.855644081340869889e-06
2.921000000000000000e+03,3.853140697174239904e-06
2.922000000000000000e+03,3.855291652143932879e-06
2.923000000000000000e+03,3.851936071441741660e-06
2.924000000000000000e+03,3.849454969895305112e-06
2.925000000000000000e+03,3.847441803372930735e-06
2.926000000000000000e+03,3.845370429189642891e-06
2.927000000000000000e+03,3.842804744635941461e-06
2.928000000000000000e+03,3.840470526483841240e-06
2.929000000000000000e+03,3.838581051240907982e-06
2.930000000000000000e+03,3.836121322819963098e-06
2.931000000000000000e+03,3.832963102468056604e-06
2.932000000000000000e+03,3.830105015367735177e-06
2.933000000000000000e+03,3.826756710623158142e-06
2.934000000000000000e+03,3.825910425803158432e-06
2.935000000000000000e+03,3.821980044449446723e-06
2.936000000000000000e+03,3.820589881797786802e-06
2.937000000000000000e+03,3.818687673629028723e-06
2.938000000000000000e+03,3.817621291091199964e-06
2.939000000000000000e+03,3.815267064055660740e-06
2.940000000000000000e+03,3.813780494965612888e-06
2.941000000000000000e+03,3.812338036368601024e-06
2.942000000000000000e+03,3.810529733527801000e-06
2.943000000000000000e+03,3.808099108937312849e-06
2.944000000000000000e+03,3.806417453233734705e-06
2.945000000000000000e+03,3.804135303653310984e-06
2.946000000000000000e+03,3.813597459156881087e-06
2.947000000000000000e+03,3.803779918598593213e-06
2.948000000000000000e+03,3.802904529948136769e-06
2.949000000000000000e+03,3.800319973379373550e-06
2.950000000000000000e+03,3.798524403464398347e-06
2.951000000000000000e+03,3.796950750256655738e-06
2.952000000000000000e+03,3.795153361352276988e-06
2.953000000000000000e+03,3.793204996327403933e-06
2.954000000000000000e+03,3.791886456383508630e-06
2.955000000000000000e+03,3.791293465837952681e-06
2.956000000000000000e+03,3.789980382862268016e-06
2.957000000000000000e+03,3.788495860135299154e-06
2.958000000000000000e+03,3.786268052863306366e-06
2.959000000000000000e+03,3.786702791330753826e-06
2.960000000000000000e+03,3.784992486544069834e-06
2.961000000000000000e+03,3.783790134548326023e-06
2.962000000000000000e+03,3.782127350859809667e-06
2.963000000000000000e+03,3.781116674872464500e-06
2.964000000000000000e+03,3.779197413678048179e-06
2.965000000000000000e+03,3.780909992201486602e-06
2.966000000000000000e+03,3.778421159950084984e-06
2.967000000000000000e+03,3.777601250476436689e-06
2.968000000000000000e+03,3.776297717195120640e-06
2.969000000000000000e+03,3.774581500692875125e-06
2.970000000000000000e+03,3.772661102630081587e-06
2.971000000000000000e+03,3.770795046875718981e-06
2.972000000000000000e+03,3.768428314288030379e-06
2.973000000000000000e+03,3.767033604162861593e-06
2.974000000000000000e+03,3.764004986805957742e-06
2.975000000000000000e+03,3.761759444387280382e-06
2.976000000000000000e+03,3.759590526897227392e-06
2.977000000000000000e+03,3.755576926778303459e-06
2.978000000000000000e+03,3.753339569811942056e-06
2.979000000000000000e+03,3.748887138499412686e-06
2.980000000000000000e+03,3.747701612155651674e-06
2.981000000000000000e+03,3.746020865946775302e-06
2.982000000000000000e+03,3.743816250789677724e-06
2.983000000000000000e+03,3.741454293049173430e-06
2.984000000000000000e+03,3.740577767530339770e-06
2.985000000000000000e+03,3.739012072401237674e-06
2.986000000000000000e+03,3.738142822840018198e-06
2.987000000000000000e+03,3.736722192115848884e-06
2.988000000000000000e+03,3.734111714948085137e-06
2.989000000000000000e+03,3.730319122041692026e-06
2.990000000000000000e+03,3.735919563041534275e-06
2.991000000000000000e+03,3.728714546014089137e-06
2.992000000000000000e+03,3.726128852576948702e-06
2.993000000000000000e+03,3.723749614437110722e-06
2.994000000000000000e+03,3.724832367879571393e-06
2.995000000000000000e+03,3.722817382367793471e-06
2.996000000000000000e+03,3.721581379068084061e-06
2.997000000000000000e+03,3.719912456290330738e-06
2.998000000000000000e+03,3.718242851391551085e-06
2.999000000000000000e+03,3.716196033565211110e-06
3.000000000000000000e+03,3.719180767802754417e-06
3.001000000000000000e+03,3.715188768182997592e-06
3.002000000000000000e+03,3.713315663844696246e-06
3.003000000000000000e+03,3.711920953719527461e-06
3.004000000000000000e+03,3.710745204443810508e-06
3.005000000000000000e+03,3.709509201144101098e-06
3.006000000000000000e+03,3.707869382196804509e-06
3.007000000000000000e+03,3.706600409714155830e-06
3.008000000000000000e+03,3.706136340042576194e-06
3.009000000000000000e+03,3.704606797327869572e-06
3.010000000000000000e+03,3.701700279634678736e-06
3.011000000000000000e+03,3.703421725731459446e-06
3.012000000000000000e+03,3.700555907926172949e-06
3.013000000000000000e+03,3.698497948789736256e-06
3.014000000000000000e+03,3.697277634273632430e-06
3.015000000000000000e+03,3.696312660395051353e-06
3.016000000000000000e+03,3.694495262607233599e-06
3.017000000000000000e+03,3.696052090162993409e-06
3.018000000000000000e+03,3.693426833706325851e-06
3.019000000000000000e+03,3.691378651637933217e-06
3.020000000000000000e+03,3.689802042572409846e-06
3.021000000000000000e+03,3.687237949634436518e-06
3.022000000000000000e+03,3.688087417685892433e-06
3.023000000000000000e+03,3.686499667310272343e-06
3.024000000000000000e+03,3.684982175400364213e-06
3.025000000000000000e+03,3.683783461383427493e-06
3.026000000000000000e+03,3.682964688778156415e-06
3.027000000000000000e+03,3.681888074424932711e-06
3.028000000000000000e+03,3.680395366245647892e-06
3.029000000000000000e+03,3.678341272461693734e-06
3.030000000000000000e+03,3.676784672279609367e-06
3.031000000000000000e+03,3.675045718409819528e-06
3.032000000000000000e+03,3.674324489111313596e-06
3.033000000000000000e+03,3.672990942504839040e-06
3.034000000000000000e+03,3.670317710202652961e-06
3.035000000000000000e+03,3.668505769383045845e-06
3.036000000000000000e+03,3.665246367745567113e-06
3.037000000000000000e+03,3.667173587018623948e-06
3.038000000000000000e+03,3.663802090159151703e-06
3.039000000000000000e+03,3.661768914753338322e-06
3.040000000000000000e+03,3.659911499198642559e-06
3.041000000000000000e+03,3.657417664726381190e-06
3.042000000000000000e+03,3.654807869679643773e-06
3.043000000000000000e+03,3.653305839179665782e-06
3.044000000000000000e+03,3.651133511084481142e-06
3.045000000000000000e+03,3.649626705737318844e-06
3.046000000000000000e+03,3.646108552857185714e-06
3.047000000000000000e+03,3.641721605163183995e-06
3.048000000000000000e+03,3.638222551671788096e-06
3.049000000000000000e+03,3.635073426266899332e-06
3.050000000000000000e+03,3.633389724200242199e-06
3.051000000000000000e+03,3.631516619861940853e-06
3.052000000000000000e+03,3.629633738455595449e-06
3.053000000000000000e+03,3.628062358984607272e-06
3.054000000000000000e+03,3.625938234108616598e-06
3.055000000000000000e+03,3.624657210821169429e-06
3.056000000000000000e+03,3.622781832746113651e-06
3.057000000000000000e+03,3.621254109020810574e-06
3.058000000000000000e+03,3.619086101025459357e-06
3.059000000000000000e+03,3.616587036958662793e-06
3.060000000000000000e+03,3.613168473748373799e-06
3.061000000000000000e+03,3.615579771576449275e-06
3.062000000000000000e+03,3.612187583712511696e-06
3.063000000000000000e+03,3.610304474932490848e-06
3.064000000000000000e+03,3.608665565479896031e-06
3.065000000000000000e+03,3.607352709877886809e-06
3.066000000000000000e+03,3.606184463933459483e-06
3.067000000000000000e+03,3.603681989261531271e-06
3.068000000000000000e+03,3.600686795834917575e-06
3.069000000000000000e+03,3.602208835218334571e-06
3.070000000000000000e+03,3.598940793381188996e-06
3.071000000000000000e+03,3.597130671550985426e-06
3.072000000000000000e+03,3.594539293771958910e-06
3.073000000000000000e+03,3.592620714698568918e-06
3.074000000000000000e+03,3.598272087401710451e-06
3.075000000000000000e+03,3.591551603676634841e-06
3.076000000000000000e+03,3.589204652598709799e-06
3.077000000000000000e+03,3.586904995245276950e-06
3.078000000000000000e+03,3.584792466426733881e-06
3.079000000000000000e+03,3.583973011700436473e-06
3.080000000000000000e+03,3.581979399314150214e-06
3.081000000000000000e+03,3.580730435714940540e-06
3.082000000000000000e+03,3.579394160624360666e-06
3.083000000000000000e+03,3.576681365302647464e-06
3.084000000000000000e+03,3.581565579224843532e-06
3.085000000000000000e+03,3.575537448341492563e-06
3.086000000000000000e+03,3.573226649677962996e-06
3.087000000000000000e+03,3.571616389308474027e-06
3.088000000000000000e+03,3.568851298041408882e-06
3.089000000000000000e+03,3.566432042134692892e-06
3.090000000000000000e+03,3.564824964996660128e-06
3.091000000000000000e+03,3.562740630513872020e-06
3.092000000000000000e+03,3.561557832654216327e-06
3.093000000000000000e+03,3.559628794391755946e-06
3.094000000000000000e+03,3.556466936061042361e-06
3.095000000000000000e+03,3.553580881998641416e-06
3.096000000000000000e+03,3.551434019755106419e-06
3.097000000000000000e+03,3.549649136402877048e-06
3.098000000000000000e+03,3.548698487065848894e-06
3.099000000000000000e+03,3.547367896317155100e-06
3.100000000000000000e+03,3.548227141436655074e-06
3.101000000000000000e+03,3.546271500454167835e-06
3.102000000000000000e+03,3.544535502442158759e-06
3.103000000000000000e+03,3.543344973877537996e-06
3.104000000000000000e+03,3.541339083312777802e-06
3.105000000000000000e+03,3.538401415426051244e-06
3.106000000000000000e+03,3.539853878464782611e-06
3.107000000000000000e+03,3.537143129506148398e-06
3.108000000000000000e+03,3.534908273650216870e-06
3.109000000000000000e+03,3.533218432494322769e-06
3.110000000000000000e+03,3.531424681568751112e-06
3.111000000000000000e+03,3.530042704369407147e-06
3.112000000000000000e+03,3.528866955093690194e-06
3.113000000000000000e+03,3.527659146129735745e-06
3.114000000000000000e+03,3.526329919623094611e-06
3.115000000000000000e+03,3.523766281432472169e-06
3.116000000000000000e+03,3.521206963341683149e-06
3.117000000000000000e+03,3.518302719385246746e-06
3.118000000000000000e+03,3.516232482070336118e-06
3.119000000000000000e+03,3.516127435432281345e-06
3.120000000000000000e+03,3.515568323564366437e-06
3.121000000000000000e+03,3.514361424095113762e-06
3.122000000000000000e+03,3.512691819196334109e-06
3.123000000000000000e+03,3.511193426675163209e-06
3.124000000000000000e+03,3.509177304295008071e-06
3.125000000000000000e+03,3.505646873236401007e-06
3.126000000000000000e+03,3.508338750179973431e-06
3.127000000000000000e+03,3.503550487948814407e-06
3.128000000000000000e+03,3.501498667901614681e-06
3.129000000000000000e+03,3.499418426144984551e-06
3.130000000000000000e+03,3.498443220451008528e-06
3.131000000000000000e+03,3.497508487271261401e-06
3.132000000000000000e+03,3.495497367111966014e-06
3.133000000000000000e+03,3.497032821542234160e-06
3.134000000000000000e+03,3.494116299407323822e-06
3.135000000000000000e+03,3.492870291665894911e-06
3.136000000000000000e+03,3.491485585982445627e-06
3.137000000000000000e+03,3.490738208711263724e-06
3.138000000000000000e+03,3.489369191811420023e-06
3.139000000000000000e+03,3.487615686026401818e-06
3.140000000000000000e+03,3.486779633021797054e-06
3.141000000000000000e+03,3.485050001472700387e-06
3.142000000000000000e+03,3.482958391032298096e-06
3.143000000000000000e+03,3.481274461591965519e-06
3.144000000000000000e+03,3.480050736470730044e-06
3.145000000000000000e+03,3.478544840618269518e-06
3.146000000000000000e+03,3.475725179669097997e-06
3.147000000000000000e+03,3.473941660558921285e-06
3.148000000000000000e+03,3.471393938525579870e-06
3.149000000000000000e+03,3.469684315859922208e-06
3.150000000000000000e+03,3.468105205683968961e-06
3.151000000000000000e+03,3.466600219326210208e-06
3.152000000000000000e+03,3.464804194663884118e-06
3.153000000000000000e+03,3.465291911197709851e-06
3.154000000000000000e+03,3.463579332674271427e-06
3.155000000000000000e+03,3.461606866039801389e-06
3.156000000000000000e+03,3.460428160906303674e-06
3.157000000000000000e+03,3.459185791143681854e-06
3.158000000000000000e+03,3.457628963587922044e-06
3.159000000000000000e+03,3.455912974459351972e-06
3.160000000000000000e+03,3.453166755207348615e-06
3.161000000000000000e+03,3.451359361861250363e-06
3.162000000000000000e+03,3.449464657023781911e-06
3.163000000000000000e+03,3.447141125434427522e-06
3.164000000000000000e+03,3.442188244662247598e-06
3.165000000000000000e+03,3.451029215284506790e-06
3.166000000000000000e+03,3.439999318288755603e-06
3.167000000000000000e+03,3.437029590713791549e-06
3.168000000000000000e+03,3.434992322581820190e-06
3.169000000000000000e+03,3.433492111071245745e-06
3.170000000000000000e+03,3.431817049204255454e-06
3.171000000000000000e+03,3.429080607020296156e-06
3.172000000000000000e+03,3.427410774747841060e-06
3.173000000000000000e+03,3.426100420256261714e-06
3.174000000000000000e+03,3.424824853937025182e-06
3.175000000000000000e+03,3.423591806495096534e-06
3.176000000000000000e+03,3.423503812882700004e-06
3.177000000000000000e+03,3.422884219617117196e-06
3.178000000000000000e+03,3.421733481445698999e-06
3.179000000000000000e+03,3.420987695790245198e-06
3.180000000000000000e+03,3.419376071178703569e-06
3.181000000000000000e+03,3.418215783312916756e-06
3.182000000000000000e+03,3.415895662328694016e-06
3.183000000000000000e+03,3.413163767618243583e-06
3.184000000000000000e+03,3.411602165215299465e-06
3.185000000000000000e+03,3.410328190511791036e-06
3.186000000000000000e+03,3.409613782423548400e-06
3.187000000000000000e+03,3.408917109481990337e-06
3.188000000000000000e+03,3.407200892979744822e-06
3.189000000000000000e+03,3.408192014831001870e-06
3.190000000000000000e+03,3.406506039027590305e-06
3.191000000000000000e+03,3.404932158446172252e-06
3.192000000000000000e+03,3.403332357265753672e-06
3.193000000000000000e+03,3.402246875339187682e-06
3.194000000000000000e+03,3.407239546504570171e-06
3.195000000000000000e+03,3.401896719879005104e-06
3.196000000000000000e+03,3.401196408958639950e-06
3.197000000000000000e+03,3.399943580006947741e-06
3.198000000000000000e+03,3.399081606403342448e-06
3.199000000000000000e+03,3.397693944862112403e-06
3.200000000000000000e+03,3.394681698409840465e-06
3.201000000000000000e+03,3.403006530788843520e-06
3.202000000000000000e+03,3.393496626813430339e-06
3.203000000000000000e+03,3.390626261534634978e-06
3.204000000000000000e+03,3.387656079212320037e-06
3.205000000000000000e+03,3.384241381354513578e-06
3.206000000000000000e+03,3.382774366400553845e-06
3.207000000000000000e+03,3.381451278983149678e-06
3.208000000000000000e+03,3.379907866474241018e-06
3.209000000000000000e+03,3.378184601388056763e-06
3.210000000000000000e+03,3.376220092832227238e-06
3.211000000000000000e+03,3.375740334377042018e-06
3.212000000000000000e+03,3.373109848325839266e-06
3.213000000000000000e+03,3.371998218426597305e-06
3.214000000000000000e+03,3.370088279552874155e-06
3.215000000000000000e+03,3.367836825418635271e-06
3.216000000000000000e+03,3.367379349583643489e-06
3.217000000000000000e+03,3.364958502061199397e-06
3.218000000000000000e+03,3.364208623679587618e-06
3.219000000000000000e+03,3.362771167303435504e-06
3.220000000000000000e+03,3.360683876962866634e-06
3.221000000000000000e+03,3.358773028594441712e-06
3.222000000000000000e+03,3.356720526426215656e-06
3.223000000000000000e+03,3.355015905981417745e-06
3.224000000000000000e+03,3.353498868818860501e-06
3.225000000000000000e+03,3.351421582920011133e-06
3.226000000000000000e+03,3.349729240653687157e-06
3.227000000000000000e+03,3.347421397847938351e-06
3.228000000000000000e+03,3.345797949805273674e-06
3.229000000000000000e+03,3.344272727190400474e-06
3.230000000000000000e+03,3.342313220855430700e-06
3.231000000000000000e+03,3.341482170071685687e-06
3.232000000000000000e+03,3.341306637594243512e-06
3.233000000000000000e+03,3.339758222864475101e-06
3.234000000000000000e+03,3.339174327265936881e-06
3.235000000000000000e+03,3.338136593811213970e-06
3.236000000000000000e+03,3.337504040246130899e-06
3.237000000000000000e+03,3.335310566399130039e-06
3.238000000000000000e+03,3.341383944643894210e-06
3.239000000000000000e+03,3.334494749651639722e-06
3.240000000000000000e+03,3.333042513986583799e-06
3.241000000000000000e+03,3.332272854095208459e-06
3.242000000000000000e+03,3.331340167278540321e-06
3.243000000000000000e+03,3.329005949126440100e-06
3.244000000000000000e+03,3.326642172396532260e-06
3.245000000000000000e+03,3.324794079162529670e-06
3.246000000000000000e+03,3.322847533127060160e-06
3.247000000000000000e+03,3.321616986795561388e-06
3.248000000000000000e+03,3.320476707813213579e-06
3.249000000000000000e+03,3.319875077067990787e-06
3.250000000000000000e+03,3.318894187032128684e-06
3.251000000000000000e+03,3.318389872219995596e-06
3.252000000000000000e+03,3.317369419164606370e-06
3.253000000000000000e+03,3.316338734293822199e-06
3.254000000000000000e+03,3.314711193524999544e-06
3.255000000000000000e+03,3.320415999041870236e-06
3.256000000000000000e+03,3.314118430353119038e-06
3.257000000000000000e+03,3.312499757157638669e-06
3.258000000000000000e+03,3.311106638648197986e-06
3.259000000000000000e+03,3.309894282210734673e-06
3.260000000000000000e+03,3.308846089566941373e-06
3.261000000000000000e+03,3.306429107396979816e-06
3.262000000000000000e+03,3.304159690742380917e-06
3.263000000000000000e+03,3.302509412606013939e-06
3.264000000000000000e+03,3.300825483165681362e-06
3.265000000000000000e+03,3.299280251667369157e-06
3.266000000000000000e+03,3.298771389381727204e-06
3.267000000000000000e+03,3.296982185929664411e-06
3.268000000000000000e+03,3.296109980510664172e-06
3.269000000000000000e+03,3.295003580205957405e-06
3.270000000000000000e+03,3.293293048045597970e-06
3.271000000000000000e+03,3.291334905952680856e-06
3.272000000000000000e+03,3.294818952781497501e-06
3.273000000000000000e+03,3.289839696662966162e-06
3.274000000000000000e+03,3.288065954620833509e-06
3.275000000000000000e+03,3.286023456894326955e-06
3.276000000000000000e+03,3.283882961113704368e-06
3.277000000000000000e+03,3.281925728515489027e-06
3.278000000000000000e+03,3.279322299931664020e-06
3.279000000000000000e+03,3.277908263044082560e-06
3.280000000000000000e+03,3.276283223385689780e-06
3.281000000000000000e+03,3.275310973549494520e-06
3.282000000000000000e+03,3.272840331192128360e-06
3.283000000000000000e+03,3.271857622166862711e-06
3.284000000000000000e+03,3.271383093306212686e-06
3.285000000000000000e+03,3.270392880949657410e-06
3.286000000000000000e+03,3.268306272730114870e-06
3.287000000000000000e+03,3.268493628638680093e-06
3.288000000000000000e+03,3.267443162258132361e-06
3.289000000000000000e+03,3.266426119807874784e-06
3.290000000000000000e+03,3.265565737819997594e-06
3.291000000000000000e+03,3.264909310018992983e-06
3.292000000000000000e+03,3.263261987740406767e-06
3.293000000000000000e+03,3.260525318182772025e-06
3.294000000000000000e+03,3.259785444242879748e-06
3.295000000000000000e+03,3.258726792410016060e-06
3.296000000000000000e+03,3.258029437347431667e-06
3.297000000000000000e+03,3.257211574236862361e-06
3.298000000000000000e+03,3.256165200582472607e-06
3.299000000000000000e+03,3.254469447711016983e-06
3.300000000000000000e+03,3.252190253988374025e-06
3.301000000000000000e+03,3.251153884775703773e-06
3.302000000000000000e+03,3.250080453653936274e-06
3.303000000000000000e+03,3.249047722420073114e-06
3.304000000000000000e+03,3.248512712161755189e-06
3.305000000000000000e+03,3.247716222176677547e-06
3.306000000000000000e+03,3.246932465117424726e-06
3.307000000000000000e+03,3.247966560593340546e-06
3.308000000000000000e+03,3.246196456530014984e-06
3.309000000000000000e+03,3.245428843001718633e-06
3.310000000000000000e+03,3.243985702283680439e-06
3.311000000000000000e+03,3.243248556827893481e-06
3.312000000000000000e+03,3.241324520786292851e-06
3.313000000000000000e+03,3.243621449655620381e-06
3.314000000000000000e+03,3.240762680434272625e-06
3.315000000000000000e+03,3.239659235987346619e-06
3.316000000000000000e+03,3.238741328459582292e-06
3.317000000000000000e+03,3.236989414290292189e-06
3.318000000000000000e+03,3.235320718886214308e-06
3.319000000000000000e+03,3.233697725590900518e-06
3.320000000000000000e+03,3.232061089875060134e-06
3.321000000000000000e+03,3.230834863643394783e-06
3.322000000000000000e+03,3.229458343412261456e-06
3.323000000000000000e+03,3.231650225643534213e-06
3.324000000000000000e+03,3.228391733500757255e-06
3.325000000000000000e+03,3.226866510885884054e-06
3.326000000000000000e+03,3.226012267987243831e-06
3.327000000000000000e+03,3.225077762181172147e-06
3.328000000000000000e+03,3.223596422685659491e-06
3.329000000000000000e+03,3.221381348339491524e-06
3.330000000000000000e+03,3.224536840207292698e-06
3.331000000000000000e+03,3.220182179575203918e-06
3.332000000000000000e+03,3.218064421162125655e-06
3.333000000000000000e+03,3.215920287402695976e-06
3.334000000000000000e+03,3.214000116713577881e-06
3.335000000000000000e+03,3.212775709471316077e-06
3.336000000000000000e+03,3.211481953258044086e-06
3.337000000000000000e+03,3.210290969946072437e-06
3.338000000000000000e+03,3.209198666809243150e-06
3.339000000000000000e+03,3.209521537428372540e-06
3.340000000000000000e+03,3.208215957783977501e-06
3.341000000000000000e+03,3.206635938113322482e-06
3.342000000000000000e+03,3.205261464245268144e-06
3.343000000000000000e+03,3.203753294656053185e-06
3.344000000000000000e+03,3.202176003469503485e-06
3.345000000000000000e+03,3.205052280463860370e-06
3.346000000000000000e+03,3.201750587322749197e-06
3.347000000000000000e+03,3.200873379682889208e-06
3.348000000000000000e+03,3.199727188984979875e-06
3.349000000000000000e+03,3.198590093234088272e-06
3.350000000000000000e+03,3.196963007212616503e-06
3.351000000000000000e+03,3.197521436959505081e-06
3.352000000000000000e+03,3.196061470589484088e-06
3.353000000000000000e+03,3.194948703821864910e-06
3.354000000000000000e+03,3.194169039488770068e-06
3.355000000000000000e+03,3.193249995092628524e-06
3.356000000000000000e+03,3.192042868249700405e-06
3.357000000000000000e+03,3.189923290847218595e-06
3.358000000000000000e+03,3.187469474141835235e-06
3.359000000000000000e+03,3.185057721566408873e-06
3.360000000000000000e+03,3.183492935932008550e-06
3.361000000000000000e+03,3.181906777172116563e-06
3.362000000000000000e+03,3.181700321874814108e-06
3.363000000000000000e+03,3.180341764164040796e-06
3.364000000000000000e+03,3.179615077897324227e-06
3.365000000000000000e+03,3.178676251991419122e-06
3.366000000000000000e+03,3.177606231474783272e-06
3.367000000000000000e+03,3.180253543177968822e-06
3.368000000000000000e+03,3.176886593792005442e-06
3.369000000000000000e+03,3.174948005835176446e-06
3.370000000000000000e+03,3.172895731040625833e-06
3.371000000000000000e+03,3.170533773300121538e-06
3.372000000000000000e+03,3.169404408254195005e-06
3.373000000000000000e+03,3.167809609294636175e-06
3.374000000000000000e+03,3.165685029671294615e-06
3.375000000000000000e+03,3.163403334838221781e-06
3.376000000000000000e+03,3.161539098073262721e-06
3.377000000000000000e+03,3.157911351081565954e-06
3.378000000000000000e+03,3.155641934426967055e-06
3.379000000000000000e+03,3.154342948619159870e-06
3.380000000000000000e+03,3.152379349558032118e-06
3.381000000000000000e+03,3.150860948153422214e-06
3.382000000000000000e+03,3.150696784359752201e-06
3.383000000000000000e+03,3.149735221086302772e-06
3.384000000000000000e+03,3.148387804685626179e-06
3.385000000000000000e+03,3.147294364680419676e-06
3.386000000000000000e+03,3.145919436065014452e-06
3.387000000000000000e+03,3.142961759294848889e-06
3.388000000000000000e+03,3.139304453725344501e-06
3.389000000000000000e+03,3.144939910271205008e-06
3.390000000000000000e+03,3.137964313282282092e-06
3.391000000000000000e+03,3.135756742267403752e-06
3.392000000000000000e+03,3.134462986054131761e-06
3.393000000000000000e+03,3.132683787043788470e-06
3.394000000000000000e+03,3.131437324555008672e-06
3.395000000000000000e+03,3.129283413727534935e-06
3.396000000000000000e+03,3.127843228867277503e-06
3.397000000000000000e+03,3.126398496533511207e-06
3.398000000000000000e+03,3.125391231151297688e-06
3.399000000000000000e+03,3.123778469671378843e-06
3.400000000000000000e+03,3.122666157651110552e-06
3.401000000000000000e+03,3.121904001091024838e-06
3.402000000000000000e+03,3.121086820101481862e-06
3.403000000000000000e+03,3.119889242952922359e-06
3.404000000000000000e+03,3.118617541986168362e-06
3.405000000000000000e+03,3.115536173936561681e-06
3.406000000000000000e+03,3.113705588475568220e-06
3.407000000000000000e+03,3.112650119874160737e-06
3.408000000000000000e+03,3.111161277047358453e-06
3.409000000000000000e+03,3.109485760433017276e-06
3.410000000000000000e+03,3.108798637185827829e-06
3.411000000000000000e+03,3.107054681095178239e-06
3.412000000000000000e+03,3.105662699454114772e-06
3.413000000000000000e+03,3.104336428805254400e-06
3.414000000000000000e+03,3.102792334175319411e-06
3.415000000000000000e+03,3.101454012721660547e-06
3.416000000000000000e+03,3.099813284279662184e-06
3.417000000000000000e+03,3.098193246842129156e-06
3.418000000000000000e+03,3.102344180661020800e-06
3.419000000000000000e+03,3.097530225204536691e-06
3.420000000000000000e+03,3.096477030339883640e-06
3.421000000000000000e+03,3.095515921813785098e-06
3.422000000000000000e+03,3.093979785262490623e-06
3.423000000000000000e+03,3.092819724770379253e-06
3.424000000000000000e+03,3.091864300586166792e-06
3.425000000000000000e+03,3.091178086833679117e-06
3.426000000000000000e+03,3.089139681833330542e-06
3.427000000000000000e+03,3.087157438130816445e-06
3.428000000000000000e+03,3.086307742705685087e-06
3.429000000000000000e+03,3.084657464569318108e-06
3.430000000000000000e+03,3.083846422669012100e-06
3.431000000000000000e+03,3.082964667555643246e-06
3.432000000000000000e+03,3.081453769482322969e-06
3.433000000000000000e+03,3.081915565417148173e-06
3.434000000000000000e+03,3.080682063227868639e-06
3.435000000000000000e+03,3.079393763982807286e-06
3.436000000000000000e+03,3.077634346482227556e-06
3.437000000000000000e+03,3.076141183555591851e-06
3.438000000000000000e+03,3.074939058933523484e-06
3.439000000000000000e+03,3.072792651437339373e-06
3.440000000000000000e+03,3.071720584557624534e-06
3.441000000000000000e+03,3.070308366659446619e-06
3.442000000000000000e+03,3.068913429160602391e-06
3.443000000000000000e+03,3.065156306547578424e-06
3.444000000000000000e+03,3.068653768423246220e-06
3.445000000000000000e+03,3.063899612243403681e-06
3.446000000000000000e+03,3.061974666707101278e-06
3.447000000000000000e+03,3.060829385503893718e-06
3.448000000000000000e+03,3.059287791984388605e-06
3.449000000000000000e+03,3.057499270653352141e-06
3.450000000000000000e+03,3.055450406463933177e-06
3.451000000000000000e+03,3.054054559470387176e-06
3.452000000000000000e+03,3.052212150578270666e-06
3.453000000000000000e+03,3.050344957955530845e-06
3.454000000000000000e+03,3.049233782803639770e-06
3.455000000000000000e+03,3.048470944122527726e-06
3.456000000000000000e+03,3.048118514925590716e-06
3.457000000000000000e+03,3.047775635423022322e-06
3.458000000000000000e+03,3.046644451387692243e-06
3.459000000000000000e+03,3.045168114113039337e-06
3.460000000000000000e+03,3.050399300263961777e-06
3.461000000000000000e+03,3.044710638278047554e-06
3.462000000000000000e+03,3.043397555302362889e-06
3.463000000000000000e+03,3.042600155822583474e-06
3.464000000000000000e+03,3.045341372853727080e-06
3.465000000000000000e+03,3.042231583094689995e-06
3.466000000000000000e+03,3.041493755517876707e-06
3.467000000000000000e+03,3.040542424059822224e-06
3.468000000000000000e+03,3.039718876607366838e-06
3.469000000000000000e+03,3.038839167857076973e-06
3.470000000000000000e+03,3.037095211766427383e-06
3.471000000000000000e+03,3.036458338101510890e-06
3.472000000000000000e+03,3.033782604688894935e-06
3.473000000000000000e+03,3.032994754903484136e-06
3.474000000000000000e+03,3.031918140550260432e-06
3.475000000000000000e+03,3.030743073395569809e-06
3.476000000000000000e+03,3.029717163371969946e-06
3.477000000000000000e+03,3.027270849997876212e-06
3.478000000000000000e+03,3.025922978849848732e-06
3.479000000000000000e+03,3.026801323358085938e-06
3.480000000000000000e+03,3.024636498594190925e-06
3.481000000000000000e+03,3.022073087777243927e-06
3.482000000000000000e+03,3.020374151674332097e-06
3.483000000000000000e+03,3.016684104295563884e-06
3.484000000000000000e+03,3.020478516191360541e-06
3.485000000000000000e+03,3.015474703715881333e-06
3.486000000000000000e+03,3.013593186551588587e-06
3.487000000000000000e+03,3.013155946973711252e-06
3.488000000000000000e+03,3.010581394846667536e-06
3.489000000000000000e+03,3.009664169439929537e-06
3.490000000000000000e+03,3.008111889357678592e-06
3.491000000000000000e+03,3.006597580679226667e-06
3.492000000000000000e+03,3.012793058587703854e-06
3.493000000000000000e+03,3.005645794473821297e-06
3.494000000000000000e+03,3.003566916959243827e-06
3.495000000000000000e+03,3.001686081915977411e-06
3.496000000000000000e+03,2.999743173859314993e-06
3.497000000000000000e+03,2.998155878231045790e-06
3.498000000000000000e+03,2.996154080392443575e-06
3.499000000000000000e+03,2.994403757838881575e-06
3.500000000000000000e+03,2.992681856994749978e-06
3.501000000000000000e+03,2.991364453919231892e-06
3.502000000000000000e+03,2.988937012560199946e-06
3.503000000000000000e+03,2.986521622005966492e-06
3.504000000000000000e+03,2.984899992952705361e-06
3.505000000000000000e+03,2.982639898618799634e-06
3.506000000000000000e+03,2.980915724037913606e-06
3.507000000000000000e+03,2.979121063617640175e-06
3.508000000000000000e+03,2.977858912345254794e-06
3.509000000000000000e+03,2.976786845465539955e-06
3.510000000000000000e+03,2.975887355205486529e-06
3.511000000000000000e+03,2.974421249746228568e-06
3.512000000000000000e+03,2.973587697852053680e-06
3.513000000000000000e+03,2.972156380565138534e-06
3.514000000000000000e+03,2.970102059407508932e-06
3.515000000000000000e+03,2.972195034089963883e-06
3.516000000000000000e+03,2.968823082483140752e-06
3.517000000000000000e+03,2.966667580039938912e-06
3.518000000000000000e+03,2.966195097542367876e-06
3.519000000000000000e+03,2.965052772196941078e-06
3.520000000000000000e+03,2.964583472930826247e-06
3.521000000000000000e+03,2.963636006825254299e-06
3.522000000000000000e+03,2.962443204523879103e-06
3.523000000000000000e+03,2.961289965242031030e-06
3.524000000000000000e+03,2.960117853945121169e-06
3.525000000000000000e+03,2.959027142424019985e-06
3.526000000000000000e+03,2.957219976451597176e-06
3.527000000000000000e+03,2.956500338768819347e-06
3.528000000000000000e+03,2.953760713353403844e-06
3.529000000000000000e+03,2.950205271190498024e-06
3.530000000000000000e+03,2.948962446680525318e-06
3.531000000000000000e+03,2.947190978375147097e-06
3.532000000000000000e+03,2.946590939245652407e-06
3.533000000000000000e+03,2.945319238278898410e-06
3.534000000000000000e+03,2.944335392385255545e-06
3.535000000000000000e+03,2.942976379927131347e-06
3.536000000000000000e+03,2.939738806162495166e-06
3.537000000000000000e+03,2.943655772469355725e-06
3.538000000000000000e+03,2.938734724011737853e-06
3.539000000000000000e+03,2.937129238489433192e-06
3.540000000000000000e+03,2.936248165497090667e-06
3.541000000000000000e+03,2.935454176622442901e-06
3.542000000000000000e+03,2.933898485935060307e-06
3.543000000000000000e+03,2.931893732238677330e-06
3.544000000000000000e+03,2.929833499365486205e-06
3.545000000000000000e+03,2.928569074356346391e-06
3.546000000000000000e+03,2.926939941971795633e-06
3.547000000000000000e+03,2.924625050582108088e-06
3.548000000000000000e+03,2.922731937360367738e-06
3.549000000000000000e+03,2.923105739682796411e-06
3.550000000000000000e+03,2.921644863818073645e-06
3.551000000000000000e+03,2.920542328865849413e-06
3.552000000000000000e+03,2.919511871368740685e-06
3.553000000000000000e+03,2.918648760896758176e-06
3.554000000000000000e+03,2.916299990829429589e-06
3.555000000000000000e+03,2.917886831710347906e-06
3.556000000000000000e+03,2.915271124948048964e-06
3.557000000000000000e+03,2.913961907324846834e-06
3.558000000000000000e+03,2.912805939558893442e-06
3.559000000000000000e+03,2.911660203608334996e-06
3.560000000000000000e+03,2.910036528191994876e-06
3.561000000000000000e+03,2.908388751166057773e-06
3.562000000000000000e+03,2.907310317823430523e-06
3.563000000000000000e+03,2.906218469433952123e-06
3.564000000000000000e+03,2.905277597164968029e-06
3.565000000000000000e+03,2.902537517002201639e-06
3.566000000000000000e+03,2.899612582041299902e-06
3.567000000000000000e+03,2.940201511592022143e-06
3.568000000000000000e+03,2.898614411606104113e-06
3.569000000000000000e+03,2.896689238696126267e-06
3.570000000000000000e+03,2.894774752348894253e-06
3.571000000000000000e+03,2.893337068599066697e-06
3.572000000000000000e+03,2.890961695811711252e-06
3.573000000000000000e+03,2.889258439608966000e-06
3.574000000000000000e+03,2.888025164793361910e-06
3.575000000000000000e+03,2.886938545998418704e-06
3.576000000000000000e+03,2.885610001612803899e-06
3.577000000000000000e+03,2.883737124648177996e-06
3.578000000000000000e+03,2.880934971472015604e-06
3.579000000000000000e+03,2.879082558138179593e-06
3.580000000000000000e+03,2.877846554838470183e-06
3.581000000000000000e+03,2.876959570130566135e-06
3.582000000000000000e+03,2.875966174542554654e-06
3.583000000000000000e+03,2.874361143767600879e-06
3.584000000000000000e+03,2.871464175768778659e-06
3.585000000000000000e+03,2.869328000087989494e-06
3.586000000000000000e+03,2.874084202630911022e-06
3.587000000000000000e+03,2.868742285500047728e-06
3.588000000000000000e+03,2.867584043997339904e-06
3.589000000000000000e+03,2.866498334697098471e-06
3.590000000000000000e+03,2.865582928279764019e-06
3.591000000000000000e+03,2.864356702048098668e-06
3.592000000000000000e+03,2.862502697098534554e-06
3.593000000000000000e+03,2.864003363356459886e-06
3.594000000000000000e+03,2.861439043044811115e-06
3.595000000000000000e+03,2.859961796275456436e-06
3.596000000000000000e+03,2.857887920981738716e-06
3.597000000000000000e+03,2.855993670891621150e-06
3.598000000000000000e+03,2.854590320566785522e-06
3.599000000000000000e+03,2.850824330380419269e-06
3.600000000000000000e+03,2.854534159268951043e-06
3.601000000000000000e+03,2.849990551112568937e-06
3.602000000000000000e+03,2.849112433978007175e-06
3.603000000000000000e+03,2.846914867404848337e-06
3.604000000000000000e+03,2.844260961865074933e-06
3.605000000000000000e+03,2.841950617948896252e-06
3.606000000000000000e+03,2.840136630766210146e-06
3.607000000000000000e+03,2.838994532794458792e-06
3.608000000000000000e+03,2.837822194123873487e-06
3.609000000000000000e+03,2.836764906533062458e-06
3.610000000000000000e+03,2.833217649822472595e-06
3.611000000000000000e+03,2.851079443644266576e-06
3.612000000000000000e+03,2.832810878317104653e-06
3.613000000000000000e+03,2.831514620993402787e-06
3.614000000000000000e+03,2.828922788467025384e-06
3.615000000000000000e+03,2.826026957336580381e-06
3.616000000000000000e+03,2.823275053742690943e-06
3.617000000000000000e+03,2.820599547703750432e-06
3.618000000000000000e+03,2.818212578858947381e-06
3.619000000000000000e+03,2.816646201608818956e-06
3.620000000000000000e+03,2.815745119733037427e-06
3.621000000000000000e+03,2.813367700582602993e-06
3.622000000000000000e+03,2.812060984069830738e-06
3.623000000000000000e+03,2.811177864714409225e-06
3.624000000000000000e+03,2.810367732308804989e-06
3.625000000000000000e+03,2.809587840602034703e-06
3.626000000000000000e+03,2.808834551615291275e-06
3.627000000000000000e+03,2.808117415042943321e-06
3.628000000000000000e+03,2.806698375934502110e-06
3.629000000000000000e+03,2.807572172969230451e-06
3.630000000000000000e+03,2.806016709655523300e-06
3.631000000000000000e+03,2.804700670822057873e-06
3.632000000000000000e+03,2.804008090606657788e-06
3.633000000000000000e+03,2.802870085361064412e-06
3.634000000000000000e+03,2.801101572913466953e-06
3.635000000000000000e+03,2.799500180117320269e-06
3.636000000000000000e+03,2.797798515530303121e-06
3.637000000000000000e+03,2.796905391733162105e-06
3.638000000000000000e+03,2.795838099700631574e-06
3.639000000000000000e+03,2.793958174152066931e-06
3.640000000000000000e+03,2.792891791614238173e-06
3.641000000000000000e+03,2.791441147564910352e-06
3.642000000000000000e+03,2.790440703392960131e-06
3.643000000000000000e+03,2.789222435239935294e-06
3.644000000000000000e+03,2.788373194562154822e-06
3.645000000000000000e+03,2.787114908642251976e-06
3.646000000000000000e+03,2.786406184895895422e-06
3.647000000000000000e+03,2.785976903396658599e-06
3.648000000000000000e+03,2.784598336802446283e-06
3.649000000000000000e+03,2.782647243293467909e-06
3.650000000000000000e+03,2.782115643640281633e-06
3.651000000000000000e+03,2.780821660053334199e-06
3.652000000000000000e+03,2.780374643407412805e-06
3.653000000000000000e+03,2.779835767796612345e-06
3.654000000000000000e+03,2.778891939669847488e-06
3.655000000000000000e+03,2.778100906652980484e-06
3.656000000000000000e+03,2.777126383080030791e-06
3.657000000000000000e+03,2.775929488052497618e-06
3.658000000000000000e+03,2.774369022517930716e-06
3.659000000000000000e+03,2.772383140836609527e-06
3.660000000000000000e+03,2.770219680314767174e-06
3.661000000000000000e+03,2.768822241705493070e-06
3.662000000000000000e+03,2.767475734799518250e-06
3.663000000000000000e+03,2.766754960248363204e-06
3.664000000000000000e+03,2.766050556601840071e-06
3.665000000000000000e+03,2.764756345641217194e-06
3.666000000000000000e+03,2.764852069958578795e-06
3.667000000000000000e+03,2.763765678537311032e-06
3.668000000000000000e+03,2.762634267128305510e-06
3.669000000000000000e+03,2.761532869044458494e-06
3.670000000000000000e+03,2.760884854069445282e-06
3.671000000000000000e+03,2.759109747785259970e-06
3.672000000000000000e+03,2.756070671239285730e-06
3.673000000000000000e+03,2.757588845270220190e-06
3.674000000000000000e+03,2.753857415882521309e-06
3.675000000000000000e+03,2.750678504526149482e-06
3.676000000000000000e+03,2.748704673649626784e-06
3.677000000000000000e+03,2.747412054304732010e-06
3.678000000000000000e+03,2.745716983554302715e-06
3.679000000000000000e+03,2.743945742622599937e-06
3.680000000000000000e+03,2.744360017459257506e-06
3.681000000000000000e+03,2.742928927546017803e-06
3.682000000000000000e+03,2.741873231570934877e-06
3.683000000000000000e+03,2.740548097790451720e-06
3.684000000000000000e+03,2.739267529250355437e-06
3.685000000000000000e+03,2.737512659223284572e-06
3.686000000000000000e+03,2.737424892984563485e-06
3.687000000000000000e+03,2.736215719778556377e-06
3.688000000000000000e+03,2.733888550210394897e-06
3.689000000000000000e+03,2.731837412284221500e-06
3.690000000000000000e+03,2.728606659729848616e-06
3.691000000000000000e+03,2.730956566665554419e-06
3.692000000000000000e+03,2.727689889070461504e-06
3.693000000000000000e+03,2.725855893004336394e-06
3.694000000000000000e+03,2.724681962718022987e-06
3.695000000000000000e+03,2.723331817833241075e-06
3.696000000000000000e+03,2.721894816204439849e-06
3.697000000000000000e+03,2.720962356761447154e-06
3.698000000000000000e+03,2.719543999774032272e-06
3.699000000000000000e+03,2.718699988690786995e-06
3.700000000000000000e+03,2.717018560360884294e-06
3.701000000000000000e+03,2.716203880481771193e-06
3.702000000000000000e+03,2.715637492656242102e-06
3.703000000000000000e+03,2.713809863053029403e-06
3.704000000000000000e+03,2.712098876145319082e-06
3.705000000000000000e+03,2.710580702114384621e-06
3.706000000000000000e+03,2.709370392040000297e-06
3.707000000000000000e+03,2.708076863200403750e-06
3.708000000000000000e+03,2.706906570892897435e-06
3.709000000000000000e+03,2.705768565647304058e-06
3.710000000000000000e+03,2.704526195884682238e-06
3.711000000000000000e+03,2.703622158151119947e-06
3.712000000000000000e+03,2.701829771467600949e-06
3.713000000000000000e+03,2.701403900573495775e-06
3.714000000000000000e+03,2.699580363696441054e-06
3.715000000000000000e+03,2.698879598028725013e-06
3.716000000000000000e+03,2.698192702155211009e-06
3.717000000000000000e+03,2.697171112231444567e-06
3.718000000000000000e+03,2.695906459848629311e-06
3.719000000000000000e+03,2.694145905479672365e-06
3.720000000000000000e+03,2.693332817216287367e-06
3.721000000000000000e+03,2.692465159270795994e-06
3.722000000000000000e+03,2.691434247026336379e-06
3.723000000000000000e+03,2.689532266231253743e-06
3.724000000000000000e+03,2.689185066628851928e-06
3.725000000000000000e+03,2.686523657757788897e-06
3.726000000000000000e+03,2.685749450392904691e-06
3.727000000000000000e+03,2.684960236365441233e-06
3.728000000000000000e+03,2.682955255295382813e-06
3.729000000000000000e+03,2.680633542695431970e-06
3.730000000000000000e+03,2.680743818928021938e-06
3.731000000000000000e+03,2.679409362826845609e-06
3.732000000000000000e+03,2.678288410606910475e-06
3.733000000000000000e+03,2.676935309864347801e-06
3.734000000000000000e+03,2.675669975360506214e-06
3.735000000000000000e+03,2.674538109204149805e-06
3.736000000000000000e+03,2.673102244443725795e-06
3.737000000000000000e+03,2.672326900210464373e-06
3.738000000000000000e+03,2.671670245035784319e-06
3.739000000000000000e+03,2.670057256182190031e-06
3.740000000000000000e+03,2.669074319783248939e-06
3.741000000000000000e+03,2.667209628270938993e-06
3.742000000000000000e+03,2.665936108314781450e-06
3.743000000000000000e+03,2.663766281330026686e-06
3.744000000000000000e+03,2.662553697518887930e-06
3.745000000000000000e+03,2.660921154529205523e-06
3.746000000000000000e+03,2.659953906913870014e-06
3.747000000000000000e+03,2.659066467458615080e-06
3.748000000000000000e+03,2.657261120475595817e-06
3.749000000000000000e+03,2.656615151863661595e-06
3.750000000000000000e+03,2.654690206327359192e-06
3.751000000000000000e+03,2.653826868481701240e-06
3.752000000000000000e+03,2.652529019542271271e-06
3.753000000000000000e+03,2.659172423591371626e-06
3.754000000000000000e+03,2.652148168635903858e-06
3.755000000000000000e+03,2.651174781931331381e-06
3.756000000000000000e+03,2.649103180374368094e-06
3.757000000000000000e+03,2.646016355356550775e-06
3.758000000000000000e+03,2.643432708282489330e-06
3.759000000000000000e+03,2.640840875756111927e-06
3.760000000000000000e+03,2.639017566252732649e-06
3.761000000000000000e+03,2.637184252307633869e-06
3.762000000000000000e+03,2.635206783452304080e-06
3.763000000000000000e+03,2.634015572766656987e-06
3.764000000000000000e+03,2.632568111948785372e-06
3.765000000000000000e+03,2.628927177283912897e-06
3.766000000000000000e+03,2.626971308927750215e-06
3.767000000000000000e+03,2.624981334520271048e-06
3.768000000000000000e+03,2.623046611915924586e-06
3.769000000000000000e+03,2.646973825903842226e-06
3.770000000000000000e+03,2.622330839585629292e-06
3.771000000000000000e+03,2.619766519273980521e-06
3.772000000000000000e+03,2.618539610921288840e-06
3.773000000000000000e+03,2.616816800582455471e-06
3.774000000000000000e+03,2.619313363538822159e-06
3.775000000000000000e+03,2.616194933580118231e-06
3.776000000000000000e+03,2.615122184579377063e-06
3.777000000000000000e+03,2.613462356748641469e-06
3.778000000000000000e+03,2.611548552522435784e-06
3.779000000000000000e+03,2.609108378237579018e-06
3.780000000000000000e+03,2.607313490443630144e-06
3.781000000000000000e+03,2.606171619845554233e-06
3.782000000000000000e+03,2.605303961900062859e-06
3.783000000000000000e+03,2.604559767860337161e-06
3.784000000000000000e+03,2.602036374810268171e-06
3.785000000000000000e+03,2.600459538371069357e-06
3.786000000000000000e+03,2.598894297989318147e-06
3.787000000000000000e+03,2.597288812467013486e-06
3.788000000000000000e+03,2.595454589027212933e-06
3.789000000000000000e+03,2.592832515802001581e-06
3.790000000000000000e+03,2.597353159217163920e-06
3.791000000000000000e+03,2.591832071630051360e-06
3.792000000000000000e+03,2.589736368463491090e-06
3.793000000000000000e+03,2.588155211924458854e-06
3.794000000000000000e+03,2.586840537333046086e-06
3.795000000000000000e+03,2.585820084277656861e-06
3.796000000000000000e+03,2.585266202004277147e-06
3.797000000000000000e+03,2.583587047411128879e-06
3.798000000000000000e+03,2.582398110462236218e-06
3.799000000000000000e+03,2.581298076620441861e-06
3.800000000000000000e+03,2.579792862889007665e-06
3.801000000000000000e+03,2.579313559181173332e-06
3.802000000000000000e+03,2.577398618086590432e-06
3.803000000000000000e+03,2.576866791059728712e-06
3.804000000000000000e+03,2.575783128122566268e-06
3.805000000000000000e+03,2.574462769189267419e-06
3.806000000000000000e+03,2.575667167548090219e-06
3.807000000000000000e+03,2.573914571257773787e-06
3.808000000000000000e+03,2.572659695943002589e-06
3.809000000000000000e+03,2.571868662926135585e-06
3.810000000000000000e+03,2.570696096881874837e-06
3.811000000000000000e+03,2.569922344264341518e-06
3.812000000000000000e+03,2.569018761278130114e-06
3.813000000000000000e+03,2.568001036706846207e-06
3.814000000000000000e+03,2.566677039794740267e-06
3.815000000000000000e+03,2.565326894909958355e-06
3.816000000000000000e+03,2.563829866630840115e-06
3.817000000000000000e+03,2.564378291936009191e-06
3.818000000000000000e+03,2.563245288911275566e-06
3.819000000000000000e+03,2.562260988270281814e-06
3.820000000000000000e+03,2.561378323662211187e-06
3.821000000000000000e+03,2.560525217631948180e-06
3.822000000000000000e+03,2.559642780397552997e-06
3.823000000000000000e+03,2.558741243774420582e-06
3.824000000000000000e+03,2.556629397076903842e-06
3.825000000000000000e+03,2.554996626713545993e-06
3.826000000000000000e+03,2.554105549279483967e-06
3.827000000000000000e+03,2.553080321376910433e-06
3.828000000000000000e+03,2.552451405790634453e-06
3.829000000000000000e+03,2.551817260609823279e-06
3.830000000000000000e+03,2.550611725382623263e-06
3.831000000000000000e+03,2.550241333665326238e-06
3.832000000000000000e+03,2.548275915614794940e-06
3.833000000000000000e+03,2.547318217693828046e-06
3.834000000000000000e+03,2.545232064221636392e-06
3.835000000000000000e+03,2.542926722526317462e-06
3.836000000000000000e+03,2.544670451243291609e-06
3.837000000000000000e+03,2.541961066526710056e-06
3.838000000000000000e+03,2.540470632084179670e-06
3.839000000000000000e+03,2.539714387239655480e-06
3.840000000000000000e+03,2.538601393098360859e-06
3.841000000000000000e+03,2.537410409786389209e-06
3.842000000000000000e+03,2.535210114729125053e-06
3.843000000000000000e+03,2.535017301852349192e-06
3.844000000000000000e+03,2.533453653086326085e-06
3.845000000000000000e+03,2.532967073420877568e-06
3.846000000000000000e+03,2.531994141463655978e-06
3.847000000000000000e+03,2.532053031245595776e-06
3.848000000000000000e+03,2.531412974349223077e-06
3.849000000000000000e+03,2.530426854718825780e-06
3.850000000000000000e+03,2.529445964682963677e-06
3.851000000000000000e+03,2.528678351154667325e-06
3.852000000000000000e+03,2.527400511098676361e-06
3.853000000000000000e+03,2.526430080251884647e-06
3.854000000000000000e+03,2.524979890949907713e-06
3.855000000000000000e+03,2.524307774365297519e-06
3.856000000000000000e+03,2.523477860449929722e-06
3.857000000000000000e+03,2.522575414332095534e-06
3.858000000000000000e+03,2.520946509321220219e-06
3.859000000000000000e+03,2.557016614446183667e-06
3.860000000000000000e+03,2.520657972127082758e-06
3.861000000000000000e+03,2.519620238672359847e-06
3.862000000000000000e+03,2.518861492717405781e-06
3.863000000000000000e+03,2.517977236493607052e-06
3.864000000000000000e+03,2.518159817554987967e-06
3.865000000000000000e+03,2.517529537726659328e-06
3.866000000000000000e+03,2.516619588277535513e-06
3.867000000000000000e+03,2.515763526389491744e-06
3.868000000000000000e+03,2.515155983928707428e-06
3.869000000000000000e+03,2.514213747417670675e-06
3.870000000000000000e+03,2.513051867936155759e-06
3.871000000000000000e+03,2.511729007892427035e-06
3.872000000000000000e+03,2.510729700588854030e-06
3.873000000000000000e+03,2.508558054614695720e-06
3.874000000000000000e+03,2.507167209842009470e-06
3.875000000000000000e+03,2.506328655726974830e-06
3.876000000000000000e+03,2.505527163521037437e-06
3.877000000000000000e+03,2.505083330106572248e-06
3.878000000000000000e+03,2.504471012798603624e-06
3.879000000000000000e+03,2.503509449525154196e-06
3.880000000000000000e+03,2.502246161384391598e-06
3.881000000000000000e+03,2.501411017874488607e-06
3.882000000000000000e+03,2.505230440874584019e-06
3.883000000000000000e+03,2.501136123100877739e-06
3.884000000000000000e+03,2.500496748325531371e-06
3.885000000000000000e+03,2.499595666449749842e-06
3.886000000000000000e+03,2.498582489351974800e-06
3.887000000000000000e+03,2.497828290870529599e-06
3.888000000000000000e+03,2.496944489394081756e-06
3.889000000000000000e+03,2.495938588253920898e-06
3.890000000000000000e+03,2.495237822586204857e-06
3.891000000000000000e+03,2.494090040272567421e-06
3.892000000000000000e+03,2.493163947292487137e-06
3.893000000000000000e+03,2.494081854820251465e-06
3.894000000000000000e+03,2.492469093340332620e-06
3.895000000000000000e+03,2.491658960934728384e-06
3.896000000000000000e+03,2.491075747457216494e-06
3.897000000000000000e+03,2.490319729986367747e-06
3.898000000000000000e+03,2.489414328010752797e-06
3.899000000000000000e+03,2.488580776116577908e-06
3.900000000000000000e+03,2.487580331944627687e-06
3.901000000000000000e+03,2.486694711478776298e-06
3.902000000000000000e+03,2.485211552993860096e-06
3.903000000000000000e+03,2.485337745383731090e-06
3.904000000000000000e+03,2.484724745954736136e-06
3.905000000000000000e+03,2.484026026650099084e-06
3.906000000000000000e+03,2.483019670762587339e-06
3.907000000000000000e+03,2.482396212144521996e-06
3.908000000000000000e+03,2.481404180798563175e-06
3.909000000000000000e+03,2.479174554537166841e-06
3.910000000000000000e+03,2.477437647030455992e-06
3.911000000000000000e+03,2.478657734172884375e-06
3.912000000000000000e+03,2.476634563208790496e-06
3.913000000000000000e+03,2.475818519087624736e-06
3.914000000000000000e+03,2.474640496075153351e-06
3.915000000000000000e+03,2.473619588272413239e-06
3.916000000000000000e+03,2.471019342920044437e-06
3.917000000000000000e+03,2.475193241480155848e-06
3.918000000000000000e+03,2.470345179972355254e-06
3.919000000000000000e+03,2.468657839926891029e-06
3.920000000000000000e+03,2.467774720571469516e-06
3.921000000000000000e+03,2.466962769176461734e-06
3.922000000000000000e+03,2.466319529048632830e-06
3.923000000000000000e+03,2.465678107910207473e-06
3.924000000000000000e+03,2.464975750626763329e-06
3.925000000000000000e+03,2.463496002746978775e-06
3.926000000000000000e+03,2.461777057760627940e-06
3.927000000000000000e+03,2.461567873979220167e-06
3.928000000000000000e+03,2.460037876517162658e-06
3.929000000000000000e+03,2.459339384586201049e-06
3.930000000000000000e+03,2.458651124470634386e-06
3.931000000000000000e+03,2.457718892401317134e-06
3.932000000000000000e+03,2.456719130350393243e-06
3.933000000000000000e+03,2.455460617056814954e-06
3.934000000000000000e+03,2.454673449392430484e-06
3.935000000000000000e+03,2.453526803947170265e-06
3.936000000000000000e+03,2.452879016345832497e-06
3.937000000000000000e+03,2.451875161568750627e-06
3.938000000000000000e+03,2.450707825119025074e-06
3.939000000000000000e+03,2.450479996696230955e-06
3.940000000000000000e+03,2.449141675242572092e-06
3.941000000000000000e+03,2.448809027555398643e-06
3.942000000000000000e+03,2.447153974571847357e-06
3.943000000000000000e+03,2.445479594825883396e-06
3.944000000000000000e+03,2.444660594846936874e-06
3.945000000000000000e+03,2.443323637635330670e-06
3.946000000000000000e+03,2.442690174575545825e-06
3.947000000000000000e+03,2.442031245664111339e-06
3.948000000000000000e+03,2.440480557197588496e-06
3.949000000000000000e+03,2.442745426378678530e-06
3.950000000000000000e+03,2.439916443108813837e-06
3.951000000000000000e+03,2.438853243802441284e-06
3.952000000000000000e+03,2.438147021166514605e-06
3.953000000000000000e+03,2.436994691379368305e-06
3.954000000000000000e+03,2.434841462672920898e-06
3.955000000000000000e+03,2.437957846268545836e-06
3.956000000000000000e+03,2.434078169244457968e-06
3.957000000000000000e+03,2.432543851682567038e-06
3.958000000000000000e+03,2.430917220408446155e-06
3.959000000000000000e+03,2.429262167424894869e-06
3.960000000000000000e+03,2.427574145258404315e-06
3.961000000000000000e+03,2.427073241051402874e-06
3.962000000000000000e+03,2.425199454592075199e-06
3.963000000000000000e+03,2.424628746666712686e-06
3.964000000000000000e+03,2.423300884402124211e-06
3.965000000000000000e+03,2.423864316369872540e-06
3.966000000000000000e+03,2.422563056825310923e-06
3.967000000000000000e+03,2.421450290057691745e-06
3.968000000000000000e+03,2.420587634333060123e-06
3.969000000000000000e+03,2.419931888653081842e-06
3.970000000000000000e+03,2.418540589133044705e-06
3.971000000000000000e+03,2.416748657196876593e-06
3.972000000000000000e+03,2.416366442048456520e-06
3.973000000000000000e+03,2.414926257188199088e-06
3.974000000000000000e+03,2.414367827441310510e-06
3.975000000000000000e+03,2.413949459878494963e-06
3.976000000000000000e+03,2.413397169220843352e-06
3.977000000000000000e+03,2.413610218354733661e-06
3.978000000000000000e+03,2.413024276393116452e-06
3.979000000000000000e+03,2.412084540992509574e-06
3.980000000000000000e+03,2.410936531305196695e-06
3.981000000000000000e+03,2.409591616014949977e-06
3.982000000000000000e+03,2.408459977232269011e-06
3.983000000000000000e+03,2.406140993116423488e-06
3.984000000000000000e+03,2.420647888357052580e-06
3.985000000000000000e+03,2.405571649433113635e-06
3.986000000000000000e+03,2.403771986791980453e-06
3.987000000000000000e+03,2.402668542345054448e-06
3.988000000000000000e+03,2.401567599008558318e-06
3.989000000000000000e+03,2.400637185928644612e-06
3.990000000000000000e+03,2.399080130999209359e-06
3.991000000000000000e+03,2.398528067715233192e-06
3.992000000000000000e+03,2.397170419499161653e-06
3.993000000000000000e+03,2.396629952272633091e-06
3.994000000000000000e+03,2.395534920651698485e-06
3.995000000000000000e+03,2.394883040324202739e-06
3.996000000000000000e+03,2.393526074229157530e-06
3.997000000000000000e+03,2.392973556197830476e-06
3.998000000000000000e+03,2.392405576756573282e-06
3.999000000000000000e+03,2.391374891885789111e-06
4.000000000000000000e+03,2.390548843322903849e-06
4.001000000000000000e+03,2.389714609307702631e-06
4.002000000000000000e+03,2.388535904174204916e-06
4.003000000000000000e+03,2.386893811490153894e-06
4.004000000000000000e+03,2.388762140981270932e-06
4.005000000000000000e+03,2.386380174357327633e-06
4.006000000000000000e+03,2.385590505582513288e-06
4.007000000000000000e+03,2.384822437306866050e-06
4.008000000000000000e+03,2.384095751040149480e-06
4.009000000000000000e+03,2.383431819907855242e-06
4.010000000000000000e+03,2.382397724431939423e-06
4.011000000000000000e+03,2.381777676419005729e-06
4.012000000000000000e+03,2.381308377152890898e-06
4.013000000000000000e+03,2.380497335252584890e-06
4.014000000000000000e+03,2.379171064603724517e-06
4.015000000000000000e+03,2.377666532993316650e-06
4.016000000000000000e+03,2.380633986831526272e-06
4.017000000000000000e+03,2.376817974436562508e-06
4.018000000000000000e+03,2.375667918386170641e-06
4.019000000000000000e+03,2.375114036112790927e-06
4.020000000000000000e+03,2.374403266003355384e-06
4.021000000000000000e+03,2.374008772676461376e-06
4.022000000000000000e+03,2.373415554757229984e-06
4.023000000000000000e+03,2.372524249949492514e-06
4.024000000000000000e+03,2.371108621446182951e-06
4.025000000000000000e+03,2.391568841630942188e-06
4.026000000000000000e+03,2.370720039834850468e-06
4.027000000000000000e+03,2.369228468523942865e-06
4.028000000000000000e+03,2.368180503253825009e-06
4.029000000000000000e+03,2.367059778407565318e-06
4.030000000000000000e+03,2.366109129070537165e-06
4.031000000000000000e+03,2.365228738199220970e-06
4.032000000000000000e+03,2.364257397857727483e-06
4.033000000000000000e+03,2.363400199101306498e-06
4.034000000000000000e+03,2.362911118325428106e-06
4.035000000000000000e+03,2.379644001848646440e-06
4.036000000000000000e+03,2.362579152759280987e-06
4.037000000000000000e+03,2.361358610869501717e-06
4.038000000000000000e+03,2.360557346037239768e-06
4.039000000000000000e+03,2.359793370487750508e-06
4.040000000000000000e+03,2.359116024308605120e-06
4.041000000000000000e+03,2.358500978516531177e-06
4.042000000000000000e+03,2.357701532673672773e-06
4.043000000000000000e+03,2.357278845011023805e-06
4.044000000000000000e+03,2.356680170123581775e-06
4.045000000000000000e+03,2.356191316721378826e-06
4.046000000000000000e+03,2.354764546907972544e-06
4.047000000000000000e+03,2.354103344259783626e-06
4.048000000000000000e+03,2.352336423427914269e-06
4.049000000000000000e+03,2.351631110286689363e-06
4.050000000000000000e+03,2.350724571442697197e-06
4.051000000000000000e+03,2.349513806620961986e-06
4.052000000000000000e+03,2.347278496017679572e-06
4.053000000000000000e+03,2.346471092096180655e-06
4.054000000000000000e+03,2.344866516068577766e-06
4.055000000000000000e+03,2.344047743463306688e-06
4.056000000000000000e+03,2.343312871744274162e-06
4.057000000000000000e+03,2.342428842894150876e-06
4.058000000000000000e+03,2.341446133868885227e-06
4.059000000000000000e+03,2.340360424568643793e-06
4.060000000000000000e+03,2.339545972063206136e-06
4.061000000000000000e+03,2.337943442398682237e-06
4.062000000000000000e+03,2.337161731702508405e-06
4.063000000000000000e+03,2.336431407456984743e-06
4.064000000000000000e+03,2.335483713977737352e-06
4.065000000000000000e+03,2.333515112695749849e-06
4.066000000000000000e+03,2.333888687644503079e-06
4.067000000000000000e+03,2.332581289010704495e-06
4.068000000000000000e+03,2.331535142729990184e-06
4.069000000000000000e+03,2.330392590010887943e-06
4.070000000000000000e+03,2.329447397642070428e-06
4.071000000000000000e+03,2.328045184185612015e-06
4.072000000000000000e+03,2.326764843019191176e-06
4.073000000000000000e+03,2.325571813344140537e-06
4.074000000000000000e+03,2.324410161236301064e-06
4.075000000000000000e+03,2.323656872249557637e-06
4.076000000000000000e+03,2.322471345905796625e-06
4.077000000000000000e+03,2.321617557754507288e-06
4.078000000000000000e+03,2.320460225746501237e-06
4.079000000000000000e+03,2.318996166650322266e-06
4.080000000000000000e+03,2.318533915968146175e-06
4.081000000000000000e+03,2.317730377399129793e-06
4.082000000000000000e+03,2.317191047040978447e-06
4.083000000000000000e+03,2.316238806088222191e-06
4.084000000000000000e+03,2.314901394129265100e-06
4.085000000000000000e+03,2.322806494703399949e-06
4.086000000000000000e+03,2.314485982424230315e-06
4.087000000000000000e+03,2.313415052412892692e-06
4.088000000000000000e+03,2.312737706233747303e-06
4.089000000000000000e+03,2.312109700142173097e-06
4.090000000000000000e+03,2.311413709321641363e-06
4.091000000000000000e+03,2.310719764864188619e-06
4.092000000000000000e+03,2.310255922566284426e-06
4.093000000000000000e+03,2.309870069439057261e-06
4.094000000000000000e+03,2.309454885107697919e-06
4.095000000000000000e+03,2.308609964529750869e-06
4.096000000000000000e+03,2.308350758539745584e-06
4.097000000000000000e+03,2.307534487044904381e-06
4.098000000000000000e+03,2.307036538695683703e-06
4.099000000000000000e+03,2.306273017893545330e-06
4.100000000000000000e+03,2.305345333297736943e-06
4.101000000000000000e+03,2.303422206750838086e-06
4.102000000000000000e+03,2.301567519680247642e-06
4.103000000000000000e+03,2.300093228768673725e-06
4.104000000000000000e+03,2.299431571373133920e-06
4.105000000000000000e+03,2.298540948686422780e-06
4.106000000000000000e+03,2.297751962032634765e-06
4.107000000000000000e+03,2.297286755492677912e-06
4.108000000000000000e+03,2.296496177223161794e-06
4.109000000000000000e+03,2.295173544553108513e-06
4.110000000000000000e+03,2.294896603416418657e-06
4.111000000000000000e+03,2.292423232574947178e-06
4.112000000000000000e+03,2.291587634317693301e-06
4.113000000000000000e+03,2.289727717652567662e-06
4.114000000000000000e+03,2.291837972734356299e-06
4.115000000000000000e+03,2.288998302901745774e-06
4.116000000000000000e+03,2.287918960064416751e-06
4.117000000000000000e+03,2.286684548380435444e-06
4.118000000000000000e+03,2.285765276610618457e-06
4.119000000000000000e+03,2.284346692249528132e-06
4.120000000000000000e+03,2.282663899677572772e-06
4.121000000000000000e+03,2.282322157043381594e-06
4.122000000000000000e+03,2.280814669575192966e-06
4.123000000000000000e+03,2.280436319779255427e-06
4.124000000000000000e+03,2.280007947774720378e-06
4.125000000000000000e+03,2.278286729051615112e-06
4.126000000000000000e+03,2.278398824273608625e-06
4.127000000000000000e+03,2.277171006426215172e-06
4.128000000000000000e+03,2.275568249388015829e-06
4.129000000000000000e+03,2.274734242746490054e-06
4.130000000000000000e+03,2.273976861033588648e-06
4.131000000000000000e+03,2.273072141179000027e-06
4.132000000000000000e+03,2.272167193950735964e-06
4.133000000000000000e+03,2.271400262543465942e-06
4.134000000000000000e+03,2.270640834467485547e-06
4.135000000000000000e+03,2.268899152113590389e-06
4.136000000000000000e+03,2.268688604090129957e-06
4.137000000000000000e+03,2.266734327349695377e-06
4.138000000000000000e+03,2.265914417876047082e-06
4.139000000000000000e+03,2.264584736622055061e-06
4.140000000000000000e+03,2.263417172798654065e-06
4.141000000000000000e+03,2.262369207528536208e-06
4.142000000000000000e+03,2.261823965454823337e-06
4.143000000000000000e+03,2.261307145090540871e-06
4.144000000000000000e+03,2.260658902741852216e-06
4.145000000000000000e+03,2.259876282550976612e-06
4.146000000000000000e+03,2.258685981360031292e-06
4.147000000000000000e+03,2.258069343952229246e-06
4.148000000000000000e+03,2.257501819258322939e-06
4.149000000000000000e+03,2.256242169096367434e-06
4.150000000000000000e+03,2.254836999782128260e-06
4.151000000000000000e+03,2.253475713587249629e-06
4.152000000000000000e+03,2.252813146697008051e-06
4.153000000000000000e+03,2.251140131193096749e-06
4.154000000000000000e+03,2.249118779218406416e-06
4.155000000000000000e+03,2.247205657113227062e-06
4.156000000000000000e+03,2.245038103865226731e-06
4.157000000000000000e+03,2.243159769932390191e-06
4.158000000000000000e+03,2.241881475129048340e-06
4.159000000000000000e+03,2.239991317765088752e-06
4.160000000000000000e+03,2.238772594864713028e-06
4.161000000000000000e+03,2.238019987998995930e-06
4.162000000000000000e+03,2.235757619928335771e-06
4.163000000000000000e+03,2.245998302896623500e-06
4.164000000000000000e+03,2.234907242382178083e-06
4.165000000000000000e+03,2.233804480056278408e-06
4.166000000000000000e+03,2.232623046438675374e-06
4.167000000000000000e+03,2.231325197499245405e-06
4.168000000000000000e+03,2.229934580100234598e-06
4.169000000000000000e+03,2.228053972430643626e-06
4.170000000000000000e+03,2.227117420261492953e-06
4.171000000000000000e+03,2.226280457762186415e-06
4.172000000000000000e+03,2.224687023044680245e-06
4.173000000000000000e+03,2.223622004748904146e-06
4.174000000000000000e+03,2.221667045887443237e-06
4.175000000000000000e+03,2.220758688054047525e-06
4.176000000000000000e+03,2.218745976279024035e-06
4.177000000000000000e+03,2.217854216723935679e-06
4.178000000000000000e+03,2.215477024947176687e-06
4.179000000000000000e+03,2.213286279584281147e-06
4.180000000000000000e+03,2.211554601672105491e-06
4.181000000000000000e+03,2.210628963439376093e-06
4.182000000000000000e+03,2.209899548688554205e-06
4.183000000000000000e+03,2.209287686127936468e-06
4.184000000000000000e+03,2.208250180046889000e-06
4.185000000000000000e+03,2.207360012107528746e-06
4.186000000000000000e+03,2.206404133175965399e-06
4.187000000000000000e+03,2.205251803388819098e-06
4.188000000000000000e+03,2.203820940849254839e-06
4.189000000000000000e+03,2.202911673521157354e-06
4.190000000000000000e+03,2.201850293204188347e-06
4.191000000000000000e+03,2.200503104177187197e-06
4.192000000000000000e+03,2.199861683038761839e-06
4.193000000000000000e+03,2.197986077590030618e-06
4.194000000000000000e+03,2.196947889387956820e-06
4.195000000000000000e+03,2.196011337218806148e-06
4.196000000000000000e+03,2.194987700931960717e-06
4.197000000000000000e+03,2.193543423345545307e-06
4.198000000000000000e+03,2.191801513617974706e-06
4.199000000000000000e+03,2.195909928559558466e-06
4.200000000000000000e+03,2.191131670770118944e-06
4.201000000000000000e+03,2.190014356528990902e-06
4.202000000000000000e+03,2.189440237998496741e-06
4.203000000000000000e+03,2.188814960391027853e-06
4.204000000000000000e+03,2.187780864915112033e-06
4.205000000000000000e+03,2.190028908444219269e-06
4.206000000000000000e+03,2.187251311625004746e-06
4.207000000000000000e+03,2.186010306104435585e-06
4.208000000000000000e+03,2.185515313612995669e-06
4.209000000000000000e+03,2.185018274758476764e-06
4.210000000000000000e+03,2.184308868891093880e-06
4.211000000000000000e+03,2.182847083531669341e-06
4.212000000000000000e+03,2.182482148782582954e-06
4.213000000000000000e+03,2.181253648814163171e-06
4.214000000000000000e+03,2.180887804570375010e-06
4.215000000000000000e+03,2.179834609705721959e-06
4.216000000000000000e+03,2.179220473408349790e-06
4.217000000000000000e+03,2.177961505367420614e-06
4.218000000000000000e+03,2.177247097279177979e-06
4.219000000000000000e+03,2.176199586756411009e-06
4.220000000000000000e+03,2.175107510993257165e-06
4.221000000000000000e+03,2.174007022404111922e-06
4.222000000000000000e+03,2.173194616261753254e-06
4.223000000000000000e+03,2.171971573261544108e-06
4.224000000000000000e+03,2.171231244574300945e-06
4.225000000000000000e+03,2.170440666304784827e-06
4.226000000000000000e+03,2.169528670492582023e-06
4.227000000000000000e+03,2.168624178011668846e-06
4.228000000000000000e+03,2.167460024793399498e-06
4.229000000000000000e+03,2.166626472899224609e-06
4.230000000000000000e+03,2.166329750252771191e-06
4.231000000000000000e+03,2.164796796932932921e-06
4.232000000000000000e+03,2.164502802770584822e-06
4.233000000000000000e+03,2.163630824725260027e-06
4.234000000000000000e+03,2.162674718420021236e-06
4.235000000000000000e+03,2.161680868084658869e-06
4.236000000000000000e+03,2.160676103812875226e-06
4.237000000000000000e+03,2.159636551368748769e-06
4.238000000000000000e+03,2.158654751838184893e-06
4.239000000000000000e+03,2.157840299332747236e-06
4.240000000000000000e+03,2.156677737730205990e-06
4.241000000000000000e+03,2.155029278583242558e-06
4.242000000000000000e+03,2.154225967387901619e-06
4.243000000000000000e+03,2.152071374439401552e-06
4.244000000000000000e+03,2.150589807570213452e-06
4.245000000000000000e+03,2.149539113815990277e-06
4.246000000000000000e+03,2.148227395082358271e-06
4.247000000000000000e+03,2.147418626918806694e-06
4.248000000000000000e+03,2.147414988939999603e-06
4.249000000000000000e+03,2.146993210772052407e-06
4.250000000000000000e+03,2.146434098904137500e-06
4.251000000000000000e+03,2.145757434846018441e-06
4.252000000000000000e+03,2.145121925423154607e-06
4.253000000000000000e+03,2.144126028724713251e-06
4.254000000000000000e+03,2.144082600352703594e-06
4.255000000000000000e+03,2.143515985153499059e-06
4.256000000000000000e+03,2.143094661732902750e-06
4.257000000000000000e+03,2.142498260582215153e-06
4.258000000000000000e+03,2.141803406630060636e-06
4.259000000000000000e+03,2.139860043826047331e-06
4.260000000000000000e+03,2.137715455319266766e-06
4.261000000000000000e+03,2.136954435627558269e-06
4.262000000000000000e+03,2.135421709681395441e-06
4.263000000000000000e+03,2.134881469828542322e-06
4.264000000000000000e+03,2.133657517333631404e-06
4.265000000000000000e+03,2.132020199496764690e-06
4.266000000000000000e+03,2.145757207472342998e-06
4.267000000000000000e+03,2.131464043486630544e-06
4.268000000000000000e+03,2.129760332536534406e-06
4.269000000000000000e+03,2.128073447238421068e-06
4.270000000000000000e+03,2.126595973095390946e-06
4.271000000000000000e+03,2.125454557244665921e-06
4.272000000000000000e+03,2.124113507306901738e-06
4.273000000000000000e+03,2.122295200024382211e-06
4.274000000000000000e+03,2.120749741152394563e-06
4.275000000000000000e+03,2.118700649589300156e-06
4.276000000000000000e+03,2.117133817591820844e-06
4.277000000000000000e+03,2.115142024194938131e-06
4.278000000000000000e+03,2.113992877639248036e-06
4.279000000000000000e+03,2.112650236085755751e-06
4.280000000000000000e+03,2.112703441525809467e-06
4.281000000000000000e+03,2.111898993462091312e-06
4.282000000000000000e+03,2.110928562615299597e-06
4.283000000000000000e+03,2.109468368871603161e-06
4.284000000000000000e+03,2.108606622641673312e-06
4.285000000000000000e+03,2.108031139869126491e-06
4.286000000000000000e+03,2.107000227624666877e-06
4.287000000000000000e+03,2.106281272062915377e-06
4.288000000000000000e+03,2.105272869812324643e-06
4.289000000000000000e+03,2.104470240738010034e-06
4.290000000000000000e+03,2.103372935380320996e-06
4.291000000000000000e+03,2.102244252455420792e-06
4.292000000000000000e+03,2.102192411257419735e-06
4.293000000000000000e+03,2.101487552863545716e-06
4.294000000000000000e+03,2.100287701978231780e-06
4.295000000000000000e+03,2.099781795550370589e-06
4.296000000000000000e+03,2.098956429108511657e-06
4.297000000000000000e+03,2.097934157063718885e-06
4.298000000000000000e+03,2.098457571264589205e-06
4.299000000000000000e+03,2.097299784509232268e-06
4.300000000000000000e+03,2.096062416967470199e-06
4.301000000000000000e+03,2.095402123813983053e-06
4.302000000000000000e+03,2.094473302349797450e-06
4.303000000000000000e+03,2.093506509481812827e-06
4.304000000000000000e+03,2.093096099997637793e-06
4.305000000000000000e+03,2.091564965667203069e-06
4.306000000000000000e+03,2.090832140311249532e-06
4.307000000000000000e+03,2.089885583700379357e-06
4.308000000000000000e+03,2.089007693939493038e-06
4.309000000000000000e+03,2.088019073198665865e-06
4.310000000000000000e+03,2.088073188133421354e-06
4.311000000000000000e+03,2.087336724798660725e-06
4.312000000000000000e+03,2.086260792566463351e-06
4.313000000000000000e+03,2.085690539388451725e-06
4.314000000000000000e+03,2.084834932247758843e-06
4.315000000000000000e+03,2.084097786791971885e-06
4.316000000000000000e+03,2.082900891764438711e-06
4.317000000000000000e+03,2.082085984511650167e-06
4.318000000000000000e+03,2.080953208860591985e-06
4.319000000000000000e+03,2.080173771901172586e-06
4.320000000000000000e+03,2.079263367704697885e-06
4.321000000000000000e+03,2.077697899949271232e-06
4.322000000000000000e+03,2.076309328913339414e-06
4.323000000000000000e+03,2.075797056022565812e-06
4.324000000000000000e+03,2.074747953884070739e-06
4.325000000000000000e+03,2.074372105198563077e-06
4.326000000000000000e+03,2.073843688776833005e-06
4.327000000000000000e+03,2.073138375635608099e-06
4.328000000000000000e+03,2.072220240734168328e-06
4.329000000000000000e+03,2.075218844765913673e-06
4.330000000000000000e+03,2.071875996989547275e-06
4.331000000000000000e+03,2.070916025331825949e-06
4.332000000000000000e+03,2.069728225251310505e-06
4.333000000000000000e+03,2.068556568701751530e-06
4.334000000000000000e+03,2.067740297206910327e-06
4.335000000000000000e+03,2.066870820272015408e-06
4.336000000000000000e+03,2.065943135676207021e-06
4.337000000000000000e+03,2.065373564619221725e-06
4.338000000000000000e+03,2.065005219265003689e-06
4.339000000000000000e+03,2.064539330604020506e-06
4.340000000000000000e+03,2.064117097688722424e-06
4.341000000000000000e+03,2.063534111584885977e-06
4.342000000000000000e+03,2.063100282612140290e-06
4.343000000000000000e+03,2.061651230178540573e-06
4.344000000000000000e+03,2.060650103885564022e-06
4.345000000000000000e+03,2.059676489807316102e-06
4.346000000000000000e+03,2.059383632513345219e-06
4.347000000000000000e+03,2.059028247458627447e-06
4.348000000000000000e+03,2.058116024272749200e-06
4.349000000000000000e+03,2.056976200037752278e-06
4.350000000000000000e+03,2.058646032310207374e-06
4.351000000000000000e+03,2.056519406323786825e-06
4.352000000000000000e+03,2.055559662039740942e-06
4.353000000000000000e+03,2.054956212305114605e-06
4.354000000000000000e+03,2.054385731753427535e-06
4.355000000000000000e+03,2.054107653748360462e-06
4.356000000000000000e+03,2.053686557701439597e-06
4.357000000000000000e+03,2.053248636002535932e-06
4.358000000000000000e+03,2.052813897535088472e-06
4.359000000000000000e+03,2.051957608273369260e-06
4.360000000000000000e+03,2.051882347586797550e-06
4.361000000000000000e+03,2.051566525551606901e-06
4.362000000000000000e+03,2.050948069154401310e-06
4.363000000000000000e+03,2.050197963399114087e-06
4.364000000000000000e+03,2.049194563369383104e-06
4.365000000000000000e+03,2.049011982308002189e-06
4.366000000000000000e+03,2.047921725534251891e-06
4.367000000000000000e+03,2.047418774964171462e-06
4.368000000000000000e+03,2.046947884082328528e-06
4.369000000000000000e+03,2.046545887424144894e-06
4.370000000000000000e+03,2.045657993221539073e-06
4.371000000000000000e+03,2.044680059043457732e-06
4.372000000000000000e+03,2.043949052676907741e-06
4.373000000000000000e+03,2.043495896941749379e-06
4.374000000000000000e+03,2.043119138761539944e-06
4.375000000000000000e+03,2.042493861154071055e-06
4.376000000000000000e+03,2.042003188762464561e-06
4.377000000000000000e+03,2.041040488620637916e-06
4.378000000000000000e+03,2.040947265413706191e-06
4.379000000000000000e+03,2.040615981968585402e-06
4.380000000000000000e+03,2.040303343164850958e-06
4.381000000000000000e+03,2.039757646343787201e-06
4.382000000000000000e+03,2.038835646089864895e-06
4.383000000000000000e+03,2.037948661381960846e-06
4.384000000000000000e+03,2.037217200268059969e-06
4.385000000000000000e+03,2.036254954873584211e-06
4.386000000000000000e+03,2.035709258052520454e-06
4.387000000000000000e+03,2.035035549852182157e-06
4.388000000000000000e+03,2.033965984082897194e-06
4.389000000000000000e+03,2.032155634879018180e-06
4.390000000000000000e+03,2.031255235124262981e-06
4.391000000000000000e+03,2.029671577474800870e-06
4.392000000000000000e+03,2.029078359555569477e-06
4.393000000000000000e+03,2.028170229095849209e-06
4.394000000000000000e+03,2.028139988397015259e-06
4.395000000000000000e+03,2.027626351264188997e-06
4.396000000000000000e+03,2.027058826570282690e-06
4.397000000000000000e+03,2.026249148912029341e-06
4.398000000000000000e+03,2.025536105065839365e-06
4.399000000000000000e+03,2.023509523496613838e-06
4.400000000000000000e+03,2.027655682468321174e-06
4.401000000000000000e+03,2.022976104854024015e-06
4.402000000000000000e+03,2.022145736191305332e-06
4.403000000000000000e+03,2.021455429712659679e-06
4.404000000000000000e+03,2.020622332565835677e-06
4.405000000000000000e+03,2.019248086071456783e-06
4.406000000000000000e+03,2.017767428696970455e-06
4.407000000000000000e+03,2.016670123339281417e-06
4.408000000000000000e+03,2.015887275774730369e-06
4.409000000000000000e+03,2.015212203332339413e-06
4.410000000000000000e+03,2.014218352996977046e-06
4.411000000000000000e+03,2.013139692280674353e-06
4.412000000000000000e+03,2.012276581808691844e-06
4.413000000000000000e+03,2.011719288930180483e-06
4.414000000000000000e+03,2.010710204558563419e-06
4.415000000000000000e+03,2.009505806199740618e-06
4.416000000000000000e+03,2.008235242101363838e-06
4.417000000000000000e+03,2.006769136642105877e-06
4.418000000000000000e+03,2.007840976148145273e-06
4.419000000000000000e+03,2.006103613894083537e-06
4.420000000000000000e+03,2.004978341574314982e-06
4.421000000000000000e+03,2.004151838264078833e-06
4.422000000000000000e+03,2.003130703087663278e-06
4.423000000000000000e+03,2.001625261982553639e-06
4.424000000000000000e+03,2.011812512137112208e-06
4.425000000000000000e+03,2.001054554057191126e-06
4.426000000000000000e+03,1.999864025492570363e-06
4.427000000000000000e+03,1.999022060772404075e-06
4.428000000000000000e+03,1.997992058022646233e-06
4.429000000000000000e+03,1.998947254833183251e-06
4.430000000000000000e+03,1.997571644096751697e-06
4.431000000000000000e+03,1.997125536945532076e-06
4.432000000000000000e+03,1.996460014197509736e-06
4.433000000000000000e+03,1.995915681618498638e-06
4.434000000000000000e+03,1.994427293539047241e-06
4.435000000000000000e+03,2.004062480409629643e-06
4.436000000000000000e+03,1.994181502595893107e-06
4.437000000000000000e+03,1.993393198063131422e-06
4.438000000000000000e+03,1.992244733628467657e-06
4.439000000000000000e+03,1.991368890230660327e-06
4.440000000000000000e+03,1.990322061828919686e-06
4.441000000000000000e+03,1.989280008274363354e-06
4.442000000000000000e+03,1.988584472201182507e-06
4.443000000000000000e+03,1.988073336178786121e-06
4.444000000000000000e+03,1.987245696000172757e-06
4.445000000000000000e+03,1.986214783755713142e-06
4.446000000000000000e+03,1.985297330975299701e-06
4.447000000000000000e+03,1.984012442335369997e-06
4.448000000000000000e+03,1.982744379347423092e-06
4.449000000000000000e+03,1.981826471819658764e-06
4.450000000000000000e+03,1.981031118702958338e-06
4.451000000000000000e+03,1.979879016289487481e-06
4.452000000000000000e+03,1.987200903386110440e-06
4.453000000000000000e+03,1.979322405532002449e-06
4.454000000000000000e+03,1.978748741748859175e-06
4.455000000000000000e+03,1.977268539121723734e-06
4.456000000000000000e+03,1.976308794837677851e-06
4.457000000000000000e+03,1.974774249902111478e-06
4.458000000000000000e+03,1.974473889276850969e-06
4.459000000000000000e+03,1.972806558114825748e-06
4.460000000000000000e+03,1.972131258298759349e-06
4.461000000000000000e+03,1.971402070921612903e-06
4.462000000000000000e+03,1.970308176169055514e-06
4.463000000000000000e+03,1.974268570847925730e-06
4.464000000000000000e+03,1.969888671737862751e-06
4.465000000000000000e+03,1.968788410522392951e-06
4.466000000000000000e+03,1.968172455235617235e-06
4.467000000000000000e+03,1.967485331988427788e-06
4.468000000000000000e+03,1.966909394468530081e-06
4.469000000000000000e+03,1.966023774002678692e-06
4.470000000000000000e+03,1.965493083844194189e-06
4.471000000000000000e+03,1.964574948942754418e-06
4.472000000000000000e+03,1.963897148016258143e-06
4.473000000000000000e+03,1.962943770195124671e-06
4.474000000000000000e+03,1.961431507879751734e-06
4.475000000000000000e+03,1.962363057828042656e-06
4.476000000000000000e+03,1.960900135600240901e-06
4.477000000000000000e+03,1.959766905201831833e-06
4.478000000000000000e+03,1.958864459083997644e-06
4.479000000000000000e+03,1.958000893864664249e-06
4.480000000000000000e+03,1.959081146196695045e-06
4.481000000000000000e+03,1.957598897206480615e-06
4.482000000000000000e+03,1.956677806447260082e-06
4.483000000000000000e+03,1.956177811734960414e-06
4.484000000000000000e+03,1.955483412530156784e-06
4.485000000000000000e+03,1.955177594936685637e-06
4.486000000000000000e+03,1.954556182681699283e-06
4.487000000000000000e+03,1.955781499418662861e-06
4.488000000000000000e+03,1.954297886186395772e-06
4.489000000000000000e+03,1.953700120793655515e-06
4.490000000000000000e+03,1.952869752130936831e-06
4.491000000000000000e+03,1.952118282133596949e-06
4.492000000000000000e+03,1.951374770214897580e-06
4.493000000000000000e+03,1.950460045918589458e-06
4.494000000000000000e+03,1.949520992639008909e-06
4.495000000000000000e+03,1.948508497662260197e-06
4.496000000000000000e+03,1.947662667589611374e-06
4.497000000000000000e+03,1.946933934959815815e-06
4.498000000000000000e+03,1.946111297002062201e-06
4.499000000000000000e+03,1.945598341990262270e-06
4.500000000000000000e+03,1.944927817021380179e-06
4.501000000000000000e+03,1.944066298165125772e-06
4.502000000000000000e+03,1.943280949490144849e-06
4.503000000000000000e+03,1.942469225468812510e-06
4.504000000000000000e+03,1.941799837368307635e-06
4.505000000000000000e+03,1.941179107234347612e-06
4.506000000000000000e+03,1.940258698596153408e-06
4.507000000000000000e+03,1.939190269695245661e-06
4.508000000000000000e+03,1.938226887432392687e-06
4.509000000000000000e+03,1.937671868290635757e-06
4.510000000000000000e+03,1.936978833327884786e-06
4.511000000000000000e+03,1.936614125952473842e-06
4.512000000000000000e+03,1.936302396643441170e-06
4.513000000000000000e+03,1.935718273671227507e-06
4.514000000000000000e+03,1.934307647388777696e-06
4.515000000000000000e+03,1.933493194883340038e-06
4.516000000000000000e+03,1.932764689627219923e-06
4.517000000000000000e+03,1.932164195750374347e-06
4.518000000000000000e+03,1.931726501425146125e-06
4.519000000000000000e+03,1.931207179950433783e-06
4.520000000000000000e+03,1.930248345161089674e-06
4.521000000000000000e+03,1.929112613652250730e-06
4.522000000000000000e+03,1.928218807734083384e-06
4.523000000000000000e+03,1.927506446008919738e-06
4.524000000000000000e+03,1.926999175339005888e-06
4.525000000000000000e+03,1.926472123159328476e-06
4.526000000000000000e+03,1.925177230077679269e-06
4.527000000000000000e+03,1.924492380567244254e-06
4.528000000000000000e+03,1.922558112710248679e-06
4.529000000000000000e+03,1.921853026942699216e-06
4.530000000000000000e+03,1.920973318192409351e-06
4.531000000000000000e+03,1.920087015605531633e-06
4.532000000000000000e+03,1.920454678838723339e-06
4.533000000000000000e+03,1.919291207741480321e-06
4.534000000000000000e+03,1.917574763865559362e-06
4.535000000000000000e+03,1.916688006531330757e-06
4.536000000000000000e+03,1.915775328598101623e-06
4.537000000000000000e+03,1.914772838063072413e-06
4.538000000000000000e+03,1.921909415614209138e-06
4.539000000000000000e+03,1.914539097924716771e-06
4.540000000000000000e+03,1.913585947477258742e-06
4.541000000000000000e+03,1.912776042445329949e-06
4.542000000000000000e+03,1.912126208480913192e-06
4.543000000000000000e+03,1.913489768412546255e-06
4.544000000000000000e+03,1.911812205435126089e-06
4.545000000000000000e+03,1.911161007228656672e-06
4.546000000000000000e+03,1.910342234623385593e-06
4.547000000000000000e+03,1.909955244627781212e-06
4.548000000000000000e+03,1.909400225486024283e-06
4.549000000000000000e+03,1.908153535623569041e-06
4.550000000000000000e+03,1.910255832626717165e-06
4.551000000000000000e+03,1.907618070617900230e-06
4.552000000000000000e+03,1.906593865896866191e-06
4.553000000000000000e+03,1.906214606606226880e-06
4.554000000000000000e+03,1.905604221974499524e-06
4.555000000000000000e+03,1.905197223095456138e-06
4.556000000000000000e+03,1.904733494484389666e-06
4.557000000000000000e+03,1.903854126794612966e-06
4.558000000000000000e+03,1.902663370856316760e-06
4.559000000000000000e+03,1.901747282317955978e-06
4.560000000000000000e+03,1.900147253763861954e-06
4.561000000000000000e+03,1.899460130516672507e-06
4.562000000000000000e+03,1.898970822367118672e-06
4.563000000000000000e+03,1.898430241453752387e-06
4.564000000000000000e+03,1.897648303383903112e-06
4.565000000000000000e+03,1.897687070595566183e-06
4.566000000000000000e+03,1.897346919577103108e-06
4.567000000000000000e+03,1.896898766062804498e-06
4.568000000000000000e+03,1.896383196253736969e-06
4.569000000000000000e+03,1.895918330774293281e-06
4.570000000000000000e+03,1.895076366054126993e-06
4.571000000000000000e+03,1.893763055704766884e-06
4.572000000000000000e+03,1.893646299322426785e-06
4.573000000000000000e+03,1.892954514914890751e-06
4.574000000000000000e+03,1.891873012027645018e-06
4.575000000000000000e+03,1.891164288281288464e-06
4.576000000000000000e+03,1.890249905045493506e-06
4.577000000000000000e+03,1.889180794023559429e-06
4.578000000000000000e+03,1.888231963675934821e-06
4.579000000000000000e+03,1.887786424958903808e-06
4.580000000000000000e+03,1.887137045741837937e-06
4.581000000000000000e+03,1.886414906948630232e-06
4.582000000000000000e+03,1.885353071884310339e-06
4.583000000000000000e+03,1.883661411739012692e-06
4.584000000000000000e+03,1.882523633867094759e-06
4.585000000000000000e+03,1.881199750641826540e-06
4.586000000000000000e+03,1.880436798273876775e-06
4.587000000000000000e+03,1.879200681287329644e-06
4.588000000000000000e+03,1.878642137853603344e-06
4.589000000000000000e+03,1.877519821391615551e-06
4.590000000000000000e+03,1.876708893178147264e-06
4.591000000000000000e+03,1.875820430541352835e-06
4.592000000000000000e+03,1.875164002740348224e-06
4.593000000000000000e+03,1.874472559393325355e-06
4.594000000000000000e+03,1.874007239166530780e-06
4.595000000000000000e+03,1.873453925327339675e-06
4.596000000000000000e+03,1.873100586635700893e-06
4.597000000000000000e+03,1.872692678261955734e-06
4.598000000000000000e+03,1.871658810159715358e-06
4.599000000000000000e+03,1.870966684691666160e-06
4.600000000000000000e+03,1.869983975666400511e-06
4.601000000000000000e+03,1.869480342975293752e-06
4.602000000000000000e+03,1.868870299404079560e-06
4.603000000000000000e+03,1.867904870778147597e-06
4.604000000000000000e+03,1.866892375801398885e-06
4.605000000000000000e+03,1.866248794613056816e-06
4.606000000000000000e+03,1.865847821136412676e-06
4.607000000000000000e+03,1.865589752014784608e-06
4.608000000000000000e+03,1.865205490503285546e-06
4.609000000000000000e+03,1.864655928329739254e-06
4.610000000000000000e+03,1.863969487203576136e-06
4.611000000000000000e+03,1.865371359599521384e-06
4.612000000000000000e+03,1.863464945017767604e-06
4.613000000000000000e+03,1.862766453086805996e-06
4.614000000000000000e+03,1.861805799308058340e-06
4.615000000000000000e+03,1.861180408013751730e-06
4.616000000000000000e+03,1.860669613051868510e-06
4.617000000000000000e+03,1.860161091826739721e-06
4.618000000000000000e+03,1.859118469837994780e-06
4.619000000000000000e+03,1.858030486800998915e-06
4.620000000000000000e+03,1.857483198364207055e-06
4.621000000000000000e+03,1.856486278484226204e-06
4.622000000000000000e+03,1.856156245594320353e-06
4.623000000000000000e+03,1.855346567936067004e-06
4.624000000000000000e+03,1.854301785897405352e-06
4.625000000000000000e+03,1.853972094068012666e-06
4.626000000000000000e+03,1.852316358963435050e-06
4.627000000000000000e+03,1.851508045547234360e-06
4.628000000000000000e+03,1.850753619692113716e-06
4.629000000000000000e+03,1.849560248956549913e-06
4.630000000000000000e+03,1.848419060479500331e-06
4.631000000000000000e+03,1.847546968747337814e-06
4.632000000000000000e+03,1.846576537900546100e-06
4.633000000000000000e+03,1.845778001552389469e-06
4.634000000000000000e+03,1.845010046963579953e-06
4.635000000000000000e+03,1.844125449679268058e-06
4.636000000000000000e+03,1.843467885009886231e-06
4.637000000000000000e+03,1.842903770921111573e-06
4.638000000000000000e+03,1.842522465267393272e-06
4.639000000000000000e+03,1.841518837863986846e-06
4.640000000000000000e+03,1.841090011112100910e-06
4.641000000000000000e+03,1.839886408561142161e-06
4.642000000000000000e+03,1.839406081671768334e-06
4.643000000000000000e+03,1.838804791987058707e-06
4.644000000000000000e+03,1.837728746068023611e-06
4.645000000000000000e+03,1.836935439314402174e-06
4.646000000000000000e+03,1.835926809690135997e-06
4.647000000000000000e+03,1.835592797760909889e-06
4.648000000000000000e+03,1.835333591770904604e-06
4.649000000000000000e+03,1.834965360103524290e-06
4.650000000000000000e+03,1.833823716879123822e-06
4.651000000000000000e+03,1.832978568927501328e-06
4.652000000000000000e+03,1.832410703173081856e-06
4.653000000000000000e+03,1.831944132391072344e-06
4.654000000000000000e+03,1.831656277317961212e-06
4.655000000000000000e+03,1.830836595217988361e-06
4.656000000000000000e+03,1.830321934903622605e-06
4.657000000000000000e+03,1.829855477808450814e-06
4.658000000000000000e+03,1.830428459470567759e-06
4.659000000000000000e+03,1.829654706853034440e-06
4.660000000000000000e+03,1.829407324294152204e-06
4.661000000000000000e+03,1.828920062507677358e-06
4.662000000000000000e+03,1.828473386922269128e-06
4.663000000000000000e+03,1.827504888751718681e-06
4.664000000000000000e+03,1.826613242883468047e-06
4.665000000000000000e+03,1.826151105888129678e-06
4.666000000000000000e+03,1.825293907131708693e-06
4.667000000000000000e+03,1.824659079829871189e-06
4.668000000000000000e+03,1.824106675485381857e-06
4.669000000000000000e+03,1.823245384002802894e-06
4.670000000000000000e+03,1.822285184971406125e-06
4.671000000000000000e+03,1.821708451643644366e-06
4.672000000000000000e+03,1.820127863538800739e-06
4.673000000000000000e+03,1.819252588575182017e-06
4.674000000000000000e+03,1.818788973650953267e-06
4.675000000000000000e+03,1.818442683543253224e-06
4.676000000000000000e+03,1.817998850128788035e-06
4.677000000000000000e+03,1.817406769077933859e-06
4.678000000000000000e+03,1.817027055039943662e-06
4.679000000000000000e+03,1.816322992453933693e-06
4.680000000000000000e+03,1.815197606447327416e-06
4.681000000000000000e+03,1.814738311622932088e-06
4.682000000000000000e+03,1.813559379115758929e-06
4.683000000000000000e+03,1.813041194509423804e-06
4.684000000000000000e+03,1.812509026422048919e-06
4.685000000000000000e+03,1.811850438571127597e-06
4.686000000000000000e+03,1.811481638469558675e-06
4.687000000000000000e+03,1.810757112252758816e-06
4.688000000000000000e+03,1.810392404877347872e-06
4.689000000000000000e+03,1.809881496228626929e-06
4.690000000000000000e+03,1.809767582017229870e-06
4.691000000000000000e+03,1.808909360079269391e-06
4.692000000000000000e+03,1.808423576221684925e-06
4.693000000000000000e+03,1.807855824154103175e-06
4.694000000000000000e+03,1.807001922315976117e-06
4.695000000000000000e+03,1.806097884582413826e-06
4.696000000000000000e+03,1.805143483579740860e-06
4.697000000000000000e+03,1.804538442229386419e-06
4.698000000000000000e+03,1.803751842999190558e-06
4.699000000000000000e+03,1.803120653676160146e-06
4.700000000000000000e+03,1.802600877454096917e-06
4.701000000000000000e+03,1.801733333195443265e-06
4.702000000000000000e+03,1.801329631234693807e-06
4.703000000000000000e+03,1.800921609174110927e-06
4.704000000000000000e+03,1.800312816158111673e-06
4.705000000000000000e+03,1.799739948182832450e-06
4.706000000000000000e+03,1.799367737476131879e-06
4.707000000000000000e+03,1.799066012608818710e-06
4.708000000000000000e+03,1.798680386855266988e-06
4.709000000000000000e+03,1.797573304429533891e-06
4.710000000000000000e+03,1.797360596356156748e-06
4.711000000000000000e+03,1.796243168428190984e-06
4.712000000000000000e+03,1.795763523659843486e-06
4.713000000000000000e+03,1.795171215235313866e-06
4.714000000000000000e+03,1.794532295207318384e-06
4.715000000000000000e+03,1.793224328139331192e-06
4.716000000000000000e+03,1.792327907423896249e-06
4.717000000000000000e+03,1.791702970876940526e-06
4.718000000000000000e+03,1.791188537936250214e-06
4.719000000000000000e+03,1.790387955225014593e-06
4.720000000000000000e+03,1.789652174011280295e-06
4.721000000000000000e+03,1.788745407793612685e-06
4.722000000000000000e+03,1.788057943485910073e-06
4.723000000000000000e+03,1.787248947948683053e-06
4.724000000000000000e+03,1.786285110938479193e-06
4.725000000000000000e+03,1.785193376235838514e-06
4.726000000000000000e+03,1.784434402907209005e-06
4.727000000000000000e+03,1.783508992048155051e-06
4.728000000000000000e+03,1.782397134775237646e-06
4.729000000000000000e+03,1.781567902980896179e-06
4.730000000000000000e+03,1.780349407454195898e-06
4.731000000000000000e+03,1.779914668986748438e-06
4.732000000000000000e+03,1.778359319359879009e-06
4.733000000000000000e+03,1.776203475856164005e-06
4.734000000000000000e+03,1.776383214746601880e-06
4.735000000000000000e+03,1.775182568053423893e-06
4.736000000000000000e+03,1.774216229932790156e-06
4.737000000000000000e+03,1.773559915818623267e-06
4.738000000000000000e+03,1.772865289240144193e-06
4.739000000000000000e+03,1.772565724422747735e-06
4.740000000000000000e+03,1.771058919075585436e-06
4.741000000000000000e+03,1.770556878000206780e-06
4.742000000000000000e+03,1.769949676599935628e-06
4.743000000000000000e+03,1.768944457580801100e-06
4.744000000000000000e+03,1.770794028743694071e-06
4.745000000000000000e+03,1.768346351127547678e-06
4.746000000000000000e+03,1.766984496498480439e-06
4.747000000000000000e+03,1.766174250406038482e-06
4.748000000000000000e+03,1.765081265148182865e-06
4.749000000000000000e+03,1.763911882335378323e-06
4.750000000000000000e+03,1.762482156664191280e-06
4.751000000000000000e+03,1.761520252330228686e-06
4.752000000000000000e+03,1.760858481247851159e-06
4.753000000000000000e+03,1.760197278599662241e-06
4.754000000000000000e+03,1.758924895511881914e-06
4.755000000000000000e+03,1.765483375493204221e-06
4.756000000000000000e+03,1.758591679390519857e-06
4.757000000000000000e+03,1.757789050316205248e-06
4.758000000000000000e+03,1.756738356561982073e-06
4.759000000000000000e+03,1.756728465807100292e-06
4.760000000000000000e+03,1.756160372679005377e-06
4.761000000000000000e+03,1.755421180860139430e-06
4.762000000000000000e+03,1.754512481966230553e-06
4.763000000000000000e+03,1.753845822349830996e-06
4.764000000000000000e+03,1.752981120262120385e-06
4.765000000000000000e+03,1.751651211634452920e-06
4.766000000000000000e+03,1.751010472617053892e-06
4.767000000000000000e+03,1.750138267198053654e-06
4.768000000000000000e+03,1.749858029143069871e-06
4.769000000000000000e+03,1.749281977936334442e-06
4.770000000000000000e+03,1.748731165207573213e-06
4.771000000000000000e+03,1.747953092490206473e-06
4.772000000000000000e+03,1.746975271998962853e-06
4.773000000000000000e+03,1.745225858940102626e-06
4.774000000000000000e+03,1.744271116876916494e-06
4.775000000000000000e+03,1.742917447700165212e-06
4.776000000000000000e+03,1.742335939525219146e-06
4.777000000000000000e+03,1.742003291838045698e-06
4.778000000000000000e+03,1.741495339047105517e-06
4.779000000000000000e+03,1.740764105306880083e-06
4.780000000000000000e+03,1.740304696795647033e-06
4.781000000000000000e+03,1.739100412123661954e-06
4.782000000000000000e+03,1.738700234454881866e-06
4.783000000000000000e+03,1.737725142447743565e-06
4.784000000000000000e+03,1.737224692988093011e-06
4.785000000000000000e+03,1.736471631375025027e-06
4.786000000000000000e+03,1.735528712742961943e-06
4.787000000000000000e+03,1.734504849082441069e-06
4.788000000000000000e+03,1.734009174469974823e-06
4.789000000000000000e+03,1.733591830088698771e-06
4.790000000000000000e+03,1.733174599394260440e-06
4.791000000000000000e+03,1.732233158691087738e-06
4.792000000000000000e+03,1.732550231281493325e-06
4.793000000000000000e+03,1.731809447846899275e-06
4.794000000000000000e+03,1.731145403027767316e-06
4.795000000000000000e+03,1.730720327941526193e-06
4.796000000000000000e+03,1.730296617097337730e-06
4.797000000000000000e+03,1.729665314087469596e-06
4.798000000000000000e+03,1.728909637677134015e-06
4.799000000000000000e+03,1.728412485135777388e-06
4.800000000000000000e+03,1.727868266243604012e-06
4.801000000000000000e+03,1.727382823446532711e-06
4.802000000000000000e+03,1.726657501421868801e-06
4.803000000000000000e+03,1.725815195641189348e-06
4.804000000000000000e+03,1.725471065583406016e-06
4.805000000000000000e+03,1.724919115986267570e-06
4.806000000000000000e+03,1.724537810332549270e-06
4.807000000000000000e+03,1.723850118651171215e-06
4.808000000000000000e+03,1.723374452922143973e-06
4.809000000000000000e+03,1.723022592159395572e-06
4.810000000000000000e+03,1.722609113130602054e-06
4.811000000000000000e+03,1.722314550534065347e-06
4.812000000000000000e+03,1.722004867588111665e-06
4.813000000000000000e+03,1.721758167150255758e-06
4.814000000000000000e+03,1.721463036119530443e-06
4.815000000000000000e+03,1.721253056530258618e-06
4.816000000000000000e+03,1.720537284199963324e-06
4.817000000000000000e+03,1.719907686492661014e-06
4.818000000000000000e+03,1.719791839605022687e-06
4.819000000000000000e+03,1.718595626698515844e-06
4.820000000000000000e+03,1.717942609502642881e-06
4.821000000000000000e+03,1.717570398795942310e-06
4.822000000000000000e+03,1.717672830636729486e-06
4.823000000000000000e+03,1.717309601190208923e-06
4.824000000000000000e+03,1.716964334264048375e-06
4.825000000000000000e+03,1.716337919788202271e-06
4.826000000000000000e+03,1.715659891488030553e-06
4.827000000000000000e+03,1.714867721602786332e-06
4.828000000000000000e+03,1.714493009785655886e-06
4.829000000000000000e+03,1.713473011477617547e-06
4.830000000000000000e+03,1.712811354082077742e-06
4.831000000000000000e+03,1.712225184746785089e-06
4.832000000000000000e+03,1.711456434350111522e-06
4.833000000000000000e+03,1.711400955173303373e-06
4.834000000000000000e+03,1.710843321234278847e-06
4.835000000000000000e+03,1.710113565422943793e-06
4.836000000000000000e+03,1.709278308226203080e-06
4.837000000000000000e+03,1.708433387648256030e-06
4.838000000000000000e+03,1.707733758848917205e-06
4.839000000000000000e+03,1.707145543150545564e-06
4.840000000000000000e+03,1.706504804133146536e-06
4.841000000000000000e+03,1.708410309220198542e-06
4.842000000000000000e+03,1.706310172266967129e-06
4.843000000000000000e+03,1.705983436295355204e-06
4.844000000000000000e+03,1.705287218101148028e-06
4.845000000000000000e+03,1.704652049738797359e-06
4.846000000000000000e+03,1.703716407064348459e-06
4.847000000000000000e+03,1.703047701084869914e-06
4.848000000000000000e+03,1.702437884887331165e-06
4.849000000000000000e+03,1.701903329376364127e-06
4.850000000000000000e+03,1.701331939329975285e-06
4.851000000000000000e+03,1.700259417702909559e-06
4.852000000000000000e+03,1.700370717117039021e-06
4.853000000000000000e+03,1.699877884675515816e-06
4.854000000000000000e+03,1.699272161204135045e-06
4.855000000000000000e+03,1.698461346677504480e-06
4.856000000000000000e+03,1.697528205113485456e-06
4.857000000000000000e+03,1.696002300377585925e-06
4.858000000000000000e+03,1.700156531114771497e-06
4.859000000000000000e+03,1.695564037618169095e-06
4.860000000000000000e+03,1.694572347332723439e-06
4.861000000000000000e+03,1.693801550572970882e-06
4.862000000000000000e+03,1.692712316980760079e-06
4.863000000000000000e+03,1.692027467470325064e-06
4.864000000000000000e+03,1.691229272182681598e-06
4.865000000000000000e+03,1.690553858679777477e-06
4.866000000000000000e+03,1.690094336481706705e-06
4.867000000000000000e+03,1.689230884949211031e-06
4.868000000000000000e+03,1.688336624283692800e-06
4.869000000000000000e+03,1.694900561233225744e-06
4.870000000000000000e+03,1.688089923845836893e-06
4.871000000000000000e+03,1.687697135821508709e-06
4.872000000000000000e+03,1.687276039774587844e-06
4.873000000000000000e+03,1.686846076154324692e-06
4.874000000000000000e+03,1.686056293692672625e-06
4.875000000000000000e+03,1.686162136138591450e-06
4.876000000000000000e+03,1.685567553977307398e-06
4.877000000000000000e+03,1.684956259850878268e-06
4.878000000000000000e+03,1.684638505139446352e-06
4.879000000000000000e+03,1.684139306235010736e-06
4.880000000000000000e+03,1.683667619545303751e-06
4.881000000000000000e+03,1.683339064584288280e-06
4.882000000000000000e+03,1.682977426753495820e-06
4.883000000000000000e+03,1.682722199802810792e-06
4.884000000000000000e+03,1.682335891928232741e-06
4.885000000000000000e+03,1.681471076153684407e-06
4.886000000000000000e+03,1.680483705968072172e-06
4.887000000000000000e+03,1.681561343502835371e-06
4.888000000000000000e+03,1.680092282185796648e-06
4.889000000000000000e+03,1.679174374658032320e-06
4.890000000000000000e+03,1.678566604823572561e-06
4.891000000000000000e+03,1.677884483797242865e-06
4.892000000000000000e+03,1.677511249909002800e-06
4.893000000000000000e+03,1.677038198977243155e-06
4.894000000000000000e+03,1.676710894571442623e-06
4.895000000000000000e+03,1.676454758126055822e-06
4.896000000000000000e+03,1.675812882240279578e-06
4.897000000000000000e+03,1.677442924119532108e-06
4.898000000000000000e+03,1.675451130722649395e-06
4.899000000000000000e+03,1.674826080488855951e-06
4.900000000000000000e+03,1.674850295785290655e-06
4.901000000000000000e+03,1.674659188211080618e-06
4.902000000000000000e+03,1.674391000960895326e-06
4.903000000000000000e+03,1.674190912126505282e-06
4.904000000000000000e+03,1.673730139373219572e-06
4.905000000000000000e+03,1.673038354965683538e-06
4.906000000000000000e+03,1.672618509473977610e-06
4.907000000000000000e+03,1.672105895522690844e-06
4.908000000000000000e+03,1.671583390816522297e-06
4.909000000000000000e+03,1.671103404987661634e-06
4.910000000000000000e+03,1.670481879045837559e-06
4.911000000000000000e+03,1.669808511906012427e-06
4.912000000000000000e+03,1.669335006226901896e-06
4.913000000000000000e+03,1.668730760684411507e-06
4.914000000000000000e+03,1.668396180320996791e-06
4.915000000000000000e+03,1.667899255153315607e-06
4.916000000000000000e+03,1.667332867327786516e-06
4.917000000000000000e+03,1.667085825829417445e-06
4.918000000000000000e+03,1.666455546001088805e-06
4.919000000000000000e+03,1.665810714257531799e-06
4.920000000000000000e+03,1.665170543674321380e-06
4.921000000000000000e+03,1.664439764681446832e-06
4.922000000000000000e+03,1.664375872678647283e-06
4.923000000000000000e+03,1.664026626713166479e-06
4.924000000000000000e+03,1.663560283304832410e-06
4.925000000000000000e+03,1.663010607444448397e-06
4.926000000000000000e+03,1.664502519815869164e-06
4.927000000000000000e+03,1.662888166720222216e-06
4.928000000000000000e+03,1.662585191297694109e-06
4.929000000000000000e+03,1.662102135924214963e-06
4.930000000000000000e+03,1.661582814449502621e-06
4.931000000000000000e+03,1.660866701058694161e-06
4.932000000000000000e+03,1.660077259657555260e-06
4.933000000000000000e+03,1.659958570598973893e-06
4.934000000000000000e+03,1.659208919591037557e-06
4.935000000000000000e+03,1.659069539527990855e-06
4.936000000000000000e+03,1.658733140175172593e-06
4.937000000000000000e+03,1.658125597714388277e-06
4.938000000000000000e+03,1.662636918808857445e-06
4.939000000000000000e+03,1.657998950577166397e-06
4.940000000000000000e+03,1.657422785683593247e-06
4.941000000000000000e+03,1.656900508351100143e-06
4.942000000000000000e+03,1.656139602346229367e-06
4.943000000000000000e+03,1.655317305448988918e-06
4.944000000000000000e+03,1.655320033933094237e-06
4.945000000000000000e+03,1.654611764934088569e-06
4.946000000000000000e+03,1.653797198741813190e-06
4.947000000000000000e+03,1.653133722356869839e-06
4.948000000000000000e+03,1.652529249440704007e-06
4.949000000000000000e+03,1.653116896704887040e-06
4.950000000000000000e+03,1.652139758334669750e-06
4.951000000000000000e+03,1.651354182286013383e-06
4.952000000000000000e+03,1.650791659812966827e-06
4.953000000000000000e+03,1.650248464102332946e-06
4.954000000000000000e+03,1.649616251597763039e-06
4.955000000000000000e+03,1.649005298531847075e-06
4.956000000000000000e+03,1.647825570216809865e-06
4.957000000000000000e+03,1.647272370064456481e-06
4.958000000000000000e+03,1.646679606892575976e-06
4.959000000000000000e+03,1.646379587327828631e-06
4.960000000000000000e+03,1.646096052354550920e-06
4.961000000000000000e+03,1.645934617044986226e-06
4.962000000000000000e+03,1.645582187848049216e-06
4.963000000000000000e+03,1.645003976591397077e-06
4.964000000000000000e+03,1.644606186346209142e-06
4.965000000000000000e+03,1.643870632506150287e-06
4.966000000000000000e+03,1.643334144318941981e-06
4.967000000000000000e+03,1.642740926399710588e-06
4.968000000000000000e+03,1.641945914343523327e-06
4.969000000000000000e+03,1.642204438212502282e-06
4.970000000000000000e+03,1.641542439756449312e-06
4.971000000000000000e+03,1.641035851207561791e-06
4.972000000000000000e+03,1.640394657442811877e-06
4.973000000000000000e+03,1.639956622057070490e-06
4.974000000000000000e+03,1.639580545997887384e-06
4.975000000000000000e+03,1.638971298234537244e-06
4.976000000000000000e+03,1.638369667489314452e-06
4.977000000000000000e+03,1.637803734411136247e-06
4.978000000000000000e+03,1.636865590626257472e-06
4.979000000000000000e+03,1.637772811591275968e-06
4.980000000000000000e+03,1.636589331610593945e-06
4.981000000000000000e+03,1.636133674765005708e-06
4.982000000000000000e+03,1.635838657421118114e-06
4.983000000000000000e+03,1.635621060813718941e-06
4.984000000000000000e+03,1.635285798329277895e-06
4.985000000000000000e+03,1.634832869967794977e-06
4.986000000000000000e+03,1.634609702705347445e-06
4.987000000000000000e+03,1.634307409403845668e-06
4.988000000000000000e+03,1.633790930100076366e-06
4.989000000000000000e+03,1.633318902349856216e-06
4.990000000000000000e+03,1.632795829209499061e-06
4.991000000000000000e+03,1.632540488571976312e-06
4.992000000000000000e+03,1.632308908483537380e-06
4.993000000000000000e+03,1.631813461244746577e-06
4.994000000000000000e+03,1.631167492632812355e-06
4.995000000000000000e+03,1.630612814551568590e-06
4.996000000000000000e+03,1.630384531381423585e-06
4.997000000000000000e+03,1.629815074011276010e-06
4.998000000000000000e+03,1.629639655220671557e-06
4.999000000000000000e+03,1.629018811399873812e-06
5.000000000000000000e+03,1.628418431209865957e-06
5.001000000000000000e+03,1.627940150683571119e-06
5.002000000000000000e+03,1.627537812964874320e-06
5.003000000000000000e+03,1.626912649044243153e-06
5.004000000000000000e+03,1.626551920708152466e-06
5.005000000000000000e+03,1.625833874641102739e-06
5.006000000000000000e+03,1.625157551643496845e-06
5.007000000000000000e+03,1.624673927835829090e-06
5.008000000000000000e+03,1.623790922167245299e-06
5.009000000000000000e+03,1.623884600121527910e-06
5.010000000000000000e+03,1.623066850697796326e-06
5.011000000000000000e+03,1.622184868210752029e-06
5.012000000000000000e+03,1.621765477466396987e-06
5.013000000000000000e+03,1.621432033971359488e-06
5.014000000000000000e+03,1.621235924176289700e-06
5.015000000000000000e+03,1.620558123249793425e-06
5.016000000000000000e+03,1.620006742086843587e-06
5.017000000000000000e+03,1.619286649656714872e-06
5.018000000000000000e+03,1.618786541257577483e-06
5.019000000000000000e+03,1.618381020307424478e-06
5.020000000000000000e+03,1.618125338609388564e-06
5.021000000000000000e+03,1.617700263523147441e-06
5.022000000000000000e+03,1.617315433577459771e-06
5.023000000000000000e+03,1.616677650417841505e-06
5.024000000000000000e+03,1.615910832697409205e-06
5.025000000000000000e+03,1.616132976778317243e-06
5.026000000000000000e+03,1.615636278984311502e-06
5.027000000000000000e+03,1.615326141291006934e-06
5.028000000000000000e+03,1.615123437659349293e-06
5.029000000000000000e+03,1.614714392417226918e-06
5.030000000000000000e+03,1.614158463780768216e-06
5.031000000000000000e+03,1.614345478628820274e-06
5.032000000000000000e+03,1.613704171177232638e-06
5.033000000000000000e+03,1.612884602764097508e-06
5.034000000000000000e+03,1.612247501725505572e-06
5.035000000000000000e+03,1.611768084330833517e-06
5.036000000000000000e+03,1.611513084753823932e-06
5.037000000000000000e+03,1.611236825738160405e-06
5.038000000000000000e+03,1.610956360309501179e-06
5.039000000000000000e+03,1.610580852684506681e-06
5.040000000000000000e+03,1.610495928616728634e-06
5.041000000000000000e+03,1.610283561603864655e-06
5.042000000000000000e+03,1.610175104360678233e-06
5.043000000000000000e+03,1.609785499567806255e-06
5.044000000000000000e+03,1.609281866876699496e-06
5.045000000000000000e+03,1.609041532901756000e-06
5.046000000000000000e+03,1.608559841770329513e-06
5.047000000000000000e+03,1.608224920346401632e-06
5.048000000000000000e+03,1.607755052646098193e-06
5.049000000000000000e+03,1.606992213964986149e-06
5.050000000000000000e+03,1.606369210094271693e-06
5.051000000000000000e+03,1.606015530342119746e-06
5.052000000000000000e+03,1.605745410415693186e-06
5.053000000000000000e+03,1.605312945685000159e-06
5.054000000000000000e+03,1.604810222488595173e-06
5.055000000000000000e+03,1.604314888936642092e-06
5.056000000000000000e+03,1.604002363819745369e-06
5.057000000000000000e+03,1.603469286237668712e-06
5.058000000000000000e+03,1.602865950189880095e-06
5.059000000000000000e+03,1.601946337359549943e-06
5.060000000000000000e+03,1.602129600541957188e-06
5.061000000000000000e+03,1.601549570295901503e-06
5.062000000000000000e+03,1.601280700924689882e-06
5.063000000000000000e+03,1.601040025889233220e-06
5.064000000000000000e+03,1.600657810740813147e-06
5.065000000000000000e+03,1.599805045771063305e-06
5.066000000000000000e+03,1.599324150447500870e-06
5.067000000000000000e+03,1.599067786628438625e-06
5.068000000000000000e+03,1.598919197931536473e-06
5.069000000000000000e+03,1.598671815372654237e-06
5.070000000000000000e+03,1.598365088284481317e-06
5.071000000000000000e+03,1.597721166035626084e-06
5.072000000000000000e+03,1.598854396434035152e-06
5.073000000000000000e+03,1.597388290974777192e-06
5.074000000000000000e+03,1.596766310285602231e-06
5.075000000000000000e+03,1.595924459252273664e-06
5.076000000000000000e+03,1.595058279235672671e-06
5.077000000000000000e+03,1.593979504832532257e-06
5.078000000000000000e+03,1.593556021362019237e-06
5.079000000000000000e+03,1.592224862179136835e-06
5.080000000000000000e+03,1.591623345120751765e-06
5.081000000000000000e+03,1.591070372342073824e-06
5.082000000000000000e+03,1.590178158039634582e-06
5.083000000000000000e+03,1.589973294358060230e-06
5.084000000000000000e+03,1.589210683050623629e-06
5.085000000000000000e+03,1.588953296050021891e-06
5.086000000000000000e+03,1.588248778716661036e-06
5.087000000000000000e+03,1.588520376571977977e-06
5.088000000000000000e+03,1.587851670592499431e-06
5.089000000000000000e+03,1.587181486684130505e-06
5.090000000000000000e+03,1.586658299856935628e-06
5.091000000000000000e+03,1.586227313055132981e-06
5.092000000000000000e+03,1.585575205353961792e-06
5.093000000000000000e+03,1.584202664162148722e-06
5.094000000000000000e+03,1.596636707290599588e-06
5.095000000000000000e+03,1.583962898621393833e-06
5.096000000000000000e+03,1.582834897817519959e-06
5.097000000000000000e+03,1.582191544002853334e-06
5.098000000000000000e+03,1.581044102749729063e-06
5.099000000000000000e+03,1.580096181896806229e-06
5.100000000000000000e+03,1.582238610353670083e-06
5.101000000000000000e+03,1.579815148033958394e-06
5.102000000000000000e+03,1.579116656102996785e-06
5.103000000000000000e+03,1.578533328938647173e-06
5.104000000000000000e+03,1.578084038555971347e-06
5.105000000000000000e+03,1.577468538016546518e-06
5.106000000000000000e+03,1.576715703777153976e-06
5.107000000000000000e+03,1.575722876623331103e-06
5.108000000000000000e+03,1.575175247126026079e-06
5.109000000000000000e+03,1.574783823343750555e-06
5.110000000000000000e+03,1.574561338202329352e-06
5.111000000000000000e+03,1.574119551150943153e-06
5.112000000000000000e+03,1.573667532284162007e-06
5.113000000000000000e+03,1.573268491483759135e-06
5.114000000000000000e+03,1.572953920003783423e-06
5.115000000000000000e+03,1.572493488311010879e-06
5.116000000000000000e+03,1.572216888234834187e-06
5.117000000000000000e+03,1.571564894220500719e-06
5.118000000000000000e+03,1.571312168380245566e-06
5.119000000000000000e+03,1.570831614117196295e-06
5.120000000000000000e+03,1.570151539453945588e-06
5.121000000000000000e+03,1.569639493936847430e-06
5.122000000000000000e+03,1.569942355672537815e-06
5.123000000000000000e+03,1.569265464240743313e-06
5.124000000000000000e+03,1.568914740346372128e-06
5.125000000000000000e+03,1.568436118759564124e-06
5.126000000000000000e+03,1.567676235936232843e-06
5.127000000000000000e+03,1.567120648360287305e-06
5.128000000000000000e+03,1.566553351040056441e-06
5.129000000000000000e+03,1.566133619235188235e-06
5.130000000000000000e+03,1.565753336763009429e-06
5.131000000000000000e+03,1.565232082612055819e-06
5.132000000000000000e+03,1.564680815135943703e-06
5.133000000000000000e+03,1.563616820021707099e-06
5.134000000000000000e+03,1.563122850711806677e-06
5.135000000000000000e+03,1.562539068800106179e-06
5.136000000000000000e+03,1.562262582410767209e-06
5.137000000000000000e+03,1.561876956657215487e-06
5.138000000000000000e+03,1.561010549266939051e-06
5.139000000000000000e+03,1.559948941576294601e-06
5.140000000000000000e+03,1.559088900648930576e-06
5.141000000000000000e+03,1.558590270178683568e-06
5.142000000000000000e+03,1.557990799483377486e-06
5.143000000000000000e+03,1.557658947604068089e-06
5.144000000000000000e+03,1.557187715661711991e-06
5.145000000000000000e+03,1.556774918753944803e-06
5.146000000000000000e+03,1.556463530505425297e-06
5.147000000000000000e+03,1.556267420710355509e-06
5.148000000000000000e+03,1.556077677378198132e-06
5.149000000000000000e+03,1.556997972329554614e-06
5.150000000000000000e+03,1.555988660584262107e-06
5.151000000000000000e+03,1.555743779135809746e-06
5.152000000000000000e+03,1.555468315928010270e-06
5.153000000000000000e+03,1.554945583848166279e-06
5.154000000000000000e+03,1.554471850795380305e-06
5.155000000000000000e+03,1.554775280965259299e-06
5.156000000000000000e+03,1.554311211293679662e-06
5.157000000000000000e+03,1.553870333736995235e-06
5.158000000000000000e+03,1.553380684526928235e-06
5.159000000000000000e+03,1.552635012558312155e-06
5.160000000000000000e+03,1.552090225231950171e-06
5.161000000000000000e+03,1.551529294374631718e-06
5.162000000000000000e+03,1.551097398078127299e-06
5.163000000000000000e+03,1.550636966385354754e-06
5.164000000000000000e+03,1.550216438772622496e-06
5.165000000000000000e+03,1.549849116599943954e-06
5.166000000000000000e+03,1.549524199617735576e-06
5.167000000000000000e+03,1.549238049847190268e-06
5.168000000000000000e+03,1.548764657854917459e-06
5.169000000000000000e+03,1.548042064314358868e-06
5.170000000000000000e+03,1.547787178424187005e-06
5.171000000000000000e+03,1.547197484796924982e-06
5.172000000000000000e+03,1.547036504234711174e-06
5.173000000000000000e+03,1.546493876958265901e-06
5.174000000000000000e+03,1.546233306726207957e-06
5.175000000000000000e+03,1.545687496218306478e-06
5.176000000000000000e+03,1.545247187095810659e-06
5.177000000000000000e+03,1.544673409625829663e-06
5.178000000000000000e+03,1.544878045933728572e-06
5.179000000000000000e+03,1.544275619380641729e-06
5.180000000000000000e+03,1.543580310681136325e-06
5.181000000000000000e+03,1.543021880934247747e-06
5.182000000000000000e+03,1.542416384836542420e-06
5.183000000000000000e+03,1.541561687190551311e-06
5.184000000000000000e+03,1.541335109322972130e-06
5.185000000000000000e+03,1.539678919471043628e-06
5.186000000000000000e+03,1.539201889499963727e-06
5.187000000000000000e+03,1.538354581498424523e-06
5.188000000000000000e+03,1.537522052785789128e-06
5.189000000000000000e+03,1.536639615551393945e-06
5.190000000000000000e+03,1.536061290607904084e-06
5.191000000000000000e+03,1.535479668746120296e-06
5.192000000000000000e+03,1.534956027171574533e-06
5.193000000000000000e+03,1.534453076601494104e-06
5.194000000000000000e+03,1.533685008325846866e-06
5.195000000000000000e+03,1.533024601485521998e-06
5.196000000000000000e+03,1.532541887172556017e-06
5.197000000000000000e+03,1.531999942017137073e-06
5.198000000000000000e+03,1.531575321678246837e-06
5.199000000000000000e+03,1.531249836261849850e-06
5.200000000000000000e+03,1.530696408735821024e-06
5.201000000000000000e+03,1.530374561298231129e-06
5.202000000000000000e+03,1.529735186522884760e-06
5.203000000000000000e+03,1.529316932646906935e-06
5.204000000000000000e+03,1.529611495243443642e-06
5.205000000000000000e+03,1.529221435703220777e-06
5.206000000000000000e+03,1.528936650174728129e-06
5.207000000000000000e+03,1.528525785943202209e-06
5.208000000000000000e+03,1.527969743619905785e-06
5.209000000000000000e+03,1.527282961433229502e-06
5.210000000000000000e+03,1.526739765722595621e-06
5.211000000000000000e+03,1.525656330159108620e-06
5.212000000000000000e+03,1.525328457319119480e-06
5.213000000000000000e+03,1.524867343505320605e-06
5.214000000000000000e+03,1.524269237052067183e-06
5.215000000000000000e+03,1.523543232906376943e-06
5.216000000000000000e+03,1.522938532616535667e-06
5.217000000000000000e+03,1.522385559837857727e-06
5.218000000000000000e+03,1.522080651739088353e-06
5.219000000000000000e+03,1.521510284874239005e-06
5.220000000000000000e+03,1.529364226371399127e-06
5.221000000000000000e+03,1.521397734904894605e-06
5.222000000000000000e+03,1.520598630122549366e-06
5.223000000000000000e+03,1.520199930382659659e-06
5.224000000000000000e+03,1.519699594609846827e-06
5.225000000000000000e+03,1.519622514933871571e-06
5.226000000000000000e+03,1.519108195680018980e-06
5.227000000000000000e+03,1.518822273283149116e-06
5.228000000000000000e+03,1.518496901553589851e-06
5.229000000000000000e+03,1.518180397397372872e-06
5.230000000000000000e+03,1.517651185167778749e-06
5.231000000000000000e+03,1.517636519565712661e-06
5.232000000000000000e+03,1.517323198640951887e-06
5.233000000000000000e+03,1.516782845101261046e-06
5.234000000000000000e+03,1.516357883701857645e-06
5.235000000000000000e+03,1.516080601504654624e-06
5.236000000000000000e+03,1.515589133305184077e-06
5.237000000000000000e+03,1.515314465905248653e-06
5.238000000000000000e+03,1.514900986876455136e-06
5.239000000000000000e+03,1.514222617515770253e-06
5.240000000000000000e+03,1.513214897386205848e-06
5.241000000000000000e+03,1.517176656307128724e-06
5.242000000000000000e+03,1.512957965132954996e-06
5.243000000000000000e+03,1.512362246103293728e-06
5.244000000000000000e+03,1.511923073849175125e-06
5.245000000000000000e+03,1.511369418949470855e-06
5.246000000000000000e+03,1.510708102614444215e-06
5.247000000000000000e+03,1.510699121354264207e-06
5.248000000000000000e+03,1.510267452431435231e-06
5.249000000000000000e+03,1.509744151917402633e-06
5.250000000000000000e+03,1.509157755208434537e-06
5.251000000000000000e+03,1.508743139311263803e-06
5.252000000000000000e+03,1.508100467617623508e-06
5.253000000000000000e+03,1.507550337009888608e-06
5.254000000000000000e+03,1.507228262198623270e-06
5.255000000000000000e+03,1.506825128672062419e-06
5.256000000000000000e+03,1.506313765275990590e-06
5.257000000000000000e+03,1.505822297076520044e-06
5.258000000000000000e+03,1.505024783909902908e-06
5.259000000000000000e+03,1.504800707152753603e-06
5.260000000000000000e+03,1.504465444668312557e-06
5.261000000000000000e+03,1.504224542259180453e-06
5.262000000000000000e+03,1.504050828771141823e-06
5.263000000000000000e+03,1.503735006735951174e-06
5.264000000000000000e+03,1.503480916653643362e-06
5.265000000000000000e+03,1.503096314081631135e-06
5.266000000000000000e+03,1.502687268839508761e-06
5.267000000000000000e+03,1.503464204688498285e-06
5.268000000000000000e+03,1.502512986917281523e-06
5.269000000000000000e+03,1.502254917795653455e-06
5.270000000000000000e+03,1.502102463746268768e-06
5.271000000000000000e+03,1.501797555647499394e-06
5.272000000000000000e+03,1.501407609794114251e-06
5.273000000000000000e+03,1.500999701420369092e-06
5.274000000000000000e+03,1.500739585935662035e-06
5.275000000000000000e+03,1.500448206570581533e-06
5.276000000000000000e+03,1.500131702414364554e-06
5.277000000000000000e+03,1.499921495451417286e-06
5.278000000000000000e+03,1.499747668276540935e-06
5.279000000000000000e+03,1.499648192293534521e-06
5.280000000000000000e+03,1.499537575000431389e-06
5.281000000000000000e+03,1.499263362347846851e-06
5.282000000000000000e+03,1.498715050729515497e-06
5.283000000000000000e+03,1.499797349424625281e-06
5.284000000000000000e+03,1.498612391515052877e-06
5.285000000000000000e+03,1.498184019510517828e-06
5.286000000000000000e+03,1.497994389865198173e-06
5.287000000000000000e+03,1.497692892371560447e-06
5.288000000000000000e+03,1.497403331995883491e-06
5.289000000000000000e+03,1.497117068538500462e-06
5.290000000000000000e+03,1.496825234426069073e-06
5.291000000000000000e+03,1.496592403782415204e-06
5.292000000000000000e+03,1.496011918789008632e-06
5.293000000000000000e+03,1.496911977483250666e-06
5.294000000000000000e+03,1.495853666710900143e-06
5.295000000000000000e+03,1.495535684625792783e-06
5.296000000000000000e+03,1.495243282079172786e-06
5.297000000000000000e+03,1.494906314292165916e-06
5.298000000000000000e+03,1.494484877184731886e-06
5.299000000000000000e+03,1.494128355261636898e-06
5.300000000000000000e+03,1.493701688559667673e-06
5.301000000000000000e+03,1.493264221608114894e-06
5.302000000000000000e+03,1.492805381531070452e-06
5.303000000000000000e+03,1.492166120442561805e-06
5.304000000000000000e+03,1.491879288550990168e-06
5.305000000000000000e+03,1.491440116296871565e-06
5.306000000000000000e+03,1.491069838266412262e-06
5.307000000000000000e+03,1.490601107434486039e-06
5.308000000000000000e+03,1.490323938924120739e-06
5.309000000000000000e+03,1.489903524998226203e-06
5.310000000000000000e+03,1.489770738771767356e-06
5.311000000000000000e+03,1.489502778895257507e-06
5.312000000000000000e+03,1.489222086092922837e-06
5.313000000000000000e+03,1.488652401349099819e-06
5.314000000000000000e+03,1.488507223257329315e-06
5.315000000000000000e+03,1.487851250203675590e-06
5.316000000000000000e+03,1.487578856540494598e-06
5.317000000000000000e+03,1.487218014517566189e-06
5.318000000000000000e+03,1.488250063630403019e-06
5.319000000000000000e+03,1.487052486481843516e-06
5.320000000000000000e+03,1.486637756897835061e-06
5.321000000000000000e+03,1.486114229010127019e-06
5.322000000000000000e+03,1.485396865064103622e-06
5.323000000000000000e+03,1.484702693232975435e-06
5.324000000000000000e+03,1.484033646192983724e-06
5.325000000000000000e+03,1.483783307776320726e-06
5.326000000000000000e+03,1.483490450482349843e-06
5.327000000000000000e+03,1.483128585277881939e-06
5.328000000000000000e+03,1.482678612774179783e-06
5.329000000000000000e+03,1.482002289776573889e-06
5.330000000000000000e+03,1.481417029935983010e-06
5.331000000000000000e+03,1.481101662648143247e-06
5.332000000000000000e+03,1.480876335335779004e-06
5.333000000000000000e+03,1.480678065490792505e-06
5.334000000000000000e+03,1.480521746088925283e-06
5.335000000000000000e+03,1.479985598962230142e-06
5.336000000000000000e+03,1.479589400332770310e-06
5.337000000000000000e+03,1.478689569012203719e-06
5.338000000000000000e+03,1.478318836234393530e-06
5.339000000000000000e+03,1.477817704653716646e-06
5.340000000000000000e+03,1.477361138313426636e-06
5.341000000000000000e+03,1.476831357649643905e-06
5.342000000000000000e+03,1.476231886954337824e-06
5.343000000000000000e+03,1.475846033827110659e-06
5.344000000000000000e+03,1.475302042308612727e-06
5.345000000000000000e+03,1.475181079513276927e-06
5.346000000000000000e+03,1.474978603255294729e-06
5.347000000000000000e+03,1.474649593546928372e-06
5.348000000000000000e+03,1.474349573982181028e-06
5.349000000000000000e+03,1.474104237786377780e-06
5.350000000000000000e+03,1.474178702665085439e-06
5.351000000000000000e+03,1.473874704061017837e-06
5.352000000000000000e+03,1.473562406317796558e-06
5.353000000000000000e+03,1.473350835112796631e-06
5.354000000000000000e+03,1.472976236982503906e-06
5.355000000000000000e+03,1.472705775995564181e-06
5.356000000000000000e+03,1.472380859013355803e-06
5.357000000000000000e+03,1.471626205784559716e-06
5.358000000000000000e+03,1.471273208153434098e-06
5.359000000000000000e+03,1.471008204134705011e-06
5.360000000000000000e+03,1.470665097258461174e-06
5.361000000000000000e+03,1.470478537157760002e-06
5.362000000000000000e+03,1.470199208597477991e-06
5.363000000000000000e+03,1.469885319238528609e-06
5.364000000000000000e+03,1.472729081797297113e-06
5.365000000000000000e+03,1.469810399612470064e-06
5.366000000000000000e+03,1.469402150178211741e-06
5.367000000000000000e+03,1.469032099521427881e-06
5.368000000000000000e+03,1.468652271796599962e-06
5.369000000000000000e+03,1.468346795263641980e-06
5.370000000000000000e+03,1.468801656301366165e-06
5.371000000000000000e+03,1.468115669922553934e-06
5.372000000000000000e+03,1.467638867325149477e-06
5.373000000000000000e+03,1.467312358727212995e-06
5.374000000000000000e+03,1.466990283915947657e-06
5.375000000000000000e+03,1.466542812522675376e-06
5.376000000000000000e+03,1.466002686356659979e-06
5.377000000000000000e+03,1.465655600441095885e-06
5.378000000000000000e+03,1.465427885705139488e-06
5.379000000000000000e+03,1.465111267862084787e-06
5.380000000000000000e+03,1.464488491365045775e-06
5.381000000000000000e+03,1.465070567974180449e-06
5.382000000000000000e+03,1.463864236939116381e-06
5.383000000000000000e+03,1.463252715439011808e-06
5.384000000000000000e+03,1.462789782635809388e-06
5.385000000000000000e+03,1.462571731281059328e-06
5.386000000000000000e+03,1.462020918552298099e-06
5.387000000000000000e+03,1.461709871364291757e-06
5.388000000000000000e+03,1.461469878449861426e-06
5.389000000000000000e+03,1.461335614294512197e-06
5.390000000000000000e+03,1.461065721741761081e-06
5.391000000000000000e+03,1.460616203985409811e-06
5.392000000000000000e+03,1.460242856410332024e-06
5.393000000000000000e+03,1.459757982047449332e-06
5.394000000000000000e+03,1.459168856854375917e-06
5.395000000000000000e+03,1.458715246371866670e-06
5.396000000000000000e+03,1.458283009014849085e-06
5.397000000000000000e+03,1.457707639929139987e-06
5.398000000000000000e+03,1.456999939364322927e-06
5.399000000000000000e+03,1.456601580684946384e-06
5.400000000000000000e+03,1.456239033359452151e-06
5.401000000000000000e+03,1.455970618735591415e-06
5.402000000000000000e+03,1.455691972296335734e-06
5.403000000000000000e+03,1.455485630685871001e-06
5.404000000000000000e+03,1.455038272979436442e-06
5.405000000000000000e+03,1.454363541597558651e-06
5.406000000000000000e+03,1.454012931390025187e-06
5.407000000000000000e+03,1.453478603252733592e-06
5.408000000000000000e+03,1.453148229302314576e-06
5.409000000000000000e+03,1.452869128115708008e-06
5.410000000000000000e+03,1.452454853279050440e-06
5.411000000000000000e+03,1.452049446015735157e-06
5.412000000000000000e+03,1.451642447136691771e-06
5.413000000000000000e+03,1.451454750167613383e-06
5.414000000000000000e+03,1.451014668418793008e-06
5.415000000000000000e+03,1.450531385671638418e-06
5.416000000000000000e+03,1.450743752684502397e-06
5.417000000000000000e+03,1.450275249226251617e-06
5.418000000000000000e+03,1.449861883884295821e-06
5.419000000000000000e+03,1.449645651518949308e-06
5.420000000000000000e+03,1.449357000637974124e-06
5.421000000000000000e+03,1.449162141398119275e-06
5.422000000000000000e+03,1.448787656954664271e-06
5.423000000000000000e+03,1.448337229703611229e-06
5.424000000000000000e+03,1.447799945708538871e-06
5.425000000000000000e+03,1.447245267627295107e-06
5.426000000000000000e+03,1.446950363970245235e-06
5.427000000000000000e+03,1.446500391466543078e-06
5.428000000000000000e+03,1.446054511688998900e-06
5.429000000000000000e+03,1.446036321794963442e-06
5.430000000000000000e+03,1.445720499759772792e-06
5.431000000000000000e+03,1.445285761292325333e-06
5.432000000000000000e+03,1.444837380404351279e-06
5.433000000000000000e+03,1.444009740225737914e-06
5.434000000000000000e+03,1.443680048396345228e-06
5.435000000000000000e+03,1.443208816453989130e-06
5.436000000000000000e+03,1.442811026208801195e-06
5.437000000000000000e+03,1.442580241928226314e-06
5.438000000000000000e+03,1.442298298570676707e-06
5.439000000000000000e+03,1.441984863959078211e-06
5.440000000000000000e+03,1.441724521100695711e-06
5.441000000000000000e+03,1.441380618416587822e-06
5.442000000000000000e+03,1.443449264115770347e-06
5.443000000000000000e+03,1.441205654373334255e-06
5.444000000000000000e+03,1.440729533896956127e-06
5.445000000000000000e+03,1.440124719920277130e-06
5.446000000000000000e+03,1.439765583199914545e-06
5.447000000000000000e+03,1.439444872630701866e-06
5.448000000000000000e+03,1.438857680113869719e-06
5.449000000000000000e+03,1.438407821297005285e-06
5.450000000000000000e+03,1.438416234122996684e-06
5.451000000000000000e+03,1.438051413060748018e-06
5.452000000000000000e+03,1.437485138922056649e-06
5.453000000000000000e+03,1.436927391296194401e-06
5.454000000000000000e+03,1.436247544006619137e-06
5.455000000000000000e+03,1.436019260836474132e-06
5.456000000000000000e+03,1.435022113582817838e-06
5.457000000000000000e+03,1.434646719644661061e-06
5.458000000000000000e+03,1.434091473129228689e-06
5.459000000000000000e+03,1.433705847375676967e-06
5.460000000000000000e+03,1.433028387509693857e-06
5.461000000000000000e+03,1.432781118637649342e-06
5.462000000000000000e+03,1.431941086593724322e-06
5.463000000000000000e+03,1.431468376722477842e-06
5.464000000000000000e+03,1.431007035535003524e-06
5.465000000000000000e+03,1.430429279025702272e-06
5.466000000000000000e+03,1.429965209354122635e-06
5.467000000000000000e+03,1.429424514753918629e-06
5.468000000000000000e+03,1.428972041139786597e-06
5.469000000000000000e+03,1.428616428711393382e-06
5.470000000000000000e+03,1.427827328370767646e-06
5.471000000000000000e+03,1.440446112610516138e-06
5.472000000000000000e+03,1.427615757165767718e-06
5.473000000000000000e+03,1.427020151822944172e-06
5.474000000000000000e+03,1.426578819518908858e-06
5.475000000000000000e+03,1.426224230272055138e-06
5.476000000000000000e+03,1.425831555934564676e-06
5.477000000000000000e+03,1.425298250978812575e-06
5.478000000000000000e+03,1.424969582330959383e-06
5.479000000000000000e+03,1.424628067070443649e-06
5.480000000000000000e+03,1.424275751560344361e-06
5.481000000000000000e+03,1.426309609087184072e-06
5.482000000000000000e+03,1.424108859282569028e-06
5.483000000000000000e+03,1.423728690497227944e-06
5.484000000000000000e+03,1.423349317519750912e-06
5.485000000000000000e+03,1.423125127075763885e-06
5.486000000000000000e+03,1.422850345988990739e-06
5.487000000000000000e+03,1.423040544068499003e-06
5.488000000000000000e+03,1.422623313374060672e-06
5.489000000000000000e+03,1.422317495780589525e-06
5.490000000000000000e+03,1.421973593096481636e-06
5.491000000000000000e+03,1.421779074917139951e-06
5.492000000000000000e+03,1.421530896550393663e-06
5.493000000000000000e+03,1.421008391844225116e-06
5.494000000000000000e+03,1.420358330506132916e-06
5.495000000000000000e+03,1.420067746948916465e-06
5.496000000000000000e+03,1.419680643266474362e-06
5.497000000000000000e+03,1.419403588442946784e-06
5.498000000000000000e+03,1.419198156327183824e-06
5.499000000000000000e+03,1.418953729626082350e-06
5.500000000000000000e+03,1.418746592207753565e-06
5.501000000000000000e+03,1.418459760316181928e-06
5.502000000000000000e+03,1.418066972291853745e-06
5.503000000000000000e+03,1.417626094735169318e-06
5.504000000000000000e+03,1.416773216078581754e-06
5.505000000000000000e+03,1.416215468452719506e-06
5.506000000000000000e+03,1.415881570210331120e-06
5.507000000000000000e+03,1.415434894624922890e-06
5.508000000000000000e+03,1.414998450854909606e-06
5.509000000000000000e+03,1.414431153534678742e-06
5.510000000000000000e+03,1.414107373420847580e-06
5.511000000000000000e+03,1.413721633980458137e-06
5.512000000000000000e+03,1.413396148564061150e-06
5.513000000000000000e+03,1.412973233527736738e-06
5.514000000000000000e+03,1.412474603057489730e-06
5.515000000000000000e+03,1.411658672623161692e-06
5.516000000000000000e+03,1.410794766343315132e-06
5.517000000000000000e+03,1.410086497344309464e-06
5.518000000000000000e+03,1.409603328283992596e-06
5.519000000000000000e+03,1.409018409503914881e-06
5.520000000000000000e+03,1.408734647156961728e-06
5.521000000000000000e+03,1.408370735589414835e-06
5.522000000000000000e+03,1.408047637596610002e-06
5.523000000000000000e+03,1.407982608725433238e-06
5.524000000000000000e+03,1.407732042935094796e-06
5.525000000000000000e+03,1.407387571816798300e-06
5.526000000000000000e+03,1.407007289344619494e-06
5.527000000000000000e+03,1.406845854035054799e-06
5.528000000000000000e+03,1.406563683303829748e-06
5.529000000000000000e+03,1.406262867931218352e-06
5.530000000000000000e+03,1.405811076438112650e-06
5.531000000000000000e+03,1.405491730110952631e-06
5.532000000000000000e+03,1.405534476361935958e-06
5.533000000000000000e+03,1.405242414875829127e-06
5.534000000000000000e+03,1.404952399752801284e-06
5.535000000000000000e+03,1.404706040375458542e-06
5.536000000000000000e+03,1.404183876729803160e-06
5.537000000000000000e+03,1.403873284289147705e-06
5.538000000000000000e+03,1.403336796101939399e-06
5.539000000000000000e+03,1.403171950187243056e-06
5.540000000000000000e+03,1.402958901053352747e-06
5.541000000000000000e+03,1.402632278768578544e-06
5.542000000000000000e+03,1.402211751155846287e-06
5.543000000000000000e+03,1.402003931616491172e-06
5.544000000000000000e+03,1.401563963554508518e-06
5.545000000000000000e+03,1.401358645125583280e-06
5.546000000000000000e+03,1.401099325448740274e-06
5.547000000000000000e+03,1.400680503138573840e-06
5.548000000000000000e+03,1.400132987328106537e-06
5.549000000000000000e+03,1.400041355736902915e-06
5.550000000000000000e+03,1.399682332703378052e-06
5.551000000000000000e+03,1.399253619638329837e-06
5.552000000000000000e+03,1.398740209879179019e-06
5.553000000000000000e+03,1.398519543727161363e-06
5.554000000000000000e+03,1.397795472257712390e-06
5.555000000000000000e+03,1.399213829245127272e-06
5.556000000000000000e+03,1.397461119267973118e-06
5.557000000000000000e+03,1.397093342347943690e-06
5.558000000000000000e+03,1.396744323756138328e-06
5.559000000000000000e+03,1.396523089169932064e-06
5.560000000000000000e+03,1.395764229528140277e-06
5.561000000000000000e+03,1.395111780766455922e-06
5.562000000000000000e+03,1.394605988025432453e-06
5.563000000000000000e+03,1.393837465002434328e-06
5.564000000000000000e+03,1.393277557326655369e-06
5.565000000000000000e+03,1.392624881191295572e-06
5.566000000000000000e+03,1.391909222547837999e-06
5.567000000000000000e+03,1.391622618029941805e-06
5.568000000000000000e+03,1.390598185935232323e-06
5.569000000000000000e+03,1.390170609738561325e-06
5.570000000000000000e+03,1.389788621963816695e-06
5.571000000000000000e+03,1.389126509820926003e-06
5.572000000000000000e+03,1.390936063216940966e-06
5.573000000000000000e+03,1.388661758028320037e-06
5.574000000000000000e+03,1.388001578561670613e-06
5.575000000000000000e+03,1.387658130624913611e-06
5.576000000000000000e+03,1.387404495289956685e-06
5.577000000000000000e+03,1.386961343996517826e-06
5.578000000000000000e+03,1.386512963108543772e-06
5.579000000000000000e+03,1.386017174809239805e-06
5.580000000000000000e+03,1.385476593895873521e-06
5.581000000000000000e+03,1.385381096952187363e-06
5.582000000000000000e+03,1.384799475090403575e-06
5.583000000000000000e+03,1.384580059493600857e-06
5.584000000000000000e+03,1.384242750646080822e-06
5.585000000000000000e+03,1.383602580062870402e-06
5.586000000000000000e+03,1.385085056426760275e-06
5.587000000000000000e+03,1.383395670018217061e-06
5.588000000000000000e+03,1.382944219585624523e-06
5.589000000000000000e+03,1.382769482916046400e-06
5.590000000000000000e+03,1.382482992084987927e-06
5.591000000000000000e+03,1.382159666718507651e-06
5.592000000000000000e+03,1.381319407300907187e-06
5.593000000000000000e+03,1.382237314828671515e-06
5.594000000000000000e+03,1.381003357892041095e-06
5.595000000000000000e+03,1.380161620545550250e-06
5.596000000000000000e+03,1.379517243549344130e-06
5.597000000000000000e+03,1.378774413751671091e-06
5.598000000000000000e+03,1.378141746499750298e-06
5.599000000000000000e+03,1.377733269691816531e-06
5.600000000000000000e+03,1.377469629915140104e-06
5.601000000000000000e+03,1.377267949465021957e-06
5.602000000000000000e+03,1.376964632981980685e-06
5.603000000000000000e+03,1.376649038320465479e-06
5.604000000000000000e+03,1.376002046526991762e-06
5.605000000000000000e+03,1.375469423692265991e-06
5.606000000000000000e+03,1.374916109853074886e-06
5.607000000000000000e+03,1.374661223962903023e-06
5.608000000000000000e+03,1.374277985632943455e-06
5.609000000000000000e+03,1.373806526316911913e-06
5.610000000000000000e+03,1.373100985802011564e-06
5.611000000000000000e+03,1.377714511363592464e-06
5.612000000000000000e+03,1.372843598801409826e-06
5.613000000000000000e+03,1.372268684463051613e-06
5.614000000000000000e+03,1.371993107568414416e-06
5.615000000000000000e+03,1.371600887978274841e-06
5.616000000000000000e+03,1.371103849123755936e-06
5.617000000000000000e+03,1.370253016830247361e-06
5.618000000000000000e+03,1.369804863315948751e-06
5.619000000000000000e+03,1.369284632346534636e-06
5.620000000000000000e+03,1.369028382214310113e-06
5.621000000000000000e+03,1.368568518955726177e-06
5.622000000000000000e+03,1.367691197629028466e-06
5.623000000000000000e+03,1.367561480947188102e-06
5.624000000000000000e+03,1.366688024972972926e-06
5.625000000000000000e+03,1.366420974591164850e-06
5.626000000000000000e+03,1.366099468214088120e-06
5.627000000000000000e+03,1.365677121611952316e-06
5.628000000000000000e+03,1.365041157441737596e-06
5.629000000000000000e+03,1.364634613310045097e-06
5.630000000000000000e+03,1.364169293083250523e-06
5.631000000000000000e+03,1.363610863336361945e-06
5.632000000000000000e+03,1.363260253128828481e-06
5.633000000000000000e+03,1.362695229545352049e-06
5.634000000000000000e+03,1.362169200547214132e-06
5.635000000000000000e+03,1.361628505947010126e-06
5.636000000000000000e+03,1.361218323836510535e-06
5.637000000000000000e+03,1.360646251669095363e-06
5.638000000000000000e+03,1.361309955427714158e-06
5.639000000000000000e+03,1.360456053589587100e-06
5.640000000000000000e+03,1.360118176307878457e-06
5.641000000000000000e+03,1.359563270852959249e-06
5.642000000000000000e+03,1.359076918561186176e-06
5.643000000000000000e+03,1.358837494080944452e-06
5.644000000000000000e+03,1.358030317533120979e-06
5.645000000000000000e+03,1.357596602247213013e-06
5.646000000000000000e+03,1.357038513560837600e-06
5.647000000000000000e+03,1.356387997475394513e-06
5.648000000000000000e+03,1.356179609501850791e-06
5.649000000000000000e+03,1.355657559543033130e-06
5.650000000000000000e+03,1.355495101051928941e-06
5.651000000000000000e+03,1.355062408947560471e-06
5.652000000000000000e+03,1.354427240585209802e-06
5.653000000000000000e+03,1.354052756141754799e-06
5.654000000000000000e+03,1.353478637611260638e-06
5.655000000000000000e+03,1.353152470073837321e-06
5.656000000000000000e+03,1.352789581687829923e-06
5.657000000000000000e+03,1.352091430817381479e-06
5.658000000000000000e+03,1.353300376649713144e-06
5.659000000000000000e+03,1.351804712612647563e-06
5.660000000000000000e+03,1.351251398773456458e-06
5.661000000000000000e+03,1.350814159195579123e-06
5.662000000000000000e+03,1.350519937659555580e-06
5.663000000000000000e+03,1.349964122709934600e-06
5.664000000000000000e+03,1.349464469058148097e-06
5.665000000000000000e+03,1.348925479760509916e-06
5.666000000000000000e+03,1.348197088191227522e-06
5.667000000000000000e+03,1.347442776022944599e-06
5.668000000000000000e+03,1.347049078503914643e-06
5.669000000000000000e+03,1.346608769381418824e-06
5.670000000000000000e+03,1.346328986073785927e-06
5.671000000000000000e+03,1.345773625871515833e-06
5.672000000000000000e+03,1.345126179330691230e-06
5.673000000000000000e+03,1.345836381005938165e-06
5.674000000000000000e+03,1.344565248473372776e-06
5.675000000000000000e+03,1.343807298326282762e-06
5.676000000000000000e+03,1.343350845672830474e-06
5.677000000000000000e+03,1.343023086519679055e-06
5.678000000000000000e+03,1.342582095276156906e-06
5.679000000000000000e+03,1.341856318504142109e-06
5.680000000000000000e+03,1.343235453532543033e-06
5.681000000000000000e+03,1.341478764516068622e-06
5.682000000000000000e+03,1.340847234132525045e-06
5.683000000000000000e+03,1.340140670436085202e-06
5.684000000000000000e+03,1.339632945018820465e-06
5.685000000000000000e+03,1.338942865913850255e-06
5.686000000000000000e+03,1.338357833446934819e-06
5.687000000000000000e+03,1.337967546533036511e-06
5.688000000000000000e+03,1.337666844847262837e-06
5.689000000000000000e+03,1.337295543635264039e-06
5.690000000000000000e+03,1.336798845841258299e-06
5.691000000000000000e+03,1.335877186647849157e-06
5.692000000000000000e+03,1.334979970124550164e-06
5.693000000000000000e+03,1.335068645857973024e-06
5.694000000000000000e+03,1.334633907390525565e-06
5.695000000000000000e+03,1.334149033027642872e-06
5.696000000000000000e+03,1.333632098976522684e-06
5.697000000000000000e+03,1.334257831331342459e-06
5.698000000000000000e+03,1.333390400759526528e-06
5.699000000000000000e+03,1.332959186584048439e-06
5.700000000000000000e+03,1.332127908426627982e-06
5.701000000000000000e+03,1.332073111370846163e-06
5.702000000000000000e+03,1.331891439804167021e-06
5.703000000000000000e+03,1.331591647613095120e-06
5.704000000000000000e+03,1.331013663730118424e-06
5.705000000000000000e+03,1.330325062554038595e-06
5.706000000000000000e+03,1.331614271293801721e-06
5.707000000000000000e+03,1.330150212197622750e-06
5.708000000000000000e+03,1.329613155576225836e-06
5.709000000000000000e+03,1.329105657532636542e-06
5.710000000000000000e+03,1.328241637565952260e-06
5.711000000000000000e+03,1.327783024862583261e-06
5.712000000000000000e+03,1.327164341091702227e-06
5.713000000000000000e+03,1.327403197137755342e-06
5.714000000000000000e+03,1.326911728938284796e-06
5.715000000000000000e+03,1.326541223534150049e-06
5.716000000000000000e+03,1.326128881373733748e-06
5.717000000000000000e+03,1.325656512563000433e-06
5.718000000000000000e+03,1.325328071288822684e-06
5.719000000000000000e+03,1.325109792560397182e-06
5.720000000000000000e+03,1.324983145423175301e-06
5.721000000000000000e+03,1.324393224422237836e-06
5.722000000000000000e+03,1.323600258729129564e-06
5.723000000000000000e+03,1.325207676927675493e-06
5.724000000000000000e+03,1.323235665040556341e-06
5.725000000000000000e+03,1.322608682130521629e-06
5.726000000000000000e+03,1.321957142863539048e-06
5.727000000000000000e+03,1.321426793765567709e-06
5.728000000000000000e+03,1.320998649134708103e-06
5.729000000000000000e+03,1.320705337093386333e-06
5.730000000000000000e+03,1.320369051427405793e-06
5.731000000000000000e+03,1.320084379585750867e-06
5.732000000000000000e+03,1.319588136539096013e-06
5.733000000000000000e+03,1.319170337410469074e-06
5.734000000000000000e+03,1.318821546192339156e-06
5.735000000000000000e+03,1.318237423220125493e-06
5.736000000000000000e+03,1.317957639912492596e-06
5.737000000000000000e+03,1.317426608693494927e-06
5.738000000000000000e+03,1.316523707828309853e-06
5.739000000000000000e+03,1.316188672717544250e-06
5.740000000000000000e+03,1.315292138315271586e-06
5.741000000000000000e+03,1.315055556005972903e-06
5.742000000000000000e+03,1.314670043939258903e-06
5.743000000000000000e+03,1.314006681241153274e-06
5.744000000000000000e+03,1.313278971792897210e-06
5.745000000000000000e+03,1.312641074946441222e-06
5.746000000000000000e+03,1.311790242652932648e-06
5.747000000000000000e+03,1.311240453105710912e-06
5.748000000000000000e+03,1.310270590693107806e-06
5.749000000000000000e+03,1.309860749643121380e-06
5.750000000000000000e+03,1.309437720919959247e-06
5.751000000000000000e+03,1.308895321017189417e-06
5.752000000000000000e+03,1.308414880440977868e-06
5.753000000000000000e+03,1.307898855884559453e-06
5.754000000000000000e+03,1.307324509980389848e-06
5.755000000000000000e+03,1.307016646023839712e-06
5.756000000000000000e+03,1.306190938521467615e-06
5.757000000000000000e+03,1.305748469349055085e-06
5.758000000000000000e+03,1.305151727137854323e-06
5.759000000000000000e+03,1.304635361520922743e-06
5.760000000000000000e+03,1.304236207033682149e-06
5.761000000000000000e+03,1.304008037550374866e-06
5.762000000000000000e+03,1.303498038396355696e-06
5.763000000000000000e+03,1.303276803810149431e-06
5.764000000000000000e+03,1.303002250097051729e-06
5.765000000000000000e+03,1.302574901274056174e-06
5.766000000000000000e+03,1.302179271078784950e-06
5.767000000000000000e+03,1.302872419728373643e-06
5.768000000000000000e+03,1.301993052038596943e-06
5.769000000000000000e+03,1.301642100770550314e-06
5.770000000000000000e+03,1.301405859521764796e-06
5.771000000000000000e+03,1.301052066082775127e-06
5.772000000000000000e+03,1.300766484746418428e-06
5.773000000000000000e+03,1.300635062762012240e-06
5.774000000000000000e+03,1.300343001275905408e-06
5.775000000000000000e+03,1.300193048336950596e-06
5.776000000000000000e+03,1.300017856920021586e-06
5.777000000000000000e+03,1.299762402595661115e-06
5.778000000000000000e+03,1.299112796004919801e-06
5.779000000000000000e+03,1.298618826695019379e-06
5.780000000000000000e+03,1.297977519243431743e-06
5.781000000000000000e+03,1.297604512728867121e-06
5.782000000000000000e+03,1.296965820074547082e-06
5.783000000000000000e+03,1.296387267757381778e-06
5.784000000000000000e+03,1.295950596613693051e-06
5.785000000000000000e+03,1.295379206567304209e-06
5.786000000000000000e+03,1.295083620789228007e-06
5.787000000000000000e+03,1.294613980462600011e-06
5.788000000000000000e+03,1.293910145250265487e-06
5.789000000000000000e+03,1.293401282964623533e-06
5.790000000000000000e+03,1.293069999519502744e-06
5.791000000000000000e+03,1.292249066864314955e-06
5.792000000000000000e+03,1.291212470277969260e-06
5.793000000000000000e+03,1.291248167945013847e-06
5.794000000000000000e+03,1.290702925871300977e-06
5.795000000000000000e+03,1.289969873141671997e-06
5.796000000000000000e+03,1.289482497668359429e-06
5.797000000000000000e+03,1.288978978664090391e-06
5.798000000000000000e+03,1.288162025048222858e-06
5.799000000000000000e+03,1.287326540477806702e-06
5.800000000000000000e+03,1.286549490941979457e-06
5.801000000000000000e+03,1.285995722355437465e-06
5.802000000000000000e+03,1.285612256651802454e-06
5.803000000000000000e+03,1.285043026655330323e-06
5.804000000000000000e+03,1.284386598854325712e-06
5.805000000000000000e+03,1.283883307223732118e-06
5.806000000000000000e+03,1.283157189391204156e-06
5.807000000000000000e+03,1.283124447581940331e-06
5.808000000000000000e+03,1.282922198697633576e-06
5.809000000000000000e+03,1.282567154703428969e-06
5.810000000000000000e+03,1.281871846003923565e-06
5.811000000000000000e+03,1.281593313251505606e-06
5.812000000000000000e+03,1.281285108234442305e-06
5.813000000000000000e+03,1.280876062992319930e-06
5.814000000000000000e+03,1.280482251786452252e-06
5.815000000000000000e+03,1.280072297049628105e-06
5.816000000000000000e+03,1.279416323995974381e-06
5.817000000000000000e+03,1.278703166462946683e-06
5.818000000000000000e+03,1.278556169381772634e-06
5.819000000000000000e+03,1.278210788768774364e-06
5.820000000000000000e+03,1.278103354707127437e-06
5.821000000000000000e+03,1.277757633033616003e-06
5.822000000000000000e+03,1.277476030736579560e-06
5.823000000000000000e+03,1.277069145544373896e-06
5.824000000000000000e+03,1.276813463846337982e-06
5.825000000000000000e+03,1.276498323932173662e-06
5.826000000000000000e+03,1.276154193874390330e-06
5.827000000000000000e+03,1.275850536330835894e-06
5.828000000000000000e+03,1.275328713745693676e-06
5.829000000000000000e+03,1.274758233194006607e-06
5.830000000000000000e+03,1.275125555366685148e-06
5.831000000000000000e+03,1.274451733479509130e-06
5.832000000000000000e+03,1.274085548175207805e-06
5.833000000000000000e+03,1.273920588573673740e-06
5.834000000000000000e+03,1.273580892302561551e-06
5.835000000000000000e+03,1.273151156055973843e-06
5.836000000000000000e+03,1.272084318770794198e-06
5.837000000000000000e+03,1.272657073059235699e-06
5.838000000000000000e+03,1.271627638743666466e-06
5.839000000000000000e+03,1.271039764105807990e-06
5.840000000000000000e+03,1.271571022698481102e-06
5.841000000000000000e+03,1.270832740374316927e-06
5.842000000000000000e+03,1.270655047846958041e-06
5.843000000000000000e+03,1.270209281756251585e-06
5.844000000000000000e+03,1.269649487767310347e-06
5.845000000000000000e+03,1.268949176846945193e-06
5.846000000000000000e+03,1.270479742743191309e-06
5.847000000000000000e+03,1.268638811779965181e-06
5.848000000000000000e+03,1.267994434783759061e-06
5.849000000000000000e+03,1.267374727831338532e-06
5.850000000000000000e+03,1.266894514628802426e-06
5.851000000000000000e+03,1.266389517695643008e-06
5.852000000000000000e+03,1.265739456357550807e-06
5.853000000000000000e+03,1.264751858798263129e-06
5.854000000000000000e+03,1.264357138097693678e-06
5.855000000000000000e+03,1.263823378394590691e-06
5.856000000000000000e+03,1.263181843569327611e-06
5.857000000000000000e+03,1.261731995327863842e-06
5.858000000000000000e+03,1.262656041944865137e-06
5.859000000000000000e+03,1.261205852642888203e-06
5.860000000000000000e+03,1.260480303244548850e-06
5.861000000000000000e+03,1.259760438188095577e-06
5.862000000000000000e+03,1.259216219295922201e-06
5.863000000000000000e+03,1.258380621038668323e-06
5.864000000000000000e+03,1.257891995010140818e-06
5.865000000000000000e+03,1.257541157428931911e-06
5.866000000000000000e+03,1.257231815543491393e-06
5.867000000000000000e+03,1.256837322216597386e-06
5.868000000000000000e+03,1.256595282939088065e-06
5.869000000000000000e+03,1.255629967999993823e-06
5.870000000000000000e+03,1.255170673175598495e-06
5.871000000000000000e+03,1.254516291737672873e-06
5.872000000000000000e+03,1.253937398359994404e-06
5.873000000000000000e+03,1.253064624506805558e-06
5.874000000000000000e+03,1.252801212103804573e-06
5.875000000000000000e+03,1.252276888408232480e-06
5.876000000000000000e+03,1.251970616067410447e-06
5.877000000000000000e+03,1.251559638149046805e-06
5.878000000000000000e+03,1.250921172868402209e-06
5.879000000000000000e+03,1.251629782927921042e-06
5.880000000000000000e+03,1.250593413715250790e-06
5.881000000000000000e+03,1.250109676220745314e-06
5.882000000000000000e+03,1.249659021596016828e-06
5.883000000000000000e+03,1.249473370990017429e-06
5.884000000000000000e+03,1.249222805199678987e-06
5.885000000000000000e+03,1.248919602403475437e-06
5.886000000000000000e+03,1.248630724148824811e-06
5.887000000000000000e+03,1.248303192369348835e-06
5.888000000000000000e+03,1.247834234163747169e-06
5.889000000000000000e+03,1.253740947504411452e-06
5.890000000000000000e+03,1.247719637831323780e-06
5.891000000000000000e+03,1.247160867023922037e-06
5.892000000000000000e+03,1.246818555955542251e-06
5.893000000000000000e+03,1.246437591362337116e-06
5.894000000000000000e+03,1.246156557499489281e-06
5.895000000000000000e+03,1.246138594979129266e-06
5.896000000000000000e+03,1.245600969923543744e-06
5.897000000000000000e+03,1.245355633727740496e-06
5.898000000000000000e+03,1.245133944394183345e-06
5.899000000000000000e+03,1.244965233127004467e-06
5.900000000000000000e+03,1.244796180799312424e-06
5.901000000000000000e+03,1.244632699126668740e-06
5.902000000000000000e+03,1.244414420398243237e-06
5.903000000000000000e+03,1.244006284650822636e-06
5.904000000000000000e+03,1.243852238985709846e-06
5.905000000000000000e+03,1.243328256350650918e-06
5.906000000000000000e+03,1.243166252606897615e-06
5.907000000000000000e+03,1.242770281351113226e-06
5.908000000000000000e+03,1.242279040525318123e-06
5.909000000000000000e+03,1.241881136593292467e-06
5.910000000000000000e+03,1.241347263203351758e-06
5.911000000000000000e+03,1.241004497387621086e-06
5.912000000000000000e+03,1.240599885932169855e-06
5.913000000000000000e+03,1.240256324308575131e-06
5.914000000000000000e+03,1.239784751305705868e-06
5.915000000000000000e+03,1.239418566001404542e-06
5.916000000000000000e+03,1.239032485500501934e-06
5.917000000000000000e+03,1.238676304637920111e-06
5.918000000000000000e+03,1.238389927493699361e-06
5.919000000000000000e+03,1.238232130162941758e-06
5.920000000000000000e+03,1.237983269675169140e-06
5.921000000000000000e+03,1.237657443198258989e-06
5.922000000000000000e+03,1.237216110894223675e-06
5.923000000000000000e+03,1.236791831615846604e-06
5.924000000000000000e+03,1.236526713910279796e-06
5.925000000000000000e+03,1.236162006534868851e-06
5.926000000000000000e+03,1.235636091223568656e-06
5.927000000000000000e+03,1.235331751558987889e-06
5.928000000000000000e+03,1.234368369296134915e-06
5.929000000000000000e+03,1.234084493262344040e-06
5.930000000000000000e+03,1.233836201208760031e-06
5.931000000000000000e+03,1.233466718986164778e-06
5.932000000000000000e+03,1.232559270647470839e-06
5.933000000000000000e+03,1.231867827300447971e-06
5.934000000000000000e+03,1.231861347150697839e-06
5.935000000000000000e+03,1.231522560374287423e-06
5.936000000000000000e+03,1.231128635481582023e-06
5.937000000000000000e+03,1.230768589266517665e-06
5.938000000000000000e+03,1.230482439495972358e-06
5.939000000000000000e+03,1.230070552082906943e-06
5.940000000000000000e+03,1.229995859830523841e-06
5.941000000000000000e+03,1.229479494213592261e-06
5.942000000000000000e+03,1.229276335834583733e-06
5.943000000000000000e+03,1.228875248671101872e-06
5.944000000000000000e+03,1.228574888045841362e-06
5.945000000000000000e+03,1.228106384587590583e-06
5.946000000000000000e+03,1.227582856699882541e-06
5.947000000000000000e+03,1.227229404321406037e-06
5.948000000000000000e+03,1.226786594088480342e-06
5.949000000000000000e+03,1.226586164193577133e-06
5.950000000000000000e+03,1.226374820362252649e-06
5.951000000000000000e+03,1.226327299264085013e-06
5.952000000000000000e+03,1.226046720148588065e-06
5.953000000000000000e+03,1.225886876454751473e-06
5.954000000000000000e+03,1.225676442118128762e-06
5.955000000000000000e+03,1.225479422828357201e-06
5.956000000000000000e+03,1.224842321789765265e-06
5.957000000000000000e+03,1.224400648425216787e-06
5.958000000000000000e+03,1.224740799443679862e-06
5.959000000000000000e+03,1.224187712978164200e-06
5.960000000000000000e+03,1.224056063620082568e-06
5.961000000000000000e+03,1.223923959514650051e-06
5.962000000000000000e+03,1.223675894834741484e-06
5.963000000000000000e+03,1.223216713697183877e-06
5.964000000000000000e+03,1.222949435941700358e-06
5.965000000000000000e+03,1.222506625708774664e-06
5.966000000000000000e+03,1.222230253006273415e-06
5.967000000000000000e+03,1.221992874889110681e-06
5.968000000000000000e+03,1.221641014126362279e-06
5.969000000000000000e+03,1.221270622409065254e-06
5.970000000000000000e+03,1.220991862282971852e-06
5.971000000000000000e+03,1.220797116729954723e-06
5.972000000000000000e+03,1.220577701133152004e-06
5.973000000000000000e+03,1.220445938088232651e-06
5.974000000000000000e+03,1.220252215716755018e-06
5.975000000000000000e+03,1.219744149238977116e-06
5.976000000000000000e+03,1.219346700054302346e-06
5.977000000000000000e+03,1.219024511556199286e-06
5.978000000000000000e+03,1.218607621922274120e-06
5.979000000000000000e+03,1.218400939251296222e-06
5.980000000000000000e+03,1.218107854583649896e-06
5.981000000000000000e+03,1.218475972564192489e-06
5.982000000000000000e+03,1.217934823216637596e-06
5.983000000000000000e+03,1.217588760482612997e-06
5.984000000000000000e+03,1.217065801029093564e-06
5.985000000000000000e+03,1.216452346852747723e-06
5.986000000000000000e+03,1.215619022332248278e-06
5.987000000000000000e+03,1.215136194332444575e-06
5.988000000000000000e+03,1.214875510413548909e-06
5.989000000000000000e+03,1.214616531797219068e-06
5.990000000000000000e+03,1.214337203236937057e-06
5.991000000000000000e+03,1.214146777783753350e-06
5.992000000000000000e+03,1.213757172990881372e-06
5.993000000000000000e+03,1.213605514749360736e-06
5.994000000000000000e+03,1.213154291690443642e-06
5.995000000000000000e+03,1.213003542943624780e-06
5.996000000000000000e+03,1.212754341395338997e-06
5.997000000000000000e+03,1.212540951200935524e-06
5.998000000000000000e+03,1.212242068504565395e-06
5.999000000000000000e+03,1.211780727317091078e-06
6.000000000000000000e+03,1.212327788380207494e-06
6.001000000000000000e+03,1.211512085319554899e-06
6.002000000000000000e+03,1.211016410707088653e-06
6.003000000000000000e+03,1.210721393363201059e-06
6.004000000000000000e+03,1.210371920024044812e-06
6.005000000000000000e+03,1.210160235132207163e-06
6.006000000000000000e+03,1.209790411849098746e-06
6.007000000000000000e+03,1.209524270961992443e-06
6.008000000000000000e+03,1.209306901728268713e-06
6.009000000000000000e+03,1.208930825669085607e-06
6.010000000000000000e+03,1.209003244184714276e-06
6.011000000000000000e+03,1.208687194775848184e-06
6.012000000000000000e+03,1.208407411468215287e-06
6.013000000000000000e+03,1.208026560561847873e-06
6.014000000000000000e+03,1.208318053613766097e-06
6.015000000000000000e+03,1.207947661896469072e-06
6.016000000000000000e+03,1.207776790579373483e-06
6.017000000000000000e+03,1.207539639835886192e-06
6.018000000000000000e+03,1.207087507282267325e-06
6.019000000000000000e+03,1.206661636388162151e-06
6.020000000000000000e+03,1.206298406941641588e-06
6.021000000000000000e+03,1.205894022859865800e-06
6.022000000000000000e+03,1.206200067827012390e-06
6.023000000000000000e+03,1.205693024530773982e-06
6.024000000000000000e+03,1.205379930979688652e-06
6.025000000000000000e+03,1.205030912387883291e-06
6.026000000000000000e+03,1.204721684189280495e-06
6.027000000000000000e+03,1.204281147693109233e-06
6.028000000000000000e+03,1.205245780511177145e-06
6.029000000000000000e+03,1.204159161716233939e-06
6.030000000000000000e+03,1.203932697535492480e-06
6.031000000000000000e+03,1.203724536935624201e-06
6.032000000000000000e+03,1.203509782499168068e-06
6.033000000000000000e+03,1.203239207825390622e-06
6.034000000000000000e+03,1.203013653139350936e-06
6.035000000000000000e+03,1.202595967697561719e-06
6.036000000000000000e+03,1.202425551127817016e-06
6.037000000000000000e+03,1.202036628455971368e-06
6.038000000000000000e+03,1.201687382490490563e-06
6.039000000000000000e+03,1.201499458147736732e-06
6.040000000000000000e+03,1.201136001327540725e-06
6.041000000000000000e+03,1.200930341838102322e-06
6.042000000000000000e+03,1.200670340040232986e-06
6.043000000000000000e+03,1.200462406814040150e-06
6.044000000000000000e+03,1.200285169034032151e-06
6.045000000000000000e+03,1.199863618239760399e-06
6.046000000000000000e+03,1.199960479425499216e-06
6.047000000000000000e+03,1.199628400172514375e-06
6.048000000000000000e+03,1.199390567308000755e-06
6.049000000000000000e+03,1.199189796352584381e-06
6.050000000000000000e+03,1.199091798298468348e-06
6.051000000000000000e+03,1.198723907691601198e-06
6.052000000000000000e+03,1.198599079543782864e-06
6.053000000000000000e+03,1.198446170747047290e-06
6.054000000000000000e+03,1.198178892991563771e-06
6.055000000000000000e+03,1.197789174511854071e-06
6.056000000000000000e+03,1.197338292513450142e-06
6.057000000000000000e+03,1.196888092636072543e-06
6.058000000000000000e+03,1.196680614157230593e-06
6.059000000000000000e+03,1.196143898596346844e-06
6.060000000000000000e+03,1.195968593492580112e-06
6.061000000000000000e+03,1.195659706354490481e-06
6.062000000000000000e+03,1.195506115436728578e-06
6.063000000000000000e+03,1.195022946376411710e-06
6.064000000000000000e+03,1.194764536194270477e-06
6.065000000000000000e+03,1.194325705000665039e-06
6.066000000000000000e+03,1.194027959172672126e-06
6.067000000000000000e+03,1.193980097013991326e-06
6.068000000000000000e+03,1.193819684885966126e-06
6.069000000000000000e+03,1.193535581478499807e-06
6.070000000000000000e+03,1.193364710161404219e-06
6.071000000000000000e+03,1.193141883959469851e-06
6.072000000000000000e+03,1.193501930174534209e-06
6.073000000000000000e+03,1.193027060253371019e-06
6.074000000000000000e+03,1.192901549984526355e-06
6.075000000000000000e+03,1.192528884530474897e-06
6.076000000000000000e+03,1.192291961160663050e-06
6.077000000000000000e+03,1.191905539599247277e-06
6.078000000000000000e+03,1.191573801406775601e-06
6.079000000000000000e+03,1.191111323350924067e-06
6.080000000000000000e+03,1.190858142763318028e-06
6.081000000000000000e+03,1.190607463286141865e-06
6.082000000000000000e+03,1.190386910820961930e-06
6.083000000000000000e+03,1.190168063658347819e-06
6.084000000000000000e+03,1.189886233987635933e-06
6.085000000000000000e+03,1.189507770504860673e-06
6.086000000000000000e+03,1.189205363516521174e-06
6.087000000000000000e+03,1.188724354506121017e-06
6.088000000000000000e+03,1.188440819532843307e-06
6.089000000000000000e+03,1.188015630759764463e-06
6.090000000000000000e+03,1.187741645480855368e-06
6.091000000000000000e+03,1.187386260426137596e-06
6.092000000000000000e+03,1.187007114822336007e-06
6.093000000000000000e+03,1.186636268357688095e-06
6.094000000000000000e+03,1.186269173558684997e-06
6.095000000000000000e+03,1.185927885671844706e-06
6.096000000000000000e+03,1.185668679681839421e-06
6.097000000000000000e+03,1.185379915114026517e-06
6.098000000000000000e+03,1.185075802823121194e-06
6.099000000000000000e+03,1.184774419016321190e-06
6.100000000000000000e+03,1.184245775220915675e-06
6.101000000000000000e+03,1.184496795758605003e-06
6.102000000000000000e+03,1.183972926810383797e-06
6.103000000000000000e+03,1.183541144200717099e-06
6.104000000000000000e+03,1.183095491796848364e-06
6.105000000000000000e+03,1.182844698632834479e-06
6.106000000000000000e+03,1.182577193503675517e-06
6.107000000000000000e+03,1.182260916721133981e-06
6.108000000000000000e+03,1.181923380499938503e-06
6.109000000000000000e+03,1.181563561658549588e-06
6.110000000000000000e+03,1.181186235044151545e-06
6.111000000000000000e+03,1.180747858597896993e-06
6.112000000000000000e+03,1.180398612632416189e-06
6.113000000000000000e+03,1.180201934403157793e-06
6.114000000000000000e+03,1.179908167614485137e-06
6.115000000000000000e+03,1.179780042548372876e-06
6.116000000000000000e+03,1.179645892079861369e-06
6.117000000000000000e+03,1.179437049358966760e-06
6.118000000000000000e+03,1.180388721877534408e-06
6.119000000000000000e+03,1.179304376819345634e-06
6.120000000000000000e+03,1.179078253699117340e-06
6.121000000000000000e+03,1.178810521196282934e-06
6.122000000000000000e+03,1.178583943328703754e-06
6.123000000000000000e+03,1.178232992060657125e-06
6.124000000000000000e+03,1.177945705421734601e-06
6.125000000000000000e+03,1.177606577584811021e-06
6.126000000000000000e+03,1.177437752630794421e-06
6.127000000000000000e+03,1.177640228888776619e-06
6.128000000000000000e+03,1.177363060378411319e-06
6.129000000000000000e+03,1.177261196971812751e-06
6.130000000000000000e+03,1.177144781649985816e-06
6.131000000000000000e+03,1.176902173938287888e-06
6.132000000000000000e+03,1.176694922833121382e-06
6.133000000000000000e+03,1.176246769318822771e-06
6.134000000000000000e+03,1.175950387732882518e-06
6.135000000000000000e+03,1.175740521830448415e-06
6.136000000000000000e+03,1.175441411760402843e-06
6.137000000000000000e+03,1.175196985059301369e-06
6.138000000000000000e+03,1.174803401227109134e-06
6.139000000000000000e+03,1.174548401650099549e-06
6.140000000000000000e+03,1.174253043245698791e-06
6.141000000000000000e+03,1.173906639451161027e-06
6.142000000000000000e+03,1.173563532574917190e-06
6.143000000000000000e+03,1.173368332274549175e-06
6.144000000000000000e+03,1.173246118923998438e-06
6.145000000000000000e+03,1.172921997749654111e-06
6.146000000000000000e+03,1.172578549812897108e-06
6.147000000000000000e+03,1.172350607703265268e-06
6.148000000000000000e+03,1.172156430584436748e-06
6.149000000000000000e+03,1.172052634501596913e-06
6.150000000000000000e+03,1.171724647974770050e-06
6.151000000000000000e+03,1.171447365777567029e-06
6.152000000000000000e+03,1.171186681858671363e-06
6.153000000000000000e+03,1.170945779449539259e-06
6.154000000000000000e+03,1.170578684650536161e-06
6.155000000000000000e+03,1.170177483800216578e-06
6.156000000000000000e+03,1.171787289422354661e-06
6.157000000000000000e+03,1.170058226307446603e-06
6.158000000000000000e+03,1.169859388028271496e-06
6.159000000000000000e+03,1.169614506579819135e-06
6.160000000000000000e+03,1.169317783933365718e-06
6.161000000000000000e+03,1.168926587524765637e-06
6.162000000000000000e+03,1.168549829344556201e-06
6.163000000000000000e+03,1.168354970104701351e-06
6.164000000000000000e+03,1.168187168332224246e-06
6.165000000000000000e+03,1.167805862678505946e-06
6.166000000000000000e+03,1.167445589089766145e-06
6.167000000000000000e+03,1.167211280517221894e-06
6.168000000000000000e+03,1.167050754702358972e-06
6.169000000000000000e+03,1.166883293990395032e-06
6.170000000000000000e+03,1.166645120065368246e-06
6.171000000000000000e+03,1.166325091617181897e-06
6.172000000000000000e+03,1.166003812613780610e-06
6.173000000000000000e+03,1.166044285128009506e-06
6.174000000000000000e+03,1.165830667559930589e-06
6.175000000000000000e+03,1.165544631476223003e-06
6.176000000000000000e+03,1.165275648418173660e-06
6.177000000000000000e+03,1.164733021141728386e-06
6.178000000000000000e+03,1.164224158856086433e-06
6.179000000000000000e+03,1.163761339739721734e-06
6.180000000000000000e+03,1.164714944934530649e-06
6.181000000000000000e+03,1.163557953987037763e-06
6.182000000000000000e+03,1.163246338364842813e-06
6.183000000000000000e+03,1.163048182206694037e-06
6.184000000000000000e+03,1.163267711490334477e-06
6.185000000000000000e+03,1.162950638899928890e-06
6.186000000000000000e+03,1.162698367807024624e-06
6.187000000000000000e+03,1.162430521617352497e-06
6.188000000000000000e+03,1.162253852271533106e-06
6.189000000000000000e+03,1.161806721938773990e-06
6.190000000000000000e+03,1.161527279691654257e-06
6.191000000000000000e+03,1.161202817456796765e-06
6.192000000000000000e+03,1.160959300250397064e-06
6.193000000000000000e+03,1.160567308033932932e-06
6.194000000000000000e+03,1.161771251645404845e-06
6.195000000000000000e+03,1.160437705038930289e-06
6.196000000000000000e+03,1.160263536803540774e-06
6.197000000000000000e+03,1.159782186732627451e-06
6.198000000000000000e+03,1.159434532382874750e-06
6.199000000000000000e+03,1.159131215899833478e-06
6.200000000000000000e+03,1.158928853328689002e-06
6.201000000000000000e+03,1.158537770606926642e-06
6.202000000000000000e+03,1.158406121248845011e-06
6.203000000000000000e+03,1.158146233137813397e-06
6.204000000000000000e+03,1.157975930254906416e-06
6.205000000000000000e+03,1.157824499387061223e-06
6.206000000000000000e+03,1.157694100584194530e-06
6.207000000000000000e+03,1.157457518274895847e-06
6.208000000000000000e+03,1.157379415417381097e-06
6.209000000000000000e+03,1.157165229415113572e-06
6.210000000000000000e+03,1.156943653768394142e-06
6.211000000000000000e+03,1.156513803834968712e-06
6.212000000000000000e+03,1.157020733444369398e-06
6.213000000000000000e+03,1.156334747065557167e-06
6.214000000000000000e+03,1.156088842435565311e-06
6.215000000000000000e+03,1.155732434199308045e-06
6.216000000000000000e+03,1.155346240011567716e-06
6.217000000000000000e+03,1.155046220446820371e-06
6.218000000000000000e+03,1.154738242803432513e-06
6.219000000000000000e+03,1.154446181317325681e-06
6.220000000000000000e+03,1.154038614004093688e-06
6.221000000000000000e+03,1.153671178144577425e-06
6.222000000000000000e+03,1.153182211055536754e-06
6.223000000000000000e+03,1.152787604041805025e-06
6.224000000000000000e+03,1.152417212324508000e-06
6.225000000000000000e+03,1.152225536316109356e-06
6.226000000000000000e+03,1.151806827692780644e-06
6.227000000000000000e+03,1.151554329226200934e-06
6.228000000000000000e+03,1.151307856162020471e-06
6.229000000000000000e+03,1.151045466940558981e-06
6.230000000000000000e+03,1.150824687101703603e-06
6.231000000000000000e+03,1.150700427388073877e-06
6.232000000000000000e+03,1.150731918642122764e-06
6.233000000000000000e+03,1.150585148934624158e-06
6.234000000000000000e+03,1.150316734310763422e-06
6.235000000000000000e+03,1.150010007222590502e-06
6.236000000000000000e+03,1.149711579273571260e-06
6.237000000000000000e+03,1.149418721979600377e-06
6.238000000000000000e+03,1.149183276538678911e-06
6.239000000000000000e+03,1.149061176874965895e-06
6.240000000000000000e+03,1.148888372881629039e-06
6.241000000000000000e+03,1.148710452980594710e-06
6.242000000000000000e+03,1.148534465755801648e-06
6.243000000000000000e+03,1.148248998106282670e-06
6.244000000000000000e+03,1.148022306551865768e-06
6.245000000000000000e+03,1.147924763245100621e-06
6.246000000000000000e+03,1.147613716057094280e-06
6.247000000000000000e+03,1.147406578638765495e-06
6.248000000000000000e+03,1.147051307270885445e-06
6.249000000000000000e+03,1.146792101280880161e-06
6.250000000000000000e+03,1.146808358498674352e-06
6.251000000000000000e+03,1.146588715528196190e-06
6.252000000000000000e+03,1.146332579082809389e-06
6.253000000000000000e+03,1.146091108239488676e-06
6.254000000000000000e+03,1.145818487202632241e-06
6.255000000000000000e+03,1.145389887824421749e-06
6.256000000000000000e+03,1.144810539699392393e-06
6.257000000000000000e+03,1.145534270108328201e-06
6.258000000000000000e+03,1.144539169217750896e-06
6.259000000000000000e+03,1.144300995292724110e-06
6.260000000000000000e+03,1.144024167842871975e-06
6.261000000000000000e+03,1.143803046943503432e-06
6.262000000000000000e+03,1.143453459917509463e-06
6.263000000000000000e+03,1.146404201790574007e-06
6.264000000000000000e+03,1.143369104283920024e-06
6.265000000000000000e+03,1.143149461313441861e-06
6.266000000000000000e+03,1.142649011853791308e-06
6.267000000000000000e+03,1.142338533099973574e-06
6.268000000000000000e+03,1.142150949817732908e-06
6.269000000000000000e+03,1.141966549766948447e-06
6.270000000000000000e+03,1.141604116128291935e-06
6.271000000000000000e+03,1.141359803114028182e-06
6.272000000000000000e+03,1.141173584073840175e-06
6.273000000000000000e+03,1.140678591582400259e-06
6.274000000000000000e+03,1.140308427238778677e-06
6.275000000000000000e+03,1.139967253038776107e-06
6.276000000000000000e+03,1.139702703767397907e-06
6.277000000000000000e+03,1.139167920882755425e-06
6.278000000000000000e+03,1.138760012509010267e-06
6.279000000000000000e+03,1.138545485446229577e-06
6.280000000000000000e+03,1.138360289587581065e-06
6.281000000000000000e+03,1.138264224209706299e-06
6.282000000000000000e+03,1.138005472967051901e-06
6.283000000000000000e+03,1.137687490881944541e-06
6.284000000000000000e+03,1.137485014623962343e-06
6.285000000000000000e+03,1.137282538365980145e-06
6.286000000000000000e+03,1.137168396780907642e-06
6.287000000000000000e+03,1.136903279075340834e-06
6.288000000000000000e+03,1.136749574470741209e-06
6.289000000000000000e+03,1.136382707045413554e-06
6.290000000000000000e+03,1.136207856688997708e-06
6.291000000000000000e+03,1.135847583100257907e-06
6.292000000000000000e+03,1.135631805482262280e-06
6.293000000000000000e+03,1.135470938606886193e-06
6.294000000000000000e+03,1.135088155024277512e-06
6.295000000000000000e+03,1.135203433477727231e-06
6.296000000000000000e+03,1.134870899477391504e-06
6.297000000000000000e+03,1.134588615059328731e-06
6.298000000000000000e+03,1.134334638663858641e-06
6.299000000000000000e+03,1.134040189754159655e-06
6.300000000000000000e+03,1.133619093707238790e-06
6.301000000000000000e+03,1.133506657424732111e-06
6.302000000000000000e+03,1.133043724621529691e-06
6.303000000000000000e+03,1.132928218794404529e-06
6.304000000000000000e+03,1.132738816522760317e-06
6.305000000000000000e+03,1.132536681325291283e-06
6.306000000000000000e+03,1.132405827775073703e-06
6.307000000000000000e+03,1.132089778366207611e-06
6.308000000000000000e+03,1.131894578065839596e-06
6.309000000000000000e+03,1.131534759224450681e-06
6.310000000000000000e+03,1.131236672335944604e-06
6.311000000000000000e+03,1.130840246332809329e-06
6.312000000000000000e+03,1.130443024521810003e-06
6.313000000000000000e+03,1.130146529249032028e-06
6.314000000000000000e+03,1.129813995248696301e-06
6.315000000000000000e+03,1.129656425291614141e-06
6.316000000000000000e+03,1.129554789258691017e-06
6.317000000000000000e+03,1.129224187934596557e-06
6.318000000000000000e+03,1.129060933635628317e-06
6.319000000000000000e+03,1.128720100496138912e-06
6.320000000000000000e+03,1.128531266658683307e-06
6.321000000000000000e+03,1.128365738622960635e-06
6.322000000000000000e+03,1.128699636865349021e-06
6.323000000000000000e+03,1.128277745010564104e-06
6.324000000000000000e+03,1.128091639657213818e-06
6.325000000000000000e+03,1.127887799157178961e-06
6.326000000000000000e+03,1.127550945057009812e-06
6.327000000000000000e+03,1.127369387177168392e-06
6.328000000000000000e+03,1.126971710618818179e-06
6.329000000000000000e+03,1.126755364566633943e-06
6.330000000000000000e+03,1.126502070292190183e-06
6.331000000000000000e+03,1.126340862356300931e-06
6.332000000000000000e+03,1.126124743677792139e-06
6.333000000000000000e+03,1.126218421632074751e-06
6.334000000000000000e+03,1.125922153732972220e-06
6.335000000000000000e+03,1.125710127780621406e-06
6.336000000000000000e+03,1.125478206631669309e-06
6.337000000000000000e+03,1.125319840866723098e-06
6.338000000000000000e+03,1.125120320466521662e-06
6.339000000000000000e+03,1.125057565332099330e-06
6.340000000000000000e+03,1.124804612118168734e-06
6.341000000000000000e+03,1.124691266340960283e-06
6.342000000000000000e+03,1.124543132391409017e-06
6.343000000000000000e+03,1.124349068959418219e-06
6.344000000000000000e+03,1.123900005950417835e-06
6.345000000000000000e+03,1.124667392105038743e-06
6.346000000000000000e+03,1.123675474445917644e-06
6.347000000000000000e+03,1.123388642554346006e-06
6.348000000000000000e+03,1.123227548305294476e-06
6.349000000000000000e+03,1.123113406720221974e-06
6.350000000000000000e+03,1.122920593843446113e-06
6.351000000000000000e+03,1.122531671171600465e-06
6.352000000000000000e+03,1.124027221521828324e-06
6.353000000000000000e+03,1.122381718232645653e-06
6.354000000000000000e+03,1.122174353440641426e-06
6.355000000000000000e+03,1.121915147450636141e-06
6.356000000000000000e+03,1.121508375945268199e-06
6.357000000000000000e+03,1.121191189668024890e-06
6.358000000000000000e+03,1.120859792536066379e-06
6.359000000000000000e+03,1.120679144150926732e-06
6.360000000000000000e+03,1.120520892072818242e-06
6.361000000000000000e+03,1.120088541028962936e-06
6.362000000000000000e+03,1.119590592679742258e-06
6.363000000000000000e+03,1.119218609346717130e-06
6.364000000000000000e+03,1.118928025789500680e-06
6.365000000000000000e+03,1.118781369768839795e-06
6.366000000000000000e+03,1.118326508731115609e-06
6.367000000000000000e+03,1.118408590627950616e-06
6.368000000000000000e+03,1.117983856602222659e-06
6.369000000000000000e+03,1.117456349675194360e-06
6.370000000000000000e+03,1.117241026804549620e-06
6.371000000000000000e+03,1.117056740440602880e-06
6.372000000000000000e+03,1.116699422709643841e-06
6.373000000000000000e+03,1.116294015446328558e-06
6.374000000000000000e+03,1.115742747970216442e-06
6.375000000000000000e+03,1.115181134991871659e-06
6.376000000000000000e+03,1.114759811571275350e-06
6.377000000000000000e+03,1.115354507419397123e-06
6.378000000000000000e+03,1.114507199417857919e-06
6.379000000000000000e+03,1.114311658056976739e-06
6.380000000000000000e+03,1.114148972192197107e-06
6.381000000000000000e+03,1.114283918468572665e-06
6.382000000000000000e+03,1.114019141823519021e-06
6.383000000000000000e+03,1.113934672503091861e-06
6.384000000000000000e+03,1.113442067435244098e-06
6.385000000000000000e+03,1.113025746235507540e-06
6.386000000000000000e+03,1.112603058572858572e-06
6.387000000000000000e+03,1.112297582039900590e-06
6.388000000000000000e+03,1.112056338570255321e-06
6.389000000000000000e+03,1.111749043047893792e-06
6.390000000000000000e+03,1.111448568735795561e-06
6.391000000000000000e+03,1.111100004891341086e-06
6.392000000000000000e+03,1.110794073611032218e-06
6.393000000000000000e+03,1.110512812374508940e-06
6.394000000000000000e+03,1.109971890400629491e-06
6.395000000000000000e+03,1.109460413317719940e-06
6.396000000000000000e+03,1.108931883209152147e-06
6.397000000000000000e+03,1.108688707063265610e-06
6.398000000000000000e+03,1.108092760659928899e-06
6.399000000000000000e+03,1.107866069105511997e-06
6.400000000000000000e+03,1.107576963477185927e-06
6.401000000000000000e+03,1.107183834392344579e-06
6.402000000000000000e+03,1.106447143683908507e-06
6.403000000000000000e+03,1.106023546526557766e-06
6.404000000000000000e+03,1.105538331103161909e-06
6.405000000000000000e+03,1.105271735468704719e-06
6.406000000000000000e+03,1.104648163163801655e-06
6.407000000000000000e+03,1.104582224797923118e-06
6.408000000000000000e+03,1.104066541302017868e-06
6.409000000000000000e+03,1.103904878618777730e-06
6.410000000000000000e+03,1.103728777707146946e-06
6.411000000000000000e+03,1.103445697481220122e-06
6.412000000000000000e+03,1.103083945963589940e-06
6.413000000000000000e+03,1.102857936530199368e-06
6.414000000000000000e+03,1.102664782592910342e-06
6.415000000000000000e+03,1.102527221519267187e-06
6.416000000000000000e+03,1.102283022191841155e-06
6.417000000000000000e+03,1.102033820643555373e-06
6.418000000000000000e+03,1.101630914490669966e-06
6.419000000000000000e+03,1.101926955016097054e-06
6.420000000000000000e+03,1.101391376323590521e-06
6.421000000000000000e+03,1.101153316085401457e-06
6.422000000000000000e+03,1.100800545827951282e-06
6.423000000000000000e+03,1.100565441447542980e-06
6.424000000000000000e+03,1.100200165637943428e-06
6.425000000000000000e+03,1.100396843867201824e-06
6.426000000000000000e+03,1.100022132050071377e-06
6.427000000000000000e+03,1.099721202990622260e-06
6.428000000000000000e+03,1.099202449950098526e-06
6.429000000000000000e+03,1.098602183446928393e-06
6.430000000000000000e+03,1.097899257729295641e-06
6.431000000000000000e+03,1.097168023989070207e-06
6.432000000000000000e+03,1.097133235816727392e-06
6.433000000000000000e+03,1.096821733881370164e-06
6.434000000000000000e+03,1.096353230423119385e-06
6.435000000000000000e+03,1.096045025406056084e-06
6.436000000000000000e+03,1.095664174499688670e-06
6.437000000000000000e+03,1.095453512789390516e-06
6.438000000000000000e+03,1.095233301384723745e-06
6.439000000000000000e+03,1.095148149943270255e-06
6.440000000000000000e+03,1.094848471439036075e-06
6.441000000000000000e+03,1.094617118724272586e-06
6.442000000000000000e+03,1.094166577786381822e-06
6.443000000000000000e+03,1.094492745323805138e-06
6.444000000000000000e+03,1.094029812520602718e-06
6.445000000000000000e+03,1.093760374715202488e-06
6.446000000000000000e+03,1.093449213840358425e-06
6.447000000000000000e+03,1.093008791031024884e-06
6.448000000000000000e+03,1.092697516469343100e-06
6.449000000000000000e+03,1.092394768420490436e-06
6.450000000000000000e+03,1.092105890165839810e-06
6.451000000000000000e+03,1.091900799110590015e-06
6.452000000000000000e+03,1.091324747903854586e-06
6.453000000000000000e+03,1.091428885047207586e-06
6.454000000000000000e+03,1.091145463760767598e-06
6.455000000000000000e+03,1.090877503884257749e-06
6.456000000000000000e+03,1.090717319129907992e-06
6.457000000000000000e+03,1.090504383682855405e-06
6.458000000000000000e+03,1.090177192963892594e-06
6.459000000000000000e+03,1.089902070816606283e-06
6.460000000000000000e+03,1.089520651476050261e-06
6.461000000000000000e+03,1.089254965336294845e-06
6.462000000000000000e+03,1.088999283638258930e-06
6.463000000000000000e+03,1.088700287255051080e-06
6.464000000000000000e+03,1.088291355699766427e-06
6.465000000000000000e+03,1.088099793378205504e-06
6.466000000000000000e+03,1.087829218704428058e-06
6.467000000000000000e+03,1.087650616682367399e-06
6.468000000000000000e+03,1.087469854610390030e-06
6.469000000000000000e+03,1.087016130441043060e-06
6.470000000000000000e+03,1.086511133507883642e-06
6.471000000000000000e+03,1.086221345758531243e-06
6.472000000000000000e+03,1.086041379494417924e-06
6.473000000000000000e+03,1.085677695300546475e-06
6.474000000000000000e+03,1.085378926291014068e-06
6.475000000000000000e+03,1.084948507923400030e-06
6.476000000000000000e+03,1.085442590920138173e-06
6.477000000000000000e+03,1.084845166587911081e-06
6.478000000000000000e+03,1.084522068595106248e-06
6.479000000000000000e+03,1.084358245861949399e-06
6.480000000000000000e+03,1.084195218936656602e-06
6.481000000000000000e+03,1.083940446733322460e-06
6.482000000000000000e+03,1.084060045286605600e-06
6.483000000000000000e+03,1.083726942852081265e-06
6.484000000000000000e+03,1.083371444110525772e-06
6.485000000000000000e+03,1.083208303498395253e-06
6.486000000000000000e+03,1.083041411220619921e-06
6.487000000000000000e+03,1.082852804756839760e-06
6.488000000000000000e+03,1.082397602658602409e-06
6.489000000000000000e+03,1.082397830032277852e-06
6.490000000000000000e+03,1.082249582395888865e-06
6.491000000000000000e+03,1.081975256056466606e-06
6.492000000000000000e+03,1.081792674995085690e-06
6.493000000000000000e+03,1.081407617675722577e-06
6.494000000000000000e+03,1.081632717614411376e-06
6.495000000000000000e+03,1.081186724150029477e-06
6.496000000000000000e+03,1.080718334378616419e-06
6.497000000000000000e+03,1.080527340491244104e-06
6.498000000000000000e+03,1.080300421563151758e-06
6.499000000000000000e+03,1.080019615073979367e-06
6.500000000000000000e+03,1.079637740986072458e-06
6.501000000000000000e+03,1.080202650882711168e-06
6.502000000000000000e+03,1.079445382856647484e-06
6.503000000000000000e+03,1.079251660485169850e-06
6.504000000000000000e+03,1.079081812349613756e-06
6.505000000000000000e+03,1.078889113159675617e-06
6.506000000000000000e+03,1.078650711860973388e-06
6.507000000000000000e+03,1.078590230463305488e-06
6.508000000000000000e+03,1.078434252121951431e-06
6.509000000000000000e+03,1.078123545994458254e-06
6.510000000000000000e+03,1.077842171071097255e-06
6.511000000000000000e+03,1.077509637070761528e-06
6.512000000000000000e+03,1.077173692465294152e-06
6.513000000000000000e+03,1.077529987014713697e-06
6.514000000000000000e+03,1.076969169844232965e-06
6.515000000000000000e+03,1.076645503417239524e-06
6.516000000000000000e+03,1.076212129191844724e-06
6.517000000000000000e+03,1.075476347978110425e-06
6.518000000000000000e+03,1.075205432243819814e-06
6.519000000000000000e+03,1.074830493053013925e-06
6.520000000000000000e+03,1.074670080924988724e-06
6.521000000000000000e+03,1.074335955308924895e-06
6.522000000000000000e+03,1.073819817065668758e-06
6.523000000000000000e+03,1.073483645086525939e-06
6.524000000000000000e+03,1.073814132723782677e-06
6.525000000000000000e+03,1.073315502253535669e-06
6.526000000000000000e+03,1.073064026968495455e-06
6.527000000000000000e+03,1.072789018508046865e-06
6.528000000000000000e+03,1.072545956048998050e-06
6.529000000000000000e+03,1.072166810445196461e-06
6.530000000000000000e+03,1.071701717592077330e-06
6.531000000000000000e+03,1.071095880433858838e-06
6.532000000000000000e+03,1.070869302566279657e-06
6.533000000000000000e+03,1.070706844075175468e-06
6.534000000000000000e+03,1.070496409738552757e-06
6.535000000000000000e+03,1.070148641701962333e-06
6.536000000000000000e+03,1.069671611730882432e-06
6.537000000000000000e+03,1.069469476533413399e-06
6.538000000000000000e+03,1.069307472789660096e-06
6.539000000000000000e+03,1.069077484316949267e-06
6.540000000000000000e+03,1.068681967808515765e-06
6.541000000000000000e+03,1.068446977114945184e-06
6.542000000000000000e+03,1.068187089003913570e-06
6.543000000000000000e+03,1.067992457137734164e-06
6.544000000000000000e+03,1.067640823748661205e-06
6.545000000000000000e+03,1.067164930645958520e-06
6.546000000000000000e+03,1.066747813638357911e-06
6.547000000000000000e+03,1.066482013811764773e-06
6.548000000000000000e+03,1.066244863068277482e-06
6.549000000000000000e+03,1.066107643055147491e-06
6.550000000000000000e+03,1.065787728293798864e-06
6.551000000000000000e+03,1.066571485353051685e-06
6.552000000000000000e+03,1.065709852809959557e-06
6.553000000000000000e+03,1.065562628355110064e-06
6.554000000000000000e+03,1.065401534106058534e-06
6.555000000000000000e+03,1.065137894329382107e-06
6.556000000000000000e+03,1.064767161551571917e-06
6.557000000000000000e+03,1.064405637407617178e-06
6.558000000000000000e+03,1.064224875335639808e-06
6.559000000000000000e+03,1.064055823007947765e-06
6.560000000000000000e+03,1.063862555383821018e-06
6.561000000000000000e+03,1.063616991814342327e-06
6.562000000000000000e+03,1.063285026248195209e-06
6.563000000000000000e+03,1.062990008904307615e-06
6.564000000000000000e+03,1.062532192008802667e-06
6.565000000000000000e+03,1.062296291820530314e-06
6.566000000000000000e+03,1.061987290995602962e-06
6.567000000000000000e+03,1.061593934537086170e-06
6.568000000000000000e+03,1.061401349033985753e-06
6.569000000000000000e+03,1.060914087247510906e-06
6.570000000000000000e+03,1.060738554770068731e-06
6.571000000000000000e+03,1.060342015080095734e-06
6.572000000000000000e+03,1.060868498825584538e-06
6.573000000000000000e+03,1.060168301592057105e-06
6.574000000000000000e+03,1.059891815202718135e-06
6.575000000000000000e+03,1.059430815075756982e-06
6.576000000000000000e+03,1.058750740412506275e-06
6.577000000000000000e+03,1.058154225574980956e-06
6.578000000000000000e+03,1.057719828168046661e-06
6.579000000000000000e+03,1.057622171174443793e-06
6.580000000000000000e+03,1.057391386893868912e-06
6.581000000000000000e+03,1.057275653693068307e-06
6.582000000000000000e+03,1.057073063748248387e-06
6.583000000000000000e+03,1.056863879966840614e-06
6.584000000000000000e+03,1.056557948686531745e-06
6.585000000000000000e+03,1.056070800586894620e-06
6.586000000000000000e+03,1.055623442880460061e-06
6.587000000000000000e+03,1.055360826285323128e-06
6.588000000000000000e+03,1.054991912496916484e-06
6.589000000000000000e+03,1.055152324624941684e-06
6.590000000000000000e+03,1.054749759532569442e-06
6.591000000000000000e+03,1.054482709150761366e-06
6.592000000000000000e+03,1.054224526342295576e-06
6.593000000000000000e+03,1.053804112416401040e-06
6.594000000000000000e+03,1.053457481248187833e-06
6.595000000000000000e+03,1.053165874509431887e-06
6.596000000000000000e+03,1.052971128956414759e-06
6.597000000000000000e+03,1.052652692123956513e-06
6.598000000000000000e+03,1.052437937687500380e-06
6.599000000000000000e+03,1.052225343300960958e-06
6.600000000000000000e+03,1.051980916599859484e-06
6.601000000000000000e+03,1.051722051670367364e-06
6.602000000000000000e+03,1.051564595400122926e-06
6.603000000000000000e+03,1.051317894962267019e-06
6.604000000000000000e+03,1.051038339028309565e-06
6.605000000000000000e+03,1.050812215908081271e-06
6.606000000000000000e+03,1.050842570293752942e-06
6.607000000000000000e+03,1.050627929544134531e-06
6.608000000000000000e+03,1.050489231602114160e-06
6.609000000000000000e+03,1.050376567945932038e-06
6.610000000000000000e+03,1.050180230777186807e-06
6.611000000000000000e+03,1.049804268404841423e-06
6.612000000000000000e+03,1.049090087690274231e-06
6.613000000000000000e+03,1.049991738000244368e-06
6.614000000000000000e+03,1.048870331032958347e-06
6.615000000000000000e+03,1.048596800501400139e-06
6.616000000000000000e+03,1.048294734573573805e-06
6.617000000000000000e+03,1.048076796905661467e-06
6.618000000000000000e+03,1.047744376592163462e-06
6.619000000000000000e+03,1.047921045937982854e-06
6.620000000000000000e+03,1.047574187396094203e-06
6.621000000000000000e+03,1.047316800395492464e-06
6.622000000000000000e+03,1.047123760145041160e-06
6.623000000000000000e+03,1.046857619257934857e-06
6.624000000000000000e+03,1.046443117047601845e-06
6.625000000000000000e+03,1.046239503921242431e-06
6.626000000000000000e+03,1.045774411068123300e-06
6.627000000000000000e+03,1.045565113599877805e-06
6.628000000000000000e+03,1.045386852638330311e-06
6.629000000000000000e+03,1.045335807248193305e-06
6.630000000000000000e+03,1.044998043653322384e-06
6.631000000000000000e+03,1.044795453708502464e-06
6.632000000000000000e+03,1.044552050188940484e-06
6.633000000000000000e+03,1.044370947056449950e-06
6.634000000000000000e+03,1.044000100591802038e-06
6.635000000000000000e+03,1.044757254931028001e-06
6.636000000000000000e+03,1.043833549374539871e-06
6.637000000000000000e+03,1.043551037582801655e-06
6.638000000000000000e+03,1.043406655298895203e-06
6.639000000000000000e+03,1.043144379764271434e-06
6.640000000000000000e+03,1.042859935296291951e-06
6.641000000000000000e+03,1.042526719174929895e-06
6.642000000000000000e+03,1.042245230564731173e-06
6.643000000000000000e+03,1.041904852172592655e-06
6.644000000000000000e+03,1.041481482388917357e-06
6.645000000000000000e+03,1.041378482113941573e-06
6.646000000000000000e+03,1.041046743921469897e-06
6.647000000000000000e+03,1.040900201587646734e-06
6.648000000000000000e+03,1.040823349285346922e-06
6.649000000000000000e+03,1.040606548485811800e-06
6.650000000000000000e+03,1.040340634972380940e-06
6.651000000000000000e+03,1.040022311826760415e-06
6.652000000000000000e+03,1.039683070302999113e-06
6.653000000000000000e+03,1.039395897350914311e-06
6.654000000000000000e+03,1.038876348502526525e-06
6.655000000000000000e+03,1.038694904309522826e-06
6.656000000000000000e+03,1.038303821587760467e-06
6.657000000000000000e+03,1.038071445691457484e-06
6.658000000000000000e+03,1.037848051055334508e-06
6.659000000000000000e+03,1.037505739986954723e-06
6.660000000000000000e+03,1.037152742355829105e-06
6.661000000000000000e+03,1.037019160321506206e-06
6.662000000000000000e+03,1.036789967656659428e-06
6.663000000000000000e+03,1.036647745422669686e-06
6.664000000000000000e+03,1.036367621054523624e-06
6.665000000000000000e+03,1.036097501128097065e-06
6.666000000000000000e+03,1.035924469761084765e-06
6.667000000000000000e+03,1.035718582897970919e-06
6.668000000000000000e+03,1.035586365105700679e-06
6.669000000000000000e+03,1.035428908835456241e-06
6.670000000000000000e+03,1.035199488796934020e-06
6.671000000000000000e+03,1.034909246300230734e-06
6.672000000000000000e+03,1.034535785038315225e-06
6.673000000000000000e+03,1.034373781294561923e-06
6.674000000000000000e+03,1.034115484799258411e-06
6.675000000000000000e+03,1.034006345435045660e-06
6.676000000000000000e+03,1.033920284498890396e-06
6.677000000000000000e+03,1.033797730087826494e-06
6.678000000000000000e+03,1.033630155689024832e-06
6.679000000000000000e+03,1.033397893479559571e-06
6.680000000000000000e+03,1.033192916111147497e-06
6.681000000000000000e+03,1.032925752042501699e-06
6.682000000000000000e+03,1.032755221785919275e-06
6.683000000000000000e+03,1.032582531479420140e-06
6.684000000000000000e+03,1.032344698614906520e-06
6.685000000000000000e+03,1.032103682518936694e-06
6.686000000000000000e+03,1.031795932249224279e-06
6.687000000000000000e+03,1.031574470289342571e-06
6.688000000000000000e+03,1.033606963574129622e-06
6.689000000000000000e+03,1.031481247082410846e-06
6.690000000000000000e+03,1.031217152558383532e-06
6.691000000000000000e+03,1.030989778882940300e-06
6.692000000000000000e+03,1.030543785418558400e-06
6.693000000000000000e+03,1.030306634675071109e-06
6.694000000000000000e+03,1.029961481435748283e-06
6.695000000000000000e+03,1.029759573611954693e-06
6.696000000000000000e+03,1.029499685500923079e-06
6.697000000000000000e+03,1.029150325848604552e-06
6.698000000000000000e+03,1.029018108056334313e-06
6.699000000000000000e+03,1.028689894155832008e-06
6.700000000000000000e+03,1.028547103487653658e-06
6.701000000000000000e+03,1.028383280754496809e-06
6.702000000000000000e+03,1.028078827403078321e-06
6.703000000000000000e+03,1.027717530632799026e-06
6.704000000000000000e+03,1.027478674586745910e-06
6.705000000000000000e+03,1.027298367262119427e-06
6.706000000000000000e+03,1.027103621709102299e-06
6.707000000000000000e+03,1.026934228320897091e-06
6.708000000000000000e+03,1.026628183353750501e-06
6.709000000000000000e+03,1.026546442517428659e-06
6.710000000000000000e+03,1.026230506795400288e-06
6.711000000000000000e+03,1.026021550387667958e-06
6.712000000000000000e+03,1.025807819132751320e-06
6.713000000000000000e+03,1.025567257784132380e-06
6.714000000000000000e+03,1.025252686304156668e-06
6.715000000000000000e+03,1.025541905619320460e-06
6.716000000000000000e+03,1.025083747663302347e-06
6.717000000000000000e+03,1.024804873850371223e-06
6.718000000000000000e+03,1.024462790155666880e-06
6.719000000000000000e+03,1.024196535581722856e-06
6.720000000000000000e+03,1.023965182866959367e-06
6.721000000000000000e+03,1.023865820570790675e-06
6.722000000000000000e+03,1.023756908580253366e-06
6.723000000000000000e+03,1.023655386234167963e-06
6.724000000000000000e+03,1.023537720357126091e-06
6.725000000000000000e+03,1.023417667056492064e-06
6.726000000000000000e+03,1.023334675664955284e-06
6.727000000000000000e+03,1.023179265757789835e-06
6.728000000000000000e+03,1.023022150548058562e-06
6.729000000000000000e+03,1.022808646666817367e-06
6.730000000000000000e+03,1.022660285343590658e-06
6.731000000000000000e+03,1.022556034513399936e-06
6.732000000000000000e+03,1.022330479827360250e-06
6.733000000000000000e+03,1.021903472064877860e-06
6.734000000000000000e+03,1.021534899336984381e-06
6.735000000000000000e+03,1.021184630189964082e-06
6.736000000000000000e+03,1.020923264150042087e-06
6.737000000000000000e+03,1.020679064822616056e-06
6.738000000000000000e+03,1.020453851197089534e-06
6.739000000000000000e+03,1.020188392431009561e-06
6.740000000000000000e+03,1.019887235997885000e-06
6.741000000000000000e+03,1.019687033476657234e-06
6.742000000000000000e+03,1.019487740450131241e-06
6.743000000000000000e+03,1.019333694785018452e-06
6.744000000000000000e+03,1.019224441733967979e-06
6.745000000000000000e+03,1.018823809317837004e-06
6.746000000000000000e+03,1.018520151774282567e-06
6.747000000000000000e+03,1.018051648316031788e-06
6.748000000000000000e+03,1.018583361656055786e-06
6.749000000000000000e+03,1.017861563923361246e-06
6.750000000000000000e+03,1.017593604046851397e-06
6.751000000000000000e+03,1.017423301163944416e-06
6.752000000000000000e+03,1.017136128211859614e-06
6.753000000000000000e+03,1.018475927594408859e-06
6.754000000000000000e+03,1.017033582684234716e-06
6.755000000000000000e+03,1.016795863506558817e-06
6.756000000000000000e+03,1.016498003991728183e-06
6.757000000000000000e+03,1.016244482343608979e-06
6.758000000000000000e+03,1.015896600620180834e-06
6.759000000000000000e+03,1.015510406432440504e-06
6.760000000000000000e+03,1.016248347696091514e-06
6.761000000000000000e+03,1.015357383948867209e-06
6.762000000000000000e+03,1.014987788039434236e-06
6.763000000000000000e+03,1.014791791931202170e-06
6.764000000000000000e+03,1.014553618006175384e-06
6.765000000000000000e+03,1.014326130643894430e-06
6.766000000000000000e+03,1.014156509882013779e-06
6.767000000000000000e+03,1.013954829431895632e-06
6.768000000000000000e+03,1.013723021969781257e-06
6.769000000000000000e+03,1.013383780446019955e-06
6.770000000000000000e+03,1.013070459521259181e-06
6.771000000000000000e+03,1.013258611237688456e-06
6.772000000000000000e+03,1.012805796563043259e-06
6.773000000000000000e+03,1.012481902762374375e-06
6.774000000000000000e+03,1.012287157209357247e-06
6.775000000000000000e+03,1.012252141663338989e-06
6.776000000000000000e+03,1.011944732454139739e-06
6.777000000000000000e+03,1.011874246614752337e-06
6.778000000000000000e+03,1.011780682347307447e-06
6.779000000000000000e+03,1.011606741485593375e-06
6.780000000000000000e+03,1.011538643069798127e-06
6.781000000000000000e+03,1.011407789519580547e-06
6.782000000000000000e+03,1.011303879749902990e-06
6.783000000000000000e+03,1.011175640996953007e-06
6.784000000000000000e+03,1.010927007882855833e-06
6.785000000000000000e+03,1.010761366160295438e-06
6.786000000000000000e+03,1.010650635180354584e-06
6.787000000000000000e+03,1.010486130326171406e-06
6.788000000000000000e+03,1.010299456538632512e-06
6.789000000000000000e+03,1.009988977784814779e-06
6.790000000000000000e+03,1.009721472655655816e-06
6.791000000000000000e+03,1.009453285405470524e-06
6.792000000000000000e+03,1.009200673252053093e-06
6.793000000000000000e+03,1.008948288472311106e-06
6.794000000000000000e+03,1.008892354548152070e-06
6.795000000000000000e+03,1.008572098726290278e-06
6.796000000000000000e+03,1.008457161333353724e-06
6.797000000000000000e+03,1.008207732411392499e-06
6.798000000000000000e+03,1.008073013508692384e-06
6.799000000000000000e+03,1.007857008517021313e-06
6.800000000000000000e+03,1.007657488116819877e-06
6.801000000000000000e+03,1.007397600005788263e-06
6.802000000000000000e+03,1.007080641102220397e-06
6.803000000000000000e+03,1.006521301860630047e-06
6.804000000000000000e+03,1.006082811727537774e-06
6.805000000000000000e+03,1.005846115731401369e-06
6.806000000000000000e+03,1.005679791887814645e-06
6.807000000000000000e+03,1.005425815492344555e-06
6.808000000000000000e+03,1.005827130029501859e-06
6.809000000000000000e+03,1.005232320494542364e-06
6.810000000000000000e+03,1.005013814392441418e-06
6.811000000000000000e+03,1.004645355351385660e-06
6.812000000000000000e+03,1.004497107714996673e-06
6.813000000000000000e+03,1.004143200589169282e-06
6.814000000000000000e+03,1.003720058179169428e-06
6.815000000000000000e+03,1.003672991828352679e-06
6.816000000000000000e+03,1.003520992526318878e-06
6.817000000000000000e+03,1.003305101221485529e-06
6.818000000000000000e+03,1.003101488095126115e-06
6.819000000000000000e+03,1.002911972136644181e-06
6.820000000000000000e+03,1.002553744910983369e-06
6.821000000000000000e+03,1.002317503662197851e-06
6.822000000000000000e+03,1.002042722575424705e-06
6.823000000000000000e+03,1.001795340016542468e-06
6.824000000000000000e+03,1.001567511593748350e-06
6.825000000000000000e+03,1.001297732727834955e-06
6.826000000000000000e+03,1.000967017716902774e-06
6.827000000000000000e+03,1.000541033135959879e-06
6.828000000000000000e+03,9.999905614677118137e-07
6.829000000000000000e+03,9.996164180847699754e-07
6.830000000000000000e+03,9.993763114835019223e-07
6.831000000000000000e+03,9.991802016884321347e-07
6.832000000000000000e+03,9.989965974455117248e-07
6.833000000000000000e+03,9.987928706323145889e-07
6.834000000000000000e+03,9.985320730265812017e-07
6.835000000000000000e+03,9.982605888581019826e-07
6.836000000000000000e+03,9.980792583519360051e-07
6.837000000000000000e+03,9.978695061363396235e-07
6.838000000000000000e+03,9.977005674954853021e-07
6.839000000000000000e+03,9.974801287171430886e-07
6.840000000000000000e+03,9.972820862458320335e-07
6.841000000000000000e+03,9.971010968001792207e-07
6.842000000000000000e+03,9.969455732061760500e-07
6.843000000000000000e+03,9.966965990315657109e-07
6.844000000000000000e+03,9.963907814380945638e-07
6.845000000000000000e+03,9.960504030459560454e-07
6.846000000000000000e+03,9.958854434444219805e-07
6.847000000000000000e+03,9.956248732123640366e-07
6.848000000000000000e+03,9.954849247151287273e-07
6.849000000000000000e+03,9.951834272214910015e-07
6.850000000000000000e+03,9.950601906894007698e-07
6.851000000000000000e+03,9.948386150426813401e-07
6.852000000000000000e+03,9.946897989721037447e-07
6.853000000000000000e+03,9.944878911483101547e-07
6.854000000000000000e+03,9.943157692759996280e-07
6.855000000000000000e+03,9.937925824488047510e-07
6.856000000000000000e+03,9.935133675753604621e-07
6.857000000000000000e+03,9.931443401001160964e-07
6.858000000000000000e+03,9.928493227562285028e-07
6.859000000000000000e+03,9.925977337843505666e-07
6.860000000000000000e+03,9.920968295773491263e-07
6.861000000000000000e+03,9.923918469212367199e-07
6.862000000000000000e+03,9.918278465192997828e-07
6.863000000000000000e+03,9.914392649079672992e-07
6.864000000000000000e+03,9.912384939525509253e-07
6.865000000000000000e+03,9.909875871016993187e-07
6.866000000000000000e+03,9.905811566568445414e-07
6.867000000000000000e+03,9.902820465867989697e-07
6.868000000000000000e+03,9.900877557811327279e-07
6.869000000000000000e+03,9.898919870465761051e-07
6.870000000000000000e+03,9.897249810819630511e-07
6.871000000000000000e+03,9.895233006318449043e-07
6.872000000000000000e+03,9.893124115478713065e-07
6.873000000000000000e+03,9.890210321827908047e-07
6.874000000000000000e+03,9.889586181088816375e-07
6.875000000000000000e+03,9.887235137284733355e-07
6.876000000000000000e+03,9.885729923553299159e-07
6.877000000000000000e+03,9.882311360343010165e-07
6.878000000000000000e+03,9.877139746095053852e-07
6.879000000000000000e+03,9.878126547846477479e-07
6.880000000000000000e+03,9.874835313894436695e-07
6.881000000000000000e+03,9.871821475826436654e-07
6.882000000000000000e+03,9.869399946182966232e-07
6.883000000000000000e+03,9.867462722468189895e-07
6.884000000000000000e+03,9.865445917967008427e-07
6.885000000000000000e+03,9.863937293630442582e-07
6.886000000000000000e+03,9.862044407782377675e-07
6.887000000000000000e+03,9.860202681011287495e-07
6.888000000000000000e+03,9.858642897597746924e-07
6.889000000000000000e+03,9.855122016233508475e-07
6.890000000000000000e+03,9.872682085187989287e-07
6.891000000000000000e+03,9.853778237811638974e-07
6.892000000000000000e+03,9.849568414210807532e-07
6.893000000000000000e+03,9.847684623309760354e-07
6.894000000000000000e+03,9.845660997598315589e-07
6.895000000000000000e+03,9.844310397966182791e-07
6.896000000000000000e+03,9.842610779742244631e-07
6.897000000000000000e+03,9.840554184847860597e-07
6.898000000000000000e+03,9.839137646849849261e-07
6.899000000000000000e+03,9.837370953391655348e-07
6.900000000000000000e+03,9.834898264671210200e-07
6.901000000000000000e+03,9.831951501837465912e-07
6.902000000000000000e+03,9.830522458287305199e-07
6.903000000000000000e+03,9.828232805375591852e-07
6.904000000000000000e+03,9.826763971432228573e-07
6.905000000000000000e+03,9.822716720009339042e-07
6.906000000000000000e+03,9.821621915762079880e-07
6.907000000000000000e+03,9.816624242375837639e-07
6.908000000000000000e+03,9.815225894271861762e-07
6.909000000000000000e+03,9.813260248847655021e-07
6.910000000000000000e+03,9.810235042095882818e-07
6.911000000000000000e+03,9.804833780435728841e-07
6.912000000000000000e+03,9.800869520404376090e-07
6.913000000000000000e+03,9.797029179026139900e-07
6.914000000000000000e+03,9.793899380383663811e-07
6.915000000000000000e+03,9.790587682800833136e-07
6.916000000000000000e+03,9.808868526306468993e-07
6.917000000000000000e+03,9.789732757781166583e-07
6.918000000000000000e+03,9.786806458578212187e-07
6.919000000000000000e+03,9.784279200175660662e-07
6.920000000000000000e+03,9.782804681890411302e-07
6.921000000000000000e+03,9.781858807400567457e-07
6.922000000000000000e+03,9.779375886864727363e-07
6.923000000000000000e+03,9.780785603652475402e-07
6.924000000000000000e+03,9.777926379683776759e-07
6.925000000000000000e+03,9.774660156836034730e-07
6.926000000000000000e+03,9.772502380656078458e-07
6.927000000000000000e+03,9.771088116394821554e-07
6.928000000000000000e+03,9.768872359927627258e-07
6.929000000000000000e+03,9.764863762029563077e-07
6.930000000000000000e+03,9.763668913365108892e-07
6.931000000000000000e+03,9.758933856574003585e-07
6.932000000000000000e+03,9.757438874657964334e-07
6.933000000000000000e+03,9.756383860803907737e-07
6.934000000000000000e+03,9.753417771207750775e-07
6.935000000000000000e+03,9.749115861268364824e-07
6.936000000000000000e+03,9.746054274728521705e-07
6.937000000000000000e+03,9.743577038534567691e-07
6.938000000000000000e+03,9.743001783135696314e-07
6.939000000000000000e+03,9.739226243254961446e-07
6.940000000000000000e+03,9.737423170008696616e-07
6.941000000000000000e+03,9.736012316352571361e-07
6.942000000000000000e+03,9.733561228131293319e-07
6.943000000000000000e+03,9.732312946653109975e-07
6.944000000000000000e+03,9.729826615512138233e-07
6.945000000000000000e+03,9.727596079756040126e-07
6.946000000000000000e+03,9.727629048938979395e-07
6.947000000000000000e+03,9.725790732773020864e-07
6.948000000000000000e+03,9.723474931888631545e-07
6.949000000000000000e+03,9.722577942739007995e-07
6.950000000000000000e+03,9.721444484966923483e-07
6.951000000000000000e+03,9.719917670736322179e-07
6.952000000000000000e+03,9.719099125504726544e-07
6.953000000000000000e+03,9.717149396237800829e-07
6.954000000000000000e+03,9.716003432913566940e-07
6.955000000000000000e+03,9.714660791360074654e-07
6.956000000000000000e+03,9.713394319987855852e-07
6.957000000000000000e+03,9.711512802823563106e-07
6.958000000000000000e+03,9.710748827274073847e-07
6.959000000000000000e+03,9.708273864816874266e-07
6.960000000000000000e+03,9.706881201054784469e-07
6.961000000000000000e+03,9.705397587822517380e-07
6.962000000000000000e+03,9.702469014882808551e-07
6.963000000000000000e+03,9.701715271148714237e-07
6.964000000000000000e+03,9.698400162960751913e-07
6.965000000000000000e+03,9.697014320408925414e-07
6.966000000000000000e+03,9.694663276604842395e-07
6.967000000000000000e+03,9.692057574284262955e-07
6.968000000000000000e+03,9.686866633273893967e-07
6.969000000000000000e+03,9.688535556051647291e-07
6.970000000000000000e+03,9.683677717475802638e-07
6.971000000000000000e+03,9.680197763373143971e-07
6.972000000000000000e+03,9.677016805653693154e-07
6.973000000000000000e+03,9.674748753241146915e-07
6.974000000000000000e+03,9.672850183051195927e-07
6.975000000000000000e+03,9.671496172813931480e-07
6.976000000000000000e+03,9.670509371062507853e-07
6.977000000000000000e+03,9.668598295320407487e-07
6.978000000000000000e+03,9.666308642408694141e-07
6.979000000000000000e+03,9.663978062235401012e-07
6.980000000000000000e+03,9.662396678322693333e-07
6.981000000000000000e+03,9.659033821662887931e-07
6.982000000000000000e+03,9.655974508859799244e-07
6.983000000000000000e+03,9.651353138906415552e-07
6.984000000000000000e+03,9.646433909438201226e-07
6.985000000000000000e+03,9.643349585530813783e-07
6.986000000000000000e+03,9.639969675845350139e-07
6.987000000000000000e+03,9.635122069084900431e-07
6.988000000000000000e+03,9.630532531446078792e-07
6.989000000000000000e+03,9.626674000173807144e-07
6.990000000000000000e+03,9.623179266782244667e-07
6.991000000000000000e+03,9.620121090847533196e-07
6.992000000000000000e+03,9.616803708922816440e-07
6.993000000000000000e+03,9.612667781766504049e-07
6.994000000000000000e+03,9.618668173061450943e-07
6.995000000000000000e+03,9.610927236280986108e-07
6.996000000000000000e+03,9.609104836272308603e-07
6.997000000000000000e+03,9.607609854356269352e-07
6.998000000000000000e+03,9.605263358025695197e-07
6.999000000000000000e+03,9.601976671547163278e-07
7.000000000000000000e+03,9.602025556887383573e-07
7.001000000000000000e+03,9.600222483641118743e-07
7.002000000000000000e+03,9.597940788808045909e-07
7.003000000000000000e+03,9.595406709195231088e-07
7.004000000000000000e+03,9.593345566827338189e-07
7.005000000000000000e+03,9.591641401129891165e-07
7.006000000000000000e+03,9.588427474227501079e-07
7.007000000000000000e+03,9.586237865732982755e-07
7.008000000000000000e+03,9.584723557054530829e-07
7.009000000000000000e+03,9.583028486304101534e-07
7.010000000000000000e+03,9.581331141816917807e-07
7.011000000000000000e+03,9.579405286785913631e-07
7.012000000000000000e+03,9.577637456459342502e-07
7.013000000000000000e+03,9.575143167239730246e-07
7.014000000000000000e+03,9.571459713697549887e-07
7.015000000000000000e+03,9.569361054673208855e-07
7.016000000000000000e+03,9.565973186909104697e-07
7.017000000000000000e+03,9.564506626702495851e-07
7.018000000000000000e+03,9.563128742229309864e-07
7.019000000000000000e+03,9.561048273099004291e-07
7.020000000000000000e+03,9.559165619066334330e-07
7.021000000000000000e+03,9.556431450619129464e-07
7.022000000000000000e+03,9.554448752169264480e-07
7.023000000000000000e+03,9.551246193950646557e-07
7.024000000000000000e+03,9.547719628244522028e-07
7.025000000000000000e+03,9.543950909574050456e-07
7.026000000000000000e+03,9.541188319417415187e-07
7.027000000000000000e+03,9.539501206745626405e-07
7.028000000000000000e+03,9.537548066873569041e-07
7.029000000000000000e+03,9.535846174912876450e-07
7.030000000000000000e+03,9.532500939712917898e-07
7.031000000000000000e+03,9.530397164780879393e-07
7.032000000000000000e+03,9.526069106868817471e-07
7.033000000000000000e+03,9.549222568239201792e-07
7.034000000000000000e+03,9.524621304990432691e-07
7.035000000000000000e+03,9.521475021756486967e-07
7.036000000000000000e+03,9.519560535409254953e-07
7.037000000000000000e+03,9.516561476630158722e-07
7.038000000000000000e+03,9.512485803497838788e-07
7.039000000000000000e+03,9.514695307188958395e-07
7.040000000000000000e+03,9.511197163192264270e-07
7.041000000000000000e+03,9.508769949206907768e-07
7.042000000000000000e+03,9.505554885436140466e-07
7.043000000000000000e+03,9.502473972133884672e-07
7.044000000000000000e+03,9.498759823145519476e-07
7.045000000000000000e+03,9.498054396317456849e-07
7.046000000000000000e+03,9.493033417129481677e-07
7.047000000000000000e+03,9.491146784057491459e-07
7.048000000000000000e+03,9.489436365583969746e-07
7.049000000000000000e+03,9.487174565947498195e-07
7.050000000000000000e+03,9.483024427936470602e-07
7.051000000000000000e+03,9.480074254497594666e-07
7.052000000000000000e+03,9.477985258854459971e-07
7.053000000000000000e+03,9.475415367887762841e-07
7.054000000000000000e+03,9.473817499383585528e-07
7.055000000000000000e+03,9.470705890635144897e-07
7.056000000000000000e+03,9.467253221373539418e-07
7.057000000000000000e+03,9.463898891226563137e-07
7.058000000000000000e+03,9.461310810365830548e-07
7.059000000000000000e+03,9.459221814722695854e-07
7.060000000000000000e+03,9.456511520511412527e-07
7.061000000000000000e+03,9.454284963794634677e-07
7.062000000000000000e+03,9.452259064346435480e-07
7.063000000000000000e+03,9.449660751670307945e-07
7.064000000000000000e+03,9.446682156522001605e-07
7.065000000000000000e+03,9.443447765988821629e-07
7.066000000000000000e+03,9.440136068405990954e-07
7.067000000000000000e+03,9.436589607503265142e-07
7.068000000000000000e+03,9.432094429939752445e-07
7.069000000000000000e+03,9.426817086932715029e-07
7.070000000000000000e+03,9.425393159290251788e-07
7.071000000000000000e+03,9.419372304364515003e-07
7.072000000000000000e+03,9.417103683517780155e-07
7.073000000000000000e+03,9.413503221367136575e-07
7.074000000000000000e+03,9.408200298821611796e-07
7.075000000000000000e+03,9.404009233549004421e-07
7.076000000000000000e+03,9.399222449246735778e-07
7.077000000000000000e+03,9.396711107001465280e-07
7.078000000000000000e+03,9.392089168613892980e-07
7.079000000000000000e+03,9.387636623614525888e-07
7.080000000000000000e+03,9.381623726767429616e-07
7.081000000000000000e+03,9.376964271723409183e-07
7.082000000000000000e+03,9.374318779009627178e-07
7.083000000000000000e+03,9.370826319354819134e-07
7.084000000000000000e+03,9.368101245854631998e-07
7.085000000000000000e+03,9.366140716338122729e-07
7.086000000000000000e+03,9.362599939777282998e-07
7.087000000000000000e+03,9.359501405015180353e-07
7.088000000000000000e+03,9.354984626952500548e-07
7.089000000000000000e+03,9.351296625936811324e-07
7.090000000000000000e+03,9.347151035399292596e-07
7.091000000000000000e+03,9.343489182356279343e-07
7.092000000000000000e+03,9.337318829238938633e-07
7.093000000000000000e+03,9.334690957985003479e-07
7.094000000000000000e+03,9.331039905191573780e-07
7.095000000000000000e+03,9.328371106676058844e-07
7.096000000000000000e+03,9.326275289822660852e-07
7.097000000000000000e+03,9.321831839770311490e-07
7.098000000000000000e+03,9.314375120084150694e-07
7.099000000000000000e+03,9.308520816375676077e-07
7.100000000000000000e+03,9.304264381171378773e-07
7.101000000000000000e+03,9.299756129621528089e-07
7.102000000000000000e+03,9.295653740082343575e-07
7.103000000000000000e+03,9.293200378124311101e-07
7.104000000000000000e+03,9.288748969993321225e-07
7.105000000000000000e+03,9.282588848691375460e-07
7.106000000000000000e+03,9.277824233322462533e-07
7.107000000000000000e+03,9.274550620830268599e-07
7.108000000000000000e+03,9.272444003727287054e-07
7.109000000000000000e+03,9.269851943827234209e-07
7.110000000000000000e+03,9.266570373256399762e-07
7.111000000000000000e+03,9.263018228011787869e-07
7.112000000000000000e+03,9.260350566364650149e-07
7.113000000000000000e+03,9.258702675651875325e-07
7.114000000000000000e+03,9.256544331037730444e-07
7.115000000000000000e+03,9.254623023480235133e-07
7.116000000000000000e+03,9.253316761714813765e-07
7.117000000000000000e+03,9.250317702935717534e-07
7.118000000000000000e+03,9.247484626939694863e-07
7.119000000000000000e+03,9.243806857739400584e-07
7.120000000000000000e+03,9.239986411557765678e-07
7.121000000000000000e+03,9.235851621269830503e-07
7.122000000000000000e+03,9.234233857569051906e-07
7.123000000000000000e+03,9.231993658431747463e-07
7.124000000000000000e+03,9.229081001649319660e-07
7.125000000000000000e+03,9.228012345374736469e-07
7.126000000000000000e+03,9.225516350852558389e-07
7.127000000000000000e+03,9.222392236551968381e-07
7.128000000000000000e+03,9.220767083206737880e-07
7.129000000000000000e+03,9.216601029038429260e-07
7.130000000000000000e+03,9.215355021297000349e-07
7.131000000000000000e+03,9.213125053975090850e-07
7.132000000000000000e+03,9.210307325702160597e-07
7.133000000000000000e+03,9.208574738295283169e-07
7.134000000000000000e+03,9.204514412886055652e-07
7.135000000000000000e+03,9.201889952237252146e-07
7.136000000000000000e+03,9.199898727274558041e-07
7.137000000000000000e+03,9.196616019835346378e-07
7.138000000000000000e+03,9.193893788506102283e-07
7.139000000000000000e+03,9.191593335344805382e-07
7.140000000000000000e+03,9.189602110382111277e-07
7.141000000000000000e+03,9.188383955915924162e-07
7.142000000000000000e+03,9.186539955408079550e-07
7.143000000000000000e+03,9.184323062072508037e-07
7.144000000000000000e+03,9.183362408293760382e-07
7.145000000000000000e+03,9.181657105727936141e-07
7.146000000000000000e+03,9.180102438222093042e-07
7.147000000000000000e+03,9.177956030725908931e-07
7.148000000000000000e+03,9.175665809380006976e-07
7.149000000000000000e+03,9.172917998512275517e-07
7.150000000000000000e+03,9.169487498184025753e-07
7.151000000000000000e+03,9.168042538476584014e-07
7.152000000000000000e+03,9.165601682070700917e-07
7.153000000000000000e+03,9.164768925984390080e-07
7.154000000000000000e+03,9.161897196463542059e-07
7.155000000000000000e+03,9.158929969999007881e-07
7.156000000000000000e+03,9.158644616036326624e-07
7.157000000000000000e+03,9.153906148640089668e-07
7.158000000000000000e+03,9.151644917437806726e-07
7.159000000000000000e+03,9.148334356723353267e-07
7.160000000000000000e+03,9.146160664386115968e-07
7.161000000000000000e+03,9.143291208602022380e-07
7.162000000000000000e+03,9.141197665485378820e-07
7.163000000000000000e+03,9.140080123870575335e-07
7.164000000000000000e+03,9.139403687186131719e-07
7.165000000000000000e+03,9.136758762906538323e-07
7.166000000000000000e+03,9.134699325841211248e-07
7.167000000000000000e+03,9.133067919719906058e-07
7.168000000000000000e+03,9.131448450716561638e-07
7.169000000000000000e+03,9.129906857197056524e-07
7.170000000000000000e+03,9.128729061558260582e-07
7.171000000000000000e+03,9.126876534537586849e-07
7.172000000000000000e+03,9.124023563344962895e-07
7.173000000000000000e+03,9.121830544245312922e-07
7.174000000000000000e+03,9.120274171436903998e-07
7.175000000000000000e+03,9.118854791267949622e-07
7.176000000000000000e+03,9.117858326135319658e-07
7.177000000000000000e+03,9.115474313148297369e-07
7.178000000000000000e+03,9.112581551562470850e-07
7.179000000000000000e+03,9.108725862461142242e-07
7.180000000000000000e+03,9.105707476919633336e-07
7.181000000000000000e+03,9.102159879148530308e-07
7.182000000000000000e+03,9.099263706957572140e-07
7.183000000000000000e+03,9.097546467273787130e-07
7.184000000000000000e+03,9.095152790905558504e-07
7.185000000000000000e+03,9.091837114283407573e-07
7.186000000000000000e+03,9.088539627555292100e-07
7.187000000000000000e+03,9.087451076084107626e-07
7.188000000000000000e+03,9.084802172765193973e-07
7.189000000000000000e+03,9.084151884053426329e-07
7.190000000000000000e+03,9.082534120352647733e-07
7.191000000000000000e+03,9.080713425646536052e-07
7.192000000000000000e+03,9.078893867808801588e-07
7.193000000000000000e+03,9.077670029000728391e-07
7.194000000000000000e+03,9.078014500119024888e-07
7.195000000000000000e+03,9.077109552890760824e-07
7.196000000000000000e+03,9.076171636479557492e-07
7.197000000000000000e+03,9.075073421627166681e-07
7.198000000000000000e+03,9.073986007024359424e-07
7.199000000000000000e+03,9.072169859791756608e-07
7.200000000000000000e+03,9.070481041817402001e-07
7.201000000000000000e+03,9.068206168194592465e-07
7.202000000000000000e+03,9.066592951967322733e-07
7.203000000000000000e+03,9.065057042789703701e-07
7.204000000000000000e+03,9.063670631803688593e-07
7.205000000000000000e+03,9.060693741957948077e-07
7.206000000000000000e+03,9.059343710760003887e-07
7.207000000000000000e+03,9.055926284418092109e-07
7.208000000000000000e+03,9.054569432009884622e-07
7.209000000000000000e+03,9.052399718711967580e-07
7.210000000000000000e+03,9.048206948136794381e-07
7.211000000000000000e+03,9.050624498740944546e-07
7.212000000000000000e+03,9.046196964845876209e-07
7.213000000000000000e+03,9.043188811119762249e-07
7.214000000000000000e+03,9.041592647918150760e-07
7.215000000000000000e+03,9.039804353960789740e-07
7.216000000000000000e+03,9.042704505191068165e-07
7.217000000000000000e+03,9.038673738359648269e-07
7.218000000000000000e+03,9.035922516886785161e-07
7.219000000000000000e+03,9.034613412950420752e-07
7.220000000000000000e+03,9.031975878315279260e-07
7.221000000000000000e+03,9.029351417666475754e-07
7.222000000000000000e+03,9.024836344906361774e-07
7.223000000000000000e+03,9.271271323996188585e-07
7.224000000000000000e+03,9.023984830491826870e-07
7.225000000000000000e+03,9.019428830470133107e-07
7.226000000000000000e+03,9.017679758471786045e-07
7.227000000000000000e+03,9.015582236315822229e-07
7.228000000000000000e+03,9.012926511786645278e-07
7.229000000000000000e+03,9.010516350826947019e-07
7.230000000000000000e+03,9.014623287839640398e-07
7.231000000000000000e+03,9.009673931359429844e-07
7.232000000000000000e+03,9.007418384499032982e-07
7.233000000000000000e+03,9.005980814436043147e-07
7.234000000000000000e+03,9.003741752167115919e-07
7.235000000000000000e+03,9.001495300253736787e-07
7.236000000000000000e+03,8.998537168736220337e-07
7.237000000000000000e+03,8.995561984193045646e-07
7.238000000000000000e+03,8.992180369205016177e-07
7.239000000000000000e+03,8.990224387162015773e-07
7.240000000000000000e+03,8.986490911411237903e-07
7.241000000000000000e+03,8.983317911770427600e-07
7.242000000000000000e+03,8.980052825791062787e-07
7.243000000000000000e+03,8.976451795206230599e-07
7.244000000000000000e+03,8.973667604550428223e-07
7.245000000000000000e+03,8.971776992439117748e-07
7.246000000000000000e+03,8.969873306341469288e-07
7.247000000000000000e+03,8.967047619989898521e-07
7.248000000000000000e+03,8.966021027845272329e-07
7.249000000000000000e+03,8.961661706052836962e-07
7.250000000000000000e+03,8.960291779658291489e-07
7.251000000000000000e+03,8.958825787885871250e-07
7.252000000000000000e+03,8.957035788625944406e-07
7.253000000000000000e+03,8.956162105278053787e-07
7.254000000000000000e+03,8.953973633651912678e-07
7.255000000000000000e+03,8.952535495154734235e-07
7.256000000000000000e+03,8.949841117100731935e-07
7.257000000000000000e+03,8.947383776103379205e-07
7.258000000000000000e+03,8.945960416895104572e-07
7.259000000000000000e+03,8.944442697611520998e-07
7.260000000000000000e+03,8.943575267039705068e-07
7.261000000000000000e+03,8.942073463913402520e-07
7.262000000000000000e+03,8.939124427342903800e-07
7.263000000000000000e+03,8.936548852034320589e-07
7.264000000000000000e+03,8.933377557696076110e-07
7.265000000000000000e+03,8.933776030062290374e-07
7.266000000000000000e+03,8.930912258620082866e-07
7.267000000000000000e+03,8.928034276323160157e-07
7.268000000000000000e+03,8.926070336201519240e-07
7.269000000000000000e+03,8.923328209675673861e-07
7.270000000000000000e+03,8.929766863730037585e-07
7.271000000000000000e+03,8.921545031626010314e-07
7.272000000000000000e+03,8.918527782952878624e-07
7.273000000000000000e+03,8.918074740904557984e-07
7.274000000000000000e+03,8.915702096601307858e-07
7.275000000000000000e+03,8.914618092603632249e-07
7.276000000000000000e+03,8.913222586670599412e-07
7.277000000000000000e+03,8.911125632948824205e-07
7.278000000000000000e+03,8.906170023692538962e-07
7.279000000000000000e+03,8.931122010835679248e-07
7.280000000000000000e+03,8.904304422685527243e-07
7.281000000000000000e+03,8.902467811822134536e-07
7.282000000000000000e+03,8.901281489670509472e-07
7.283000000000000000e+03,8.900578905013389885e-07
7.284000000000000000e+03,8.898525720724137500e-07
7.285000000000000000e+03,8.896108738554175943e-07
7.286000000000000000e+03,8.900107673071033787e-07
7.287000000000000000e+03,8.894593293007346801e-07
7.288000000000000000e+03,8.892986897990340367e-07
7.289000000000000000e+03,8.891789207154943142e-07
7.290000000000000000e+03,8.890146432349865790e-07
7.291000000000000000e+03,8.887834042070608120e-07
7.292000000000000000e+03,8.884007343112898525e-07
7.293000000000000000e+03,8.889152809388178866e-07
7.294000000000000000e+03,8.882503834684030153e-07
7.295000000000000000e+03,8.880272730493743438e-07
7.296000000000000000e+03,8.878059816197492182e-07
7.297000000000000000e+03,8.876211836650327314e-07
7.298000000000000000e+03,8.873226988725946285e-07
7.299000000000000000e+03,8.871623435879882891e-07
7.300000000000000000e+03,8.869608905115455855e-07
7.301000000000000000e+03,8.868730674294056371e-07
7.302000000000000000e+03,8.867697829373355489e-07
7.303000000000000000e+03,8.865579843586601783e-07
7.304000000000000000e+03,8.864789151630247943e-07
7.305000000000000000e+03,8.862087383931793738e-07
7.306000000000000000e+03,8.860884008754510432e-07
7.307000000000000000e+03,8.859412901074392721e-07
7.308000000000000000e+03,8.857451234689506236e-07
7.309000000000000000e+03,8.856004001245310064e-07
7.310000000000000000e+03,8.854747761688486207e-07
7.311000000000000000e+03,8.853284612087009009e-07
7.312000000000000000e+03,8.850872745824744925e-07
7.313000000000000000e+03,8.850980748320580460e-07
7.314000000000000000e+03,8.848359698276908603e-07
7.315000000000000000e+03,8.845033221405174118e-07
7.316000000000000000e+03,8.842386023388826288e-07
7.317000000000000000e+03,8.840001441967615392e-07
7.318000000000000000e+03,8.837666314320813399e-07
7.319000000000000000e+03,8.835906442072882783e-07
7.320000000000000000e+03,8.834373375066206791e-07
7.321000000000000000e+03,8.833345077619014774e-07
7.322000000000000000e+03,8.831228797134826891e-07
7.323000000000000000e+03,8.828348541101149749e-07
7.324000000000000000e+03,8.824841870591626503e-07
7.325000000000000000e+03,8.821222650112758856e-07
7.326000000000000000e+03,8.818574315228033811e-07
7.327000000000000000e+03,8.817170851216360461e-07
7.328000000000000000e+03,8.813539693619532045e-07
7.329000000000000000e+03,8.809382165964052547e-07
7.330000000000000000e+03,8.807554650047677569e-07
7.331000000000000000e+03,8.804890399005671497e-07
7.332000000000000000e+03,8.803368700682767667e-07
7.333000000000000000e+03,8.801736157693085261e-07
7.334000000000000000e+03,8.799237889434152748e-07
7.335000000000000000e+03,8.799007105153577868e-07
7.336000000000000000e+03,8.797856025921646506e-07
7.337000000000000000e+03,8.797062491794349626e-07
7.338000000000000000e+03,8.796084784989943728e-07
7.339000000000000000e+03,8.794503401077236049e-07
7.340000000000000000e+03,8.790929655333457049e-07
7.341000000000000000e+03,8.794128234512754716e-07
7.342000000000000000e+03,8.788834406914247666e-07
7.343000000000000000e+03,8.786160492491035257e-07
7.344000000000000000e+03,8.783202360973518807e-07
7.345000000000000000e+03,8.780160669630276971e-07
7.346000000000000000e+03,8.776061122262035497e-07
7.347000000000000000e+03,8.771874036028748378e-07
7.348000000000000000e+03,8.769414421294641215e-07
7.349000000000000000e+03,8.766819519223645329e-07
7.350000000000000000e+03,8.763596497374237515e-07
7.351000000000000000e+03,8.760012519815063570e-07
7.352000000000000000e+03,8.756526881370518822e-07
7.353000000000000000e+03,8.774806019573588856e-07
7.354000000000000000e+03,8.755071121413493529e-07
7.355000000000000000e+03,8.751204063628392760e-07
7.356000000000000000e+03,8.748319828555395361e-07
7.357000000000000000e+03,8.744593742449069396e-07
7.358000000000000000e+03,8.740886983105156105e-07
7.359000000000000000e+03,8.739256145418039523e-07
7.360000000000000000e+03,8.737603138797567226e-07
7.361000000000000000e+03,8.735706273910182063e-07
7.362000000000000000e+03,8.733700838092772756e-07
7.363000000000000000e+03,8.731985303711553570e-07
7.364000000000000000e+03,8.731460070521279704e-07
7.365000000000000000e+03,8.730319223104743287e-07
7.366000000000000000e+03,8.729538194529595785e-07
7.367000000000000000e+03,8.727977842681866605e-07
7.368000000000000000e+03,8.725280054022732656e-07
7.369000000000000000e+03,8.721456197235966101e-07
7.370000000000000000e+03,8.718428148313250858e-07
7.371000000000000000e+03,8.715778676560148597e-07
7.372000000000000000e+03,8.713593615539139137e-07
7.373000000000000000e+03,8.711298278285539709e-07
7.374000000000000000e+03,8.709011467544769403e-07
7.375000000000000000e+03,8.707692700227198657e-07
7.376000000000000000e+03,8.705727623237180524e-07
7.377000000000000000e+03,8.702268132765311748e-07
7.378000000000000000e+03,8.700163789399084635e-07
7.379000000000000000e+03,8.697778071109496523e-07
7.380000000000000000e+03,8.696928830431716051e-07
7.381000000000000000e+03,8.696075610714615323e-07
7.382000000000000000e+03,8.694451025803573430e-07
7.383000000000000000e+03,8.691679909134109039e-07
7.384000000000000000e+03,8.689881951795541681e-07
7.385000000000000000e+03,8.686633918841835111e-07
7.386000000000000000e+03,8.684368140166043304e-07
7.387000000000000000e+03,8.680206065037054941e-07
7.388000000000000000e+03,8.679443794790131506e-07
7.389000000000000000e+03,8.674815035192295909e-07
7.390000000000000000e+03,8.674180094203620683e-07
7.391000000000000000e+03,8.672740250403876416e-07
7.392000000000000000e+03,8.670985494063643273e-07
7.393000000000000000e+03,8.668515647514141165e-07
7.394000000000000000e+03,8.664830488669394981e-07
7.395000000000000000e+03,8.663485004944959655e-07
7.396000000000000000e+03,8.660840649099554867e-07
7.397000000000000000e+03,8.658455499244155362e-07
7.398000000000000000e+03,8.656411409901920706e-07
7.399000000000000000e+03,8.652785936646978371e-07
7.400000000000000000e+03,8.652912697471037973e-07
7.401000000000000000e+03,8.650320637570985127e-07
7.402000000000000000e+03,8.647035087960830424e-07
7.403000000000000000e+03,8.644977356198069174e-07
7.404000000000000000e+03,8.642584816698217764e-07
7.405000000000000000e+03,8.638502890789823141e-07
7.406000000000000000e+03,8.634909818283631466e-07
7.407000000000000000e+03,8.634966661702492274e-07
7.408000000000000000e+03,8.633729180473892484e-07
7.409000000000000000e+03,8.632034109723463189e-07
7.410000000000000000e+03,8.630389629615820013e-07
7.411000000000000000e+03,8.628591672277252655e-07
7.412000000000000000e+03,8.626839189673773944e-07
7.413000000000000000e+03,8.624270435575454030e-07
7.414000000000000000e+03,8.620111202617408708e-07
7.415000000000000000e+03,8.620856988272862509e-07
7.416000000000000000e+03,8.618371794000267982e-07
7.417000000000000000e+03,8.615933211331139319e-07
7.418000000000000000e+03,8.614480293545057066e-07
7.419000000000000000e+03,8.613025670456408989e-07
7.420000000000000000e+03,8.612125270701653790e-07
7.421000000000000000e+03,8.609244446233788040e-07
7.422000000000000000e+03,8.607217978351400234e-07
7.423000000000000000e+03,8.603147989560966380e-07
7.424000000000000000e+03,8.600132446190400515e-07
7.425000000000000000e+03,8.598384511060430668e-07
7.426000000000000000e+03,8.596867360211035702e-07
7.427000000000000000e+03,8.594753353463602252e-07
7.428000000000000000e+03,8.592403446527896449e-07
7.429000000000000000e+03,8.589790354562865105e-07
7.430000000000000000e+03,8.586832223045348655e-07
7.431000000000000000e+03,8.584961506130639464e-07
7.432000000000000000e+03,8.583781436755089089e-07
7.433000000000000000e+03,8.582677537560812198e-07
7.434000000000000000e+03,8.581539532315218821e-07
7.435000000000000000e+03,8.579150971854687668e-07
7.436000000000000000e+03,8.577842436352511868e-07
7.437000000000000000e+03,8.575639753871655557e-07
7.438000000000000000e+03,8.575079277761687990e-07
7.439000000000000000e+03,8.573677519052580465e-07
7.440000000000000000e+03,8.570976319788314868e-07
7.441000000000000000e+03,8.569638225708331447e-07
7.442000000000000000e+03,8.567502050027542282e-07
7.443000000000000000e+03,8.566076985516701825e-07
7.444000000000000000e+03,8.565235702917561866e-07
7.445000000000000000e+03,8.563239362047170289e-07
7.446000000000000000e+03,8.560797937207098585e-07
7.447000000000000000e+03,8.557920523344364483e-07
7.448000000000000000e+03,8.555510362384666223e-07
7.449000000000000000e+03,8.554035844099416863e-07
7.450000000000000000e+03,8.550433676646207459e-07
7.451000000000000000e+03,8.552038934794836678e-07
7.452000000000000000e+03,8.548410619368951302e-07
7.453000000000000000e+03,8.545411560589855071e-07
7.454000000000000000e+03,8.542826321900065523e-07
7.455000000000000000e+03,8.539985856259590946e-07
7.456000000000000000e+03,8.539850568922702223e-07
7.457000000000000000e+03,8.538576707906031515e-07
7.458000000000000000e+03,8.537111853001988493e-07
7.459000000000000000e+03,8.535146776011970360e-07
7.460000000000000000e+03,8.533056643500458449e-07
7.461000000000000000e+03,8.531342245987616479e-07
7.462000000000000000e+03,8.528783723704691511e-07
7.463000000000000000e+03,8.527083537046564743e-07
7.464000000000000000e+03,8.524260692865937017e-07
7.465000000000000000e+03,8.522542884747963399e-07
7.466000000000000000e+03,8.520284495716623496e-07
7.467000000000000000e+03,8.517121159457019530e-07
7.468000000000000000e+03,8.514183491570292972e-07
7.469000000000000000e+03,8.512438967045454774e-07
7.470000000000000000e+03,8.510692737218050752e-07
7.471000000000000000e+03,8.509703093295684084e-07
7.472000000000000000e+03,8.508082487423962448e-07
7.473000000000000000e+03,8.506927429152710829e-07
7.474000000000000000e+03,8.504707125212007668e-07
7.475000000000000000e+03,8.503233743795135524e-07
7.476000000000000000e+03,8.501594948029378429e-07
7.477000000000000000e+03,8.499657724314602092e-07
7.478000000000000000e+03,8.497394787809753325e-07
7.479000000000000000e+03,8.493142900078964885e-07
7.480000000000000000e+03,8.491587664138933178e-07
7.481000000000000000e+03,8.490487743983976543e-07
7.482000000000000000e+03,8.489656124766042922e-07
7.483000000000000000e+03,8.488295861752703786e-07
7.484000000000000000e+03,8.486308047395141330e-07
7.485000000000000000e+03,8.484961426802328788e-07
7.486000000000000000e+03,8.486984484079584945e-07
7.487000000000000000e+03,8.483523288305150345e-07
7.488000000000000000e+03,8.482412567900610156e-07
7.489000000000000000e+03,8.481022746309463400e-07
7.490000000000000000e+03,8.479681810058536939e-07
7.491000000000000000e+03,8.476786206301767379e-07
7.492000000000000000e+03,8.475014965370064601e-07
7.493000000000000000e+03,8.472081276522658300e-07
7.494000000000000000e+03,8.470779562230745796e-07
7.495000000000000000e+03,8.469491490359359886e-07
7.496000000000000000e+03,8.468213650303368922e-07
7.497000000000000000e+03,8.466374197269033175e-07
7.498000000000000000e+03,8.466552685604256112e-07
7.499000000000000000e+03,8.465169116789184045e-07
7.500000000000000000e+03,8.463110816592234187e-07
7.501000000000000000e+03,8.461653919766831677e-07
7.502000000000000000e+03,8.460451113023736980e-07
7.503000000000000000e+03,8.458870297545217909e-07
7.504000000000000000e+03,8.459083460365945939e-07
7.505000000000000000e+03,8.457555509266967420e-07
7.506000000000000000e+03,8.454853741568513215e-07
7.507000000000000000e+03,8.453059194835077506e-07
7.508000000000000000e+03,8.451731901004677638e-07
7.509000000000000000e+03,8.450342079413530882e-07
7.510000000000000000e+03,8.450761583844723646e-07
7.511000000000000000e+03,8.449409847344213631e-07
7.512000000000000000e+03,8.447164532299211714e-07
7.513000000000000000e+03,8.445721277894335799e-07
7.514000000000000000e+03,8.443545311820344068e-07
7.515000000000000000e+03,8.442171974820666946e-07
7.516000000000000000e+03,8.440274541499093175e-07
7.517000000000000000e+03,8.438387908427102957e-07
7.518000000000000000e+03,8.436938969680340961e-07
7.519000000000000000e+03,8.434604978901916184e-07
7.520000000000000000e+03,8.432897971033526119e-07
7.521000000000000000e+03,8.431525770902226213e-07
7.522000000000000000e+03,8.429950071331404615e-07
7.523000000000000000e+03,8.426822546425682958e-07
7.524000000000000000e+03,8.424166821896506008e-07
7.525000000000000000e+03,8.421916390943806618e-07
7.526000000000000000e+03,8.419359005529258866e-07
7.527000000000000000e+03,8.417452477260667365e-07
7.528000000000000000e+03,8.415365755354287103e-07
7.529000000000000000e+03,8.416001833211339545e-07
7.530000000000000000e+03,8.414313015236984938e-07
7.531000000000000000e+03,8.412321790274290834e-07
7.532000000000000000e+03,8.411146836806437932e-07
7.533000000000000000e+03,8.409541010223620106e-07
7.534000000000000000e+03,8.407845371039002202e-07
7.535000000000000000e+03,8.405622224927356001e-07
7.536000000000000000e+03,8.403997640016314108e-07
7.537000000000000000e+03,8.402684557040629443e-07
7.538000000000000000e+03,8.400462547797360457e-07
7.539000000000000000e+03,8.397851161134894937e-07
7.540000000000000000e+03,8.396498856200196315e-07
7.541000000000000000e+03,8.395580834985594265e-07
7.542000000000000000e+03,8.394125643462757580e-07
7.543000000000000000e+03,8.396608563998597674e-07
7.544000000000000000e+03,8.393263328798639122e-07
7.545000000000000000e+03,8.390867947127844673e-07
7.546000000000000000e+03,8.388565788663981948e-07
7.547000000000000000e+03,8.386664376303087920e-07
7.548000000000000000e+03,8.385487149098480586e-07
7.549000000000000000e+03,8.383201475226087496e-07
7.550000000000000000e+03,8.381732072848535609e-07
7.551000000000000000e+03,8.380155804843525402e-07
7.552000000000000000e+03,8.378356710636580829e-07
7.553000000000000000e+03,8.375303082175378222e-07
7.554000000000000000e+03,8.373224318347638473e-07
7.555000000000000000e+03,8.370667501367279328e-07
7.556000000000000000e+03,8.368385806534206495e-07
7.557000000000000000e+03,8.365398116438882425e-07
7.558000000000000000e+03,8.363552410628471989e-07
7.559000000000000000e+03,8.361470236195600592e-07
7.560000000000000000e+03,8.359759249287890270e-07
7.561000000000000000e+03,8.357239948963979259e-07
7.562000000000000000e+03,8.355461318387824576e-07
7.563000000000000000e+03,8.354030569535098039e-07
7.564000000000000000e+03,8.351633482561737765e-07
7.565000000000000000e+03,8.350322104888618924e-07
7.566000000000000000e+03,8.348933420165849384e-07
7.567000000000000000e+03,8.346634103872929700e-07
7.568000000000000000e+03,8.344103434865246527e-07
7.569000000000000000e+03,8.340092563230427913e-07
7.570000000000000000e+03,8.340094268532993738e-07
7.571000000000000000e+03,8.336838277500646655e-07
7.572000000000000000e+03,8.332802963195717894e-07
7.573000000000000000e+03,8.331164735864149407e-07
7.574000000000000000e+03,8.329777188009757083e-07
7.575000000000000000e+03,8.327780278705176897e-07
7.576000000000000000e+03,8.325744147441582754e-07
7.577000000000000000e+03,8.323246447616838850e-07
7.578000000000000000e+03,8.322071494148985948e-07
7.579000000000000000e+03,8.317182960126956459e-07
7.580000000000000000e+03,8.314913202411844395e-07
7.581000000000000000e+03,8.312741215377172921e-07
7.582000000000000000e+03,8.311025112561765127e-07
7.583000000000000000e+03,8.308298902193200774e-07
7.584000000000000000e+03,8.307954431074904278e-07
7.585000000000000000e+03,8.305653977913607378e-07
7.586000000000000000e+03,8.303180152324785013e-07
7.587000000000000000e+03,8.301830121126840822e-07
7.588000000000000000e+03,8.301008733724302147e-07
7.589000000000000000e+03,8.299878118123160675e-07
7.590000000000000000e+03,8.298275133711285889e-07
7.591000000000000000e+03,8.296128157780913170e-07
7.592000000000000000e+03,8.294648523587966338e-07
7.593000000000000000e+03,8.292799975606612861e-07
7.594000000000000000e+03,8.291574999930162448e-07
7.595000000000000000e+03,8.289730430988129228e-07
7.596000000000000000e+03,8.287962600661558099e-07
7.597000000000000000e+03,8.286575621241354384e-07
7.598000000000000000e+03,8.286809816127060913e-07
7.599000000000000000e+03,8.285300054922117852e-07
7.600000000000000000e+03,8.284060299956763629e-07
7.601000000000000000e+03,8.282808607873448636e-07
7.602000000000000000e+03,8.279777148345601745e-07
7.603000000000000000e+03,8.277600613837421406e-07
7.604000000000000000e+03,8.276229550574498717e-07
7.605000000000000000e+03,8.273677849501837045e-07
7.606000000000000000e+03,8.271913998214586172e-07
7.607000000000000000e+03,8.270020543932332657e-07
7.608000000000000000e+03,8.268370379482803401e-07
7.609000000000000000e+03,8.266361533060262445e-07
7.610000000000000000e+03,8.264325401796668302e-07
7.611000000000000000e+03,8.263174322564736940e-07
7.612000000000000000e+03,8.262256301350134891e-07
7.613000000000000000e+03,8.260447543761983979e-07
7.614000000000000000e+03,8.259322612502728589e-07
7.615000000000000000e+03,8.256993169197812676e-07
7.616000000000000000e+03,8.254851877609326039e-07
7.617000000000000000e+03,8.251765848399372771e-07
7.618000000000000000e+03,8.250294172285066452e-07
7.619000000000000000e+03,8.248478025052463636e-07
7.620000000000000000e+03,8.247486107393342536e-07
7.621000000000000000e+03,8.245253866334678605e-07
7.622000000000000000e+03,8.242775493272347376e-07
7.623000000000000000e+03,8.239861699621542357e-07
7.624000000000000000e+03,8.235529094235971570e-07
7.625000000000000000e+03,8.233885182562517002e-07
7.626000000000000000e+03,8.232328809754108079e-07
7.627000000000000000e+03,8.230281878240930382e-07
7.628000000000000000e+03,8.225405849771050271e-07
7.629000000000000000e+03,8.221753091675054748e-07
7.630000000000000000e+03,8.219021196964604314e-07
7.631000000000000000e+03,8.214896638492064085e-07
7.632000000000000000e+03,8.211385420509031974e-07
7.633000000000000000e+03,8.206935717680607922e-07
7.634000000000000000e+03,8.204272035072790459e-07
7.635000000000000000e+03,8.201470791391329840e-07
7.636000000000000000e+03,8.197542342713859398e-07
7.637000000000000000e+03,8.193626968022726942e-07
7.638000000000000000e+03,8.188893048099998850e-07
7.639000000000000000e+03,8.187584512597823050e-07
7.640000000000000000e+03,8.183862973965005949e-07
7.641000000000000000e+03,8.182437909454165492e-07
7.642000000000000000e+03,8.179358133020286914e-07
7.643000000000000000e+03,8.174270647032244597e-07
7.644000000000000000e+03,8.196039971153368242e-07
7.645000000000000000e+03,8.172390266736329067e-07
7.646000000000000000e+03,8.170244427674333565e-07
7.647000000000000000e+03,8.168693739207810722e-07
7.648000000000000000e+03,8.167379519363748841e-07
7.649000000000000000e+03,8.165402505255769938e-07
7.650000000000000000e+03,8.163084430634626187e-07
7.651000000000000000e+03,8.162476774487004150e-07
7.652000000000000000e+03,8.160156994563294575e-07
7.653000000000000000e+03,8.159203730428998824e-07
7.654000000000000000e+03,8.157278443832183257e-07
7.655000000000000000e+03,8.153905923791171517e-07
7.656000000000000000e+03,8.166104521478700917e-07
7.657000000000000000e+03,8.152221084856137168e-07
7.658000000000000000e+03,8.149796144607535098e-07
7.659000000000000000e+03,8.146911909534537699e-07
7.660000000000000000e+03,8.144771754814428277e-07
7.661000000000000000e+03,8.142926049004017841e-07
7.662000000000000000e+03,8.139104465954005718e-07
7.663000000000000000e+03,8.136767633004637901e-07
7.664000000000000000e+03,8.135588700497464743e-07
7.665000000000000000e+03,8.134647941915318370e-07
7.666000000000000000e+03,8.132990387821337208e-07
7.667000000000000000e+03,8.129953243951604236e-07
7.668000000000000000e+03,8.127605610752652865e-07
7.669000000000000000e+03,8.124114856400410645e-07
7.670000000000000000e+03,8.120987331494688988e-07
7.671000000000000000e+03,8.119750987134466413e-07
7.672000000000000000e+03,8.118041137095133308e-07
7.673000000000000000e+03,8.116770686683594249e-07
7.674000000000000000e+03,8.114328693409333937e-07
7.675000000000000000e+03,8.111195484161726199e-07
7.676000000000000000e+03,8.108929705485934392e-07
7.677000000000000000e+03,8.107428470793820452e-07
7.678000000000000000e+03,8.106172231236996595e-07
7.679000000000000000e+03,8.105005804281972814e-07
7.680000000000000000e+03,8.104216249193996191e-07
7.681000000000000000e+03,8.102683182187320199e-07
7.682000000000000000e+03,8.101530397652823012e-07
7.683000000000000000e+03,8.100793706944386940e-07
7.684000000000000000e+03,8.098414241430873517e-07
7.685000000000000000e+03,8.098268722278589848e-07
7.686000000000000000e+03,8.096853321148955729e-07
7.687000000000000000e+03,8.094309009720745962e-07
7.688000000000000000e+03,8.092387702163250651e-07
7.689000000000000000e+03,8.091174095170572400e-07
7.690000000000000000e+03,8.090546543826349080e-07
7.691000000000000000e+03,8.088449021670385264e-07
7.692000000000000000e+03,8.086320235634048004e-07
7.693000000000000000e+03,8.084075489023234695e-07
7.694000000000000000e+03,8.082532190201163758e-07
7.695000000000000000e+03,8.081436249085527379e-07
7.696000000000000000e+03,8.080247084762959275e-07
7.697000000000000000e+03,8.078381483755947556e-07
7.698000000000000000e+03,8.076755193542339839e-07
7.699000000000000000e+03,8.074985657913202886e-07
7.700000000000000000e+03,8.077675488493696321e-07
7.701000000000000000e+03,8.073953949860879220e-07
7.702000000000000000e+03,8.071718866631272249e-07
7.703000000000000000e+03,8.070066428444988560e-07
7.704000000000000000e+03,8.068015517892490607e-07
7.705000000000000000e+03,8.066261329986446071e-07
7.706000000000000000e+03,8.065430279202701058e-07
7.707000000000000000e+03,8.063861969276331365e-07
7.708000000000000000e+03,8.062744427661527880e-07
7.709000000000000000e+03,8.058805178734473884e-07
7.710000000000000000e+03,8.055317266553174704e-07
7.711000000000000000e+03,8.052384714574145619e-07
7.712000000000000000e+03,8.049028110690414906e-07
7.713000000000000000e+03,8.046715720411157236e-07
7.714000000000000000e+03,8.043738262131228112e-07
7.715000000000000000e+03,8.041346291065565310e-07
7.716000000000000000e+03,8.039786507652024738e-07
7.717000000000000000e+03,8.035914902393415105e-07
7.718000000000000000e+03,8.032455980355734937e-07
7.719000000000000000e+03,8.030496587707602885e-07
7.720000000000000000e+03,8.028601996556972153e-07
7.721000000000000000e+03,8.025797342270379886e-07
7.722000000000000000e+03,8.022699375942465849e-07
7.723000000000000000e+03,8.019963502192695159e-07
7.724000000000000000e+03,8.018473067750164773e-07
7.725000000000000000e+03,8.016538117772142868e-07
7.726000000000000000e+03,8.014503691811114550e-07
7.727000000000000000e+03,8.011752470338251442e-07
7.728000000000000000e+03,8.018650987651199102e-07
7.729000000000000000e+03,8.011157888176967390e-07
7.730000000000000000e+03,8.009428142941033002e-07
7.731000000000000000e+03,8.006628604562138207e-07
7.732000000000000000e+03,8.004000164874014445e-07
7.733000000000000000e+03,8.001119908840337303e-07
7.734000000000000000e+03,7.998771707207197323e-07
7.735000000000000000e+03,7.996540603016910609e-07
7.736000000000000000e+03,7.994707402758649550e-07
7.737000000000000000e+03,7.992171617843268905e-07
7.738000000000000000e+03,7.989700065991200972e-07
7.739000000000000000e+03,7.986487844391376711e-07
7.740000000000000000e+03,7.985891556927526835e-07
7.741000000000000000e+03,7.983385330589953810e-07
7.742000000000000000e+03,7.981985845617600717e-07
7.743000000000000000e+03,7.980137297636247240e-07
7.744000000000000000e+03,7.978482017279020511e-07
7.745000000000000000e+03,7.975733069542911835e-07
7.746000000000000000e+03,7.974569484758831095e-07
7.747000000000000000e+03,7.972143407641851809e-07
7.748000000000000000e+03,7.970332376316946466e-07
7.749000000000000000e+03,7.968295108184975106e-07
7.750000000000000000e+03,7.965938380039006006e-07
7.751000000000000000e+03,7.964326869114302099e-07
7.752000000000000000e+03,7.962539712025318295e-07
7.753000000000000000e+03,7.961159553815377876e-07
7.754000000000000000e+03,7.961182859617110807e-07
7.755000000000000000e+03,7.960042012200574391e-07
7.756000000000000000e+03,7.957831940075266175e-07
7.757000000000000000e+03,7.956303420542099047e-07
7.758000000000000000e+03,7.954066632009926252e-07
7.759000000000000000e+03,7.952706937430775724e-07
7.760000000000000000e+03,7.951043698994908482e-07
7.761000000000000000e+03,7.949423093123186845e-07
7.762000000000000000e+03,7.948236770971561782e-07
7.763000000000000000e+03,7.947311928546696436e-07
7.764000000000000000e+03,7.945274660414725076e-07
7.765000000000000000e+03,7.940620321278402116e-07
7.766000000000000000e+03,7.938112389638263267e-07
7.767000000000000000e+03,7.936108090689231176e-07
7.768000000000000000e+03,7.934442010082420893e-07
7.769000000000000000e+03,7.931454888421285432e-07
7.770000000000000000e+03,7.933396091175382026e-07
7.771000000000000000e+03,7.929032790343626402e-07
7.772000000000000000e+03,7.926086027509882115e-07
7.773000000000000000e+03,7.924439273665484507e-07
7.774000000000000000e+03,7.922204190435877535e-07
7.775000000000000000e+03,7.920045277387544047e-07
7.776000000000000000e+03,7.916452204881352372e-07
7.777000000000000000e+03,7.916767117421841249e-07
7.778000000000000000e+03,7.914570119282871019e-07
7.779000000000000000e+03,7.911630177659390029e-07
7.780000000000000000e+03,7.909907253633718938e-07
7.781000000000000000e+03,7.907900680947932415e-07
7.782000000000000000e+03,7.906673431534727570e-07
7.783000000000000000e+03,7.905255756668339018e-07
7.784000000000000000e+03,7.903052505753294099e-07
7.785000000000000000e+03,7.901620051598001737e-07
7.786000000000000000e+03,7.899630531937873457e-07
7.787000000000000000e+03,7.898137255324400030e-07
7.788000000000000000e+03,7.895888529674266465e-07
7.789000000000000000e+03,7.894190048318705522e-07
7.790000000000000000e+03,7.892701887612929568e-07
7.791000000000000000e+03,7.889581752351659816e-07
7.792000000000000000e+03,7.885552690822805744e-07
7.793000000000000000e+03,7.884341357566881925e-07
7.794000000000000000e+03,7.881130272835434880e-07
7.795000000000000000e+03,7.880091743572847918e-07
7.796000000000000000e+03,7.878688847995363176e-07
7.797000000000000000e+03,7.876239465076650959e-07
7.798000000000000000e+03,7.914244974926987197e-07
7.799000000000000000e+03,7.875658525335893501e-07
7.800000000000000000e+03,7.873288154769397806e-07
7.801000000000000000e+03,7.871473144405172206e-07
7.802000000000000000e+03,7.869174964980629738e-07
7.803000000000000000e+03,7.865824045438785106e-07
7.804000000000000000e+03,7.861382300689001568e-07
7.805000000000000000e+03,7.864778126531746238e-07
7.806000000000000000e+03,7.859698598622344434e-07
7.807000000000000000e+03,7.857702826186141465e-07
7.808000000000000000e+03,7.856438060116488487e-07
7.809000000000000000e+03,7.854955015318410005e-07
7.810000000000000000e+03,7.853034844629291911e-07
7.811000000000000000e+03,7.849961320971488021e-07
7.812000000000000000e+03,7.848853442737890873e-07
7.813000000000000000e+03,7.846299467928474769e-07
7.814000000000000000e+03,7.845577556508942507e-07
7.815000000000000000e+03,7.844487299735192209e-07
7.816000000000000000e+03,7.841459250812476967e-07
7.817000000000000000e+03,7.844503215892473236e-07
7.818000000000000000e+03,7.839966542633192148e-07
7.819000000000000000e+03,7.836850386411242653e-07
7.820000000000000000e+03,7.833838253645808436e-07
7.821000000000000000e+03,7.829280548321548849e-07
7.822000000000000000e+03,7.823999794709379785e-07
7.823000000000000000e+03,7.821427630005928222e-07
7.824000000000000000e+03,7.819198231118207332e-07
7.825000000000000000e+03,7.817700407031225041e-07
7.826000000000000000e+03,7.814908258296782151e-07
7.827000000000000000e+03,7.816137781446741428e-07
7.828000000000000000e+03,7.814040259290777612e-07
7.829000000000000000e+03,7.812275271135149524e-07
7.830000000000000000e+03,7.810621696080488618e-07
7.831000000000000000e+03,7.807205406606954057e-07
7.832000000000000000e+03,7.802920549693226349e-07
7.833000000000000000e+03,7.800389880685543176e-07
7.834000000000000000e+03,7.798932415425952058e-07
7.835000000000000000e+03,7.797979151291656308e-07
7.836000000000000000e+03,7.796644467816804536e-07
7.837000000000000000e+03,7.795010787958744913e-07
7.838000000000000000e+03,7.793365170982724521e-07
7.839000000000000000e+03,7.791423399794439320e-07
7.840000000000000000e+03,7.789229243826412130e-07
7.841000000000000000e+03,7.787854769958357792e-07
7.842000000000000000e+03,7.785788511682767421e-07
7.843000000000000000e+03,7.784645958963665180e-07
7.844000000000000000e+03,7.782481930007634219e-07
7.845000000000000000e+03,7.783202136124600656e-07
7.846000000000000000e+03,7.780883493069268297e-07
7.847000000000000000e+03,7.778852477713371627e-07
7.848000000000000000e+03,7.777666155561746564e-07
7.849000000000000000e+03,7.774632990731333848e-07
7.850000000000000000e+03,7.772875960654346272e-07
7.851000000000000000e+03,7.768146588205127046e-07
7.852000000000000000e+03,7.766213343529670965e-07
7.853000000000000000e+03,7.764903671159117948e-07
7.854000000000000000e+03,7.762443487990822177e-07
7.855000000000000000e+03,7.758187621220713481e-07
7.856000000000000000e+03,7.755870115033758339e-07
7.857000000000000000e+03,7.753392310405615717e-07
7.858000000000000000e+03,7.751155521873442922e-07
7.859000000000000000e+03,7.748399752927070949e-07
7.860000000000000000e+03,7.745126140434877016e-07
7.861000000000000000e+03,7.745705374873068649e-07
7.862000000000000000e+03,7.744111485408211593e-07
7.863000000000000000e+03,7.742587513348553330e-07
7.864000000000000000e+03,7.741256808913021814e-07
7.865000000000000000e+03,7.738998419881681912e-07
7.866000000000000000e+03,7.736905445199226961e-07
7.867000000000000000e+03,7.735030749245197512e-07
7.868000000000000000e+03,7.733872848803002853e-07
7.869000000000000000e+03,7.732469384791329503e-07
7.870000000000000000e+03,7.730956212981254794e-07
7.871000000000000000e+03,7.729732942607370205e-07
7.872000000000000000e+03,7.727987849648343399e-07
7.873000000000000000e+03,7.726605986135837156e-07
7.874000000000000000e+03,7.726729904788953718e-07
7.875000000000000000e+03,7.725577120254456531e-07
7.876000000000000000e+03,7.723652970526018180e-07
7.877000000000000000e+03,7.720520898146787658e-07
7.878000000000000000e+03,7.719601740063808393e-07
7.879000000000000000e+03,7.717488301750563551e-07
7.880000000000000000e+03,7.715582910350349266e-07
7.881000000000000000e+03,7.714435810157738160e-07
7.882000000000000000e+03,7.712068281762185507e-07
7.883000000000000000e+03,7.710659133408626076e-07
7.884000000000000000e+03,7.710280556239013094e-07
7.885000000000000000e+03,7.709300007263664156e-07
7.886000000000000000e+03,7.707232612119696569e-07
7.887000000000000000e+03,7.704816198383923620e-07
7.888000000000000000e+03,7.704336439928738400e-07
7.889000000000000000e+03,7.702782340857083909e-07
7.890000000000000000e+03,7.701517574787430931e-07
7.891000000000000000e+03,7.700152195866394322e-07
7.892000000000000000e+03,7.697291835029318463e-07
7.893000000000000000e+03,7.693042221035284456e-07
7.894000000000000000e+03,7.690609322708041873e-07
7.895000000000000000e+03,7.688051368859305512e-07
7.896000000000000000e+03,7.686809908591385465e-07
7.897000000000000000e+03,7.685375180699338671e-07
7.898000000000000000e+03,7.684071761104860343e-07
7.899000000000000000e+03,7.682468208258796949e-07
7.900000000000000000e+03,7.681620104449393693e-07
7.901000000000000000e+03,7.678967790525348391e-07
7.902000000000000000e+03,7.677772373426705599e-07
7.903000000000000000e+03,7.677138569306407589e-07
7.904000000000000000e+03,7.676371183151786681e-07
7.905000000000000000e+03,7.674613016206421889e-07
7.906000000000000000e+03,7.674061635043472052e-07
7.907000000000000000e+03,7.671147841392667033e-07
7.908000000000000000e+03,7.669910928598255850e-07
7.909000000000000000e+03,7.668008379368984606e-07
7.910000000000000000e+03,7.666193937438947614e-07
7.911000000000000000e+03,7.663325050089042634e-07
7.912000000000000000e+03,7.663031169613532256e-07
7.913000000000000000e+03,7.661388963242643513e-07
7.914000000000000000e+03,7.659267566850758158e-07
7.915000000000000000e+03,7.657895366719458252e-07
7.916000000000000000e+03,7.655566491848730948e-07
7.917000000000000000e+03,7.653721354472509120e-07
7.918000000000000000e+03,7.652217277609452140e-07
7.919000000000000000e+03,7.650403404113603756e-07
7.920000000000000000e+03,7.649055646652413998e-07
7.921000000000000000e+03,7.646495987501111813e-07
7.922000000000000000e+03,7.643200774509750772e-07
7.923000000000000000e+03,7.640873036507400684e-07
7.924000000000000000e+03,7.639134764758637175e-07
7.925000000000000000e+03,7.638025749656662811e-07
7.926000000000000000e+03,7.636985515091510024e-07
7.927000000000000000e+03,7.633078666913206689e-07
7.928000000000000000e+03,7.634714052073832136e-07
7.929000000000000000e+03,7.632022516190772876e-07
7.930000000000000000e+03,7.630828804394695908e-07
7.931000000000000000e+03,7.627850209246389568e-07
7.932000000000000000e+03,7.625145030942803714e-07
7.933000000000000000e+03,7.622556950082071126e-07
7.934000000000000000e+03,7.620051292178686708e-07
7.935000000000000000e+03,7.617438768647843972e-07
7.936000000000000000e+03,7.620035376021405682e-07
7.937000000000000000e+03,7.616893640260968823e-07
7.938000000000000000e+03,7.615830099894083105e-07
7.939000000000000000e+03,7.613846833010029513e-07
7.940000000000000000e+03,7.612955528202292044e-07
7.941000000000000000e+03,7.610967145410540979e-07
7.942000000000000000e+03,7.609349381709762383e-07
7.943000000000000000e+03,7.607782208651769906e-07
7.944000000000000000e+03,7.606651593050628435e-07
7.945000000000000000e+03,7.604610345879336819e-07
7.946000000000000000e+03,7.602924370075925253e-07
7.947000000000000000e+03,7.599591640428116079e-07
7.948000000000000000e+03,7.597418516525067389e-07
7.949000000000000000e+03,7.596652835673012305e-07
7.950000000000000000e+03,7.593891382384754252e-07
7.951000000000000000e+03,7.592929023303440772e-07
7.952000000000000000e+03,7.592065003336756490e-07
7.953000000000000000e+03,7.590035124849237036e-07
7.954000000000000000e+03,7.588224093524331693e-07
7.955000000000000000e+03,7.586864967379369773e-07
7.956000000000000000e+03,7.583857382087444421e-07
7.957000000000000000e+03,7.583179808534623589e-07
7.958000000000000000e+03,7.582373768855177332e-07
7.959000000000000000e+03,7.580523515571258031e-07
7.960000000000000000e+03,7.578741474389971700e-07
7.961000000000000000e+03,7.576747975690523162e-07
7.962000000000000000e+03,7.574844289592874702e-07
7.963000000000000000e+03,7.573547691208659671e-07
7.964000000000000000e+03,7.570172328996704891e-07
7.965000000000000000e+03,7.568263526991358958e-07
7.966000000000000000e+03,7.566213753307238221e-07
7.967000000000000000e+03,7.564295287920685951e-07
7.968000000000000000e+03,7.563506301266897935e-07
7.969000000000000000e+03,7.561532697764050681e-07
7.970000000000000000e+03,7.559418691016617231e-07
7.971000000000000000e+03,7.557517278655723203e-07
7.972000000000000000e+03,7.556004675279837102e-07
7.973000000000000000e+03,7.554564831480092835e-07
7.974000000000000000e+03,7.552099532404099591e-07
7.975000000000000000e+03,7.550489158347772900e-07
7.976000000000000000e+03,7.547574796262779273e-07
7.977000000000000000e+03,7.545633025074494071e-07
7.978000000000000000e+03,7.541950139966502320e-07
7.979000000000000000e+03,7.539857165284047369e-07
7.980000000000000000e+03,7.538004069829185028e-07
7.981000000000000000e+03,7.536134489782853052e-07
7.982000000000000000e+03,7.534784458584908862e-07
7.983000000000000000e+03,7.533092798439611215e-07
7.984000000000000000e+03,7.532197514592553489e-07
7.985000000000000000e+03,7.529579875154013280e-07
7.986000000000000000e+03,7.526981562477885745e-07
7.987000000000000000e+03,7.524486704824084882e-07
7.988000000000000000e+03,7.522733085352228954e-07
7.989000000000000000e+03,7.521172733504499774e-07
7.990000000000000000e+03,7.521101679230923764e-07
7.991000000000000000e+03,7.520247891079634428e-07
7.992000000000000000e+03,7.519128075728076510e-07
7.993000000000000000e+03,7.516646860494802240e-07
7.994000000000000000e+03,7.515068318753037602e-07
7.995000000000000000e+03,7.511882813560077921e-07
7.996000000000000000e+03,7.509186161769321188e-07
7.997000000000000000e+03,7.505042276534368284e-07
7.998000000000000000e+03,7.501867003156803548e-07
7.999000000000000000e+03,7.500755714318074752e-07
8.000000000000000000e+03,7.498682066398032475e-07
8.001000000000000000e+03,7.497619094465335365e-07
8.002000000000000000e+03,7.496799412365362514e-07
8.003000000000000000e+03,7.495291924897173885e-07
8.004000000000000000e+03,7.492246822948800400e-07
8.005000000000000000e+03,7.494153351217391901e-07
8.006000000000000000e+03,7.491874498555262107e-07
8.007000000000000000e+03,7.490106099794502370e-07
8.008000000000000000e+03,7.488666255994758103e-07
8.009000000000000000e+03,7.487350899282319006e-07
8.010000000000000000e+03,7.486369213438592851e-07
8.011000000000000000e+03,7.485403443752147723e-07
8.012000000000000000e+03,7.483816943931742571e-07
8.013000000000000000e+03,7.482277055714803282e-07
8.014000000000000000e+03,7.485071478186000604e-07
8.015000000000000000e+03,7.481311286028358154e-07
8.016000000000000000e+03,7.479603141291590873e-07
8.017000000000000000e+03,7.477688654944358859e-07
8.018000000000000000e+03,7.474869221368862782e-07
8.019000000000000000e+03,7.472508514183573425e-07
8.020000000000000000e+03,7.471510912182566244e-07
8.021000000000000000e+03,7.469434422091580927e-07
8.022000000000000000e+03,7.468192393389472272e-07
8.023000000000000000e+03,7.466537681466434151e-07
8.024000000000000000e+03,7.463709721378108952e-07
8.025000000000000000e+03,7.483013177989050746e-07
8.026000000000000000e+03,7.462508051503391471e-07
8.027000000000000000e+03,7.460041047124832403e-07
8.028000000000000000e+03,7.458773438884236384e-07
8.029000000000000000e+03,7.456774824277090374e-07
8.030000000000000000e+03,7.454883075297402684e-07
8.031000000000000000e+03,7.453056696249404922e-07
8.032000000000000000e+03,7.450901193806203082e-07
8.033000000000000000e+03,7.449669965353677981e-07
8.034000000000000000e+03,7.447777079505613074e-07
8.035000000000000000e+03,7.446124072885140777e-07
8.036000000000000000e+03,7.442767469001410063e-07
8.037000000000000000e+03,7.465231419701012783e-07
8.038000000000000000e+03,7.442239393640193157e-07
8.039000000000000000e+03,7.440001468239643145e-07
8.040000000000000000e+03,7.437053568537521642e-07
8.041000000000000000e+03,7.434352369273256045e-07
8.042000000000000000e+03,7.432143434016325045e-07
8.043000000000000000e+03,7.430155051224573981e-07
8.044000000000000000e+03,7.428098456330189947e-07
8.045000000000000000e+03,7.428080266436154488e-07
8.046000000000000000e+03,7.426866091009287629e-07
8.047000000000000000e+03,7.425157377838331740e-07
8.048000000000000000e+03,7.424047794302168768e-07
8.049000000000000000e+03,7.426673391819349490e-07
8.050000000000000000e+03,7.423139436468773056e-07
8.051000000000000000e+03,7.421866712320479564e-07
8.052000000000000000e+03,7.419786243190173991e-07
8.053000000000000000e+03,7.418934728775639087e-07
8.054000000000000000e+03,7.417372671625344083e-07
8.055000000000000000e+03,7.414757305923558306e-07
8.056000000000000000e+03,7.413107141474029049e-07
8.057000000000000000e+03,7.411673550450359471e-07
8.058000000000000000e+03,7.409514637402025983e-07
8.059000000000000000e+03,7.408146984744234942e-07
8.060000000000000000e+03,7.405919291159079876e-07
8.061000000000000000e+03,7.404229904750536662e-07
8.062000000000000000e+03,7.402650226140394807e-07
8.063000000000000000e+03,7.401275752272340469e-07
8.064000000000000000e+03,7.399864898616215214e-07
8.065000000000000000e+03,7.397420631605200469e-07
8.066000000000000000e+03,7.402122719213366508e-07
8.067000000000000000e+03,7.397068202408263460e-07
8.068000000000000000e+03,7.396022283501224592e-07
8.069000000000000000e+03,7.394014005512872245e-07
8.070000000000000000e+03,7.392015959339914843e-07
8.071000000000000000e+03,7.390320320155296940e-07
8.072000000000000000e+03,7.392044949483533856e-07
8.073000000000000000e+03,7.388963467747089453e-07
8.074000000000000000e+03,7.386033757939003408e-07
8.075000000000000000e+03,7.383579259112593718e-07
8.076000000000000000e+03,7.381198088296514470e-07
8.077000000000000000e+03,7.378271220659371465e-07
8.078000000000000000e+03,7.375446102741989307e-07
8.079000000000000000e+03,7.373943731181498151e-07
8.080000000000000000e+03,7.372235018010542262e-07
8.081000000000000000e+03,7.371137940026528668e-07
8.082000000000000000e+03,7.369434342763270251e-07
8.083000000000000000e+03,7.367023044935194775e-07
8.084000000000000000e+03,7.364521934505319223e-07
8.085000000000000000e+03,7.360579274973133579e-07
8.086000000000000000e+03,7.358784728239697870e-07
8.087000000000000000e+03,7.355804427788825706e-07
8.088000000000000000e+03,7.352326747422921471e-07
8.089000000000000000e+03,7.349157158387242816e-07
8.090000000000000000e+03,7.345614676523837261e-07
8.091000000000000000e+03,7.343617767219257075e-07
8.092000000000000000e+03,7.341364494095614646e-07
8.093000000000000000e+03,7.338305749726714566e-07
8.094000000000000000e+03,7.341751029343868140e-07
8.095000000000000000e+03,7.337159217968292069e-07
8.096000000000000000e+03,7.334005545089894440e-07
8.097000000000000000e+03,7.330543212447082624e-07
8.098000000000000000e+03,7.327142270696640480e-07
8.099000000000000000e+03,7.323992008423374500e-07
8.100000000000000000e+03,7.322433361878211144e-07
8.101000000000000000e+03,7.318715802284714300e-07
8.102000000000000000e+03,7.317247536775539629e-07
8.103000000000000000e+03,7.315645120797853451e-07
8.104000000000000000e+03,7.314499725907808170e-07
8.105000000000000000e+03,7.313587957469280809e-07
8.106000000000000000e+03,7.312930847547249869e-07
8.107000000000000000e+03,7.311388117159367539e-07
8.108000000000000000e+03,7.308805152206332423e-07
8.109000000000000000e+03,7.306798579520545900e-07
8.110000000000000000e+03,7.304810196728794836e-07
8.111000000000000000e+03,7.302309086298919283e-07
8.112000000000000000e+03,7.299988737941021100e-07
8.113000000000000000e+03,7.297419415408512577e-07
8.114000000000000000e+03,7.298213517969998065e-07
8.115000000000000000e+03,7.295922728189907502e-07
8.116000000000000000e+03,7.294073611774365418e-07
8.117000000000000000e+03,7.292996997421141714e-07
8.118000000000000000e+03,7.291826591426797677e-07
8.119000000000000000e+03,7.290602752618724480e-07
8.120000000000000000e+03,7.288705319297150709e-07
8.121000000000000000e+03,7.287505923159187660e-07
8.122000000000000000e+03,7.285900665010558441e-07
8.123000000000000000e+03,7.283922514034202322e-07
8.124000000000000000e+03,7.281806233550014440e-07
8.125000000000000000e+03,7.279260216819238849e-07
8.126000000000000000e+03,7.292100008271518163e-07
8.127000000000000000e+03,7.278142675204435363e-07
8.128000000000000000e+03,7.275935445250070188e-07
8.129000000000000000e+03,7.275003213180752937e-07
8.130000000000000000e+03,7.273122832884837408e-07
8.131000000000000000e+03,7.271779622897156514e-07
8.132000000000000000e+03,7.270159017025434878e-07
8.133000000000000000e+03,7.269245543284341693e-07
8.134000000000000000e+03,7.266580723808147013e-07
8.135000000000000000e+03,7.265597332661855035e-07
8.136000000000000000e+03,7.263997758855111897e-07
8.137000000000000000e+03,7.261895120791450609e-07
8.138000000000000000e+03,7.259929475367243867e-07
8.139000000000000000e+03,7.257978609231940936e-07
8.140000000000000000e+03,7.256587082338228356e-07
8.141000000000000000e+03,7.255291620822390541e-07
8.142000000000000000e+03,7.252957630043965764e-07
8.143000000000000000e+03,7.250358180499461014e-07
8.144000000000000000e+03,7.248397650982951745e-07
8.145000000000000000e+03,7.246069912980601657e-07
8.146000000000000000e+03,7.244550488394452259e-07
8.147000000000000000e+03,7.243375534926599357e-07
8.148000000000000000e+03,7.240661261675995775e-07
8.149000000000000000e+03,7.253272542584454641e-07
8.150000000000000000e+03,7.239550541271455586e-07
8.151000000000000000e+03,7.237250088110158686e-07
8.152000000000000000e+03,7.235096859403711278e-07
8.153000000000000000e+03,7.232732173179101665e-07
8.154000000000000000e+03,7.230236178656923585e-07
8.155000000000000000e+03,7.226762477330339607e-07
8.156000000000000000e+03,7.223764555419620592e-07
8.157000000000000000e+03,7.221437954285647720e-07
8.158000000000000000e+03,7.218947075671167113e-07
8.159000000000000000e+03,7.232275720525649376e-07
8.160000000000000000e+03,7.218480391202319879e-07
8.161000000000000000e+03,7.217671509351930581e-07
8.162000000000000000e+03,7.216165727186307777e-07
8.163000000000000000e+03,7.214961783574835863e-07
8.164000000000000000e+03,7.212097443698439747e-07
8.165000000000000000e+03,7.210556987047311850e-07
8.166000000000000000e+03,7.207740395642758813e-07
8.167000000000000000e+03,7.207106591522460803e-07
8.168000000000000000e+03,7.205678684840677306e-07
8.169000000000000000e+03,7.204308190011943225e-07
8.170000000000000000e+03,7.201209086815651972e-07
8.171000000000000000e+03,7.197753006948914845e-07
8.172000000000000000e+03,7.197012905635347124e-07
8.173000000000000000e+03,7.193738156274775974e-07
8.174000000000000000e+03,7.193087299128819723e-07
8.175000000000000000e+03,7.192250564003188629e-07
8.176000000000000000e+03,7.191312647591985296e-07
8.177000000000000000e+03,7.188958193182770628e-07
8.178000000000000000e+03,7.187143751252733637e-07
8.179000000000000000e+03,7.183426760093425401e-07
8.180000000000000000e+03,7.181077990026096813e-07
8.181000000000000000e+03,7.179242516031081323e-07
8.182000000000000000e+03,7.186970947259396780e-07
8.183000000000000000e+03,7.178514351835474372e-07
8.184000000000000000e+03,7.176844292189343832e-07
8.185000000000000000e+03,7.174692768785462249e-07
8.186000000000000000e+03,7.173893550316279288e-07
8.187000000000000000e+03,7.173071594479552004e-07
8.188000000000000000e+03,7.172134246502537280e-07
8.189000000000000000e+03,7.169365403569827322e-07
8.190000000000000000e+03,7.165772331063635647e-07
8.191000000000000000e+03,7.163206987570447382e-07
8.192000000000000000e+03,7.161444273151573725e-07
8.193000000000000000e+03,7.160261361605080310e-07
8.194000000000000000e+03,7.158458288358815480e-07
8.195000000000000000e+03,7.159396773204207420e-07
8.196000000000000000e+03,7.157478307817655150e-07
8.197000000000000000e+03,7.156236279115546495e-07
8.198000000000000000e+03,7.154715149226831272e-07
8.199000000000000000e+03,7.153340675358776934e-07
8.200000000000000000e+03,7.151631393753632437e-07
8.201000000000000000e+03,7.149498060243786313e-07
8.202000000000000000e+03,7.147778546823246870e-07
8.203000000000000000e+03,7.146185225792578422e-07
8.204000000000000000e+03,7.144248002077802084e-07
8.205000000000000000e+03,7.146743428165791556e-07
8.206000000000000000e+03,7.143505627027479932e-07
8.207000000000000000e+03,7.141960054468654562e-07
8.208000000000000000e+03,7.141156288525962736e-07
8.209000000000000000e+03,7.139662443478300702e-07
8.210000000000000000e+03,7.138125397432304453e-07
8.211000000000000000e+03,7.135277542147377972e-07
8.212000000000000000e+03,7.132588280001073144e-07
8.213000000000000000e+03,7.131379788916092366e-07
8.214000000000000000e+03,7.129643790904083289e-07
8.215000000000000000e+03,7.128207357709470671e-07
8.216000000000000000e+03,7.127441676857415587e-07
8.217000000000000000e+03,7.126146215341577772e-07
8.218000000000000000e+03,7.125005367925041355e-07
8.219000000000000000e+03,7.123878162929031532e-07
8.220000000000000000e+03,7.121601015569467563e-07
8.221000000000000000e+03,7.119150495782378130e-07
8.222000000000000000e+03,7.117973837011959404e-07
8.223000000000000000e+03,7.116697702258534264e-07
8.224000000000000000e+03,7.114962841114902403e-07
8.225000000000000000e+03,7.112392381714016665e-07
8.226000000000000000e+03,7.110670026122534182e-07
8.227000000000000000e+03,7.109581474651349708e-07
8.228000000000000000e+03,7.108330351002223324e-07
8.229000000000000000e+03,7.107403234840603545e-07
8.230000000000000000e+03,7.105239774318761192e-07
8.231000000000000000e+03,7.102077574927534442e-07
8.232000000000000000e+03,7.098812488948169630e-07
8.233000000000000000e+03,7.096625722624594346e-07
8.234000000000000000e+03,7.096624585756217130e-07
8.235000000000000000e+03,7.095004548318684101e-07
8.236000000000000000e+03,7.092906457728531677e-07
8.237000000000000000e+03,7.091670113368309103e-07
8.238000000000000000e+03,7.091002771630883217e-07
8.239000000000000000e+03,7.089109317348629702e-07
8.240000000000000000e+03,7.088560778356622905e-07
8.241000000000000000e+03,7.087281801432254724e-07
8.242000000000000000e+03,7.086048299242975190e-07
8.243000000000000000e+03,7.084133244461554568e-07
8.244000000000000000e+03,7.085096740411245264e-07
8.245000000000000000e+03,7.083434070409566630e-07
8.246000000000000000e+03,7.081630428729113191e-07
8.247000000000000000e+03,7.080915906954032835e-07
8.248000000000000000e+03,7.079144097588141449e-07
8.249000000000000000e+03,7.078284625094966032e-07
8.250000000000000000e+03,7.077582040437846445e-07
8.251000000000000000e+03,7.076935162331210449e-07
8.252000000000000000e+03,7.076075121403846424e-07
8.253000000000000000e+03,7.074967243170249276e-07
8.254000000000000000e+03,7.073854817463143263e-07
8.255000000000000000e+03,7.071743652886652853e-07
8.256000000000000000e+03,7.068895797601726372e-07
8.257000000000000000e+03,7.068579748192860279e-07
8.258000000000000000e+03,7.066199714245158248e-07
8.259000000000000000e+03,7.065587510624027345e-07
8.260000000000000000e+03,7.064291480674000923e-07
8.261000000000000000e+03,7.063283646857598796e-07
8.262000000000000000e+03,7.061432825139490888e-07
8.263000000000000000e+03,7.060258440105826594e-07
8.264000000000000000e+03,7.058976052576326765e-07
8.265000000000000000e+03,7.057209359118132852e-07
8.266000000000000000e+03,7.055907076392031740e-07
8.267000000000000000e+03,7.054406410134106409e-07
8.268000000000000000e+03,7.053865829220740125e-07
8.269000000000000000e+03,7.052228738757548854e-07
8.270000000000000000e+03,7.051725106066442095e-07
8.271000000000000000e+03,7.049893042676558252e-07
8.272000000000000000e+03,7.049006285342329647e-07
8.273000000000000000e+03,7.047630106171709485e-07
8.274000000000000000e+03,7.045641723379958421e-07
8.275000000000000000e+03,7.045340453259996139e-07
8.276000000000000000e+03,7.043192340461246204e-07
8.277000000000000000e+03,7.042423817438248079e-07
8.278000000000000000e+03,7.041689968900755048e-07
8.279000000000000000e+03,7.040957257231639232e-07
8.280000000000000000e+03,7.038601665954047348e-07
8.281000000000000000e+03,7.036610440991353244e-07
8.282000000000000000e+03,7.034752798062982038e-07
8.283000000000000000e+03,7.033676183709758334e-07
8.284000000000000000e+03,7.032076609903015196e-07
8.285000000000000000e+03,7.029393600532785058e-07
8.286000000000000000e+03,7.027026640571421012e-07
8.287000000000000000e+03,7.024955266388133168e-07
8.288000000000000000e+03,7.023124339866626542e-07
8.289000000000000000e+03,7.021591841294139158e-07
8.290000000000000000e+03,7.019900749583030120e-07
8.291000000000000000e+03,7.019202143965230789e-07
8.292000000000000000e+03,7.016989229668979533e-07
8.293000000000000000e+03,7.015693768153141718e-07
8.294000000000000000e+03,7.014984362285758834e-07
8.295000000000000000e+03,7.013028380242758431e-07
8.296000000000000000e+03,7.010798981355037540e-07
8.297000000000000000e+03,7.048832344480615575e-07
8.298000000000000000e+03,7.010261811046802904e-07
8.299000000000000000e+03,7.008921443230065051e-07
8.300000000000000000e+03,7.007309932305361144e-07
8.301000000000000000e+03,7.005867814768862445e-07
8.302000000000000000e+03,7.003776545388973318e-07
8.303000000000000000e+03,7.002677762102393899e-07
8.304000000000000000e+03,7.000496111686516088e-07
8.305000000000000000e+03,6.999733841439592652e-07
8.306000000000000000e+03,6.997857440182997379e-07
8.307000000000000000e+03,6.995864509917737450e-07
8.308000000000000000e+03,6.992554517637472600e-07
8.309000000000000000e+03,6.993125225562835112e-07
8.310000000000000000e+03,6.990819656493840739e-07
8.311000000000000000e+03,6.988730092416517437e-07
8.312000000000000000e+03,6.987181109252560418e-07
8.313000000000000000e+03,6.985442269069608301e-07
8.314000000000000000e+03,6.982676836742029991e-07
8.315000000000000000e+03,6.980408784329483751e-07
8.316000000000000000e+03,6.978481792430102360e-07
8.317000000000000000e+03,6.977340376579377335e-07
8.318000000000000000e+03,6.975406563469732646e-07
8.319000000000000000e+03,6.973172048674314283e-07
8.320000000000000000e+03,6.970507229198119603e-07
8.321000000000000000e+03,6.969997912165126763e-07
8.322000000000000000e+03,6.966662340346374549e-07
8.323000000000000000e+03,6.965805710024142172e-07
8.324000000000000000e+03,6.964554017940827180e-07
8.325000000000000000e+03,6.962671932342345826e-07
8.326000000000000000e+03,6.960622727092413697e-07
8.327000000000000000e+03,6.959166398701199796e-07
8.328000000000000000e+03,6.957360483283991925e-07
8.329000000000000000e+03,6.955679623388277832e-07
8.330000000000000000e+03,6.953625870664836839e-07
8.331000000000000000e+03,6.953519573471567128e-07
8.332000000000000000e+03,6.949953785806428641e-07
8.333000000000000000e+03,6.948937425477197394e-07
8.334000000000000000e+03,6.947254860278917477e-07
8.335000000000000000e+03,6.946044663891370874e-07
8.336000000000000000e+03,6.943965331629442517e-07
8.337000000000000000e+03,6.941957053641090170e-07
8.338000000000000000e+03,6.938764727237867191e-07
8.339000000000000000e+03,6.936944032531755511e-07
8.340000000000000000e+03,6.935206897651369218e-07
8.341000000000000000e+03,6.933442477929929737e-07
8.342000000000000000e+03,6.931628035999892745e-07
8.343000000000000000e+03,6.929508344910573214e-07
8.344000000000000000e+03,6.927151048330415506e-07
8.345000000000000000e+03,6.925118896106141619e-07
8.346000000000000000e+03,6.923467026354046538e-07
8.347000000000000000e+03,6.922250577190425247e-07
8.348000000000000000e+03,6.920993769199412782e-07
8.349000000000000000e+03,6.919987640685576480e-07
8.350000000000000000e+03,6.919506745362014044e-07
8.351000000000000000e+03,6.918056101312686224e-07
8.352000000000000000e+03,6.915743711033428553e-07
8.353000000000000000e+03,6.914517030054412317e-07
8.354000000000000000e+03,6.912377443768491503e-07
8.355000000000000000e+03,6.911263312758819666e-07
8.356000000000000000e+03,6.909607463967404328e-07
8.357000000000000000e+03,6.909176590852439404e-07
8.358000000000000000e+03,6.907612828399578575e-07
8.359000000000000000e+03,6.907013698764785659e-07
8.360000000000000000e+03,6.906155363139987458e-07
8.361000000000000000e+03,6.904790552653139457e-07
8.362000000000000000e+03,6.902922677909373306e-07
8.363000000000000000e+03,6.900667699483165052e-07
8.364000000000000000e+03,6.902420750520832371e-07
8.365000000000000000e+03,6.899012419125938322e-07
8.366000000000000000e+03,6.897172397657413967e-07
8.367000000000000000e+03,6.894292141623736825e-07
8.368000000000000000e+03,6.892707915540086105e-07
8.369000000000000000e+03,6.890345503052230924e-07
8.370000000000000000e+03,6.889257520015235059e-07
8.371000000000000000e+03,6.887863150950579438e-07
8.372000000000000000e+03,6.886214691803616006e-07
8.373000000000000000e+03,6.882821139697625767e-07
8.374000000000000000e+03,6.890996928632375784e-07
8.375000000000000000e+03,6.881767831146134995e-07
8.376000000000000000e+03,6.879808438498002943e-07
8.377000000000000000e+03,6.878489671180432197e-07
8.378000000000000000e+03,6.877010605421673972e-07
8.379000000000000000e+03,6.874925020383670926e-07
8.380000000000000000e+03,6.873545430607919116e-07
8.381000000000000000e+03,6.871834443700208794e-07
8.382000000000000000e+03,6.870635047562245745e-07
8.383000000000000000e+03,6.868793889225344174e-07
8.384000000000000000e+03,6.867934416732168756e-07
8.385000000000000000e+03,6.866270609862112906e-07
8.386000000000000000e+03,6.864039505671826191e-07
8.387000000000000000e+03,6.862305212962382939e-07
8.388000000000000000e+03,6.860925054752442520e-07
8.389000000000000000e+03,6.857844141450186726e-07
8.390000000000000000e+03,6.855575520603451878e-07
8.391000000000000000e+03,6.852455953776370734e-07
8.392000000000000000e+03,6.850445402051263954e-07
8.393000000000000000e+03,6.849577403045259416e-07
8.394000000000000000e+03,6.846872224741673563e-07
8.395000000000000000e+03,6.844647373327461537e-07
8.396000000000000000e+03,6.842353741376427934e-07
8.397000000000000000e+03,6.840642754468717612e-07
8.398000000000000000e+03,6.838360491201456171e-07
8.399000000000000000e+03,6.836927468611975200e-07
8.400000000000000000e+03,6.834337682448676787e-07
8.401000000000000000e+03,6.831870678070117719e-07
8.402000000000000000e+03,6.830723577877506614e-07
8.403000000000000000e+03,6.829106951045105234e-07
8.404000000000000000e+03,6.828072400821838528e-07
8.405000000000000000e+03,6.826529101999767590e-07
8.406000000000000000e+03,6.824458296250668354e-07
8.407000000000000000e+03,6.821595093242649455e-07
8.408000000000000000e+03,6.819741997787787113e-07
8.409000000000000000e+03,6.818233941885409877e-07
8.410000000000000000e+03,6.816461564085329883e-07
8.411000000000000000e+03,6.814364610363554675e-07
8.412000000000000000e+03,6.811259254391188733e-07
8.413000000000000000e+03,6.810582249272556510e-07
8.414000000000000000e+03,6.808917305534123443e-07
8.415000000000000000e+03,6.807583190493460279e-07
8.416000000000000000e+03,6.805890393479785416e-07
8.417000000000000000e+03,6.803813334954611491e-07
8.418000000000000000e+03,6.815380402258597314e-07
8.419000000000000000e+03,6.802708298891957384e-07
8.420000000000000000e+03,6.800376581850287039e-07
8.421000000000000000e+03,6.798288723075529560e-07
8.422000000000000000e+03,6.795986564611666836e-07
8.423000000000000000e+03,6.808845114392170217e-07
8.424000000000000000e+03,6.795156082262110431e-07
8.425000000000000000e+03,6.793698048568330705e-07
8.426000000000000000e+03,6.790950237700599246e-07
8.427000000000000000e+03,6.788955033698584884e-07
8.428000000000000000e+03,6.786391963942151051e-07
8.429000000000000000e+03,6.784284209970792290e-07
8.430000000000000000e+03,6.781969545954780187e-07
8.431000000000000000e+03,6.780101671211014036e-07
8.432000000000000000e+03,6.778254828532226384e-07
8.433000000000000000e+03,6.776626264581864234e-07
8.434000000000000000e+03,6.773381642233289313e-07
8.435000000000000000e+03,6.772913820896064863e-07
8.436000000000000000e+03,6.769980700482847169e-07
8.437000000000000000e+03,6.769097922187938821e-07
8.438000000000000000e+03,6.767779154870368075e-07
8.439000000000000000e+03,6.765435500710736960e-07
8.440000000000000000e+03,6.762425073247868568e-07
8.441000000000000000e+03,6.760349151591071859e-07
8.442000000000000000e+03,6.759193524885631632e-07
8.443000000000000000e+03,6.758126005479425658e-07
8.444000000000000000e+03,6.756975494681682903e-07
8.445000000000000000e+03,6.755803951818961650e-07
8.446000000000000000e+03,6.754755190740979742e-07
8.447000000000000000e+03,6.753846264473395422e-07
8.448000000000000000e+03,6.752813419552694540e-07
8.449000000000000000e+03,6.751903356416733004e-07
8.450000000000000000e+03,6.750452143933216576e-07
8.451000000000000000e+03,6.749624503754603211e-07
8.452000000000000000e+03,6.747767997694609221e-07
8.453000000000000000e+03,6.746626013409695588e-07
8.454000000000000000e+03,6.743364338035462424e-07
8.455000000000000000e+03,6.741557285749877337e-07
8.456000000000000000e+03,6.740685307704552542e-07
8.457000000000000000e+03,6.739101650055090431e-07
8.458000000000000000e+03,6.738035267517261673e-07
8.459000000000000000e+03,6.736329964951437432e-07
8.460000000000000000e+03,6.734057365065382328e-07
8.461000000000000000e+03,6.731623329869762529e-07
8.462000000000000000e+03,6.729640631419897545e-07
8.463000000000000000e+03,6.728620292051346041e-07
8.464000000000000000e+03,6.727696586494857911e-07
8.465000000000000000e+03,6.725737193846725859e-07
8.466000000000000000e+03,6.723476531078631524e-07
8.467000000000000000e+03,6.722445391460496467e-07
8.468000000000000000e+03,6.720937335558119230e-07
8.469000000000000000e+03,6.719477596561773680e-07
8.470000000000000000e+03,6.718332770105917007e-07
8.471000000000000000e+03,6.716787765981280245e-07
8.472000000000000000e+03,6.716064149259182159e-07
8.473000000000000000e+03,6.714999472023919225e-07
8.474000000000000000e+03,6.713649440825975034e-07
8.475000000000000000e+03,6.711645141876942944e-07
8.476000000000000000e+03,6.709852300446073059e-07
8.477000000000000000e+03,6.710342290716653224e-07
8.478000000000000000e+03,6.708798423460393678e-07
8.479000000000000000e+03,6.707433612973545678e-07
8.480000000000000000e+03,6.706868020955880638e-07
8.481000000000000000e+03,6.706379167553677689e-07
8.482000000000000000e+03,6.705010378027509432e-07
8.483000000000000000e+03,6.702405244141118601e-07
8.484000000000000000e+03,6.708659157084184699e-07
8.485000000000000000e+03,6.700867629660933744e-07
8.486000000000000000e+03,6.698230095025792252e-07
8.487000000000000000e+03,6.696213290524610784e-07
8.488000000000000000e+03,6.695656793453963473e-07
8.489000000000000000e+03,6.694140779472945724e-07
8.490000000000000000e+03,6.701108077322714962e-07
8.491000000000000000e+03,6.693588261441618670e-07
8.492000000000000000e+03,6.692349074910453055e-07
8.493000000000000000e+03,6.691496992061729543e-07
8.494000000000000000e+03,6.689612064292305149e-07
8.495000000000000000e+03,6.687611175948404707e-07
8.496000000000000000e+03,6.685974653919402044e-07
8.497000000000000000e+03,6.684195454909058753e-07
8.498000000000000000e+03,6.682199114038667176e-07
8.499000000000000000e+03,6.681114541606802959e-07
8.500000000000000000e+03,6.680446063000999857e-07
8.501000000000000000e+03,6.679074999738077167e-07
8.502000000000000000e+03,6.676939960925665218e-07
8.503000000000000000e+03,6.675793997601431329e-07
8.504000000000000000e+03,6.674590622424148023e-07
8.505000000000000000e+03,6.673820962532772683e-07
8.506000000000000000e+03,6.672919994343828876e-07
8.507000000000000000e+03,6.671288019788335077e-07
8.508000000000000000e+03,6.674345627288857941e-07
8.509000000000000000e+03,6.670654784102225676e-07
8.510000000000000000e+03,6.669629328825976700e-07
8.511000000000000000e+03,6.668113314844958950e-07
8.512000000000000000e+03,6.666552394563041162e-07
8.513000000000000000e+03,6.665592309218482114e-07
8.514000000000000000e+03,6.663905764980881941e-07
8.515000000000000000e+03,6.662318696726288181e-07
8.516000000000000000e+03,6.661313705080829095e-07
8.517000000000000000e+03,6.658740403509000316e-07
8.518000000000000000e+03,6.657653557340381667e-07
8.519000000000000000e+03,6.654805133621266577e-07
8.520000000000000000e+03,6.653729656136420090e-07
8.521000000000000000e+03,6.652962269981799182e-07
8.522000000000000000e+03,6.651545163549599238e-07
8.523000000000000000e+03,6.650473665104073007e-07
8.524000000000000000e+03,6.649011083936784416e-07
8.525000000000000000e+03,6.648222665717185009e-07
8.526000000000000000e+03,6.646503152296645567e-07
8.527000000000000000e+03,6.645647658842790406e-07
8.528000000000000000e+03,6.643207370871095918e-07
8.529000000000000000e+03,6.642300718340266030e-07
8.530000000000000000e+03,6.641024583586840890e-07
8.531000000000000000e+03,6.639575076405890286e-07
8.532000000000000000e+03,6.637058049818733707e-07
8.533000000000000000e+03,6.639194793933711480e-07
8.534000000000000000e+03,6.636016109951015096e-07
8.535000000000000000e+03,6.634147666773060337e-07
8.536000000000000000e+03,6.632826057284546550e-07
8.537000000000000000e+03,6.631966584791371133e-07
8.538000000000000000e+03,6.629638846789021045e-07
8.539000000000000000e+03,6.626845561186200939e-07
8.540000000000000000e+03,6.628277446907304693e-07
8.541000000000000000e+03,6.624947559430438560e-07
8.542000000000000000e+03,6.622381647503061686e-07
8.543000000000000000e+03,6.620988983740971889e-07
8.544000000000000000e+03,6.619684427278116345e-07
8.545000000000000000e+03,6.618330985475040507e-07
8.546000000000000000e+03,6.617465828639979009e-07
8.547000000000000000e+03,6.616218684030172881e-07
8.548000000000000000e+03,6.615350685024168342e-07
8.549000000000000000e+03,6.612513061554636806e-07
8.550000000000000000e+03,6.609872684748552274e-07
8.551000000000000000e+03,6.606900342376320623e-07
8.552000000000000000e+03,6.609204774576937780e-07
8.553000000000000000e+03,6.605401381420961116e-07
8.554000000000000000e+03,6.602964504054398276e-07
8.555000000000000000e+03,6.600124038413923699e-07
8.556000000000000000e+03,6.597028345822764095e-07
8.557000000000000000e+03,6.594916612812085077e-07
8.558000000000000000e+03,6.592652539438859094e-07
8.559000000000000000e+03,6.592004524463845883e-07
8.560000000000000000e+03,6.591879468942352105e-07
8.561000000000000000e+03,6.591004080291895662e-07
8.562000000000000000e+03,6.589861527572793420e-07
8.563000000000000000e+03,6.586411132047942374e-07
8.564000000000000000e+03,6.584919560737034772e-07
8.565000000000000000e+03,6.583714480257185642e-07
8.566000000000000000e+03,6.582343416994262952e-07
8.567000000000000000e+03,6.580461899829970207e-07
8.568000000000000000e+03,6.578025590897595976e-07
8.569000000000000000e+03,6.575409088327432983e-07
8.570000000000000000e+03,6.577338353963568807e-07
8.571000000000000000e+03,6.574007898052514065e-07
8.572000000000000000e+03,6.572086590495018754e-07
8.573000000000000000e+03,6.570048753928858787e-07
8.574000000000000000e+03,6.567234436261060182e-07
8.575000000000000000e+03,6.564729915226052981e-07
8.576000000000000000e+03,6.563535634995787404e-07
8.577000000000000000e+03,6.561647865055419970e-07
8.578000000000000000e+03,6.560758833984436933e-07
8.579000000000000000e+03,6.559201892741839401e-07
8.580000000000000000e+03,6.558505560860794503e-07
8.581000000000000000e+03,6.556959419867780525e-07
8.582000000000000000e+03,6.556437597282638308e-07
8.583000000000000000e+03,6.555611662406590767e-07
8.584000000000000000e+03,6.554172387041035108e-07
8.585000000000000000e+03,6.554398055413912516e-07
8.586000000000000000e+03,6.552912168444890995e-07
8.587000000000000000e+03,6.551395017595496029e-07
8.588000000000000000e+03,6.549159934365889058e-07
8.589000000000000000e+03,6.547887778651784174e-07
8.590000000000000000e+03,6.546086979142273776e-07
8.591000000000000000e+03,6.552535865012032446e-07
8.592000000000000000e+03,6.545054702655761503e-07
8.593000000000000000e+03,6.542992991853679996e-07
8.594000000000000000e+03,6.542017558786028530e-07
8.595000000000000000e+03,6.539595460708369501e-07
8.596000000000000000e+03,6.537821377605723683e-07
8.597000000000000000e+03,6.536327532558061648e-07
8.598000000000000000e+03,6.535457828249491286e-07
8.599000000000000000e+03,6.534297085636353586e-07
8.600000000000000000e+03,6.533391001539712306e-07
8.601000000000000000e+03,6.532888505716982763e-07
8.602000000000000000e+03,6.534983185702003539e-07
8.603000000000000000e+03,6.532260385938570835e-07
8.604000000000000000e+03,6.531221288241795264e-07
8.605000000000000000e+03,6.530707423735293560e-07
8.606000000000000000e+03,6.529017468892561737e-07
8.607000000000000000e+03,6.527195637318072841e-07
8.608000000000000000e+03,6.525090157083468512e-07
8.609000000000000000e+03,6.524032301058468875e-07
8.610000000000000000e+03,6.523194997498649172e-07
8.611000000000000000e+03,6.521932505165750626e-07
8.612000000000000000e+03,6.519952080452640075e-07
8.613000000000000000e+03,6.517068413813831285e-07
8.614000000000000000e+03,6.514710548799484968e-07
8.615000000000000000e+03,6.513008088404603768e-07
8.616000000000000000e+03,6.511074275294959079e-07
8.617000000000000000e+03,6.510903176604188047e-07
8.618000000000000000e+03,6.509958438982721418e-07
8.619000000000000000e+03,6.508084879897069186e-07
8.620000000000000000e+03,6.506852514576166868e-07
8.621000000000000000e+03,6.505613896479189862e-07
8.622000000000000000e+03,6.504449743260920513e-07
8.623000000000000000e+03,6.500723657154594548e-07
8.624000000000000000e+03,6.508771548396907747e-07
8.625000000000000000e+03,6.499627716038958170e-07
8.626000000000000000e+03,6.497496656265866477e-07
8.627000000000000000e+03,6.496323976534768008e-07
8.628000000000000000e+03,6.494670401480107103e-07
8.629000000000000000e+03,6.493233968285494484e-07
8.630000000000000000e+03,6.491823114629369229e-07
8.631000000000000000e+03,6.489876795967575163e-07
8.632000000000000000e+03,6.487645123343099840e-07
8.633000000000000000e+03,6.485938115474709775e-07
8.634000000000000000e+03,6.485018957391730510e-07
8.635000000000000000e+03,6.483289212155796122e-07
8.636000000000000000e+03,6.482451908595976420e-07
8.637000000000000000e+03,6.481527066171111073e-07
8.638000000000000000e+03,6.479747867160767782e-07
8.639000000000000000e+03,6.478720138147764374e-07
8.640000000000000000e+03,6.476780640696233604e-07
8.641000000000000000e+03,6.475577265518950298e-07
8.642000000000000000e+03,6.474586484728206415e-07
8.643000000000000000e+03,6.472487257269676775e-07
8.644000000000000000e+03,6.476797125287703238e-07
8.645000000000000000e+03,6.471381652772834059e-07
8.646000000000000000e+03,6.469337563430599403e-07
8.647000000000000000e+03,6.468147262239654083e-07
8.648000000000000000e+03,6.467186608460906427e-07
8.649000000000000000e+03,6.466497666224313434e-07
8.650000000000000000e+03,6.465161277446895838e-07
8.651000000000000000e+03,6.463541240009362809e-07
8.652000000000000000e+03,6.462462351919384673e-07
8.653000000000000000e+03,6.459928272306569852e-07
8.654000000000000000e+03,6.457281074290222023e-07
8.655000000000000000e+03,6.456315873037965503e-07
8.656000000000000000e+03,6.454519052567775361e-07
8.657000000000000000e+03,6.453520313698390964e-07
8.658000000000000000e+03,6.452196430473122746e-07
8.659000000000000000e+03,6.450641194533091038e-07
8.660000000000000000e+03,6.448568115047237370e-07
8.661000000000000000e+03,6.446392148973245639e-07
8.662000000000000000e+03,6.445245617214823142e-07
8.663000000000000000e+03,6.443662527999549638e-07
8.664000000000000000e+03,6.442438120757287834e-07
8.665000000000000000e+03,6.441279083446715958e-07
8.666000000000000000e+03,6.439360049625975080e-07
8.667000000000000000e+03,6.436104058593627997e-07
8.668000000000000000e+03,6.433145927076111548e-07
8.669000000000000000e+03,6.430840358007117175e-07
8.670000000000000000e+03,6.429191898860153742e-07
8.671000000000000000e+03,6.427571861422620714e-07
8.672000000000000000e+03,6.426505478884791955e-07
8.673000000000000000e+03,6.424747880373615772e-07
8.674000000000000000e+03,6.423373406505561434e-07
8.675000000000000000e+03,6.422186515919747762e-07
8.676000000000000000e+03,6.421387865884753410e-07
8.677000000000000000e+03,6.419865599127660971e-07
8.678000000000000000e+03,6.418223392756772228e-07
8.679000000000000000e+03,6.417001827685453463e-07
8.680000000000000000e+03,6.415799589376547374e-07
8.681000000000000000e+03,6.414538802346214652e-07
8.682000000000000000e+03,6.413270625671430025e-07
8.683000000000000000e+03,6.412018933588115033e-07
8.684000000000000000e+03,6.410005539692065213e-07
8.685000000000000000e+03,6.407689738807675894e-07
8.686000000000000000e+03,6.405519457075570244e-07
8.687000000000000000e+03,6.403951715583389159e-07
8.688000000000000000e+03,6.402357257684343494e-07
8.689000000000000000e+03,6.400841243703325745e-07
8.690000000000000000e+03,6.399268386303447187e-07
8.691000000000000000e+03,6.397588094841921702e-07
8.692000000000000000e+03,6.396317644430382643e-07
8.693000000000000000e+03,6.395308105311414693e-07
8.694000000000000000e+03,6.394591878233768512e-07
8.695000000000000000e+03,6.393192393261415418e-07
8.696000000000000000e+03,6.391548481587960850e-07
8.697000000000000000e+03,6.391416036422015168e-07
8.698000000000000000e+03,6.390247335730236955e-07
8.699000000000000000e+03,6.388932547451986466e-07
8.700000000000000000e+03,6.387429039023118094e-07
8.701000000000000000e+03,6.385068900272017345e-07
8.702000000000000000e+03,6.381982871062064078e-07
8.703000000000000000e+03,6.397327183549350593e-07
8.704000000000000000e+03,6.381374078046064824e-07
8.705000000000000000e+03,6.379306114467908628e-07
8.706000000000000000e+03,6.377702561621845234e-07
8.707000000000000000e+03,6.374995678015693557e-07
8.708000000000000000e+03,6.372633833962026983e-07
8.709000000000000000e+03,6.370906930897035636e-07
8.710000000000000000e+03,6.371717518049990758e-07
8.711000000000000000e+03,6.369436960085295141e-07
8.712000000000000000e+03,6.368317144733737223e-07
8.713000000000000000e+03,6.366930165313533507e-07
8.714000000000000000e+03,6.365555123011290561e-07
8.715000000000000000e+03,6.364355726873327512e-07
8.716000000000000000e+03,6.362431008710700553e-07
8.717000000000000000e+03,6.361521514008927625e-07
8.718000000000000000e+03,6.360663178384129424e-07
8.719000000000000000e+03,6.359342137329804245e-07
8.720000000000000000e+03,6.358920359161857050e-07
8.721000000000000000e+03,6.357407755785970949e-07
8.722000000000000000e+03,6.355207347041869070e-07
8.723000000000000000e+03,6.351589263431378640e-07
8.724000000000000000e+03,6.359668418554065283e-07
8.725000000000000000e+03,6.350695116452698130e-07
8.726000000000000000e+03,6.349098953251086641e-07
8.727000000000000000e+03,6.347133876261068508e-07
8.728000000000000000e+03,6.343757945614925120e-07
8.729000000000000000e+03,6.343221343740879092e-07
8.730000000000000000e+03,6.339559490697865840e-07
8.731000000000000000e+03,6.338382831927447114e-07
8.732000000000000000e+03,6.336376827675849199e-07
8.733000000000000000e+03,6.335050102279637940e-07
8.734000000000000000e+03,6.331729878183978144e-07
8.735000000000000000e+03,6.330017185973701999e-07
8.736000000000000000e+03,6.327938422145962249e-07
8.737000000000000000e+03,6.327010737550153863e-07
8.738000000000000000e+03,6.323822958620439749e-07
8.739000000000000000e+03,6.321669161479803734e-07
8.740000000000000000e+03,6.319219210126902908e-07
8.741000000000000000e+03,6.316575422715686727e-07
8.742000000000000000e+03,6.314486995506740641e-07
8.743000000000000000e+03,6.312217806225817185e-07
8.744000000000000000e+03,6.309782065727631561e-07
8.745000000000000000e+03,6.307556077445042320e-07
8.746000000000000000e+03,6.305113515736593399e-07
8.747000000000000000e+03,6.302411179603950586e-07
8.748000000000000000e+03,6.301823987087118439e-07
8.749000000000000000e+03,6.299296160250378307e-07
8.750000000000000000e+03,6.298620292000123300e-07
8.751000000000000000e+03,6.297998424997786060e-07
8.752000000000000000e+03,6.296450578702206258e-07
8.753000000000000000e+03,6.294897048064740375e-07
8.754000000000000000e+03,6.293253704825474415e-07
8.755000000000000000e+03,6.291813292591541540e-07
8.756000000000000000e+03,6.290595706559543032e-07
8.757000000000000000e+03,6.287528435677813832e-07
8.758000000000000000e+03,6.287637006607837975e-07
8.759000000000000000e+03,6.285956146712123882e-07
8.760000000000000000e+03,6.284170126491517294e-07
8.761000000000000000e+03,6.282377285060647409e-07
8.762000000000000000e+03,6.280239404077292420e-07
8.763000000000000000e+03,6.278323212427494582e-07
8.764000000000000000e+03,6.275307669056928717e-07
8.765000000000000000e+03,6.274285624385811388e-07
8.766000000000000000e+03,6.273096460063243285e-07
8.767000000000000000e+03,6.271865800044906791e-07
8.768000000000000000e+03,6.271172878768993542e-07
8.769000000000000000e+03,6.270049084378115367e-07
8.770000000000000000e+03,6.268518291108193807e-07
8.771000000000000000e+03,6.266241712182818446e-07
8.772000000000000000e+03,6.264410217227123212e-07
8.773000000000000000e+03,6.262687293201452121e-07
8.774000000000000000e+03,6.262313831939536612e-07
8.775000000000000000e+03,6.260853524509002455e-07
8.776000000000000000e+03,6.258809435166767798e-07
8.777000000000000000e+03,6.257089921746228356e-07
8.778000000000000000e+03,6.255016273826186080e-07
8.779000000000000000e+03,6.253620767893153243e-07
8.780000000000000000e+03,6.251418085412296932e-07
8.781000000000000000e+03,6.249632633625878952e-07
8.782000000000000000e+03,6.247578312468249351e-07
8.783000000000000000e+03,6.246527846087701619e-07
8.784000000000000000e+03,6.245321628739475273e-07
8.785000000000000000e+03,6.244554811019042972e-07
8.786000000000000000e+03,6.243234906833095010e-07
8.787000000000000000e+03,6.241610321922053117e-07
8.788000000000000000e+03,6.246843895496567711e-07
8.789000000000000000e+03,6.240575771698786411e-07
8.790000000000000000e+03,6.238207106434856541e-07
8.791000000000000000e+03,6.234608349586778786e-07
8.792000000000000000e+03,6.231061320249864366e-07
8.793000000000000000e+03,6.230308144949958660e-07
8.794000000000000000e+03,6.227026005944935605e-07
8.795000000000000000e+03,6.225765787348791491e-07
8.796000000000000000e+03,6.223847890396427829e-07
8.797000000000000000e+03,6.222196589078521356e-07
8.798000000000000000e+03,6.221071089385077357e-07
8.799000000000000000e+03,6.219181045707955491e-07
8.800000000000000000e+03,6.216807264536328148e-07
8.801000000000000000e+03,6.215360031092131976e-07
8.802000000000000000e+03,6.213458050297049340e-07
8.803000000000000000e+03,6.212044354469981045e-07
8.804000000000000000e+03,6.209845651028444991e-07
8.805000000000000000e+03,6.208366585269686766e-07
8.806000000000000000e+03,6.206560101418290287e-07
8.807000000000000000e+03,6.205690965543908533e-07
8.808000000000000000e+03,6.205559657246340066e-07
8.809000000000000000e+03,6.204610940585553180e-07
8.810000000000000000e+03,6.202756708262313623e-07
8.811000000000000000e+03,6.201633482305624057e-07
8.812000000000000000e+03,6.200542657097685151e-07
8.813000000000000000e+03,6.199500148795777932e-07
8.814000000000000000e+03,6.197687980602495372e-07
8.815000000000000000e+03,6.196291337801085319e-07
8.816000000000000000e+03,6.194604225129296537e-07
8.817000000000000000e+03,6.192226464918348938e-07
8.818000000000000000e+03,6.189969212755386252e-07
8.819000000000000000e+03,6.200538678058364894e-07
8.820000000000000000e+03,6.189118835209228564e-07
8.821000000000000000e+03,6.188247425598092377e-07
8.822000000000000000e+03,6.186782002259860747e-07
8.823000000000000000e+03,6.185582037687709089e-07
8.824000000000000000e+03,6.184214953464106657e-07
8.825000000000000000e+03,6.182305583024572115e-07
8.826000000000000000e+03,6.181031722007901408e-07
8.827000000000000000e+03,6.180604259498068132e-07
8.828000000000000000e+03,6.178724447636341210e-07
8.829000000000000000e+03,6.178010494295449462e-07
8.830000000000000000e+03,6.177299383125500754e-07
8.831000000000000000e+03,6.176168199090170674e-07
8.832000000000000000e+03,6.174213922349736094e-07
8.833000000000000000e+03,6.171592303871875629e-07
8.834000000000000000e+03,6.170752726575301494e-07
8.835000000000000000e+03,6.167776405163749587e-07
8.836000000000000000e+03,6.166500838844513055e-07
8.837000000000000000e+03,6.164758588056429289e-07
8.838000000000000000e+03,6.163264743008767255e-07
8.839000000000000000e+03,6.162375143503595609e-07
8.840000000000000000e+03,6.161305350360635202e-07
8.841000000000000000e+03,6.159819463391613681e-07
8.842000000000000000e+03,6.157998200251313392e-07
8.843000000000000000e+03,6.155187861622835044e-07
8.844000000000000000e+03,6.152496894173964392e-07
8.845000000000000000e+03,6.150861509013338946e-07
8.846000000000000000e+03,6.148381430648441892e-07
8.847000000000000000e+03,6.147510589471494313e-07
8.848000000000000000e+03,6.146179885035962798e-07
8.849000000000000000e+03,6.145842235127929598e-07
8.850000000000000000e+03,6.143303608041605912e-07
8.851000000000000000e+03,6.142230972727702465e-07
8.852000000000000000e+03,6.140926984699035529e-07
8.853000000000000000e+03,6.139629249446443282e-07
8.854000000000000000e+03,6.138141088740667328e-07
8.855000000000000000e+03,6.133770398264459800e-07
8.856000000000000000e+03,6.132975158834597096e-07
8.857000000000000000e+03,6.131002123765938450e-07
8.858000000000000000e+03,6.133746524028538261e-07
8.859000000000000000e+03,6.130378551461035386e-07
8.860000000000000000e+03,6.129382086328405421e-07
8.861000000000000000e+03,6.128357767920533661e-07
8.862000000000000000e+03,6.127717711024160963e-07
8.863000000000000000e+03,6.126934408712259028e-07
8.864000000000000000e+03,6.125563913883524947e-07
8.865000000000000000e+03,6.125569598225411028e-07
8.866000000000000000e+03,6.124657829786883667e-07
8.867000000000000000e+03,6.123308367023128085e-07
8.868000000000000000e+03,6.122063496150076389e-07
8.869000000000000000e+03,6.120832836131739896e-07
8.870000000000000000e+03,6.118613100625225343e-07
8.871000000000000000e+03,6.116844701864465605e-07
8.872000000000000000e+03,6.114709094617865048e-07
8.873000000000000000e+03,6.114466373219329398e-07
8.874000000000000000e+03,6.113415338404593058e-07
8.875000000000000000e+03,6.112093160481890664e-07
8.876000000000000000e+03,6.110496997280279174e-07
8.877000000000000000e+03,6.108708134888729546e-07
8.878000000000000000e+03,6.107115382292249706e-07
8.879000000000000000e+03,6.105389616095635574e-07
8.880000000000000000e+03,6.104120870986662339e-07
8.881000000000000000e+03,6.103376790633774363e-07
8.882000000000000000e+03,6.101647613832028583e-07
8.883000000000000000e+03,6.104449994381866418e-07
8.884000000000000000e+03,6.100992777646752074e-07
8.885000000000000000e+03,6.100290192989632487e-07
8.886000000000000000e+03,6.098663902776024770e-07
8.887000000000000000e+03,6.097701543694711290e-07
8.888000000000000000e+03,6.096169045122223906e-07
8.889000000000000000e+03,6.094177251725341193e-07
8.890000000000000000e+03,6.092264470680675004e-07
8.891000000000000000e+03,6.090714350648340769e-07
8.892000000000000000e+03,6.089540534048865084e-07
8.893000000000000000e+03,6.087844326430058572e-07
8.894000000000000000e+03,6.085047630222106818e-07
8.895000000000000000e+03,6.084268875383713748e-07
8.896000000000000000e+03,6.081227184040471911e-07
8.897000000000000000e+03,6.080568937250063755e-07
8.898000000000000000e+03,6.079088166188739706e-07
8.899000000000000000e+03,6.077228817957802676e-07
8.900000000000000000e+03,6.076307954572257586e-07
8.901000000000000000e+03,6.074055818316992372e-07
8.902000000000000000e+03,6.073200893297325820e-07
8.903000000000000000e+03,6.072087899156031199e-07
8.904000000000000000e+03,6.071273901397944428e-07
8.905000000000000000e+03,6.069546998332953081e-07
8.906000000000000000e+03,6.068650577617518138e-07
8.907000000000000000e+03,6.066795776860089973e-07
8.908000000000000000e+03,6.066068749532860238e-07
8.909000000000000000e+03,6.064651643100660294e-07
8.910000000000000000e+03,6.063220325813745148e-07
8.911000000000000000e+03,6.061844715077313595e-07
8.912000000000000000e+03,6.061014801161945798e-07
8.913000000000000000e+03,6.059595420992991421e-07
8.914000000000000000e+03,6.059082124920678325e-07
8.915000000000000000e+03,6.057809400772384834e-07
8.916000000000000000e+03,6.057243240320531186e-07
8.917000000000000000e+03,6.056330335013626609e-07
8.918000000000000000e+03,6.055503831703390460e-07
8.919000000000000000e+03,6.054785899323178455e-07
8.920000000000000000e+03,6.054141294953296892e-07
8.921000000000000000e+03,6.053346623957622796e-07
8.922000000000000000e+03,6.052079015717026778e-07
8.923000000000000000e+03,6.050898377907287795e-07
8.924000000000000000e+03,6.050010483704681974e-07
8.925000000000000000e+03,6.048240948075545020e-07
8.926000000000000000e+03,6.050561296433443204e-07
8.927000000000000000e+03,6.047864644642686471e-07
8.928000000000000000e+03,6.046561793482396752e-07
8.929000000000000000e+03,6.045382292541034985e-07
8.930000000000000000e+03,6.043982807568681892e-07
8.931000000000000000e+03,6.042737368261441588e-07
8.932000000000000000e+03,6.041198048478690907e-07
8.933000000000000000e+03,6.040587550160125829e-07
8.934000000000000000e+03,6.040075959390378557e-07
8.935000000000000000e+03,6.039470008545322344e-07
8.936000000000000000e+03,6.037956836735247634e-07
8.937000000000000000e+03,6.039782647349056788e-07
8.938000000000000000e+03,6.037397497493657283e-07
8.939000000000000000e+03,6.035889441591280047e-07
8.940000000000000000e+03,6.034372290741885081e-07
8.941000000000000000e+03,6.033292265783529729e-07
8.942000000000000000e+03,6.032063879501947667e-07
8.943000000000000000e+03,6.030311396898468956e-07
8.944000000000000000e+03,6.028932375556905754e-07
8.945000000000000000e+03,6.027482868375955150e-07
8.946000000000000000e+03,6.025614425198000390e-07
8.947000000000000000e+03,6.024117169545206707e-07
8.948000000000000000e+03,6.021792273713799659e-07
8.949000000000000000e+03,6.019959073455538601e-07
8.950000000000000000e+03,6.018944986863061786e-07
8.951000000000000000e+03,6.017452847117965575e-07
8.952000000000000000e+03,6.015626468069967814e-07
8.953000000000000000e+03,6.012685389578109607e-07
8.954000000000000000e+03,6.011338768985297065e-07
8.955000000000000000e+03,6.008425543768680654e-07
8.956000000000000000e+03,6.006788453305489384e-07
8.957000000000000000e+03,6.005460022606712300e-07
8.958000000000000000e+03,6.003662065268144943e-07
8.959000000000000000e+03,6.001347401252132840e-07
8.960000000000000000e+03,6.000555572427401785e-07
8.961000000000000000e+03,5.999648919896571897e-07
8.962000000000000000e+03,5.998921324135153554e-07
8.963000000000000000e+03,5.997624157316749915e-07
8.964000000000000000e+03,5.997001153446035460e-07
8.965000000000000000e+03,5.994722300783905666e-07
8.966000000000000000e+03,5.993395006953505799e-07
8.967000000000000000e+03,5.991892635393014643e-07
8.968000000000000000e+03,5.990638669572945219e-07
8.969000000000000000e+03,5.988545694890490267e-07
8.970000000000000000e+03,5.988035240989120211e-07
8.971000000000000000e+03,5.987210442981449887e-07
8.972000000000000000e+03,5.986856308481947053e-07
8.973000000000000000e+03,5.986075848340988159e-07
8.974000000000000000e+03,5.984831545902125072e-07
8.975000000000000000e+03,5.983293931421940215e-07
8.976000000000000000e+03,5.982126367598539218e-07
8.977000000000000000e+03,5.981207777949748561e-07
8.978000000000000000e+03,5.980376158731814940e-07
8.979000000000000000e+03,5.979782713438908104e-07
8.980000000000000000e+03,5.978524200145329814e-07
8.981000000000000000e+03,5.977365162834757939e-07
8.982000000000000000e+03,5.975656449663802050e-07
8.983000000000000000e+03,5.974013106424536090e-07
8.984000000000000000e+03,5.973308248030662071e-07
8.985000000000000000e+03,5.972504482087970246e-07
8.986000000000000000e+03,5.971251084702089429e-07
8.987000000000000000e+03,5.969492917756724637e-07
8.988000000000000000e+03,5.967896754555113148e-07
8.989000000000000000e+03,5.966339813312515616e-07
8.990000000000000000e+03,5.970786673969996627e-07
8.991000000000000000e+03,5.966181220173893962e-07
8.992000000000000000e+03,5.964674301139893942e-07
8.993000000000000000e+03,5.963751164017594419e-07
8.994000000000000000e+03,5.962581894891627599e-07
8.995000000000000000e+03,5.961575766377791297e-07
8.996000000000000000e+03,5.959494728813297115e-07
8.997000000000000000e+03,5.966702474324847572e-07
8.998000000000000000e+03,5.958946189821290318e-07
8.999000000000000000e+03,5.957132884759630542e-07
9.000000000000000000e+03,5.956434847576019820e-07
9.001000000000000000e+03,5.955399728918564506e-07
9.002000000000000000e+03,5.953577328909887001e-07
9.003000000000000000e+03,5.953537538516684435e-07
9.004000000000000000e+03,5.952171022727270611e-07
9.005000000000000000e+03,5.950367381046817172e-07
9.006000000000000000e+03,5.949274850536312442e-07
9.007000000000000000e+03,5.948381271991820540e-07
9.008000000000000000e+03,5.946160399616928771e-07
9.009000000000000000e+03,5.944370968791190535e-07
9.010000000000000000e+03,5.942230245636892505e-07
9.011000000000000000e+03,5.941864174019428901e-07
9.012000000000000000e+03,5.940023584116715938e-07
9.013000000000000000e+03,5.938765639257326256e-07
9.014000000000000000e+03,5.937612854722829070e-07
9.015000000000000000e+03,5.937064884165010881e-07
9.016000000000000000e+03,5.935490889896755107e-07
9.017000000000000000e+03,5.934016940045694355e-07
9.018000000000000000e+03,5.932561180088669062e-07
9.019000000000000000e+03,5.931401005909719970e-07
9.020000000000000000e+03,5.930720021751767490e-07
9.021000000000000000e+03,5.929485951128299348e-07
9.022000000000000000e+03,5.927691404394863639e-07
9.023000000000000000e+03,5.927846018494165037e-07
9.024000000000000000e+03,5.926630706198920961e-07
9.025000000000000000e+03,5.925577397647430189e-07
9.026000000000000000e+03,5.925089681113604456e-07
9.027000000000000000e+03,5.924404149482143112e-07
9.028000000000000000e+03,5.923045023337181192e-07
9.029000000000000000e+03,5.920912258261523675e-07
9.030000000000000000e+03,5.919297336731688119e-07
9.031000000000000000e+03,5.918176952945941593e-07
9.032000000000000000e+03,5.917020757806312758e-07
9.033000000000000000e+03,5.916327268096210901e-07
9.034000000000000000e+03,5.915741212447755970e-07
9.035000000000000000e+03,5.914345138080534525e-07
9.036000000000000000e+03,5.917605676586390473e-07
9.037000000000000000e+03,5.913751124353439081e-07
9.038000000000000000e+03,5.912099254601344001e-07
9.039000000000000000e+03,5.910999902880575974e-07
9.040000000000000000e+03,5.910228537686634809e-07
9.041000000000000000e+03,5.909137144044507295e-07
9.042000000000000000e+03,5.908050297875888646e-07
9.043000000000000000e+03,5.910332561143150087e-07
9.044000000000000000e+03,5.907618287892546505e-07
9.045000000000000000e+03,5.906750288886541966e-07
9.046000000000000000e+03,5.906038040848216042e-07
9.047000000000000000e+03,5.905129114580631722e-07
9.048000000000000000e+03,5.903665396544965915e-07
9.049000000000000000e+03,5.902728617002139799e-07
9.050000000000000000e+03,5.900741939512954559e-07
9.051000000000000000e+03,5.899784696339338552e-07
9.052000000000000000e+03,5.899206030335335527e-07
9.053000000000000000e+03,5.898313020225032233e-07
9.054000000000000000e+03,5.897658184039755724e-07
9.055000000000000000e+03,5.895519734622212127e-07
9.056000000000000000e+03,5.893869570172682870e-07
9.057000000000000000e+03,5.891982368666504044e-07
9.058000000000000000e+03,5.891224645893089473e-07
9.059000000000000000e+03,5.890440206712810323e-07
9.060000000000000000e+03,5.889125418434559833e-07
9.061000000000000000e+03,5.888016971766774077e-07
9.062000000000000000e+03,5.886097369511844590e-07
9.063000000000000000e+03,5.885329983357223682e-07
9.064000000000000000e+03,5.884197094019327778e-07
9.065000000000000000e+03,5.883488825020322111e-07
9.066000000000000000e+03,5.882193363504484296e-07
9.067000000000000000e+03,5.881322522327536717e-07
9.068000000000000000e+03,5.883039762011321727e-07
9.069000000000000000e+03,5.880917228751059156e-07
9.070000000000000000e+03,5.880106073163915426e-07
9.071000000000000000e+03,5.878715114704391453e-07
9.072000000000000000e+03,5.876303816876315977e-07
9.073000000000000000e+03,5.874851467524422333e-07
9.074000000000000000e+03,5.873461077499086969e-07
9.075000000000000000e+03,5.872503834325470962e-07
9.076000000000000000e+03,5.871276584912266117e-07
9.077000000000000000e+03,5.869680990144843236e-07
9.078000000000000000e+03,5.867558456884580664e-07
9.079000000000000000e+03,5.865160233042843174e-07
9.080000000000000000e+03,5.863748242518340703e-07
9.081000000000000000e+03,5.861703584741917439e-07
9.082000000000000000e+03,5.860132432644604705e-07
9.083000000000000000e+03,5.858405529579613358e-07
9.084000000000000000e+03,5.856161919837177265e-07
9.085000000000000000e+03,5.853730726812500507e-07
9.086000000000000000e+03,5.857932592334691435e-07
9.087000000000000000e+03,5.852771209902130067e-07
9.088000000000000000e+03,5.851644004906120244e-07
9.089000000000000000e+03,5.850154138897778466e-07
9.090000000000000000e+03,5.848358455295965541e-07
9.091000000000000000e+03,5.846528665642836131e-07
9.092000000000000000e+03,5.843959911544516217e-07
9.093000000000000000e+03,5.842772452524513938e-07
9.094000000000000000e+03,5.841204711032332852e-07
9.095000000000000000e+03,5.840554422320565209e-07
9.096000000000000000e+03,5.839270329488499556e-07
9.097000000000000000e+03,5.838457468598790001e-07
9.098000000000000000e+03,5.837080720993981231e-07
9.099000000000000000e+03,5.835643719365180004e-07
9.100000000000000000e+03,5.835055389979970641e-07
9.101000000000000000e+03,5.832970373376156203e-07
9.102000000000000000e+03,5.830190161759674083e-07
9.103000000000000000e+03,5.828503049087885302e-07
9.104000000000000000e+03,5.827453719575714786e-07
9.105000000000000000e+03,5.825847324558708351e-07
9.106000000000000000e+03,5.824541631227475591e-07
9.107000000000000000e+03,5.822993216497707181e-07
9.108000000000000000e+03,5.822026309942884836e-07
9.109000000000000000e+03,5.821087256663304288e-07
9.110000000000000000e+03,5.820099318043503445e-07
9.111000000000000000e+03,5.818287718284409493e-07
9.112000000000000000e+03,5.816717703055473976e-07
9.113000000000000000e+03,5.814852102048462257e-07
9.114000000000000000e+03,5.813010943711560685e-07
9.115000000000000000e+03,5.813664074594271369e-07
9.116000000000000000e+03,5.811422170154401101e-07
9.117000000000000000e+03,5.809114327348652296e-07
9.118000000000000000e+03,5.807258389722846914e-07
9.119000000000000000e+03,5.805893579235998914e-07
9.120000000000000000e+03,5.804056968372606207e-07
9.121000000000000000e+03,5.802157829748466611e-07
9.122000000000000000e+03,5.800883400297607295e-07
9.123000000000000000e+03,5.799183782073669136e-07
9.124000000000000000e+03,5.798493134534510318e-07
9.125000000000000000e+03,5.797069775326235685e-07
9.126000000000000000e+03,5.795507718175940681e-07
9.127000000000000000e+03,5.794115622848039493e-07
9.128000000000000000e+03,5.792562660644762218e-07
9.129000000000000000e+03,5.791645207864348777e-07
9.130000000000000000e+03,5.790519139736716170e-07
9.131000000000000000e+03,5.788961630059930030e-07
9.132000000000000000e+03,5.786856149825325701e-07
9.133000000000000000e+03,5.784418704024574254e-07
9.134000000000000000e+03,5.782156904388102703e-07
9.135000000000000000e+03,5.780103720098850317e-07
9.136000000000000000e+03,5.779600087407743558e-07
9.137000000000000000e+03,5.777680485152814072e-07
9.138000000000000000e+03,5.776591933681629598e-07
9.139000000000000000e+03,5.774767828370386269e-07
9.140000000000000000e+03,5.774021474280743860e-07
9.141000000000000000e+03,5.772265581072133500e-07
9.142000000000000000e+03,5.771258884124108590e-07
9.143000000000000000e+03,5.770084499090444297e-07
9.144000000000000000e+03,5.768297342001460493e-07
9.145000000000000000e+03,5.765661512668884825e-07
9.146000000000000000e+03,5.768097821601259056e-07
9.147000000000000000e+03,5.764717911915795412e-07
9.148000000000000000e+03,5.763499757449608296e-07
9.149000000000000000e+03,5.762354362559563015e-07
9.150000000000000000e+03,5.761191346209670883e-07
9.151000000000000000e+03,5.759318923992395867e-07
9.152000000000000000e+03,5.758836323366267607e-07
9.153000000000000000e+03,5.757407848250295501e-07
9.154000000000000000e+03,5.756689915870083496e-07
9.155000000000000000e+03,5.755413212682469748e-07
9.156000000000000000e+03,5.754486664955038577e-07
9.157000000000000000e+03,5.752140168624464422e-07
9.158000000000000000e+03,5.750845275542815216e-07
9.159000000000000000e+03,5.749249112341203727e-07
9.160000000000000000e+03,5.748185571974318009e-07
9.161000000000000000e+03,5.747631348640425131e-07
9.162000000000000000e+03,5.746605324929987546e-07
9.163000000000000000e+03,5.745986868532781955e-07
9.164000000000000000e+03,5.743369797528430354e-07
9.165000000000000000e+03,5.742445523537753616e-07
9.166000000000000000e+03,5.741597419728350360e-07
9.167000000000000000e+03,5.741285917792993132e-07
9.168000000000000000e+03,5.740582196267496329e-07
9.169000000000000000e+03,5.739835273743665311e-07
9.170000000000000000e+03,5.738650656894606072e-07
9.171000000000000000e+03,5.746229021497128997e-07
9.172000000000000000e+03,5.737787773796299007e-07
9.173000000000000000e+03,5.736129082833940629e-07
9.174000000000000000e+03,5.735357149205810856e-07
9.175000000000000000e+03,5.734338515139825176e-07
9.176000000000000000e+03,5.733227226301096380e-07
9.177000000000000000e+03,5.732613885811588261e-07
9.178000000000000000e+03,5.731413921239436604e-07
9.179000000000000000e+03,5.730382213187112939e-07
9.180000000000000000e+03,5.729101530960178934e-07
9.181000000000000000e+03,5.727848702008486725e-07
9.182000000000000000e+03,5.731935743824578822e-07
9.183000000000000000e+03,5.727076768380356953e-07
9.184000000000000000e+03,5.725483447349688504e-07
9.185000000000000000e+03,5.723702543036779389e-07
9.186000000000000000e+03,5.725008236368012149e-07
9.187000000000000000e+03,5.722447440348332748e-07
9.188000000000000000e+03,5.721269076275348198e-07
9.189000000000000000e+03,5.719833779949112795e-07
9.190000000000000000e+03,5.718043212254997343e-07
9.191000000000000000e+03,5.716166242564213462e-07
9.192000000000000000e+03,5.721971660932467785e-07
9.193000000000000000e+03,5.715483553103695158e-07
9.194000000000000000e+03,5.714305757464899216e-07
9.195000000000000000e+03,5.713359314540866762e-07
9.196000000000000000e+03,5.711891617465880699e-07
9.197000000000000000e+03,5.709357537853065878e-07
9.198000000000000000e+03,5.707706804969348013e-07
9.199000000000000000e+03,5.706485239898029249e-07
9.200000000000000000e+03,5.705763328478496987e-07
9.201000000000000000e+03,5.703786882804706693e-07
9.202000000000000000e+03,5.701977556782367174e-07
9.203000000000000000e+03,5.704206955670088064e-07
9.204000000000000000e+03,5.701269856217550114e-07
9.205000000000000000e+03,5.699708367501443718e-07
9.206000000000000000e+03,5.698846621271513868e-07
9.207000000000000000e+03,5.697829692508094013e-07
9.208000000000000000e+03,5.696720677406119648e-07
9.209000000000000000e+03,5.694821538781980053e-07
9.210000000000000000e+03,5.693364641956577543e-07
9.211000000000000000e+03,5.691943556485057343e-07
9.212000000000000000e+03,5.691034061783284415e-07
9.213000000000000000e+03,5.689700515176809859e-07
9.214000000000000000e+03,5.688512487722618971e-07
9.215000000000000000e+03,5.686819690708944108e-07
9.216000000000000000e+03,5.685015480594302062e-07
9.217000000000000000e+03,5.683995709659939166e-07
9.218000000000000000e+03,5.682790629180090036e-07
9.219000000000000000e+03,5.681641823684913106e-07
9.220000000000000000e+03,5.680937533725227695e-07
9.221000000000000000e+03,5.679595460605924018e-07
9.222000000000000000e+03,5.678836600964132231e-07
9.223000000000000000e+03,5.677238164025766309e-07
9.224000000000000000e+03,5.676261025655549020e-07
9.225000000000000000e+03,5.675537977367639542e-07
9.226000000000000000e+03,5.674525027643539943e-07
9.227000000000000000e+03,5.672840188708505593e-07
9.228000000000000000e+03,5.671968779097369406e-07
9.229000000000000000e+03,5.670560767612187192e-07
9.230000000000000000e+03,5.668971425620839000e-07
9.231000000000000000e+03,5.666988727170974016e-07
9.232000000000000000e+03,5.665883691108319908e-07
9.233000000000000000e+03,5.665139042321243323e-07
9.234000000000000000e+03,5.664271611749427393e-07
9.235000000000000000e+03,5.663260935762082227e-07
9.236000000000000000e+03,5.661586897076631431e-07
9.237000000000000000e+03,5.660056103806709871e-07
9.238000000000000000e+03,5.658652639795036521e-07
9.239000000000000000e+03,5.657374799739045557e-07
9.240000000000000000e+03,5.656333996739704162e-07
9.241000000000000000e+03,5.655593326991947833e-07
9.242000000000000000e+03,5.654717938341491390e-07
9.243000000000000000e+03,5.653048447129549459e-07
9.244000000000000000e+03,5.651411356666358188e-07
9.245000000000000000e+03,5.650584853356122039e-07
9.246000000000000000e+03,5.649536660712328739e-07
9.247000000000000000e+03,5.648728347296128049e-07
9.248000000000000000e+03,5.647372063322109170e-07
9.249000000000000000e+03,5.650691718983580358e-07
9.250000000000000000e+03,5.647056013913243078e-07
9.251000000000000000e+03,5.646605814035865478e-07
9.252000000000000000e+03,5.645348437610664405e-07
9.253000000000000000e+03,5.644517955261108000e-07
9.254000000000000000e+03,5.643599365612317342e-07
9.255000000000000000e+03,5.642319820253760554e-07
9.256000000000000000e+03,5.640586095978505909e-07
9.257000000000000000e+03,5.640962399411364459e-07
9.258000000000000000e+03,5.639819278258073609e-07
9.259000000000000000e+03,5.639171831717249006e-07
9.260000000000000000e+03,5.638426046061795205e-07
9.261000000000000000e+03,5.637737103825202212e-07
9.262000000000000000e+03,5.636343871628923807e-07
9.263000000000000000e+03,5.634645390273362864e-07
9.264000000000000000e+03,5.633286832562589552e-07
9.265000000000000000e+03,5.632110742226359434e-07
9.266000000000000000e+03,5.631332555822154973e-07
9.267000000000000000e+03,5.630397481581894681e-07
9.268000000000000000e+03,5.629282213703845628e-07
9.269000000000000000e+03,5.628434678328630980e-07
9.270000000000000000e+03,5.627672976515896153e-07
9.271000000000000000e+03,5.626879442388599273e-07
9.272000000000000000e+03,5.625557832900085486e-07
9.273000000000000000e+03,5.624754635391582269e-07
9.274000000000000000e+03,5.623963943435228430e-07
9.275000000000000000e+03,5.622964636131655425e-07
9.276000000000000000e+03,5.621734544547507539e-07
9.277000000000000000e+03,5.621193963634141255e-07
9.278000000000000000e+03,5.620283332063991111e-07
9.279000000000000000e+03,5.619478429252922069e-07
9.280000000000000000e+03,5.618958880404534284e-07
9.281000000000000000e+03,5.617999931928352453e-07
9.282000000000000000e+03,5.616875569103285670e-07
9.283000000000000000e+03,5.615826808025303762e-07
9.284000000000000000e+03,5.614895144390175119e-07
9.285000000000000000e+03,5.613620146505127195e-07
9.286000000000000000e+03,5.612083668893319555e-07
9.287000000000000000e+03,5.609987852039921563e-07
9.288000000000000000e+03,5.608146125268831383e-07
9.289000000000000000e+03,5.609990125776675995e-07
9.290000000000000000e+03,5.607366233562061097e-07
9.291000000000000000e+03,5.606284503301139921e-07
9.292000000000000000e+03,5.605622277471411508e-07
9.293000000000000000e+03,5.604570674222486559e-07
9.294000000000000000e+03,5.602807959803612903e-07
9.295000000000000000e+03,5.601430075330426916e-07
9.296000000000000000e+03,5.600576287179137580e-07
9.297000000000000000e+03,5.599563905889226589e-07
9.298000000000000000e+03,5.598132588602311444e-07
9.299000000000000000e+03,5.597181598204770125e-07
9.300000000000000000e+03,5.594983463197422680e-07
9.301000000000000000e+03,5.593432206296711229e-07
9.302000000000000000e+03,5.592742695625929628e-07
9.303000000000000000e+03,5.591671197180403396e-07
9.304000000000000000e+03,5.593751666310708970e-07
9.305000000000000000e+03,5.591006697613920551e-07
9.306000000000000000e+03,5.590241585196054075e-07
9.307000000000000000e+03,5.589618012891151011e-07
9.308000000000000000e+03,5.588620979324332438e-07
9.309000000000000000e+03,5.587601776824158151e-07
9.310000000000000000e+03,5.585910685113049112e-07
9.311000000000000000e+03,5.585247322414943483e-07
9.312000000000000000e+03,5.584232098954089452e-07
9.313000000000000000e+03,5.583437996392603964e-07
9.314000000000000000e+03,5.582337507803458720e-07
9.315000000000000000e+03,5.581699156209651846e-07
9.316000000000000000e+03,5.580899369306280278e-07
9.317000000000000000e+03,5.580316155828768387e-07
9.318000000000000000e+03,5.579474304795439821e-07
9.319000000000000000e+03,5.578902460001700092e-07
9.320000000000000000e+03,5.578317541221622378e-07
9.321000000000000000e+03,5.577516049015684985e-07
9.322000000000000000e+03,5.576746389124309644e-07
9.323000000000000000e+03,5.576282546826405451e-07
9.324000000000000000e+03,5.575556087933364324e-07
9.325000000000000000e+03,5.575000159296905622e-07
9.326000000000000000e+03,5.574821102527494077e-07
9.327000000000000000e+03,5.574306669586803764e-07
9.328000000000000000e+03,5.573809858105960302e-07
9.329000000000000000e+03,5.572522923102951609e-07
9.330000000000000000e+03,5.571221208811039105e-07
9.331000000000000000e+03,5.569861514231888577e-07
9.332000000000000000e+03,5.568660981225548312e-07
9.333000000000000000e+03,5.568097094510449097e-07
9.334000000000000000e+03,5.567579250964627136e-07
9.335000000000000000e+03,5.565563014897634275e-07
9.336000000000000000e+03,5.565243554883636534e-07
9.337000000000000000e+03,5.564322123063902836e-07
9.338000000000000000e+03,5.563352942772326060e-07
9.339000000000000000e+03,5.562201863540394697e-07
9.340000000000000000e+03,5.561030320677673444e-07
9.341000000000000000e+03,5.560103204516053665e-07
9.342000000000000000e+03,5.559612077377096284e-07
9.343000000000000000e+03,5.558547400141833350e-07
9.344000000000000000e+03,5.557719759963219985e-07
9.345000000000000000e+03,5.556983637688972522e-07
9.346000000000000000e+03,5.555956477110157721e-07
9.347000000000000000e+03,5.554690005737938918e-07
9.348000000000000000e+03,5.558400744121172465e-07
9.349000000000000000e+03,5.553999926632968709e-07
9.350000000000000000e+03,5.553260393753589597e-07
9.351000000000000000e+03,5.552177526624291204e-07
9.352000000000000000e+03,5.551166282202757429e-07
9.353000000000000000e+03,5.550253376895852853e-07
9.354000000000000000e+03,5.549258048631600104e-07
9.355000000000000000e+03,5.548183139580942225e-07
9.356000000000000000e+03,5.546806391976133455e-07
9.357000000000000000e+03,5.546021952795854304e-07
9.358000000000000000e+03,5.545463181988452561e-07
9.359000000000000000e+03,5.544757755160389934e-07
9.360000000000000000e+03,5.544375767385645304e-07
9.361000000000000000e+03,5.543611223401967436e-07
9.362000000000000000e+03,5.542497092392295599e-07
9.363000000000000000e+03,5.540958341043733526e-07
9.364000000000000000e+03,5.540028951145359315e-07
9.365000000000000000e+03,5.538874461308296304e-07
9.366000000000000000e+03,5.538248615266638808e-07
9.367000000000000000e+03,5.537271476896421518e-07
9.368000000000000000e+03,5.535595164474216290e-07
9.369000000000000000e+03,5.536081744139664806e-07
9.370000000000000000e+03,5.534490128411562182e-07
9.371000000000000000e+03,5.532697286980692297e-07
9.372000000000000000e+03,5.531629767574486323e-07
9.373000000000000000e+03,5.530256999008997809e-07
9.374000000000000000e+03,5.529049076358205639e-07
9.375000000000000000e+03,5.528839892576797865e-07
9.376000000000000000e+03,5.527274993255559821e-07
9.377000000000000000e+03,5.526933932742394973e-07
9.378000000000000000e+03,5.526204631678410806e-07
9.379000000000000000e+03,5.525555479835020378e-07
9.380000000000000000e+03,5.524102562048938125e-07
9.381000000000000000e+03,5.523520485439803451e-07
9.382000000000000000e+03,5.521652042261848692e-07
9.383000000000000000e+03,5.520535069081233814e-07
9.384000000000000000e+03,5.519769388229178730e-07
9.385000000000000000e+03,5.518593297892948613e-07
9.386000000000000000e+03,5.517395038623362780e-07
9.387000000000000000e+03,5.516715759767976124e-07
9.388000000000000000e+03,5.515478278539376333e-07
9.389000000000000000e+03,5.514445433618675452e-07
9.390000000000000000e+03,5.513495580089511350e-07
9.391000000000000000e+03,5.512411007657647133e-07
9.392000000000000000e+03,5.511988092621322721e-07
9.393000000000000000e+03,5.510453888746269513e-07
9.394000000000000000e+03,5.509373863787914161e-07
9.395000000000000000e+03,5.507766331902530510e-07
9.396000000000000000e+03,5.506337856786558405e-07
9.397000000000000000e+03,5.504820137502974831e-07
9.398000000000000000e+03,5.504841169567953330e-07
9.399000000000000000e+03,5.503713964571943507e-07
9.400000000000000000e+03,5.501248665495950263e-07
9.401000000000000000e+03,5.499378517015429679e-07
9.402000000000000000e+03,5.497395818565564696e-07
9.403000000000000000e+03,5.496975177265994716e-07
9.404000000000000000e+03,5.495175514624861535e-07
9.405000000000000000e+03,5.494358674695831724e-07
9.406000000000000000e+03,5.493424168889760040e-07
9.407000000000000000e+03,5.491716592587181367e-07
9.408000000000000000e+03,5.489430350280599669e-07
9.409000000000000000e+03,5.487680709848063998e-07
9.410000000000000000e+03,5.486451755132293329e-07
9.411000000000000000e+03,5.485046585818054155e-07
9.412000000000000000e+03,5.483884137902350631e-07
9.413000000000000000e+03,5.484307052938675042e-07
9.414000000000000000e+03,5.482884262164589018e-07
9.415000000000000000e+03,5.481504103954648599e-07
9.416000000000000000e+03,5.480288223225215916e-07
9.417000000000000000e+03,5.478569278238865081e-07
9.418000000000000000e+03,5.477288596011931077e-07
9.419000000000000000e+03,5.475946522892627399e-07
9.420000000000000000e+03,5.474808517647034023e-07
9.421000000000000000e+03,5.474099111779651139e-07
9.422000000000000000e+03,5.473398800859285984e-07
9.423000000000000000e+03,5.472388693306129426e-07
9.424000000000000000e+03,5.471170538839942310e-07
9.425000000000000000e+03,5.469401571644993965e-07
9.426000000000000000e+03,5.467958317240118049e-07
9.427000000000000000e+03,5.466916377372399438e-07
9.428000000000000000e+03,5.466210950544336811e-07
9.429000000000000000e+03,5.465089998324401677e-07
9.430000000000000000e+03,5.463787147164111957e-07
9.431000000000000000e+03,5.462428021019150037e-07
9.432000000000000000e+03,5.460806846713239793e-07
9.433000000000000000e+03,5.460132115331362002e-07
9.434000000000000000e+03,5.459277190311695449e-07
9.435000000000000000e+03,5.458234682009788230e-07
9.436000000000000000e+03,5.457143856801849324e-07
9.437000000000000000e+03,5.455603968584910035e-07
9.438000000000000000e+03,5.454085680867137853e-07
9.439000000000000000e+03,5.452254185911442619e-07
9.440000000000000000e+03,5.451112770060717594e-07
9.441000000000000000e+03,5.450237381410261150e-07
9.442000000000000000e+03,5.448890760817448609e-07
9.443000000000000000e+03,5.448433739729807712e-07
9.444000000000000000e+03,5.447894295684818644e-07
9.445000000000000000e+03,5.447099624689144548e-07
9.446000000000000000e+03,5.445496071843081154e-07
9.447000000000000000e+03,5.443847044261929113e-07
9.448000000000000000e+03,5.442713018055655994e-07
9.449000000000000000e+03,5.441515895654447377e-07
9.450000000000000000e+03,5.439914048110949807e-07
9.451000000000000000e+03,5.438496373244561255e-07
9.452000000000000000e+03,5.436764922706061043e-07
9.453000000000000000e+03,5.440729751171602402e-07
9.454000000000000000e+03,5.436144761006289627e-07
9.455000000000000000e+03,5.434494596556760371e-07
9.456000000000000000e+03,5.432667080640385393e-07
9.457000000000000000e+03,5.431211320683360100e-07
9.458000000000000000e+03,5.429903353615372907e-07
9.459000000000000000e+03,5.428901204140856862e-07
9.460000000000000000e+03,5.427498876997560728e-07
9.461000000000000000e+03,5.425795848168490920e-07
9.462000000000000000e+03,5.424068376669310965e-07
9.463000000000000000e+03,5.422755862127814908e-07
9.464000000000000000e+03,5.421441642283753026e-07
9.465000000000000000e+03,5.420391175903205294e-07
9.466000000000000000e+03,5.419030912889866158e-07
9.467000000000000000e+03,5.417735451374028344e-07
9.468000000000000000e+03,5.420422439783578739e-07
9.469000000000000000e+03,5.417107331595616415e-07
9.470000000000000000e+03,5.416016506387677509e-07
9.471000000000000000e+03,5.413479016169731040e-07
9.472000000000000000e+03,5.411332040239358321e-07
9.473000000000000000e+03,5.410059316091064829e-07
9.474000000000000000e+03,5.409158347902121022e-07
9.475000000000000000e+03,5.408166998677188531e-07
9.476000000000000000e+03,5.407100616139359772e-07
9.477000000000000000e+03,5.406024001786136068e-07
9.478000000000000000e+03,5.405448746387264691e-07
9.479000000000000000e+03,5.404111220741469879e-07
9.480000000000000000e+03,5.401947760219627526e-07
9.481000000000000000e+03,5.401418547990033403e-07
9.482000000000000000e+03,5.398401299316901714e-07
9.483000000000000000e+03,5.397270115281571634e-07
9.484000000000000000e+03,5.396423148340545595e-07
9.485000000000000000e+03,5.397263862505496945e-07
9.486000000000000000e+03,5.395876314651104622e-07
9.487000000000000000e+03,5.395156108534138184e-07
9.488000000000000000e+03,5.394146000980981626e-07
9.489000000000000000e+03,5.393350761551118921e-07
9.490000000000000000e+03,5.392232083067938220e-07
9.491000000000000000e+03,5.391310082814015914e-07
9.492000000000000000e+03,5.390135697780351620e-07
9.493000000000000000e+03,5.388668000705365557e-07
9.494000000000000000e+03,5.387541932577732950e-07
9.495000000000000000e+03,5.385574013416771777e-07
9.496000000000000000e+03,5.391173090174561366e-07
9.497000000000000000e+03,5.385012968872615602e-07
9.498000000000000000e+03,5.383784014156844933e-07
9.499000000000000000e+03,5.382973427003889810e-07
9.500000000000000000e+03,5.382703989198489580e-07
9.501000000000000000e+03,5.381826326811278705e-07
9.502000000000000000e+03,5.380372272156819236e-07
9.503000000000000000e+03,5.378364562602655496e-07
9.504000000000000000e+03,5.376679155233432539e-07
9.505000000000000000e+03,5.374405418479000218e-07
9.506000000000000000e+03,5.374396323531982489e-07
9.507000000000000000e+03,5.373303224587289151e-07
9.508000000000000000e+03,5.371980478230398148e-07
9.509000000000000000e+03,5.370443432184401900e-07
9.510000000000000000e+03,5.370152393879834563e-07
9.511000000000000000e+03,5.368244160308677237e-07
9.512000000000000000e+03,5.367047037907468621e-07
9.513000000000000000e+03,5.365781703403627034e-07
9.514000000000000000e+03,5.363748414310975932e-07
9.515000000000000000e+03,5.363349373510573059e-07
9.516000000000000000e+03,5.361168859963072464e-07
9.517000000000000000e+03,5.360161026146670338e-07
9.518000000000000000e+03,5.359183319342264440e-07
9.519000000000000000e+03,5.357362056201964151e-07
9.520000000000000000e+03,5.356986321203294210e-07
9.521000000000000000e+03,5.354905283638800029e-07
9.522000000000000000e+03,5.354399945645127445e-07
9.523000000000000000e+03,5.352619609766406938e-07
9.524000000000000000e+03,5.351672029973997269e-07
9.525000000000000000e+03,5.349430125534127001e-07
9.526000000000000000e+03,5.348733793653082103e-07
9.527000000000000000e+03,5.347883416106924415e-07
9.528000000000000000e+03,5.346753368939971551e-07
9.529000000000000000e+03,5.345456202121567912e-07
9.530000000000000000e+03,5.344389251149550546e-07
9.531000000000000000e+03,5.344263058759679552e-07
9.532000000000000000e+03,5.343443945093895309e-07
9.533000000000000000e+03,5.342647000361466780e-07
9.534000000000000000e+03,5.341970563677023165e-07
9.535000000000000000e+03,5.340895086192176677e-07
9.536000000000000000e+03,5.340070288184506353e-07
9.537000000000000000e+03,5.338625328477064613e-07
9.538000000000000000e+03,5.337824404705315828e-07
9.539000000000000000e+03,5.336611366146826185e-07
9.540000000000000000e+03,5.336168555913900491e-07
9.541000000000000000e+03,5.335212449608661700e-07
9.542000000000000000e+03,5.335497235137154348e-07
9.543000000000000000e+03,5.334754291652643587e-07
9.544000000000000000e+03,5.333548642738605849e-07
9.545000000000000000e+03,5.332172463567985687e-07
9.546000000000000000e+03,5.331635293259751052e-07
9.547000000000000000e+03,5.329927716957172379e-07
9.548000000000000000e+03,5.329198984327376820e-07
9.549000000000000000e+03,5.327699454937828705e-07
9.550000000000000000e+03,5.327006533661915455e-07
9.551000000000000000e+03,5.325902066033449955e-07
9.552000000000000000e+03,5.324538960849167779e-07
9.553000000000000000e+03,5.328377028490649536e-07
9.554000000000000000e+03,5.324071707946131937e-07
9.555000000000000000e+03,5.322973493093741126e-07
9.556000000000000000e+03,5.322126526152715087e-07
9.557000000000000000e+03,5.320973741618217900e-07
9.558000000000000000e+03,5.319493538991082460e-07
9.559000000000000000e+03,5.318083822203334421e-07
9.560000000000000000e+03,5.316207989380927756e-07
9.561000000000000000e+03,5.313730753186973743e-07
9.562000000000000000e+03,5.311971449373231735e-07
9.563000000000000000e+03,5.310733968144631945e-07
9.564000000000000000e+03,5.309581183610134758e-07
9.565000000000000000e+03,5.308195909492496867e-07
9.566000000000000000e+03,5.306071670929668471e-07
9.567000000000000000e+03,5.303697889758041129e-07
9.568000000000000000e+03,5.301579903971287422e-07
9.569000000000000000e+03,5.300063321556081064e-07
9.570000000000000000e+03,5.298361429595388472e-07
9.571000000000000000e+03,5.297663392411777750e-07
9.572000000000000000e+03,5.295919436321128160e-07
9.573000000000000000e+03,5.294530751598358620e-07
9.574000000000000000e+03,5.293293838803947438e-07
9.575000000000000000e+03,5.291731213219463825e-07
9.576000000000000000e+03,5.289292630550335161e-07
9.577000000000000000e+03,5.286595978759578429e-07
9.578000000000000000e+03,5.284422854856529739e-07
9.579000000000000000e+03,5.282988695398671553e-07
9.580000000000000000e+03,5.282150254970474634e-07
9.581000000000000000e+03,5.280847403810184915e-07
9.582000000000000000e+03,5.279696893012442160e-07
9.583000000000000000e+03,5.277898367239686195e-07
9.584000000000000000e+03,5.277285595184366684e-07
9.585000000000000000e+03,5.276053229863464367e-07
9.586000000000000000e+03,5.276377805785159580e-07
9.587000000000000000e+03,5.275376224744832143e-07
9.588000000000000000e+03,5.274233672025729902e-07
9.589000000000000000e+03,5.273058150123688392e-07
9.590000000000000000e+03,5.272142402645840775e-07
9.591000000000000000e+03,5.271148211249965243e-07
9.592000000000000000e+03,5.268733502816758119e-07
9.593000000000000000e+03,5.269521921036357526e-07
9.594000000000000000e+03,5.267558549348905217e-07
9.595000000000000000e+03,5.265567892820399720e-07
9.596000000000000000e+03,5.264401465865375940e-07
9.597000000000000000e+03,5.263008233669097535e-07
9.598000000000000000e+03,5.261981641524471343e-07
9.599000000000000000e+03,5.260575903776043560e-07
9.600000000000000000e+03,5.259771000964974519e-07
9.601000000000000000e+03,5.258552278064598795e-07
9.602000000000000000e+03,5.256065946923627052e-07
9.603000000000000000e+03,5.254102006801986136e-07
9.604000000000000000e+03,5.251880565992905758e-07
9.605000000000000000e+03,5.251092147773306351e-07
9.606000000000000000e+03,5.249714831734308973e-07
9.607000000000000000e+03,5.248421075521036983e-07
9.608000000000000000e+03,5.246693035587668419e-07
9.609000000000000000e+03,5.245459533398388885e-07
9.610000000000000000e+03,5.244663157100148965e-07
9.611000000000000000e+03,5.243900886853225529e-07
9.612000000000000000e+03,5.242994802756584249e-07
9.613000000000000000e+03,5.241344069872866385e-07
9.614000000000000000e+03,5.240573273113113828e-07
9.615000000000000000e+03,5.239747338237066288e-07
9.616000000000000000e+03,5.238907192506303545e-07
9.617000000000000000e+03,5.237768618826521561e-07
9.618000000000000000e+03,5.236332754066097550e-07
9.619000000000000000e+03,5.233253546066407580e-07
9.620000000000000000e+03,5.230404553913103882e-07
9.621000000000000000e+03,5.228210966379265301e-07
9.622000000000000000e+03,5.226562507232301868e-07
9.623000000000000000e+03,5.223884613769769203e-07
9.624000000000000000e+03,5.222265713200613391e-07
9.625000000000000000e+03,5.221242531661118846e-07
9.626000000000000000e+03,5.220576895226258785e-07
9.627000000000000000e+03,5.219208674134279136e-07
9.628000000000000000e+03,5.216967338128597476e-07
9.629000000000000000e+03,5.215948704062611796e-07
9.630000000000000000e+03,5.213151439420471434e-07
9.631000000000000000e+03,5.212191922510100994e-07
9.632000000000000000e+03,5.210916356190864462e-07
9.633000000000000000e+03,5.210265499044908211e-07
9.634000000000000000e+03,5.208940478951262776e-07
9.635000000000000000e+03,5.207357958170177881e-07
9.636000000000000000e+03,5.207293725106865168e-07
9.637000000000000000e+03,5.206437663218821399e-07
9.638000000000000000e+03,5.204665285418741405e-07
9.639000000000000000e+03,5.203487489779945463e-07
9.640000000000000000e+03,5.201716248848242685e-07
9.641000000000000000e+03,5.201001727073162328e-07
9.642000000000000000e+03,5.199904649089148734e-07
9.643000000000000000e+03,5.199406700739928056e-07
9.644000000000000000e+03,5.198726285016164184e-07
9.645000000000000000e+03,5.197595669415022712e-07
9.646000000000000000e+03,5.195755647946498357e-07
9.647000000000000000e+03,5.194573873268382158e-07
9.648000000000000000e+03,5.193368224354344420e-07
9.649000000000000000e+03,5.192821959099092055e-07
9.650000000000000000e+03,5.190619276618235745e-07
9.651000000000000000e+03,5.194002028474642430e-07
9.652000000000000000e+03,5.190437377677881159e-07
9.653000000000000000e+03,5.189779130887473002e-07
9.654000000000000000e+03,5.188815066503593698e-07
9.655000000000000000e+03,5.186860221328970511e-07
9.656000000000000000e+03,5.185002009966410697e-07
9.657000000000000000e+03,5.183206326364597771e-07
9.658000000000000000e+03,5.182481572774122469e-07
9.659000000000000000e+03,5.181470328352588695e-07
9.660000000000000000e+03,5.180295374884735793e-07
9.661000000000000000e+03,5.179515483177965507e-07
9.662000000000000000e+03,5.178723654353234451e-07
9.663000000000000000e+03,5.177996058591816109e-07
9.664000000000000000e+03,5.177353727958688978e-07
9.665000000000000000e+03,5.176798936190607492e-07
9.666000000000000000e+03,5.176054287403530907e-07
9.667000000000000000e+03,5.174732109480828512e-07
9.668000000000000000e+03,5.173499175725737587e-07
9.669000000000000000e+03,5.171702355255547445e-07
9.670000000000000000e+03,5.171432917450147215e-07
9.671000000000000000e+03,5.170888357497460674e-07
9.672000000000000000e+03,5.169468977328506298e-07
9.673000000000000000e+03,5.168591883375484031e-07
9.674000000000000000e+03,5.166799041944614146e-07
9.675000000000000000e+03,5.165434231457766145e-07
9.676000000000000000e+03,5.163298055776976980e-07
9.677000000000000000e+03,5.163648211237159558e-07
9.678000000000000000e+03,5.162303295946912840e-07
9.679000000000000000e+03,5.161127205610682722e-07
9.680000000000000000e+03,5.160201226317440160e-07
9.681000000000000000e+03,5.159624834050191566e-07
9.682000000000000000e+03,5.158486260370409582e-07
9.683000000000000000e+03,5.157818918632983696e-07
9.684000000000000000e+03,5.156821316631976515e-07
9.685000000000000000e+03,5.156050519872223958e-07
9.686000000000000000e+03,5.155746407581318635e-07
9.687000000000000000e+03,5.154557243258750532e-07
9.688000000000000000e+03,5.153156621418020222e-07
9.689000000000000000e+03,5.153376037014822941e-07
9.690000000000000000e+03,5.152331823410349898e-07
9.691000000000000000e+03,5.151584900886518881e-07
9.692000000000000000e+03,5.149597654963145033e-07
9.693000000000000000e+03,5.149107664692564867e-07
9.694000000000000000e+03,5.147293222762527876e-07
9.695000000000000000e+03,5.146428065927466378e-07
9.696000000000000000e+03,5.146181365489610471e-07
9.697000000000000000e+03,5.145581667420628946e-07
9.698000000000000000e+03,5.144003125678864308e-07
9.699000000000000000e+03,5.143327825862797908e-07
9.700000000000000000e+03,5.142004511071718298e-07
9.701000000000000000e+03,5.140938128533889540e-07
9.702000000000000000e+03,5.139642098583863117e-07
9.703000000000000000e+03,5.138182359587517567e-07
9.704000000000000000e+03,5.137280822964385152e-07
9.705000000000000000e+03,5.136397476235288195e-07
9.706000000000000000e+03,5.135008223078330047e-07
9.707000000000000000e+03,5.133923650646465831e-07
9.708000000000000000e+03,5.133759373165958095e-07
9.709000000000000000e+03,5.131894340593134984e-07
9.710000000000000000e+03,5.131269631419854704e-07
9.711000000000000000e+03,5.130262366037641186e-07
9.712000000000000000e+03,5.129199394104944076e-07
9.713000000000000000e+03,5.128067641635425389e-07
9.714000000000000000e+03,5.127406552674074192e-07
9.715000000000000000e+03,5.126393602949974593e-07
9.716000000000000000e+03,5.125162374497449491e-07
9.717000000000000000e+03,5.123656592331826687e-07
9.718000000000000000e+03,5.123999926581745967e-07
9.719000000000000000e+03,5.123089295011595823e-07
9.720000000000000000e+03,5.122316792949277442e-07
9.721000000000000000e+03,5.120692776472424157e-07
9.722000000000000000e+03,5.118866397424426395e-07
9.723000000000000000e+03,5.116343686495383736e-07
9.724000000000000000e+03,5.115082331030862406e-07
9.725000000000000000e+03,5.112910343996190932e-07
9.726000000000000000e+03,5.111592713546997402e-07
9.727000000000000000e+03,5.110044867251417600e-07
9.728000000000000000e+03,5.108187224323046394e-07
9.729000000000000000e+03,5.106579124003474135e-07
9.730000000000000000e+03,5.104576530357007869e-07
9.731000000000000000e+03,5.102803584122739267e-07
9.732000000000000000e+03,5.100724820294999518e-07
9.733000000000000000e+03,5.098427777738834266e-07
9.734000000000000000e+03,5.096590030007064342e-07
9.735000000000000000e+03,5.095535016153007746e-07
9.736000000000000000e+03,5.094595394439238589e-07
9.737000000000000000e+03,5.093609729556192178e-07
9.738000000000000000e+03,5.091702064419223461e-07
9.739000000000000000e+03,5.088942884867719840e-07
9.740000000000000000e+03,5.111488690090482123e-07
9.741000000000000000e+03,5.087943577564146835e-07
9.742000000000000000e+03,5.085730663267895579e-07
9.743000000000000000e+03,5.083272185402165633e-07
9.744000000000000000e+03,5.098384576740500052e-07
9.745000000000000000e+03,5.082332563688396476e-07
9.746000000000000000e+03,5.080955816083587706e-07
9.747000000000000000e+03,5.079459128864982631e-07
9.748000000000000000e+03,5.078318849882634822e-07
9.749000000000000000e+03,5.077106948192522395e-07
9.750000000000000000e+03,5.075745548310806043e-07
9.751000000000000000e+03,5.074498972135188524e-07
9.752000000000000000e+03,5.073785587228485383e-07
9.753000000000000000e+03,5.071944428891583811e-07
9.754000000000000000e+03,5.069175585958873853e-07
9.755000000000000000e+03,5.068375230621313676e-07
9.756000000000000000e+03,5.067446409157128073e-07
9.757000000000000000e+03,5.066322046332061291e-07
9.758000000000000000e+03,5.065331833975506015e-07
9.759000000000000000e+03,5.063650974079791922e-07
9.760000000000000000e+03,5.069156827630649786e-07
9.761000000000000000e+03,5.063387789050466381e-07
9.762000000000000000e+03,5.061887122792541049e-07
9.763000000000000000e+03,5.061237402514962014e-07
9.764000000000000000e+03,5.059725367573264521e-07
9.765000000000000000e+03,5.058056444795511197e-07
9.766000000000000000e+03,5.057322027823829558e-07
9.767000000000000000e+03,5.055532596998091321e-07
9.768000000000000000e+03,5.054259304415609222e-07
9.769000000000000000e+03,5.053474296801141463e-07
9.770000000000000000e+03,5.051352900409256108e-07
9.771000000000000000e+03,5.049253104516537860e-07
9.772000000000000000e+03,5.047813829150982201e-07
9.773000000000000000e+03,5.046569526712119114e-07
9.774000000000000000e+03,5.045367288403213024e-07
9.775000000000000000e+03,5.044490194450190756e-07
9.776000000000000000e+03,5.043125383963342756e-07
9.777000000000000000e+03,5.040923269916675054e-07
9.778000000000000000e+03,5.038920676270208787e-07
9.779000000000000000e+03,5.036792458668060135e-07
9.780000000000000000e+03,5.034831360717362259e-07
9.781000000000000000e+03,5.033181764702021610e-07
9.782000000000000000e+03,5.031571959079883527e-07
9.783000000000000000e+03,5.030101988268143032e-07
9.784000000000000000e+03,5.029093017583363689e-07
9.785000000000000000e+03,5.027028464610339142e-07
9.786000000000000000e+03,5.024771212447376456e-07
9.787000000000000000e+03,5.022921527597645763e-07
9.788000000000000000e+03,5.021836386731592938e-07
9.789000000000000000e+03,5.020933713240083307e-07
9.790000000000000000e+03,5.019878699386026710e-07
9.791000000000000000e+03,5.018874844608944841e-07
9.792000000000000000e+03,5.017046191824192647e-07
9.793000000000000000e+03,5.014917974222043995e-07
9.794000000000000000e+03,5.012890937905467581e-07
9.795000000000000000e+03,5.011360144635546021e-07
9.796000000000000000e+03,5.009723054172354750e-07
9.797000000000000000e+03,5.008633365832793061e-07
9.798000000000000000e+03,5.006851893085695338e-07
9.799000000000000000e+03,5.005732646168326028e-07
9.800000000000000000e+03,5.004156946597504430e-07
9.801000000000000000e+03,5.001572844776092097e-07
9.802000000000000000e+03,4.999088787371874787e-07
9.803000000000000000e+03,5.000129590371216182e-07
9.804000000000000000e+03,4.998320832783065271e-07
9.805000000000000000e+03,4.997015707886021119e-07
9.806000000000000000e+03,4.996073812435497530e-07
9.807000000000000000e+03,4.994686264581105206e-07
9.808000000000000000e+03,4.993069069314515218e-07
9.809000000000000000e+03,4.992135131942632142e-07
9.810000000000000000e+03,4.990610591448785271e-07
9.811000000000000000e+03,4.990189381715026684e-07
9.812000000000000000e+03,4.988418140783323906e-07
9.813000000000000000e+03,4.986644057680678088e-07
9.814000000000000000e+03,4.985440114069206174e-07
9.815000000000000000e+03,4.984522661288792733e-07
9.816000000000000000e+03,4.984166821486724075e-07
9.817000000000000000e+03,4.983270400771289133e-07
9.818000000000000000e+03,4.981404231330088805e-07
9.819000000000000000e+03,4.980870471626985818e-07
9.820000000000000000e+03,4.979539767191454303e-07
9.821000000000000000e+03,4.978710421710275114e-07
9.822000000000000000e+03,4.977376306669611949e-07
9.823000000000000000e+03,4.976087097929848824e-07
9.824000000000000000e+03,4.974934881829540245e-07
9.825000000000000000e+03,4.973623504156421404e-07
9.826000000000000000e+03,4.972663987246050965e-07
9.827000000000000000e+03,4.971483917870500591e-07
9.828000000000000000e+03,4.970971758666564710e-07
9.829000000000000000e+03,4.969809879185049795e-07
9.830000000000000000e+03,4.968818529960117303e-07
9.831000000000000000e+03,4.967423024027084466e-07
9.832000000000000000e+03,4.966068445355631411e-07
9.833000000000000000e+03,4.964928734807472210e-07
9.834000000000000000e+03,4.964274467056384310e-07
9.835000000000000000e+03,4.963657715961744543e-07
9.836000000000000000e+03,4.962661250829114579e-07
9.837000000000000000e+03,4.960965611644496676e-07
9.838000000000000000e+03,4.960085107086342759e-07
9.839000000000000000e+03,4.958472459293261636e-07
9.840000000000000000e+03,4.957689156981359702e-07
9.841000000000000000e+03,4.957101964464527555e-07
9.842000000000000000e+03,4.955915642312902492e-07
9.843000000000000000e+03,4.956174848302907776e-07
9.844000000000000000e+03,4.955202257406199351e-07
9.845000000000000000e+03,4.954044925398193300e-07
9.846000000000000000e+03,4.953205348101619165e-07
9.847000000000000000e+03,4.952361791765724774e-07
9.848000000000000000e+03,4.950964580530126113e-07
9.849000000000000000e+03,4.950225616084935609e-07
9.850000000000000000e+03,4.949236540596757550e-07
9.851000000000000000e+03,4.948170726493117400e-07
9.852000000000000000e+03,4.946775788994273171e-07
9.853000000000000000e+03,4.945769092046248261e-07
9.854000000000000000e+03,4.945010800838645082e-07
9.855000000000000000e+03,4.944615170643373858e-07
9.856000000000000000e+03,4.944004672324808780e-07
9.857000000000000000e+03,4.943969997839303687e-07
9.858000000000000000e+03,4.942945679431431927e-07
9.859000000000000000e+03,4.942835971633030567e-07
9.860000000000000000e+03,4.941846327710663900e-07
9.861000000000000000e+03,4.941252882417757064e-07
9.862000000000000000e+03,4.940425242239143699e-07
9.863000000000000000e+03,4.939618634125508834e-07
9.864000000000000000e+03,4.938912638863257598e-07
9.865000000000000000e+03,4.938661959386081435e-07
9.866000000000000000e+03,4.938062261317099910e-07
9.867000000000000000e+03,4.937809876537357923e-07
9.868000000000000000e+03,4.937512585456715897e-07
9.869000000000000000e+03,4.936743493999529164e-07
9.870000000000000000e+03,4.935812398798589129e-07
9.871000000000000000e+03,4.934516937282751314e-07
9.872000000000000000e+03,4.934406092615972739e-07
9.873000000000000000e+03,4.932754222863877658e-07
9.874000000000000000e+03,4.932086881126451772e-07
9.875000000000000000e+03,4.931425792165100574e-07
9.876000000000000000e+03,4.929861461278051138e-07
9.877000000000000000e+03,4.928696171191404574e-07
9.878000000000000000e+03,4.927061354464967735e-07
9.879000000000000000e+03,4.929003125653252937e-07
9.880000000000000000e+03,4.926400265503616538e-07
9.881000000000000000e+03,4.925178131998109166e-07
9.882000000000000000e+03,4.923924734612228349e-07
9.883000000000000000e+03,4.923084020447276998e-07
9.884000000000000000e+03,4.921442382510576863e-07
9.885000000000000000e+03,4.919889420307299588e-07
9.886000000000000000e+03,4.918342710880097002e-07
9.887000000000000000e+03,4.917407636639836710e-07
9.888000000000000000e+03,4.916570901514205616e-07
9.889000000000000000e+03,4.915831937069015112e-07
9.890000000000000000e+03,4.915121962767443620e-07
9.891000000000000000e+03,4.913960651720117312e-07
9.892000000000000000e+03,4.914108444609155413e-07
9.893000000000000000e+03,4.913078441859397572e-07
9.894000000000000000e+03,4.912396889267256483e-07
9.895000000000000000e+03,4.911270252705435269e-07
9.896000000000000000e+03,4.910295956506161019e-07
9.897000000000000000e+03,4.909177278022980317e-07
9.898000000000000000e+03,4.907486186311871279e-07
9.899000000000000000e+03,4.906754611511132680e-07
9.900000000000000000e+03,4.905736545879335608e-07
9.901000000000000000e+03,4.904813408757036086e-07
9.902000000000000000e+03,4.903961325908312574e-07
9.903000000000000000e+03,4.902837531517434400e-07
9.904000000000000000e+03,4.901867214357480407e-07
9.905000000000000000e+03,4.901008878732682206e-07
9.906000000000000000e+03,4.899541750091884751e-07
9.907000000000000000e+03,4.898539032183180097e-07
9.908000000000000000e+03,4.897206622445082758e-07
9.909000000000000000e+03,4.896632503914588597e-07
9.910000000000000000e+03,4.895668439530709293e-07
9.911000000000000000e+03,4.894889116258127615e-07
9.912000000000000000e+03,4.899775944977591280e-07
9.913000000000000000e+03,4.894085918749624398e-07
9.914000000000000000e+03,4.893344112133490853e-07
9.915000000000000000e+03,4.892161200586997438e-07
9.916000000000000000e+03,4.890844138571992517e-07
9.917000000000000000e+03,4.889218985226762015e-07
9.918000000000000000e+03,4.888904072686273139e-07
9.919000000000000000e+03,4.887541535936179571e-07
9.920000000000000000e+03,4.886766760137106758e-07
9.921000000000000000e+03,4.885694693257391918e-07
9.922000000000000000e+03,4.884439590568945277e-07
9.923000000000000000e+03,4.884490749645920005e-07
9.924000000000000000e+03,4.884005306848848704e-07
9.925000000000000000e+03,4.882796247329679318e-07
9.926000000000000000e+03,4.881792392552597448e-07
9.927000000000000000e+03,4.881053428107406944e-07
9.928000000000000000e+03,4.879606194663210772e-07
9.929000000000000000e+03,4.880163828602235299e-07
9.930000000000000000e+03,4.878636445937445387e-07
9.931000000000000000e+03,4.877500145994417835e-07
9.932000000000000000e+03,4.876857815361290704e-07
9.933000000000000000e+03,4.876632146988413297e-07
9.934000000000000000e+03,4.876134198639192618e-07
9.935000000000000000e+03,4.875153081229655072e-07
9.936000000000000000e+03,4.874341925642511342e-07
9.937000000000000000e+03,4.873745069744472858e-07
9.938000000000000000e+03,4.872954377788119018e-07
9.939000000000000000e+03,4.872386512033699546e-07
9.940000000000000000e+03,4.871257601735123899e-07
9.941000000000000000e+03,4.870052521255274769e-07
9.942000000000000000e+03,4.869357894676795695e-07
9.943000000000000000e+03,4.868969085691787768e-07
9.944000000000000000e+03,4.867957272836065385e-07
9.945000000000000000e+03,4.867442839895375073e-07
9.946000000000000000e+03,4.866693643634789623e-07
9.947000000000000000e+03,4.866056997343548574e-07
9.948000000000000000e+03,4.864963898398855235e-07
9.949000000000000000e+03,4.863767344431835227e-07
9.950000000000000000e+03,4.862986315856687725e-07
9.951000000000000000e+03,4.861381626142247114e-07
9.952000000000000000e+03,4.860683588958636392e-07
9.953000000000000000e+03,4.860194167122244835e-07
9.954000000000000000e+03,4.858440547650388908e-07
9.955000000000000000e+03,4.857126327806327026e-07
9.956000000000000000e+03,4.856377699979930185e-07
9.957000000000000000e+03,4.855042448070889805e-07
9.958000000000000000e+03,4.854280746258154977e-07
9.959000000000000000e+03,4.853376935898268130e-07
9.960000000000000000e+03,4.852192319049208891e-07
9.961000000000000000e+03,4.850961659030872397e-07
9.962000000000000000e+03,4.849629249292775057e-07
9.963000000000000000e+03,4.848705543736286927e-07
9.964000000000000000e+03,4.848863000006531365e-07
9.965000000000000000e+03,4.848113235311757307e-07
9.966000000000000000e+03,4.846902470490022097e-07
9.967000000000000000e+03,4.845923626817238983e-07
9.968000000000000000e+03,4.844730483455350623e-07
9.969000000000000000e+03,4.844443424190103542e-07
9.970000000000000000e+03,4.843772671847546007e-07
9.971000000000000000e+03,4.843349756811221596e-07
9.972000000000000000e+03,4.842543717131775338e-07
9.973000000000000000e+03,4.841725740334368311e-07
9.974000000000000000e+03,4.840746328227396589e-07
9.975000000000000000e+03,4.840673568651254755e-07
9.976000000000000000e+03,4.839154144065105356e-07
9.977000000000000000e+03,4.838514087168732658e-07
9.978000000000000000e+03,4.837575602323340718e-07
9.979000000000000000e+03,4.836302309740858618e-07
9.980000000000000000e+03,4.835666231883806176e-07
9.981000000000000000e+03,4.834361106986762024e-07
9.982000000000000000e+03,4.833591447095386684e-07
9.983000000000000000e+03,4.832619993067055475e-07
9.984000000000000000e+03,4.831822479900438339e-07
9.985000000000000000e+03,4.831425144402601290e-07
9.986000000000000000e+03,4.830601483263308182e-07
9.987000000000000000e+03,4.830013722312287427e-07
9.988000000000000000e+03,4.829680619877763093e-07
9.989000000000000000e+03,4.828409032597846817e-07
9.990000000000000000e+03,4.827012958230625372e-07
9.991000000000000000e+03,4.825826067644811701e-07
9.992000000000000000e+03,4.824758548238605727e-07
9.993000000000000000e+03,4.823865538128302433e-07
9.994000000000000000e+03,4.822394998882373329e-07
9.995000000000000000e+03,4.821361017093295231e-07
9.996000000000000000e+03,4.820082608603115659e-07
9.997000000000000000e+03,4.819154355573118664e-07
9.998000000000000000e+03,4.818049887944653165e-07
9.999000000000000000e+03,4.817159151571104303e-07
1.000000000000000000e+04,4.816263867724046577e-07
1.000100000000000000e+04,4.815404963665059768e-07
1.000200000000000000e+04,4.813674649994936772e-07
1.000300000000000000e+04,4.812775955542747397e-07
1.000400000000000000e+04,4.811066105503414292e-07
1.000500000000000000e+04,4.809180040865612682e-07
1.000600000000000000e+04,4.808007929568702821e-07
1.000700000000000000e+04,4.806767037734971382e-07
1.000800000000000000e+04,4.805482376468717121e-07
1.000900000000000000e+04,4.803124511454370804e-07
1.001000000000000000e+04,4.815910301658732351e-07
1.001100000000000000e+04,4.802143394044833258e-07
1.001200000000000000e+04,4.799738348992832471e-07
1.001300000000000000e+04,4.798412760464998428e-07
1.001400000000000000e+04,4.797164478986815084e-07
1.001500000000000000e+04,4.796412440555286594e-07
1.001600000000000000e+04,4.795035124516289216e-07
1.001700000000000000e+04,4.794030701305018738e-07
1.001800000000000000e+04,4.792850631929468364e-07
1.001900000000000000e+04,4.792407821696542669e-07
1.002000000000000000e+04,4.791370997736521531e-07
1.002100000000000000e+04,4.791045853380637709e-07
1.002200000000000000e+04,4.790376806340645999e-07
1.002300000000000000e+04,4.789616809830476996e-07
1.002400000000000000e+04,4.789034164787153713e-07
1.002500000000000000e+04,4.788032015312637668e-07
1.002600000000000000e+04,4.787719944943091832e-07
1.002700000000000000e+04,4.786232352671504486e-07
1.002800000000000000e+04,4.785573537446907721e-07
1.002900000000000000e+04,4.785034093401918653e-07
1.003000000000000000e+04,4.784166662830102723e-07
1.003100000000000000e+04,4.782958740179310553e-07
1.003200000000000000e+04,4.782172595696465578e-07
1.003300000000000000e+04,4.781235247719450854e-07
1.003400000000000000e+04,4.780725362252269406e-07
1.003500000000000000e+04,4.780393965120310895e-07
1.003600000000000000e+04,4.779388973474851809e-07
1.003700000000000000e+04,4.778440825248253532e-07
1.003800000000000000e+04,4.777579647452512290e-07
1.003900000000000000e+04,4.776967443831381388e-07
1.004000000000000000e+04,4.782144742421223782e-07
1.004100000000000000e+04,4.776536570716416463e-07
1.004200000000000000e+04,4.775924367095285561e-07
1.004300000000000000e+04,4.775296815751062240e-07
1.004400000000000000e+04,4.774863668899342883e-07
1.004500000000000000e+04,4.774192348122596741e-07
1.004600000000000000e+04,4.773277737513126340e-07
1.004700000000000000e+04,4.776279070028977003e-07
1.004800000000000000e+04,4.772707598021952435e-07
1.004900000000000000e+04,4.771995349983626511e-07
1.005000000000000000e+04,4.771158046423806809e-07
1.005100000000000000e+04,4.770660666508774739e-07
1.005200000000000000e+04,4.769951260641391855e-07
1.005300000000000000e+04,4.768581334246846382e-07
1.005400000000000000e+04,4.766990571170026669e-07
1.005500000000000000e+04,4.766053507410106249e-07
1.005600000000000000e+04,4.765387586758151883e-07
1.005700000000000000e+04,4.764687275837786729e-07
1.005800000000000000e+04,4.763564902532380074e-07
1.005900000000000000e+04,4.762520120493718423e-07
1.006000000000000000e+04,4.761682816933898721e-07
1.006100000000000000e+04,4.760540548431890784e-07
1.006200000000000000e+04,4.759590126468538074e-07
1.006300000000000000e+04,4.758518059588823235e-07
1.006400000000000000e+04,4.757540352784417337e-07
1.006500000000000000e+04,4.756699922836560290e-07
1.006600000000000000e+04,4.756159057706099702e-07
1.006700000000000000e+04,4.755499389830220025e-07
1.006800000000000000e+04,4.754705287268734537e-07
1.006900000000000000e+04,4.753656810407846933e-07
1.007000000000000000e+04,4.752527047457988374e-07
1.007100000000000000e+04,4.751297240090934793e-07
1.007200000000000000e+04,4.750302480260870652e-07
1.007300000000000000e+04,4.749208244447800098e-07
1.007400000000000000e+04,4.748644357732700882e-07
1.007500000000000000e+04,4.747774369207036216e-07
1.007600000000000000e+04,4.746677291223022621e-07
1.007700000000000000e+04,4.746309514302993193e-07
1.007800000000000000e+04,4.745380977055901894e-07
1.007900000000000000e+04,4.744711361581721576e-07
1.008000000000000000e+04,4.744323973682185169e-07
1.008100000000000000e+04,4.743073986901436001e-07
1.008200000000000000e+04,4.743262991269148188e-07
1.008300000000000000e+04,4.742683756830956554e-07
1.008400000000000000e+04,4.741551435927249258e-07
1.008500000000000000e+04,4.740591066365595907e-07
1.008600000000000000e+04,4.739741257253626827e-07
1.008700000000000000e+04,4.739135874842759222e-07
1.008800000000000000e+04,4.738293455375242047e-07
1.008900000000000000e+04,4.737547669719788246e-07
1.009000000000000000e+04,4.736654091175296344e-07
1.009100000000000000e+04,4.735675531719607534e-07
1.009200000000000000e+04,4.734727951927197864e-07
1.009300000000000000e+04,4.733672369638952659e-07
1.009400000000000000e+04,4.733233822662441526e-07
1.009500000000000000e+04,4.735052243631798774e-07
1.009600000000000000e+04,4.733392131583968876e-07
1.009700000000000000e+04,4.733609841878205771e-07
1.009800000000000000e+04,4.733290950298396638e-07
1.009900000000000000e+04,4.733225864583801012e-07
1.010000000000000000e+04,4.733227285669272533e-07
1.010100000000000000e+04,4.733225864583801012e-07
1.010200000000000000e+04,4.733225864583801012e-07
1.010300000000000000e+04,4.733226148800895317e-07
1.010400000000000000e+04,4.733225864583801012e-07
1.010500000000000000e+04,4.733225864583801012e-07
1.010600000000000000e+04,4.733225864583801012e-07
1.010700000000000000e+04,4.733225864583801012e-07
1.010800000000000000e+04,4.733225864583801012e-07
1.010900000000000000e+04,4.735062759664288023e-07
1.011000000000000000e+04,4.733302603199263103e-07
1.011100000000000000e+04,4.733487628527655033e-07
1.011200000000000000e+04,4.733431069325888529e-07
1.011300000000000000e+04,4.733230980491498485e-07
1.011400000000000000e+04,4.733219611807726324e-07
1.011500000000000000e+04,4.733219611807726324e-07
1.011600000000000000e+04,4.733230127840215573e-07
1.011700000000000000e+04,4.733219611807726324e-07
1.011800000000000000e+04,4.733219611807726324e-07
1.011900000000000000e+04,4.733227285669272533e-07
1.012000000000000000e+04,4.733219611807726324e-07
1.012100000000000000e+04,4.733219611807726324e-07
1.012200000000000000e+04,4.733226148800895317e-07
1.012300000000000000e+04,4.733219611807726324e-07
1.012400000000000000e+04,4.733219611807726324e-07
1.012500000000000000e+04,4.733226148800895317e-07
1.012600000000000000e+04,4.733219611807726324e-07
1.012700000000000000e+04,4.733219611807726324e-07
1.012800000000000000e+04,4.733219611807726324e-07
1.012900000000000000e+04,4.733219611807726324e-07
1.013000000000000000e+04,4.733219611807726324e-07
1.013100000000000000e+04,4.733226148800895317e-07
1.013200000000000000e+04,4.733219611807726324e-07
1.013300000000000000e+04,4.733219611807726324e-07
1.013400000000000000e+04,4.733224727715423796e-07
1.013500000000000000e+04,4.733219611807726324e-07
1.013600000000000000e+04,4.733219611807726324e-07
1.013700000000000000e+04,4.733224727715423796e-07
1.013800000000000000e+04,4.733219611807726324e-07
1.013900000000000000e+04,4.733219611807726324e-07
1.014000000000000000e+04,4.733224727715423796e-07
1.014100000000000000e+04,4.733219611807726324e-07
1.014200000000000000e+04,6.466416380135342479e-07
1.014300000000000000e+04,4.733241212306893431e-07
1.014400000000000000e+04,4.733429648240417009e-07
1.014500000000000000e+04,4.733414868951513199e-07
1.014600000000000000e+04,4.733253149424854200e-07
1.014700000000000000e+04,4.733224727715423796e-07
1.014800000000000000e+04,4.733219611807726324e-07
1.014900000000000000e+04,4.733219611807726324e-07
1.015000000000000000e+04,4.733224727715423796e-07
1.015100000000000000e+04,4.733219611807726324e-07
1.015200000000000000e+04,4.733219611807726324e-07
1.015300000000000000e+04,4.733224727715423796e-07
1.015400000000000000e+04,4.733219611807726324e-07
1.015500000000000000e+04,4.733219611807726324e-07
1.015600000000000000e+04,4.733224727715423796e-07
1.015700000000000000e+04,4.733219611807726324e-07
1.015800000000000000e+04,4.733219611807726324e-07
1.015900000000000000e+04,4.733224727715423796e-07
1.016000000000000000e+04,4.733219611807726324e-07
1.016100000000000000e+04,4.733219611807726324e-07
1.016200000000000000e+04,4.733224727715423796e-07
1.016300000000000000e+04,4.733219611807726324e-07
1.016400000000000000e+04,4.733219611807726324e-07
1.016500000000000000e+04,4.733219611807726324e-07
1.016600000000000000e+04,4.733219611807726324e-07
1.016700000000000000e+04,4.733219611807726324e-07
1.016800000000000000e+04,4.733219611807726324e-07
1.016900000000000000e+04,4.733219611807726324e-07
1.017000000000000000e+04,4.733219611807726324e-07
1.017100000000000000e+04,4.733219611807726324e-07
