0.000000000000000000e+00,8.900058865547180176e-01
1.000000000000000000e+00,3.811969518661499023e+00
2.000000000000000000e+00,1.503906250000000000e+00
3.000000000000000000e+00,6.225757002830505371e-01
4.000000000000000000e+00,4.723817408084869385e-01
5.000000000000000000e+00,3.842415809631347656e-01
6.000000000000000000e+00,3.512105345726013184e-01
7.000000000000000000e+00,3.178560435771942139e-01
8.000000000000000000e+00,2.732338011264801025e-01
9.000000000000000000e+00,2.326594740152359009e-01
1.000000000000000000e+01,2.074496150016784668e-01
1.100000000000000000e+01,1.930996775627136230e-01
1.200000000000000000e+01,1.796439141035079956e-01
1.300000000000000000e+01,1.615396291017532349e-01
1.400000000000000000e+01,1.506676822900772095e-01
1.500000000000000000e+01,1.396491229534149170e-01
1.600000000000000000e+01,1.325436830520629883e-01
1.700000000000000000e+01,1.258697807788848877e-01
1.800000000000000000e+01,1.192431896924972534e-01
1.900000000000000000e+01,1.122221797704696655e-01
2.000000000000000000e+01,1.089756339788436890e-01
2.100000000000000000e+01,1.067710444331169128e-01
2.200000000000000000e+01,1.013480350375175476e-01
2.300000000000000000e+01,9.771492332220077515e-02
2.400000000000000000e+01,9.351458400487899780e-02
2.500000000000000000e+01,8.917202800512313843e-02
2.600000000000000000e+01,8.548099547624588013e-02
2.700000000000000000e+01,7.932655513286590576e-02
2.800000000000000000e+01,7.827770709991455078e-02
2.900000000000000000e+01,7.249228656291961670e-02
3.000000000000000000e+01,6.986969709396362305e-02
3.100000000000000000e+01,6.642928719520568848e-02
3.200000000000000000e+01,5.890334397554397583e-02
3.300000000000000000e+01,5.488531664013862610e-02
3.400000000000000000e+01,5.170079320669174194e-02
3.500000000000000000e+01,4.983313754200935364e-02
3.600000000000000000e+01,4.787581041455268860e-02
3.700000000000000000e+01,4.623254016041755676e-02
3.800000000000000000e+01,4.444324225187301636e-02
3.900000000000000000e+01,4.284697398543357849e-02
4.000000000000000000e+01,4.154102876782417297e-02
4.100000000000000000e+01,4.001298919320106506e-02
4.200000000000000000e+01,3.782306611537933350e-02
4.300000000000000000e+01,3.596279397606849670e-02
4.400000000000000000e+01,3.453561291098594666e-02
4.500000000000000000e+01,3.378350660204887390e-02
4.600000000000000000e+01,3.309623897075653076e-02
4.700000000000000000e+01,3.224880993366241455e-02
4.800000000000000000e+01,3.146374970674514771e-02
4.900000000000000000e+01,3.064713068306446075e-02
5.000000000000000000e+01,2.956414781510829926e-02
5.100000000000000000e+01,2.852708101272583008e-02
5.200000000000000000e+01,2.756904251873493195e-02
5.300000000000000000e+01,2.666519396007061005e-02
5.400000000000000000e+01,2.567295171320438385e-02
5.500000000000000000e+01,2.466019243001937866e-02
5.600000000000000000e+01,2.398330718278884888e-02
5.700000000000000000e+01,2.359556965529918671e-02
5.800000000000000000e+01,2.321772463619709015e-02
5.900000000000000000e+01,2.253012917935848236e-02
6.000000000000000000e+01,2.160982415080070496e-02
6.100000000000000000e+01,2.077872119843959808e-02
6.200000000000000000e+01,1.979669556021690369e-02
6.300000000000000000e+01,1.888656243681907654e-02
6.400000000000000000e+01,1.791786588728427887e-02
6.500000000000000000e+01,1.681443117558956146e-02
6.600000000000000000e+01,1.592994667589664459e-02
6.700000000000000000e+01,1.510595995932817459e-02
6.800000000000000000e+01,1.439063530415296555e-02
6.900000000000000000e+01,1.363633759319782257e-02
7.000000000000000000e+01,1.309667993336915970e-02
7.100000000000000000e+01,1.239698845893144608e-02
7.200000000000000000e+01,1.170132029801607132e-02
7.300000000000000000e+01,1.118212006986141205e-02
7.400000000000000000e+01,1.073607895523309708e-02
7.500000000000000000e+01,1.025242079049348831e-02
7.600000000000000000e+01,9.770483709871768951e-03
7.700000000000000000e+01,9.237280115485191345e-03
7.800000000000000000e+01,8.698989637196063995e-03
7.900000000000000000e+01,8.317362517118453979e-03
8.000000000000000000e+01,8.006384596228599548e-03
8.100000000000000000e+01,7.685816846787929535e-03
8.200000000000000000e+01,7.437389343976974487e-03
8.300000000000000000e+01,7.222497370094060898e-03
8.400000000000000000e+01,7.002996280789375305e-03
8.500000000000000000e+01,6.784657947719097137e-03
8.600000000000000000e+01,6.510888691991567612e-03
8.700000000000000000e+01,6.218070164322853088e-03
8.800000000000000000e+01,5.980364978313446045e-03
8.900000000000000000e+01,5.810291506350040436e-03
9.000000000000000000e+01,5.644552409648895264e-03
9.100000000000000000e+01,5.471548531204462051e-03
9.200000000000000000e+01,5.267710890620946884e-03
9.300000000000000000e+01,5.067850928753614426e-03
9.400000000000000000e+01,4.885775968432426453e-03
9.500000000000000000e+01,4.747025202959775925e-03
9.600000000000000000e+01,4.615607671439647675e-03
9.700000000000000000e+01,4.463561810553073883e-03
9.800000000000000000e+01,4.288745112717151642e-03
9.900000000000000000e+01,4.156356677412986755e-03
1.000000000000000000e+02,4.040007945150136948e-03
1.010000000000000000e+02,3.925763536244630814e-03
1.020000000000000000e+02,3.803210798650979996e-03
1.030000000000000000e+02,3.698025830090045929e-03
1.040000000000000000e+02,3.563779173418879509e-03
1.050000000000000000e+02,3.354459069669246674e-03
1.060000000000000000e+02,3.173641860485076904e-03
1.070000000000000000e+02,3.035241970792412758e-03
1.080000000000000000e+02,2.926279557868838310e-03
1.090000000000000000e+02,2.815346000716090202e-03
1.100000000000000000e+02,2.690606983378529549e-03
1.110000000000000000e+02,2.607789123430848122e-03
1.120000000000000000e+02,2.538470318540930748e-03
1.130000000000000000e+02,2.418133197352290154e-03
1.140000000000000000e+02,2.301780972629785538e-03
1.150000000000000000e+02,2.194094471633434296e-03
1.160000000000000000e+02,2.098387107253074646e-03
1.170000000000000000e+02,2.053880831226706505e-03
1.180000000000000000e+02,2.017848659306764603e-03
1.190000000000000000e+02,1.959705259650945663e-03
1.200000000000000000e+02,1.899198163300752640e-03
1.210000000000000000e+02,1.858381438069045544e-03
1.220000000000000000e+02,1.823601545765995979e-03
1.230000000000000000e+02,1.791726332157850266e-03
1.240000000000000000e+02,1.752432668581604958e-03
1.250000000000000000e+02,1.694413367658853531e-03
1.260000000000000000e+02,1.657088054344058037e-03
1.270000000000000000e+02,1.619435846805572510e-03
1.280000000000000000e+02,1.590730622410774231e-03
1.290000000000000000e+02,1.561559271067380905e-03
1.300000000000000000e+02,1.504461281001567841e-03
1.310000000000000000e+02,1.470519462600350380e-03
1.320000000000000000e+02,1.416284125298261642e-03
1.330000000000000000e+02,1.395663595758378506e-03
1.340000000000000000e+02,1.364838331937789917e-03
1.350000000000000000e+02,1.336261513642966747e-03
1.360000000000000000e+02,1.296910806559026241e-03
1.370000000000000000e+02,1.265222788788378239e-03
1.380000000000000000e+02,1.241413643583655357e-03
1.390000000000000000e+02,1.214494346641004086e-03
1.400000000000000000e+02,1.189922448247671127e-03
1.410000000000000000e+02,1.165119116194546223e-03
1.420000000000000000e+02,1.139921369031071663e-03
1.430000000000000000e+02,1.116619678214192390e-03
1.440000000000000000e+02,1.093342551030218601e-03
1.450000000000000000e+02,1.072245999239385128e-03
1.460000000000000000e+02,1.056491513736546040e-03
1.470000000000000000e+02,1.040031434968113899e-03
1.480000000000000000e+02,1.024086028337478638e-03
1.490000000000000000e+02,1.005796832032501698e-03
1.500000000000000000e+02,9.849559282884001732e-04
1.510000000000000000e+02,9.704874246381223202e-04
1.520000000000000000e+02,9.560838807374238968e-04
1.530000000000000000e+02,9.338993113487958908e-04
1.540000000000000000e+02,9.246728150174021721e-04
1.550000000000000000e+02,9.129773243330419064e-04
1.560000000000000000e+02,9.007610497064888477e-04
1.570000000000000000e+02,8.902768022380769253e-04
1.580000000000000000e+02,8.724757935851812363e-04
1.590000000000000000e+02,8.666128269396722317e-04
1.600000000000000000e+02,8.441577665507793427e-04
1.610000000000000000e+02,8.373397868126630783e-04
1.620000000000000000e+02,8.293710998259484768e-04
1.630000000000000000e+02,8.220386225730180740e-04
1.640000000000000000e+02,8.125785971060395241e-04
1.650000000000000000e+02,7.996328640729188919e-04
1.660000000000000000e+02,7.887433166615664959e-04
1.670000000000000000e+02,7.771927630528807640e-04
1.680000000000000000e+02,7.630446925759315491e-04
1.690000000000000000e+02,7.559697842225432396e-04
1.700000000000000000e+02,7.541837403550744057e-04
1.710000000000000000e+02,7.395183783955872059e-04
1.720000000000000000e+02,7.346380734816193581e-04
1.730000000000000000e+02,7.252667564898729324e-04
1.740000000000000000e+02,7.223378052003681660e-04
1.750000000000000000e+02,7.159226224757730961e-04
1.760000000000000000e+02,7.089220453053712845e-04
1.770000000000000000e+02,7.007060921750962734e-04
1.780000000000000000e+02,6.920706946402788162e-04
1.790000000000000000e+02,6.905765039846301079e-04
1.800000000000000000e+02,6.793802022002637386e-04
1.810000000000000000e+02,6.760642281733453274e-04
1.820000000000000000e+02,6.713175680488348007e-04
1.830000000000000000e+02,6.646730471402406693e-04
1.840000000000000000e+02,6.539273308590054512e-04
1.850000000000000000e+02,6.429252680391073227e-04
1.860000000000000000e+02,6.376215605996549129e-04
1.870000000000000000e+02,6.329979514703154564e-04
1.880000000000000000e+02,6.259167566895484924e-04
1.890000000000000000e+02,6.128540844656527042e-04
1.900000000000000000e+02,6.070950767025351524e-04
1.910000000000000000e+02,5.994777311570942402e-04
1.920000000000000000e+02,5.940407863818109035e-04
1.930000000000000000e+02,5.901214317418634892e-04
1.940000000000000000e+02,5.841692909598350525e-04
1.950000000000000000e+02,5.768080009147524834e-04
1.960000000000000000e+02,5.661056493408977985e-04
1.970000000000000000e+02,5.579132703132927418e-04
1.980000000000000000e+02,5.485714646056294441e-04
1.990000000000000000e+02,5.417019128799438477e-04
2.000000000000000000e+02,5.352027365006506443e-04
2.010000000000000000e+02,5.280593177303671837e-04
2.020000000000000000e+02,5.207596113905310631e-04
2.030000000000000000e+02,5.093650543130934238e-04
2.040000000000000000e+02,5.098167457617819309e-04
2.050000000000000000e+02,5.039965617470443249e-04
2.060000000000000000e+02,4.985593841411173344e-04
2.070000000000000000e+02,4.896427271887660027e-04
2.080000000000000000e+02,4.847846867050975561e-04
2.090000000000000000e+02,4.773285472765564919e-04
2.100000000000000000e+02,4.723400925286114216e-04
2.110000000000000000e+02,4.678012337535619736e-04
2.120000000000000000e+02,4.626196750905364752e-04
2.130000000000000000e+02,4.548316937871277332e-04
2.140000000000000000e+02,4.511780862230807543e-04
2.150000000000000000e+02,4.456922470126301050e-04
2.160000000000000000e+02,4.428104439284652472e-04
2.170000000000000000e+02,4.399535246193408966e-04
2.180000000000000000e+02,4.367058863863348961e-04
2.190000000000000000e+02,4.323899338487535715e-04
2.200000000000000000e+02,4.294794925954192877e-04
2.210000000000000000e+02,4.260457062628120184e-04
2.220000000000000000e+02,4.204394354019314051e-04
2.230000000000000000e+02,4.214091168250888586e-04
2.240000000000000000e+02,4.175280046183615923e-04
2.250000000000000000e+02,4.140924429520964622e-04
2.260000000000000000e+02,4.125270934309810400e-04
2.270000000000000000e+02,4.105677653569728136e-04
2.280000000000000000e+02,4.091457230970263481e-04
2.290000000000000000e+02,4.066402325406670570e-04
2.300000000000000000e+02,4.036795580759644508e-04
2.310000000000000000e+02,3.993806021753698587e-04
2.320000000000000000e+02,3.952119150198996067e-04
2.330000000000000000e+02,3.911890962626785040e-04
2.340000000000000000e+02,3.873661044053733349e-04
2.350000000000000000e+02,3.837510594166815281e-04
2.360000000000000000e+02,3.838695411104708910e-04
2.370000000000000000e+02,3.810930647887289524e-04
2.380000000000000000e+02,3.783314314205199480e-04
2.390000000000000000e+02,3.768516471609473228e-04
2.400000000000000000e+02,3.735617501661181450e-04
2.410000000000000000e+02,3.709937445819377899e-04
2.420000000000000000e+02,3.685719857458025217e-04
2.430000000000000000e+02,3.662980161607265472e-04
2.440000000000000000e+02,3.638494526967406273e-04
2.450000000000000000e+02,3.583152138162404299e-04
2.460000000000000000e+02,3.609262348618358374e-04
2.470000000000000000e+02,3.561674966476857662e-04
2.480000000000000000e+02,3.530526300892233849e-04
2.490000000000000000e+02,3.507787478156387806e-04
2.500000000000000000e+02,3.482721222098916769e-04
2.510000000000000000e+02,3.454326360952109098e-04
2.520000000000000000e+02,3.422640438657253981e-04
2.530000000000000000e+02,3.388968762010335922e-04
2.540000000000000000e+02,3.363646101206541061e-04
2.550000000000000000e+02,3.340539406053721905e-04
2.560000000000000000e+02,3.301968972664326429e-04
2.570000000000000000e+02,3.290523600298911333e-04
2.580000000000000000e+02,3.254058829043060541e-04
2.590000000000000000e+02,3.238170174881815910e-04
2.600000000000000000e+02,3.213950258214026690e-04
2.610000000000000000e+02,3.180157800670713186e-04
2.620000000000000000e+02,3.144486399833112955e-04
2.630000000000000000e+02,3.119072644039988518e-04
2.640000000000000000e+02,3.093198174610733986e-04
2.650000000000000000e+02,3.059440059587359428e-04
2.660000000000000000e+02,3.010492946486920118e-04
2.670000000000000000e+02,2.967340114992111921e-04
2.680000000000000000e+02,2.943086728919297457e-04
2.690000000000000000e+02,2.914559154305607080e-04
2.700000000000000000e+02,2.907543675974011421e-04
2.710000000000000000e+02,2.873179328162223101e-04
2.720000000000000000e+02,2.855164639186114073e-04
2.730000000000000000e+02,2.839954104274511337e-04
2.740000000000000000e+02,2.815516781993210316e-04
2.750000000000000000e+02,2.797050110530108213e-04
2.760000000000000000e+02,2.771879080682992935e-04
2.770000000000000000e+02,2.758097834885120392e-04
2.780000000000000000e+02,2.733353758230805397e-04
2.790000000000000000e+02,2.704598300624638796e-04
2.800000000000000000e+02,2.672688569873571396e-04
2.810000000000000000e+02,2.658615703694522381e-04
2.820000000000000000e+02,2.647892979439347982e-04
2.830000000000000000e+02,2.641518949531018734e-04
2.840000000000000000e+02,2.629935625009238720e-04
2.850000000000000000e+02,2.611257659737020731e-04
2.860000000000000000e+02,2.584381436463445425e-04
2.870000000000000000e+02,2.588209463283419609e-04
2.880000000000000000e+02,2.568263444118201733e-04
2.890000000000000000e+02,2.552465593907982111e-04
2.900000000000000000e+02,2.537790278438478708e-04
2.910000000000000000e+02,2.522862341720610857e-04
2.920000000000000000e+02,2.523706934880465269e-04
2.930000000000000000e+02,2.512037171982228756e-04
2.940000000000000000e+02,2.497004170436412096e-04
2.950000000000000000e+02,2.486509329173713923e-04
2.960000000000000000e+02,2.476085792295634747e-04
2.970000000000000000e+02,2.455721842125058174e-04
2.980000000000000000e+02,2.461365365888923407e-04
2.990000000000000000e+02,2.445569552946835756e-04
3.000000000000000000e+02,2.427873550914227962e-04
3.010000000000000000e+02,2.413787879049777985e-04
3.020000000000000000e+02,2.399048826191574335e-04
3.030000000000000000e+02,2.384954423177987337e-04
3.040000000000000000e+02,2.368140412727370858e-04
3.050000000000000000e+02,2.351419389015063643e-04
3.060000000000000000e+02,2.338684280402958393e-04
3.070000000000000000e+02,2.327366819372400641e-04
3.080000000000000000e+02,2.316774334758520126e-04
3.090000000000000000e+02,2.304188674315810204e-04
3.100000000000000000e+02,2.293705474585294724e-04
3.110000000000000000e+02,2.265422372147440910e-04
3.120000000000000000e+02,2.252186532132327557e-04
3.130000000000000000e+02,2.228222874691709876e-04
3.140000000000000000e+02,2.217398578068241477e-04
3.150000000000000000e+02,2.209640806540846825e-04
3.160000000000000000e+02,2.196491695940494537e-04
3.170000000000000000e+02,2.196823334088549018e-04
3.180000000000000000e+02,2.188437501899898052e-04
3.190000000000000000e+02,2.176504640374332666e-04
3.200000000000000000e+02,2.165657933801412582e-04
3.210000000000000000e+02,2.155839029001072049e-04
3.220000000000000000e+02,2.138694835593923926e-04
3.230000000000000000e+02,2.125788741977885365e-04
3.240000000000000000e+02,2.114319504471495748e-04
3.250000000000000000e+02,2.096458920277655125e-04
3.260000000000000000e+02,2.087684697471559048e-04
3.270000000000000000e+02,2.076990640489384532e-04
3.280000000000000000e+02,2.064341533696278930e-04
3.290000000000000000e+02,2.055123768514022231e-04
3.300000000000000000e+02,2.048044261755421758e-04
3.310000000000000000e+02,2.034523495240136981e-04
3.320000000000000000e+02,2.029795141424983740e-04
3.330000000000000000e+02,2.022518601734191179e-04
3.340000000000000000e+02,2.010299212997779250e-04
3.350000000000000000e+02,1.998946390813216567e-04
3.360000000000000000e+02,1.983259862754493952e-04
3.370000000000000000e+02,1.976413768716156483e-04
3.380000000000000000e+02,1.971818564925342798e-04
3.390000000000000000e+02,1.965499104699119925e-04
3.400000000000000000e+02,1.953878672793507576e-04
3.410000000000000000e+02,1.941148511832579970e-04
3.420000000000000000e+02,1.926847762661054730e-04
3.430000000000000000e+02,1.915965549414977431e-04
3.440000000000000000e+02,1.909240818349644542e-04
3.450000000000000000e+02,1.902539370348677039e-04
3.460000000000000000e+02,1.894849265227094293e-04
3.470000000000000000e+02,1.887244579847902060e-04
3.480000000000000000e+02,1.881705829873681068e-04
3.490000000000000000e+02,1.872792490758001804e-04
3.500000000000000000e+02,1.866554375737905502e-04
3.510000000000000000e+02,1.855453301686793566e-04
3.520000000000000000e+02,1.841885969042778015e-04
3.530000000000000000e+02,1.847834355430677533e-04
3.540000000000000000e+02,1.831455010687932372e-04
3.550000000000000000e+02,1.817639422370120883e-04
3.560000000000000000e+02,1.809710520319640636e-04
3.570000000000000000e+02,1.800782774807885289e-04
3.580000000000000000e+02,1.787215005606412888e-04
3.590000000000000000e+02,1.775201380951330066e-04
3.600000000000000000e+02,1.766067580319941044e-04
3.610000000000000000e+02,1.760813902365043759e-04
3.620000000000000000e+02,1.754923869157209992e-04
3.630000000000000000e+02,1.746895723044872284e-04
3.640000000000000000e+02,1.739417930366471410e-04
3.650000000000000000e+02,1.732247765175998211e-04
3.660000000000000000e+02,1.724211761029437184e-04
3.670000000000000000e+02,1.716707192827016115e-04
3.680000000000000000e+02,1.712749071884900331e-04
3.690000000000000000e+02,1.697126863291487098e-04
3.700000000000000000e+02,1.691811339696869254e-04
3.710000000000000000e+02,1.685371389612555504e-04
3.720000000000000000e+02,1.679171982686966658e-04
3.730000000000000000e+02,1.669790362939238548e-04
3.740000000000000000e+02,1.660303823882713914e-04
3.750000000000000000e+02,1.649366022320464253e-04
3.760000000000000000e+02,1.643712603254243731e-04
3.770000000000000000e+02,1.637798268347978592e-04
3.780000000000000000e+02,1.625817822059616446e-04
3.790000000000000000e+02,1.618303504073992372e-04
3.800000000000000000e+02,1.608370366739109159e-04
3.810000000000000000e+02,1.598753297002986073e-04
3.820000000000000000e+02,1.593883935129269958e-04
3.830000000000000000e+02,1.585879799677059054e-04
3.840000000000000000e+02,1.586410071467980742e-04
3.850000000000000000e+02,1.581540127517655492e-04
3.860000000000000000e+02,1.574931375216692686e-04
3.870000000000000000e+02,1.568949955981224775e-04
3.880000000000000000e+02,1.559782831463962793e-04
3.890000000000000000e+02,1.549271401017904282e-04
3.900000000000000000e+02,1.561331446282565594e-04
3.910000000000000000e+02,1.544880797155201435e-04
3.920000000000000000e+02,1.536064373794943094e-04
3.930000000000000000e+02,1.531684974906966090e-04
3.940000000000000000e+02,1.523210958112031221e-04
3.950000000000000000e+02,1.514010946266353130e-04
3.960000000000000000e+02,1.505917316535487771e-04
3.970000000000000000e+02,1.497745834058150649e-04
3.980000000000000000e+02,1.487527624703943729e-04
3.990000000000000000e+02,1.482738152844831347e-04
4.000000000000000000e+02,1.470036513637751341e-04
4.010000000000000000e+02,1.466656103730201721e-04
4.020000000000000000e+02,1.461875654058530927e-04
4.030000000000000000e+02,1.466782268835231662e-04
4.040000000000000000e+02,1.458772458136081696e-04
4.050000000000000000e+02,1.452506112400442362e-04
4.060000000000000000e+02,1.446902897441759706e-04
4.070000000000000000e+02,1.440847117919474840e-04
4.080000000000000000e+02,1.435541344108060002e-04
4.090000000000000000e+02,1.429820113116875291e-04
4.100000000000000000e+02,1.422639033989980817e-04
4.110000000000000000e+02,1.421119668520987034e-04
4.120000000000000000e+02,1.414827565895393491e-04
4.130000000000000000e+02,1.410388213116675615e-04
4.140000000000000000e+02,1.404106733389198780e-04
4.150000000000000000e+02,1.397781306877732277e-04
4.160000000000000000e+02,1.387018273817375302e-04
4.170000000000000000e+02,1.394996215822175145e-04
4.180000000000000000e+02,1.382610498694702983e-04
4.190000000000000000e+02,1.377962034894153476e-04
4.200000000000000000e+02,1.372909609926864505e-04
4.210000000000000000e+02,1.366730866720899940e-04
4.220000000000000000e+02,1.357779547106474638e-04
4.230000000000000000e+02,1.368216762784868479e-04
4.240000000000000000e+02,1.353567058686167002e-04
4.250000000000000000e+02,1.347586803603917360e-04
4.260000000000000000e+02,1.343268086202442646e-04
4.270000000000000000e+02,1.338457805104553699e-04
4.280000000000000000e+02,1.330827944912016392e-04
4.290000000000000000e+02,1.347838842775672674e-04
4.300000000000000000e+02,1.327829668298363686e-04
4.310000000000000000e+02,1.322049938607960939e-04
4.320000000000000000e+02,1.318340946454554796e-04
4.330000000000000000e+02,1.314483670284971595e-04
4.340000000000000000e+02,1.309438230236992240e-04
4.350000000000000000e+02,1.303747412748634815e-04
4.360000000000000000e+02,1.298809220315888524e-04
4.370000000000000000e+02,1.293461536988615990e-04
4.380000000000000000e+02,1.288966886932030320e-04
4.390000000000000000e+02,1.285326579818502069e-04
4.400000000000000000e+02,1.280946016777306795e-04
4.410000000000000000e+02,1.278809941140934825e-04
4.420000000000000000e+02,1.275089307455345988e-04
4.430000000000000000e+02,1.270966458832845092e-04
4.440000000000000000e+02,1.265026803594082594e-04
4.450000000000000000e+02,1.260987919522449374e-04
4.460000000000000000e+02,1.256369578186422586e-04
4.470000000000000000e+02,1.252517395187169313e-04
4.480000000000000000e+02,1.247013133252039552e-04
4.490000000000000000e+02,1.243164151674136519e-04
4.500000000000000000e+02,1.239092816831544042e-04
4.510000000000000000e+02,1.232459617312997580e-04
4.520000000000000000e+02,1.224774605361744761e-04
4.530000000000000000e+02,1.217214739881455898e-04
4.540000000000000000e+02,1.213670984725467861e-04
4.550000000000000000e+02,1.208695975947193801e-04
4.560000000000000000e+02,1.206016750074923038e-04
4.570000000000000000e+02,1.199481484945863485e-04
4.580000000000000000e+02,1.194441647385247052e-04
4.590000000000000000e+02,1.190199618577025831e-04
4.600000000000000000e+02,1.184644934255629778e-04
4.610000000000000000e+02,1.177775411633774638e-04
4.620000000000000000e+02,1.172702759504318237e-04
4.630000000000000000e+02,1.164892091765068471e-04
4.640000000000000000e+02,1.163285123766399920e-04
4.650000000000000000e+02,1.155540376203134656e-04
4.660000000000000000e+02,1.151674514403566718e-04
4.670000000000000000e+02,1.147761722677387297e-04
4.680000000000000000e+02,1.142544715548865497e-04
4.690000000000000000e+02,1.141154061770066619e-04
4.700000000000000000e+02,1.131166791310533881e-04
4.710000000000000000e+02,1.127952564274892211e-04
4.720000000000000000e+02,1.120870801969431341e-04
4.730000000000000000e+02,1.115374543587677181e-04
4.740000000000000000e+02,1.111207457142882049e-04
4.750000000000000000e+02,1.107845891965553164e-04
4.760000000000000000e+02,1.103485483326949179e-04
4.770000000000000000e+02,1.098350039683282375e-04
4.780000000000000000e+02,1.092962993425317109e-04
4.790000000000000000e+02,1.086531628970988095e-04
4.800000000000000000e+02,1.081395603250712156e-04
4.810000000000000000e+02,1.075440522981807590e-04
4.820000000000000000e+02,1.080981746781617403e-04
4.830000000000000000e+02,1.072045779437758029e-04
4.840000000000000000e+02,1.065123287844471633e-04
4.850000000000000000e+02,1.059919959516264498e-04
4.860000000000000000e+02,1.052242514560930431e-04
4.870000000000000000e+02,1.043301090248860419e-04
4.880000000000000000e+02,1.055506145348772407e-04
4.890000000000000000e+02,1.038733462337404490e-04
4.900000000000000000e+02,1.031475985655561090e-04
4.910000000000000000e+02,1.026287427521310747e-04
4.920000000000000000e+02,1.020360723487101495e-04
4.930000000000000000e+02,1.015495290630497038e-04
4.940000000000000000e+02,1.010412233881652355e-04
4.950000000000000000e+02,1.007365790428593755e-04
4.960000000000000000e+02,1.003943325486034155e-04
4.970000000000000000e+02,9.989474347094073892e-05
4.980000000000000000e+02,9.938335279002785683e-05
4.990000000000000000e+02,9.906101331580430269e-05
5.000000000000000000e+02,9.843464067671447992e-05
5.010000000000000000e+02,9.839057747740298510e-05
5.020000000000000000e+02,9.817869431572034955e-05
5.030000000000000000e+02,9.773077908903360367e-05
5.040000000000000000e+02,9.728293662192299962e-05
5.050000000000000000e+02,9.674832836026325822e-05
5.060000000000000000e+02,9.613827569410204887e-05
5.070000000000000000e+02,9.602031786926090717e-05
5.080000000000000000e+02,9.543651685817167163e-05
5.090000000000000000e+02,9.523390326648950577e-05
5.100000000000000000e+02,9.475244587520137429e-05
5.110000000000000000e+02,9.420011338079348207e-05
5.120000000000000000e+02,9.351084008812904358e-05
5.130000000000000000e+02,9.293441689806059003e-05
5.140000000000000000e+02,9.251851588487625122e-05
5.150000000000000000e+02,9.205730020767077804e-05
5.160000000000000000e+02,9.164824587060138583e-05
5.170000000000000000e+02,9.126867371378466487e-05
5.180000000000000000e+02,9.097158908843994141e-05
5.190000000000000000e+02,9.042298916028812528e-05
5.200000000000000000e+02,8.975741366157308221e-05
5.210000000000000000e+02,9.033217793330550194e-05
5.220000000000000000e+02,8.950415940489619970e-05
5.230000000000000000e+02,8.926490409066900611e-05
5.240000000000000000e+02,8.882549445843324065e-05
5.250000000000000000e+02,8.837662608129903674e-05
5.260000000000000000e+02,8.840071677695959806e-05
5.270000000000000000e+02,8.803943637758493423e-05
5.280000000000000000e+02,8.759895717957988381e-05
5.290000000000000000e+02,8.722883649170398712e-05
5.300000000000000000e+02,8.686052751727402210e-05
5.310000000000000000e+02,8.616995910415425897e-05
5.320000000000000000e+02,8.574111416237428784e-05
5.330000000000000000e+02,8.517802780261263251e-05
5.340000000000000000e+02,8.491495100315660238e-05
5.350000000000000000e+02,8.450774475932121277e-05
5.360000000000000000e+02,8.418573997914791107e-05
5.370000000000000000e+02,8.345944661414250731e-05
5.380000000000000000e+02,8.316853927681222558e-05
5.390000000000000000e+02,8.282426279038190842e-05
5.400000000000000000e+02,8.237184374593198299e-05
5.410000000000000000e+02,8.267578959930688143e-05
5.420000000000000000e+02,8.208908548112958670e-05
5.430000000000000000e+02,8.171076478902250528e-05
5.440000000000000000e+02,8.139220153680071235e-05
5.450000000000000000e+02,8.091239578789100051e-05
5.460000000000000000e+02,8.056632213992998004e-05
5.470000000000000000e+02,8.001328387763351202e-05
5.480000000000000000e+02,7.968978025019168854e-05
5.490000000000000000e+02,7.935462781460955739e-05
5.500000000000000000e+02,7.931995060062035918e-05
5.510000000000000000e+02,7.916076719993725419e-05
5.520000000000000000e+02,7.888313848525285721e-05
5.530000000000000000e+02,7.851656846469268203e-05
5.540000000000000000e+02,7.821687177056446671e-05
5.550000000000000000e+02,7.775821723043918610e-05
5.560000000000000000e+02,7.824762724339962006e-05
5.570000000000000000e+02,7.756530976621434093e-05
5.580000000000000000e+02,7.717115659033879638e-05
5.590000000000000000e+02,7.691524660913273692e-05
5.600000000000000000e+02,7.666472083656117320e-05
5.610000000000000000e+02,7.623934652656316757e-05
5.620000000000000000e+02,7.567268039565533400e-05
5.630000000000000000e+02,7.507737609557807446e-05
5.640000000000000000e+02,7.451132114510983229e-05
5.650000000000000000e+02,7.414523133775219321e-05
5.660000000000000000e+02,7.379222370218485594e-05
5.670000000000000000e+02,7.348130020545795560e-05
5.680000000000000000e+02,7.299271965166553855e-05
5.690000000000000000e+02,7.317689596675336361e-05
5.700000000000000000e+02,7.280425779754295945e-05
5.710000000000000000e+02,7.261038263095542789e-05
5.720000000000000000e+02,7.227038440760225058e-05
5.730000000000000000e+02,7.195225043687969446e-05
5.740000000000000000e+02,7.165659917518496513e-05
5.750000000000000000e+02,7.156789069995284081e-05
5.760000000000000000e+02,7.134796032914891839e-05
5.770000000000000000e+02,7.124053081497550011e-05
5.780000000000000000e+02,7.102492963895201683e-05
5.790000000000000000e+02,7.076411566231399775e-05
5.800000000000000000e+02,7.051695865811780095e-05
5.810000000000000000e+02,7.003339851507917047e-05
5.820000000000000000e+02,6.980894977459684014e-05
5.830000000000000000e+02,6.957643927307799459e-05
5.840000000000000000e+02,6.924591434653848410e-05
5.850000000000000000e+02,7.024475053185597062e-05
5.860000000000000000e+02,6.904207111801952124e-05
5.870000000000000000e+02,6.853797094663605094e-05
5.880000000000000000e+02,6.820668204454705119e-05
5.890000000000000000e+02,6.782529089832678437e-05
5.900000000000000000e+02,6.749269959982484579e-05
5.910000000000000000e+02,6.746947474312037230e-05
5.920000000000000000e+02,6.724127888446673751e-05
5.930000000000000000e+02,6.684968684567138553e-05
5.940000000000000000e+02,6.648422277066856623e-05
5.950000000000000000e+02,6.610922719119116664e-05
5.960000000000000000e+02,6.579482578672468662e-05
5.970000000000000000e+02,6.553059211000800133e-05
5.980000000000000000e+02,6.513873813673853874e-05
5.990000000000000000e+02,6.489609222626313567e-05
6.000000000000000000e+02,6.475188274635002017e-05
6.010000000000000000e+02,6.413656228687614202e-05
6.020000000000000000e+02,6.397585821105167270e-05
6.030000000000000000e+02,6.370722257997840643e-05
6.040000000000000000e+02,6.339440005831420422e-05
6.050000000000000000e+02,6.330595351755619049e-05
6.060000000000000000e+02,6.275975465541705489e-05
6.070000000000000000e+02,6.258343637455254793e-05
6.080000000000000000e+02,6.236147601157426834e-05
6.090000000000000000e+02,6.225676770554855466e-05
6.100000000000000000e+02,6.189713167259469628e-05
6.110000000000000000e+02,6.164743535919114947e-05
6.120000000000000000e+02,6.142824713606387377e-05
6.130000000000000000e+02,6.115606083767488599e-05
6.140000000000000000e+02,6.188509723870083690e-05
6.150000000000000000e+02,6.101029430283233523e-05
6.160000000000000000e+02,6.067869617254473269e-05
6.170000000000000000e+02,6.048059367458336055e-05
6.180000000000000000e+02,6.017980558681301773e-05
6.190000000000000000e+02,5.984621020616032183e-05
6.200000000000000000e+02,5.944725126028060913e-05
6.210000000000000000e+02,5.905815487494692206e-05
6.220000000000000000e+02,5.876656723557971418e-05
6.230000000000000000e+02,5.846393105457536876e-05
6.240000000000000000e+02,5.815345139126293361e-05
6.250000000000000000e+02,5.783709275419823825e-05
6.260000000000000000e+02,5.757657709182240069e-05
6.270000000000000000e+02,5.735645390814170241e-05
6.280000000000000000e+02,5.708860044251196086e-05
6.290000000000000000e+02,5.676094951923005283e-05
6.300000000000000000e+02,5.662694093189202249e-05
6.310000000000000000e+02,5.640390008920803666e-05
6.320000000000000000e+02,5.659908129018731415e-05
6.330000000000000000e+02,5.629674342344515026e-05
6.340000000000000000e+02,5.615343980025500059e-05
6.350000000000000000e+02,5.591685840045101941e-05
6.360000000000000000e+02,5.572918234975077212e-05
6.370000000000000000e+02,5.600885197054594755e-05
6.380000000000000000e+02,5.561692887567915022e-05
6.390000000000000000e+02,5.536844764719717205e-05
6.400000000000000000e+02,5.514535951078869402e-05
6.410000000000000000e+02,5.487788439495489001e-05
6.420000000000000000e+02,5.469549432746134698e-05
6.430000000000000000e+02,5.450806565931998193e-05
6.440000000000000000e+02,5.435811181087046862e-05
6.450000000000000000e+02,5.411476013250648975e-05
6.460000000000000000e+02,5.388311910792253911e-05
6.470000000000000000e+02,5.358734779292717576e-05
6.480000000000000000e+02,5.334317756933160126e-05
6.490000000000000000e+02,5.310477718012407422e-05
6.500000000000000000e+02,5.286836676532402635e-05
6.510000000000000000e+02,5.270657493383623660e-05
6.520000000000000000e+02,5.249704554444178939e-05
6.530000000000000000e+02,5.230085298535414040e-05
6.540000000000000000e+02,5.217826401349157095e-05
6.550000000000000000e+02,5.191643140278756618e-05
6.560000000000000000e+02,5.188983777770772576e-05
6.570000000000000000e+02,5.175900514586828649e-05
6.580000000000000000e+02,5.161092121852561831e-05
6.590000000000000000e+02,5.139862332725897431e-05
6.600000000000000000e+02,5.112618964631110430e-05
6.610000000000000000e+02,5.077534297015517950e-05
6.620000000000000000e+02,5.055048313806764781e-05
6.630000000000000000e+02,5.035997673985548317e-05
6.640000000000000000e+02,5.025653081247583032e-05
6.650000000000000000e+02,5.011543180444277823e-05
6.660000000000000000e+02,4.985026680515147746e-05
6.670000000000000000e+02,5.047104423283599317e-05
6.680000000000000000e+02,4.973683826392516494e-05
6.690000000000000000e+02,4.956105476594530046e-05
6.700000000000000000e+02,4.937137055094353855e-05
6.710000000000000000e+02,4.918639751849696040e-05
6.720000000000000000e+02,4.897838152828626335e-05
6.730000000000000000e+02,4.879229163634590805e-05
6.740000000000000000e+02,4.843369242735207081e-05
6.750000000000000000e+02,4.819067544303834438e-05
6.760000000000000000e+02,4.805960634257644415e-05
6.770000000000000000e+02,4.782343603437766433e-05
6.780000000000000000e+02,4.770243685925379395e-05
6.790000000000000000e+02,4.757980786962434649e-05
6.800000000000000000e+02,4.733368768938817084e-05
6.810000000000000000e+02,4.733673267764970660e-05
6.820000000000000000e+02,4.718550553661771119e-05
6.830000000000000000e+02,4.692592119681648910e-05
6.840000000000000000e+02,4.675584932556375861e-05
6.850000000000000000e+02,4.653902215068228543e-05
6.860000000000000000e+02,4.642482599592767656e-05
6.870000000000000000e+02,4.621549669536761940e-05
6.880000000000000000e+02,4.603639899869449437e-05
6.890000000000000000e+02,4.592229743138886988e-05
6.900000000000000000e+02,4.573407204588875175e-05
6.910000000000000000e+02,4.564428309095092118e-05
6.920000000000000000e+02,4.541997623164206743e-05
6.930000000000000000e+02,4.533883475232869387e-05
6.940000000000000000e+02,4.517298293649218976e-05
6.950000000000000000e+02,4.487851037993095815e-05
6.960000000000000000e+02,4.456995156942866743e-05
6.970000000000000000e+02,4.434975562617182732e-05
6.980000000000000000e+02,4.412975249579176307e-05
6.990000000000000000e+02,4.395786527311429381e-05
7.000000000000000000e+02,4.358997102826833725e-05
7.010000000000000000e+02,4.322487438912503421e-05
7.020000000000000000e+02,4.321855885791592300e-05
7.030000000000000000e+02,4.303158493712544441e-05
7.040000000000000000e+02,4.281002475181594491e-05
7.050000000000000000e+02,4.266201358404941857e-05
7.060000000000000000e+02,4.252023427397944033e-05
7.070000000000000000e+02,4.241349597577936947e-05
7.080000000000000000e+02,4.220543996780179441e-05
7.090000000000000000e+02,4.206865560263395309e-05
7.100000000000000000e+02,4.191706830170005560e-05
7.110000000000000000e+02,4.165588325122371316e-05
7.120000000000000000e+02,4.178333256277255714e-05
7.130000000000000000e+02,4.150375752942636609e-05
7.140000000000000000e+02,4.121804886381141841e-05
7.150000000000000000e+02,4.105781408725306392e-05
7.160000000000000000e+02,4.083097155671566725e-05
7.170000000000000000e+02,4.063336746185086668e-05
7.180000000000000000e+02,4.052649092045612633e-05
7.190000000000000000e+02,4.027240356663241982e-05
7.200000000000000000e+02,4.016690218122676015e-05
7.210000000000000000e+02,3.999143518740311265e-05
7.220000000000000000e+02,3.972238482674583793e-05
7.230000000000000000e+02,3.976406878791749477e-05
7.240000000000000000e+02,3.956985892727971077e-05
7.250000000000000000e+02,3.936926805181428790e-05
7.260000000000000000e+02,3.925628334400244057e-05
7.270000000000000000e+02,3.912941974704153836e-05
7.280000000000000000e+02,3.947374352719634771e-05
7.290000000000000000e+02,3.905156700056977570e-05
7.300000000000000000e+02,3.890209336532279849e-05
7.310000000000000000e+02,3.873038804158568382e-05
7.320000000000000000e+02,3.859509160974994302e-05
7.330000000000000000e+02,3.840662975562736392e-05
7.340000000000000000e+02,3.815248055616393685e-05
7.350000000000000000e+02,3.795931479544378817e-05
7.360000000000000000e+02,3.773384014493785799e-05
7.370000000000000000e+02,3.761261541512794793e-05
7.380000000000000000e+02,3.753215423785150051e-05
7.390000000000000000e+02,3.730403113877400756e-05
7.400000000000000000e+02,3.726544309756718576e-05
7.410000000000000000e+02,3.700503293657675385e-05
7.420000000000000000e+02,3.691323945531621575e-05
7.430000000000000000e+02,3.672348248073831201e-05
7.440000000000000000e+02,3.652769373729825020e-05
7.450000000000000000e+02,3.627854675869457424e-05
7.460000000000000000e+02,3.615966852521523833e-05
7.470000000000000000e+02,3.605619713198393583e-05
7.480000000000000000e+02,3.600856507546268404e-05
7.490000000000000000e+02,3.589302286854945123e-05
7.500000000000000000e+02,3.576900780899450183e-05
7.510000000000000000e+02,3.567655221559107304e-05
7.520000000000000000e+02,3.550266774254851043e-05
7.530000000000000000e+02,3.564340295270085335e-05
7.540000000000000000e+02,3.541802652762271464e-05
7.550000000000000000e+02,3.528695742716081440e-05
7.560000000000000000e+02,3.522558108670637012e-05
7.570000000000000000e+02,3.511635441100224853e-05
7.580000000000000000e+02,3.500483217067085207e-05
7.590000000000000000e+02,3.489088703645393252e-05
7.600000000000000000e+02,3.474230470601469278e-05
7.610000000000000000e+02,3.462134554865770042e-05
7.620000000000000000e+02,3.451185693847946823e-05
7.630000000000000000e+02,3.434126483625732362e-05
7.640000000000000000e+02,3.430401193327270448e-05
7.650000000000000000e+02,3.422190638957545161e-05
7.660000000000000000e+02,3.411698708077892661e-05
7.670000000000000000e+02,3.402702350285835564e-05
7.680000000000000000e+02,3.388447657926008105e-05
7.690000000000000000e+02,3.382671638973988593e-05
7.700000000000000000e+02,3.359812762937508523e-05
7.710000000000000000e+02,3.352564817760139704e-05
7.720000000000000000e+02,3.341963747516274452e-05
7.730000000000000000e+02,3.325712532387115061e-05
7.740000000000000000e+02,3.314950663479976356e-05
7.750000000000000000e+02,3.285975617473013699e-05
7.760000000000000000e+02,3.277817813795991242e-05
7.770000000000000000e+02,3.268457294325344265e-05
7.780000000000000000e+02,3.257287971791811287e-05
7.790000000000000000e+02,3.243507671868428588e-05
7.800000000000000000e+02,3.234506948501802981e-05
7.810000000000000000e+02,3.218051642761565745e-05
7.820000000000000000e+02,3.213055242667905986e-05
7.830000000000000000e+02,3.202912557753734291e-05
7.840000000000000000e+02,3.190201096003875136e-05
7.850000000000000000e+02,3.182207728968933225e-05
7.860000000000000000e+02,3.170759009663015604e-05
7.870000000000000000e+02,3.150484553771093488e-05
7.880000000000000000e+02,3.127635864075273275e-05
7.890000000000000000e+02,3.104391726083122194e-05
7.900000000000000000e+02,3.093323539360426366e-05
7.910000000000000000e+02,3.075849235756322742e-05
7.920000000000000000e+02,3.060493327211588621e-05
7.930000000000000000e+02,3.045894482056610286e-05
7.940000000000000000e+02,3.026805461558979005e-05
7.950000000000000000e+02,3.012848719663452357e-05
7.960000000000000000e+02,3.000708784384187311e-05
7.970000000000000000e+02,2.985130231536459178e-05
7.980000000000000000e+02,2.972724178107455373e-05
7.990000000000000000e+02,2.962689723062794656e-05
8.000000000000000000e+02,2.951195892819669098e-05
8.010000000000000000e+02,2.931524431915022433e-05
8.020000000000000000e+02,2.975273127958644181e-05
8.030000000000000000e+02,2.923754982475657016e-05
8.040000000000000000e+02,2.905114888562820852e-05
8.050000000000000000e+02,2.892785960284527391e-05
8.060000000000000000e+02,2.869945456041023135e-05
8.070000000000000000e+02,2.850700548151507974e-05
8.080000000000000000e+02,2.836617568391375244e-05
8.090000000000000000e+02,2.824608054652344435e-05
8.100000000000000000e+02,2.815736479533370584e-05
8.110000000000000000e+02,2.805528674798551947e-05
8.120000000000000000e+02,2.795450382109265774e-05
8.130000000000000000e+02,2.780943577818106860e-05
8.140000000000000000e+02,2.774745735223405063e-05
8.150000000000000000e+02,2.766857505775988102e-05
8.160000000000000000e+02,2.753632725216448307e-05
8.170000000000000000e+02,2.739330193435307592e-05
8.180000000000000000e+02,2.730960295593831688e-05
8.190000000000000000e+02,2.719817166507709771e-05
8.200000000000000000e+02,2.712740024435333908e-05
8.210000000000000000e+02,2.704628059291280806e-05
8.220000000000000000e+02,2.686780135263688862e-05
8.230000000000000000e+02,2.674644019862171263e-05
8.240000000000000000e+02,2.661662074388004839e-05
8.250000000000000000e+02,2.656031756487209350e-05
8.260000000000000000e+02,2.648862573551014066e-05
8.270000000000000000e+02,2.635311466292478144e-05
8.280000000000000000e+02,2.624950320750940591e-05
8.290000000000000000e+02,2.605280860734637827e-05
8.300000000000000000e+02,2.594153920654207468e-05
8.310000000000000000e+02,2.581234002718701959e-05
8.320000000000000000e+02,2.572057928773574531e-05
8.330000000000000000e+02,2.558932646934408695e-05
8.340000000000000000e+02,2.548424527049064636e-05
8.350000000000000000e+02,2.543798109400086105e-05
8.360000000000000000e+02,2.538160151743795723e-05
8.370000000000000000e+02,2.532193684601224959e-05
8.380000000000000000e+02,2.525540003261994570e-05
8.390000000000000000e+02,2.519436748116277158e-05
8.400000000000000000e+02,2.513096842449158430e-05
8.410000000000000000e+02,2.508091711206361651e-05
8.420000000000000000e+02,2.498112007742747664e-05
8.430000000000000000e+02,2.505571319488808513e-05
8.440000000000000000e+02,2.493774627509992570e-05
8.450000000000000000e+02,2.484858123352751136e-05
8.460000000000000000e+02,2.479378963471390307e-05
8.470000000000000000e+02,2.471831066941376776e-05
8.480000000000000000e+02,2.460064570186659694e-05
8.490000000000000000e+02,2.441479773551691324e-05
8.500000000000000000e+02,2.445947211526799947e-05
8.510000000000000000e+02,2.434061389067210257e-05
8.520000000000000000e+02,2.426331775495782495e-05
8.530000000000000000e+02,2.420292184979189187e-05
8.540000000000000000e+02,2.414271330053452402e-05
8.550000000000000000e+02,2.408881482551805675e-05
8.560000000000000000e+02,2.397130083409138024e-05
8.570000000000000000e+02,2.391820635239128023e-05
8.580000000000000000e+02,2.384516483289189637e-05
8.590000000000000000e+02,2.378466524532996118e-05
8.600000000000000000e+02,2.368577952438499779e-05
8.610000000000000000e+02,2.366937769693322480e-05
8.620000000000000000e+02,2.353536729060579091e-05
8.630000000000000000e+02,2.349938222323544323e-05
8.640000000000000000e+02,2.342827974644023925e-05
8.650000000000000000e+02,2.331582072656601667e-05
8.660000000000000000e+02,2.329415292479097843e-05
8.670000000000000000e+02,2.317815778951626271e-05
8.680000000000000000e+02,2.314787161594722420e-05
8.690000000000000000e+02,2.307159411429893225e-05
8.700000000000000000e+02,2.297418541274964809e-05
8.710000000000000000e+02,2.289534313604235649e-05
8.720000000000000000e+02,2.282008790643885732e-05
8.730000000000000000e+02,2.275189035572111607e-05
8.740000000000000000e+02,2.268862408527638763e-05
8.750000000000000000e+02,2.264002068841364235e-05
8.760000000000000000e+02,2.259626671730075032e-05
8.770000000000000000e+02,2.253183811262715608e-05
8.780000000000000000e+02,2.242781192762777209e-05
8.790000000000000000e+02,2.281077468069270253e-05
8.800000000000000000e+02,2.240042704215738922e-05
8.810000000000000000e+02,2.233235682069789618e-05
8.820000000000000000e+02,2.228254925285000354e-05
8.830000000000000000e+02,2.221612885477952659e-05
8.840000000000000000e+02,2.214555752289015800e-05
8.850000000000000000e+02,2.214904816355556250e-05
8.860000000000000000e+02,2.210379534517414868e-05
8.870000000000000000e+02,2.205762029916513711e-05
8.880000000000000000e+02,2.201859570050146431e-05
8.890000000000000000e+02,2.197512731072492898e-05
8.900000000000000000e+02,2.190007398894522339e-05
8.910000000000000000e+02,2.183955257351044565e-05
8.920000000000000000e+02,2.179411967517808080e-05
8.930000000000000000e+02,2.176717134716454893e-05
8.940000000000000000e+02,2.172778295062016696e-05
8.950000000000000000e+02,2.167101774830371141e-05
8.960000000000000000e+02,2.162139571737498045e-05
8.970000000000000000e+02,2.159696123271714896e-05
8.980000000000000000e+02,2.155663241865113378e-05
8.990000000000000000e+02,2.151353692170232534e-05
9.000000000000000000e+02,2.146193764929194003e-05
9.010000000000000000e+02,2.142586708941962570e-05
9.020000000000000000e+02,2.137431511073373258e-05
9.030000000000000000e+02,2.131609835487324744e-05
9.040000000000000000e+02,2.123282138200011104e-05
9.050000000000000000e+02,2.120303724950645119e-05
9.060000000000000000e+02,2.115151619364041835e-05
9.070000000000000000e+02,2.112438050971832126e-05
9.080000000000000000e+02,2.108848457282874733e-05
9.090000000000000000e+02,2.106106512655969709e-05
9.100000000000000000e+02,2.103340193571057171e-05
9.110000000000000000e+02,2.099932680721394718e-05
9.120000000000000000e+02,2.098843833664432168e-05
9.130000000000000000e+02,2.096454227284993976e-05
9.140000000000000000e+02,2.093621515086852014e-05
9.150000000000000000e+02,2.091043461405206472e-05
9.160000000000000000e+02,2.086570930259767920e-05
9.170000000000000000e+02,2.084954758174717426e-05
9.180000000000000000e+02,2.079794649034738541e-05
9.190000000000000000e+02,2.077697899949271232e-05
9.200000000000000000e+02,2.074189978884533048e-05
9.210000000000000000e+02,2.067834975605364889e-05
9.220000000000000000e+02,2.059079633909277618e-05
9.230000000000000000e+02,2.060034057649318129e-05
9.240000000000000000e+02,2.054076321655884385e-05
9.250000000000000000e+02,2.049350223387591541e-05
9.260000000000000000e+02,2.044986831606365740e-05
9.270000000000000000e+02,2.039725768554490060e-05
9.280000000000000000e+02,2.029880306508857757e-05
9.290000000000000000e+02,2.025918547587934881e-05
9.300000000000000000e+02,2.019105158979073167e-05
9.310000000000000000e+02,2.014334677369333804e-05
9.320000000000000000e+02,2.011866854445543140e-05
9.330000000000000000e+02,2.007531657000072300e-05
9.340000000000000000e+02,2.000345921260304749e-05
9.350000000000000000e+02,2.008034243772272021e-05
9.360000000000000000e+02,1.995640377572271973e-05
9.370000000000000000e+02,1.989148040593136102e-05
9.380000000000000000e+02,1.985558083106298000e-05
9.390000000000000000e+02,1.981728382816072553e-05
9.400000000000000000e+02,1.975821942323818803e-05
9.410000000000000000e+02,1.972883728740271181e-05
9.420000000000000000e+02,1.967724529094994068e-05
9.430000000000000000e+02,1.965197589015588164e-05
9.440000000000000000e+02,1.961522684723604470e-05
9.450000000000000000e+02,1.964512011909391731e-05
9.460000000000000000e+02,1.958580287464428693e-05
9.470000000000000000e+02,1.952999264176469296e-05
9.480000000000000000e+02,1.948493809322826564e-05
9.490000000000000000e+02,1.944475843629334122e-05
9.500000000000000000e+02,1.940788934007287025e-05
9.510000000000000000e+02,1.938189234351739287e-05
9.520000000000000000e+02,1.933586827362887561e-05
9.530000000000000000e+02,1.928712299559265375e-05
9.540000000000000000e+02,1.923935451486613601e-05
9.550000000000000000e+02,1.919045462273061275e-05
9.560000000000000000e+02,1.917080226121470332e-05
9.570000000000000000e+02,1.912219158839434385e-05
9.580000000000000000e+02,1.905361932585947216e-05
9.590000000000000000e+02,1.900766437756828964e-05
9.600000000000000000e+02,1.895929563033860177e-05
9.610000000000000000e+02,1.891950159915722907e-05
9.620000000000000000e+02,1.887971848191227764e-05
9.630000000000000000e+02,1.883106779132504016e-05
9.640000000000000000e+02,1.878083094197791070e-05
9.650000000000000000e+02,1.873416658781934530e-05
9.660000000000000000e+02,1.869338120741304010e-05
9.670000000000000000e+02,1.863167017290834337e-05
9.680000000000000000e+02,1.858220457506831735e-05
9.690000000000000000e+02,1.855383015936240554e-05
9.700000000000000000e+02,1.851638626249041408e-05
9.710000000000000000e+02,1.849582440627273172e-05
9.720000000000000000e+02,1.845672886702232063e-05
9.730000000000000000e+02,1.841398807300720364e-05
9.740000000000000000e+02,1.834149770729709417e-05
9.750000000000000000e+02,1.829131178965326399e-05
9.760000000000000000e+02,1.824218634283170104e-05
9.770000000000000000e+02,1.819634599087294191e-05
9.780000000000000000e+02,1.814987626858055592e-05
9.790000000000000000e+02,1.820343095459975302e-05
9.800000000000000000e+02,1.812400296330451965e-05
9.810000000000000000e+02,1.807565604394767433e-05
9.820000000000000000e+02,1.805523424991406500e-05
9.830000000000000000e+02,1.802159204089548439e-05
9.840000000000000000e+02,1.798596349544823170e-05
9.850000000000000000e+02,1.792726834537461400e-05
9.860000000000000000e+02,1.789289672160521150e-05
9.870000000000000000e+02,1.782776780601125211e-05
9.880000000000000000e+02,1.779949161573313177e-05
9.890000000000000000e+02,1.777371835487429053e-05
9.900000000000000000e+02,1.774313386704307050e-05
9.910000000000000000e+02,1.768268339219503105e-05
9.920000000000000000e+02,1.763558793754782528e-05
9.930000000000000000e+02,1.759529914124868810e-05
9.940000000000000000e+02,1.754402728693094105e-05
9.950000000000000000e+02,1.752569005475379527e-05
9.960000000000000000e+02,1.747174428601283580e-05
9.970000000000000000e+02,1.745452209434006363e-05
9.980000000000000000e+02,1.740317748044617474e-05
9.990000000000000000e+02,1.738558057695627213e-05
1.000000000000000000e+03,1.733863973640836775e-05
1.001000000000000000e+03,1.732078817440196872e-05
1.002000000000000000e+03,1.729801442706957459e-05
1.003000000000000000e+03,1.732525743136648089e-05
1.004000000000000000e+03,1.728904862829949707e-05
1.005000000000000000e+03,1.726995287754107267e-05
1.006000000000000000e+03,1.723985405988059938e-05
1.007000000000000000e+03,1.719673491606954485e-05
1.008000000000000000e+03,1.719959800539072603e-05
1.009000000000000000e+03,1.717901795927900821e-05
1.010000000000000000e+03,1.714812970021739602e-05
1.011000000000000000e+03,1.712234552542213351e-05
1.012000000000000000e+03,1.707264163997024298e-05
1.013000000000000000e+03,1.701714609225746244e-05
1.014000000000000000e+03,1.705932663753628731e-05
1.015000000000000000e+03,1.699451422609854490e-05
1.016000000000000000e+03,1.696675462881103158e-05
1.017000000000000000e+03,1.694436650723218918e-05
1.018000000000000000e+03,1.691448960627894849e-05
1.019000000000000000e+03,1.688892189122270793e-05
1.020000000000000000e+03,1.686178438831120729e-05
1.021000000000000000e+03,1.683429763943422586e-05
1.022000000000000000e+03,1.680628884059842676e-05
1.023000000000000000e+03,1.676406282058451325e-05
1.024000000000000000e+03,1.672646612860262394e-05
1.025000000000000000e+03,1.670822712185326964e-05
1.026000000000000000e+03,1.669665834924671799e-05
1.027000000000000000e+03,1.668175718805287033e-05
1.028000000000000000e+03,1.666860043769702315e-05
1.029000000000000000e+03,1.665218587731942534e-05
1.030000000000000000e+03,1.662876820773817599e-05
1.031000000000000000e+03,1.661949499975889921e-05
1.032000000000000000e+03,1.657097345741931349e-05
1.033000000000000000e+03,1.655750747886486351e-05
1.034000000000000000e+03,1.652851824474055320e-05
1.035000000000000000e+03,1.650578815315384418e-05
1.036000000000000000e+03,1.646885903028305620e-05
1.037000000000000000e+03,1.644536314415745437e-05
1.038000000000000000e+03,1.642453753447625786e-05
1.039000000000000000e+03,1.638293178984895349e-05
1.040000000000000000e+03,1.634962609387002885e-05
1.041000000000000000e+03,1.629396138014271855e-05
1.042000000000000000e+03,1.626861376280430704e-05
1.043000000000000000e+03,1.624368087504990399e-05
1.044000000000000000e+03,1.621765113668516278e-05
1.045000000000000000e+03,1.616881490917876363e-05
1.046000000000000000e+03,1.623001116968225688e-05
1.047000000000000000e+03,1.614977736608125269e-05
1.048000000000000000e+03,1.612956657481845468e-05
1.049000000000000000e+03,1.611239895282778889e-05
1.050000000000000000e+03,1.608200182090513408e-05
1.051000000000000000e+03,1.603329837962519377e-05
1.052000000000000000e+03,1.603739474376197904e-05
1.053000000000000000e+03,1.600523501110728830e-05
1.054000000000000000e+03,1.596805668668821454e-05
1.055000000000000000e+03,1.594457899045664817e-05
1.056000000000000000e+03,1.592123226146213710e-05
1.057000000000000000e+03,1.589803468959871680e-05
1.058000000000000000e+03,1.587534279678948224e-05
1.059000000000000000e+03,1.585481732035987079e-05
1.060000000000000000e+03,1.583717312314547598e-05
1.061000000000000000e+03,1.583093762747012079e-05
1.062000000000000000e+03,1.577628245286177844e-05
1.063000000000000000e+03,1.576424074301030487e-05
1.064000000000000000e+03,1.573939698573667556e-05
1.065000000000000000e+03,1.581845026521477848e-05
1.066000000000000000e+03,1.572926157678011805e-05
1.067000000000000000e+03,1.570609492773655802e-05
1.068000000000000000e+03,1.566691571497358382e-05
1.069000000000000000e+03,1.562000761623494327e-05
1.070000000000000000e+03,1.560717646498233080e-05
1.071000000000000000e+03,1.557180985400918871e-05
1.072000000000000000e+03,1.555398375785443932e-05
1.073000000000000000e+03,1.552624780742917210e-05
1.074000000000000000e+03,1.548158616060391068e-05
1.075000000000000000e+03,1.547381543787196279e-05
1.076000000000000000e+03,1.540586163173429668e-05
1.077000000000000000e+03,1.539027107355650514e-05
1.078000000000000000e+03,1.537247590022161603e-05
1.079000000000000000e+03,1.534573311801068485e-05
1.080000000000000000e+03,1.533695467514917254e-05
1.081000000000000000e+03,1.529663495603017509e-05
1.082000000000000000e+03,1.528473512735217810e-05
1.083000000000000000e+03,1.527177846583072096e-05
1.084000000000000000e+03,1.525315747130662203e-05
1.085000000000000000e+03,1.522054935776395723e-05
1.086000000000000000e+03,1.518192402727436274e-05
1.087000000000000000e+03,1.514292944193584844e-05
1.088000000000000000e+03,1.512073595222318545e-05
1.089000000000000000e+03,1.509566027380060405e-05
1.090000000000000000e+03,1.507909018982900307e-05
1.091000000000000000e+03,1.506469561718404293e-05
1.092000000000000000e+03,1.503171915828716010e-05
1.093000000000000000e+03,1.508900822955183685e-05
1.094000000000000000e+03,1.501510996604338288e-05
1.095000000000000000e+03,1.499033078289357945e-05
1.096000000000000000e+03,1.496496315667172894e-05
1.097000000000000000e+03,1.494445314165204763e-05
1.098000000000000000e+03,1.491007787990383804e-05
1.099000000000000000e+03,1.486910605308366939e-05
1.100000000000000000e+03,1.485054508520988747e-05
1.101000000000000000e+03,1.480261653341585770e-05
1.102000000000000000e+03,1.478150807088240981e-05
1.103000000000000000e+03,1.476298257330199704e-05
1.104000000000000000e+03,1.474068176321452484e-05
1.105000000000000000e+03,1.472136045777006075e-05
1.106000000000000000e+03,1.468759819545084611e-05
1.107000000000000000e+03,1.465868990635499358e-05
1.108000000000000000e+03,1.462959517084527761e-05
1.109000000000000000e+03,1.460306793887866661e-05
1.110000000000000000e+03,1.458629685657797381e-05
1.111000000000000000e+03,1.457162943552248180e-05
1.112000000000000000e+03,1.455506662750849500e-05
1.113000000000000000e+03,1.452943524782313034e-05
1.114000000000000000e+03,1.450401214242447168e-05
1.115000000000000000e+03,1.447248450858751312e-05
1.116000000000000000e+03,1.450398394808871672e-05
1.117000000000000000e+03,1.445971156499581411e-05
1.118000000000000000e+03,1.444860117771895602e-05
1.119000000000000000e+03,1.442329630663152784e-05
1.120000000000000000e+03,1.440493178961332887e-05
1.121000000000000000e+03,1.446098121959948912e-05
1.122000000000000000e+03,1.438871731807012111e-05
1.123000000000000000e+03,1.435558624507393688e-05
1.124000000000000000e+03,1.432360386388609186e-05
1.125000000000000000e+03,1.430591964890481904e-05
1.126000000000000000e+03,1.428572522854665294e-05
1.127000000000000000e+03,1.425011760147754103e-05
1.128000000000000000e+03,1.424291895091300830e-05
1.129000000000000000e+03,1.419785894540837035e-05
1.130000000000000000e+03,1.418098963767988607e-05
1.131000000000000000e+03,1.415782116964692250e-05
1.132000000000000000e+03,1.412251185683999211e-05
1.133000000000000000e+03,1.409404467267449945e-05
1.134000000000000000e+03,1.406281262461561710e-05
1.135000000000000000e+03,1.404049544362351298e-05
1.136000000000000000e+03,1.401320696459151804e-05
1.137000000000000000e+03,1.399331722495844588e-05
1.138000000000000000e+03,1.394153241562889889e-05
1.139000000000000000e+03,1.392796002619434148e-05
1.140000000000000000e+03,1.390126635669730604e-05
1.141000000000000000e+03,1.387477186653995886e-05
1.142000000000000000e+03,1.384450479235965759e-05
1.143000000000000000e+03,1.381320089421933517e-05
1.144000000000000000e+03,1.379037803417304531e-05
1.145000000000000000e+03,1.375378087686840445e-05
1.146000000000000000e+03,1.370862992189358920e-05
1.147000000000000000e+03,1.368611447105649859e-05
1.148000000000000000e+03,1.364896252198377624e-05
1.149000000000000000e+03,1.364822946925414726e-05
1.150000000000000000e+03,1.362789589620660990e-05
1.151000000000000000e+03,1.360983515041880310e-05
1.152000000000000000e+03,1.356581469735829160e-05
1.153000000000000000e+03,1.353482912236358970e-05
1.154000000000000000e+03,1.347985744359903038e-05
1.155000000000000000e+03,1.344572592643089592e-05
1.156000000000000000e+03,1.342087216471554711e-05
1.157000000000000000e+03,1.340358721790835261e-05
1.158000000000000000e+03,1.338874881184892729e-05
1.159000000000000000e+03,1.336466084467247128e-05
1.160000000000000000e+03,1.332766441919375211e-05
1.161000000000000000e+03,1.328566031588707119e-05
1.162000000000000000e+03,1.325087214354425669e-05
1.163000000000000000e+03,1.322759362665237859e-05
1.164000000000000000e+03,1.320499450230272487e-05
1.165000000000000000e+03,1.318187241849955171e-05
1.166000000000000000e+03,1.315544704993953928e-05
1.167000000000000000e+03,1.314865494350669906e-05
1.168000000000000000e+03,1.310896732320543379e-05
1.169000000000000000e+03,1.308993432758143172e-05
1.170000000000000000e+03,1.306845570070436224e-05
1.171000000000000000e+03,1.307421371166128665e-05
1.172000000000000000e+03,1.305885325564304367e-05
1.173000000000000000e+03,1.304080888075986877e-05
1.174000000000000000e+03,1.301678457821253687e-05
1.175000000000000000e+03,1.299147879763040692e-05
1.176000000000000000e+03,1.298120878345798701e-05
1.177000000000000000e+03,1.296410573559114709e-05
1.178000000000000000e+03,1.295529909839387983e-05
1.179000000000000000e+03,1.293895820708712563e-05
1.180000000000000000e+03,1.291558874072507024e-05
1.181000000000000000e+03,1.287934446736471727e-05
1.182000000000000000e+03,1.288304338231682777e-05
1.183000000000000000e+03,1.285882262891391292e-05
1.184000000000000000e+03,1.283457913814345375e-05
1.185000000000000000e+03,1.280763262911932543e-05
1.186000000000000000e+03,1.278677882510237396e-05
1.187000000000000000e+03,1.276747843803605065e-05
1.188000000000000000e+03,1.275116756005445495e-05
1.189000000000000000e+03,1.273425550607498735e-05
1.190000000000000000e+03,1.272121699003037065e-05
1.191000000000000000e+03,1.269621861865743995e-05
1.192000000000000000e+03,1.267014249606290832e-05
1.193000000000000000e+03,1.265054834220791236e-05
1.194000000000000000e+03,1.263738249690504745e-05
1.195000000000000000e+03,1.262460318685043603e-05
1.196000000000000000e+03,1.260607859876472503e-05
1.197000000000000000e+03,1.257846543012419716e-05
1.198000000000000000e+03,1.257344047189690173e-05
1.199000000000000000e+03,1.254582821275107563e-05
1.200000000000000000e+03,1.253669233847176656e-05
1.201000000000000000e+03,1.252166293852496892e-05
1.202000000000000000e+03,1.250488185178255662e-05
1.203000000000000000e+03,1.248163061973173171e-05
1.204000000000000000e+03,1.246306783286854625e-05
1.205000000000000000e+03,1.244369468622608110e-05
1.206000000000000000e+03,1.242675352841615677e-05
1.207000000000000000e+03,1.240502115251729265e-05
1.208000000000000000e+03,1.237462947756284848e-05
1.209000000000000000e+03,1.234828505403129384e-05
1.210000000000000000e+03,1.232005979545647278e-05
1.211000000000000000e+03,1.234437331731896847e-05
1.212000000000000000e+03,1.230286579811945558e-05
1.213000000000000000e+03,1.227942993864417076e-05
1.214000000000000000e+03,1.226273798238253221e-05
1.215000000000000000e+03,1.224900188390165567e-05
1.216000000000000000e+03,1.223182334797456861e-05
1.217000000000000000e+03,1.220959529746323824e-05
1.218000000000000000e+03,1.219138448504963890e-05
1.219000000000000000e+03,1.216591408592648804e-05
1.220000000000000000e+03,1.222608989337459207e-05
1.221000000000000000e+03,1.215685733768623322e-05
1.222000000000000000e+03,1.213927771459566429e-05
1.223000000000000000e+03,1.212597453559283167e-05
1.224000000000000000e+03,1.210574191645719111e-05
1.225000000000000000e+03,1.208256344398250803e-05
1.226000000000000000e+03,1.206729666591854766e-05
1.227000000000000000e+03,1.204234831675421447e-05
1.228000000000000000e+03,1.202942530653672293e-05
1.229000000000000000e+03,1.201738086820114404e-05
1.230000000000000000e+03,1.199490998260444030e-05
1.231000000000000000e+03,1.197392793983453885e-05
1.232000000000000000e+03,1.195801178255351260e-05
1.233000000000000000e+03,1.194226388179231435e-05
1.234000000000000000e+03,1.192602394439745694e-05
1.235000000000000000e+03,1.190540479001356289e-05
1.236000000000000000e+03,1.188071473734453321e-05
1.237000000000000000e+03,1.188087298942264169e-05
1.238000000000000000e+03,1.186429381050402299e-05
1.239000000000000000e+03,1.184657412522938102e-05
1.240000000000000000e+03,1.183471613330766559e-05
1.241000000000000000e+03,1.181939660455100238e-05
1.242000000000000000e+03,1.180565686809131876e-05
1.243000000000000000e+03,1.179394439532188699e-05
1.244000000000000000e+03,1.178072125185281038e-05
1.245000000000000000e+03,1.176867590402252972e-05
1.246000000000000000e+03,1.175949546450283378e-05
1.247000000000000000e+03,1.173422515421407297e-05
1.248000000000000000e+03,1.172642078017815948e-05
1.249000000000000000e+03,1.171355688711628318e-05
1.250000000000000000e+03,1.171026269730646163e-05
1.251000000000000000e+03,1.168919789051869884e-05
1.252000000000000000e+03,1.168127437267685309e-05
1.253000000000000000e+03,1.167449318018043414e-05
1.254000000000000000e+03,1.166470701718935743e-05
1.255000000000000000e+03,1.164045352197717875e-05
1.256000000000000000e+03,1.166127731266897172e-05
1.257000000000000000e+03,1.162840089818928391e-05
1.258000000000000000e+03,1.161201726063154638e-05
1.259000000000000000e+03,1.160040392278460786e-05
1.260000000000000000e+03,1.159229850600240752e-05
1.261000000000000000e+03,1.158134818979306147e-05
1.262000000000000000e+03,1.155839890998322517e-05
1.263000000000000000e+03,1.154564415628556162e-05
1.264000000000000000e+03,1.152571167040150613e-05
1.265000000000000000e+03,1.150122625404037535e-05
1.266000000000000000e+03,1.148430237662978470e-05
1.267000000000000000e+03,1.145727219409309328e-05
1.268000000000000000e+03,1.143557165050879121e-05
1.269000000000000000e+03,1.141117627412313595e-05
1.270000000000000000e+03,1.139725918619660661e-05
1.271000000000000000e+03,1.138399966293945909e-05
1.272000000000000000e+03,1.137152776209404692e-05
1.273000000000000000e+03,1.132935449277283624e-05
1.274000000000000000e+03,1.129491829487960786e-05
1.275000000000000000e+03,1.128274834627518430e-05
1.276000000000000000e+03,1.125591279560467228e-05
1.277000000000000000e+03,1.124766731663839892e-05
1.278000000000000000e+03,1.122815683629596606e-05
1.279000000000000000e+03,1.119540320360101759e-05
1.280000000000000000e+03,1.132137913373298943e-05
1.281000000000000000e+03,1.118693398893810809e-05
1.282000000000000000e+03,1.116044313675956801e-05
1.283000000000000000e+03,1.114122824219521135e-05
1.284000000000000000e+03,1.111189885705243796e-05
1.285000000000000000e+03,1.110910034185508266e-05
1.286000000000000000e+03,1.108322430809494108e-05
1.287000000000000000e+03,1.107513162423856556e-05
1.288000000000000000e+03,1.105953469959786162e-05
1.289000000000000000e+03,1.105342016671784222e-05
1.290000000000000000e+03,1.102860824175877497e-05
1.291000000000000000e+03,1.101304496842203662e-05
1.292000000000000000e+03,1.099776545743225142e-05
1.293000000000000000e+03,1.097623317036777735e-05
1.294000000000000000e+03,1.096296273317420855e-05
1.295000000000000000e+03,1.092725142370909452e-05
1.296000000000000000e+03,1.091476497094845399e-05
1.297000000000000000e+03,1.089756187866441905e-05
1.298000000000000000e+03,1.088337558030616492e-05
1.299000000000000000e+03,1.087069631466874853e-05
1.300000000000000000e+03,1.084336599888047203e-05
1.301000000000000000e+03,1.082888775272294879e-05
1.302000000000000000e+03,1.080988567991880700e-05
1.303000000000000000e+03,1.079360390576766804e-05
1.304000000000000000e+03,1.078256536857225001e-05
1.305000000000000000e+03,1.076860735338414088e-05
1.306000000000000000e+03,1.082853577827336267e-05
1.307000000000000000e+03,1.075746786227682605e-05
1.308000000000000000e+03,1.073106705007376149e-05
1.309000000000000000e+03,1.071621682058321312e-05
1.310000000000000000e+03,1.069676454790169373e-05
1.311000000000000000e+03,1.068886194843798876e-05
1.312000000000000000e+03,1.067162429535528645e-05
1.313000000000000000e+03,1.066099230229156092e-05
1.314000000000000000e+03,1.065011747414246202e-05
1.315000000000000000e+03,1.063463878381298855e-05
1.316000000000000000e+03,1.070804319169837981e-05
1.317000000000000000e+03,1.062614137481432408e-05
1.318000000000000000e+03,1.060888553183758631e-05
1.319000000000000000e+03,1.059629630617564544e-05
1.320000000000000000e+03,1.058072757587069646e-05
1.321000000000000000e+03,1.057774989021709189e-05
1.322000000000000000e+03,1.055481880030129105e-05
1.323000000000000000e+03,1.054411950462963432e-05
1.324000000000000000e+03,1.053262985806213692e-05
1.325000000000000000e+03,1.051816798280924559e-05
1.326000000000000000e+03,1.049724778567906469e-05
1.327000000000000000e+03,1.047444584401091561e-05
1.328000000000000000e+03,1.046316901920363307e-05
1.329000000000000000e+03,1.044999044097494334e-05
1.330000000000000000e+03,1.043630163621855900e-05
1.331000000000000000e+03,1.041425548464758322e-05
1.332000000000000000e+03,1.038928985508391634e-05
1.333000000000000000e+03,1.038869777403306216e-05
1.334000000000000000e+03,1.037676247506169602e-05
1.335000000000000000e+03,1.036553567246301100e-05
1.336000000000000000e+03,1.034437536873156205e-05
1.337000000000000000e+03,1.033639182423939928e-05
1.338000000000000000e+03,1.032346790452720597e-05
1.339000000000000000e+03,1.031360079650767148e-05
1.340000000000000000e+03,1.030700695991981775e-05
1.341000000000000000e+03,1.028904898703331128e-05
1.342000000000000000e+03,1.029089980875141919e-05
1.343000000000000000e+03,1.027887174132047221e-05
1.344000000000000000e+03,1.025899928208673373e-05
1.345000000000000000e+03,1.024378161673666909e-05
1.346000000000000000e+03,1.022506512526888400e-05
1.347000000000000000e+03,1.021022490022005513e-05
1.348000000000000000e+03,1.019198953144950792e-05
1.349000000000000000e+03,1.017165504890726879e-05
1.350000000000000000e+03,1.014984536595875397e-05
1.351000000000000000e+03,1.012191751215141267e-05
1.352000000000000000e+03,1.008462731988402084e-05
1.353000000000000000e+03,1.006143975246232003e-05
1.354000000000000000e+03,1.002792760118609294e-05
1.355000000000000000e+03,1.001354121399344876e-05
1.356000000000000000e+03,9.997364941227715462e-06
1.357000000000000000e+03,9.964140190277248621e-06
1.358000000000000000e+03,9.968095582735259086e-06
1.359000000000000000e+03,9.947671969712246209e-06
1.360000000000000000e+03,9.928843610396143049e-06
1.361000000000000000e+03,9.922653589455876499e-06
1.362000000000000000e+03,9.908412721415515989e-06
1.363000000000000000e+03,9.900468285195529461e-06
1.364000000000000000e+03,9.884834071272052824e-06
1.365000000000000000e+03,9.866099389910232276e-06
1.366000000000000000e+03,9.853365554590709507e-06
1.367000000000000000e+03,9.827163921727333218e-06
1.368000000000000000e+03,9.813529686653055251e-06
1.369000000000000000e+03,9.804338333196938038e-06
1.370000000000000000e+03,9.791695447347592562e-06
1.371000000000000000e+03,9.766547918843571097e-06
1.372000000000000000e+03,9.795186997507698834e-06
1.373000000000000000e+03,9.752252481121104211e-06
1.374000000000000000e+03,9.724732080940157175e-06
1.375000000000000000e+03,9.707656317914370447e-06
1.376000000000000000e+03,9.692789717519190162e-06
1.377000000000000000e+03,9.676513400336261839e-06
1.378000000000000000e+03,9.647991646488662809e-06
1.379000000000000000e+03,9.645476893638260663e-06
1.380000000000000000e+03,9.618858712201472372e-06
1.381000000000000000e+03,9.610588676878251135e-06
1.382000000000000000e+03,9.593388313078321517e-06
1.383000000000000000e+03,9.581532140146009624e-06
1.384000000000000000e+03,9.563976163917686790e-06
1.385000000000000000e+03,9.554390999255701900e-06
1.386000000000000000e+03,9.543355190544389188e-06
1.387000000000000000e+03,9.528381269774399698e-06
1.388000000000000000e+03,9.510104064247570932e-06
1.389000000000000000e+03,9.496306120126973838e-06
1.390000000000000000e+03,9.484523616265505552e-06
1.391000000000000000e+03,9.472541933064348996e-06
1.392000000000000000e+03,9.459293323743622750e-06
1.393000000000000000e+03,9.452249287278391421e-06
1.394000000000000000e+03,9.441671863896772265e-06
1.395000000000000000e+03,9.436272193852346390e-06
1.396000000000000000e+03,9.418035915587097406e-06
1.397000000000000000e+03,9.448582204640842974e-06
1.398000000000000000e+03,9.411117389390710741e-06
1.399000000000000000e+03,9.398369911650661379e-06
1.400000000000000000e+03,9.383719770994503051e-06
1.401000000000000000e+03,9.365260666527319700e-06
1.402000000000000000e+03,9.361509910377208143e-06
1.403000000000000000e+03,9.342270459455903620e-06
1.404000000000000000e+03,9.334905371360946447e-06
1.405000000000000000e+03,9.324971870228182524e-06
1.406000000000000000e+03,9.311103895015548915e-06
1.407000000000000000e+03,9.282152859668713063e-06
1.408000000000000000e+03,9.285003216064069420e-06
1.409000000000000000e+03,9.265061635232996196e-06
1.410000000000000000e+03,9.248818059859331697e-06
1.411000000000000000e+03,9.236467121809255332e-06
1.412000000000000000e+03,9.221213986165821552e-06
1.413000000000000000e+03,9.194376616505905986e-06
1.414000000000000000e+03,9.179443622997496277e-06
1.415000000000000000e+03,9.164528819383122027e-06
1.416000000000000000e+03,9.145403055299539119e-06
1.417000000000000000e+03,9.132802915701176971e-06
1.418000000000000000e+03,9.117215086007490754e-06
1.419000000000000000e+03,9.097005204239394516e-06
1.420000000000000000e+03,9.083379154617432505e-06
1.421000000000000000e+03,9.047273124451749027e-06
1.422000000000000000e+03,9.159951332549098879e-06
1.423000000000000000e+03,9.039080396178178489e-06
1.424000000000000000e+03,9.026636689668521285e-06
1.425000000000000000e+03,9.013586350192781538e-06
1.426000000000000000e+03,8.991354661702644080e-06
1.427000000000000000e+03,8.972036994236987084e-06
1.428000000000000000e+03,8.949265975388698280e-06
1.429000000000000000e+03,8.933240678743459284e-06
1.430000000000000000e+03,8.930417607189156115e-06
1.431000000000000000e+03,8.920592335925903171e-06
1.432000000000000000e+03,8.913259989640209824e-06
1.433000000000000000e+03,8.900962711777538061e-06
1.434000000000000000e+03,8.887867807061411440e-06
1.435000000000000000e+03,8.864006304065696895e-06
1.436000000000000000e+03,8.849568985169753432e-06
1.437000000000000000e+03,8.839434485707897693e-06
1.438000000000000000e+03,8.832677849568426609e-06
1.439000000000000000e+03,8.820999937597662210e-06
1.440000000000000000e+03,8.806089681456796825e-06
1.441000000000000000e+03,8.794843779469374567e-06
1.442000000000000000e+03,8.782988516031764448e-06
1.443000000000000000e+03,8.772787623456679285e-06
1.444000000000000000e+03,8.765025995671749115e-06
1.445000000000000000e+03,8.744347724132239819e-06
1.446000000000000000e+03,8.725897714612074196e-06
1.447000000000000000e+03,8.704395440872758627e-06
1.448000000000000000e+03,8.695352335053030401e-06
1.449000000000000000e+03,8.684293788974173367e-06
1.450000000000000000e+03,8.681698091095313430e-06
1.451000000000000000e+03,8.665262612339574844e-06
1.452000000000000000e+03,8.654194971313700080e-06
1.453000000000000000e+03,8.645067282486706972e-06
1.454000000000000000e+03,8.637143764644861221e-06
1.455000000000000000e+03,8.635269296064507216e-06
1.456000000000000000e+03,8.616124432592187077e-06
1.457000000000000000e+03,8.608634743723087013e-06
1.458000000000000000e+03,8.597494343121070415e-06
1.459000000000000000e+03,8.585161594965029508e-06
1.460000000000000000e+03,8.588360287831164896e-06
1.461000000000000000e+03,8.576514119340572506e-06
1.462000000000000000e+03,8.562078619434032589e-06
1.463000000000000000e+03,8.553860425308812410e-06
1.464000000000000000e+03,8.539896043657790869e-06
1.465000000000000000e+03,8.543178410036489367e-06
1.466000000000000000e+03,8.534379048796836287e-06
1.467000000000000000e+03,8.525431439920794219e-06
1.468000000000000000e+03,8.513137800036929548e-06
1.469000000000000000e+03,8.504751349391881377e-06
1.470000000000000000e+03,8.495978363498579711e-06
1.471000000000000000e+03,8.480265933030750602e-06
1.472000000000000000e+03,8.486793376505374908e-06
1.473000000000000000e+03,8.472523404634557664e-06
1.474000000000000000e+03,8.459660421067383140e-06
1.475000000000000000e+03,8.450953828287310898e-06
1.476000000000000000e+03,8.443261322099715471e-06
1.477000000000000000e+03,8.434893061348702759e-06
1.478000000000000000e+03,8.427992725046351552e-06
1.479000000000000000e+03,8.420489393756724894e-06
1.480000000000000000e+03,8.411788257944863290e-06
1.481000000000000000e+03,8.402560524700675160e-06
1.482000000000000000e+03,8.390045877604279667e-06
1.483000000000000000e+03,8.381818588532041758e-06
1.484000000000000000e+03,8.365344910998828709e-06
1.485000000000000000e+03,8.353907105629332364e-06
1.486000000000000000e+03,8.334205631399527192e-06
1.487000000000000000e+03,8.324464943143539131e-06
1.488000000000000000e+03,8.317370884469710290e-06
1.489000000000000000e+03,8.309839358844328672e-06
1.490000000000000000e+03,8.301885827677324414e-06
1.491000000000000000e+03,8.293570317619014531e-06
1.492000000000000000e+03,8.284635441668797284e-06
1.493000000000000000e+03,8.272802006104029715e-06
1.494000000000000000e+03,8.258485650003422052e-06
1.495000000000000000e+03,8.245240678661502898e-06
1.496000000000000000e+03,8.233233529608696699e-06
1.497000000000000000e+03,8.220270501624327153e-06
1.498000000000000000e+03,8.206392521969974041e-06
1.499000000000000000e+03,8.185778824554290622e-06
1.500000000000000000e+03,8.169996362994424999e-06
1.501000000000000000e+03,8.149424502335023135e-06
1.502000000000000000e+03,8.140523277688771486e-06
1.503000000000000000e+03,8.121648534142877907e-06
1.504000000000000000e+03,8.108524525596294552e-06
1.505000000000000000e+03,8.094718396023381501e-06
1.506000000000000000e+03,8.091324161796364933e-06
1.507000000000000000e+03,8.070574949670117348e-06
1.508000000000000000e+03,8.064641406235750765e-06
1.509000000000000000e+03,8.054990757955238223e-06
1.510000000000000000e+03,8.040511602303013206e-06
1.511000000000000000e+03,8.057309059950057417e-06
1.512000000000000000e+03,8.030571734707336873e-06
1.513000000000000000e+03,8.012021680769976228e-06
1.514000000000000000e+03,8.003177754289936274e-06
1.515000000000000000e+03,7.992507562448736280e-06
1.516000000000000000e+03,7.978358553373254836e-06
1.517000000000000000e+03,7.962875315570272505e-06
1.518000000000000000e+03,7.945455763547215611e-06
1.519000000000000000e+03,7.936748261272441596e-06
1.520000000000000000e+03,7.927140359242912382e-06
1.521000000000000000e+03,7.918003575468901545e-06
1.522000000000000000e+03,7.902702236606273800e-06
1.523000000000000000e+03,7.893061592767480761e-06
1.524000000000000000e+03,7.880807970650494099e-06
1.525000000000000000e+03,7.873515642131678760e-06
1.526000000000000000e+03,7.866049600124824792e-06
1.527000000000000000e+03,7.848519089748151600e-06
1.528000000000000000e+03,7.862694474169984460e-06
1.529000000000000000e+03,7.838565579731948674e-06
1.530000000000000000e+03,7.825826287444215268e-06
1.531000000000000000e+03,7.813285265001468360e-06
1.532000000000000000e+03,7.806223948136903346e-06
1.533000000000000000e+03,7.797224498062860221e-06
1.534000000000000000e+03,7.792292308295145631e-06
1.535000000000000000e+03,7.784094123053364456e-06
1.536000000000000000e+03,7.775297490297816694e-06
1.537000000000000000e+03,7.763519533909857273e-06
1.538000000000000000e+03,7.748232746962457895e-06
1.539000000000000000e+03,7.741954505036119372e-06
1.540000000000000000e+03,7.728051969024818391e-06
1.541000000000000000e+03,7.722790542175062001e-06
1.542000000000000000e+03,7.715029823884833604e-06
1.543000000000000000e+03,7.711080797889735550e-06
1.544000000000000000e+03,7.703389201196841896e-06
1.545000000000000000e+03,7.699616617173887789e-06
1.546000000000000000e+03,7.696633474552072585e-06
1.547000000000000000e+03,7.690955499128904194e-06
1.548000000000000000e+03,7.678579095227178186e-06
1.549000000000000000e+03,7.688618097745347768e-06
1.550000000000000000e+03,7.672301762795541435e-06
1.551000000000000000e+03,7.662534699193201959e-06
1.552000000000000000e+03,7.654432920389808714e-06
1.553000000000000000e+03,7.646744961675722152e-06
1.554000000000000000e+03,7.635813744855113328e-06
1.555000000000000000e+03,7.627031209267443046e-06
1.556000000000000000e+03,7.615727099619107321e-06
1.557000000000000000e+03,7.607845873280894011e-06
1.558000000000000000e+03,7.598571301059564576e-06
1.559000000000000000e+03,7.585701496282126755e-06
1.560000000000000000e+03,7.571287369501078501e-06
1.561000000000000000e+03,7.560092399216955528e-06
1.562000000000000000e+03,7.548323083028662950e-06
1.563000000000000000e+03,7.538440968346549198e-06
1.564000000000000000e+03,7.525004548369906843e-06
1.565000000000000000e+03,7.506692327297059819e-06
1.566000000000000000e+03,7.497887509089196101e-06
1.567000000000000000e+03,7.488408755307318643e-06
1.568000000000000000e+03,7.479211035388289019e-06
1.569000000000000000e+03,7.462588655471336097e-06
1.570000000000000000e+03,7.449342319887364283e-06
1.571000000000000000e+03,7.433535756717901677e-06
1.572000000000000000e+03,7.446491508744657040e-06
1.573000000000000000e+03,7.427785476465942338e-06
1.574000000000000000e+03,7.416366770485183224e-06
1.575000000000000000e+03,7.404489679174730554e-06
1.576000000000000000e+03,7.388134235952747986e-06
1.577000000000000000e+03,7.371126685029594228e-06
1.578000000000000000e+03,7.367731086560525000e-06
1.579000000000000000e+03,7.350342002609977499e-06
1.580000000000000000e+03,7.345288850046927109e-06
1.581000000000000000e+03,7.335293503274442628e-06
1.582000000000000000e+03,7.320272743527311832e-06
1.583000000000000000e+03,7.323640602407976985e-06
1.584000000000000000e+03,7.312009529414353892e-06
1.585000000000000000e+03,7.298330274352338165e-06
1.586000000000000000e+03,7.290156190720153973e-06
1.587000000000000000e+03,7.276486485352506861e-06
1.588000000000000000e+03,7.262289727805182338e-06
1.589000000000000000e+03,7.248821020766627043e-06
1.590000000000000000e+03,7.254015599755803123e-06
1.591000000000000000e+03,7.242914307425962761e-06
1.592000000000000000e+03,7.232110419863602147e-06
1.593000000000000000e+03,7.224385626614093781e-06
1.594000000000000000e+03,7.208672741398913786e-06
1.595000000000000000e+03,7.206955615401966497e-06
1.596000000000000000e+03,7.193790224846452475e-06
1.597000000000000000e+03,7.185674348875181749e-06
1.598000000000000000e+03,7.173098765633767471e-06
1.599000000000000000e+03,7.160248060245066881e-06
1.600000000000000000e+03,7.224571618280606344e-06
1.601000000000000000e+03,7.155065304687013850e-06
1.602000000000000000e+03,7.140341949707362801e-06
1.603000000000000000e+03,7.127787739591440186e-06
1.604000000000000000e+03,7.111525519576389343e-06
1.605000000000000000e+03,7.099342383298790082e-06
1.606000000000000000e+03,7.087567610142286867e-06
1.607000000000000000e+03,7.079704118950758129e-06
1.608000000000000000e+03,7.063761131576029584e-06
1.609000000000000000e+03,7.052271030261181295e-06
1.610000000000000000e+03,7.037828254397027194e-06
1.611000000000000000e+03,7.028564141364768147e-06
1.612000000000000000e+03,7.020414614089531824e-06
1.613000000000000000e+03,7.013711183390114456e-06
1.614000000000000000e+03,7.006070063653169200e-06
1.615000000000000000e+03,6.994120667513925582e-06
1.616000000000000000e+03,6.985590061958646402e-06
1.617000000000000000e+03,6.974933967285323888e-06
1.618000000000000000e+03,6.956827746762428433e-06
1.619000000000000000e+03,6.951675004529533908e-06
1.620000000000000000e+03,6.940617367945378646e-06
1.621000000000000000e+03,6.933121312613366172e-06
1.622000000000000000e+03,6.923706678207963705e-06
1.623000000000000000e+03,6.910522188263712451e-06
1.624000000000000000e+03,6.901763299538288265e-06
1.625000000000000000e+03,6.887696599733317271e-06
1.626000000000000000e+03,6.880621640448225662e-06
1.627000000000000000e+03,6.862674581498140469e-06
1.628000000000000000e+03,6.856689651613123715e-06
1.629000000000000000e+03,6.838244189566466957e-06
1.630000000000000000e+03,6.830392976553412154e-06
1.631000000000000000e+03,6.820272119512083009e-06
1.632000000000000000e+03,6.807042609580093995e-06
1.633000000000000000e+03,6.817400389991234988e-06
1.634000000000000000e+03,6.800510163884609938e-06
1.635000000000000000e+03,6.789915460103657097e-06
1.636000000000000000e+03,6.783081516914535314e-06
1.637000000000000000e+03,6.767262675566598773e-06
1.638000000000000000e+03,6.748496616637567058e-06
1.639000000000000000e+03,6.816510904172901064e-06
1.640000000000000000e+03,6.743013727827928960e-06
1.641000000000000000e+03,6.727814707119250670e-06
1.642000000000000000e+03,6.717445103276986629e-06
1.643000000000000000e+03,6.704534371237969026e-06
1.644000000000000000e+03,6.692866918456275016e-06
1.645000000000000000e+03,6.684215350105660036e-06
1.646000000000000000e+03,6.672847121080849320e-06
1.647000000000000000e+03,6.671424216619925573e-06
1.648000000000000000e+03,6.653488981100963429e-06
1.649000000000000000e+03,6.646890142292249948e-06
1.650000000000000000e+03,6.637078513449523598e-06
1.651000000000000000e+03,6.624244178965454921e-06
1.652000000000000000e+03,6.615628990402910858e-06
1.653000000000000000e+03,6.592536010430194438e-06
1.654000000000000000e+03,6.585079518117709085e-06
1.655000000000000000e+03,6.579324690392240882e-06
1.656000000000000000e+03,6.572762231371598318e-06
1.657000000000000000e+03,6.566481260961154476e-06
1.658000000000000000e+03,6.559696885233279318e-06
1.659000000000000000e+03,6.550196758325910196e-06
1.660000000000000000e+03,6.536354248964926228e-06
1.661000000000000000e+03,6.526984179799910635e-06
1.662000000000000000e+03,6.518581358250230551e-06
1.663000000000000000e+03,6.511949777632253245e-06
1.664000000000000000e+03,6.502587439172202721e-06
1.665000000000000000e+03,6.497366030089324340e-06
1.666000000000000000e+03,6.485339781647780910e-06
1.667000000000000000e+03,6.478132490883581340e-06
1.668000000000000000e+03,6.470402240665862337e-06
1.669000000000000000e+03,6.462713372457074001e-06
1.670000000000000000e+03,6.449801276176003739e-06
1.671000000000000000e+03,6.440669949370203540e-06
1.672000000000000000e+03,6.434444912883918732e-06
1.673000000000000000e+03,6.427058451663469896e-06
1.674000000000000000e+03,6.424412276828661561e-06
1.675000000000000000e+03,6.412845777958864346e-06
1.676000000000000000e+03,6.408998160623013973e-06
1.677000000000000000e+03,6.400527126970700920e-06
1.678000000000000000e+03,6.393289368133991957e-06
1.679000000000000000e+03,6.386306722561130300e-06
1.680000000000000000e+03,6.382109404512448236e-06
1.681000000000000000e+03,6.378245416271965951e-06
1.682000000000000000e+03,6.371958534145960584e-06
1.683000000000000000e+03,6.360602583299623802e-06
1.684000000000000000e+03,6.351231604639906436e-06
1.685000000000000000e+03,6.336998922051861882e-06
1.686000000000000000e+03,6.326712082227459177e-06
1.687000000000000000e+03,6.320340162346838042e-06
1.688000000000000000e+03,6.313994617812568322e-06
1.689000000000000000e+03,6.304212092800298706e-06
1.690000000000000000e+03,6.293339993135305122e-06
1.691000000000000000e+03,6.274970019148895517e-06
1.692000000000000000e+03,6.258004759729374200e-06
1.693000000000000000e+03,6.250095339055405930e-06
1.694000000000000000e+03,6.233333351701730862e-06
1.695000000000000000e+03,6.225362994882743806e-06
1.696000000000000000e+03,6.216904239408904687e-06
1.697000000000000000e+03,6.206161287991562858e-06
1.698000000000000000e+03,6.194248726387741044e-06
1.699000000000000000e+03,6.182261131471022964e-06
1.700000000000000000e+03,6.169992047944106162e-06
1.701000000000000000e+03,6.162239515106193721e-06
1.702000000000000000e+03,6.151644356577889994e-06
1.703000000000000000e+03,6.141232915979344398e-06
1.704000000000000000e+03,6.125111212895717472e-06
1.705000000000000000e+03,6.104508429416455328e-06
1.706000000000000000e+03,6.117584234743844718e-06
1.707000000000000000e+03,6.095347089285496622e-06
1.708000000000000000e+03,6.084741471568122506e-06
1.709000000000000000e+03,6.079462764319032431e-06
1.710000000000000000e+03,6.075742930988781154e-06
1.711000000000000000e+03,6.066329206078080460e-06
1.712000000000000000e+03,6.061422027414664626e-06
1.713000000000000000e+03,6.052940534573281184e-06
1.714000000000000000e+03,6.049532203178387135e-06
1.715000000000000000e+03,6.042693712515756488e-06
1.716000000000000000e+03,6.033330009813653305e-06
1.717000000000000000e+03,6.024503818480297923e-06
1.718000000000000000e+03,6.017236501065781340e-06
1.719000000000000000e+03,6.010857305227546021e-06
1.720000000000000000e+03,5.999992936267517507e-06
1.721000000000000000e+03,6.000782832416007295e-06
1.722000000000000000e+03,5.993572813167702407e-06
1.723000000000000000e+03,5.985178177070338279e-06
1.724000000000000000e+03,5.976743068458745256e-06
1.725000000000000000e+03,5.973533461656188592e-06
1.726000000000000000e+03,5.968771802145056427e-06
1.727000000000000000e+03,5.960823727946262807e-06
1.728000000000000000e+03,5.956403128948295489e-06
1.729000000000000000e+03,5.945442808297229931e-06
1.730000000000000000e+03,5.948412763245869428e-06
1.731000000000000000e+03,5.939766197116114199e-06
1.732000000000000000e+03,5.929822691541630775e-06
1.733000000000000000e+03,5.923837761656614020e-06
1.734000000000000000e+03,5.917350335948867723e-06
1.735000000000000000e+03,5.915429937886074185e-06
1.736000000000000000e+03,5.909788796998327598e-06
1.737000000000000000e+03,5.906690148549387231e-06
1.738000000000000000e+03,5.904017598368227482e-06
1.739000000000000000e+03,5.899510142626240849e-06
1.740000000000000000e+03,5.890737611480290070e-06
1.741000000000000000e+03,5.885061000299174339e-06
1.742000000000000000e+03,5.878332103748107329e-06
1.743000000000000000e+03,5.873733698535943404e-06
1.744000000000000000e+03,5.869419965165434405e-06
1.745000000000000000e+03,5.861388672201428562e-06
1.746000000000000000e+03,5.851999048900324851e-06
1.747000000000000000e+03,5.845715804753126577e-06
1.748000000000000000e+03,5.838097422383725643e-06
1.749000000000000000e+03,5.831338967254851013e-06
1.750000000000000000e+03,5.814783435198478401e-06
1.751000000000000000e+03,5.826730102853616700e-06
1.752000000000000000e+03,5.808657533634686843e-06
1.753000000000000000e+03,5.800164672109531239e-06
1.754000000000000000e+03,5.794273874926147982e-06
1.755000000000000000e+03,5.787848749605473131e-06
1.756000000000000000e+03,5.775867975899018347e-06
1.757000000000000000e+03,5.799953214591369033e-06
1.758000000000000000e+03,5.770497864432400092e-06
1.759000000000000000e+03,5.761881766375154257e-06
1.760000000000000000e+03,5.756169684900669381e-06
1.761000000000000000e+03,5.751500339101767167e-06
1.762000000000000000e+03,5.740665528719546273e-06
1.763000000000000000e+03,5.751645403506699950e-06
1.764000000000000000e+03,5.735654212912777439e-06
1.765000000000000000e+03,5.725114988308632746e-06
1.766000000000000000e+03,5.719231012335512787e-06
1.767000000000000000e+03,5.712240181310335174e-06
1.768000000000000000e+03,5.703799615730531514e-06
1.769000000000000000e+03,5.694049377780174837e-06
1.770000000000000000e+03,5.685183623427292332e-06
1.771000000000000000e+03,5.677089120581513271e-06
1.772000000000000000e+03,5.671151029673637822e-06
1.773000000000000000e+03,5.661504928866634145e-06
1.774000000000000000e+03,5.658695044985506684e-06
1.775000000000000000e+03,5.646749741572421044e-06
1.776000000000000000e+03,5.639474238705588505e-06
1.777000000000000000e+03,5.632422016788041219e-06
1.778000000000000000e+03,5.622915068670408800e-06
1.779000000000000000e+03,5.653532753058243543e-06
1.780000000000000000e+03,5.617784154310356826e-06
1.781000000000000000e+03,5.608856099570402876e-06
1.782000000000000000e+03,5.600954409601399675e-06
1.783000000000000000e+03,5.594191861746367067e-06
1.784000000000000000e+03,5.584631708188680932e-06
1.785000000000000000e+03,5.580004199146060273e-06
1.786000000000000000e+03,5.571175279328599572e-06
1.787000000000000000e+03,5.562731075769988820e-06
1.788000000000000000e+03,5.545459771383320913e-06
1.789000000000000000e+03,5.607118964690016583e-06
1.790000000000000000e+03,5.542638973565772176e-06
1.791000000000000000e+03,5.533137027668999508e-06
1.792000000000000000e+03,5.527101620828034356e-06
1.793000000000000000e+03,5.524614607566036284e-06
1.794000000000000000e+03,5.517092176887672395e-06
1.795000000000000000e+03,5.514084023161558434e-06
1.796000000000000000e+03,5.507814421434886754e-06
1.797000000000000000e+03,5.501427494891686365e-06
1.798000000000000000e+03,5.493327989825047553e-06
1.799000000000000000e+03,5.484928806254174560e-06
1.800000000000000000e+03,5.480896106746513397e-06
1.801000000000000000e+03,5.472311841003829613e-06
1.802000000000000000e+03,5.468173185363411903e-06
1.803000000000000000e+03,5.460804914036998525e-06
1.804000000000000000e+03,5.456964572658762336e-06
1.805000000000000000e+03,5.453069661598419771e-06
1.806000000000000000e+03,5.447679541248362511e-06
1.807000000000000000e+03,5.435430011857533827e-06
1.808000000000000000e+03,5.423685706773540005e-06
1.809000000000000000e+03,5.407243861554889008e-06
1.810000000000000000e+03,5.398740086093312129e-06
1.811000000000000000e+03,5.390928890847135335e-06
1.812000000000000000e+03,5.386806151363998652e-06
1.813000000000000000e+03,5.378825790103292093e-06
1.814000000000000000e+03,5.371139195631258190e-06
1.815000000000000000e+03,5.365072411223081872e-06
1.816000000000000000e+03,5.356203018891392276e-06
1.817000000000000000e+03,5.351627805794123560e-06
1.818000000000000000e+03,5.354050699679646641e-06
1.819000000000000000e+03,5.347366823116317391e-06
1.820000000000000000e+03,5.342706117517082021e-06
1.821000000000000000e+03,5.339893050404498354e-06
1.822000000000000000e+03,5.333973604138009250e-06
1.823000000000000000e+03,5.327040980773745105e-06
1.824000000000000000e+03,5.319559477356960997e-06
1.825000000000000000e+03,5.315124781191116199e-06
1.826000000000000000e+03,5.310702363203745335e-06
1.827000000000000000e+03,5.307552783051505685e-06
1.828000000000000000e+03,5.304559181240620092e-06
1.829000000000000000e+03,5.296670224197441712e-06
1.830000000000000000e+03,5.292954483593348414e-06
1.831000000000000000e+03,5.286488885758444667e-06
1.832000000000000000e+03,5.280982350086560473e-06
1.833000000000000000e+03,5.275134299154160544e-06
1.834000000000000000e+03,5.268400855129584670e-06
1.835000000000000000e+03,5.265993877401342615e-06
1.836000000000000000e+03,5.261577825876884162e-06
1.837000000000000000e+03,5.258441433397820219e-06
1.838000000000000000e+03,5.254860752756940201e-06
1.839000000000000000e+03,5.250634330877801403e-06
1.840000000000000000e+03,5.245067313808249310e-06
1.841000000000000000e+03,5.240585778665263206e-06
1.842000000000000000e+03,5.235635853750864044e-06
1.843000000000000000e+03,5.231438990449532866e-06
1.844000000000000000e+03,5.225592758506536484e-06
1.845000000000000000e+03,5.219704689807258546e-06
1.846000000000000000e+03,5.212706128077115864e-06
1.847000000000000000e+03,5.218581463850568980e-06
1.848000000000000000e+03,5.210018116486025974e-06
1.849000000000000000e+03,5.204406534176087007e-06
1.850000000000000000e+03,5.199226961849490181e-06
1.851000000000000000e+03,5.194496225158218294e-06
1.852000000000000000e+03,5.188897830521455035e-06
1.853000000000000000e+03,5.182878794585121796e-06
1.854000000000000000e+03,5.175362730369670317e-06
1.855000000000000000e+03,5.172239070816431195e-06
1.856000000000000000e+03,5.166368737263837829e-06
1.857000000000000000e+03,5.161538865650072694e-06
1.858000000000000000e+03,5.154644895810633898e-06
1.859000000000000000e+03,5.150325705471914262e-06
1.860000000000000000e+03,5.146609055373119190e-06
1.861000000000000000e+03,5.142213012732099742e-06
1.862000000000000000e+03,5.132607384439324960e-06
1.863000000000000000e+03,5.133086233399808407e-06
1.864000000000000000e+03,5.127248641656478867e-06
1.865000000000000000e+03,5.120375135447829962e-06
1.866000000000000000e+03,5.111960945214377716e-06
1.867000000000000000e+03,5.105312084197066724e-06
1.868000000000000000e+03,5.098997917230008170e-06
1.869000000000000000e+03,5.092799256090074778e-06
1.870000000000000000e+03,5.085980319563532248e-06
1.871000000000000000e+03,5.083268661110196263e-06
1.872000000000000000e+03,5.076175057183718309e-06
1.873000000000000000e+03,5.071997748018475249e-06
1.874000000000000000e+03,5.065863661002367735e-06
1.875000000000000000e+03,5.061016054241918027e-06
1.876000000000000000e+03,5.055825567978899926e-06
1.877000000000000000e+03,5.049566880188649520e-06
1.878000000000000000e+03,5.044558747613336891e-06
1.879000000000000000e+03,5.038449216954177245e-06
1.880000000000000000e+03,5.035188223700970411e-06
1.881000000000000000e+03,5.031347882322734222e-06
1.882000000000000000e+03,5.031858563597779721e-06
1.883000000000000000e+03,5.029573912906926125e-06
1.884000000000000000e+03,5.027218321629334241e-06
1.885000000000000000e+03,5.021693596063414589e-06
1.886000000000000000e+03,5.017285275243921205e-06
1.887000000000000000e+03,5.011225312046008185e-06
1.888000000000000000e+03,5.003685600968310609e-06
1.889000000000000000e+03,4.997517862648237497e-06
1.890000000000000000e+03,4.992897629563231021e-06
1.891000000000000000e+03,4.988997716282028705e-06
1.892000000000000000e+03,4.983303369954228401e-06
1.893000000000000000e+03,4.976259333488997072e-06
1.894000000000000000e+03,4.968804205418564379e-06
1.895000000000000000e+03,4.964200343238189816e-06
1.896000000000000000e+03,4.959736543241888285e-06
1.897000000000000000e+03,4.957360943080857396e-06
1.898000000000000000e+03,4.954073574481299147e-06
1.899000000000000000e+03,4.949706180923385546e-06
1.900000000000000000e+03,4.964870640833396465e-06
1.901000000000000000e+03,4.947482011630199850e-06
1.902000000000000000e+03,4.942997748003108427e-06
1.903000000000000000e+03,4.938824986311374232e-06
1.904000000000000000e+03,4.931718649459071457e-06
1.905000000000000000e+03,4.943873591400915757e-06
1.906000000000000000e+03,4.929454917146358639e-06
1.907000000000000000e+03,4.924534096062416211e-06
1.908000000000000000e+03,4.920023002341622487e-06
1.909000000000000000e+03,4.915088084089802578e-06
1.910000000000000000e+03,4.914918463327921927e-06
1.911000000000000000e+03,4.912746135232737288e-06
1.912000000000000000e+03,4.909088147542206571e-06
1.913000000000000000e+03,4.906075901089934632e-06
1.914000000000000000e+03,4.902753062197007239e-06
1.915000000000000000e+03,4.898703991784714162e-06
1.916000000000000000e+03,4.896072368865134194e-06
1.917000000000000000e+03,4.891543994745006785e-06
1.918000000000000000e+03,4.889077899861149490e-06
1.919000000000000000e+03,4.887195245828479528e-06
1.920000000000000000e+03,4.883048859483096749e-06
1.921000000000000000e+03,4.878571417066268623e-06
1.922000000000000000e+03,4.874767000728752464e-06
1.923000000000000000e+03,4.871640157944057137e-06
1.924000000000000000e+03,4.866782091994537041e-06
1.925000000000000000e+03,4.863271897193044424e-06
1.926000000000000000e+03,4.858772626903373748e-06
1.927000000000000000e+03,4.855215593124739826e-06
1.928000000000000000e+03,4.852632628171704710e-06
1.929000000000000000e+03,4.847679065278498456e-06
1.930000000000000000e+03,4.848813659918960184e-06
1.931000000000000000e+03,4.844085651711793616e-06
1.932000000000000000e+03,4.836743300984380767e-06
1.933000000000000000e+03,4.831283604289637879e-06
1.934000000000000000e+03,4.825452833756571636e-06
1.935000000000000000e+03,4.818444722332060337e-06
1.936000000000000000e+03,4.809297024621628225e-06
1.937000000000000000e+03,4.802059720532270148e-06
1.938000000000000000e+03,4.796531356987543404e-06
1.939000000000000000e+03,4.790646471519721672e-06
1.940000000000000000e+03,4.786324552696896717e-06
1.941000000000000000e+03,4.779965365742100403e-06
1.942000000000000000e+03,4.774043190991505980e-06
1.943000000000000000e+03,4.769467523146886379e-06
1.944000000000000000e+03,4.764615823660278693e-06
1.945000000000000000e+03,4.760306183015927672e-06
1.946000000000000000e+03,4.754590918309986591e-06
1.947000000000000000e+03,4.749981144414050505e-06
1.948000000000000000e+03,4.746117610920919105e-06
1.949000000000000000e+03,4.739650194096611813e-06
1.950000000000000000e+03,4.734622507385211065e-06
1.951000000000000000e+03,4.733250534627586603e-06
1.952000000000000000e+03,4.721438926935661584e-06
1.953000000000000000e+03,4.718298441730439663e-06
1.954000000000000000e+03,4.710501798399491236e-06
1.955000000000000000e+03,4.712248482974246144e-06
1.956000000000000000e+03,4.705861101683694869e-06
1.957000000000000000e+03,4.701324087363900617e-06
1.958000000000000000e+03,4.697522399510489777e-06
1.959000000000000000e+03,4.692719357990426943e-06
1.960000000000000000e+03,4.686765350925270468e-06
1.961000000000000000e+03,4.687230102717876434e-06
1.962000000000000000e+03,4.684989107772707939e-06
1.963000000000000000e+03,4.682582584791816771e-06
1.964000000000000000e+03,4.679685844166669995e-06
1.965000000000000000e+03,4.675896434491733089e-06
1.966000000000000000e+03,4.671363512898096815e-06
1.967000000000000000e+03,4.668193469115067273e-06
1.968000000000000000e+03,4.663195340981474146e-06
1.969000000000000000e+03,4.659706519305473194e-06
1.970000000000000000e+03,4.656134024116909131e-06
1.971000000000000000e+03,4.649305537895997986e-06
1.972000000000000000e+03,4.649334186979103833e-06
1.973000000000000000e+03,4.645220542442984879e-06
1.974000000000000000e+03,4.642360636353259906e-06
1.975000000000000000e+03,4.639045982912648469e-06
1.976000000000000000e+03,4.633295702660689130e-06
1.977000000000000000e+03,4.625692781701218337e-06
1.978000000000000000e+03,4.631773208529921249e-06
1.979000000000000000e+03,4.621980679075932130e-06
1.980000000000000000e+03,4.615270881913602352e-06
1.981000000000000000e+03,4.610267296811798587e-06
1.982000000000000000e+03,4.604630703397560865e-06
1.983000000000000000e+03,4.600766715157078579e-06
1.984000000000000000e+03,4.595300651999423280e-06
1.985000000000000000e+03,4.591740889736684039e-06
1.986000000000000000e+03,4.589338459481950849e-06
1.987000000000000000e+03,4.583110694511560723e-06
1.988000000000000000e+03,4.585569513437803835e-06
1.989000000000000000e+03,4.579787855618633330e-06
1.990000000000000000e+03,4.574614649754948914e-06
1.991000000000000000e+03,4.570954388327663764e-06
1.992000000000000000e+03,4.566372808767482638e-06
1.993000000000000000e+03,4.559799890557769686e-06
1.994000000000000000e+03,4.554434781312011182e-06
1.995000000000000000e+03,4.549660388875054196e-06
1.996000000000000000e+03,4.543454906524857506e-06
1.997000000000000000e+03,4.538524990493897349e-06
1.998000000000000000e+03,4.531445483735296875e-06
1.999000000000000000e+03,4.527772944129537791e-06
2.000000000000000000e+03,4.523816642176825553e-06
2.001000000000000000e+03,4.521276423474773765e-06
2.002000000000000000e+03,4.517577053775312379e-06
2.003000000000000000e+03,4.512884061114164069e-06
2.004000000000000000e+03,4.517984507401706651e-06
2.005000000000000000e+03,4.510839062277227640e-06
2.006000000000000000e+03,4.507768153416691348e-06
2.007000000000000000e+03,4.505606739257927984e-06
2.008000000000000000e+03,4.503315722104161978e-06
2.009000000000000000e+03,4.500152499531395733e-06
2.010000000000000000e+03,4.496385827224003151e-06
2.011000000000000000e+03,4.492997504712548107e-06
2.012000000000000000e+03,4.489963430387433618e-06
2.013000000000000000e+03,4.486752914090175182e-06
2.014000000000000000e+03,4.485863883019192144e-06
2.015000000000000000e+03,4.480635197978699580e-06
2.016000000000000000e+03,4.478725259104976431e-06
2.017000000000000000e+03,4.474618890526471660e-06
2.018000000000000000e+03,4.470168278203345835e-06
2.019000000000000000e+03,4.469659415917703882e-06
2.020000000000000000e+03,4.467239250516286120e-06
2.021000000000000000e+03,4.464962330530397594e-06
2.022000000000000000e+03,4.463335699256276712e-06
2.023000000000000000e+03,4.461111984710441902e-06
2.024000000000000000e+03,4.456446731637697667e-06
2.025000000000000000e+03,4.476886715565342456e-06
2.026000000000000000e+03,4.455282578419428319e-06
2.027000000000000000e+03,4.452214398042997345e-06
2.028000000000000000e+03,4.449790139915421605e-06
2.029000000000000000e+03,4.446122147783171386e-06
2.030000000000000000e+03,4.442465979082044214e-06
2.031000000000000000e+03,4.438873929757392034e-06
2.032000000000000000e+03,4.436625658854609355e-06
2.033000000000000000e+03,4.434555194166023284e-06
2.034000000000000000e+03,4.432537480170140043e-06
2.035000000000000000e+03,4.426395662449067459e-06
2.036000000000000000e+03,4.420165623741922900e-06
2.037000000000000000e+03,4.413722763274563476e-06
2.038000000000000000e+03,4.409430403029546142e-06
2.039000000000000000e+03,4.406790594657650217e-06
2.040000000000000000e+03,4.405373147164937109e-06
2.041000000000000000e+03,4.404065748531138524e-06
2.042000000000000000e+03,4.400620582600822672e-06
2.043000000000000000e+03,4.398622877488378435e-06
2.044000000000000000e+03,4.409664143167901784e-06
2.045000000000000000e+03,4.397114935272838920e-06
2.046000000000000000e+03,4.392856226331787184e-06
2.047000000000000000e+03,4.390337380755227059e-06
2.048000000000000000e+03,4.386409273138269782e-06
2.049000000000000000e+03,4.382665338198421523e-06
2.050000000000000000e+03,4.375355729280272499e-06
2.051000000000000000e+03,4.375272965262411162e-06
2.052000000000000000e+03,4.370675469544949010e-06
2.053000000000000000e+03,4.365174845588626340e-06
2.054000000000000000e+03,4.360554157756268978e-06
2.055000000000000000e+03,4.357315901870606467e-06
2.056000000000000000e+03,4.353423264547018334e-06
2.057000000000000000e+03,4.345632078184280545e-06
2.058000000000000000e+03,4.340658051660284400e-06
2.059000000000000000e+03,4.336361598689109087e-06
2.060000000000000000e+03,4.332874141255160794e-06
2.061000000000000000e+03,4.329544481151970103e-06
2.062000000000000000e+03,4.326715497882105410e-06
2.063000000000000000e+03,4.322838776715798303e-06
2.064000000000000000e+03,4.318999344832263887e-06
2.065000000000000000e+03,4.314734724175650626e-06
2.066000000000000000e+03,4.312947567086666822e-06
2.067000000000000000e+03,4.307409199100220576e-06
2.068000000000000000e+03,4.304669801058480516e-06
2.069000000000000000e+03,4.301386525185080245e-06
2.070000000000000000e+03,4.296744464227231219e-06
2.071000000000000000e+03,4.303577952669002116e-06
2.072000000000000000e+03,4.293432084523374215e-06
2.073000000000000000e+03,4.286819148546783254e-06
2.074000000000000000e+03,4.283753696654457599e-06
2.075000000000000000e+03,4.280634129827376455e-06
2.076000000000000000e+03,4.278131200408097357e-06
2.077000000000000000e+03,4.275187620805809274e-06
2.078000000000000000e+03,4.271668785804649815e-06
2.079000000000000000e+03,4.268093562131980434e-06
2.080000000000000000e+03,4.264269136911025271e-06
2.081000000000000000e+03,4.258813078195089474e-06
2.082000000000000000e+03,4.258331046003149822e-06
2.083000000000000000e+03,4.254525265423581004e-06
2.084000000000000000e+03,4.250225629220949486e-06
2.085000000000000000e+03,4.247014203428989276e-06
2.086000000000000000e+03,4.242645900376373902e-06
2.087000000000000000e+03,4.245175659889355302e-06
2.088000000000000000e+03,4.240414455125574023e-06
2.089000000000000000e+03,4.237665052642114460e-06
2.090000000000000000e+03,4.235194410284748301e-06
2.091000000000000000e+03,4.230783360981149599e-06
2.092000000000000000e+03,4.224494205118389800e-06
2.093000000000000000e+03,4.216517027089139447e-06
2.094000000000000000e+03,4.214418368064798415e-06
2.095000000000000000e+03,4.208416157780447975e-06
2.096000000000000000e+03,4.206809535389766097e-06
2.097000000000000000e+03,4.203073331154882908e-06
2.098000000000000000e+03,4.206260655337246135e-06
2.099000000000000000e+03,4.201155206828843802e-06
2.100000000000000000e+03,4.197492216917453334e-06
2.101000000000000000e+03,4.192429059912683442e-06
2.102000000000000000e+03,4.191224888927536085e-06
2.103000000000000000e+03,4.184414592600660399e-06
2.104000000000000000e+03,4.179800271231215447e-06
2.105000000000000000e+03,4.173853085376322269e-06
2.106000000000000000e+03,4.168266059423331171e-06
2.107000000000000000e+03,4.157373496127547696e-06
2.108000000000000000e+03,4.154062935413094237e-06
2.109000000000000000e+03,4.145103503105929121e-06
2.110000000000000000e+03,4.141383215028326958e-06
2.111000000000000000e+03,4.134552000323310494e-06
2.112000000000000000e+03,4.128633463551523164e-06
2.113000000000000000e+03,4.124791303183883429e-06
2.114000000000000000e+03,4.121206075069494545e-06
2.115000000000000000e+03,4.117240678169764578e-06
2.116000000000000000e+03,4.111395810468820855e-06
2.117000000000000000e+03,4.108052053197752684e-06
2.118000000000000000e+03,4.102456387045094743e-06
2.119000000000000000e+03,4.099565103388158605e-06
2.120000000000000000e+03,4.095689746463904157e-06
2.121000000000000000e+03,4.089805315743433312e-06
2.122000000000000000e+03,4.099736997886793688e-06
2.123000000000000000e+03,4.086530225322348997e-06
2.124000000000000000e+03,4.081548468093387783e-06
2.125000000000000000e+03,4.077506673638708889e-06
2.126000000000000000e+03,4.074568096257280558e-06
2.127000000000000000e+03,4.070730483363149688e-06
2.128000000000000000e+03,4.064952463522786275e-06
2.129000000000000000e+03,4.063452252012211829e-06
2.130000000000000000e+03,4.057261321577243507e-06
2.131000000000000000e+03,4.055307272210484371e-06
2.132000000000000000e+03,4.052109488839050755e-06
2.133000000000000000e+03,4.049172275699675083e-06
2.134000000000000000e+03,4.047269158036215231e-06
2.135000000000000000e+03,4.043679382448317483e-06
2.136000000000000000e+03,4.041188731207512319e-06
2.137000000000000000e+03,4.037395228806417435e-06
2.138000000000000000e+03,4.034263838548213243e-06
2.139000000000000000e+03,4.031126536574447528e-06
2.140000000000000000e+03,4.030579475511331111e-06
2.141000000000000000e+03,4.024698682769667357e-06
2.142000000000000000e+03,4.022741904918802902e-06
2.143000000000000000e+03,4.020287178718717769e-06
2.144000000000000000e+03,4.018596428068121895e-06
2.145000000000000000e+03,4.016647380922222510e-06
2.146000000000000000e+03,4.013980742456624284e-06
2.147000000000000000e+03,4.011897544842213392e-06
2.148000000000000000e+03,4.006774815934477374e-06
2.149000000000000000e+03,4.006686140201054513e-06
2.150000000000000000e+03,4.004320544481743127e-06
2.151000000000000000e+03,4.000614353572018445e-06
2.152000000000000000e+03,3.997729891125345603e-06
2.153000000000000000e+03,3.995866791228763759e-06
2.154000000000000000e+03,3.993311111116781831e-06
2.155000000000000000e+03,3.991630819655256346e-06
2.156000000000000000e+03,3.989578999608056620e-06
2.157000000000000000e+03,3.987475338362855837e-06
2.158000000000000000e+03,3.987490345025435090e-06
2.159000000000000000e+03,3.985406237916322425e-06
2.160000000000000000e+03,3.982985617767553777e-06
2.161000000000000000e+03,3.981355348514625803e-06
2.162000000000000000e+03,3.979741450166329741e-06
2.163000000000000000e+03,3.976146672357572243e-06
2.164000000000000000e+03,3.970802936237305403e-06
2.165000000000000000e+03,3.978532731707673520e-06
2.166000000000000000e+03,3.968258170061744750e-06
2.167000000000000000e+03,3.964283678214997053e-06
2.168000000000000000e+03,3.961344646086217836e-06
2.169000000000000000e+03,3.959185505664208904e-06
2.170000000000000000e+03,3.956110958824865520e-06
2.171000000000000000e+03,3.952135557483416051e-06
2.172000000000000000e+03,3.948812718590488657e-06
2.173000000000000000e+03,3.943806859751930460e-06
2.174000000000000000e+03,3.956901309720706195e-06
2.175000000000000000e+03,3.941085196856874973e-06
2.176000000000000000e+03,3.936221673939144239e-06
2.177000000000000000e+03,3.932240360882133245e-06
2.178000000000000000e+03,3.928463684133021161e-06
2.179000000000000000e+03,3.923933945770841092e-06
2.180000000000000000e+03,3.918781203537946567e-06
2.181000000000000000e+03,3.913989075954305008e-06
2.182000000000000000e+03,3.907359314325731248e-06
2.183000000000000000e+03,3.906395704689202830e-06
2.184000000000000000e+03,3.902587650372879580e-06
2.185000000000000000e+03,3.898976046912139282e-06
2.186000000000000000e+03,3.894927885994547978e-06
2.187000000000000000e+03,3.890048901666887105e-06
2.188000000000000000e+03,3.904144250554963946e-06
2.189000000000000000e+03,3.888144419761374593e-06
2.190000000000000000e+03,3.883350473188329488e-06
2.191000000000000000e+03,3.880399617628427222e-06
2.192000000000000000e+03,3.876345090247923508e-06
2.193000000000000000e+03,3.873092737194383517e-06
2.194000000000000000e+03,3.869957254210021347e-06
2.195000000000000000e+03,3.865533471980597824e-06
2.196000000000000000e+03,3.863196525344392285e-06
2.197000000000000000e+03,3.860141532641137019e-06
2.198000000000000000e+03,3.856943749269703403e-06
2.199000000000000000e+03,3.854063834296539426e-06
2.200000000000000000e+03,3.852114787150640041e-06
2.201000000000000000e+03,3.849469976557884365e-06
2.202000000000000000e+03,3.844556431431556121e-06
2.203000000000000000e+03,3.863254733005305752e-06
2.204000000000000000e+03,3.842768819595221430e-06
2.205000000000000000e+03,3.838559223368065432e-06
2.206000000000000000e+03,3.835480583802564070e-06
2.207000000000000000e+03,3.831466074188938364e-06
2.208000000000000000e+03,3.827998170891078189e-06
2.209000000000000000e+03,3.824833129328908399e-06
2.210000000000000000e+03,3.822198323177872226e-06
2.211000000000000000e+03,3.818967797997174785e-06
2.212000000000000000e+03,3.817506240011425689e-06
2.213000000000000000e+03,3.815688160102581605e-06
2.214000000000000000e+03,3.813124749285634607e-06
2.215000000000000000e+03,3.811397391473292373e-06
2.216000000000000000e+03,3.806627091762493365e-06
2.217000000000000000e+03,3.819309313257690519e-06
2.218000000000000000e+03,3.804617108471575193e-06
2.219000000000000000e+03,3.801340881182113662e-06
2.220000000000000000e+03,3.799635805989964865e-06
2.221000000000000000e+03,3.797771796598681249e-06
2.222000000000000000e+03,3.794370513787725940e-06
2.223000000000000000e+03,3.790619985011289828e-06
2.224000000000000000e+03,3.784906084547401406e-06
2.225000000000000000e+03,3.781668738156440668e-06
2.226000000000000000e+03,3.779210146603873000e-06
2.227000000000000000e+03,3.777929805437452160e-06
2.228000000000000000e+03,3.775607410716474988e-06
2.229000000000000000e+03,3.772939635382499546e-06
2.230000000000000000e+03,3.770653165702242404e-06
2.231000000000000000e+03,3.766091822399175726e-06
2.232000000000000000e+03,3.768220949496026151e-06
2.233000000000000000e+03,3.763489530683727935e-06
2.234000000000000000e+03,3.758698767342139035e-06
2.235000000000000000e+03,3.755134457605890930e-06
2.236000000000000000e+03,3.750967152882367373e-06
2.237000000000000000e+03,3.749550614884356037e-06
2.238000000000000000e+03,3.746330776266404428e-06
2.239000000000000000e+03,3.744731884580687620e-06
2.240000000000000000e+03,3.742715080079506151e-06
2.241000000000000000e+03,3.738877921932726167e-06
2.242000000000000000e+03,3.750670430235913955e-06
2.243000000000000000e+03,3.737224005817552097e-06
2.244000000000000000e+03,3.733551920959143899e-06
2.245000000000000000e+03,3.730443950189510360e-06
2.246000000000000000e+03,3.728189312823815271e-06
2.247000000000000000e+03,3.725370333995670080e-06
2.248000000000000000e+03,3.723734607774531469e-06
2.249000000000000000e+03,3.720977247212431394e-06
2.250000000000000000e+03,3.718495008797617629e-06
2.251000000000000000e+03,3.715022558026248589e-06
2.252000000000000000e+03,3.711950057549984194e-06
2.253000000000000000e+03,3.708902113430667669e-06
2.254000000000000000e+03,3.706450797835714184e-06
2.255000000000000000e+03,3.703721631609369069e-06
2.256000000000000000e+03,3.701090008689789101e-06
2.257000000000000000e+03,3.699056151162949391e-06
2.258000000000000000e+03,3.695951363624772057e-06
2.259000000000000000e+03,3.692853397296858020e-06
2.260000000000000000e+03,3.687889829961932264e-06
2.261000000000000000e+03,3.684634293676936068e-06
2.262000000000000000e+03,3.681657744891708717e-06
2.263000000000000000e+03,3.677118911582510918e-06
2.264000000000000000e+03,3.673183073260588571e-06
2.265000000000000000e+03,3.666952352432417683e-06
2.266000000000000000e+03,3.664575615403009579e-06
2.267000000000000000e+03,3.661841219582129270e-06
2.268000000000000000e+03,3.665364602056797594e-06
2.269000000000000000e+03,3.660470156319206581e-06
2.270000000000000000e+03,3.658941295725526288e-06
2.271000000000000000e+03,3.654839019873179495e-06
2.272000000000000000e+03,3.651800398074556142e-06
2.273000000000000000e+03,3.649539166872273199e-06
2.274000000000000000e+03,3.646774985099909827e-06
2.275000000000000000e+03,3.644710432126885280e-06
2.276000000000000000e+03,3.642074034360121004e-06
2.277000000000000000e+03,3.635813300206791610e-06
2.278000000000000000e+03,3.635381972344475798e-06
2.279000000000000000e+03,3.632808784459484741e-06
2.280000000000000000e+03,3.628638069130829535e-06
2.281000000000000000e+03,3.626141733548138291e-06
2.282000000000000000e+03,3.623933025664882734e-06
2.283000000000000000e+03,3.620080633481848054e-06
2.284000000000000000e+03,3.615851255744928494e-06
2.285000000000000000e+03,3.611199190345359966e-06
2.286000000000000000e+03,3.608177166825043969e-06
2.287000000000000000e+03,3.603232698878855444e-06
2.288000000000000000e+03,3.598812554628239013e-06
2.289000000000000000e+03,3.594535201045800932e-06
2.290000000000000000e+03,3.591120957935345359e-06
2.291000000000000000e+03,3.588122581277275458e-06
2.292000000000000000e+03,3.584504611353622749e-06
2.293000000000000000e+03,3.580439170036697760e-06
2.294000000000000000e+03,3.577143615984823555e-06
2.295000000000000000e+03,3.573570438675233163e-06
2.296000000000000000e+03,3.568385182006750256e-06
2.297000000000000000e+03,3.572444711608113721e-06
2.298000000000000000e+03,3.565849056030856445e-06
2.299000000000000000e+03,3.560774302968638949e-06
2.300000000000000000e+03,3.556437832230585627e-06
2.301000000000000000e+03,3.558528533176286146e-06
2.302000000000000000e+03,3.554372597136534750e-06
2.303000000000000000e+03,3.551140480340109207e-06
2.304000000000000000e+03,3.548199629221926443e-06
2.305000000000000000e+03,3.544089850038290024e-06
2.306000000000000000e+03,3.538912551448447630e-06
2.307000000000000000e+03,3.536229314704542048e-06
2.308000000000000000e+03,3.528605702740605921e-06
2.309000000000000000e+03,3.525237389112589881e-06
2.310000000000000000e+03,3.522812676237663254e-06
2.311000000000000000e+03,3.521056896715890616e-06
2.312000000000000000e+03,3.518579205774585716e-06
2.313000000000000000e+03,3.515933713060803711e-06
2.314000000000000000e+03,3.514058562359423377e-06
2.315000000000000000e+03,3.513086539896903560e-06
2.316000000000000000e+03,3.508925374262616970e-06
2.317000000000000000e+03,3.506965867927647196e-06
2.318000000000000000e+03,3.504165988488239236e-06
2.319000000000000000e+03,3.500705588521668687e-06
2.320000000000000000e+03,3.497340458125108853e-06
2.321000000000000000e+03,3.494741804388468154e-06
2.322000000000000000e+03,3.493241138130542822e-06
2.323000000000000000e+03,3.490854851406766102e-06
2.324000000000000000e+03,3.490671588224358857e-06
2.325000000000000000e+03,3.488436277621076442e-06
2.326000000000000000e+03,3.484803755782195367e-06
2.327000000000000000e+03,3.481769454083405435e-06
2.328000000000000000e+03,3.479691486063529737e-06
2.329000000000000000e+03,3.477432983345352113e-06
2.330000000000000000e+03,3.477918426142423414e-06
2.331000000000000000e+03,3.475967787380795926e-06
2.332000000000000000e+03,3.473658807706669904e-06
2.333000000000000000e+03,3.470940100669395179e-06
2.334000000000000000e+03,3.467024953351938166e-06
2.335000000000000000e+03,3.462223276073927991e-06
2.336000000000000000e+03,3.458563696767669171e-06
2.337000000000000000e+03,3.454480292930384167e-06
2.338000000000000000e+03,3.451438260526629165e-06
2.339000000000000000e+03,3.447353037699940614e-06
2.340000000000000000e+03,3.444856702117249370e-06
2.341000000000000000e+03,3.440578211666434072e-06
2.342000000000000000e+03,3.438933617871953174e-06
2.343000000000000000e+03,3.436218094066134654e-06
2.344000000000000000e+03,3.434194240981014445e-06
2.345000000000000000e+03,3.431759751038043760e-06
2.346000000000000000e+03,3.429480557315400802e-06
2.347000000000000000e+03,3.427919409659807570e-06
2.348000000000000000e+03,3.426076546020340174e-06
2.349000000000000000e+03,3.424030637688701972e-06
2.350000000000000000e+03,3.422504732952802442e-06
2.351000000000000000e+03,3.419930180825758725e-06
2.352000000000000000e+03,3.416187610127963126e-06
2.353000000000000000e+03,3.413644890315481462e-06
2.354000000000000000e+03,3.410540784898330458e-06
2.355000000000000000e+03,3.408652219150098972e-06
2.356000000000000000e+03,3.406796167837455869e-06
2.357000000000000000e+03,3.407628810236928985e-06
2.358000000000000000e+03,3.405750931051443331e-06
2.359000000000000000e+03,3.404543576834839769e-06
2.360000000000000000e+03,3.401860567464609630e-06
2.361000000000000000e+03,3.400259402042138390e-06
2.362000000000000000e+03,3.396983402126352303e-06
2.363000000000000000e+03,3.396616193640511483e-06
2.364000000000000000e+03,3.393751057956251316e-06
2.365000000000000000e+03,3.392797680135117844e-06
2.366000000000000000e+03,3.391104201000416651e-06
2.367000000000000000e+03,3.388911181900766678e-06
2.368000000000000000e+03,3.396230113139608875e-06
2.369000000000000000e+03,3.387647211638977751e-06
2.370000000000000000e+03,3.385064701433293521e-06
2.371000000000000000e+03,3.382913746463600546e-06
2.372000000000000000e+03,3.380636144356685691e-06
2.373000000000000000e+03,3.382076329216943122e-06
2.374000000000000000e+03,3.379333747943746857e-06
2.375000000000000000e+03,3.377114580871420912e-06
2.376000000000000000e+03,3.374219659235677682e-06
2.377000000000000000e+03,3.372503442733432166e-06
2.378000000000000000e+03,3.369846126588527113e-06
2.379000000000000000e+03,3.365680640854407102e-06
2.380000000000000000e+03,3.380262796781607904e-06
2.381000000000000000e+03,3.364384156157029793e-06
2.382000000000000000e+03,3.361193876116885804e-06
2.383000000000000000e+03,3.359328275109874085e-06
2.384000000000000000e+03,3.356908337082131766e-06
2.385000000000000000e+03,3.354696445967420004e-06
2.386000000000000000e+03,3.352197609274298884e-06
2.387000000000000000e+03,3.348891823407029733e-06
2.388000000000000000e+03,3.347429583300254308e-06
2.389000000000000000e+03,3.345355025885510258e-06
2.390000000000000000e+03,3.339798013257677667e-06
2.391000000000000000e+03,3.337362386446329765e-06
2.392000000000000000e+03,3.334569555590860546e-06
2.393000000000000000e+03,3.330607796669937670e-06
2.394000000000000000e+03,3.326543037474039011e-06
2.395000000000000000e+03,3.323571490909671411e-06
2.396000000000000000e+03,3.318961717013735324e-06
2.397000000000000000e+03,3.317169785077567212e-06
2.398000000000000000e+03,3.314794639663887210e-06
2.399000000000000000e+03,3.311990212750970386e-06
2.400000000000000000e+03,3.308719442429719493e-06
2.401000000000000000e+03,3.304558958916459233e-06
2.402000000000000000e+03,3.303195171611150727e-06
2.403000000000000000e+03,3.301511696918169037e-06
2.404000000000000000e+03,3.298478532087756321e-06
2.405000000000000000e+03,3.295619762866408564e-06
2.406000000000000000e+03,3.293271674920106307e-06
2.407000000000000000e+03,3.287955451014568098e-06
2.408000000000000000e+03,3.284851118223741651e-06
2.409000000000000000e+03,3.278706117271212861e-06
2.410000000000000000e+03,3.276487859693588689e-06
2.411000000000000000e+03,3.271495643275557086e-06
2.412000000000000000e+03,3.268709861004026607e-06
2.413000000000000000e+03,3.265937493779347278e-06
2.414000000000000000e+03,3.261594429204706103e-06
2.415000000000000000e+03,3.285121238150168210e-06
2.416000000000000000e+03,3.260711537222960033e-06
2.417000000000000000e+03,3.257203388784546405e-06
2.418000000000000000e+03,3.254287776144337840e-06
2.419000000000000000e+03,3.249397877880255692e-06
2.420000000000000000e+03,3.254432158428244293e-06
2.421000000000000000e+03,3.247768518122029491e-06
2.422000000000000000e+03,3.246114374633179978e-06
2.423000000000000000e+03,3.243217634008033201e-06
2.424000000000000000e+03,3.239875923100044020e-06
2.425000000000000000e+03,3.235134499846026301e-06
2.426000000000000000e+03,3.232240260331309400e-06
2.427000000000000000e+03,3.228163450330612250e-06
2.428000000000000000e+03,3.225962927899672650e-06
2.429000000000000000e+03,3.223883368264068849e-06
2.430000000000000000e+03,3.220236749257310294e-06
2.431000000000000000e+03,3.218045776520739309e-06
2.432000000000000000e+03,3.215539436496328562e-06
2.433000000000000000e+03,3.213889158359961584e-06
2.434000000000000000e+03,3.211573584849247709e-06
2.435000000000000000e+03,3.207344207112328149e-06
2.436000000000000000e+03,3.220595772290835157e-06
2.437000000000000000e+03,3.205969278496922925e-06
2.438000000000000000e+03,3.202449534001061693e-06
2.439000000000000000e+03,3.199692855559987947e-06
2.440000000000000000e+03,3.196806574123911560e-06
2.441000000000000000e+03,3.193938027834519744e-06
2.442000000000000000e+03,3.192038775523542427e-06
2.443000000000000000e+03,3.189390099578304216e-06
2.444000000000000000e+03,3.187658194292453118e-06
2.445000000000000000e+03,3.186050435033394024e-06
2.446000000000000000e+03,3.181681449859752320e-06
2.447000000000000000e+03,3.179554596499656327e-06
2.448000000000000000e+03,3.175474603267502971e-06
2.449000000000000000e+03,3.172208380419760942e-06
2.450000000000000000e+03,3.169648834955296479e-06
2.451000000000000000e+03,3.165710040775593370e-06
2.452000000000000000e+03,3.162141183565836400e-06
2.453000000000000000e+03,3.158251274726353586e-06
2.454000000000000000e+03,3.154274509142851457e-06
2.455000000000000000e+03,3.150998509227065369e-06
2.456000000000000000e+03,3.147827101201983169e-06
2.457000000000000000e+03,3.141334673273377120e-06
2.458000000000000000e+03,3.136948407700401731e-06
2.459000000000000000e+03,3.133292011625599116e-06
2.460000000000000000e+03,3.131093762931413949e-06
2.461000000000000000e+03,3.128947582808905281e-06
2.462000000000000000e+03,3.126537876596557908e-06
2.463000000000000000e+03,3.122017915302421898e-06
2.464000000000000000e+03,3.117532287433277816e-06
2.465000000000000000e+03,3.113332468274165876e-06
2.466000000000000000e+03,3.109092176600825042e-06
2.467000000000000000e+03,3.104223196714883670e-06
2.468000000000000000e+03,3.102060418314067647e-06
2.469000000000000000e+03,3.097833769061253406e-06
2.470000000000000000e+03,3.095514330198056996e-06
2.471000000000000000e+03,3.094424755545333028e-06
2.472000000000000000e+03,3.092217866651481017e-06
2.473000000000000000e+03,3.090279278694652021e-06
2.474000000000000000e+03,3.087558980041649193e-06
2.475000000000000000e+03,3.084677928200107999e-06
2.476000000000000000e+03,3.082354169237078167e-06
2.477000000000000000e+03,3.080075885009136982e-06
2.478000000000000000e+03,3.078024519709288143e-06
2.479000000000000000e+03,3.075731910939794034e-06
2.480000000000000000e+03,3.070844286412466317e-06
2.481000000000000000e+03,3.065495093323988840e-06
2.482000000000000000e+03,3.062209088966483250e-06
2.483000000000000000e+03,3.058337824768386781e-06
2.484000000000000000e+03,3.054311036976287141e-06
2.485000000000000000e+03,3.049173528779647313e-06
2.486000000000000000e+03,3.047585096283000894e-06
2.487000000000000000e+03,3.043187689399928786e-06
2.488000000000000000e+03,3.041925992874894291e-06
2.489000000000000000e+03,3.039638613699935377e-06
2.490000000000000000e+03,3.036759835595148616e-06
2.491000000000000000e+03,3.032773292943602428e-06
2.492000000000000000e+03,3.030424295502598397e-06
2.493000000000000000e+03,3.027569391633733176e-06
2.494000000000000000e+03,3.025910700671374798e-06
2.495000000000000000e+03,3.024241323146270588e-06
2.496000000000000000e+03,3.021746806552982889e-06
2.497000000000000000e+03,3.019342102561495267e-06
2.498000000000000000e+03,3.016822120116557926e-06
2.499000000000000000e+03,3.014486310348729603e-06
2.500000000000000000e+03,3.011739636349375360e-06
2.501000000000000000e+03,3.005359985763789155e-06
2.502000000000000000e+03,3.006868155353004113e-06
2.503000000000000000e+03,3.002770881721517071e-06
2.504000000000000000e+03,3.000419837917434052e-06
2.505000000000000000e+03,2.998255922648240812e-06
2.506000000000000000e+03,2.996402145072352141e-06
2.507000000000000000e+03,2.993406496898387559e-06
2.508000000000000000e+03,2.991071823998936452e-06
2.509000000000000000e+03,2.988511369039770216e-06
2.510000000000000000e+03,2.986549816341721453e-06
2.511000000000000000e+03,2.984793127325247042e-06
2.512000000000000000e+03,2.981231318699428812e-06
2.513000000000000000e+03,2.980931412821519189e-06
2.514000000000000000e+03,2.979135842906543985e-06
2.515000000000000000e+03,2.977071517307194881e-06
2.516000000000000000e+03,2.975129291371558793e-06
2.517000000000000000e+03,2.973092250613262877e-06
2.518000000000000000e+03,2.967831505884532817e-06
2.519000000000000000e+03,2.969981096612173133e-06
2.520000000000000000e+03,2.965782869068789296e-06
2.521000000000000000e+03,2.963510496556409635e-06
2.522000000000000000e+03,2.961514837807044387e-06
2.523000000000000000e+03,2.959242465294664726e-06
2.524000000000000000e+03,2.955613126687239856e-06
2.525000000000000000e+03,2.953900093416450545e-06
2.526000000000000000e+03,2.951079977719928138e-06
2.527000000000000000e+03,2.950103635157574899e-06
2.528000000000000000e+03,2.948637757071992382e-06
2.529000000000000000e+03,2.947221219073981047e-06
2.530000000000000000e+03,2.945106189145008102e-06
2.531000000000000000e+03,2.942726951005170122e-06
2.532000000000000000e+03,2.950477664853679016e-06
2.533000000000000000e+03,2.941826096503064036e-06
2.534000000000000000e+03,2.939517116828938015e-06
2.535000000000000000e+03,2.937822500825859606e-06
2.536000000000000000e+03,2.936772716566338204e-06
2.537000000000000000e+03,2.935731117759132758e-06
2.538000000000000000e+03,2.935101520051830448e-06
2.539000000000000000e+03,2.933624500656151213e-06
2.540000000000000000e+03,2.932075403805356473e-06
2.541000000000000000e+03,2.929576567112235352e-06
2.542000000000000000e+03,2.931507196990423836e-06
2.543000000000000000e+03,2.928206640717689879e-06
2.544000000000000000e+03,2.926646175183122978e-06
2.545000000000000000e+03,2.924787168012699112e-06
2.546000000000000000e+03,2.923243073382764123e-06
2.547000000000000000e+03,2.920085989899234846e-06
2.548000000000000000e+03,2.919043936344678514e-06
2.549000000000000000e+03,2.915827508331858553e-06
2.550000000000000000e+03,2.914834112743847072e-06
2.551000000000000000e+03,2.913505795731907710e-06
2.552000000000000000e+03,2.912822083089849912e-06
2.553000000000000000e+03,2.910841658376739360e-06
2.554000000000000000e+03,2.908967417170060799e-06
2.555000000000000000e+03,2.907321459133527242e-06
2.556000000000000000e+03,2.905434257627348416e-06
2.557000000000000000e+03,2.902973164964350872e-06
2.558000000000000000e+03,2.900859726651106030e-06
2.559000000000000000e+03,2.900057552324142307e-06
2.560000000000000000e+03,2.898698312492342666e-06
2.561000000000000000e+03,2.896900923587963916e-06
2.562000000000000000e+03,2.896439127653138712e-06
2.563000000000000000e+03,2.892872544180136174e-06
2.564000000000000000e+03,2.891753865696955472e-06
2.565000000000000000e+03,2.890310497605241835e-06
2.566000000000000000e+03,2.888636345232953317e-06
2.567000000000000000e+03,2.886893526010680944e-06
2.568000000000000000e+03,2.884874220399069600e-06
2.569000000000000000e+03,2.883206889237044379e-06
2.570000000000000000e+03,2.882501576095819473e-06
2.571000000000000000e+03,2.881310592783847824e-06
2.572000000000000000e+03,2.879758085327921435e-06
2.573000000000000000e+03,2.878641225834144279e-06
2.574000000000000000e+03,2.876709686461254023e-06
2.575000000000000000e+03,2.873724042729008943e-06
2.576000000000000000e+03,2.870931893994566053e-06
2.577000000000000000e+03,2.869187255782890134e-06
2.578000000000000000e+03,2.867610419343691319e-06
2.579000000000000000e+03,2.865769602067302912e-06
2.580000000000000000e+03,2.861731672965106554e-06
2.581000000000000000e+03,2.859908818209078163e-06
2.582000000000000000e+03,2.856814944607322104e-06
2.583000000000000000e+03,2.855132379409042187e-06
2.584000000000000000e+03,2.852611032722052187e-06
2.585000000000000000e+03,2.848733174687367864e-06
2.586000000000000000e+03,2.845767994585912675e-06
2.587000000000000000e+03,2.844244136213092133e-06
2.588000000000000000e+03,2.842615458575892262e-06
2.589000000000000000e+03,2.841197328962152824e-06
2.590000000000000000e+03,2.839238959495560266e-06
2.591000000000000000e+03,2.839220769601524808e-06
2.592000000000000000e+03,2.837944975908612832e-06
2.593000000000000000e+03,2.835751274687936530e-06
2.594000000000000000e+03,2.833868848028942011e-06
2.595000000000000000e+03,2.831383426382672042e-06
2.596000000000000000e+03,2.829075128829572350e-06
2.597000000000000000e+03,2.826474656103528105e-06
2.598000000000000000e+03,2.824647935995017178e-06
2.599000000000000000e+03,2.821613634296227247e-06
2.600000000000000000e+03,2.819253950292477384e-06
2.601000000000000000e+03,2.817660288201295771e-06
2.602000000000000000e+03,2.813846322169410996e-06
2.603000000000000000e+03,2.812498905768734403e-06
2.604000000000000000e+03,2.810618752846494317e-06
2.605000000000000000e+03,2.807917780955904163e-06
2.606000000000000000e+03,2.803920096994261257e-06
2.607000000000000000e+03,2.806898237395216711e-06
2.608000000000000000e+03,2.802704784699017182e-06
2.609000000000000000e+03,2.800811671477276832e-06
2.610000000000000000e+03,2.799375124595826492e-06
2.611000000000000000e+03,2.797552497213473544e-06
2.612000000000000000e+03,2.800136371661210433e-06
2.613000000000000000e+03,2.796345142996869981e-06
2.614000000000000000e+03,2.793740577544667758e-06
2.615000000000000000e+03,2.791947508740122430e-06
2.616000000000000000e+03,2.790359303617151454e-06
2.617000000000000000e+03,2.788720166790881194e-06
2.618000000000000000e+03,2.786891627692966722e-06
2.619000000000000000e+03,2.784516709652962163e-06
2.620000000000000000e+03,2.783039917630958371e-06
2.621000000000000000e+03,2.780649083433672786e-06
2.622000000000000000e+03,2.778177076834253967e-06
2.623000000000000000e+03,2.775350367301143706e-06
2.624000000000000000e+03,2.772813786577899009e-06
2.625000000000000000e+03,2.769683760561747476e-06
2.626000000000000000e+03,2.769306092886836268e-06
2.627000000000000000e+03,2.767390697044902481e-06
2.628000000000000000e+03,2.766406169030233286e-06
2.629000000000000000e+03,2.765387534964247607e-06
2.630000000000000000e+03,2.763204747679992579e-06
2.631000000000000000e+03,2.760843244686839171e-06
2.632000000000000000e+03,2.755681180133251473e-06
2.633000000000000000e+03,2.753949274847400375e-06
2.634000000000000000e+03,2.751574356807395816e-06
2.635000000000000000e+03,2.749127816059626639e-06
2.636000000000000000e+03,2.746107156781363301e-06
2.637000000000000000e+03,2.743502818702836521e-06
2.638000000000000000e+03,2.741096523095620796e-06
2.639000000000000000e+03,2.738649754974176176e-06
2.640000000000000000e+03,2.735859425229136832e-06
2.641000000000000000e+03,2.732751454459503293e-06
2.642000000000000000e+03,2.730471123868483119e-06
2.643000000000000000e+03,2.728650997596560046e-06
2.644000000000000000e+03,2.726798129515373148e-06
2.645000000000000000e+03,2.723395027715014294e-06
2.646000000000000000e+03,2.725449576246319339e-06
2.647000000000000000e+03,2.722469389482284896e-06
2.648000000000000000e+03,2.720812744883005507e-06
2.649000000000000000e+03,2.718059022299712524e-06
2.650000000000000000e+03,2.714807578740874305e-06
2.651000000000000000e+03,2.711921979425824247e-06
2.652000000000000000e+03,2.713088406380848028e-06
2.653000000000000000e+03,2.710301032493589446e-06
2.654000000000000000e+03,2.708237616388942115e-06
2.655000000000000000e+03,2.706448185563203879e-06
2.656000000000000000e+03,2.703289055716595612e-06
2.657000000000000000e+03,2.697481477298424579e-06
2.658000000000000000e+03,2.702816118471673690e-06
2.659000000000000000e+03,2.695080183912068605e-06
2.660000000000000000e+03,2.691338295335299335e-06
2.661000000000000000e+03,2.689367420316557400e-06
2.662000000000000000e+03,2.687575261006713845e-06
2.663000000000000000e+03,2.685405888769309968e-06
2.664000000000000000e+03,2.682383637875318527e-06
2.665000000000000000e+03,2.677092652447754517e-06
2.666000000000000000e+03,2.689394250410259701e-06
2.667000000000000000e+03,2.674899633348104544e-06
2.668000000000000000e+03,2.671086349437246099e-06
2.669000000000000000e+03,2.668882643774850294e-06
2.670000000000000000e+03,2.667909939191304147e-06
2.671000000000000000e+03,2.666537739060004242e-06
2.672000000000000000e+03,2.665397914825007319e-06
2.673000000000000000e+03,2.664045723577146418e-06
2.674000000000000000e+03,2.661640792211983353e-06
2.675000000000000000e+03,2.657774984982097521e-06
2.676000000000000000e+03,2.657517143234144896e-06
2.677000000000000000e+03,2.655500111359287985e-06
2.678000000000000000e+03,2.653607680258573964e-06
2.679000000000000000e+03,2.652190687513211742e-06
2.680000000000000000e+03,2.651006752785178833e-06
2.681000000000000000e+03,2.648335112098720856e-06
2.682000000000000000e+03,2.645430868142284453e-06
2.683000000000000000e+03,2.643613925101817586e-06
2.684000000000000000e+03,2.640906814121990465e-06
2.685000000000000000e+03,2.640433194756042212e-06
2.686000000000000000e+03,2.638255637066322379e-06
2.687000000000000000e+03,2.637030547703034244e-06
2.688000000000000000e+03,2.635568762343609706e-06
2.689000000000000000e+03,2.633142003105604090e-06
2.690000000000000000e+03,2.631665438457275741e-06
2.691000000000000000e+03,2.627790081533021294e-06
2.692000000000000000e+03,2.626062951094354503e-06
2.693000000000000000e+03,2.623831505843554623e-06
2.694000000000000000e+03,2.620915665829670615e-06
2.695000000000000000e+03,2.631735696922987700e-06
2.696000000000000000e+03,2.619625547595205717e-06
2.697000000000000000e+03,2.616692427181988023e-06
2.698000000000000000e+03,2.614819322843686678e-06
2.699000000000000000e+03,2.612063553897314705e-06
2.700000000000000000e+03,2.609516968732350506e-06
2.701000000000000000e+03,2.607176156743662432e-06
2.702000000000000000e+03,2.604866494948510081e-06
2.703000000000000000e+03,2.603808525236672722e-06
2.704000000000000000e+03,2.602554559416603297e-06
2.705000000000000000e+03,2.600826974230585620e-06
2.706000000000000000e+03,2.599277422632439993e-06
2.707000000000000000e+03,2.596250624264939688e-06
2.708000000000000000e+03,2.594882516859797761e-06
2.709000000000000000e+03,2.593348654045257717e-06
2.710000000000000000e+03,2.592696318970411085e-06
2.711000000000000000e+03,2.590826625237241387e-06
2.712000000000000000e+03,2.588423740235157311e-06
2.713000000000000000e+03,2.585035645097377710e-06
2.714000000000000000e+03,2.590362782939337194e-06
2.715000000000000000e+03,2.583676177891902626e-06
2.716000000000000000e+03,2.581193029982387088e-06
2.717000000000000000e+03,2.579719648565514944e-06
2.718000000000000000e+03,2.578105295469867997e-06
2.719000000000000000e+03,2.576343831606209278e-06
2.720000000000000000e+03,2.573515530457370915e-06
2.721000000000000000e+03,2.572617404439370148e-06
2.722000000000000000e+03,2.570075594121590257e-06
2.723000000000000000e+03,2.568847776274196804e-06
2.724000000000000000e+03,2.566565399320097640e-06
2.725000000000000000e+03,2.564498572610318661e-06
2.726000000000000000e+03,2.567664068919839337e-06
2.727000000000000000e+03,2.563230282248696312e-06
2.728000000000000000e+03,2.560874463597428985e-06
2.729000000000000000e+03,2.559354470577090979e-06
2.730000000000000000e+03,2.557510242695570923e-06
2.731000000000000000e+03,2.555277660576393828e-06
2.732000000000000000e+03,2.556814251875039190e-06
2.733000000000000000e+03,2.553802005422767252e-06
2.734000000000000000e+03,2.550690169300651178e-06
2.735000000000000000e+03,2.548206566643784754e-06
2.736000000000000000e+03,2.546131554481689818e-06
2.737000000000000000e+03,2.543987875469611026e-06
2.738000000000000000e+03,2.541468347772024572e-06
2.739000000000000000e+03,2.539220531616592780e-06
2.740000000000000000e+03,2.536551392040564679e-06
2.741000000000000000e+03,2.535270596126792952e-06
2.742000000000000000e+03,2.533587803554837592e-06
2.743000000000000000e+03,2.531786321924300864e-06
2.744000000000000000e+03,2.529925950511824340e-06
2.745000000000000000e+03,2.524843011997290887e-06
2.746000000000000000e+03,2.525033096389961429e-06
2.747000000000000000e+03,2.522411932659451850e-06
2.748000000000000000e+03,2.518706423870753497e-06
2.749000000000000000e+03,2.516183258194359951e-06
2.750000000000000000e+03,2.513361778255784884e-06
2.751000000000000000e+03,2.509450268917134963e-06
2.752000000000000000e+03,2.506969394744373858e-06
2.753000000000000000e+03,2.504077201592735946e-06
2.754000000000000000e+03,2.502457164155202918e-06
2.755000000000000000e+03,2.499897391317063011e-06
2.756000000000000000e+03,2.496743036317639053e-06
2.757000000000000000e+03,2.494382442819187418e-06
2.758000000000000000e+03,2.492296971468022093e-06
2.759000000000000000e+03,2.491145551175577566e-06
2.760000000000000000e+03,2.489724465704057366e-06
2.761000000000000000e+03,2.487898427716572769e-06
2.762000000000000000e+03,2.485169261490227655e-06
2.763000000000000000e+03,2.483251137164188549e-06
2.764000000000000000e+03,2.481556748534785584e-06
2.765000000000000000e+03,2.479489921825006604e-06
2.766000000000000000e+03,2.484335482222377323e-06
2.767000000000000000e+03,2.478346004863851704e-06
2.768000000000000000e+03,2.475563405823777430e-06
2.769000000000000000e+03,2.474133225405239500e-06
2.770000000000000000e+03,2.472559344823821448e-06
2.771000000000000000e+03,2.471003881510114297e-06
2.772000000000000000e+03,2.467385684212786146e-06
2.773000000000000000e+03,2.473246013323660009e-06
2.774000000000000000e+03,2.465705620124936104e-06
2.775000000000000000e+03,2.462545808157301508e-06
2.776000000000000000e+03,2.460526957293041050e-06
2.777000000000000000e+03,2.458692279105889611e-06
2.778000000000000000e+03,2.456904894643230364e-06
2.779000000000000000e+03,2.455193907735520042e-06
2.780000000000000000e+03,2.453411752867395990e-06
2.781000000000000000e+03,2.451298541927826591e-06
2.782000000000000000e+03,2.449140765747870319e-06
2.783000000000000000e+03,2.451032287353882566e-06
2.784000000000000000e+03,2.448032319080084562e-06
2.785000000000000000e+03,2.446197868266608566e-06
2.786000000000000000e+03,2.444772007947904058e-06
2.787000000000000000e+03,2.442239974698168226e-06
2.788000000000000000e+03,2.440133357595186681e-06
2.789000000000000000e+03,2.438068804622162133e-06
2.790000000000000000e+03,2.436493559798691422e-06
2.791000000000000000e+03,2.433792815281776711e-06
2.792000000000000000e+03,2.435746182527509518e-06
2.793000000000000000e+03,2.433095914966543205e-06
2.794000000000000000e+03,2.431941311442642473e-06
2.795000000000000000e+03,2.429534788461751305e-06
2.796000000000000000e+03,2.427146910122246481e-06
2.797000000000000000e+03,2.425175807729829103e-06
2.798000000000000000e+03,2.423073283353005536e-06
2.799000000000000000e+03,2.421551471343263984e-06
2.800000000000000000e+03,2.419699058009427972e-06
2.801000000000000000e+03,2.417744326521642506e-06
2.802000000000000000e+03,2.414801429040380754e-06
2.803000000000000000e+03,2.411853074590908363e-06
2.804000000000000000e+03,2.408935870334971696e-06
2.805000000000000000e+03,2.407406327620265074e-06
2.806000000000000000e+03,2.406385647191200405e-06
2.807000000000000000e+03,2.404319047855096869e-06
2.808000000000000000e+03,2.401978235866408795e-06
2.809000000000000000e+03,2.399817049081320874e-06
2.810000000000000000e+03,2.397907337581273168e-06
2.811000000000000000e+03,2.395841192992520519e-06
2.812000000000000000e+03,2.396467607468366623e-06
2.813000000000000000e+03,2.394394186921999790e-06
2.814000000000000000e+03,2.392316218902124092e-06
2.815000000000000000e+03,2.391023826930904761e-06
2.816000000000000000e+03,2.389223936916096136e-06
2.817000000000000000e+03,2.386879032201250084e-06
2.818000000000000000e+03,2.385984089414705522e-06
2.819000000000000000e+03,2.382617367402417585e-06
2.820000000000000000e+03,2.381473677814938128e-06
2.821000000000000000e+03,2.379780198680236936e-06
2.822000000000000000e+03,2.377413238718872890e-06
2.823000000000000000e+03,2.385790821790578775e-06
2.824000000000000000e+03,2.376652901148190722e-06
2.825000000000000000e+03,2.374668383708922192e-06
2.826000000000000000e+03,2.373682491452200338e-06
2.827000000000000000e+03,2.371831214986741543e-06
2.828000000000000000e+03,2.369886715314351022e-06
2.829000000000000000e+03,2.365085265410016291e-06
2.830000000000000000e+03,2.362930672461516224e-06
2.831000000000000000e+03,2.359120571782113984e-06
2.832000000000000000e+03,2.357517359996563755e-06
2.833000000000000000e+03,2.355818878641002811e-06
2.834000000000000000e+03,2.353747959205065854e-06
2.835000000000000000e+03,2.351534249100950547e-06
2.836000000000000000e+03,2.349983105887076817e-06
2.837000000000000000e+03,2.347776671740575694e-06
2.838000000000000000e+03,2.343778305657906458e-06
2.839000000000000000e+03,2.341880190215306357e-06
2.840000000000000000e+03,2.338682634217548184e-06
2.841000000000000000e+03,2.337205387448193505e-06
2.842000000000000000e+03,2.335460976610193029e-06
2.843000000000000000e+03,2.333463044124073349e-06
2.844000000000000000e+03,2.331179075554246083e-06
2.845000000000000000e+03,2.328913751625805162e-06
2.846000000000000000e+03,2.326458570678369142e-06
2.847000000000000000e+03,2.325167770322877914e-06
2.848000000000000000e+03,2.322976342838956043e-06
2.849000000000000000e+03,2.321869942534249276e-06
2.850000000000000000e+03,2.320127123311976902e-06
2.851000000000000000e+03,2.317987537026056089e-06
2.852000000000000000e+03,2.314719267815235071e-06
2.853000000000000000e+03,2.312873448317986913e-06
2.854000000000000000e+03,2.311323669346165843e-06
2.855000000000000000e+03,2.310404624950024299e-06
2.856000000000000000e+03,2.309079945916892029e-06
2.857000000000000000e+03,2.305578846062417142e-06
2.858000000000000000e+03,2.306582700839499012e-06
2.859000000000000000e+03,2.304124791407957673e-06
2.860000000000000000e+03,2.302222128491848707e-06
2.861000000000000000e+03,2.300945197930559516e-06
2.862000000000000000e+03,2.299220113854971714e-06
2.863000000000000000e+03,2.296638058396638371e-06
2.864000000000000000e+03,2.294376372447004542e-06
2.865000000000000000e+03,2.292961198691045865e-06
2.866000000000000000e+03,2.291402324772207066e-06
2.867000000000000000e+03,2.289931444465764798e-06
2.868000000000000000e+03,2.287902361786109395e-06
2.869000000000000000e+03,2.286127482875599526e-06
2.870000000000000000e+03,2.284925585627206601e-06
2.871000000000000000e+03,2.283797357449657284e-06
2.872000000000000000e+03,2.282382865814724937e-06
2.873000000000000000e+03,2.282135483255842701e-06
2.874000000000000000e+03,2.278889724038890563e-06
2.875000000000000000e+03,2.278311285408562981e-06
2.876000000000000000e+03,2.277674184369971044e-06
2.877000000000000000e+03,2.276911118315183558e-06
2.878000000000000000e+03,2.275631231896113604e-06
2.879000000000000000e+03,2.274121015943819657e-06
2.880000000000000000e+03,2.272784058732213452e-06
2.881000000000000000e+03,2.271340690640499815e-06
2.882000000000000000e+03,2.268115395054337569e-06
2.883000000000000000e+03,2.264592467327020131e-06
2.884000000000000000e+03,2.262586349388584495e-06
2.885000000000000000e+03,2.260872633996768855e-06
2.886000000000000000e+03,2.260031578771304339e-06
2.887000000000000000e+03,2.259233042423147708e-06
2.888000000000000000e+03,2.257954974993481301e-06
2.889000000000000000e+03,2.256038214909494855e-06
2.890000000000000000e+03,2.253578941235900857e-06
2.891000000000000000e+03,2.250219267807551660e-06
2.892000000000000000e+03,2.250514626211952418e-06
2.893000000000000000e+03,2.248778628199943341e-06
2.894000000000000000e+03,2.247385737064178102e-06
2.895000000000000000e+03,2.246521717097493820e-06
2.896000000000000000e+03,2.245323457827907987e-06
2.897000000000000000e+03,2.243393737444421276e-06
2.898000000000000000e+03,2.241833954030880705e-06
2.899000000000000000e+03,2.240944240838871337e-06
2.900000000000000000e+03,2.239221885247388855e-06
2.901000000000000000e+03,2.236787167930742726e-06
2.902000000000000000e+03,2.234810153822763823e-06
2.903000000000000000e+03,2.232912720501190051e-06
2.904000000000000000e+03,2.231674670838401653e-06
2.905000000000000000e+03,2.230408426839858294e-06
2.906000000000000000e+03,2.227526920250966214e-06
2.907000000000000000e+03,2.226314109066152014e-06
2.908000000000000000e+03,2.224253421445610002e-06
2.909000000000000000e+03,2.223367800979758613e-06
2.910000000000000000e+03,2.222140437879716046e-06
2.911000000000000000e+03,2.218727559011313133e-06
2.912000000000000000e+03,2.224168156317318790e-06
2.913000000000000000e+03,2.217331712017767131e-06
2.914000000000000000e+03,2.214534788436139934e-06
2.915000000000000000e+03,2.213220341218402609e-06
2.916000000000000000e+03,2.211886794611928053e-06
2.917000000000000000e+03,2.210010961789521389e-06
2.918000000000000000e+03,2.209531203334336169e-06
2.919000000000000000e+03,2.206066938015283085e-06
2.920000000000000000e+03,2.204764768976019695e-06
2.921000000000000000e+03,2.202908035542350262e-06
2.922000000000000000e+03,2.200372819061158225e-06
2.923000000000000000e+03,2.197142293880460784e-06
2.924000000000000000e+03,2.194991338910767809e-06
2.925000000000000000e+03,2.192891997765400447e-06
2.926000000000000000e+03,2.191328348999377340e-06
2.927000000000000000e+03,2.189864289903198369e-06
2.928000000000000000e+03,2.189052565881866030e-06
2.929000000000000000e+03,2.187784957641270012e-06
2.930000000000000000e+03,2.187135351050528698e-06
2.931000000000000000e+03,2.186156052630394697e-06
2.932000000000000000e+03,2.184261575166601688e-06
2.933000000000000000e+03,2.182134949180181138e-06
2.934000000000000000e+03,2.179794137191493064e-06
2.935000000000000000e+03,2.178470140279387124e-06
2.936000000000000000e+03,2.176827592847985215e-06
2.937000000000000000e+03,2.175440386054106057e-06
2.938000000000000000e+03,2.171651885873870924e-06
2.939000000000000000e+03,2.175583631469635293e-06
2.940000000000000000e+03,2.170359721276327036e-06
2.941000000000000000e+03,2.167570073652314022e-06
2.942000000000000000e+03,2.165979594792588614e-06
2.943000000000000000e+03,2.164979605367989279e-06
2.944000000000000000e+03,2.163545786970644258e-06
2.945000000000000000e+03,2.162273176509188488e-06
2.946000000000000000e+03,2.160940312023740262e-06
2.947000000000000000e+03,2.159015139113762416e-06
2.948000000000000000e+03,2.160539679607609287e-06
2.949000000000000000e+03,2.157943981728749350e-06
2.950000000000000000e+03,2.156399204977788031e-06
2.951000000000000000e+03,2.155489937649690546e-06
2.952000000000000000e+03,2.154540197807364166e-06
2.953000000000000000e+03,2.152991555703920312e-06
2.954000000000000000e+03,2.150697355318698101e-06
2.955000000000000000e+03,2.148504108845372684e-06
2.956000000000000000e+03,2.147112354577984661e-06
2.957000000000000000e+03,2.145817916243686341e-06
2.958000000000000000e+03,2.145451617252547294e-06
2.959000000000000000e+03,2.144119889635476284e-06
2.960000000000000000e+03,2.142350012945826165e-06
2.961000000000000000e+03,2.140728156518889591e-06
2.962000000000000000e+03,2.138082891178783029e-06
2.963000000000000000e+03,2.134188207492115907e-06
2.964000000000000000e+03,2.130592520188656636e-06
2.965000000000000000e+03,2.128591631844756193e-06
2.966000000000000000e+03,2.126912249877932481e-06
2.967000000000000000e+03,2.125991841239738278e-06
2.968000000000000000e+03,2.124872025888180360e-06
2.969000000000000000e+03,2.122649902958073653e-06
2.970000000000000000e+03,2.120823864970589057e-06
2.971000000000000000e+03,2.118972588505130261e-06
2.972000000000000000e+03,2.116876885338569991e-06
2.973000000000000000e+03,2.115436245730961673e-06
2.974000000000000000e+03,2.111915136993047781e-06
2.975000000000000000e+03,2.116103814842063002e-06
2.976000000000000000e+03,2.111040885210968554e-06
2.977000000000000000e+03,2.108957914970233105e-06
2.978000000000000000e+03,2.107099135173484683e-06
2.979000000000000000e+03,2.104839040839578956e-06
2.980000000000000000e+03,2.102943199133733287e-06
2.981000000000000000e+03,2.101085328831686638e-06
2.982000000000000000e+03,2.099797484333976172e-06
2.983000000000000000e+03,2.098303639286314137e-06
2.984000000000000000e+03,2.098843424391816370e-06
2.985000000000000000e+03,2.097848437188076787e-06
2.986000000000000000e+03,2.097107199006131850e-06
2.987000000000000000e+03,2.095573790938942693e-06
2.988000000000000000e+03,2.094860292345401831e-06
2.989000000000000000e+03,2.093465354846557602e-06
2.990000000000000000e+03,2.095135187119012699e-06
2.991000000000000000e+03,2.092734803227358498e-06
2.992000000000000000e+03,2.091616352117853239e-06
2.993000000000000000e+03,2.090244379360228777e-06
2.994000000000000000e+03,2.089446525133098476e-06
2.995000000000000000e+03,2.087553866658709012e-06
2.996000000000000000e+03,2.084969310089945793e-06
2.997000000000000000e+03,2.086976337523083203e-06
2.998000000000000000e+03,2.083652816509129480e-06
2.999000000000000000e+03,2.081932962028076872e-06
3.000000000000000000e+03,2.081010507026803680e-06
3.001000000000000000e+03,2.080048716379678808e-06
3.002000000000000000e+03,2.079465275528491475e-06
3.003000000000000000e+03,2.077798626487492584e-06
3.004000000000000000e+03,2.076433929687482305e-06
3.005000000000000000e+03,2.075197244266746566e-06
3.006000000000000000e+03,2.073164978355634958e-06
3.007000000000000000e+03,2.077979161185794510e-06
3.008000000000000000e+03,2.071947619697311893e-06
3.009000000000000000e+03,2.070297568934620358e-06
3.010000000000000000e+03,2.069177753583062440e-06
3.011000000000000000e+03,2.067866262223105878e-06
3.012000000000000000e+03,2.065457010758109391e-06
3.013000000000000000e+03,2.062633711830130778e-06
3.014000000000000000e+03,2.062179873973946087e-06
3.015000000000000000e+03,2.059546204691287130e-06
3.016000000000000000e+03,2.058770405710674822e-06
3.017000000000000000e+03,2.057742449323995970e-06
3.018000000000000000e+03,2.056268613159772940e-06
3.019000000000000000e+03,2.054911192317376845e-06
3.020000000000000000e+03,2.053335265372879803e-06
3.021000000000000000e+03,2.051316187134943902e-06
3.022000000000000000e+03,2.050386683549731970e-06
3.023000000000000000e+03,2.048740952886873856e-06
3.024000000000000000e+03,2.047836005658609793e-06
3.025000000000000000e+03,2.046790314125246368e-06
3.026000000000000000e+03,2.044178700089105405e-06
3.027000000000000000e+03,2.044076154561480507e-06
3.028000000000000000e+03,2.042701908067101613e-06
3.029000000000000000e+03,2.040263552771648392e-06
3.030000000000000000e+03,2.039022092503728345e-06
3.031000000000000000e+03,2.037504145846469328e-06
3.032000000000000000e+03,2.035364559560548514e-06
3.033000000000000000e+03,2.033578311966266483e-06
3.034000000000000000e+03,2.031297526627895422e-06
3.035000000000000000e+03,2.029890083576901816e-06
3.036000000000000000e+03,2.027372374868718907e-06
3.037000000000000000e+03,2.024397417699219659e-06
3.038000000000000000e+03,2.022999979089945555e-06
3.039000000000000000e+03,2.021177124333917163e-06
3.040000000000000000e+03,2.020507963607087731e-06
3.041000000000000000e+03,2.019516387008479796e-06
3.042000000000000000e+03,2.019227167693316005e-06
3.043000000000000000e+03,2.017280621657846496e-06
3.044000000000000000e+03,2.016348162214853801e-06
3.045000000000000000e+03,2.015276322708814405e-06
3.046000000000000000e+03,2.013776565945590846e-06
3.047000000000000000e+03,2.013373887166380882e-06
3.048000000000000000e+03,2.011521246458869427e-06
3.049000000000000000e+03,2.011031028814613819e-06
3.050000000000000000e+03,2.009581521633663215e-06
3.051000000000000000e+03,2.007152261285227723e-06
3.052000000000000000e+03,2.007108605539542623e-06
3.053000000000000000e+03,2.005822580031235702e-06
3.054000000000000000e+03,2.003610006795497611e-06
3.055000000000000000e+03,2.002248038479592651e-06
3.056000000000000000e+03,2.001063194256857969e-06
3.057000000000000000e+03,1.999534788410528563e-06
3.058000000000000000e+03,1.998482730414252728e-06
3.059000000000000000e+03,1.996799937842297368e-06
3.060000000000000000e+03,1.995760158024495468e-06
3.061000000000000000e+03,1.994183321585296653e-06
3.062000000000000000e+03,1.993957084778230637e-06
3.063000000000000000e+03,1.991729732253588736e-06
3.064000000000000000e+03,1.991132194234523922e-06
3.065000000000000000e+03,1.990089913306292146e-06
3.066000000000000000e+03,1.988423264265293255e-06
3.067000000000000000e+03,1.987492396438028663e-06
3.068000000000000000e+03,1.984839855140307918e-06
3.069000000000000000e+03,1.983919673875789158e-06
3.070000000000000000e+03,1.983086121981614269e-06
3.071000000000000000e+03,1.981614559554145671e-06
3.072000000000000000e+03,1.983231641133897938e-06
3.073000000000000000e+03,1.980879460461437702e-06
3.074000000000000000e+03,1.979639819182921201e-06
3.075000000000000000e+03,1.978241016331594437e-06
3.076000000000000000e+03,1.976585735974367708e-06
3.077000000000000000e+03,1.977373585759778507e-06
3.078000000000000000e+03,1.975624854821944609e-06
3.079000000000000000e+03,1.973879534489242360e-06
3.080000000000000000e+03,1.972854533960344270e-06
3.081000000000000000e+03,1.971675601453171112e-06
3.082000000000000000e+03,1.970053745026234537e-06
3.083000000000000000e+03,1.970527591765858233e-06
3.084000000000000000e+03,1.969125833056750707e-06
3.085000000000000000e+03,1.967427806448540650e-06
3.086000000000000000e+03,1.966014224308310077e-06
3.087000000000000000e+03,1.964546299859648570e-06
3.088000000000000000e+03,1.962632040886092000e-06
3.089000000000000000e+03,1.961739371836301871e-06
3.090000000000000000e+03,1.959039082066738047e-06
3.091000000000000000e+03,1.957982703970628791e-06
3.092000000000000000e+03,1.956768073796411045e-06
3.093000000000000000e+03,1.954947492777137086e-06
3.094000000000000000e+03,1.952859747689217329e-06
3.095000000000000000e+03,1.951865669980179518e-06
3.096000000000000000e+03,1.950383420989965089e-06
3.097000000000000000e+03,1.949803618117584847e-06
3.098000000000000000e+03,1.948340241142432205e-06
3.099000000000000000e+03,1.949186298588756472e-06
3.100000000000000000e+03,1.947422106240992434e-06
3.101000000000000000e+03,1.946725660673109815e-06
3.102000000000000000e+03,1.945475105458172038e-06
3.103000000000000000e+03,1.944379619089886546e-06
3.104000000000000000e+03,1.942464677995303646e-06
3.105000000000000000e+03,1.941695245477603748e-06
3.106000000000000000e+03,1.940195716088055633e-06
3.107000000000000000e+03,1.939665935424272902e-06
3.108000000000000000e+03,1.938935838552424684e-06
3.109000000000000000e+03,1.937528850248781964e-06
3.110000000000000000e+03,1.938890591191011481e-06
3.111000000000000000e+03,1.936765556820319034e-06
3.112000000000000000e+03,1.935266254804446362e-06
3.113000000000000000e+03,1.933975227075279690e-06
3.114000000000000000e+03,1.932565055540180765e-06
3.115000000000000000e+03,1.930803591676522046e-06
3.116000000000000000e+03,1.932222858158638701e-06
3.117000000000000000e+03,1.929523932631127536e-06
3.118000000000000000e+03,1.927836137838312425e-06
3.119000000000000000e+03,1.926362756421440281e-06
3.120000000000000000e+03,1.925139713421231136e-06
3.121000000000000000e+03,1.922876435855869204e-06
3.122000000000000000e+03,1.930802000060793944e-06
3.123000000000000000e+03,1.922266847032005899e-06
3.124000000000000000e+03,1.921458988363156095e-06
3.125000000000000000e+03,1.920845534186810255e-06
3.126000000000000000e+03,1.919717306009260938e-06
3.127000000000000000e+03,1.918812586154672317e-06
3.128000000000000000e+03,1.917311237775720656e-06
3.129000000000000000e+03,1.916537030410836451e-06
3.130000000000000000e+03,1.915783741424093023e-06
3.131000000000000000e+03,1.915130496854544617e-06
3.132000000000000000e+03,1.914117092383094132e-06
3.133000000000000000e+03,1.913470669023809023e-06
3.134000000000000000e+03,1.913032292577554472e-06
3.135000000000000000e+03,1.912187826746958308e-06
3.136000000000000000e+03,1.910707169372471981e-06
3.137000000000000000e+03,1.909490947582526132e-06
3.138000000000000000e+03,1.907959131131065078e-06
3.139000000000000000e+03,1.906488819258811418e-06
3.140000000000000000e+03,1.904614805425808299e-06
3.141000000000000000e+03,1.903051725093973801e-06
3.142000000000000000e+03,1.901613018162606750e-06
3.143000000000000000e+03,1.900392021525476594e-06
3.144000000000000000e+03,1.899126118587446399e-06
3.145000000000000000e+03,1.896250296340440400e-06
3.146000000000000000e+03,1.896606249829346780e-06
3.147000000000000000e+03,1.895019750008941628e-06
3.148000000000000000e+03,1.892770455924619455e-06
3.149000000000000000e+03,1.891337888082489371e-06
3.150000000000000000e+03,1.889662030407635029e-06
3.151000000000000000e+03,1.887993562377232593e-06
3.152000000000000000e+03,1.886553718577488326e-06
3.153000000000000000e+03,1.885335677798138931e-06
3.154000000000000000e+03,1.884160610643448308e-06
3.155000000000000000e+03,1.883372647171199787e-06
3.156000000000000000e+03,1.882477135950466618e-06
3.157000000000000000e+03,1.881636308098677546e-06
3.158000000000000000e+03,1.880614604488073383e-06
3.159000000000000000e+03,1.877561999208410271e-06
3.160000000000000000e+03,1.880352215266611893e-06
3.161000000000000000e+03,1.876776082099240739e-06
3.162000000000000000e+03,1.875333509815391153e-06
3.163000000000000000e+03,1.874645818134013098e-06
3.164000000000000000e+03,1.873875930868962314e-06
3.165000000000000000e+03,1.872652433121402282e-06
3.166000000000000000e+03,1.870856863206427079e-06
3.167000000000000000e+03,1.868678623395680916e-06
3.168000000000000000e+03,1.867612240857852157e-06
3.169000000000000000e+03,1.865778813225915655e-06
3.170000000000000000e+03,1.864911268967262004e-06
3.171000000000000000e+03,1.863893317022302654e-06
3.172000000000000000e+03,1.863188344941590913e-06
3.173000000000000000e+03,1.861501118582964409e-06
3.174000000000000000e+03,1.860849693002819549e-06
3.175000000000000000e+03,1.860004317677521612e-06
3.176000000000000000e+03,1.858583118519163691e-06
3.177000000000000000e+03,1.862038629951712210e-06
3.178000000000000000e+03,1.857889401435386389e-06
3.179000000000000000e+03,1.856459675764199346e-06
3.180000000000000000e+03,1.855869641076424159e-06
3.181000000000000000e+03,1.854629772424232215e-06
3.182000000000000000e+03,1.853153094089066144e-06
3.183000000000000000e+03,1.854525521594041493e-06
3.184000000000000000e+03,1.852387754297524225e-06
3.185000000000000000e+03,1.850856051532900892e-06
3.186000000000000000e+03,1.849768068495905027e-06
3.187000000000000000e+03,1.848601755227718968e-06
3.188000000000000000e+03,1.850007492976146750e-06
3.189000000000000000e+03,1.848137571869301610e-06
3.190000000000000000e+03,1.847368821472628042e-06
3.191000000000000000e+03,1.846276973083149642e-06
3.192000000000000000e+03,1.844987991717061959e-06
3.193000000000000000e+03,1.845828819568851031e-06
3.194000000000000000e+03,1.844442635956511367e-06
3.195000000000000000e+03,1.843388986344507430e-06
3.196000000000000000e+03,1.842555207076657098e-06
3.197000000000000000e+03,1.841621497078449465e-06
3.198000000000000000e+03,1.840569666455849074e-06
3.199000000000000000e+03,1.838855610003520269e-06
3.200000000000000000e+03,1.837590161812840961e-06
3.201000000000000000e+03,1.836623255258018617e-06
3.202000000000000000e+03,1.835741500144649763e-06
3.203000000000000000e+03,1.834732302086194977e-06
3.204000000000000000e+03,1.833700366660195868e-06
3.205000000000000000e+03,1.831635813687171321e-06
3.206000000000000000e+03,1.830843984862440266e-06
3.207000000000000000e+03,1.829817733778327238e-06
3.208000000000000000e+03,1.828642211876285728e-06
3.209000000000000000e+03,1.827313781177508645e-06
3.210000000000000000e+03,1.826274910854408517e-06
3.211000000000000000e+03,1.825343247219279874e-06
3.212000000000000000e+03,1.826308448471536394e-06
3.213000000000000000e+03,1.824985019993619062e-06
3.214000000000000000e+03,1.824429205043998081e-06
3.215000000000000000e+03,1.823393859012867324e-06
3.216000000000000000e+03,1.822707758947217371e-06
3.217000000000000000e+03,1.821747787289496046e-06
3.218000000000000000e+03,1.820679244701750576e-06
3.219000000000000000e+03,1.819128897295740899e-06
3.220000000000000000e+03,1.818372652451216709e-06
3.221000000000000000e+03,1.817608790588565171e-06
3.222000000000000000e+03,1.816825374589825515e-06
3.223000000000000000e+03,1.815668156268657185e-06
3.224000000000000000e+03,1.814446818571013864e-06
3.225000000000000000e+03,1.813124299587798305e-06
3.226000000000000000e+03,1.813292328733950853e-06
3.227000000000000000e+03,1.812266987144539598e-06
3.228000000000000000e+03,1.810839762583782431e-06
3.229000000000000000e+03,1.809876380320929457e-06
3.230000000000000000e+03,1.808274191716918722e-06
3.231000000000000000e+03,1.813116455195995513e-06
3.232000000000000000e+03,1.807716898838407360e-06
3.233000000000000000e+03,1.806380964808340650e-06
3.234000000000000000e+03,1.804560838536417577e-06
3.235000000000000000e+03,1.802629640224040486e-06
3.236000000000000000e+03,1.803108261810848489e-06
3.237000000000000000e+03,1.802029032660357188e-06
3.238000000000000000e+03,1.800878180802101269e-06
3.239000000000000000e+03,1.799575215954973828e-06
3.240000000000000000e+03,1.797767367861524690e-06
3.241000000000000000e+03,1.795946445781737566e-06
3.242000000000000000e+03,1.795195430531748571e-06
3.243000000000000000e+03,1.792976263459422626e-06
3.244000000000000000e+03,1.792142938938923180e-06
3.245000000000000000e+03,1.790910232557507697e-06
3.246000000000000000e+03,1.790408077795291319e-06
3.247000000000000000e+03,1.788798499546828680e-06
3.248000000000000000e+03,1.787699716260249261e-06
3.249000000000000000e+03,1.786527036529150791e-06
3.250000000000000000e+03,1.785769086382060777e-06
3.251000000000000000e+03,1.784671098903345410e-06
3.252000000000000000e+03,1.783797188181779347e-06
3.253000000000000000e+03,1.782534241101529915e-06
3.254000000000000000e+03,1.780890329428075347e-06
3.255000000000000000e+03,1.781814376045076642e-06
3.256000000000000000e+03,1.779843159965821542e-06
3.257000000000000000e+03,1.778337377800198738e-06
3.258000000000000000e+03,1.777312945705489255e-06
3.259000000000000000e+03,1.776356043592386413e-06
3.260000000000000000e+03,1.775224745870218612e-06
3.261000000000000000e+03,1.774458723957650363e-06
3.262000000000000000e+03,1.773270241756108589e-06
3.263000000000000000e+03,1.772745349626347888e-06
3.264000000000000000e+03,1.771961706253932789e-06
3.265000000000000000e+03,1.771011170603742357e-06
3.266000000000000000e+03,1.770234121067915112e-06
3.267000000000000000e+03,1.768576680660771672e-06
3.268000000000000000e+03,1.774186102920793928e-06
3.269000000000000000e+03,1.768012339198321570e-06
3.270000000000000000e+03,1.766484388099343050e-06
3.271000000000000000e+03,1.765646970852685627e-06
3.272000000000000000e+03,1.764784769875404891e-06
3.273000000000000000e+03,1.764130047376966104e-06
3.274000000000000000e+03,1.762850160957896151e-06
3.275000000000000000e+03,1.762144052008807193e-06
3.276000000000000000e+03,1.761046746651118156e-06
3.277000000000000000e+03,1.761651788001472596e-06
3.278000000000000000e+03,1.760397140060376842e-06
3.279000000000000000e+03,1.759628162290027831e-06
3.280000000000000000e+03,1.759029601089423522e-06
3.281000000000000000e+03,1.758272560437035281e-06
3.282000000000000000e+03,1.757346808517468162e-06
3.283000000000000000e+03,1.756132746777439024e-06
3.284000000000000000e+03,1.755435164341179188e-06
3.285000000000000000e+03,1.754497134243138134e-06
3.286000000000000000e+03,1.753618562361225486e-06
3.287000000000000000e+03,1.752590605974546634e-06
3.288000000000000000e+03,1.752048319758614525e-06
3.289000000000000000e+03,1.751483637235651258e-06
3.290000000000000000e+03,1.750961132529482711e-06
3.291000000000000000e+03,1.750185333548870403e-06
3.292000000000000000e+03,1.749260150063491892e-06
3.293000000000000000e+03,1.748687623148725834e-06
3.294000000000000000e+03,1.747939791130193044e-06
3.295000000000000000e+03,1.747662963680340908e-06
3.296000000000000000e+03,1.746837028804293368e-06
3.297000000000000000e+03,1.745144686537969392e-06
3.298000000000000000e+03,1.747418991726590320e-06
3.299000000000000000e+03,1.744513724588614423e-06
3.300000000000000000e+03,1.743211555549351033e-06
3.301000000000000000e+03,1.742116864988929592e-06
3.302000000000000000e+03,1.740870061439636629e-06
3.303000000000000000e+03,1.741316509651369415e-06
3.304000000000000000e+03,1.740340849210042506e-06
3.305000000000000000e+03,1.739242634357651696e-06
3.306000000000000000e+03,1.737237198540242389e-06
3.307000000000000000e+03,1.735722662488115020e-06
3.308000000000000000e+03,1.734884449433593545e-06
3.309000000000000000e+03,1.733651970425853506e-06
3.310000000000000000e+03,1.732779423946340103e-06
3.311000000000000000e+03,1.732196892589854542e-06
3.312000000000000000e+03,1.731094698698143475e-06
3.313000000000000000e+03,1.729139739836682566e-06
3.314000000000000000e+03,1.731422912598645780e-06
3.315000000000000000e+03,1.728254574118182063e-06
3.316000000000000000e+03,1.726980372040998191e-06
3.317000000000000000e+03,1.726220716591342352e-06
3.318000000000000000e+03,1.725557467580074444e-06
3.319000000000000000e+03,1.724662070046178997e-06
3.320000000000000000e+03,1.723240643514145631e-06
3.321000000000000000e+03,1.721871967674815096e-06
3.322000000000000000e+03,1.720850036690535489e-06
3.323000000000000000e+03,1.719838905955839437e-06
3.324000000000000000e+03,1.718913949844136368e-06
3.325000000000000000e+03,1.718120643090514932e-06
3.326000000000000000e+03,1.720008071970369201e-06
3.327000000000000000e+03,1.717620307317702100e-06
3.328000000000000000e+03,1.716545966701232828e-06
3.329000000000000000e+03,1.715877601782267448e-06
3.330000000000000000e+03,1.715186954243108630e-06
3.331000000000000000e+03,1.714539848762797192e-06
3.332000000000000000e+03,1.713731649033434223e-06
3.333000000000000000e+03,1.713116148494009394e-06
3.334000000000000000e+03,1.712205062176508363e-06
3.335000000000000000e+03,1.711514187263674103e-06
3.336000000000000000e+03,1.710903802631946746e-06
3.337000000000000000e+03,1.710230094431608450e-06
3.338000000000000000e+03,1.709314801701111719e-06
3.339000000000000000e+03,1.708551167212135624e-06
3.340000000000000000e+03,1.706607235973933712e-06
3.341000000000000000e+03,1.705675572338805068e-06
3.342000000000000000e+03,1.704200144558853935e-06
3.343000000000000000e+03,1.702519170976302121e-06
3.344000000000000000e+03,1.701614223748038057e-06
3.345000000000000000e+03,1.699644485597673338e-06
3.346000000000000000e+03,1.698985670373076573e-06
3.347000000000000000e+03,1.697595052974065766e-06
3.348000000000000000e+03,1.697877451078966260e-06
3.349000000000000000e+03,1.696762865321943536e-06
3.350000000000000000e+03,1.695744913376984186e-06
3.351000000000000000e+03,1.694834395493671764e-06
3.352000000000000000e+03,1.694142497399298009e-06
3.353000000000000000e+03,1.693324975349241868e-06
3.354000000000000000e+03,1.690867748038726859e-06
3.355000000000000000e+03,1.689525106485234573e-06
3.356000000000000000e+03,1.688356178419780917e-06
3.357000000000000000e+03,1.687401550043432508e-06
3.358000000000000000e+03,1.686066980255418457e-06
3.359000000000000000e+03,1.686233645159518346e-06
3.360000000000000000e+03,1.685453980826423503e-06
3.361000000000000000e+03,1.684452172412420623e-06
3.362000000000000000e+03,1.682856691331835464e-06
3.363000000000000000e+03,1.681685830590140540e-06
3.364000000000000000e+03,1.680486661825852934e-06
3.365000000000000000e+03,1.679846491242642514e-06
3.366000000000000000e+03,1.678638113844499458e-06
3.367000000000000000e+03,1.677892328189045656e-06
3.368000000000000000e+03,1.677261707300203852e-06
3.369000000000000000e+03,1.675849262028350495e-06
3.370000000000000000e+03,1.673763449616672006e-06
3.371000000000000000e+03,1.672872144808934536e-06
3.372000000000000000e+03,1.671174118200724479e-06
3.373000000000000000e+03,1.670460164859832730e-06
3.374000000000000000e+03,1.669405946813640185e-06
3.375000000000000000e+03,1.668527147558052093e-06
3.376000000000000000e+03,1.667493620516324881e-06
3.377000000000000000e+03,1.666529897192958742e-06
3.378000000000000000e+03,1.665697936914511956e-06
3.379000000000000000e+03,1.663607008595135994e-06
3.380000000000000000e+03,1.663072225710493512e-06
3.381000000000000000e+03,1.661222086113411933e-06
3.382000000000000000e+03,1.660540306147595402e-06
3.383000000000000000e+03,1.659843860579712782e-06
3.384000000000000000e+03,1.659184363234089687e-06
3.385000000000000000e+03,1.658642531765508465e-06
3.386000000000000000e+03,1.657586153669399209e-06
3.387000000000000000e+03,1.656888798606814817e-06
3.388000000000000000e+03,1.655606183703639545e-06
3.389000000000000000e+03,1.658637074797297828e-06
3.390000000000000000e+03,1.655026380831259303e-06
3.391000000000000000e+03,1.654442030485370196e-06
3.392000000000000000e+03,1.653662707212788519e-06
3.393000000000000000e+03,1.652780952099419665e-06
3.394000000000000000e+03,1.653686126701359171e-06
3.395000000000000000e+03,1.652097012083686423e-06
3.396000000000000000e+03,1.650473791414697189e-06
3.397000000000000000e+03,1.649234604883531574e-06
3.398000000000000000e+03,1.647999170018010773e-06
3.399000000000000000e+03,1.646993268877849914e-06
3.400000000000000000e+03,1.645556039875373244e-06
3.401000000000000000e+03,1.644991925786598586e-06
3.402000000000000000e+03,1.643651899030373897e-06
3.403000000000000000e+03,1.642853021621704102e-06
3.404000000000000000e+03,1.642019356040691491e-06
3.405000000000000000e+03,1.640636128286132589e-06
3.406000000000000000e+03,1.641374637983972207e-06
3.407000000000000000e+03,1.639978790990426205e-06
3.408000000000000000e+03,1.638605681364424527e-06
3.409000000000000000e+03,1.637807486076781061e-06
3.410000000000000000e+03,1.636618321754212957e-06
3.411000000000000000e+03,1.636310685171338264e-06
3.412000000000000000e+03,1.635314561099221464e-06
3.413000000000000000e+03,1.634871978239971213e-06
3.414000000000000000e+03,1.634317641219240613e-06
3.415000000000000000e+03,1.633618239793577231e-06
3.416000000000000000e+03,1.634092768654227257e-06
3.417000000000000000e+03,1.633071292417298537e-06
3.418000000000000000e+03,1.631855184314190410e-06
3.419000000000000000e+03,1.630837800803419668e-06
3.420000000000000000e+03,1.629421149118570611e-06
3.421000000000000000e+03,1.629009489079180639e-06
3.422000000000000000e+03,1.627954134164610878e-06
3.423000000000000000e+03,1.627399797143880278e-06
3.424000000000000000e+03,1.626228936402185354e-06
3.425000000000000000e+03,1.624390847609902266e-06
3.426000000000000000e+03,1.624721676307672169e-06
3.427000000000000000e+03,1.623406774342583958e-06
3.428000000000000000e+03,1.621739897927909624e-06
3.429000000000000000e+03,1.620773787180951331e-06
3.430000000000000000e+03,1.619692284293705598e-06
3.431000000000000000e+03,1.618770170352945570e-06
3.432000000000000000e+03,1.617553834876162000e-06
3.433000000000000000e+03,1.616537247173255309e-06
3.434000000000000000e+03,1.615487008166383021e-06
3.435000000000000000e+03,1.613747372175566852e-06
3.436000000000000000e+03,1.612369374015543144e-06
3.437000000000000000e+03,1.610774916116497479e-06
3.438000000000000000e+03,1.613118911336641759e-06
3.439000000000000000e+03,1.609886794540216215e-06
3.440000000000000000e+03,1.609098490007454529e-06
3.441000000000000000e+03,1.608018010301748291e-06
3.442000000000000000e+03,1.608838147149072029e-06
3.443000000000000000e+03,1.607692297511675861e-06
3.444000000000000000e+03,1.607171839168586303e-06
3.445000000000000000e+03,1.606412638466281351e-06
3.446000000000000000e+03,1.605498027856810950e-06
3.447000000000000000e+03,1.604008730282657780e-06
3.448000000000000000e+03,1.605535430826421361e-06
3.449000000000000000e+03,1.603341502232069615e-06
3.450000000000000000e+03,1.601885628588206600e-06
3.451000000000000000e+03,1.600993755346280523e-06
3.452000000000000000e+03,1.600154291736544110e-06
3.453000000000000000e+03,1.599095980964193586e-06
3.454000000000000000e+03,1.598216613274416886e-06
3.455000000000000000e+03,1.596678771420556586e-06
3.456000000000000000e+03,1.595834874024149030e-06
3.457000000000000000e+03,1.594758259670925327e-06
3.458000000000000000e+03,1.594250989001011476e-06
3.459000000000000000e+03,1.593560000401339494e-06
3.460000000000000000e+03,1.592839907971210778e-06
3.461000000000000000e+03,1.592278067619190551e-06
3.462000000000000000e+03,1.591272280165867414e-06
3.463000000000000000e+03,1.591017849023046438e-06
3.464000000000000000e+03,1.590166561982186977e-06
3.465000000000000000e+03,1.589921112099546008e-06
3.466000000000000000e+03,1.589424869052891154e-06
3.467000000000000000e+03,1.588847908351453952e-06
3.468000000000000000e+03,1.588341547176241875e-06
3.469000000000000000e+03,1.587595988894463517e-06
3.470000000000000000e+03,1.587312681294861250e-06
3.471000000000000000e+03,1.586526309438340832e-06
3.472000000000000000e+03,1.585837026141234674e-06
3.473000000000000000e+03,1.585228687872586306e-06
3.474000000000000000e+03,1.584187202752218582e-06
3.475000000000000000e+03,1.585444238116906490e-06
3.476000000000000000e+03,1.583373318680969533e-06
3.477000000000000000e+03,1.581801143402117305e-06
3.478000000000000000e+03,1.580824346092413180e-06
3.479000000000000000e+03,1.580057983119331766e-06
3.480000000000000000e+03,1.579093918735452462e-06
3.481000000000000000e+03,1.578632577547978144e-06
3.482000000000000000e+03,1.577515718054200988e-06
3.483000000000000000e+03,1.576259592184214853e-06
3.484000000000000000e+03,1.575446503920829855e-06
3.485000000000000000e+03,1.573507347529812250e-06
3.486000000000000000e+03,1.572742348798783496e-06
3.487000000000000000e+03,1.571517941556521691e-06
3.488000000000000000e+03,1.570503059156180825e-06
3.489000000000000000e+03,1.569454752825549804e-06
3.490000000000000000e+03,1.568600509926909581e-06
3.491000000000000000e+03,1.567859158058126923e-06
3.492000000000000000e+03,1.566903051752888132e-06
3.493000000000000000e+03,1.565792445035185665e-06
3.494000000000000000e+03,1.564969466016918886e-06
3.495000000000000000e+03,1.564278136356733739e-06
3.496000000000000000e+03,1.563302589602244552e-06
3.497000000000000000e+03,1.564107492413313594e-06
3.498000000000000000e+03,1.562790203024633229e-06
3.499000000000000000e+03,1.561702106300799642e-06
3.500000000000000000e+03,1.561077851874870248e-06
3.501000000000000000e+03,1.560420059831812978e-06
3.502000000000000000e+03,1.559638008075125981e-06
3.503000000000000000e+03,1.558874828333500773e-06
3.504000000000000000e+03,1.558413373459188733e-06
3.505000000000000000e+03,1.557853579470247496e-06
3.506000000000000000e+03,1.557580162625527009e-06
3.507000000000000000e+03,1.557255700390669517e-06
3.508000000000000000e+03,1.556305392114154529e-06
3.509000000000000000e+03,1.555927383378730156e-06
3.510000000000000000e+03,1.554568029860092793e-06
3.511000000000000000e+03,1.553888637317868415e-06
3.512000000000000000e+03,1.553268361931259278e-06
3.513000000000000000e+03,1.552403205096197780e-06
3.514000000000000000e+03,1.551954255774035119e-06
3.515000000000000000e+03,1.550747583678457886e-06
3.516000000000000000e+03,1.550309661979554221e-06
3.517000000000000000e+03,1.549587182125833351e-06
3.518000000000000000e+03,1.549750663798477035e-06
3.519000000000000000e+03,1.549201670059119351e-06
3.520000000000000000e+03,1.548612544866045937e-06
3.521000000000000000e+03,1.547746137475769501e-06
3.522000000000000000e+03,1.547110400679230224e-06
3.523000000000000000e+03,1.546309931654832326e-06
3.524000000000000000e+03,1.545545615044829901e-06
3.525000000000000000e+03,1.544570864098204765e-06
3.526000000000000000e+03,1.543346797916456126e-06
3.527000000000000000e+03,1.542457539471797645e-06
3.528000000000000000e+03,1.541108986202743836e-06
3.529000000000000000e+03,1.540600692351290490e-06
3.530000000000000000e+03,1.539818867968278937e-06
3.531000000000000000e+03,1.539686081741820090e-06
3.532000000000000000e+03,1.538572291792661417e-06
3.533000000000000000e+03,1.538230435471632518e-06
3.534000000000000000e+03,1.537580828880891204e-06
3.535000000000000000e+03,1.537092202852363698e-06
3.536000000000000000e+03,1.536356762699142564e-06
3.537000000000000000e+03,1.535572096145187970e-06
3.538000000000000000e+03,1.535061528556980193e-06
3.539000000000000000e+03,1.533906356598890852e-06
3.540000000000000000e+03,1.533427507638407405e-06
3.541000000000000000e+03,1.531967200207873248e-06
3.542000000000000000e+03,1.531014390820928384e-06
3.543000000000000000e+03,1.529641963315953035e-06
3.544000000000000000e+03,1.528746452095219865e-06
3.545000000000000000e+03,1.527255221844825428e-06
3.546000000000000000e+03,1.526505343463213649e-06
3.547000000000000000e+03,1.525719312667206395e-06
3.548000000000000000e+03,1.524445565337373409e-06
3.549000000000000000e+03,1.522709567325364333e-06
3.550000000000000000e+03,1.521511194368940778e-06
3.551000000000000000e+03,1.521001991022785660e-06
3.552000000000000000e+03,1.520391037956869695e-06
3.553000000000000000e+03,1.519974375696619973e-06
3.554000000000000000e+03,1.519362967883353122e-06
3.555000000000000000e+03,1.518161866442824248e-06
3.556000000000000000e+03,1.516271595392026938e-06
3.557000000000000000e+03,1.522537672826729249e-06
3.558000000000000000e+03,1.515571739219012670e-06
3.559000000000000000e+03,1.514116888756689150e-06
3.560000000000000000e+03,1.513485017312632408e-06
3.561000000000000000e+03,1.512856556473707315e-06
3.562000000000000000e+03,1.512141693638113793e-06
3.563000000000000000e+03,1.511047912572394125e-06
3.564000000000000000e+03,1.509302592239691876e-06
3.565000000000000000e+03,1.508867171651218086e-06
3.566000000000000000e+03,1.507538627265603282e-06
3.567000000000000000e+03,1.507154252067266498e-06
3.568000000000000000e+03,1.506551711827341933e-06
3.569000000000000000e+03,1.505695536252460442e-06
3.570000000000000000e+03,1.504773649685375858e-06
3.571000000000000000e+03,1.504147235209529754e-06
3.572000000000000000e+03,1.503337671238114126e-06
3.573000000000000000e+03,1.502094846728141420e-06
3.574000000000000000e+03,1.504183728684438393e-06
3.575000000000000000e+03,1.501692509009444620e-06
3.576000000000000000e+03,1.500644884799839929e-06
3.577000000000000000e+03,1.499932977822027169e-06
3.578000000000000000e+03,1.499058271292597055e-06
3.579000000000000000e+03,1.498123197052336764e-06
3.580000000000000000e+03,1.496883896834333427e-06
3.581000000000000000e+03,1.495584342592337634e-06
3.582000000000000000e+03,1.495738160883774981e-06
3.583000000000000000e+03,1.494973844273772556e-06
3.584000000000000000e+03,1.494049115535744932e-06
3.585000000000000000e+03,1.493177364864095580e-06
3.586000000000000000e+03,1.492140654590912163e-06
3.587000000000000000e+03,1.490883164478873368e-06
3.588000000000000000e+03,1.488906036684056744e-06
3.589000000000000000e+03,1.497964717600552831e-06
3.590000000000000000e+03,1.488333055021939799e-06
3.591000000000000000e+03,1.487139002165349666e-06
3.592000000000000000e+03,1.486584437770943623e-06
3.593000000000000000e+03,1.486157202634785790e-06
3.594000000000000000e+03,1.485710981796728447e-06
3.595000000000000000e+03,1.485074676566000562e-06
3.596000000000000000e+03,1.484583435740205459e-06
3.597000000000000000e+03,1.483528649259824306e-06
3.598000000000000000e+03,1.481917365708795842e-06
3.599000000000000000e+03,1.484851736677228473e-06
3.600000000000000000e+03,1.481275035075668711e-06
3.601000000000000000e+03,1.480110199736373033e-06
3.602000000000000000e+03,1.479366460443998221e-06
3.603000000000000000e+03,1.478639774177281652e-06
3.604000000000000000e+03,1.477915361647319514e-06
3.605000000000000000e+03,1.477119667470105924e-06
3.606000000000000000e+03,1.476225975238776300e-06
3.607000000000000000e+03,1.475469730394252110e-06
3.608000000000000000e+03,1.474527380196377635e-06
3.609000000000000000e+03,1.473051497669075616e-06
3.610000000000000000e+03,1.472110511713253800e-06
3.611000000000000000e+03,1.470691699978488032e-06
3.612000000000000000e+03,1.469739117965218611e-06
3.613000000000000000e+03,1.468101459067838732e-06
3.614000000000000000e+03,1.468245727664907463e-06
3.615000000000000000e+03,1.467483343731146306e-06
3.616000000000000000e+03,1.466405592509545386e-06
3.617000000000000000e+03,1.465741206629900262e-06
3.618000000000000000e+03,1.464872752876544837e-06
3.619000000000000000e+03,1.463591843275935389e-06
3.620000000000000000e+03,1.461501256017072592e-06
3.621000000000000000e+03,1.467059405513282400e-06
3.622000000000000000e+03,1.460857674828730524e-06
3.623000000000000000e+03,1.460053454138687812e-06
3.624000000000000000e+03,1.459381337554077618e-06
3.625000000000000000e+03,1.458337692383793183e-06
3.626000000000000000e+03,1.457990720155066811e-06
3.627000000000000000e+03,1.456643985875416547e-06
3.628000000000000000e+03,1.456027689528127667e-06
3.629000000000000000e+03,1.455511551284871530e-06
3.630000000000000000e+03,1.454716880289197434e-06
3.631000000000000000e+03,1.454108200960035902e-06
3.632000000000000000e+03,1.452941887691849843e-06
3.633000000000000000e+03,1.452457922823668923e-06
3.634000000000000000e+03,1.451780462957685813e-06
3.635000000000000000e+03,1.451136427021992858e-06
3.636000000000000000e+03,1.450445438422320876e-06
3.637000000000000000e+03,1.449035835321410559e-06
3.638000000000000000e+03,1.447691602152190171e-06
3.639000000000000000e+03,1.446299961571639869e-06
3.640000000000000000e+03,1.445145585421414580e-06
3.641000000000000000e+03,1.443939822820539121e-06
3.642000000000000000e+03,1.443015548829862382e-06
3.643000000000000000e+03,1.442027496523223817e-06
3.644000000000000000e+03,1.440761707272031344e-06
3.645000000000000000e+03,1.439769221178721637e-06
3.646000000000000000e+03,1.438329150005301926e-06
3.647000000000000000e+03,1.437254809388832655e-06
3.648000000000000000e+03,1.436502884644141886e-06
3.649000000000000000e+03,1.436072807337041013e-06
3.650000000000000000e+03,1.435587591913645156e-06
3.651000000000000000e+03,1.435081344425270800e-06
3.652000000000000000e+03,1.434254272680846043e-06
3.653000000000000000e+03,1.432933913747547194e-06
3.654000000000000000e+03,1.431326154488488100e-06
3.655000000000000000e+03,1.430812517355661839e-06
3.656000000000000000e+03,1.429237840966379736e-06
3.657000000000000000e+03,1.428645532541850116e-06
3.658000000000000000e+03,1.427732627234945539e-06
3.659000000000000000e+03,1.426781068403215613e-06
3.660000000000000000e+03,1.425856112291512545e-06
3.661000000000000000e+03,1.424598053745285142e-06
3.662000000000000000e+03,1.423429466740344651e-06
3.663000000000000000e+03,1.422515651938738301e-06
3.664000000000000000e+03,1.420796934326062910e-06
3.665000000000000000e+03,1.420110038452548906e-06
3.666000000000000000e+03,1.419359591636748519e-06
3.667000000000000000e+03,1.417522867086518090e-06
3.668000000000000000e+03,1.417745465914777014e-06
3.669000000000000000e+03,1.416545501342625357e-06
3.670000000000000000e+03,1.415591100339952391e-06
3.671000000000000000e+03,1.415293240825121757e-06
3.672000000000000000e+03,1.414765961271768901e-06
3.673000000000000000e+03,1.414280404787859879e-06
3.674000000000000000e+03,1.413624318047368433e-06
3.675000000000000000e+03,1.412793380950461142e-06
3.676000000000000000e+03,1.413441736985987518e-06
3.677000000000000000e+03,1.412215965501673054e-06
3.678000000000000000e+03,1.411230527992302086e-06
3.679000000000000000e+03,1.410348204444744624e-06
3.680000000000000000e+03,1.409338551638938952e-06
3.681000000000000000e+03,1.407934632879914716e-06
3.682000000000000000e+03,1.413725840393453836e-06
3.683000000000000000e+03,1.407498530170414597e-06
3.684000000000000000e+03,1.406619844601664227e-06
3.685000000000000000e+03,1.406029468853375874e-06
3.686000000000000000e+03,1.404833938067895360e-06
3.687000000000000000e+03,1.404480599376256578e-06
3.688000000000000000e+03,1.403001874678011518e-06
3.689000000000000000e+03,1.402454699928057380e-06
3.690000000000000000e+03,1.401905706188699696e-06
3.691000000000000000e+03,1.401148324475798290e-06
3.692000000000000000e+03,1.401220401930913795e-06
3.693000000000000000e+03,1.400626047143305186e-06
3.694000000000000000e+03,1.400024302711244673e-06
3.695000000000000000e+03,1.399602979290648364e-06
3.696000000000000000e+03,1.399025336468184832e-06
3.697000000000000000e+03,1.398294557475310285e-06
3.698000000000000000e+03,1.397764890498365276e-06
3.699000000000000000e+03,1.397101414113421924e-06
3.700000000000000000e+03,1.395846197738137562e-06
3.701000000000000000e+03,1.395720573782455176e-06
3.702000000000000000e+03,1.394880428051692434e-06
3.703000000000000000e+03,1.393236402691400144e-06
3.704000000000000000e+03,1.393254706272273324e-06
3.705000000000000000e+03,1.392706508340779692e-06
3.706000000000000000e+03,1.391979481013549957e-06
3.707000000000000000e+03,1.391507339576492086e-06
3.708000000000000000e+03,1.391096361658128444e-06
3.709000000000000000e+03,1.390116608490643557e-06
3.710000000000000000e+03,1.389460408063314389e-06
3.711000000000000000e+03,1.388765440424322151e-06
3.712000000000000000e+03,1.387810357300622854e-06
3.713000000000000000e+03,1.386414851367590018e-06
3.714000000000000000e+03,1.385876316817302722e-06
3.715000000000000000e+03,1.384438519380637445e-06
3.716000000000000000e+03,1.383763219564571045e-06
3.717000000000000000e+03,1.383035623803152703e-06
3.718000000000000000e+03,1.382634536639670841e-06
3.719000000000000000e+03,1.381932634103577584e-06
3.720000000000000000e+03,1.381256879540160298e-06
3.721000000000000000e+03,1.380777916892839130e-06
3.722000000000000000e+03,1.379840000481635798e-06
3.723000000000000000e+03,1.378749288960534614e-06
3.724000000000000000e+03,1.378071374347200617e-06
3.725000000000000000e+03,1.377189391860156320e-06
3.726000000000000000e+03,1.376148816234490369e-06
3.727000000000000000e+03,1.376904720018501393e-06
3.728000000000000000e+03,1.375413148707593791e-06
3.729000000000000000e+03,1.374528210362768732e-06
3.730000000000000000e+03,1.374088014927110635e-06
3.731000000000000000e+03,1.373300506202213001e-06
3.732000000000000000e+03,1.372480710415402427e-06
3.733000000000000000e+03,1.371383518744551111e-06
3.734000000000000000e+03,1.370629888697294518e-06
3.735000000000000000e+03,1.369750975754868705e-06
3.736000000000000000e+03,1.369275764773192350e-06
3.737000000000000000e+03,1.368313860439229757e-06
3.738000000000000000e+03,1.367273966934590135e-06
3.739000000000000000e+03,1.369414576402050443e-06
3.740000000000000000e+03,1.366879928355047014e-06
3.741000000000000000e+03,1.365896537208755035e-06
3.742000000000000000e+03,1.365100047223677393e-06
3.743000000000000000e+03,1.363550268251856323e-06
3.744000000000000000e+03,1.361983436254377011e-06
3.745000000000000000e+03,1.362246848657377996e-06
3.746000000000000000e+03,1.361007207378861494e-06
3.747000000000000000e+03,1.360123178528738208e-06
3.748000000000000000e+03,1.359666839562123641e-06
3.749000000000000000e+03,1.359120460620033555e-06
3.750000000000000000e+03,1.357999281026422977e-06
3.751000000000000000e+03,1.359760176455893088e-06
3.752000000000000000e+03,1.357480869046412408e-06
3.753000000000000000e+03,1.356924144602089655e-06
3.754000000000000000e+03,1.356456436951702926e-06
3.755000000000000000e+03,1.356127995677525178e-06
3.756000000000000000e+03,1.355282051918038633e-06
3.757000000000000000e+03,1.354999426439462695e-06
3.758000000000000000e+03,1.353672928416926879e-06
3.759000000000000000e+03,1.352922026853775606e-06
3.760000000000000000e+03,1.351829837403784040e-06
3.761000000000000000e+03,1.350614297734864522e-06
3.762000000000000000e+03,1.349969579678145237e-06
3.763000000000000000e+03,1.349386479887471069e-06
3.764000000000000000e+03,1.348985392723989207e-06
3.765000000000000000e+03,1.348282239632681012e-06
3.766000000000000000e+03,1.347675947727111634e-06
3.767000000000000000e+03,1.346557610304444097e-06
3.768000000000000000e+03,1.346062163065653294e-06
3.769000000000000000e+03,1.345505552308168262e-06
3.770000000000000000e+03,1.344818088000465650e-06
3.771000000000000000e+03,1.343411440757336095e-06
3.772000000000000000e+03,1.342198970633035060e-06
3.773000000000000000e+03,1.340582912234822288e-06
3.774000000000000000e+03,1.339958998869406059e-06
3.775000000000000000e+03,1.339347477369301487e-06
3.776000000000000000e+03,1.338839297204685863e-06
3.777000000000000000e+03,1.338102720183087513e-06
3.778000000000000000e+03,1.337344542662322056e-06
3.779000000000000000e+03,1.337295771008939482e-06
3.780000000000000000e+03,1.336872060164751019e-06
3.781000000000000000e+03,1.336392983830592129e-06
3.782000000000000000e+03,1.336186869593802840e-06
3.783000000000000000e+03,1.334999524260638282e-06
3.784000000000000000e+03,1.334623220827779733e-06
3.785000000000000000e+03,1.333926434199383948e-06
3.786000000000000000e+03,1.333083105237165000e-06
3.787000000000000000e+03,1.332333340542390943e-06
3.788000000000000000e+03,1.331360863332520239e-06
3.789000000000000000e+03,1.331214434685534798e-06
3.790000000000000000e+03,1.329675114902784117e-06
3.791000000000000000e+03,1.329097131019807421e-06
3.792000000000000000e+03,1.328409780398942530e-06
3.793000000000000000e+03,1.327771656178811099e-06
3.794000000000000000e+03,1.326863298345415387e-06
3.795000000000000000e+03,1.327150926044851076e-06
3.796000000000000000e+03,1.326449591942946427e-06
3.797000000000000000e+03,1.325852622358070221e-06
3.798000000000000000e+03,1.325220296166662592e-06
3.799000000000000000e+03,1.324299887528468389e-06
3.800000000000000000e+03,1.323455194324196782e-06
3.801000000000000000e+03,1.324226673204975668e-06
3.802000000000000000e+03,1.323060928370978218e-06
3.803000000000000000e+03,1.322525008617958520e-06
3.804000000000000000e+03,1.322119828728318680e-06
3.805000000000000000e+03,1.321574927715118974e-06
3.806000000000000000e+03,1.320526052950299345e-06
3.807000000000000000e+03,1.320920546277193353e-06
3.808000000000000000e+03,1.319959210377419367e-06
3.809000000000000000e+03,1.318866111432726029e-06
3.810000000000000000e+03,1.318255840487836394e-06
3.811000000000000000e+03,1.317440705861372408e-06
3.812000000000000000e+03,1.316449811383790802e-06
3.813000000000000000e+03,1.315834879278554581e-06
3.814000000000000000e+03,1.315209260610572528e-06
3.815000000000000000e+03,1.314980067945725750e-06
3.816000000000000000e+03,1.314503720095672179e-06
3.817000000000000000e+03,1.313754523835086729e-06
3.818000000000000000e+03,1.312588665314251557e-06
3.819000000000000000e+03,1.311169512518972624e-06
3.820000000000000000e+03,1.310525931330630556e-06
3.821000000000000000e+03,1.309179197050980292e-06
3.822000000000000000e+03,1.308627815888030455e-06
3.823000000000000000e+03,1.308226160290359985e-06
3.824000000000000000e+03,1.307252091464761179e-06
3.825000000000000000e+03,1.308530386268103030e-06
3.826000000000000000e+03,1.306643753196112812e-06
3.827000000000000000e+03,1.305857267652754672e-06
3.828000000000000000e+03,1.305283831243286841e-06
3.829000000000000000e+03,1.304656620959576685e-06
3.830000000000000000e+03,1.303512590311584063e-06
3.831000000000000000e+03,1.303889803239144385e-06
3.832000000000000000e+03,1.302840701100649312e-06
3.833000000000000000e+03,1.301998963754158467e-06
3.834000000000000000e+03,1.301104816775477957e-06
3.835000000000000000e+03,1.300376993640384171e-06
3.836000000000000000e+03,1.299364839724148624e-06
3.837000000000000000e+03,1.298344045608246233e-06
3.838000000000000000e+03,1.298415440942335408e-06
3.839000000000000000e+03,1.298050619880086742e-06
3.840000000000000000e+03,1.297715471082483418e-06
3.841000000000000000e+03,1.297025846724864095e-06
3.842000000000000000e+03,1.295922743338451255e-06
3.843000000000000000e+03,1.295318838856474031e-06
3.844000000000000000e+03,1.294808271268266253e-06
3.845000000000000000e+03,1.294360117753967643e-06
3.846000000000000000e+03,1.293467789764690679e-06
3.847000000000000000e+03,1.292745650971482974e-06
3.848000000000000000e+03,1.291493504140817095e-06
3.849000000000000000e+03,1.290922455154941417e-06
3.850000000000000000e+03,1.290259319830511231e-06
3.851000000000000000e+03,1.289956230721145403e-06
3.852000000000000000e+03,1.289639385504415259e-06
3.853000000000000000e+03,1.289235569856828079e-06
3.854000000000000000e+03,1.288870862481417134e-06
3.855000000000000000e+03,1.288288217438093852e-06
3.856000000000000000e+03,1.287704208152717911e-06
3.857000000000000000e+03,1.286857923332718201e-06
3.858000000000000000e+03,1.286101678488194011e-06
3.859000000000000000e+03,1.285665803152369335e-06
3.860000000000000000e+03,1.285338953493919689e-06
3.861000000000000000e+03,1.285047346755163744e-06
3.862000000000000000e+03,1.284233007936563808e-06
3.863000000000000000e+03,1.283703909393807407e-06
3.864000000000000000e+03,1.282498260479769669e-06
3.865000000000000000e+03,1.284247673538629897e-06
3.866000000000000000e+03,1.282095468013721984e-06
3.867000000000000000e+03,1.281394247598655056e-06
3.868000000000000000e+03,1.280903575207048561e-06
3.869000000000000000e+03,1.280180185858625919e-06
3.870000000000000000e+03,1.279820821764587890e-06
3.871000000000000000e+03,1.278672698390437290e-06
3.872000000000000000e+03,1.278226704926055390e-06
3.873000000000000000e+03,1.277804585697595030e-06
3.874000000000000000e+03,1.277369278795958962e-06
3.875000000000000000e+03,1.276286184292985126e-06
3.876000000000000000e+03,1.275685235668788664e-06
3.877000000000000000e+03,1.274991632271849085e-06
3.878000000000000000e+03,1.274632381864648778e-06
3.879000000000000000e+03,1.273976977245183662e-06
3.880000000000000000e+03,1.272742906621715520e-06
3.881000000000000000e+03,1.273520524591731373e-06
3.882000000000000000e+03,1.272183453693287447e-06
3.883000000000000000e+03,1.271381393053161446e-06
3.884000000000000000e+03,1.270581947210303042e-06
3.885000000000000000e+03,1.269792164748650976e-06
3.886000000000000000e+03,1.268415644517517649e-06
3.887000000000000000e+03,1.268210667149105575e-06
3.888000000000000000e+03,1.267145989913842641e-06
3.889000000000000000e+03,1.266695335289114155e-06
3.890000000000000000e+03,1.265916239390207920e-06
3.891000000000000000e+03,1.265075752598932013e-06
3.892000000000000000e+03,1.264394882127817255e-06
3.893000000000000000e+03,1.263828153241774999e-06
3.894000000000000000e+03,1.263247781935206149e-06
3.895000000000000000e+03,1.262763930753862951e-06
3.896000000000000000e+03,1.262013597624900285e-06
3.897000000000000000e+03,1.260999056285072584e-06
3.898000000000000000e+03,1.259889472748909611e-06
3.899000000000000000e+03,1.259141185983025935e-06
3.900000000000000000e+03,1.258485440303047653e-06
3.901000000000000000e+03,1.257797293874318711e-06
3.902000000000000000e+03,1.256962036677577998e-06
3.903000000000000000e+03,1.256201016985869501e-06
3.904000000000000000e+03,1.255656002285832074e-06
3.905000000000000000e+03,1.255049369319749530e-06
3.906000000000000000e+03,1.254592916666297242e-06
3.907000000000000000e+03,1.253988102689618245e-06
3.908000000000000000e+03,1.253425921277084854e-06
3.909000000000000000e+03,1.252843389920599293e-06
3.910000000000000000e+03,1.251875801244750619e-06
3.911000000000000000e+03,1.252004039997700602e-06
3.912000000000000000e+03,1.251398771273670718e-06
3.913000000000000000e+03,1.250692776011419483e-06
3.914000000000000000e+03,1.250187892765097786e-06
3.915000000000000000e+03,1.249891170118644368e-06
3.916000000000000000e+03,1.249322053809009958e-06
3.917000000000000000e+03,1.249117190127435606e-06
3.918000000000000000e+03,1.248873672921035904e-06
3.919000000000000000e+03,1.248403350473381579e-06
3.920000000000000000e+03,1.247504314960679039e-06
3.921000000000000000e+03,1.247996465281175915e-06
3.922000000000000000e+03,1.247008299287699629e-06
3.923000000000000000e+03,1.246530359821917955e-06
3.924000000000000000e+03,1.246082661054970231e-06
3.925000000000000000e+03,1.245663497684290633e-06
3.926000000000000000e+03,1.245129396920674480e-06
3.927000000000000000e+03,1.244369286723667756e-06
3.928000000000000000e+03,1.244098712049890310e-06
3.929000000000000000e+03,1.243680571860750206e-06
3.930000000000000000e+03,1.243226961378240958e-06
3.931000000000000000e+03,1.242337475559907034e-06
3.932000000000000000e+03,1.241603513335576281e-06
3.933000000000000000e+03,1.240603978658327833e-06
3.934000000000000000e+03,1.240249503098311834e-06
3.935000000000000000e+03,1.239673224517900962e-06
3.936000000000000000e+03,1.238838422068511136e-06
3.937000000000000000e+03,1.242311668647744227e-06
3.938000000000000000e+03,1.238506001755013131e-06
3.939000000000000000e+03,1.237826381839113310e-06
3.940000000000000000e+03,1.237212813975929748e-06
3.941000000000000000e+03,1.236684852301550563e-06
3.942000000000000000e+03,1.235839931723603513e-06
3.943000000000000000e+03,1.235428499057888985e-06
3.944000000000000000e+03,1.234598812516196631e-06
3.945000000000000000e+03,1.234090291291067842e-06
3.946000000000000000e+03,1.233635316566505935e-06
3.947000000000000000e+03,1.232885892932245042e-06
3.948000000000000000e+03,1.233954776580503676e-06
3.949000000000000000e+03,1.232472754963964690e-06
3.950000000000000000e+03,1.231692635883518960e-06
3.951000000000000000e+03,1.231323381034599151e-06
3.952000000000000000e+03,1.230849079547624569e-06
3.953000000000000000e+03,1.230560087606136221e-06
3.954000000000000000e+03,1.230066800417262129e-06
3.955000000000000000e+03,1.229241547662240919e-06
3.956000000000000000e+03,1.229802933266910259e-06
3.957000000000000000e+03,1.228788846674433444e-06
3.958000000000000000e+03,1.228240648742939811e-06
3.959000000000000000e+03,1.227775328516145237e-06
3.960000000000000000e+03,1.227300117534468882e-06
3.961000000000000000e+03,1.226765675710339565e-06
3.962000000000000000e+03,1.226177914759318810e-06
3.963000000000000000e+03,1.225674850502400659e-06
3.964000000000000000e+03,1.225233404511527624e-06
3.965000000000000000e+03,1.224528887178166769e-06
3.966000000000000000e+03,1.224459879267669749e-06
3.967000000000000000e+03,1.224155425916251261e-06
3.968000000000000000e+03,1.223628260049736127e-06
3.969000000000000000e+03,1.223144863615743816e-06
3.970000000000000000e+03,1.222736159434134606e-06
3.971000000000000000e+03,1.222041305481980089e-06
3.972000000000000000e+03,1.221293587150285020e-06
3.973000000000000000e+03,1.220633407683635596e-06
3.974000000000000000e+03,1.219852492795325816e-06
3.975000000000000000e+03,1.219301225319213700e-06
3.976000000000000000e+03,1.218710053763061296e-06
3.977000000000000000e+03,1.218055331264622509e-06
3.978000000000000000e+03,1.217565340994042344e-06
3.979000000000000000e+03,1.216550231220026035e-06
3.980000000000000000e+03,1.216752252730657347e-06
3.981000000000000000e+03,1.215958377542847302e-06
3.982000000000000000e+03,1.215478732774499804e-06
3.983000000000000000e+03,1.215038082591490820e-06
3.984000000000000000e+03,1.214847316077793948e-06
3.985000000000000000e+03,1.214459643961163238e-06
3.986000000000000000e+03,1.214271833305247128e-06
3.987000000000000000e+03,1.213898826790682506e-06
3.988000000000000000e+03,1.213228301821800414e-06
3.989000000000000000e+03,1.211909534504229669e-06
3.990000000000000000e+03,1.221333718604000751e-06
3.991000000000000000e+03,1.211650101140548941e-06
3.992000000000000000e+03,1.210636582982260734e-06
3.993000000000000000e+03,1.209792912959528621e-06
3.994000000000000000e+03,1.208928438245493453e-06
3.995000000000000000e+03,1.208348407999437768e-06
3.996000000000000000e+03,1.207699710903398227e-06
3.997000000000000000e+03,1.207177660944580566e-06
3.998000000000000000e+03,1.206506681228347588e-06
3.999000000000000000e+03,1.205758508149301633e-06
4.000000000000000000e+03,1.204783416142163333e-06
4.001000000000000000e+03,1.204017962663783692e-06
4.002000000000000000e+03,1.203300598717760295e-06
4.003000000000000000e+03,1.202681801260041539e-06
4.004000000000000000e+03,1.201852001031511463e-06
4.005000000000000000e+03,1.201395889438572340e-06
4.006000000000000000e+03,1.200597694150928874e-06
4.007000000000000000e+03,1.200324390993046109e-06
4.008000000000000000e+03,1.199618850478145760e-06
4.009000000000000000e+03,1.199244593408366200e-06
4.010000000000000000e+03,1.198528480017557740e-06
4.011000000000000000e+03,1.198166387439414393e-06
4.012000000000000000e+03,1.197787923956639133e-06
4.013000000000000000e+03,1.196970174532907549e-06
4.014000000000000000e+03,1.198005293190362863e-06
4.015000000000000000e+03,1.196594439534237608e-06
4.016000000000000000e+03,1.195759182337496895e-06
4.017000000000000000e+03,1.195332174575014506e-06
4.018000000000000000e+03,1.194830247186473571e-06
4.019000000000000000e+03,1.194332753584603779e-06
4.020000000000000000e+03,1.193702360069437418e-06
4.021000000000000000e+03,1.192814806927344762e-06
4.022000000000000000e+03,1.192550826090155169e-06
4.023000000000000000e+03,1.191809587908210233e-06
4.024000000000000000e+03,1.191510023090813775e-06
4.025000000000000000e+03,1.191064029626431875e-06
4.026000000000000000e+03,1.190404645967646502e-06
4.027000000000000000e+03,1.189283693747711368e-06
4.028000000000000000e+03,1.189016984426416457e-06
4.029000000000000000e+03,1.187806674352032132e-06
4.030000000000000000e+03,1.187409111480519641e-06
4.031000000000000000e+03,1.186871372738096397e-06
4.032000000000000000e+03,1.186776444228598848e-06
4.033000000000000000e+03,1.186082613457983825e-06
4.034000000000000000e+03,1.185807036563346628e-06
4.035000000000000000e+03,1.185409018944483250e-06
4.036000000000000000e+03,1.184783513963338919e-06
4.037000000000000000e+03,1.184329221359803341e-06
4.038000000000000000e+03,1.183533640869427472e-06
4.039000000000000000e+03,1.183298991236370057e-06
4.040000000000000000e+03,1.182972141577920411e-06
4.041000000000000000e+03,1.182607661576184910e-06
4.042000000000000000e+03,1.182143023470416665e-06
4.043000000000000000e+03,1.181499328595236875e-06
4.044000000000000000e+03,1.180422486868337728e-06
4.045000000000000000e+03,1.180014351120917127e-06
4.046000000000000000e+03,1.178868387796683237e-06
4.047000000000000000e+03,1.178367483589681797e-06
4.048000000000000000e+03,1.178064735540829133e-06
4.049000000000000000e+03,1.177611238745157607e-06
4.050000000000000000e+03,1.177558829112967942e-06
4.051000000000000000e+03,1.177229364657250699e-06
4.052000000000000000e+03,1.176848059003532398e-06
4.053000000000000000e+03,1.176070213659841102e-06
4.054000000000000000e+03,1.175481088466767687e-06
4.055000000000000000e+03,1.174006342807842884e-06
4.056000000000000000e+03,1.177616240966017358e-06
4.057000000000000000e+03,1.173555688183114398e-06
4.058000000000000000e+03,1.172686893369245809e-06
4.059000000000000000e+03,1.171944404632085934e-06
4.060000000000000000e+03,1.171260237242677249e-06
4.061000000000000000e+03,1.172501924884272739e-06
4.062000000000000000e+03,1.170901782643340994e-06
4.063000000000000000e+03,1.170389509752567392e-06
4.064000000000000000e+03,1.169813913293182850e-06
4.065000000000000000e+03,1.169424535873986315e-06
4.066000000000000000e+03,1.168912604043725878e-06
4.067000000000000000e+03,1.168266521744953934e-06
4.068000000000000000e+03,1.167941832136420999e-06
4.069000000000000000e+03,1.167609525509760715e-06
4.070000000000000000e+03,1.167127152257307898e-06
4.071000000000000000e+03,1.166017455034307204e-06
4.072000000000000000e+03,1.167592472484102473e-06
4.073000000000000000e+03,1.165706294159463141e-06
4.074000000000000000e+03,1.165238813882751856e-06
4.075000000000000000e+03,1.164783157037163619e-06
4.076000000000000000e+03,1.164375021289743017e-06
4.077000000000000000e+03,1.163871957032824866e-06
4.078000000000000000e+03,1.163383558377972804e-06
4.079000000000000000e+03,1.162954731626086868e-06
4.080000000000000000e+03,1.162680518973502330e-06
4.081000000000000000e+03,1.162342641691793688e-06
4.082000000000000000e+03,1.161497493740171194e-06
4.083000000000000000e+03,1.161254886028473265e-06
4.084000000000000000e+03,1.160397800958890002e-06
4.085000000000000000e+03,1.160984197667858098e-06
4.086000000000000000e+03,1.160143938250257634e-06
4.087000000000000000e+03,1.159777525572280865e-06
4.088000000000000000e+03,1.159407474915497005e-06
4.089000000000000000e+03,1.159123712568543851e-06
4.090000000000000000e+03,1.158706027126754634e-06
4.091000000000000000e+03,1.158543909696163610e-06
4.092000000000000000e+03,1.158147711066703778e-06
4.093000000000000000e+03,1.157678298113751225e-06
4.094000000000000000e+03,1.157298925136274192e-06
4.095000000000000000e+03,1.156765733867359813e-06
4.096000000000000000e+03,1.156452526629436761e-06
4.097000000000000000e+03,1.156178882411040831e-06
4.098000000000000000e+03,1.155971517619036604e-06
4.099000000000000000e+03,1.155660470431030262e-06
4.100000000000000000e+03,1.155214931713999249e-06
4.101000000000000000e+03,1.155047812062548473e-06
4.102000000000000000e+03,1.154449819296132773e-06
4.103000000000000000e+03,1.153775542661605868e-06
4.104000000000000000e+03,1.153281118604354560e-06
4.105000000000000000e+03,1.152779873336839955e-06
4.106000000000000000e+03,1.152486220235005021e-06
4.107000000000000000e+03,1.152149820882186759e-06
4.108000000000000000e+03,1.152062850451329723e-06
4.109000000000000000e+03,1.151359811046859249e-06
4.110000000000000000e+03,1.151169840341026429e-06
4.111000000000000000e+03,1.150820367001870181e-06
4.112000000000000000e+03,1.150300590779806953e-06
4.113000000000000000e+03,1.149554350377002265e-06
4.114000000000000000e+03,1.149757622442848515e-06
4.115000000000000000e+03,1.149132799582730513e-06
4.116000000000000000e+03,1.148787646343407687e-06
4.117000000000000000e+03,1.148507294601586182e-06
4.118000000000000000e+03,1.148185788224509452e-06
4.119000000000000000e+03,1.147851435234770179e-06
4.120000000000000000e+03,1.147344732999044936e-06
4.121000000000000000e+03,1.147042553384380881e-06
4.122000000000000000e+03,1.146366685134125873e-06
4.123000000000000000e+03,1.149261606769869104e-06
4.124000000000000000e+03,1.146191152656683698e-06
4.125000000000000000e+03,1.145802684732188936e-06
4.126000000000000000e+03,1.145354303844214883e-06
4.127000000000000000e+03,1.144789393947576173e-06
4.128000000000000000e+03,1.144291786658868659e-06
4.129000000000000000e+03,1.143610347753565293e-06
4.130000000000000000e+03,1.143166741712775547e-06
4.131000000000000000e+03,1.142753831118170638e-06
4.132000000000000000e+03,1.142040105150954332e-06
4.133000000000000000e+03,1.141433017437520903e-06
4.134000000000000000e+03,1.141028633355745114e-06
4.135000000000000000e+03,1.140672566180001013e-06
4.136000000000000000e+03,1.140491235673835035e-06
4.137000000000000000e+03,1.140267841037712060e-06
4.138000000000000000e+03,1.139799451266299002e-06
4.139000000000000000e+03,1.139543314820912201e-06
4.140000000000000000e+03,1.139293431151600089e-06
4.141000000000000000e+03,1.138754441853961907e-06
4.142000000000000000e+03,1.138647235165990423e-06
4.143000000000000000e+03,1.138214770435297396e-06
4.144000000000000000e+03,1.137654635385842994e-06
4.145000000000000000e+03,1.140808535637916066e-06
4.146000000000000000e+03,1.137544018092739861e-06
4.147000000000000000e+03,1.137132130679674447e-06
4.148000000000000000e+03,1.136752075581171084e-06
4.149000000000000000e+03,1.136315404437482357e-06
4.150000000000000000e+03,1.136314153882267419e-06
4.151000000000000000e+03,1.136108153332315851e-06
4.152000000000000000e+03,1.135745719693659339e-06
4.153000000000000000e+03,1.135214802161499392e-06
4.154000000000000000e+03,1.134845774686255027e-06
4.155000000000000000e+03,1.134607941821741406e-06
4.156000000000000000e+03,1.134309513872722164e-06
4.157000000000000000e+03,1.133995738200610504e-06
4.158000000000000000e+03,1.133717432821867988e-06
4.159000000000000000e+03,1.133133423536492046e-06
4.160000000000000000e+03,1.132576585405331571e-06
4.161000000000000000e+03,1.132165834860643372e-06
4.162000000000000000e+03,1.131863655245979317e-06
4.163000000000000000e+03,1.131608541982132010e-06
4.164000000000000000e+03,1.131328758674499113e-06
4.165000000000000000e+03,1.130952455241640564e-06
4.166000000000000000e+03,1.130447003561130259e-06
4.167000000000000000e+03,1.130095256485219579e-06
4.168000000000000000e+03,1.129456450144061819e-06
4.169000000000000000e+03,1.128958956542192027e-06
4.170000000000000000e+03,1.127880295825889334e-06
4.171000000000000000e+03,1.128254552895668894e-06
4.172000000000000000e+03,1.127387008637015242e-06
4.173000000000000000e+03,1.126819142882595770e-06
4.174000000000000000e+03,1.126468418988224585e-06
4.175000000000000000e+03,1.126012421082123183e-06
4.176000000000000000e+03,1.125555627368157730e-06
4.177000000000000000e+03,1.125007543123501819e-06
4.178000000000000000e+03,1.124443087974213995e-06
4.179000000000000000e+03,1.124120444728760049e-06
4.180000000000000000e+03,1.123362380894832313e-06
4.181000000000000000e+03,1.122936055253376253e-06
4.182000000000000000e+03,1.122107505580061115e-06
4.183000000000000000e+03,1.121290779337869026e-06
4.184000000000000000e+03,1.120867977988382336e-06
4.185000000000000000e+03,1.120183583225298207e-06
4.186000000000000000e+03,1.119830130846821703e-06
4.187000000000000000e+03,1.119241574087936897e-06
4.188000000000000000e+03,1.118934846999763977e-06
4.189000000000000000e+03,1.118285013035347220e-06
4.190000000000000000e+03,1.117811393669398967e-06
4.191000000000000000e+03,1.117310716836072970e-06
4.192000000000000000e+03,1.117098349823208991e-06
4.193000000000000000e+03,1.116440785153827164e-06
4.194000000000000000e+03,1.116083467422868125e-06
4.195000000000000000e+03,1.115735585699439980e-06
4.196000000000000000e+03,1.115191707867779769e-06
4.197000000000000000e+03,1.114826090997667052e-06
4.198000000000000000e+03,1.113903294935880695e-06
4.199000000000000000e+03,1.113596226787194610e-06
4.200000000000000000e+03,1.113244707084959373e-06
4.201000000000000000e+03,1.113142047870496754e-06
4.202000000000000000e+03,1.112666609515144955e-06
4.203000000000000000e+03,1.112295876737334765e-06
4.204000000000000000e+03,1.111906158257625066e-06
4.205000000000000000e+03,1.111372057494008914e-06
4.206000000000000000e+03,1.111275651055620983e-06
4.207000000000000000e+03,1.109935396925720852e-06
4.208000000000000000e+03,1.109529989662405569e-06
4.209000000000000000e+03,1.108956894313450903e-06
4.210000000000000000e+03,1.109889012695930433e-06
4.211000000000000000e+03,1.108761352952569723e-06
4.212000000000000000e+03,1.108415062844869681e-06
4.213000000000000000e+03,1.108035348806879483e-06
4.214000000000000000e+03,1.107731236515974160e-06
4.215000000000000000e+03,1.107174966819002293e-06
4.216000000000000000e+03,1.106202830669644754e-06
4.217000000000000000e+03,1.105657929656445049e-06
4.218000000000000000e+03,1.104843590837845113e-06
4.219000000000000000e+03,1.104507759919215459e-06
4.220000000000000000e+03,1.104238435800652951e-06
4.221000000000000000e+03,1.103934778257098515e-06
4.222000000000000000e+03,1.103276645153528079e-06
4.223000000000000000e+03,1.102777559935930185e-06
4.224000000000000000e+03,1.102235046346322633e-06
4.225000000000000000e+03,1.101413204196433071e-06
4.226000000000000000e+03,1.100324084291059989e-06
4.227000000000000000e+03,1.100516897167835850e-06
4.228000000000000000e+03,1.099793053072062321e-06
4.229000000000000000e+03,1.099244741453730967e-06
4.230000000000000000e+03,1.098821826417406555e-06
4.231000000000000000e+03,1.098472239391412586e-06
4.232000000000000000e+03,1.097691210816265084e-06
4.233000000000000000e+03,1.097134486371942330e-06
4.234000000000000000e+03,1.096532514566206373e-06
4.235000000000000000e+03,1.095961465580330696e-06
4.236000000000000000e+03,1.095591528610384557e-06
4.237000000000000000e+03,1.095152470043103676e-06
4.238000000000000000e+03,1.094569597626104951e-06
4.239000000000000000e+03,1.094124627343262546e-06
4.240000000000000000e+03,1.093301648324995767e-06
4.241000000000000000e+03,1.092561319637752604e-06
4.242000000000000000e+03,1.091525064111920074e-06
4.243000000000000000e+03,1.091051331059134100e-06
4.244000000000000000e+03,1.090599994313379284e-06
4.245000000000000000e+03,1.090021555683051702e-06
4.246000000000000000e+03,1.089214151761552785e-06
4.247000000000000000e+03,1.088184262698632665e-06
4.248000000000000000e+03,1.087458713300293311e-06
4.249000000000000000e+03,1.087286364054307342e-06
4.250000000000000000e+03,1.086431211660965346e-06
4.251000000000000000e+03,1.086088559532072395e-06
4.252000000000000000e+03,1.085682356460893061e-06
4.253000000000000000e+03,1.085264216271752957e-06
4.254000000000000000e+03,1.084689984054421075e-06
4.255000000000000000e+03,1.084207156054617371e-06
4.256000000000000000e+03,1.083780716726323590e-06
4.257000000000000000e+03,1.083462620954378508e-06
4.258000000000000000e+03,1.082938183571968693e-06
4.259000000000000000e+03,1.082441826838476118e-06
4.260000000000000000e+03,1.082154767573229037e-06
4.261000000000000000e+03,1.081556092685787007e-06
4.262000000000000000e+03,1.082809149011154659e-06
4.263000000000000000e+03,1.081231289390416350e-06
4.264000000000000000e+03,1.080594074664986692e-06
4.265000000000000000e+03,1.080206743608869147e-06
4.266000000000000000e+03,1.079947310245188419e-06
4.267000000000000000e+03,1.079747107723960653e-06
4.268000000000000000e+03,1.078963236977870110e-06
4.269000000000000000e+03,1.078084096661768854e-06
4.270000000000000000e+03,1.076769308383518364e-06
4.271000000000000000e+03,1.078039986168732867e-06
4.272000000000000000e+03,1.076238049790845253e-06
4.273000000000000000e+03,1.075422233043354936e-06
4.274000000000000000e+03,1.074908595910528675e-06
4.275000000000000000e+03,1.074295255421020556e-06
4.276000000000000000e+03,1.073844373422616627e-06
4.277000000000000000e+03,1.073305838872329332e-06
4.278000000000000000e+03,1.072992745321244001e-06
4.279000000000000000e+03,1.072505938282120042e-06
4.280000000000000000e+03,1.071659653462120332e-06
4.281000000000000000e+03,1.070903522304433864e-06
4.282000000000000000e+03,1.070114649337483570e-06
4.283000000000000000e+03,1.069530753738945350e-06
4.284000000000000000e+03,1.069268591891159303e-06
4.285000000000000000e+03,1.068656501956866123e-06
4.286000000000000000e+03,1.068290202965727076e-06
4.287000000000000000e+03,1.067883886207710020e-06
4.288000000000000000e+03,1.067323864845093340e-06
4.289000000000000000e+03,1.066399022420227993e-06
4.290000000000000000e+03,1.065691435542248655e-06
4.291000000000000000e+03,1.065188712345843669e-06
4.292000000000000000e+03,1.064769776348839514e-06
4.293000000000000000e+03,1.064291041075193789e-06
4.294000000000000000e+03,1.063371428244863637e-06
4.295000000000000000e+03,1.062696469489310402e-06
4.296000000000000000e+03,1.062076648850052152e-06
4.297000000000000000e+03,1.061733314600132871e-06
4.298000000000000000e+03,1.061205580299429130e-06
4.299000000000000000e+03,1.060588147083763033e-06
4.300000000000000000e+03,1.059752321452833712e-06
4.301000000000000000e+03,1.063398258338565938e-06
4.302000000000000000e+03,1.059530177371925674e-06
4.303000000000000000e+03,1.058886709870421328e-06
4.304000000000000000e+03,1.058366933648358099e-06
4.305000000000000000e+03,1.057730742104467936e-06
4.306000000000000000e+03,1.058553152688546106e-06
4.307000000000000000e+03,1.057556573869078420e-06
4.308000000000000000e+03,1.057238137036620174e-06
4.309000000000000000e+03,1.056826249623554759e-06
4.310000000000000000e+03,1.056328187587496359e-06
4.311000000000000000e+03,1.055735310728778131e-06
4.312000000000000000e+03,1.054926883625739720e-06
4.313000000000000000e+03,1.054236463460256346e-06
4.314000000000000000e+03,1.053434289133292623e-06
4.315000000000000000e+03,1.053697019415267278e-06
4.316000000000000000e+03,1.053237497217196506e-06
4.317000000000000000e+03,1.052962261383072473e-06
4.318000000000000000e+03,1.052557763614458963e-06
4.319000000000000000e+03,1.052164407155942172e-06
4.320000000000000000e+03,1.052458060257777106e-06
4.321000000000000000e+03,1.051945332619652618e-06
4.322000000000000000e+03,1.051574713528680149e-06
4.323000000000000000e+03,1.051102344717946835e-06
4.324000000000000000e+03,1.050686137205047999e-06
4.325000000000000000e+03,1.050353603204712272e-06
4.326000000000000000e+03,1.049821548804175109e-06
4.327000000000000000e+03,1.049308252731862012e-06
4.328000000000000000e+03,1.049187972057552543e-06
4.329000000000000000e+03,1.048294734573573805e-06
4.330000000000000000e+03,1.048050307872472331e-06
4.331000000000000000e+03,1.047654109243012499e-06
4.332000000000000000e+03,1.047167756951239426e-06
4.333000000000000000e+03,1.047519276653474662e-06
4.334000000000000000e+03,1.046842953655868769e-06
4.335000000000000000e+03,1.046245415636803955e-06
4.336000000000000000e+03,1.045929025167424697e-06
4.337000000000000000e+03,1.045502131091780029e-06
4.338000000000000000e+03,1.045062276716635097e-06
4.339000000000000000e+03,1.044418468154617585e-06
4.340000000000000000e+03,1.043644715537084267e-06
4.341000000000000000e+03,1.043152224156074226e-06
4.342000000000000000e+03,1.042815370055905078e-06
4.343000000000000000e+03,1.042382450577861164e-06
4.344000000000000000e+03,1.042158828568062745e-06
4.345000000000000000e+03,1.041539803736668546e-06
4.346000000000000000e+03,1.041181235450494569e-06
4.347000000000000000e+03,1.040372012539592106e-06
4.348000000000000000e+03,1.040286406350787729e-06
4.349000000000000000e+03,1.039843141370511148e-06
4.350000000000000000e+03,1.039367589328321628e-06
4.351000000000000000e+03,1.038663299368636217e-06
4.352000000000000000e+03,1.038168761624547187e-06
4.353000000000000000e+03,1.037669790093787014e-06
4.354000000000000000e+03,1.037345214172091801e-06
4.355000000000000000e+03,1.037090783029270824e-06
4.356000000000000000e+03,1.036690946421003900e-06
4.357000000000000000e+03,1.035714490171812940e-06
4.358000000000000000e+03,1.034906176755612250e-06
4.359000000000000000e+03,1.034312163028516807e-06
4.360000000000000000e+03,1.033817966344940942e-06
4.361000000000000000e+03,1.033483613355201669e-06
4.362000000000000000e+03,1.033107992043369450e-06
4.363000000000000000e+03,1.032544446388783399e-06
4.364000000000000000e+03,1.033212583934073336e-06
4.365000000000000000e+03,1.032232944453426171e-06
4.366000000000000000e+03,1.031863462230830919e-06
4.367000000000000000e+03,1.031491137837292627e-06
4.368000000000000000e+03,1.031103010973311029e-06
4.369000000000000000e+03,1.030288444781035651e-06
4.370000000000000000e+03,1.033212129186722450e-06
4.371000000000000000e+03,1.030019461722986307e-06
4.372000000000000000e+03,1.029312556966033299e-06
4.373000000000000000e+03,1.028857241180958226e-06
4.374000000000000000e+03,1.028465703711844981e-06
4.375000000000000000e+03,1.027994812830002047e-06
4.376000000000000000e+03,1.027526650432264432e-06
4.377000000000000000e+03,1.027060989144956693e-06
4.378000000000000000e+03,1.026562927108898293e-06
4.379000000000000000e+03,1.026267909765010700e-06
4.380000000000000000e+03,1.025675828714156523e-06
4.381000000000000000e+03,1.025446636049309745e-06
4.382000000000000000e+03,1.025130359266768210e-06
4.383000000000000000e+03,1.024884454636776354e-06
4.384000000000000000e+03,1.024471202981658280e-06
4.385000000000000000e+03,1.023924482979055028e-06
4.386000000000000000e+03,1.023545451062091161e-06
4.387000000000000000e+03,1.022768174152588472e-06
4.388000000000000000e+03,1.022422338792239316e-06
4.389000000000000000e+03,1.022060359900933690e-06
4.390000000000000000e+03,1.021665639200364240e-06
4.391000000000000000e+03,1.021477601170772687e-06
4.392000000000000000e+03,1.020906438498059288e-06
4.393000000000000000e+03,1.020681338559370488e-06
4.394000000000000000e+03,1.020164177134574857e-06
4.395000000000000000e+03,1.019605974761361722e-06
4.396000000000000000e+03,1.018973080135765485e-06
4.397000000000000000e+03,1.018639977701241150e-06
4.398000000000000000e+03,1.018224338622530922e-06
4.399000000000000000e+03,1.018008788378210738e-06
4.400000000000000000e+03,1.017416252580005676e-06
4.401000000000000000e+03,1.016859187075169757e-06
4.402000000000000000e+03,1.016448209156806115e-06
4.403000000000000000e+03,1.016037913359468803e-06
4.404000000000000000e+03,1.015734142129076645e-06
4.405000000000000000e+03,1.015420593830640428e-06
4.406000000000000000e+03,1.014870008475554641e-06
4.407000000000000000e+03,1.014909230434568599e-06
4.408000000000000000e+03,1.014556573863956146e-06
4.409000000000000000e+03,1.014052941172849387e-06
4.410000000000000000e+03,1.013644464364915621e-06
4.411000000000000000e+03,1.013128439808497205e-06
4.412000000000000000e+03,1.012511233966506552e-06
4.413000000000000000e+03,1.012992697724257596e-06
4.414000000000000000e+03,1.012324901239480823e-06
4.415000000000000000e+03,1.012033976621751208e-06
4.416000000000000000e+03,1.011794665828347206e-06
4.417000000000000000e+03,1.011328095046337694e-06
4.418000000000000000e+03,1.011035237752366811e-06
4.419000000000000000e+03,1.010586743177555036e-06
4.420000000000000000e+03,1.010308551485650241e-06
4.421000000000000000e+03,1.010131313705642242e-06
4.422000000000000000e+03,1.009813331620534882e-06
4.423000000000000000e+03,1.009373931992740836e-06
4.424000000000000000e+03,1.009051743494637776e-06
4.425000000000000000e+03,1.008542767522158101e-06
4.426000000000000000e+03,1.008319827633386012e-06
4.427000000000000000e+03,1.007960690913023427e-06
4.428000000000000000e+03,1.007480477710487321e-06
4.429000000000000000e+03,1.007235709948872682e-06
4.430000000000000000e+03,1.006701609185256530e-06
4.431000000000000000e+03,1.007369860417384189e-06
4.432000000000000000e+03,1.006481738841102924e-06
4.433000000000000000e+03,1.006034153760992922e-06
4.434000000000000000e+03,1.005682292998244520e-06
4.435000000000000000e+03,1.005134208753588609e-06
4.436000000000000000e+03,1.004637169899069704e-06
4.437000000000000000e+03,1.006124989544332493e-06
4.438000000000000000e+03,1.004450155051017646e-06
4.439000000000000000e+03,1.004040996122057550e-06
4.440000000000000000e+03,1.003694251267006621e-06
4.441000000000000000e+03,1.003214151751308236e-06
4.442000000000000000e+03,1.002930162030679639e-06
4.443000000000000000e+03,1.002622866508318111e-06
4.444000000000000000e+03,1.002326030175026972e-06
4.445000000000000000e+03,1.001904479380755220e-06
4.446000000000000000e+03,1.001351279228401836e-06
4.447000000000000000e+03,1.000656425276247319e-06
4.448000000000000000e+03,1.000633119474514388e-06
4.449000000000000000e+03,1.000365614345355425e-06
4.450000000000000000e+03,1.000064457912230864e-06
4.451000000000000000e+03,9.996956578106619418e-07
4.452000000000000000e+03,9.992254490498453379e-07
4.453000000000000000e+03,9.989280442823655903e-07
4.454000000000000000e+03,9.985789120037225075e-07
4.455000000000000000e+03,9.984042890209821053e-07
4.456000000000000000e+03,9.981772564060520381e-07
4.457000000000000000e+03,9.978683692679624073e-07
4.458000000000000000e+03,9.973794021789217368e-07
4.459000000000000000e+03,9.966356628865469247e-07
4.460000000000000000e+03,9.961380555978394113e-07
4.461000000000000000e+03,9.957142310668132268e-07
4.462000000000000000e+03,9.955551831808406860e-07
4.463000000000000000e+03,9.953857897926354781e-07
4.464000000000000000e+03,9.950142612069612369e-07
4.465000000000000000e+03,9.953474773283232935e-07
4.466000000000000000e+03,9.947759735950967297e-07
4.467000000000000000e+03,9.943265695255831815e-07
4.468000000000000000e+03,9.939018354998552240e-07
4.469000000000000000e+03,9.936102287610992789e-07
4.470000000000000000e+03,9.931534350471338257e-07
4.471000000000000000e+03,9.925639687935472466e-07
4.472000000000000000e+03,9.925680615197052248e-07
4.473000000000000000e+03,9.921205901264329441e-07
4.474000000000000000e+03,9.915839882523869164e-07
4.475000000000000000e+03,9.911036613630130887e-07
4.476000000000000000e+03,9.906925697578117251e-07
4.477000000000000000e+03,9.902884130497113802e-07
4.478000000000000000e+03,9.896144774756976403e-07
4.479000000000000000e+03,9.893218475554022007e-07
4.480000000000000000e+03,9.888440217764582485e-07
4.481000000000000000e+03,9.884256542136427015e-07
4.482000000000000000e+03,9.881136975309345871e-07
4.483000000000000000e+03,9.876407602860126644e-07
4.484000000000000000e+03,9.880579909804509953e-07
4.485000000000000000e+03,9.873183444142341614e-07
4.486000000000000000e+03,9.868659844869398512e-07
4.487000000000000000e+03,9.863017567113274708e-07
4.488000000000000000e+03,9.858883913693716750e-07
4.489000000000000000e+03,9.857355962594738230e-07
4.490000000000000000e+03,9.852254834186169319e-07
4.491000000000000000e+03,9.850652986642671749e-07
4.492000000000000000e+03,9.846806960922549479e-07
4.493000000000000000e+03,9.841310202318709344e-07
4.494000000000000000e+03,9.861958005785709247e-07
4.495000000000000000e+03,9.839178574111429043e-07
4.496000000000000000e+03,9.832903060669195838e-07
4.497000000000000000e+03,9.828319207372260280e-07
4.498000000000000000e+03,9.825025699683465064e-07
4.499000000000000000e+03,9.820988680075970478e-07
4.500000000000000000e+03,9.817302952797035687e-07
4.501000000000000000e+03,9.814120858209207654e-07
4.502000000000000000e+03,9.810645451580057852e-07
4.503000000000000000e+03,9.807442893361439928e-07
4.504000000000000000e+03,9.798803830562974326e-07
4.505000000000000000e+03,9.818419357543461956e-07
4.506000000000000000e+03,9.796059430300374515e-07
4.507000000000000000e+03,9.792012178877484985e-07
4.508000000000000000e+03,9.788205943550565280e-07
4.509000000000000000e+03,9.784436088011716492e-07
4.510000000000000000e+03,9.779613492355565540e-07
4.511000000000000000e+03,9.779272431842400692e-07
4.512000000000000000e+03,9.776985052667441778e-07
4.513000000000000000e+03,9.773171996130258776e-07
4.514000000000000000e+03,9.770582209966960363e-07
4.515000000000000000e+03,9.768018571776337922e-07
4.516000000000000000e+03,9.762005674929241650e-07
4.517000000000000000e+03,9.757488896866561845e-07
4.518000000000000000e+03,9.752278629093780182e-07
4.519000000000000000e+03,9.747046760821831413e-07
4.520000000000000000e+03,9.742460633788141422e-07
4.521000000000000000e+03,9.738337212183978409e-07
4.522000000000000000e+03,9.733727210914366879e-07
4.523000000000000000e+03,9.727594942887662910e-07
4.524000000000000000e+03,9.723756875246181153e-07
4.525000000000000000e+03,9.718060027807950974e-07
4.526000000000000000e+03,9.712005066830897704e-07
4.527000000000000000e+03,9.705049706099089235e-07
4.528000000000000000e+03,9.699803058538236655e-07
4.529000000000000000e+03,9.694343816590844654e-07
4.530000000000000000e+03,9.689316584626794793e-07
4.531000000000000000e+03,9.684160886536119506e-07
4.532000000000000000e+03,9.690243132354225963e-07
4.533000000000000000e+03,9.680036328063579276e-07
4.534000000000000000e+03,9.672379519543028437e-07
4.535000000000000000e+03,9.666755431680940092e-07
4.536000000000000000e+03,9.660694786362000741e-07
4.537000000000000000e+03,9.655205985836801119e-07
4.538000000000000000e+03,9.661465583121753298e-07
4.539000000000000000e+03,9.652295602791127749e-07
4.540000000000000000e+03,9.647716296967701055e-07
4.541000000000000000e+03,9.644836609368212521e-07
4.542000000000000000e+03,9.641164524509804323e-07
4.543000000000000000e+03,9.640431244406499900e-07
4.544000000000000000e+03,9.633797617425443605e-07
4.545000000000000000e+03,9.630215345168835483e-07
4.546000000000000000e+03,9.626576229493366554e-07
4.547000000000000000e+03,9.623449841456022114e-07
4.548000000000000000e+03,9.628425914343097247e-07
4.549000000000000000e+03,9.621262506698258221e-07
4.550000000000000000e+03,9.617257319405325688e-07
4.551000000000000000e+03,9.614761893317336217e-07
4.552000000000000000e+03,9.612332405595225282e-07
4.553000000000000000e+03,9.607712172510218807e-07
4.554000000000000000e+03,9.612267604097723961e-07
4.555000000000000000e+03,9.604983688404900022e-07
4.556000000000000000e+03,9.600881867299904115e-07
4.557000000000000000e+03,9.597791859050630592e-07
4.558000000000000000e+03,9.594793937139911577e-07
4.559000000000000000e+03,9.589235787643701769e-07
4.560000000000000000e+03,9.600914836482843384e-07
4.561000000000000000e+03,9.586309488440747373e-07
4.562000000000000000e+03,9.581774520484032109e-07
4.563000000000000000e+03,9.576642696629278362e-07
4.564000000000000000e+03,9.570786687618237920e-07
4.565000000000000000e+03,9.581644917489029467e-07
4.566000000000000000e+03,9.568464065523585305e-07
4.567000000000000000e+03,9.565578693582210690e-07
4.568000000000000000e+03,9.563489129504887387e-07
4.569000000000000000e+03,9.561791785017703660e-07
4.570000000000000000e+03,9.558078772897715680e-07
4.571000000000000000e+03,9.554146345180924982e-07
4.572000000000000000e+03,9.551150697006960399e-07
4.573000000000000000e+03,9.548467687636730261e-07
4.574000000000000000e+03,9.545651664666365832e-07
4.575000000000000000e+03,9.539661505186813883e-07
4.576000000000000000e+03,9.539865004626335576e-07
4.577000000000000000e+03,9.536325933368061669e-07
4.578000000000000000e+03,9.533168849884532392e-07
4.579000000000000000e+03,9.530215265840524808e-07
4.580000000000000000e+03,9.528611712994461413e-07
4.581000000000000000e+03,9.525847417535260320e-07
4.582000000000000000e+03,9.522149184704176150e-07
4.583000000000000000e+03,9.519095556242973544e-07
4.584000000000000000e+03,9.516322734270943329e-07
4.585000000000000000e+03,9.513029795016336720e-07
4.586000000000000000e+03,9.509734013590787072e-07
4.587000000000000000e+03,9.506517812951642554e-07
4.588000000000000000e+03,9.503684168521431275e-07
4.589000000000000000e+03,9.500632245362794492e-07
4.590000000000000000e+03,9.497705946159840096e-07
4.591000000000000000e+03,9.494492587691638619e-07
4.592000000000000000e+03,9.491634500591317192e-07
4.593000000000000000e+03,9.487664556218078360e-07
4.594000000000000000e+03,9.486736871622269973e-07
4.595000000000000000e+03,9.483196095061430242e-07
4.596000000000000000e+03,9.479934419687197078e-07
4.597000000000000000e+03,9.480693279328988865e-07
4.598000000000000000e+03,9.478483207203680649e-07
4.599000000000000000e+03,9.476437980993068777e-07
4.600000000000000000e+03,9.474503031015046872e-07
4.601000000000000000e+03,9.471925750403897837e-07
4.602000000000000000e+03,9.473644126956060063e-07
4.603000000000000000e+03,9.470386430621147156e-07
4.604000000000000000e+03,9.468008670410199556e-07
4.605000000000000000e+03,9.466297683502489235e-07
4.606000000000000000e+03,9.464466756980982609e-07
4.607000000000000000e+03,9.462054890718718525e-07
4.608000000000000000e+03,9.458429417463776190e-07
4.609000000000000000e+03,9.455081340092874598e-07
4.610000000000000000e+03,9.451597975385084283e-07
4.611000000000000000e+03,9.446786748412705492e-07
4.612000000000000000e+03,9.461294894208549522e-07
4.613000000000000000e+03,9.444441388950508554e-07
4.614000000000000000e+03,9.438350616619572975e-07
4.615000000000000000e+03,9.434850198886124417e-07
4.616000000000000000e+03,9.429030001228966285e-07
4.617000000000000000e+03,9.423026767763076350e-07
4.618000000000000000e+03,9.421900131201255135e-07
4.619000000000000000e+03,9.411093628841626924e-07
4.620000000000000000e+03,9.408373102814948652e-07
4.621000000000000000e+03,9.404752177033515181e-07
4.622000000000000000e+03,9.401125566910195630e-07
4.623000000000000000e+03,9.396505333825189155e-07
4.624000000000000000e+03,9.392424544785171747e-07
4.625000000000000000e+03,9.386926649312954396e-07
4.626000000000000000e+03,9.388046464664512314e-07
4.627000000000000000e+03,9.384435770698473789e-07
4.628000000000000000e+03,9.379534162690106314e-07
4.629000000000000000e+03,9.375426657243224327e-07
4.630000000000000000e+03,9.367752795697015245e-07
4.631000000000000000e+03,9.359279715681623202e-07
4.632000000000000000e+03,9.360728654428385198e-07
4.633000000000000000e+03,9.354294547847530339e-07
4.634000000000000000e+03,9.346020419798151124e-07
4.635000000000000000e+03,9.341287636743800249e-07
4.636000000000000000e+03,9.337496180705784354e-07
4.637000000000000000e+03,9.333112984677427448e-07
4.638000000000000000e+03,9.328996952717716340e-07
4.639000000000000000e+03,9.323779295300482772e-07
4.640000000000000000e+03,9.317715807810600381e-07
4.641000000000000000e+03,9.311848998549976386e-07
4.642000000000000000e+03,9.307706818617589306e-07
4.643000000000000000e+03,9.304220043304667342e-07
4.644000000000000000e+03,9.301330692323972471e-07
4.645000000000000000e+03,9.293806897403555922e-07
4.646000000000000000e+03,9.287508078159589786e-07
4.647000000000000000e+03,9.282700830226531252e-07
4.648000000000000000e+03,9.277587764700001571e-07
4.649000000000000000e+03,9.274484682464390062e-07
4.650000000000000000e+03,9.269838301406707615e-07
4.651000000000000000e+03,9.263113156521285418e-07
4.652000000000000000e+03,9.259919693249685224e-07
4.653000000000000000e+03,9.257045689992082771e-07
4.654000000000000000e+03,9.247606840290245600e-07
4.655000000000000000e+03,9.248568630937370472e-07
4.656000000000000000e+03,9.246069794244249351e-07
4.657000000000000000e+03,9.243631780009309296e-07
4.658000000000000000e+03,9.239513474312843755e-07
4.659000000000000000e+03,9.242664873454486951e-07
4.660000000000000000e+03,9.238463007932296023e-07
4.661000000000000000e+03,9.236538858203857671e-07
4.662000000000000000e+03,9.232967386196833104e-07
4.663000000000000000e+03,9.229431157109502237e-07
4.664000000000000000e+03,9.224921200257085729e-07
4.665000000000000000e+03,9.250157404494530056e-07
4.666000000000000000e+03,9.223767278854211327e-07
4.667000000000000000e+03,9.220621564054454211e-07
4.668000000000000000e+03,9.216827265845495276e-07
4.669000000000000000e+03,9.212052418661187403e-07
4.670000000000000000e+03,9.208307574226637371e-07
4.671000000000000000e+03,9.203342870023334399e-07
4.672000000000000000e+03,9.199387136504810769e-07
4.673000000000000000e+03,9.194095582643058151e-07
4.674000000000000000e+03,9.189825505018234253e-07
4.675000000000000000e+03,9.181219979836896528e-07
4.676000000000000000e+03,9.185843055092846043e-07
4.677000000000000000e+03,9.176968660540296696e-07
4.678000000000000000e+03,9.169669965558568947e-07
4.679000000000000000e+03,9.165316896542208269e-07
4.680000000000000000e+03,9.160654599327244796e-07
4.681000000000000000e+03,9.152865914074936882e-07
4.682000000000000000e+03,9.145568924395774957e-07
4.683000000000000000e+03,9.142715384768962394e-07
4.684000000000000000e+03,9.138079235526674893e-07
4.685000000000000000e+03,9.132269838119100314e-07
4.686000000000000000e+03,9.126802638093067799e-07
4.687000000000000000e+03,9.114466479331895243e-07
4.688000000000000000e+03,9.106854008678055834e-07
4.689000000000000000e+03,9.097523729906242806e-07
4.690000000000000000e+03,9.091635888580640312e-07
4.691000000000000000e+03,9.084785119739535730e-07
4.692000000000000000e+03,9.080422387341968715e-07
4.693000000000000000e+03,9.074195190805767197e-07
4.694000000000000000e+03,9.067870792023313697e-07
4.695000000000000000e+03,9.063584798241208773e-07
4.696000000000000000e+03,9.056201406565378420e-07
4.697000000000000000e+03,9.049873028743604664e-07
4.698000000000000000e+03,9.044035209626599681e-07
4.699000000000000000e+03,9.038195116772840265e-07
4.700000000000000000e+03,9.032145271703484468e-07
4.701000000000000000e+03,9.029271268445882015e-07
4.702000000000000000e+03,9.024569749271904584e-07
4.703000000000000000e+03,9.020522497849015053e-07
4.704000000000000000e+03,9.015761293085233774e-07
4.705000000000000000e+03,9.005613605950202327e-07
4.706000000000000000e+03,9.006857908389065415e-07
4.707000000000000000e+03,9.003565537568647414e-07
4.708000000000000000e+03,9.002079082165437285e-07
4.709000000000000000e+03,8.997475902106089052e-07
4.710000000000000000e+03,8.995270377454289701e-07
4.711000000000000000e+03,8.992148536890454125e-07
4.712000000000000000e+03,8.988633908302290365e-07
4.713000000000000000e+03,8.985623480839421973e-07
4.714000000000000000e+03,8.981073165159614291e-07
4.715000000000000000e+03,9.004773460219439585e-07
4.716000000000000000e+03,8.979895937955006957e-07
4.717000000000000000e+03,8.976883236755384132e-07
4.718000000000000000e+03,8.974198522082588170e-07
4.719000000000000000e+03,8.971830993687035516e-07
4.720000000000000000e+03,8.968546012511069421e-07
4.721000000000000000e+03,8.969374789558060002e-07
4.722000000000000000e+03,8.966060249804286286e-07
4.723000000000000000e+03,8.963642699200136121e-07
4.724000000000000000e+03,8.960890340858895797e-07
4.725000000000000000e+03,8.958192552199761849e-07
4.726000000000000000e+03,8.954739882938156370e-07
4.727000000000000000e+03,8.950959795583912637e-07
4.728000000000000000e+03,8.946295793066383339e-07
4.729000000000000000e+03,8.944136880018049851e-07
4.730000000000000000e+03,8.940355655795428902e-07
4.731000000000000000e+03,8.939296094467863441e-07
4.732000000000000000e+03,8.936056588026985992e-07
4.733000000000000000e+03,8.934382549341535196e-07
4.734000000000000000e+03,8.932399282457481604e-07
4.735000000000000000e+03,8.929312116379151121e-07
4.736000000000000000e+03,8.922781944420421496e-07
4.737000000000000000e+03,8.924844792090880219e-07
4.738000000000000000e+03,8.919849960875581019e-07
4.739000000000000000e+03,8.916155707083817106e-07
4.740000000000000000e+03,8.914054205888533033e-07
4.741000000000000000e+03,8.912455200515978504e-07
4.742000000000000000e+03,8.909702273740549572e-07
4.743000000000000000e+03,8.906625339477614034e-07
4.744000000000000000e+03,8.904892183636547998e-07
4.745000000000000000e+03,8.901850492293306161e-07
4.746000000000000000e+03,8.896667509361577686e-07
4.747000000000000000e+03,8.891690299606125336e-07
4.748000000000000000e+03,8.886514137884660158e-07
4.749000000000000000e+03,8.884448448043258395e-07
4.750000000000000000e+03,8.881171993380121421e-07
4.751000000000000000e+03,8.876889978637336753e-07
4.752000000000000000e+03,8.869250223142444156e-07
4.753000000000000000e+03,8.879625283952918835e-07
4.754000000000000000e+03,8.865667382451647427e-07
4.755000000000000000e+03,8.859581157594220713e-07
4.756000000000000000e+03,8.854985367179324385e-07
4.757000000000000000e+03,8.850937547322246246e-07
4.758000000000000000e+03,8.846357673064630944e-07
4.759000000000000000e+03,8.843549608172907028e-07
4.760000000000000000e+03,8.839134011395799462e-07
4.761000000000000000e+03,8.836608458295813762e-07
4.762000000000000000e+03,8.833889069137512706e-07
4.763000000000000000e+03,8.827287842905207071e-07
4.764000000000000000e+03,8.825618920127453748e-07
4.765000000000000000e+03,8.816095942165702581e-07
4.766000000000000000e+03,8.812623377707495820e-07
4.767000000000000000e+03,8.810008012005710043e-07
4.768000000000000000e+03,8.807878657535184175e-07
4.769000000000000000e+03,8.805209859019669238e-07
4.770000000000000000e+03,8.801223430054960772e-07
4.771000000000000000e+03,8.798967883194563910e-07
4.772000000000000000e+03,8.795357189228525385e-07
4.773000000000000000e+03,8.791325853962916881e-07
4.774000000000000000e+03,8.788312015894916840e-07
4.775000000000000000e+03,8.786730631982209161e-07
4.776000000000000000e+03,8.785035561231779866e-07
4.777000000000000000e+03,8.781958626968844328e-07
4.778000000000000000e+03,8.778046662882843520e-07
4.779000000000000000e+03,8.774785555942798965e-07
4.780000000000000000e+03,8.770754789111379068e-07
4.781000000000000000e+03,8.769486044002405833e-07
4.782000000000000000e+03,8.764410495132324286e-07
4.783000000000000000e+03,8.762391416894388385e-07
4.784000000000000000e+03,8.760060268286906648e-07
4.785000000000000000e+03,8.756389888731064275e-07
4.786000000000000000e+03,8.751464974920963868e-07
4.787000000000000000e+03,8.749103130867297295e-07
4.788000000000000000e+03,8.745256536712986417e-07
4.789000000000000000e+03,8.743730290916573722e-07
4.790000000000000000e+03,8.741741908124822658e-07
4.791000000000000000e+03,8.736658969610289205e-07
4.792000000000000000e+03,8.739469308238767553e-07
4.793000000000000000e+03,8.733077834222058300e-07
4.794000000000000000e+03,8.725425004740827717e-07
4.795000000000000000e+03,8.719379138710792176e-07
4.796000000000000000e+03,8.716631896277249325e-07
4.797000000000000000e+03,8.713262218407180626e-07
4.798000000000000000e+03,8.711810437489475589e-07
4.799000000000000000e+03,8.709702683518116828e-07
4.800000000000000000e+03,8.707605161362153012e-07
4.801000000000000000e+03,8.703795515430101659e-07
4.802000000000000000e+03,8.699208251528034452e-07
4.803000000000000000e+03,8.695661222191120032e-07
4.804000000000000000e+03,8.691009156791551504e-07
4.805000000000000000e+03,8.686579917593917344e-07
4.806000000000000000e+03,8.683333021508587990e-07
4.807000000000000000e+03,8.678561016495223157e-07
4.808000000000000000e+03,8.675452249917725567e-07
4.809000000000000000e+03,8.670379543218587060e-07
4.810000000000000000e+03,8.670106694808055181e-07
4.811000000000000000e+03,8.667726092426164541e-07
4.812000000000000000e+03,8.664292181492783129e-07
4.813000000000000000e+03,8.661435799695027526e-07
4.814000000000000000e+03,8.658556112095538992e-07
4.815000000000000000e+03,8.655518399791617412e-07
4.816000000000000000e+03,8.651951475258101709e-07
4.817000000000000000e+03,8.649005280858546030e-07
4.818000000000000000e+03,8.645980642540962435e-07
4.819000000000000000e+03,8.640532200843153987e-07
4.820000000000000000e+03,8.639020734335645102e-07
4.821000000000000000e+03,8.630836418888065964e-07
4.822000000000000000e+03,8.628174441582814325e-07
4.823000000000000000e+03,8.625575560472498182e-07
4.824000000000000000e+03,8.621411211606755387e-07
4.825000000000000000e+03,8.616643185632710811e-07
4.826000000000000000e+03,8.613072282059874851e-07
4.827000000000000000e+03,8.611220891907578334e-07
4.828000000000000000e+03,8.608280950284097344e-07
4.829000000000000000e+03,8.605245511716930196e-07
4.830000000000000000e+03,8.602212915320706088e-07
4.831000000000000000e+03,8.599515126661572140e-07
4.832000000000000000e+03,8.596816769568249583e-07
4.833000000000000000e+03,8.593503366682853084e-07
4.834000000000000000e+03,8.591596269980072975e-07
4.835000000000000000e+03,8.588924060859426390e-07
4.836000000000000000e+03,8.586473541072336957e-07
4.837000000000000000e+03,8.583618296142958570e-07
4.838000000000000000e+03,8.580353210163593758e-07
4.839000000000000000e+03,8.578891197430493776e-07
4.840000000000000000e+03,8.575648280384484679e-07
4.841000000000000000e+03,8.574689900342491455e-07
4.842000000000000000e+03,8.571158218728669453e-07
4.843000000000000000e+03,8.569583087592036463e-07
4.844000000000000000e+03,8.567167242290452123e-07
4.845000000000000000e+03,8.563682172280095983e-07
4.846000000000000000e+03,8.559072171010484453e-07
4.847000000000000000e+03,8.554400778848503251e-07
4.848000000000000000e+03,8.551452310712193139e-07
4.849000000000000000e+03,8.547250445190002210e-07
4.850000000000000000e+03,8.545297873752133455e-07
4.851000000000000000e+03,8.541984470866736956e-07
4.852000000000000000e+03,8.539421401110303123e-07
4.853000000000000000e+03,8.536529776392853819e-07
4.854000000000000000e+03,8.533805839761043899e-07
4.855000000000000000e+03,8.528303396815317683e-07
4.856000000000000000e+03,8.527567842975258827e-07
4.857000000000000000e+03,8.521223548996204045e-07
4.858000000000000000e+03,8.518921390532341320e-07
4.859000000000000000e+03,8.515681315657275263e-07
4.860000000000000000e+03,8.510980933351675048e-07
4.861000000000000000e+03,8.503768640366615728e-07
4.862000000000000000e+03,8.499888508595176972e-07
4.863000000000000000e+03,8.496764962728775572e-07
4.864000000000000000e+03,8.494034204886702355e-07
4.865000000000000000e+03,8.491014114042627625e-07
4.866000000000000000e+03,8.488034950460132677e-07
4.867000000000000000e+03,8.485021112392132636e-07
4.868000000000000000e+03,8.481844133712002076e-07
4.869000000000000000e+03,8.477480832880246453e-07
4.870000000000000000e+03,8.475760751025518402e-07
4.871000000000000000e+03,8.469947374578623567e-07
4.872000000000000000e+03,8.467853831461980008e-07
4.873000000000000000e+03,8.464522807116736658e-07
4.874000000000000000e+03,8.459782065983745269e-07
4.875000000000000000e+03,8.461374818580225110e-07
4.876000000000000000e+03,8.456519822175323498e-07
4.877000000000000000e+03,8.451875146420206875e-07
4.878000000000000000e+03,8.448835728813719470e-07
4.879000000000000000e+03,8.447196364613773767e-07
4.880000000000000000e+03,8.445324510830687359e-07
4.881000000000000000e+03,8.443514616374159232e-07
4.882000000000000000e+03,8.442036119049589615e-07
4.883000000000000000e+03,8.439660064141207840e-07
4.884000000000000000e+03,8.437677934125531465e-07
4.885000000000000000e+03,8.434742539975559339e-07
4.886000000000000000e+03,8.433241305283445399e-07
4.887000000000000000e+03,8.430997127106820699e-07
4.888000000000000000e+03,8.428453384112799540e-07
4.889000000000000000e+03,8.427683155787235592e-07
4.890000000000000000e+03,8.425016631008475088e-07
4.891000000000000000e+03,8.424125894634926226e-07
4.892000000000000000e+03,8.422940709351678379e-07
4.893000000000000000e+03,8.420267931796843186e-07
4.894000000000000000e+03,8.418944617005763575e-07
4.895000000000000000e+03,8.415152592533559073e-07
4.896000000000000000e+03,8.413543923779798206e-07
4.897000000000000000e+03,8.411510066252958495e-07
4.898000000000000000e+03,8.408643452639807947e-07
4.899000000000000000e+03,8.406022402596136089e-07
4.900000000000000000e+03,8.403289939451497048e-07
4.901000000000000000e+03,8.399790090152237099e-07
4.902000000000000000e+03,8.396818316214194056e-07
4.903000000000000000e+03,8.393965913455758709e-07
4.904000000000000000e+03,8.391458550249808468e-07
4.905000000000000000e+03,8.390640005018212833e-07
4.906000000000000000e+03,8.387757475247781258e-07
4.907000000000000000e+03,8.384378702430694830e-07
4.908000000000000000e+03,8.379198561669909395e-07
4.909000000000000000e+03,8.374734647986770142e-07
4.910000000000000000e+03,8.370693649339955300e-07
4.911000000000000000e+03,8.367138093490211759e-07
4.912000000000000000e+03,8.363580263903713785e-07
4.913000000000000000e+03,8.358008471986977383e-07
4.914000000000000000e+03,8.353959515261522029e-07
4.915000000000000000e+03,8.350680786861630622e-07
4.916000000000000000e+03,8.346909794454404619e-07
4.917000000000000000e+03,8.342435648955870420e-07
4.918000000000000000e+03,8.338629982063139323e-07
4.919000000000000000e+03,8.335791790159419179e-07
4.920000000000000000e+03,8.332881975547934417e-07
4.921000000000000000e+03,8.330228524755511899e-07
4.922000000000000000e+03,8.325267799591529183e-07
4.923000000000000000e+03,8.321642894770775456e-07
4.924000000000000000e+03,8.319195217154629063e-07
4.925000000000000000e+03,8.316417279274901375e-07
4.926000000000000000e+03,8.313243142765713856e-07
4.927000000000000000e+03,8.306743666253169067e-07
4.928000000000000000e+03,8.307636676363472361e-07
4.929000000000000000e+03,8.303537697429419495e-07
4.930000000000000000e+03,8.299870160044520162e-07
4.931000000000000000e+03,8.297210456476022955e-07
4.932000000000000000e+03,8.296202622659620829e-07
4.933000000000000000e+03,8.293054065688920673e-07
4.934000000000000000e+03,8.291050903608265799e-07
4.935000000000000000e+03,8.289536594929813873e-07
4.936000000000000000e+03,8.287748300972452853e-07
4.937000000000000000e+03,8.287481705337995663e-07
4.938000000000000000e+03,8.286105526167375501e-07
4.939000000000000000e+03,8.282513590529561043e-07
4.940000000000000000e+03,8.280933911919419188e-07
4.941000000000000000e+03,8.276893481706792954e-07
4.942000000000000000e+03,8.272904779005330056e-07
4.943000000000000000e+03,8.270027365142595954e-07
4.944000000000000000e+03,8.266977715720713604e-07
4.945000000000000000e+03,8.265362794190878049e-07
4.946000000000000000e+03,8.261856692115543410e-07
4.947000000000000000e+03,8.255557872871577274e-07
4.948000000000000000e+03,8.256387786786945071e-07
4.949000000000000000e+03,8.252926022578321863e-07
4.950000000000000000e+03,8.249664915638277307e-07
4.951000000000000000e+03,8.247465075328364037e-07
4.952000000000000000e+03,8.243350180237030145e-07
4.953000000000000000e+03,8.241783575613226276e-07
4.954000000000000000e+03,8.235383575083687901e-07
4.955000000000000000e+03,8.232566415244946256e-07
4.956000000000000000e+03,8.229891932387545239e-07
4.957000000000000000e+03,8.227405032812384889e-07
4.958000000000000000e+03,8.223963732234551571e-07
4.959000000000000000e+03,8.220613949561084155e-07
4.960000000000000000e+03,8.218452194341807626e-07
4.961000000000000000e+03,8.216117635129194241e-07
4.962000000000000000e+03,8.212908255700313020e-07
4.963000000000000000e+03,8.208237431972520426e-07
4.964000000000000000e+03,8.202543426705233287e-07
4.965000000000000000e+03,8.199260719266021624e-07
4.966000000000000000e+03,8.190976359401247464e-07
4.967000000000000000e+03,8.187597586584161036e-07
4.968000000000000000e+03,8.183088198165933136e-07
4.969000000000000000e+03,8.181752377822704148e-07
4.970000000000000000e+03,8.177462973435467575e-07
4.971000000000000000e+03,8.175321113412792329e-07
4.972000000000000000e+03,8.171916192623029929e-07
4.973000000000000000e+03,8.167173746187472716e-07
4.974000000000000000e+03,8.168839826794282999e-07
4.975000000000000000e+03,8.164442988345399499e-07
4.976000000000000000e+03,8.160336051332706120e-07
4.977000000000000000e+03,8.157361435223720036e-07
4.978000000000000000e+03,8.153006660904793534e-07
4.979000000000000000e+03,8.148446681843779515e-07
4.980000000000000000e+03,8.144716048263944685e-07
4.981000000000000000e+03,8.141713010445528198e-07
4.982000000000000000e+03,8.138758857967332006e-07
4.983000000000000000e+03,8.134659310599090531e-07
4.984000000000000000e+03,8.129146067403780762e-07
4.985000000000000000e+03,8.125580848172830883e-07
4.986000000000000000e+03,8.122042913782934193e-07
4.987000000000000000e+03,8.118560685943521094e-07
4.988000000000000000e+03,8.115429181998479180e-07
4.989000000000000000e+03,8.113494232020457275e-07
4.990000000000000000e+03,8.107950861813151278e-07
4.991000000000000000e+03,8.105856181828130502e-07
4.992000000000000000e+03,8.102927608888421673e-07
4.993000000000000000e+03,8.101254707071348093e-07
4.994000000000000000e+03,8.098244848042668309e-07
4.995000000000000000e+03,8.095559564935683738e-07
4.996000000000000000e+03,8.092781627055956051e-07
4.997000000000000000e+03,8.088678100648394320e-07
4.998000000000000000e+03,8.084161322585714515e-07
4.999000000000000000e+03,8.078454243332089391e-07
5.000000000000000000e+03,8.076349331531673670e-07
5.001000000000000000e+03,8.073799335761577822e-07
5.002000000000000000e+03,8.071428965195082128e-07
5.003000000000000000e+03,8.067444241532939486e-07
5.004000000000000000e+03,8.065549650382308755e-07
5.005000000000000000e+03,8.059902256718487479e-07
5.006000000000000000e+03,8.057681952777784318e-07
5.007000000000000000e+03,8.054707336668798234e-07
5.008000000000000000e+03,8.051248414631118067e-07
5.009000000000000000e+03,8.048343715927330777e-07
5.010000000000000000e+03,8.042209742598060984e-07
5.011000000000000000e+03,8.039818339966586791e-07
5.012000000000000000e+03,8.036892609197821002e-07
5.013000000000000000e+03,8.034743359530693851e-07
5.014000000000000000e+03,8.032327514229109511e-07
5.015000000000000000e+03,8.029468290260410868e-07
5.016000000000000000e+03,8.027931812648603227e-07
5.017000000000000000e+03,8.026017894735559821e-07
5.018000000000000000e+03,8.022880138014443219e-07
5.019000000000000000e+03,8.020380732887133490e-07
5.020000000000000000e+03,8.017085519895772450e-07
5.021000000000000000e+03,8.011279533093329519e-07
5.022000000000000000e+03,8.011429599719122052e-07
5.023000000000000000e+03,8.008074132703768555e-07
5.024000000000000000e+03,8.003979132809035946e-07
5.025000000000000000e+03,8.001077844710380305e-07
5.026000000000000000e+03,7.997079478627711069e-07
5.027000000000000000e+03,7.991774850779620465e-07
5.028000000000000000e+03,7.987791832420043647e-07
5.029000000000000000e+03,7.984974672581302002e-07
5.030000000000000000e+03,7.980992222655913793e-07
5.031000000000000000e+03,7.978027838362322655e-07
5.032000000000000000e+03,7.972536764100368600e-07
5.033000000000000000e+03,7.967919941620493773e-07
5.034000000000000000e+03,7.963910775288240984e-07
5.035000000000000000e+03,7.960253469718736596e-07
5.036000000000000000e+03,7.960903189996315632e-07
5.037000000000000000e+03,7.957696652738377452e-07
5.038000000000000000e+03,7.954545253596734256e-07
5.039000000000000000e+03,7.951433076414105017e-07
5.040000000000000000e+03,7.949171845211822074e-07
5.041000000000000000e+03,7.944869935272436123e-07
5.042000000000000000e+03,7.946948699100175872e-07
5.043000000000000000e+03,7.942348929645959288e-07
5.044000000000000000e+03,7.938303951959824190e-07
5.045000000000000000e+03,7.935373105283360928e-07
5.046000000000000000e+03,7.932864036774844863e-07
5.047000000000000000e+03,7.931370191727182828e-07
5.048000000000000000e+03,7.927291107989731245e-07
5.049000000000000000e+03,7.926065563879092224e-07
5.050000000000000000e+03,7.924688816274283454e-07
5.051000000000000000e+03,7.922511713331914507e-07
5.052000000000000000e+03,7.921420319689786993e-07
5.053000000000000000e+03,7.919814493106969167e-07
5.054000000000000000e+03,7.917531092971330509e-07
5.055000000000000000e+03,7.911460215836996213e-07
5.056000000000000000e+03,7.916702884358528536e-07
5.057000000000000000e+03,7.908290058367128950e-07
5.058000000000000000e+03,7.902054335318098310e-07
5.059000000000000000e+03,7.897276645962847397e-07
5.060000000000000000e+03,7.893739280007139314e-07
5.061000000000000000e+03,7.891347877375665121e-07
5.062000000000000000e+03,7.887741730883135460e-07
5.063000000000000000e+03,7.886138746471260674e-07
5.064000000000000000e+03,7.883937200858781580e-07
5.065000000000000000e+03,7.879293661972042173e-07
5.066000000000000000e+03,7.887072115408955142e-07
5.067000000000000000e+03,7.877179655224608723e-07
5.068000000000000000e+03,7.873502454458503053e-07
5.069000000000000000e+03,7.870515901231556199e-07
5.070000000000000000e+03,7.866803457545756828e-07
5.071000000000000000e+03,7.871335583331529051e-07
5.072000000000000000e+03,7.865614293223188724e-07
5.073000000000000000e+03,7.863371820349129848e-07
5.074000000000000000e+03,7.861436301936919335e-07
5.075000000000000000e+03,7.859052857384085655e-07
5.076000000000000000e+03,7.856529009586665779e-07
5.077000000000000000e+03,7.852242447370372247e-07
5.078000000000000000e+03,7.847781944292364642e-07
5.079000000000000000e+03,7.844761853448289912e-07
5.080000000000000000e+03,7.841750289117044304e-07
5.081000000000000000e+03,7.839787485863780603e-07
5.082000000000000000e+03,7.837226689844101202e-07
5.083000000000000000e+03,7.832990718270593788e-07
5.084000000000000000e+03,7.830826689314562827e-07
5.085000000000000000e+03,7.828766683815047145e-07
5.086000000000000000e+03,7.825258308002958074e-07
5.087000000000000000e+03,7.822670227142225485e-07
5.088000000000000000e+03,7.819803613529074937e-07
5.089000000000000000e+03,7.815771709829277825e-07
5.090000000000000000e+03,7.813690103830595035e-07
5.091000000000000000e+03,7.810937745489354711e-07
5.092000000000000000e+03,7.807298629813885782e-07
5.093000000000000000e+03,7.803186576893494930e-07
5.094000000000000000e+03,7.799934564900468104e-07
5.095000000000000000e+03,7.797896159900119528e-07
5.096000000000000000e+03,7.795794658704835456e-07
5.097000000000000000e+03,7.793192935423576273e-07
5.098000000000000000e+03,7.787714935147960205e-07
5.099000000000000000e+03,7.787306799400539603e-07
5.100000000000000000e+03,7.779002544339164160e-07
5.101000000000000000e+03,7.777175596856977791e-07
5.102000000000000000e+03,7.775004178256494924e-07
5.103000000000000000e+03,7.773853099024563562e-07
5.104000000000000000e+03,7.772402454975235742e-07
5.105000000000000000e+03,7.768808245600666851e-07
5.106000000000000000e+03,7.771691912239475641e-07
5.107000000000000000e+03,7.766916496620979160e-07
5.108000000000000000e+03,7.764271572341385763e-07
5.109000000000000000e+03,7.762351970086456276e-07
5.110000000000000000e+03,7.760054359096102417e-07
5.111000000000000000e+03,7.757504363326006569e-07
5.112000000000000000e+03,7.752208261990745086e-07
5.113000000000000000e+03,7.748201369395246729e-07
5.114000000000000000e+03,7.744352501504181419e-07
5.115000000000000000e+03,7.741521699244913179e-07
5.116000000000000000e+03,7.738887575214903336e-07
5.117000000000000000e+03,7.735623057669727132e-07
5.118000000000000000e+03,7.734540190540428739e-07
5.119000000000000000e+03,7.731231903562729713e-07
5.120000000000000000e+03,7.729162803116196301e-07
5.121000000000000000e+03,7.727377919763966929e-07
5.122000000000000000e+03,7.724441388745617587e-07
5.123000000000000000e+03,7.721184829279081896e-07
5.124000000000000000e+03,7.718594474681594875e-07
5.125000000000000000e+03,7.714937169112090487e-07
5.126000000000000000e+03,7.715294714216724969e-07
5.127000000000000000e+03,7.713489367233705707e-07
5.128000000000000000e+03,7.710907539149047807e-07
5.129000000000000000e+03,7.707402005507901777e-07
5.130000000000000000e+03,7.704355766691151075e-07
5.131000000000000000e+03,7.702283824073674623e-07
5.132000000000000000e+03,7.699060802224266808e-07
5.133000000000000000e+03,7.697668706896365620e-07
5.134000000000000000e+03,7.693830070820695255e-07
5.135000000000000000e+03,7.691023711231537163e-07
5.136000000000000000e+03,7.688134928685030900e-07
5.137000000000000000e+03,7.685826517445093486e-07
5.138000000000000000e+03,7.682458544877590612e-07
5.139000000000000000e+03,7.679317377551342361e-07
5.140000000000000000e+03,7.678557381041173358e-07
5.141000000000000000e+03,7.674290145587292500e-07
5.142000000000000000e+03,7.673280038034135941e-07
5.143000000000000000e+03,7.670626018807524815e-07
5.144000000000000000e+03,7.670096238143742085e-07
5.145000000000000000e+03,7.667107979614229407e-07
5.146000000000000000e+03,7.665385624022746924e-07
5.147000000000000000e+03,7.663422820769483224e-07
5.148000000000000000e+03,7.660456162739137653e-07
5.149000000000000000e+03,7.661277550141676329e-07
5.150000000000000000e+03,7.658351250938721932e-07
5.151000000000000000e+03,7.656042271264595911e-07
5.152000000000000000e+03,7.654873002138629090e-07
5.153000000000000000e+03,7.653213742742082104e-07
5.154000000000000000e+03,7.650643283341196366e-07
5.155000000000000000e+03,7.647729489690391347e-07
5.156000000000000000e+03,7.648543487448478118e-07
5.157000000000000000e+03,7.646569315511442255e-07
5.158000000000000000e+03,7.644545121365808882e-07
5.159000000000000000e+03,7.643718049621384125e-07
5.160000000000000000e+03,7.641936008440097794e-07
5.161000000000000000e+03,7.639675345672003459e-07
5.162000000000000000e+03,7.638216743544035126e-07
5.163000000000000000e+03,7.635867405042517930e-07
5.164000000000000000e+03,7.633909717696951702e-07
5.165000000000000000e+03,7.632748406649625394e-07
5.166000000000000000e+03,7.630791856172436383e-07
5.167000000000000000e+03,7.628436264894844498e-07
5.168000000000000000e+03,7.624429372299346142e-07
5.169000000000000000e+03,7.620531050633871928e-07
5.170000000000000000e+03,7.616957873324281536e-07
5.171000000000000000e+03,7.615245749548193999e-07
5.172000000000000000e+03,7.612811145918385591e-07
5.173000000000000000e+03,7.611032515342230909e-07
5.174000000000000000e+03,7.609197041347215418e-07
5.175000000000000000e+03,7.609267527186602820e-07
5.176000000000000000e+03,7.607915790686092805e-07
5.177000000000000000e+03,7.606006420246558264e-07
5.178000000000000000e+03,7.604039069519785699e-07
5.179000000000000000e+03,7.601809670632064808e-07
5.180000000000000000e+03,7.600946219099569134e-07
5.181000000000000000e+03,7.598306979161861818e-07
5.182000000000000000e+03,7.597143962811969686e-07
5.183000000000000000e+03,7.595196507281798404e-07
5.184000000000000000e+03,7.593440614073188044e-07
5.185000000000000000e+03,7.591008852614322677e-07
5.186000000000000000e+03,7.587915433759917505e-07
5.187000000000000000e+03,7.586343144794227555e-07
5.188000000000000000e+03,7.584459353893180378e-07
5.189000000000000000e+03,7.585082926198083442e-07
5.190000000000000000e+03,7.583491310469980817e-07
5.191000000000000000e+03,7.582343641843181103e-07
5.192000000000000000e+03,7.579836847071419470e-07
5.193000000000000000e+03,7.578216241199697834e-07
5.194000000000000000e+03,7.574602705062716268e-07
5.195000000000000000e+03,7.583715841974481009e-07
5.196000000000000000e+03,7.573303832941746805e-07
5.197000000000000000e+03,7.570365028186643030e-07
5.198000000000000000e+03,7.568330033791426104e-07
5.199000000000000000e+03,7.565895998595806304e-07
5.200000000000000000e+03,7.562350106127269100e-07
5.201000000000000000e+03,7.562362611679418478e-07
5.202000000000000000e+03,7.560474841739051044e-07
5.203000000000000000e+03,7.556801620012265630e-07
5.204000000000000000e+03,7.554223202532739379e-07
5.205000000000000000e+03,7.551914222858613357e-07
5.206000000000000000e+03,7.549778615612012800e-07
5.207000000000000000e+03,7.547366180915560108e-07
5.208000000000000000e+03,7.546063329755270388e-07
5.209000000000000000e+03,7.544395543845894281e-07
5.210000000000000000e+03,7.542195703535981011e-07
5.211000000000000000e+03,7.540460273958160542e-07
5.212000000000000000e+03,7.538441764154413249e-07
5.213000000000000000e+03,7.536447697020776104e-07
5.214000000000000000e+03,7.535749659837165382e-07
5.215000000000000000e+03,7.534646329077077098e-07
5.216000000000000000e+03,7.533563461947778706e-07
5.217000000000000000e+03,7.530802008659520652e-07
5.218000000000000000e+03,7.526746230723802000e-07
5.219000000000000000e+03,7.529591243837785441e-07
5.220000000000000000e+03,7.524861302954377607e-07
5.221000000000000000e+03,7.522005489590810612e-07
5.222000000000000000e+03,7.520309850406192709e-07
5.223000000000000000e+03,7.518078177781717386e-07
5.224000000000000000e+03,7.514339017689053435e-07
5.225000000000000000e+03,7.515338324992626440e-07
5.226000000000000000e+03,7.513047535212535877e-07
5.227000000000000000e+03,7.510937507504422683e-07
5.228000000000000000e+03,7.509437409680685960e-07
5.229000000000000000e+03,7.507435952902596910e-07
5.230000000000000000e+03,7.504034442717966158e-07
5.231000000000000000e+03,7.510903969887294807e-07
5.232000000000000000e+03,7.502716812268772628e-07
5.233000000000000000e+03,7.499721164094808046e-07
5.234000000000000000e+03,7.496777811866195407e-07
5.235000000000000000e+03,7.495370937249390408e-07
5.236000000000000000e+03,7.493477482967136893e-07
5.237000000000000000e+03,7.491574365303677041e-07
5.238000000000000000e+03,7.489241511393629480e-07
5.239000000000000000e+03,7.487494144697848242e-07
5.240000000000000000e+03,7.485020887543214485e-07
5.241000000000000000e+03,7.482557293769787066e-07
5.242000000000000000e+03,7.480585395569505636e-07
5.243000000000000000e+03,7.477499366359552369e-07
5.244000000000000000e+03,7.474706649190920871e-07
5.245000000000000000e+03,7.474743597413180396e-07
5.246000000000000000e+03,7.472266929653414991e-07
5.247000000000000000e+03,7.469992056030605454e-07
5.248000000000000000e+03,7.468481726391473785e-07
5.249000000000000000e+03,7.467020282092562411e-07
5.250000000000000000e+03,7.463824545084207784e-07
5.251000000000000000e+03,7.460658935087849386e-07
5.252000000000000000e+03,7.458589266207127366e-07
5.253000000000000000e+03,7.457463766513683368e-07
5.254000000000000000e+03,7.454609090018493589e-07
5.255000000000000000e+03,7.453193688888859469e-07
5.256000000000000000e+03,7.448649057550937869e-07
5.257000000000000000e+03,7.446510039699205663e-07
5.258000000000000000e+03,7.444560310432279948e-07
5.259000000000000000e+03,7.442220635311969090e-07
5.260000000000000000e+03,7.436550504280603491e-07
5.261000000000000000e+03,7.444353968821815215e-07
5.262000000000000000e+03,7.434322242261259817e-07
5.263000000000000000e+03,7.430639357153268065e-07
5.264000000000000000e+03,7.427538548654410988e-07
5.265000000000000000e+03,7.425055628118570894e-07
5.266000000000000000e+03,7.421946861541073304e-07
5.267000000000000000e+03,7.414560627694299910e-07
5.268000000000000000e+03,7.430454616041970439e-07
5.269000000000000000e+03,7.413499929498357233e-07
5.270000000000000000e+03,7.411045999106136151e-07
5.271000000000000000e+03,7.409604450003826059e-07
5.272000000000000000e+03,7.408236228911846410e-07
5.273000000000000000e+03,7.406168833767878823e-07
5.274000000000000000e+03,7.404259463328344282e-07
5.275000000000000000e+03,7.400872732432617340e-07
5.276000000000000000e+03,7.405269002447312232e-07
5.277000000000000000e+03,7.399684704978426453e-07
5.278000000000000000e+03,7.396879482257645577e-07
5.279000000000000000e+03,7.395217380690155551e-07
5.280000000000000000e+03,7.393634291474882048e-07
5.281000000000000000e+03,7.391643634946376551e-07
5.282000000000000000e+03,7.390680707430874463e-07
5.283000000000000000e+03,7.388485983028658666e-07
5.284000000000000000e+03,7.387629921140614897e-07
5.285000000000000000e+03,7.386177571788721252e-07
5.286000000000000000e+03,7.383955562545452267e-07
5.287000000000000000e+03,7.382001285805017687e-07
5.288000000000000000e+03,7.380173769888642710e-07
5.289000000000000000e+03,7.379222779491101392e-07
5.290000000000000000e+03,7.377690849352802616e-07
5.291000000000000000e+03,7.375985546786978375e-07
5.292000000000000000e+03,7.374566166618023999e-07
5.293000000000000000e+03,7.373582775471732020e-07
5.294000000000000000e+03,7.372331651822605636e-07
5.295000000000000000e+03,7.371330070782278199e-07
5.296000000000000000e+03,7.369892500719288364e-07
5.297000000000000000e+03,7.368018373199447524e-07
5.298000000000000000e+03,7.371097581199137494e-07
5.299000000000000000e+03,7.366764407379378099e-07
5.300000000000000000e+03,7.364566840806219261e-07
5.301000000000000000e+03,7.361271627814858221e-07
5.302000000000000000e+03,7.357487561421294231e-07
5.303000000000000000e+03,7.355558864219347015e-07
5.304000000000000000e+03,7.352813327088369988e-07
5.305000000000000000e+03,7.351405884037376381e-07
5.306000000000000000e+03,7.349527209044026677e-07
5.307000000000000000e+03,7.347437076532514766e-07
5.308000000000000000e+03,7.345193466790078674e-07
5.309000000000000000e+03,7.343422794292564504e-07
5.310000000000000000e+03,7.341888021983322687e-07
5.311000000000000000e+03,7.339871217482141219e-07
5.312000000000000000e+03,7.340878482864354737e-07
5.313000000000000000e+03,7.338454679484129883e-07
5.314000000000000000e+03,7.336167868743359577e-07
5.315000000000000000e+03,7.334519409596396144e-07
5.316000000000000000e+03,7.331247502406768035e-07
5.317000000000000000e+03,7.327720368266454898e-07
5.318000000000000000e+03,7.324982220779929776e-07
5.319000000000000000e+03,7.321327188947179820e-07
5.320000000000000000e+03,7.320205668293056078e-07
5.321000000000000000e+03,7.318463417504972313e-07
5.322000000000000000e+03,7.316905907828186173e-07
5.323000000000000000e+03,7.314604886232700665e-07
5.324000000000000000e+03,7.312199272746511269e-07
5.325000000000000000e+03,7.310422347472922411e-07
5.326000000000000000e+03,7.308635190383938607e-07
5.327000000000000000e+03,7.307087912522547413e-07
5.328000000000000000e+03,7.305229132725798991e-07
5.329000000000000000e+03,7.302745643755770288e-07
5.330000000000000000e+03,7.298811510736413766e-07
5.331000000000000000e+03,7.297253432625439018e-07
5.332000000000000000e+03,7.293734824997955002e-07
5.333000000000000000e+03,7.292414352377818432e-07
5.334000000000000000e+03,7.290209396160207689e-07
5.335000000000000000e+03,7.287828225344128441e-07
5.336000000000000000e+03,7.285908623089198954e-07
5.337000000000000000e+03,7.284589855771628208e-07
5.338000000000000000e+03,7.282855563062184956e-07
5.339000000000000000e+03,7.282174578904232476e-07
5.340000000000000000e+03,7.280653449015517253e-07
5.341000000000000000e+03,7.278824227796576452e-07
5.342000000000000000e+03,7.277677696038153954e-07
5.343000000000000000e+03,7.275059488165425137e-07
5.344000000000000000e+03,7.274202857843192760e-07
5.345000000000000000e+03,7.272632842614257243e-07
5.346000000000000000e+03,7.269762249961786438e-07
5.347000000000000000e+03,7.265990120686183218e-07
5.348000000000000000e+03,7.264163741638185456e-07
5.349000000000000000e+03,7.260856023094675038e-07
5.350000000000000000e+03,7.259434937623154838e-07
5.351000000000000000e+03,7.257800120896717999e-07
5.352000000000000000e+03,7.254722618199593853e-07
5.353000000000000000e+03,7.252360205711738672e-07
5.354000000000000000e+03,7.249794862218550406e-07
5.355000000000000000e+03,7.248842166518443264e-07
5.356000000000000000e+03,7.246265454341482837e-07
5.357000000000000000e+03,7.243165782711002976e-07
5.358000000000000000e+03,7.239471528919239063e-07
5.359000000000000000e+03,7.239571004902245477e-07
5.360000000000000000e+03,7.237301247187133413e-07
5.361000000000000000e+03,7.234806389533332549e-07
5.362000000000000000e+03,7.233315386656613555e-07
5.363000000000000000e+03,7.231644190142105799e-07
5.364000000000000000e+03,7.229944003483979031e-07
5.365000000000000000e+03,7.226499860735202674e-07
5.366000000000000000e+03,7.224847422548918985e-07
5.367000000000000000e+03,7.222269573503581341e-07
5.368000000000000000e+03,7.219686040116357617e-07
5.369000000000000000e+03,7.218098971861763857e-07
5.370000000000000000e+03,7.213928370219946373e-07
5.371000000000000000e+03,7.211620527414197568e-07
5.372000000000000000e+03,7.209637260530143976e-07
5.373000000000000000e+03,7.206911050161579624e-07
5.374000000000000000e+03,7.205568977042275947e-07
5.375000000000000000e+03,7.201504672593728174e-07
5.376000000000000000e+03,7.198557341325795278e-07
5.377000000000000000e+03,7.196016440502717160e-07
5.378000000000000000e+03,7.194583986347424798e-07
5.379000000000000000e+03,7.193045803433051333e-07
5.380000000000000000e+03,7.191205781964526977e-07
5.381000000000000000e+03,7.189959774223098066e-07
5.382000000000000000e+03,7.188320978457340971e-07
5.383000000000000000e+03,7.184994501585606486e-07
5.384000000000000000e+03,7.184377182056778111e-07
5.385000000000000000e+03,7.180894954217365012e-07
5.386000000000000000e+03,7.179788212852145080e-07
5.387000000000000000e+03,7.177614520514907781e-07
5.388000000000000000e+03,7.176612371040391736e-07
5.389000000000000000e+03,7.174983807090029586e-07
5.390000000000000000e+03,7.173684366534871515e-07
5.391000000000000000e+03,7.172102414187975228e-07
5.392000000000000000e+03,7.168623596953693777e-07
5.393000000000000000e+03,7.168671345425536856e-07
5.394000000000000000e+03,7.166890441112627741e-07
5.395000000000000000e+03,7.163786790442827623e-07
5.396000000000000000e+03,7.161733037719386630e-07
5.397000000000000000e+03,7.159603683248860762e-07
5.398000000000000000e+03,7.158120070016593672e-07
5.399000000000000000e+03,7.156776860028912779e-07
5.400000000000000000e+03,7.154395120778644923e-07
5.401000000000000000e+03,7.152572152335778810e-07
5.402000000000000000e+03,7.148744316509691998e-07
5.403000000000000000e+03,7.151200520638667513e-07
5.404000000000000000e+03,7.147128258111479226e-07
5.405000000000000000e+03,7.145315521484008059e-07
5.406000000000000000e+03,7.143970037759572733e-07
5.407000000000000000e+03,7.142354547795548569e-07
5.408000000000000000e+03,7.140884008549619466e-07
5.409000000000000000e+03,7.142834306250733789e-07
5.410000000000000000e+03,7.139597073546610773e-07
5.411000000000000000e+03,7.137824695746530779e-07
5.412000000000000000e+03,7.136676458685542457e-07
5.413000000000000000e+03,7.134646580198023003e-07
5.414000000000000000e+03,7.132727546377282124e-07
5.415000000000000000e+03,7.131254733394598588e-07
5.416000000000000000e+03,7.128943479983718134e-07
5.417000000000000000e+03,7.127754315661150031e-07
5.418000000000000000e+03,7.126704986148979515e-07
5.419000000000000000e+03,7.125421461751102470e-07
5.420000000000000000e+03,7.124818921511177905e-07
5.421000000000000000e+03,7.122656597857712768e-07
5.422000000000000000e+03,7.121418548194924369e-07
5.423000000000000000e+03,7.122012561922019813e-07
5.424000000000000000e+03,7.119517135834030341e-07
5.425000000000000000e+03,7.116826168385159690e-07
5.426000000000000000e+03,7.115509106370154768e-07
5.427000000000000000e+03,7.113244464562740177e-07
5.428000000000000000e+03,7.110643878149858210e-07
5.429000000000000000e+03,7.109543957994901575e-07
5.430000000000000000e+03,7.104385417733283248e-07
5.431000000000000000e+03,7.102919994395051617e-07
5.432000000000000000e+03,7.100666721271409187e-07
5.433000000000000000e+03,7.100933316905866377e-07
5.434000000000000000e+03,7.099515642039477825e-07
5.435000000000000000e+03,7.097643219822202809e-07
5.436000000000000000e+03,7.095618457242380828e-07
5.437000000000000000e+03,7.094242846505949274e-07
5.438000000000000000e+03,7.092771170391642954e-07
5.439000000000000000e+03,7.089838618412613869e-07
5.440000000000000000e+03,7.087516564752149861e-07
5.441000000000000000e+03,7.082493311827420257e-07
5.442000000000000000e+03,7.080344630594481714e-07
5.443000000000000000e+03,7.075516919030633289e-07
5.444000000000000000e+03,7.072096650517778471e-07
5.445000000000000000e+03,7.070008791743020993e-07
5.446000000000000000e+03,7.067974365781992674e-07
5.447000000000000000e+03,7.066640819175518118e-07
5.448000000000000000e+03,7.064202804940578062e-07
5.449000000000000000e+03,7.062122904244461097e-07
5.450000000000000000e+03,7.057500397422700189e-07
5.451000000000000000e+03,7.100233005985501222e-07
5.452000000000000000e+03,7.056441404529323336e-07
5.453000000000000000e+03,7.053093895592610352e-07
5.454000000000000000e+03,7.050447266010451131e-07
5.455000000000000000e+03,7.047607368804165162e-07
5.456000000000000000e+03,7.045142638162360527e-07
5.457000000000000000e+03,7.042451670713489875e-07
5.458000000000000000e+03,7.039556066956720315e-07
5.459000000000000000e+03,7.037526756903389469e-07
5.460000000000000000e+03,7.033120255073299631e-07
5.461000000000000000e+03,7.027970241324510425e-07
5.462000000000000000e+03,7.025212767075572629e-07
5.463000000000000000e+03,7.022313752713671420e-07
5.464000000000000000e+03,7.021229180281807203e-07
5.465000000000000000e+03,7.019363579274795484e-07
5.466000000000000000e+03,7.017382586127496324e-07
5.467000000000000000e+03,7.013783260845229961e-07
5.468000000000000000e+03,7.011305456217087340e-07
5.469000000000000000e+03,7.009360274423670489e-07
5.470000000000000000e+03,7.006344162618916016e-07
5.471000000000000000e+03,7.005780275903816801e-07
5.472000000000000000e+03,7.002133770583895966e-07
5.473000000000000000e+03,7.001074209256330505e-07
5.474000000000000000e+03,6.998283765824453440e-07
5.475000000000000000e+03,6.996718298069026787e-07
5.476000000000000000e+03,6.993427632551174611e-07
5.477000000000000000e+03,6.991774057496513706e-07
5.478000000000000000e+03,6.990231895542819984e-07
5.479000000000000000e+03,6.988234986238239799e-07
5.480000000000000000e+03,6.985791287661413662e-07
5.481000000000000000e+03,6.983671028137905523e-07
5.482000000000000000e+03,6.979890940783661790e-07
5.483000000000000000e+03,6.978388000788982026e-07
5.484000000000000000e+03,6.975932365094195120e-07
5.485000000000000000e+03,6.974036068640998565e-07
5.486000000000000000e+03,6.972276764827256557e-07
5.487000000000000000e+03,6.971601465011190157e-07
5.488000000000000000e+03,6.969253831812238786e-07
5.489000000000000000e+03,6.968485308789240662e-07
5.490000000000000000e+03,6.966734531488327775e-07
5.491000000000000000e+03,6.966828891563636716e-07
5.492000000000000000e+03,6.965981924622610677e-07
5.493000000000000000e+03,6.964316412449989002e-07
5.494000000000000000e+03,6.962208090044441633e-07
5.495000000000000000e+03,6.958310336813156027e-07
5.496000000000000000e+03,6.955764320082380436e-07
5.497000000000000000e+03,6.951999580451229122e-07
5.498000000000000000e+03,6.948999953237944283e-07
5.499000000000000000e+03,6.946125949980341829e-07
5.500000000000000000e+03,6.944342771930678282e-07
5.501000000000000000e+03,6.941867809473478701e-07
5.502000000000000000e+03,6.940411481082264800e-07
5.503000000000000000e+03,6.938603860362491105e-07
5.504000000000000000e+03,6.934716907380789053e-07
5.505000000000000000e+03,6.937488024050253443e-07
5.506000000000000000e+03,6.933037184353452176e-07
5.507000000000000000e+03,6.929589630999544170e-07
5.508000000000000000e+03,6.927036793058505282e-07
5.509000000000000000e+03,6.924238959982176311e-07
5.510000000000000000e+03,6.919728434695571195e-07
5.511000000000000000e+03,6.916662869116407819e-07
5.512000000000000000e+03,6.913305696798488498e-07
5.513000000000000000e+03,6.910499905643519014e-07
5.514000000000000000e+03,6.907451393090013880e-07
5.515000000000000000e+03,6.900336302351206541e-07
5.516000000000000000e+03,6.910860861353285145e-07
5.517000000000000000e+03,6.898081892359186895e-07
5.518000000000000000e+03,6.894126158840663265e-07
5.519000000000000000e+03,6.890510348966927268e-07
5.520000000000000000e+03,6.886961614327447023e-07
5.521000000000000000e+03,6.883632295284769498e-07
5.522000000000000000e+03,6.881170975248096511e-07
5.523000000000000000e+03,6.879487841615627985e-07
5.524000000000000000e+03,6.876890097373689059e-07
5.525000000000000000e+03,6.873041229482623748e-07
5.526000000000000000e+03,6.870684501336654648e-07
5.527000000000000000e+03,6.868460786790819839e-07
5.528000000000000000e+03,6.866882813483243808e-07
5.529000000000000000e+03,6.865659543109359220e-07
5.530000000000000000e+03,6.862040322630491573e-07
5.531000000000000000e+03,6.860474854875064921e-07
5.532000000000000000e+03,6.857862899778410792e-07
5.533000000000000000e+03,6.857381436020659748e-07
5.534000000000000000e+03,6.856204777250241023e-07
5.535000000000000000e+03,6.852733918094600085e-07
5.536000000000000000e+03,6.856670324850711040e-07
5.537000000000000000e+03,6.851604439361835830e-07
5.538000000000000000e+03,6.849427336419466883e-07
5.539000000000000000e+03,6.847746476523752790e-07
5.540000000000000000e+03,6.846444762231840286e-07
5.541000000000000000e+03,6.842979018983896822e-07
5.542000000000000000e+03,6.838495210104156286e-07
5.543000000000000000e+03,6.838018293819914106e-07
5.544000000000000000e+03,6.835102794866543263e-07
5.545000000000000000e+03,6.831722316746891011e-07
5.546000000000000000e+03,6.829783956163737457e-07
5.547000000000000000e+03,6.827696665823168587e-07
5.548000000000000000e+03,6.824441243225010112e-07
5.549000000000000000e+03,6.821467195550212637e-07
5.550000000000000000e+03,6.818736437708139420e-07
5.551000000000000000e+03,6.816435984546842519e-07
5.552000000000000000e+03,6.814227617724100128e-07
5.553000000000000000e+03,6.811302455389522947e-07
5.554000000000000000e+03,6.807678687437146436e-07
5.555000000000000000e+03,6.803796281928953249e-07
5.556000000000000000e+03,6.801321887905942276e-07
5.557000000000000000e+03,6.798589424761303235e-07
5.558000000000000000e+03,6.796734624003875069e-07
5.559000000000000000e+03,6.793018201278755441e-07
5.560000000000000000e+03,6.789854296584962867e-07
5.561000000000000000e+03,6.792382691855891608e-07
5.562000000000000000e+03,6.787501547478314023e-07
5.563000000000000000e+03,6.782851187381311320e-07
5.564000000000000000e+03,6.780168746445269790e-07
5.565000000000000000e+03,6.777752332709496841e-07
5.566000000000000000e+03,6.775262022529204842e-07
5.567000000000000000e+03,6.771771836611151230e-07
5.568000000000000000e+03,6.770059712835063692e-07
5.569000000000000000e+03,6.768264597667439375e-07
5.570000000000000000e+03,6.767346008018648718e-07
5.571000000000000000e+03,6.765990860913007054e-07
5.572000000000000000e+03,6.763010560462134890e-07
5.573000000000000000e+03,6.767228910575795453e-07
5.574000000000000000e+03,6.762199973309179768e-07
5.575000000000000000e+03,6.760148494322493207e-07
5.576000000000000000e+03,6.758778567927947734e-07
5.577000000000000000e+03,6.756476977898273617e-07
5.578000000000000000e+03,6.754562491551041603e-07
5.579000000000000000e+03,6.752538297405408230e-07
5.580000000000000000e+03,6.749788781235110946e-07
5.581000000000000000e+03,6.747501970494340640e-07
5.582000000000000000e+03,6.742759524058783427e-07
5.583000000000000000e+03,6.741589686498627998e-07
5.584000000000000000e+03,6.737961371072742622e-07
5.585000000000000000e+03,6.736674436069733929e-07
5.586000000000000000e+03,6.735487545483920258e-07
5.587000000000000000e+03,6.732645374540879857e-07
5.588000000000000000e+03,6.761075042049924377e-07
5.589000000000000000e+03,6.731446546837105416e-07
5.590000000000000000e+03,6.728889161422557663e-07
5.591000000000000000e+03,6.725767889292910695e-07
5.592000000000000000e+03,6.723542469444510061e-07
5.593000000000000000e+03,6.721766681039298419e-07
5.594000000000000000e+03,6.721252816532796714e-07
5.595000000000000000e+03,6.718312874909315724e-07
5.596000000000000000e+03,6.716842335663386621e-07
5.597000000000000000e+03,6.714519145134545397e-07
5.598000000000000000e+03,6.712215849802305456e-07
5.599000000000000000e+03,6.708700084345764481e-07
5.600000000000000000e+03,6.706253543597995304e-07
5.601000000000000000e+03,6.704466386509011500e-07
5.602000000000000000e+03,6.703354529236094095e-07
5.603000000000000000e+03,6.701796451125119347e-07
5.604000000000000000e+03,6.699872301396680996e-07
5.605000000000000000e+03,6.698452921227726620e-07
5.606000000000000000e+03,6.697078447359672282e-07
5.607000000000000000e+03,6.694887701996776741e-07
5.608000000000000000e+03,6.691269049952097703e-07
5.609000000000000000e+03,6.689325005027058069e-07
5.610000000000000000e+03,6.686474876005377155e-07
5.611000000000000000e+03,6.684427376058010850e-07
5.612000000000000000e+03,6.682585080852732062e-07
5.613000000000000000e+03,6.680096475975005887e-07
5.614000000000000000e+03,6.677512374153593555e-07
5.615000000000000000e+03,6.675950317003298551e-07
5.616000000000000000e+03,6.674354722235875670e-07
5.617000000000000000e+03,6.674765700154239312e-07
5.618000000000000000e+03,6.673162147308175918e-07
5.619000000000000000e+03,6.670609877801325638e-07
5.620000000000000000e+03,6.668693117717339192e-07
5.621000000000000000e+03,6.666554668299795594e-07
5.622000000000000000e+03,6.664011493739963043e-07
5.623000000000000000e+03,6.660215490228438284e-07
5.624000000000000000e+03,6.665792398052872159e-07
5.625000000000000000e+03,6.658696634076477494e-07
5.626000000000000000e+03,6.656948130512319040e-07
5.627000000000000000e+03,6.655506012975820340e-07
5.628000000000000000e+03,6.653828563685237896e-07
5.629000000000000000e+03,6.650692512266687118e-07
5.630000000000000000e+03,6.651390549450297840e-07
5.631000000000000000e+03,6.648823500654543750e-07
5.632000000000000000e+03,6.646171186730498448e-07
5.633000000000000000e+03,6.644423251600528602e-07
5.634000000000000000e+03,6.645119015047384892e-07
5.635000000000000000e+03,6.643167012043704744e-07
5.636000000000000000e+03,6.641662935180647764e-07
5.637000000000000000e+03,6.638412060055998154e-07
5.638000000000000000e+03,6.635584099967672955e-07
5.639000000000000000e+03,6.632130862271878868e-07
5.640000000000000000e+03,6.628851565437798854e-07
5.641000000000000000e+03,6.626922868235851638e-07
5.642000000000000000e+03,6.623898229918268044e-07
5.643000000000000000e+03,6.622242381126852706e-07
5.644000000000000000e+03,6.620354042752296664e-07
5.645000000000000000e+03,6.617620442739280406e-07
5.646000000000000000e+03,6.614856147280079313e-07
5.647000000000000000e+03,6.612835363739577588e-07
5.648000000000000000e+03,6.610517857552622445e-07
5.649000000000000000e+03,6.607470481867494527e-07
5.650000000000000000e+03,6.602739972549898084e-07
5.651000000000000000e+03,6.599954076591529883e-07
5.652000000000000000e+03,6.597131232410902157e-07
5.653000000000000000e+03,6.595230388484196737e-07
5.654000000000000000e+03,6.592902650481846649e-07
5.655000000000000000e+03,6.588874157387181185e-07
5.656000000000000000e+03,6.610011951124761254e-07
5.657000000000000000e+03,6.587877123820362613e-07
5.658000000000000000e+03,6.584232892237196211e-07
5.659000000000000000e+03,6.581495313184859697e-07
5.660000000000000000e+03,6.579360274372447748e-07
5.661000000000000000e+03,6.578993065886606928e-07
5.662000000000000000e+03,6.578481475116859656e-07
5.663000000000000000e+03,6.577348585778963752e-07
5.664000000000000000e+03,6.575535849151492584e-07
5.665000000000000000e+03,6.572993243025848642e-07
5.666000000000000000e+03,6.569251240762241650e-07
5.667000000000000000e+03,6.569312631654611323e-07
5.668000000000000000e+03,6.567206014551629778e-07
5.669000000000000000e+03,6.563822694261034485e-07
5.670000000000000000e+03,6.561376153513265308e-07
5.671000000000000000e+03,6.559201892741839401e-07
5.672000000000000000e+03,6.557514211635862011e-07
5.673000000000000000e+03,6.555820846187998541e-07
5.674000000000000000e+03,6.554439551109680906e-07
5.675000000000000000e+03,6.553017328769783489e-07
5.676000000000000000e+03,6.549723821080988273e-07
5.677000000000000000e+03,6.550699254148639739e-07
5.678000000000000000e+03,6.548677333739760797e-07
5.679000000000000000e+03,6.546230792991991621e-07
5.680000000000000000e+03,6.544166240018967073e-07
5.681000000000000000e+03,6.541286552419478539e-07
5.682000000000000000e+03,6.538713250847649761e-07
5.683000000000000000e+03,6.536070031870622188e-07
5.684000000000000000e+03,6.533982741530053318e-07
5.685000000000000000e+03,6.533882697112858295e-07
5.686000000000000000e+03,6.531691951749962755e-07
5.687000000000000000e+03,6.530983114316768479e-07
5.688000000000000000e+03,6.529527922793931793e-07
5.689000000000000000e+03,6.527810114675958175e-07
5.690000000000000000e+03,6.525879143737256527e-07
5.691000000000000000e+03,6.522244575535296462e-07
5.692000000000000000e+03,6.520947408716892824e-07
5.693000000000000000e+03,6.519774728985794354e-07
5.694000000000000000e+03,6.518704935842833947e-07
5.695000000000000000e+03,6.517861379506939556e-07
5.696000000000000000e+03,6.513755579362623394e-07
5.697000000000000000e+03,6.511139645226649009e-07
5.698000000000000000e+03,6.511604624392930418e-07
5.699000000000000000e+03,6.509209811156324577e-07
5.700000000000000000e+03,6.506317049570498057e-07
5.701000000000000000e+03,6.505341048068657983e-07
5.702000000000000000e+03,6.502850169454177376e-07
5.703000000000000000e+03,6.500981726276222616e-07
5.704000000000000000e+03,6.498490279227553401e-07
5.705000000000000000e+03,6.496566129499115050e-07
5.706000000000000000e+03,6.494936428680375684e-07
5.707000000000000000e+03,6.491114277196174953e-07
5.708000000000000000e+03,6.497210733868996613e-07
5.709000000000000000e+03,6.489943871201830916e-07
5.710000000000000000e+03,6.487863402071525343e-07
5.711000000000000000e+03,6.485538506240118295e-07
5.712000000000000000e+03,6.482976573352061678e-07
5.713000000000000000e+03,6.481370746769243851e-07
5.714000000000000000e+03,6.479259582192753442e-07
5.715000000000000000e+03,6.478043133029132150e-07
5.716000000000000000e+03,6.476583962466975208e-07
5.717000000000000000e+03,6.474580800386320334e-07
5.718000000000000000e+03,6.471997266999096610e-07
5.719000000000000000e+03,6.470330049523909111e-07
5.720000000000000000e+03,6.468476954069046769e-07
5.721000000000000000e+03,6.466808031291293446e-07
5.722000000000000000e+03,6.465867272709147073e-07
5.723000000000000000e+03,6.462756800829083659e-07
5.724000000000000000e+03,6.461205543928372208e-07
5.725000000000000000e+03,6.458628263317223173e-07
5.726000000000000000e+03,6.457425456574128475e-07
5.727000000000000000e+03,6.456420464928669389e-07
5.728000000000000000e+03,6.454798722188570537e-07
5.729000000000000000e+03,6.453776677517453209e-07
5.730000000000000000e+03,6.451492708947625943e-07
5.731000000000000000e+03,6.450237037824990693e-07
5.732000000000000000e+03,6.457141807914013043e-07
5.733000000000000000e+03,6.449151896958937868e-07
5.734000000000000000e+03,6.446682618843624368e-07
5.735000000000000000e+03,6.445176268243812956e-07
5.736000000000000000e+03,6.443272013711975887e-07
5.737000000000000000e+03,6.440901074711291585e-07
5.738000000000000000e+03,6.438052650992176495e-07
5.739000000000000000e+03,6.436671355913858861e-07
5.740000000000000000e+03,6.433731982724566478e-07
5.741000000000000000e+03,6.432815666812530253e-07
5.742000000000000000e+03,6.431816359508957248e-07
5.743000000000000000e+03,6.430506118704215623e-07
5.744000000000000000e+03,6.428599590435624123e-07
5.745000000000000000e+03,6.427325160984764807e-07
5.746000000000000000e+03,6.424427283491240814e-07
5.747000000000000000e+03,6.427518428608891554e-07
5.748000000000000000e+03,6.421963121283624787e-07
5.749000000000000000e+03,6.418189286705455743e-07
5.750000000000000000e+03,6.416049131985346321e-07
5.751000000000000000e+03,6.416034352696442511e-07
5.752000000000000000e+03,6.415121447389537934e-07
5.753000000000000000e+03,6.413519599846040364e-07
5.754000000000000000e+03,6.411676167772384360e-07
5.755000000000000000e+03,6.409812272067938466e-07
5.756000000000000000e+03,6.408873218788357917e-07
5.757000000000000000e+03,6.407525461327168159e-07
5.758000000000000000e+03,6.406544912351819221e-07
5.759000000000000000e+03,6.404939085769001395e-07
5.760000000000000000e+03,6.402644316949590575e-07
5.761000000000000000e+03,6.398979621735634282e-07
5.762000000000000000e+03,6.403731163118209224e-07
5.763000000000000000e+03,6.397702918548020534e-07
5.764000000000000000e+03,6.395186460395052563e-07
5.765000000000000000e+03,6.393617013600305654e-07
5.766000000000000000e+03,6.391052238541305996e-07
5.767000000000000000e+03,6.387792268469638657e-07
5.768000000000000000e+03,6.385027404576248955e-07
5.769000000000000000e+03,6.381866342053399421e-07
5.770000000000000000e+03,6.379881938300968613e-07
5.771000000000000000e+03,6.378223815772798844e-07
5.772000000000000000e+03,6.375580028361582663e-07
5.773000000000000000e+03,6.372694656420208048e-07
5.774000000000000000e+03,6.371025733642454725e-07
5.775000000000000000e+03,6.367804417095612735e-07
5.776000000000000000e+03,6.366827847159584053e-07
5.777000000000000000e+03,6.365307854139246047e-07
5.778000000000000000e+03,6.363131319631065708e-07
5.779000000000000000e+03,6.361343025673704688e-07
5.780000000000000000e+03,6.358898190228501335e-07
5.781000000000000000e+03,6.357548727464745753e-07
5.782000000000000000e+03,6.355616619657666888e-07
5.783000000000000000e+03,6.353646426759951282e-07
5.784000000000000000e+03,6.352528885145147797e-07
5.785000000000000000e+03,6.350155672407709062e-07
5.786000000000000000e+03,6.349200134536658879e-07
5.787000000000000000e+03,6.346957093228411395e-07
5.788000000000000000e+03,6.346052146000147332e-07
5.789000000000000000e+03,6.344465646179742180e-07
5.790000000000000000e+03,6.343278755593928508e-07
5.791000000000000000e+03,6.342481810861499980e-07
5.792000000000000000e+03,6.340777645164052956e-07
5.793000000000000000e+03,6.338395337479596492e-07
5.794000000000000000e+03,6.336621822811139282e-07
5.795000000000000000e+03,6.333675059977394994e-07
5.796000000000000000e+03,6.332037401080015115e-07
5.797000000000000000e+03,6.329677830763102975e-07
5.798000000000000000e+03,6.330563451228954364e-07
5.799000000000000000e+03,6.328444328573823441e-07
5.800000000000000000e+03,6.326463335426524282e-07
5.801000000000000000e+03,6.324344781205581967e-07
5.802000000000000000e+03,6.322476338027627207e-07
5.803000000000000000e+03,6.320380521174229216e-07
5.804000000000000000e+03,6.318048804132558871e-07
5.805000000000000000e+03,6.316647613857639953e-07
5.806000000000000000e+03,6.315319751593051478e-07
5.807000000000000000e+03,6.313913445410435088e-07
5.808000000000000000e+03,6.312855589385435451e-07
5.809000000000000000e+03,6.310278308774286415e-07
5.810000000000000000e+03,6.309073228294437286e-07
5.811000000000000000e+03,6.315943892332143150e-07
5.812000000000000000e+03,6.308381443886901252e-07
5.813000000000000000e+03,6.306375439635303337e-07
5.814000000000000000e+03,6.304831003944855183e-07
5.815000000000000000e+03,6.303134227891860064e-07
5.816000000000000000e+03,6.300906534306704998e-07
5.817000000000000000e+03,6.298986363617586903e-07
5.818000000000000000e+03,6.295808816503267735e-07
5.819000000000000000e+03,6.293706178439606447e-07
5.820000000000000000e+03,6.291833756222331431e-07
5.821000000000000000e+03,6.289626526267966256e-07
5.822000000000000000e+03,6.288242389018705580e-07
5.823000000000000000e+03,6.286397820076672360e-07
5.824000000000000000e+03,6.285050062615482602e-07
5.825000000000000000e+03,6.283206630541826598e-07
5.826000000000000000e+03,6.280307616179925390e-07
5.827000000000000000e+03,6.278168598328193184e-07
5.828000000000000000e+03,6.277037982727051713e-07
5.829000000000000000e+03,6.275544706113578286e-07
5.830000000000000000e+03,6.274241286519099958e-07
5.831000000000000000e+03,6.272117616390460171e-07
5.832000000000000000e+03,6.270688004406110849e-07
5.833000000000000000e+03,6.268878678383771330e-07
5.834000000000000000e+03,6.266982381930574775e-07
5.835000000000000000e+03,6.265038905439723749e-07
5.836000000000000000e+03,6.263272780415718444e-07
5.837000000000000000e+03,6.261408316277083941e-07
5.838000000000000000e+03,6.259726319512992632e-07
5.839000000000000000e+03,6.258130724745569751e-07
5.840000000000000000e+03,6.257832296796550509e-07
5.841000000000000000e+03,6.255655762288370170e-07
5.842000000000000000e+03,6.255122002585267182e-07
5.843000000000000000e+03,6.253794140320678707e-07
5.844000000000000000e+03,6.260405029934190679e-07
5.845000000000000000e+03,6.252973321352328639e-07
5.846000000000000000e+03,6.251858621908468194e-07
5.847000000000000000e+03,6.249528610169363674e-07
5.848000000000000000e+03,6.247311148399603553e-07
5.849000000000000000e+03,6.244843575586855877e-07
5.850000000000000000e+03,6.242095764719124418e-07
5.851000000000000000e+03,6.240170478122308850e-07
5.852000000000000000e+03,6.238691980797739234e-07
5.853000000000000000e+03,6.237209504433849361e-07
5.854000000000000000e+03,6.237042384782398585e-07
5.855000000000000000e+03,6.235757155081955716e-07
5.856000000000000000e+03,6.235065939108608291e-07
5.857000000000000000e+03,6.233983640413498506e-07
5.858000000000000000e+03,6.232784812709724065e-07
5.859000000000000000e+03,6.230731628420471679e-07
5.860000000000000000e+03,6.228942766028922051e-07
5.861000000000000000e+03,6.226766799954930320e-07
5.862000000000000000e+03,6.225001811799302232e-07
5.863000000000000000e+03,6.222513206921576057e-07
5.864000000000000000e+03,6.220183195182471536e-07
5.865000000000000000e+03,6.217342729541996960e-07
5.866000000000000000e+03,6.217509280759259127e-07
5.867000000000000000e+03,6.216174028850218747e-07
5.868000000000000000e+03,6.214700078999157995e-07
5.869000000000000000e+03,6.213816163835872430e-07
5.870000000000000000e+03,6.212378593772882596e-07
5.871000000000000000e+03,6.212254675119766034e-07
5.872000000000000000e+03,6.210367473613587208e-07
5.873000000000000000e+03,6.209206731000449508e-07
5.874000000000000000e+03,6.208089757819834631e-07
5.875000000000000000e+03,6.206676630426954944e-07
5.876000000000000000e+03,6.203804900906106923e-07
5.877000000000000000e+03,6.205061140462930780e-07
5.878000000000000000e+03,6.202600957294635009e-07
5.879000000000000000e+03,6.201080964274297003e-07
5.880000000000000000e+03,6.200081088536535390e-07
5.881000000000000000e+03,6.198890787345590070e-07
5.882000000000000000e+03,6.196502226885058917e-07
5.883000000000000000e+03,6.195065225256257690e-07
5.884000000000000000e+03,6.192315140651771799e-07
5.885000000000000000e+03,6.190942372086283285e-07
5.886000000000000000e+03,6.189249575072608422e-07
5.887000000000000000e+03,6.187985377437144052e-07
5.888000000000000000e+03,6.187110557220876217e-07
5.889000000000000000e+03,6.185067604747018777e-07
5.890000000000000000e+03,6.183465188769332599e-07
5.891000000000000000e+03,6.181082881084876135e-07
5.892000000000000000e+03,6.181711569297476672e-07
5.893000000000000000e+03,6.180088689689000603e-07
5.894000000000000000e+03,6.178873377393756527e-07
5.895000000000000000e+03,6.176843498906237073e-07
5.896000000000000000e+03,6.175077373882231768e-07
5.897000000000000000e+03,6.173368092277087271e-07
5.898000000000000000e+03,6.171979975988506339e-07
5.899000000000000000e+03,6.170348001433012541e-07
5.900000000000000000e+03,6.169030370983819012e-07
5.901000000000000000e+03,6.167342689877841622e-07
5.902000000000000000e+03,6.165323043205717113e-07
5.903000000000000000e+03,6.163829198158055078e-07
5.904000000000000000e+03,6.162211434457276482e-07
5.905000000000000000e+03,6.160477141747833230e-07
5.906000000000000000e+03,6.158971359582210425e-07
5.907000000000000000e+03,6.157785605864773970e-07
5.908000000000000000e+03,6.155308369670819957e-07
5.909000000000000000e+03,6.153600793368241284e-07
5.910000000000000000e+03,6.152035325612814631e-07
5.911000000000000000e+03,6.149833780000335537e-07
5.912000000000000000e+03,6.148901547931018285e-07
5.913000000000000000e+03,6.147008662082953379e-07
5.914000000000000000e+03,6.144348390080267563e-07
5.915000000000000000e+03,6.145438078419829253e-07
5.916000000000000000e+03,6.142710162748699076e-07
5.917000000000000000e+03,6.139925403658708092e-07
5.918000000000000000e+03,6.137711920928268228e-07
5.919000000000000000e+03,6.137336185929598287e-07
5.920000000000000000e+03,6.134804948487726506e-07
5.921000000000000000e+03,6.134187628958898131e-07
5.922000000000000000e+03,6.132835892458388116e-07
5.923000000000000000e+03,6.131864438430056907e-07
5.924000000000000000e+03,6.130324550213117618e-07
5.925000000000000000e+03,6.128593099674617406e-07
5.926000000000000000e+03,6.127491474217094947e-07
5.927000000000000000e+03,6.126762741587299388e-07
5.928000000000000000e+03,6.124611786617606413e-07
5.929000000000000000e+03,6.123437970018130727e-07
5.930000000000000000e+03,6.122161835264705587e-07
5.931000000000000000e+03,6.120894795458298177e-07
5.932000000000000000e+03,6.118762598816829268e-07
5.933000000000000000e+03,6.117006705608218908e-07
5.934000000000000000e+03,6.115136557127698325e-07
5.935000000000000000e+03,6.112722417128679808e-07
5.936000000000000000e+03,6.110486197030695621e-07
5.937000000000000000e+03,6.108335810495191254e-07
5.938000000000000000e+03,6.106882324274920393e-07
5.939000000000000000e+03,6.105775582909700461e-07
5.940000000000000000e+03,6.105093461883370765e-07
5.941000000000000000e+03,6.104317549215920735e-07
5.942000000000000000e+03,6.103535952206584625e-07
5.943000000000000000e+03,6.102400789131934289e-07
5.944000000000000000e+03,6.101487883825029712e-07
5.945000000000000000e+03,6.100345331105927471e-07
5.946000000000000000e+03,6.099231768530444242e-07
5.947000000000000000e+03,6.096991000958951190e-07
5.948000000000000000e+03,6.095411322348809335e-07
5.949000000000000000e+03,6.092331545914930757e-07
5.950000000000000000e+03,6.090845658945909236e-07
5.951000000000000000e+03,6.089399562370090280e-07
5.952000000000000000e+03,6.086377197789261118e-07
5.953000000000000000e+03,6.082876780055812560e-07
5.954000000000000000e+03,6.081332912799553014e-07
5.955000000000000000e+03,6.079368972677912097e-07
5.956000000000000000e+03,6.077593184272700455e-07
5.957000000000000000e+03,6.075889587009442039e-07
5.958000000000000000e+03,6.072223186492919922e-07
5.959000000000000000e+03,6.070519020795472898e-07
5.960000000000000000e+03,6.067153890398913063e-07
5.961000000000000000e+03,6.065375828256946988e-07
5.962000000000000000e+03,6.062942361495515797e-07
5.963000000000000000e+03,6.059452175577462185e-07
5.964000000000000000e+03,6.057911150492145680e-07
5.965000000000000000e+03,6.055239509805687703e-07
5.966000000000000000e+03,6.054076493455795571e-07
5.967000000000000000e+03,6.052642333997937385e-07
5.968000000000000000e+03,6.050341880836640485e-07
5.969000000000000000e+03,6.049320404599711765e-07
5.970000000000000000e+03,6.046892622180166654e-07
5.971000000000000000e+03,6.045564759915578179e-07
5.972000000000000000e+03,6.044083988854254130e-07
5.973000000000000000e+03,6.041575488779926673e-07
5.974000000000000000e+03,6.062884949642466381e-07
5.975000000000000000e+03,6.040816629138134886e-07
5.976000000000000000e+03,6.039094273546652403e-07
5.977000000000000000e+03,6.037438424755237065e-07
5.978000000000000000e+03,6.035848514329700265e-07
5.979000000000000000e+03,6.033787940395995975e-07
5.980000000000000000e+03,6.032748842699220404e-07
5.981000000000000000e+03,6.030992381056421436e-07
5.982000000000000000e+03,6.030327881489938591e-07
5.983000000000000000e+03,6.029667360962776002e-07
5.984000000000000000e+03,6.028001280355965719e-07
5.985000000000000000e+03,6.026089067745488137e-07
5.986000000000000000e+03,6.023850005476560909e-07
5.987000000000000000e+03,6.020205205459205899e-07
5.988000000000000000e+03,6.018316298650461249e-07
5.989000000000000000e+03,6.016018119225918781e-07
5.990000000000000000e+03,6.014324753778055310e-07
5.991000000000000000e+03,6.012360813656414393e-07
5.992000000000000000e+03,6.009752837599080522e-07
5.993000000000000000e+03,6.008779678268183488e-07
5.994000000000000000e+03,6.005907380313146859e-07
5.995000000000000000e+03,6.004820534144528210e-07
5.996000000000000000e+03,6.003477324156847317e-07
5.997000000000000000e+03,6.001138785904913675e-07
5.998000000000000000e+03,6.003059525028220378e-07
5.999000000000000000e+03,6.000121857141493820e-07
6.000000000000000000e+03,5.998054461997526232e-07
6.001000000000000000e+03,5.996106438033166341e-07
6.002000000000000000e+03,5.994478442516992800e-07
6.003000000000000000e+03,5.992416163280722685e-07
6.004000000000000000e+03,5.992769160911848303e-07
6.005000000000000000e+03,5.991451530462654773e-07
6.006000000000000000e+03,5.989786586724221706e-07
6.007000000000000000e+03,5.988802627143741120e-07
6.008000000000000000e+03,5.987398594697879162e-07
6.009000000000000000e+03,5.985201028124720324e-07
6.010000000000000000e+03,5.984833819638879504e-07
6.011000000000000000e+03,5.981571007396269124e-07
6.012000000000000000e+03,5.980543846817454323e-07
6.013000000000000000e+03,5.979340471640171017e-07
6.014000000000000000e+03,5.978107537885080092e-07
6.015000000000000000e+03,5.976282295705459546e-07
6.016000000000000000e+03,5.974757755211612675e-07
6.017000000000000000e+03,5.973671477477182634e-07
6.018000000000000000e+03,5.970495635665429290e-07
6.019000000000000000e+03,5.968591949567780830e-07
6.020000000000000000e+03,5.966197704765363596e-07
6.021000000000000000e+03,5.966505227661400568e-07
6.022000000000000000e+03,5.965016498521436006e-07
6.023000000000000000e+03,5.963847797829657793e-07
6.024000000000000000e+03,5.961769602436106652e-07
6.025000000000000000e+03,5.960385465186845977e-07
6.026000000000000000e+03,5.958490305602026638e-07
6.027000000000000000e+03,5.958331712463404983e-07
6.028000000000000000e+03,5.956908353255130351e-07
6.029000000000000000e+03,5.956087534286780283e-07
6.030000000000000000e+03,5.954536277386068832e-07
6.031000000000000000e+03,5.953422146376396995e-07
6.032000000000000000e+03,5.951802108938863967e-07
6.033000000000000000e+03,5.950794275122461841e-07
6.034000000000000000e+03,5.949264618720917497e-07
6.035000000000000000e+03,5.947976546849531587e-07
6.036000000000000000e+03,5.946625947217398789e-07
6.037000000000000000e+03,5.944514782640908379e-07
6.038000000000000000e+03,5.943200562796846498e-07
6.039000000000000000e+03,5.941844278822827619e-07
6.040000000000000000e+03,5.940662504144711420e-07
6.041000000000000000e+03,5.938800313742831349e-07
6.042000000000000000e+03,5.937376386100368109e-07
6.043000000000000000e+03,5.935311264693154953e-07
6.044000000000000000e+03,5.933207489761116449e-07
6.045000000000000000e+03,5.931641453571501188e-07
6.046000000000000000e+03,5.929587132413871586e-07
6.047000000000000000e+03,5.927452093601459637e-07
6.048000000000000000e+03,5.924744641561119352e-07
6.049000000000000000e+03,5.922725563323183451e-07
6.050000000000000000e+03,5.921268098063592333e-07
6.051000000000000000e+03,5.919645786889304873e-07
6.052000000000000000e+03,5.917817134104552679e-07
6.053000000000000000e+03,5.915398446632025298e-07
6.054000000000000000e+03,5.914209850743645802e-07
6.055000000000000000e+03,5.913092309128842317e-07
6.056000000000000000e+03,5.912050369261123706e-07
6.057000000000000000e+03,5.910908384976210073e-07
6.058000000000000000e+03,5.909353717470366973e-07
6.059000000000000000e+03,5.907991180720273405e-07
6.060000000000000000e+03,5.906589990445354488e-07
6.061000000000000000e+03,5.905076818635279778e-07
6.062000000000000000e+03,5.903579562982486095e-07
6.063000000000000000e+03,5.901201802771538496e-07
6.064000000000000000e+03,5.900944302084099036e-07
6.065000000000000000e+03,5.898348263144725934e-07
6.066000000000000000e+03,5.897417167943785898e-07
6.067000000000000000e+03,5.895304298064729664e-07
6.068000000000000000e+03,5.893008960811130237e-07
6.069000000000000000e+03,5.890489660487219226e-07
6.070000000000000000e+03,5.888797431907732971e-07
6.071000000000000000e+03,5.887130782866734080e-07
6.072000000000000000e+03,5.885277118977683131e-07
6.073000000000000000e+03,5.883129006178933196e-07
6.074000000000000000e+03,5.879342666048614774e-07
6.075000000000000000e+03,5.878902129552443512e-07
6.076000000000000000e+03,5.877189437342167366e-07
6.077000000000000000e+03,5.876200930288177915e-07
6.078000000000000000e+03,5.874699695596063975e-07
6.079000000000000000e+03,5.872755082236835733e-07
6.080000000000000000e+03,5.870630275239818729e-07
6.081000000000000000e+03,5.868964763067197055e-07
6.082000000000000000e+03,5.868155312782619148e-07
6.083000000000000000e+03,5.866353944838920143e-07
6.084000000000000000e+03,5.864397394361731131e-07
6.085000000000000000e+03,5.861101044501992874e-07
6.086000000000000000e+03,5.858300937688909471e-07
6.087000000000000000e+03,5.856294365003122948e-07
6.088000000000000000e+03,5.854060987076081801e-07
6.089000000000000000e+03,5.851817377333645709e-07
6.090000000000000000e+03,5.849874469276983291e-07
6.091000000000000000e+03,5.848750674886105116e-07
6.092000000000000000e+03,5.846646331519878004e-07
6.093000000000000000e+03,5.849182684869447257e-07
6.094000000000000000e+03,5.845262762704805937e-07
6.095000000000000000e+03,5.843369308422552422e-07
6.096000000000000000e+03,5.841853294441534672e-07
6.097000000000000000e+03,5.839454502165608574e-07
6.098000000000000000e+03,5.837729872837371659e-07
6.099000000000000000e+03,5.835033221046614926e-07
6.100000000000000000e+03,5.832555984852660913e-07
6.101000000000000000e+03,5.831170710735023022e-07
6.102000000000000000e+03,5.829007818647369277e-07
6.103000000000000000e+03,5.827087647958251182e-07
6.104000000000000000e+03,5.825560265293461271e-07
6.105000000000000000e+03,5.823566766594012734e-07
6.106000000000000000e+03,5.821761988045182079e-07
6.107000000000000000e+03,5.819682087349065114e-07
6.108000000000000000e+03,5.818416752845223527e-07
6.109000000000000000e+03,5.817472015223756898e-07
6.110000000000000000e+03,5.815821850774227642e-07
6.111000000000000000e+03,5.813684538225061260e-07
6.112000000000000000e+03,5.810915695292351302e-07
6.113000000000000000e+03,5.809113758914463688e-07
6.114000000000000000e+03,5.806469403069058899e-07
6.115000000000000000e+03,5.804722036373277660e-07
6.116000000000000000e+03,5.803628937428584322e-07
6.117000000000000000e+03,5.802408509225642774e-07
6.118000000000000000e+03,5.799300311082333792e-07
6.119000000000000000e+03,5.795754987047985196e-07
6.120000000000000000e+03,5.792827550976653583e-07
6.121000000000000000e+03,5.790658974547113758e-07
6.122000000000000000e+03,5.789325996374827810e-07
6.123000000000000000e+03,5.787601935480779503e-07
6.124000000000000000e+03,5.785031476079893764e-07
6.125000000000000000e+03,5.783334131592710037e-07
6.126000000000000000e+03,5.781024015050206799e-07
6.127000000000000000e+03,5.779950811302114744e-07
6.128000000000000000e+03,5.778196054961881600e-07
6.129000000000000000e+03,5.775909812655299902e-07
6.130000000000000000e+03,5.773634370598301757e-07
6.131000000000000000e+03,5.772345730292727239e-07
6.132000000000000000e+03,5.770122584181081038e-07
6.133000000000000000e+03,5.768613959844515193e-07
6.134000000000000000e+03,5.766620461145066656e-07
6.135000000000000000e+03,5.764669595009763725e-07
6.136000000000000000e+03,5.763187118645873852e-07
6.137000000000000000e+03,5.762488513028074522e-07
6.138000000000000000e+03,5.760774115515232552e-07
6.139000000000000000e+03,5.760056183135020547e-07
6.140000000000000000e+03,5.759005716754472815e-07
6.141000000000000000e+03,5.757237886427901685e-07
6.142000000000000000e+03,5.754677658842410892e-07
6.143000000000000000e+03,5.753469736191618722e-07
6.144000000000000000e+03,5.752127663072315045e-07
6.145000000000000000e+03,5.750712830376869533e-07
6.146000000000000000e+03,5.749316756009648088e-07
6.147000000000000000e+03,5.751192020397866145e-07
6.148000000000000000e+03,5.748162266172585078e-07
6.149000000000000000e+03,5.746271085627085995e-07
6.150000000000000000e+03,5.744785198658064473e-07
6.151000000000000000e+03,5.743414135395141784e-07
6.152000000000000000e+03,5.741311497331480496e-07
6.153000000000000000e+03,5.738499453400436323e-07
6.154000000000000000e+03,5.736721391258470248e-07
6.155000000000000000e+03,5.733879220315429848e-07
6.156000000000000000e+03,5.733064085688965861e-07
6.157000000000000000e+03,5.731459964408713859e-07
6.158000000000000000e+03,5.729483518734923564e-07
6.159000000000000000e+03,5.727958409806888085e-07
6.160000000000000000e+03,5.727114285036805086e-07
6.161000000000000000e+03,5.726389531446329784e-07
6.162000000000000000e+03,5.725228220399003476e-07
6.163000000000000000e+03,5.722131390939466655e-07
6.164000000000000000e+03,5.718472380067396443e-07
6.165000000000000000e+03,5.716747750739159528e-07
6.166000000000000000e+03,5.714117037314281333e-07
6.167000000000000000e+03,5.713486075364926364e-07
6.168000000000000000e+03,5.712584538741793949e-07
6.169000000000000000e+03,5.710854225071670953e-07
6.170000000000000000e+03,5.709058541469858028e-07
6.171000000000000000e+03,5.706620527234917972e-07
6.172000000000000000e+03,5.704536079065292142e-07
6.173000000000000000e+03,5.702517000827356242e-07
6.174000000000000000e+03,5.701246550415817183e-07
6.175000000000000000e+03,5.699038752027263399e-07
6.176000000000000000e+03,5.697546612282167189e-07
6.177000000000000000e+03,5.695842446584720165e-07
6.178000000000000000e+03,5.693003117812622804e-07
6.179000000000000000e+03,5.694142259926593397e-07
6.180000000000000000e+03,5.691756541637005284e-07
6.181000000000000000e+03,5.690235411748290062e-07
6.182000000000000000e+03,5.688419832949875854e-07
6.183000000000000000e+03,5.685880068995174952e-07
6.184000000000000000e+03,5.686316058017837349e-07
6.185000000000000000e+03,5.683785957444342785e-07
6.186000000000000000e+03,5.680734034285706002e-07
6.187000000000000000e+03,5.678843990608584136e-07
6.188000000000000000e+03,5.677609351550927386e-07
6.189000000000000000e+03,5.675331635757174809e-07
6.190000000000000000e+03,5.671944336427259259e-07
6.191000000000000000e+03,5.676331511494936422e-07
6.192000000000000000e+03,5.670254950018716045e-07
6.193000000000000000e+03,5.667966433975379914e-07
6.194000000000000000e+03,5.666170181939378381e-07
6.195000000000000000e+03,5.665237381435872521e-07
6.196000000000000000e+03,5.663359274876711424e-07
6.197000000000000000e+03,5.661655677613453008e-07
6.198000000000000000e+03,5.659653652401175350e-07
6.199000000000000000e+03,5.658343980030622333e-07
6.200000000000000000e+03,5.656681878463132307e-07
6.201000000000000000e+03,5.656539769915980287e-07
6.202000000000000000e+03,5.654686106026929338e-07
6.203000000000000000e+03,5.653910193359479308e-07
6.204000000000000000e+03,5.652759114127547946e-07
6.205000000000000000e+03,5.651349965773988515e-07
6.206000000000000000e+03,5.649022796205827035e-07
6.207000000000000000e+03,5.647896728078194428e-07
6.208000000000000000e+03,5.646423915095510893e-07
6.209000000000000000e+03,5.645530336551018991e-07
6.210000000000000000e+03,5.643993290505022742e-07
6.211000000000000000e+03,5.641938969347393140e-07
6.212000000000000000e+03,5.640384301841550041e-07
6.213000000000000000e+03,5.639082019115448929e-07
6.214000000000000000e+03,5.638115112560626585e-07
6.215000000000000000e+03,5.637260755975148641e-07
6.216000000000000000e+03,5.636073865389334969e-07
6.217000000000000000e+03,5.634820468003454152e-07
6.218000000000000000e+03,5.633808655147731770e-07
6.219000000000000000e+03,5.631912358694535214e-07
6.220000000000000000e+03,5.630045052384957671e-07
6.221000000000000000e+03,5.628104418065049686e-07
6.222000000000000000e+03,5.626579309137014206e-07
6.223000000000000000e+03,5.625368544315278996e-07
6.224000000000000000e+03,5.623825813927396666e-07
6.225000000000000000e+03,5.621308787340240087e-07
6.226000000000000000e+03,5.619668854706105776e-07
6.227000000000000000e+03,5.618274485641450156e-07
6.228000000000000000e+03,5.616272460429172497e-07
6.229000000000000000e+03,5.614535893982974812e-07
6.230000000000000000e+03,5.613111397906322964e-07
6.231000000000000000e+03,5.610179982795671094e-07
6.232000000000000000e+03,5.609311415355477948e-07
6.233000000000000000e+03,5.607640218840970192e-07
6.234000000000000000e+03,5.605847377410100307e-07
6.235000000000000000e+03,5.603824320132844150e-07
6.236000000000000000e+03,5.602846044894249644e-07
6.237000000000000000e+03,5.601500561169814318e-07
6.238000000000000000e+03,5.599693508884229232e-07
6.239000000000000000e+03,5.598017764896212611e-07
6.240000000000000000e+03,5.596124879048147704e-07
6.241000000000000000e+03,5.594259278041135985e-07
6.242000000000000000e+03,5.592183356384339277e-07
6.243000000000000000e+03,5.589922125182056334e-07
6.244000000000000000e+03,5.590326850324345287e-07
6.245000000000000000e+03,5.588535145761852618e-07
6.246000000000000000e+03,5.586746283370302990e-07
6.247000000000000000e+03,5.585141593655862380e-07
6.248000000000000000e+03,5.583037250289635267e-07
6.249000000000000000e+03,5.584189466389943846e-07
6.250000000000000000e+03,5.581987920777464751e-07
6.251000000000000000e+03,5.580276365435565822e-07
6.252000000000000000e+03,5.579048547588172369e-07
6.253000000000000000e+03,5.577593924499524292e-07
6.254000000000000000e+03,5.575222985498839989e-07
6.255000000000000000e+03,5.572017585109279025e-07
6.256000000000000000e+03,5.574737542701768689e-07
6.257000000000000000e+03,5.570354915107600391e-07
6.258000000000000000e+03,5.567442826759361196e-07
6.259000000000000000e+03,5.565804030993604101e-07
6.260000000000000000e+03,5.563827016885625198e-07
6.261000000000000000e+03,5.561842613133194391e-07
6.262000000000000000e+03,5.559772944252472371e-07
6.263000000000000000e+03,5.558128464144829195e-07
6.264000000000000000e+03,5.556066753342747688e-07
6.265000000000000000e+03,5.553970368055161089e-07
6.266000000000000000e+03,5.549998718379356433e-07
6.267000000000000000e+03,5.551832487071806099e-07
6.268000000000000000e+03,5.548698140955821145e-07
6.269000000000000000e+03,5.546871193473634776e-07
6.270000000000000000e+03,5.543809606933791656e-07
6.271000000000000000e+03,5.541589302993088495e-07
6.272000000000000000e+03,5.539558856071380433e-07
6.273000000000000000e+03,5.538321943276969250e-07
6.274000000000000000e+03,5.537156653190322686e-07
6.275000000000000000e+03,5.535940204026701394e-07
6.276000000000000000e+03,5.532972409127978608e-07
6.277000000000000000e+03,5.529441864382533822e-07
6.278000000000000000e+03,5.532574505195952952e-07
6.279000000000000000e+03,5.527776920644100755e-07
6.280000000000000000e+03,5.526326845028961543e-07
6.281000000000000000e+03,5.525128017325187102e-07
6.282000000000000000e+03,5.524508424059604295e-07
6.283000000000000000e+03,5.522302330973616336e-07
6.284000000000000000e+03,5.520765853361808695e-07
6.285000000000000000e+03,5.518461421161191538e-07
6.286000000000000000e+03,5.517173349289805628e-07
6.287000000000000000e+03,5.515579459824948572e-07
6.288000000000000000e+03,5.514973508979892358e-07
6.289000000000000000e+03,5.513606993190478534e-07
6.290000000000000000e+03,5.511656127055175602e-07
6.291000000000000000e+03,5.510125333785254043e-07
6.292000000000000000e+03,5.509548373083816841e-07
6.293000000000000000e+03,5.507756100087135565e-07
6.294000000000000000e+03,5.506951197276066523e-07
6.295000000000000000e+03,5.505820013240736444e-07
6.296000000000000000e+03,5.504246018972480670e-07
6.297000000000000000e+03,5.501987629941140767e-07
6.298000000000000000e+03,5.502986937244713772e-07
6.299000000000000000e+03,5.501289592757530045e-07
6.300000000000000000e+03,5.500251631929131690e-07
6.301000000000000000e+03,5.499068720382638276e-07
6.302000000000000000e+03,5.498288260241679382e-07
6.303000000000000000e+03,5.498338282450276893e-07
6.304000000000000000e+03,5.497284405464597512e-07
6.305000000000000000e+03,5.496131052495911717e-07
6.306000000000000000e+03,5.494832748809130862e-07
6.307000000000000000e+03,5.493814114743145183e-07
6.308000000000000000e+03,5.493996582117688376e-07
6.309000000000000000e+03,5.492919967764464673e-07
6.310000000000000000e+03,5.491298225024365820e-07
6.311000000000000000e+03,5.489007435244275257e-07
6.312000000000000000e+03,5.486871827997674700e-07
6.313000000000000000e+03,5.484509983944008127e-07
6.314000000000000000e+03,5.482444294102606364e-07
6.315000000000000000e+03,5.479711830957967322e-07
6.316000000000000000e+03,5.478787556967290584e-07
6.317000000000000000e+03,5.477082254401466344e-07
6.318000000000000000e+03,5.475129114529408980e-07
6.319000000000000000e+03,5.475016564560064580e-07
6.320000000000000000e+03,5.472177235787967220e-07
6.321000000000000000e+03,5.471444524118851405e-07
6.322000000000000000e+03,5.469476036523701623e-07
6.323000000000000000e+03,5.467034043249441311e-07
6.324000000000000000e+03,5.467498453981534112e-07
6.325000000000000000e+03,5.465913659463694785e-07
6.326000000000000000e+03,5.464640366881212685e-07
6.327000000000000000e+03,5.463730303745251149e-07
6.328000000000000000e+03,5.462310355142108165e-07
6.329000000000000000e+03,5.459751832859183196e-07
6.330000000000000000e+03,5.459193062051781453e-07
6.331000000000000000e+03,5.455201517179375514e-07
6.332000000000000000e+03,5.453926519294327591e-07
6.333000000000000000e+03,5.451761353469919413e-07
6.334000000000000000e+03,5.449215336739143822e-07
6.335000000000000000e+03,5.448964657261967659e-07
6.336000000000000000e+03,5.447416242532199249e-07
6.337000000000000000e+03,5.444681505650805775e-07
6.338000000000000000e+03,5.443739041766093578e-07
6.339000000000000000e+03,5.442299197966349311e-07
6.340000000000000000e+03,5.440661539068969432e-07
6.341000000000000000e+03,5.438636776489147451e-07
6.342000000000000000e+03,5.436517085399827920e-07
6.343000000000000000e+03,5.435081789073592518e-07
6.344000000000000000e+03,5.434020522443461232e-07
6.345000000000000000e+03,5.433096248452784494e-07
6.346000000000000000e+03,5.431758154372801073e-07
6.347000000000000000e+03,5.429997713690681849e-07
6.348000000000000000e+03,5.429155862657353282e-07
6.349000000000000000e+03,5.427704081739648245e-07
6.350000000000000000e+03,5.429620841823634692e-07
6.351000000000000000e+03,5.427108362709986977e-07
6.352000000000000000e+03,5.425936819847265724e-07
6.353000000000000000e+03,5.424566325018531643e-07
6.354000000000000000e+03,5.422520530373731162e-07
6.355000000000000000e+03,5.419744866230757907e-07
6.356000000000000000e+03,5.421180730991181917e-07
6.357000000000000000e+03,5.418611408458673395e-07
6.358000000000000000e+03,5.416171688921167515e-07
6.359000000000000000e+03,5.414582915364007931e-07
6.360000000000000000e+03,5.413332928583258763e-07
6.361000000000000000e+03,5.411598635873815510e-07
6.362000000000000000e+03,5.413115786723210476e-07
6.363000000000000000e+03,5.410819312601233833e-07
6.364000000000000000e+03,5.408780907600885257e-07
6.365000000000000000e+03,5.407388243838795461e-07
6.366000000000000000e+03,5.406305945143685676e-07
6.367000000000000000e+03,5.404996841207321268e-07
6.368000000000000000e+03,5.404193643698818050e-07
6.369000000000000000e+03,5.402563942880078685e-07
6.370000000000000000e+03,5.400397640187293291e-07
6.371000000000000000e+03,5.408846845966763794e-07
6.372000000000000000e+03,5.399520546234271023e-07
6.373000000000000000e+03,5.397700988396536559e-07
6.374000000000000000e+03,5.396780693445180077e-07
6.375000000000000000e+03,5.394829258875688538e-07
6.376000000000000000e+03,5.392518573898996692e-07
6.377000000000000000e+03,5.393273454501468223e-07
6.378000000000000000e+03,5.391527793108252808e-07
6.379000000000000000e+03,5.389800321609072853e-07
6.380000000000000000e+03,5.388511112869309727e-07
6.381000000000000000e+03,5.387501573750341777e-07
6.382000000000000000e+03,5.386053771871956997e-07
6.383000000000000000e+03,5.384779910855286289e-07
6.384000000000000000e+03,5.382250947150168940e-07
6.385000000000000000e+03,5.380967422752291895e-07
6.386000000000000000e+03,5.379514504966209643e-07
6.387000000000000000e+03,5.377576144383056089e-07
6.388000000000000000e+03,5.374987495088134892e-07
6.389000000000000000e+03,5.373668727770564146e-07
6.390000000000000000e+03,5.372387477109441534e-07
6.391000000000000000e+03,5.370956159822526388e-07
6.392000000000000000e+03,5.369519158193725161e-07
6.393000000000000000e+03,5.366525783756515011e-07
6.394000000000000000e+03,5.367439257497608196e-07
6.395000000000000000e+03,5.365068886931112502e-07
6.396000000000000000e+03,5.363875175135035533e-07
6.397000000000000000e+03,5.362653041629528161e-07
6.398000000000000000e+03,5.361935109249316156e-07
6.399000000000000000e+03,5.359574402064026799e-07
6.400000000000000000e+03,5.359061105991713703e-07
6.401000000000000000e+03,5.355028633857727982e-07
6.402000000000000000e+03,5.353539904717763420e-07
6.403000000000000000e+03,5.351829486244241707e-07
6.404000000000000000e+03,5.350764809008978773e-07
6.405000000000000000e+03,5.348734930521459319e-07
6.406000000000000000e+03,5.346418561202881392e-07
6.407000000000000000e+03,5.345199269868317060e-07
6.408000000000000000e+03,5.343548536984599195e-07
6.409000000000000000e+03,5.351085405891353730e-07
6.410000000000000000e+03,5.342540703168197069e-07
6.411000000000000000e+03,5.340373832041223068e-07
6.412000000000000000e+03,5.338595201465068385e-07
6.413000000000000000e+03,5.337021207196812611e-07
6.414000000000000000e+03,5.335905939318763558e-07
6.415000000000000000e+03,5.334421757652307861e-07
6.416000000000000000e+03,5.333998842615983449e-07
6.417000000000000000e+03,5.332520345291413832e-07
6.418000000000000000e+03,5.330551289262075443e-07
6.419000000000000000e+03,5.329843588697258383e-07
6.420000000000000000e+03,5.327274834598938469e-07
6.421000000000000000e+03,5.326531891114427708e-07
6.422000000000000000e+03,5.325500183062104043e-07
6.423000000000000000e+03,5.324721428223710973e-07
6.424000000000000000e+03,5.323445293470285833e-07
6.425000000000000000e+03,5.322340257407631725e-07
6.426000000000000000e+03,5.321393246049410664e-07
6.427000000000000000e+03,5.319745923770824447e-07
6.428000000000000000e+03,5.318212288329959847e-07
6.429000000000000000e+03,5.316620672601857223e-07
6.430000000000000000e+03,5.315251883075688966e-07
6.431000000000000000e+03,5.313232236403564457e-07
6.432000000000000000e+03,5.311042059474857524e-07
6.433000000000000000e+03,5.309447601575811859e-07
6.434000000000000000e+03,5.309053676683106460e-07
6.435000000000000000e+03,5.308413619786733761e-07
6.436000000000000000e+03,5.306955586092954036e-07
6.437000000000000000e+03,5.304881369738723151e-07
6.438000000000000000e+03,5.303792818267538678e-07
6.439000000000000000e+03,5.302433123688388150e-07
6.440000000000000000e+03,5.301644137034600135e-07
6.441000000000000000e+03,5.300133238961279858e-07
6.442000000000000000e+03,5.297928282743669115e-07
6.443000000000000000e+03,5.299478402776003350e-07
6.444000000000000000e+03,5.296674316923599690e-07
6.445000000000000000e+03,5.295339633448747918e-07
6.446000000000000000e+03,5.294663196764304303e-07
6.447000000000000000e+03,5.293456979416077957e-07
6.448000000000000000e+03,5.291817046781943645e-07
6.449000000000000000e+03,5.290266926749609411e-07
6.450000000000000000e+03,5.288543434289749712e-07
6.451000000000000000e+03,5.287559474709269125e-07
6.452000000000000000e+03,5.285573365654272493e-07
6.453000000000000000e+03,5.282387292027124204e-07
6.454000000000000000e+03,5.278716912471281830e-07
6.455000000000000000e+03,5.276118599795154296e-07
6.456000000000000000e+03,5.274180239212000743e-07
6.457000000000000000e+03,5.272888756735483184e-07
6.458000000000000000e+03,5.271296572573191952e-07
6.459000000000000000e+03,5.273914212011732161e-07
6.460000000000000000e+03,5.270505312182649504e-07
6.461000000000000000e+03,5.268720997264608741e-07
6.462000000000000000e+03,5.267650067253271118e-07
6.463000000000000000e+03,5.266173843665455934e-07
6.464000000000000000e+03,5.264680567051982507e-07
6.465000000000000000e+03,5.263050297799054533e-07
6.466000000000000000e+03,5.262039621811709367e-07
6.467000000000000000e+03,5.260595798972644843e-07
6.468000000000000000e+03,5.259823865344515070e-07
6.469000000000000000e+03,5.258115152173559181e-07
6.470000000000000000e+03,5.256374606688041240e-07
6.471000000000000000e+03,5.254762527329148725e-07
6.472000000000000000e+03,5.253056087894947268e-07
6.473000000000000000e+03,5.250752224128518719e-07
6.474000000000000000e+03,5.251935704109200742e-07
6.475000000000000000e+03,5.249860919320781250e-07
6.476000000000000000e+03,5.248608090369089041e-07
6.477000000000000000e+03,5.247110266282106750e-07
6.478000000000000000e+03,5.246146770332416054e-07
6.479000000000000000e+03,5.246495788924221415e-07
6.480000000000000000e+03,5.245550482868566178e-07
6.481000000000000000e+03,5.244952490102150477e-07
6.482000000000000000e+03,5.244352792033168953e-07
6.483000000000000000e+03,5.243284704192774370e-07
6.484000000000000000e+03,5.247674721431394573e-07
6.485000000000000000e+03,5.242899874247086700e-07
6.486000000000000000e+03,5.240859763944172300e-07
6.487000000000000000e+03,5.239376719146093819e-07
6.488000000000000000e+03,5.237629352450312581e-07
6.489000000000000000e+03,5.235837647887819912e-07
6.490000000000000000e+03,5.233971478446619585e-07
6.491000000000000000e+03,5.232770945440279320e-07
6.492000000000000000e+03,5.230742772255325690e-07
6.493000000000000000e+03,5.229550197327625938e-07
6.494000000000000000e+03,5.228716872807126492e-07
6.495000000000000000e+03,5.226665393820439931e-07
6.496000000000000000e+03,5.228559416536882054e-07
6.497000000000000000e+03,5.225500103733793367e-07
6.498000000000000000e+03,5.223730568104656413e-07
6.499000000000000000e+03,5.222586310082988348e-07
6.500000000000000000e+03,5.220674097472510766e-07
6.501000000000000000e+03,5.221272658673115075e-07
6.502000000000000000e+03,5.219703780312556773e-07
6.503000000000000000e+03,5.218150818109279498e-07
6.504000000000000000e+03,5.216771796767716296e-07
6.505000000000000000e+03,5.214611178416816983e-07
6.506000000000000000e+03,5.213146323512773961e-07
6.507000000000000000e+03,5.211444431552081369e-07
6.508000000000000000e+03,5.210683866607723758e-07
6.509000000000000000e+03,5.209699338593054563e-07
6.510000000000000000e+03,5.208279958424100187e-07
6.511000000000000000e+03,5.205311595091188792e-07
6.512000000000000000e+03,5.202481361266109161e-07
6.513000000000000000e+03,5.200092800805578008e-07
6.514000000000000000e+03,5.198849635235092137e-07
6.515000000000000000e+03,5.197425139158440288e-07
6.516000000000000000e+03,5.196046686251065694e-07
6.517000000000000000e+03,5.194311825107433833e-07
6.518000000000000000e+03,5.192439402890158817e-07
6.519000000000000000e+03,5.191338914301013574e-07
6.520000000000000000e+03,5.190581759961787611e-07
6.521000000000000000e+03,5.188846898818155751e-07
6.522000000000000000e+03,5.186664679968089331e-07
6.523000000000000000e+03,5.194574441702570766e-07
6.524000000000000000e+03,5.185647751204669476e-07
6.525000000000000000e+03,5.183350140214315616e-07
6.526000000000000000e+03,5.181272513254953083e-07
6.527000000000000000e+03,5.178110313863726333e-07
6.528000000000000000e+03,5.177129196454188786e-07
6.529000000000000000e+03,5.174214834369195160e-07
6.530000000000000000e+03,5.172871055947325658e-07
6.531000000000000000e+03,5.171450538909994066e-07
6.532000000000000000e+03,5.170164740775362588e-07
6.533000000000000000e+03,5.168974439584417269e-07
6.534000000000000000e+03,5.167821086615731474e-07
6.535000000000000000e+03,5.166304504200525116e-07
6.536000000000000000e+03,5.165886136637709569e-07
6.537000000000000000e+03,5.164720278116874397e-07
6.538000000000000000e+03,5.163976197763986420e-07
6.539000000000000000e+03,5.163219043424760457e-07
6.540000000000000000e+03,5.161750777915585786e-07
6.541000000000000000e+03,5.166982077753345948e-07
6.542000000000000000e+03,5.161268745723646134e-07
6.543000000000000000e+03,5.159408829058520496e-07
6.544000000000000000e+03,5.157916689313424286e-07
6.545000000000000000e+03,5.156424549568328075e-07
6.546000000000000000e+03,5.154607265467348043e-07
6.547000000000000000e+03,5.150743049853190314e-07
6.548000000000000000e+03,5.153397069079801440e-07
6.549000000000000000e+03,5.149195771991799120e-07
6.550000000000000000e+03,5.146238208908471279e-07
6.551000000000000000e+03,5.145011527929455042e-07
6.552000000000000000e+03,5.143773478266666643e-07
6.553000000000000000e+03,5.142084091858123429e-07
6.554000000000000000e+03,5.140873327036388218e-07
6.555000000000000000e+03,5.139907557349943090e-07
6.556000000000000000e+03,5.138802521287288982e-07
6.557000000000000000e+03,5.137298444424232002e-07
6.558000000000000000e+03,5.135284482093993574e-07
6.559000000000000000e+03,5.133851459504512604e-07
6.560000000000000000e+03,5.132786782269249670e-07
6.561000000000000000e+03,5.131255420565139502e-07
6.562000000000000000e+03,5.129526243763393722e-07
6.563000000000000000e+03,5.128400175635761116e-07
6.564000000000000000e+03,5.126694873069936875e-07
6.565000000000000000e+03,5.125626216795353685e-07
6.566000000000000000e+03,5.124261974742694292e-07
6.567000000000000000e+03,5.122989819028589409e-07
6.568000000000000000e+03,5.120604100739001296e-07
6.569000000000000000e+03,5.118303079143515788e-07
6.570000000000000000e+03,5.116322085996216629e-07
6.571000000000000000e+03,5.114936811878578737e-07
6.572000000000000000e+03,5.114046075505029876e-07
6.573000000000000000e+03,5.112993335387727711e-07
6.574000000000000000e+03,5.112007670504681300e-07
6.575000000000000000e+03,5.110972551847225986e-07
6.576000000000000000e+03,5.109749849907530006e-07
6.577000000000000000e+03,5.108493041916517541e-07
6.578000000000000000e+03,5.107004312776552979e-07
6.579000000000000000e+03,5.105929972160083707e-07
6.580000000000000000e+03,5.104648721498961095e-07
6.581000000000000000e+03,5.100963562654214911e-07
6.582000000000000000e+03,5.099578288536577020e-07
6.583000000000000000e+03,5.098178235130035318e-07
6.584000000000000000e+03,5.097302846479578875e-07
6.585000000000000000e+03,5.094843800179660320e-07
6.586000000000000000e+03,5.092572337161982432e-07
6.587000000000000000e+03,5.091387151878734585e-07
6.588000000000000000e+03,5.090424792797421105e-07
6.589000000000000000e+03,5.089808610136969946e-07
6.590000000000000000e+03,5.088184025225928053e-07
6.591000000000000000e+03,5.089639785182953347e-07
6.592000000000000000e+03,5.087543399895366747e-07
6.593000000000000000e+03,5.086280339128279593e-07
6.594000000000000000e+03,5.085188945486152079e-07
6.595000000000000000e+03,5.084086751594441012e-07
6.596000000000000000e+03,5.082377469989296515e-07
6.597000000000000000e+03,5.083786049908667337e-07
6.598000000000000000e+03,5.081624863123579416e-07
6.599000000000000000e+03,5.080249252387147862e-07
6.600000000000000000e+03,5.079251650386140682e-07
6.601000000000000000e+03,5.077746436654706486e-07
6.602000000000000000e+03,5.076062166153860744e-07
6.603000000000000000e+03,5.074470550425758120e-07
6.604000000000000000e+03,5.072988074061868247e-07
6.605000000000000000e+03,5.071825626146164723e-07
6.606000000000000000e+03,5.071271971246460453e-07
6.607000000000000000e+03,5.069973667559679598e-07
6.608000000000000000e+03,5.067967094873893075e-07
6.609000000000000000e+03,5.066138442089140881e-07
6.610000000000000000e+03,5.064404717813886236e-07
6.611000000000000000e+03,5.063109824732237030e-07
6.612000000000000000e+03,5.060563808001461439e-07
6.613000000000000000e+03,5.069430812909558881e-07
6.614000000000000000e+03,5.059845875621249434e-07
6.615000000000000000e+03,5.058525971435301472e-07
6.616000000000000000e+03,5.057311796008434612e-07
6.617000000000000000e+03,5.056514282841817476e-07
6.618000000000000000e+03,5.054976668361632619e-07
6.619000000000000000e+03,5.054588996245001908e-07
6.620000000000000000e+03,5.052190203969075810e-07
6.621000000000000000e+03,5.051376206210989039e-07
6.622000000000000000e+03,5.050221716373926029e-07
6.623000000000000000e+03,5.049384981248294935e-07
6.624000000000000000e+03,5.047714353167975787e-07
6.625000000000000000e+03,5.046735509495192673e-07
6.626000000000000000e+03,5.045979492024343926e-07
6.627000000000000000e+03,5.045156967753428034e-07
6.628000000000000000e+03,5.043336841481504962e-07
6.629000000000000000e+03,5.042300585955672432e-07
6.630000000000000000e+03,5.041762278779060580e-07
6.631000000000000000e+03,5.040404289502475876e-07
6.632000000000000000e+03,5.038592689743381925e-07
6.633000000000000000e+03,5.037377377448137850e-07
6.634000000000000000e+03,5.036092716181883588e-07
6.635000000000000000e+03,5.034926857661048416e-07
6.636000000000000000e+03,5.033878665017255116e-07
6.637000000000000000e+03,5.032396188653365243e-07
6.638000000000000000e+03,5.031503746977250557e-07
6.639000000000000000e+03,5.030828447161184158e-07
6.640000000000000000e+03,5.029894509789301082e-07
6.641000000000000000e+03,5.028719556321448181e-07
6.642000000000000000e+03,5.027130214330099989e-07
6.643000000000000000e+03,5.025852374274109025e-07
6.644000000000000000e+03,5.025125915381067898e-07
6.645000000000000000e+03,5.024041911383392289e-07
6.646000000000000000e+03,5.023275662097148597e-07
6.647000000000000000e+03,5.022089339945523534e-07
6.648000000000000000e+03,5.020762046115123667e-07
6.649000000000000000e+03,5.019302307118778117e-07
6.650000000000000000e+03,5.018433171244396362e-07
6.651000000000000000e+03,5.018277988710906357e-07
6.652000000000000000e+03,5.017749913349689450e-07
6.653000000000000000e+03,5.017431590204068925e-07
6.654000000000000000e+03,5.016358386455976870e-07
6.655000000000000000e+03,5.015293709220713936e-07
6.656000000000000000e+03,5.013541795051423833e-07
6.657000000000000000e+03,5.010869585930777248e-07
6.658000000000000000e+03,5.012468591303331777e-07
6.659000000000000000e+03,5.009834467273321934e-07
6.660000000000000000e+03,5.007976824344950728e-07
6.661000000000000000e+03,5.007028107684163842e-07
6.662000000000000000e+03,5.006253331885091029e-07
6.663000000000000000e+03,5.005377374800445978e-07
6.664000000000000000e+03,5.004192757951386739e-07
6.665000000000000000e+03,5.002985972168971784e-07
6.666000000000000000e+03,5.002250986763101537e-07
6.667000000000000000e+03,5.001131739845732227e-07
6.668000000000000000e+03,4.999403131478175055e-07
6.669000000000000000e+03,4.998322538085631095e-07
6.670000000000000000e+03,4.995663402951322496e-07
6.671000000000000000e+03,4.994861342311196495e-07
6.672000000000000000e+03,4.993716515855339821e-07
6.673000000000000000e+03,4.992553499505447689e-07
6.674000000000000000e+03,4.990874913346488029e-07
6.675000000000000000e+03,4.990010324945615139e-07
6.676000000000000000e+03,4.988685873286158312e-07
6.677000000000000000e+03,4.987749093743332196e-07
6.678000000000000000e+03,4.986582098354119807e-07
6.679000000000000000e+03,4.985413397662341595e-07
6.680000000000000000e+03,4.984619295100856107e-07
6.681000000000000000e+03,4.983468215868924744e-07
6.682000000000000000e+03,4.982895802640996408e-07
6.683000000000000000e+03,4.982049972568347584e-07
6.684000000000000000e+03,4.980754511052509770e-07
6.685000000000000000e+03,4.979426080353732686e-07
6.686000000000000000e+03,4.978463721272419207e-07
6.687000000000000000e+03,4.977375169801234733e-07
6.688000000000000000e+03,4.975951242158771493e-07
6.689000000000000000e+03,4.975516958438674919e-07
6.690000000000000000e+03,4.973662157681246754e-07
6.691000000000000000e+03,4.973127261109766550e-07
6.692000000000000000e+03,4.972351916876505129e-07
6.693000000000000000e+03,4.971488465344009455e-07
6.694000000000000000e+03,4.970368649992451537e-07
6.695000000000000000e+03,4.967116069565236103e-07
6.696000000000000000e+03,4.973255158802203368e-07
6.697000000000000000e+03,4.966478286405617837e-07
6.698000000000000000e+03,4.965552307112375274e-07
6.699000000000000000e+03,4.964488766745489556e-07
6.700000000000000000e+03,4.962938078278966714e-07
6.701000000000000000e+03,4.961341915077355225e-07
6.702000000000000000e+03,4.960038495482876897e-07
6.703000000000000000e+03,4.958836257173970807e-07
6.704000000000000000e+03,4.958086492479196750e-07
6.705000000000000000e+03,4.957305463904049248e-07
6.706000000000000000e+03,4.957270789418544155e-07
6.707000000000000000e+03,4.956538077749428339e-07
6.708000000000000000e+03,4.955345502821728587e-07
6.709000000000000000e+03,4.954686687597131822e-07
6.710000000000000000e+03,4.953611778546473943e-07
6.711000000000000000e+03,4.951641585648758337e-07
6.712000000000000000e+03,4.950454695062944666e-07
6.713000000000000000e+03,4.948399237036937848e-07
6.714000000000000000e+03,4.947199272464786191e-07
6.715000000000000000e+03,4.946332978761347476e-07
6.716000000000000000e+03,4.945323439642379526e-07
6.717000000000000000e+03,4.944991474076232407e-07
6.718000000000000000e+03,4.943429985360126011e-07
6.719000000000000000e+03,4.942685905007238034e-07
6.720000000000000000e+03,4.941718430018227082e-07
6.721000000000000000e+03,4.940546318721317220e-07
6.722000000000000000e+03,4.939870450471062213e-07
6.723000000000000000e+03,4.938027018397406209e-07
6.724000000000000000e+03,4.936446202918887138e-07
6.725000000000000000e+03,4.934869934913876932e-07
6.726000000000000000e+03,4.933718855681945570e-07
6.727000000000000000e+03,4.932315960104460828e-07
6.728000000000000000e+03,4.931185344503319357e-07
6.729000000000000000e+03,4.927915142616257071e-07
6.730000000000000000e+03,4.932248316436016466e-07
6.731000000000000000e+03,4.926881729261367582e-07
6.732000000000000000e+03,4.925479402118071448e-07
6.733000000000000000e+03,4.924167456010763999e-07
6.734000000000000000e+03,4.922538323626213241e-07
6.735000000000000000e+03,4.921533900414942764e-07
6.736000000000000000e+03,4.918982199342281092e-07
6.737000000000000000e+03,4.917877731713815592e-07
6.738000000000000000e+03,4.916381044495210517e-07
6.739000000000000000e+03,4.915148110740119591e-07
6.740000000000000000e+03,4.913302973363897763e-07
6.741000000000000000e+03,4.911843802801740821e-07
6.742000000000000000e+03,4.910426127935352270e-07
6.743000000000000000e+03,4.908900450573128182e-07
6.744000000000000000e+03,4.908948199044971261e-07
6.745000000000000000e+03,4.907503239337529521e-07
6.746000000000000000e+03,4.905871264782035723e-07
6.747000000000000000e+03,4.904445063402818050e-07
6.748000000000000000e+03,4.902773866888310295e-07
6.749000000000000000e+03,4.903247372567420825e-07
6.750000000000000000e+03,4.901762622466776520e-07
6.751000000000000000e+03,4.900820158582064323e-07
6.752000000000000000e+03,4.900260819340473972e-07
6.753000000000000000e+03,4.898956262877618428e-07
6.754000000000000000e+03,4.898735710412438493e-07
6.755000000000000000e+03,4.896177756563702133e-07
6.756000000000000000e+03,4.895573511021211743e-07
6.757000000000000000e+03,4.894733933724637609e-07
6.758000000000000000e+03,4.893551590612332802e-07
6.759000000000000000e+03,4.894639573649328668e-07
6.760000000000000000e+03,4.892531819677969906e-07
6.761000000000000000e+03,4.891413141194789205e-07
6.762000000000000000e+03,4.890579816674289759e-07
6.763000000000000000e+03,4.889339493274746928e-07
6.764000000000000000e+03,4.890059130957524758e-07
6.765000000000000000e+03,4.888368607680604327e-07
6.766000000000000000e+03,4.886903752776561305e-07
6.767000000000000000e+03,4.885328053205739707e-07
6.768000000000000000e+03,4.883885367235052399e-07
6.769000000000000000e+03,4.882786583948472980e-07
6.770000000000000000e+03,4.881561039837833960e-07
6.771000000000000000e+03,4.880619144387310371e-07
6.772000000000000000e+03,4.879229891230352223e-07
6.773000000000000000e+03,4.878822323917120229e-07
6.774000000000000000e+03,4.877762762589554768e-07
6.775000000000000000e+03,4.876855541624536272e-07
6.776000000000000000e+03,4.876262096331629436e-07
6.777000000000000000e+03,4.875345211985404603e-07
6.778000000000000000e+03,4.880028541265346576e-07
6.779000000000000000e+03,4.874698333878768608e-07
6.780000000000000000e+03,4.872794079346931539e-07
6.781000000000000000e+03,4.871645273851754609e-07
6.782000000000000000e+03,4.870121301792096347e-07
6.783000000000000000e+03,4.868635983257263433e-07
6.784000000000000000e+03,4.866843710260582156e-07
6.785000000000000000e+03,4.865890446126286406e-07
6.786000000000000000e+03,4.865333949055639096e-07
6.787000000000000000e+03,4.864017455474822782e-07
6.788000000000000000e+03,4.863738922722404823e-07
6.789000000000000000e+03,4.862212676925992128e-07
6.790000000000000000e+03,4.861487354901328217e-07
6.791000000000000000e+03,4.860474973611417226e-07
6.792000000000000000e+03,4.859388695876987185e-07
6.793000000000000000e+03,4.859313094129902311e-07
6.794000000000000000e+03,4.858525244344491512e-07
6.795000000000000000e+03,4.857292310589400586e-07
6.796000000000000000e+03,4.856457280766335316e-07
6.797000000000000000e+03,4.855649535784323234e-07
6.798000000000000000e+03,4.853813493355119135e-07
6.799000000000000000e+03,4.854724693359457888e-07
6.800000000000000000e+03,4.852968231716658920e-07
6.801000000000000000e+03,4.851631274505052716e-07
6.802000000000000000e+03,4.850776917919574771e-07
6.803000000000000000e+03,4.849716788157820702e-07
6.804000000000000000e+03,4.848781713917560410e-07
6.805000000000000000e+03,4.847798322771268431e-07
6.806000000000000000e+03,4.847002514907217119e-07
6.807000000000000000e+03,4.846183401241432875e-07
6.808000000000000000e+03,4.845664989261422306e-07
6.809000000000000000e+03,4.844743557441688608e-07
6.810000000000000000e+03,4.843632837037148420e-07
6.811000000000000000e+03,4.842536327487323433e-07
6.812000000000000000e+03,4.842451062359032221e-07
6.813000000000000000e+03,4.841964482693583705e-07
6.814000000000000000e+03,4.840957785745558795e-07
6.815000000000000000e+03,4.840214842261048034e-07
6.816000000000000000e+03,4.839278062718221918e-07
6.817000000000000000e+03,4.838145173380326014e-07
6.818000000000000000e+03,4.838408926843840163e-07
6.819000000000000000e+03,4.837554001824173611e-07
6.820000000000000000e+03,4.836552989218034782e-07
6.821000000000000000e+03,4.835466711483604740e-07
6.822000000000000000e+03,4.834675451093062293e-07
6.823000000000000000e+03,4.834512310480931774e-07
6.824000000000000000e+03,4.832780859942431562e-07
6.825000000000000000e+03,4.832011768485244829e-07
6.826000000000000000e+03,4.831073852074041497e-07
6.827000000000000000e+03,4.830268949262972455e-07
6.828000000000000000e+03,4.828435180570522789e-07
6.829000000000000000e+03,4.826960093851084821e-07
6.830000000000000000e+03,4.824660209123976529e-07
6.831000000000000000e+03,4.823771178052993491e-07
6.832000000000000000e+03,4.822246069124958012e-07
6.833000000000000000e+03,4.824055395147297531e-07
6.834000000000000000e+03,4.821817469746747520e-07
6.835000000000000000e+03,4.820852268494491000e-07
6.836000000000000000e+03,4.819122523258556612e-07
6.837000000000000000e+03,4.819050332116603386e-07
6.838000000000000000e+03,4.818118668481474742e-07
6.839000000000000000e+03,4.816989189748710487e-07
6.840000000000000000e+03,4.815102556676720269e-07
6.841000000000000000e+03,4.813791179003601428e-07
6.842000000000000000e+03,4.811752774003252853e-07
6.843000000000000000e+03,4.814147018805670086e-07
6.844000000000000000e+03,4.811063263332471251e-07
6.845000000000000000e+03,4.810249265574384481e-07
6.846000000000000000e+03,4.809185725207498763e-07
6.847000000000000000e+03,4.807383788829611149e-07
6.848000000000000000e+03,4.805994535672653001e-07
6.849000000000000000e+03,4.804798550139821600e-07
6.850000000000000000e+03,4.803363253813586198e-07
6.851000000000000000e+03,4.802743660548003390e-07
6.852000000000000000e+03,4.801646582563989796e-07
6.853000000000000000e+03,4.799809971700597089e-07
6.854000000000000000e+03,4.803791853191796690e-07
6.855000000000000000e+03,4.799022121915186290e-07
6.856000000000000000e+03,4.797646511178754736e-07
6.857000000000000000e+03,4.796693815478647593e-07
6.858000000000000000e+03,4.795363111043116078e-07
6.859000000000000000e+03,4.794182473233377095e-07
6.860000000000000000e+03,4.791865535480610561e-07
6.861000000000000000e+03,4.790321099790162407e-07
6.862000000000000000e+03,4.788906267094716895e-07
6.863000000000000000e+03,4.787301577380276285e-07
6.864000000000000000e+03,4.785716782862436958e-07
6.865000000000000000e+03,4.784793077305948827e-07
6.866000000000000000e+03,4.783656777362921275e-07
6.867000000000000000e+03,4.782967266692139674e-07
6.868000000000000000e+03,4.781996949532185681e-07
6.869000000000000000e+03,4.780074505106313154e-07
6.870000000000000000e+03,4.786914473697834183e-07
6.871000000000000000e+03,4.779254823006340303e-07
6.872000000000000000e+03,4.777687649948347826e-07
6.873000000000000000e+03,4.776256332661432680e-07
6.874000000000000000e+03,4.774685748998308554e-07
6.875000000000000000e+03,4.772947477249545045e-07
6.876000000000000000e+03,4.776908326675766148e-07
6.877000000000000000e+03,4.772293209498457145e-07
6.878000000000000000e+03,4.771267185788019560e-07
6.879000000000000000e+03,4.770441819346160628e-07
6.880000000000000000e+03,4.769650558955618180e-07
6.881000000000000000e+03,4.768304506796994247e-07
6.882000000000000000e+03,4.768802455146214925e-07
6.883000000000000000e+03,4.767674113281827886e-07
6.884000000000000000e+03,4.766621088947431417e-07
6.885000000000000000e+03,4.765921346461254871e-07
6.886000000000000000e+03,4.764776804222492501e-07
6.887000000000000000e+03,4.763011816066864412e-07
6.888000000000000000e+03,4.760867966524529038e-07
6.889000000000000000e+03,4.759096441375731956e-07
6.890000000000000000e+03,4.757815474931703648e-07
6.891000000000000000e+03,4.756396094762749271e-07
6.892000000000000000e+03,4.755252120958175510e-07
6.893000000000000000e+03,4.753250664180086460e-07
6.894000000000000000e+03,4.751455549012462143e-07
6.895000000000000000e+03,4.750683899601426674e-07
6.896000000000000000e+03,4.749744277887657518e-07
6.897000000000000000e+03,4.748593198655726155e-07
6.898000000000000000e+03,4.747330137888639001e-07
6.899000000000000000e+03,4.746966624225024134e-07
6.900000000000000000e+03,4.746173374314821558e-07
6.901000000000000000e+03,4.744979946735838894e-07
6.902000000000000000e+03,4.744388206745497882e-07
6.903000000000000000e+03,4.742835528759314911e-07
6.904000000000000000e+03,4.741398527130513685e-07
6.905000000000000000e+03,4.738455174901901046e-07
6.906000000000000000e+03,4.737432561796595110e-07
6.907000000000000000e+03,4.735864820304414025e-07
6.908000000000000000e+03,4.734755520985345356e-07
6.909000000000000000e+03,4.734376943815732375e-07
6.910000000000000000e+03,4.733293224035151070e-07
6.911000000000000000e+03,4.732408172003488289e-07
6.912000000000000000e+03,4.731184901629603701e-07
6.913000000000000000e+03,4.730052864942990709e-07
6.914000000000000000e+03,4.728456133307190612e-07
6.915000000000000000e+03,4.728955218524788506e-07
6.916000000000000000e+03,4.727714610908151371e-07
6.917000000000000000e+03,4.726522604414640227e-07
6.918000000000000000e+03,4.725311839592905017e-07
6.919000000000000000e+03,4.724003304090729216e-07
6.920000000000000000e+03,4.722432151993416483e-07
6.921000000000000000e+03,4.725891074031096650e-07
6.922000000000000000e+03,4.721376001270982670e-07
6.923000000000000000e+03,4.719755679616355337e-07
6.924000000000000000e+03,4.718412185411580140e-07
6.925000000000000000e+03,4.716779073987709126e-07
6.926000000000000000e+03,4.715307682090497110e-07
6.927000000000000000e+03,4.715162447155307746e-07
6.928000000000000000e+03,4.714350154699786799e-07
6.929000000000000000e+03,4.713149337476352230e-07
6.930000000000000000e+03,4.712412078333727550e-07
6.931000000000000000e+03,4.711161238901695469e-07
6.932000000000000000e+03,4.709022221049963264e-07
6.933000000000000000e+03,4.711842223059647949e-07
6.934000000000000000e+03,4.708088852112268796e-07
6.935000000000000000e+03,4.706658955910825171e-07
6.936000000000000000e+03,4.705969729457137873e-07
6.937000000000000000e+03,4.704860145920974901e-07
6.938000000000000000e+03,4.703790068560920190e-07
6.939000000000000000e+03,4.702808382717194036e-07
6.940000000000000000e+03,4.701927309724851511e-07
6.941000000000000000e+03,4.701419129560235888e-07
6.942000000000000000e+03,4.700502245214011054e-07
6.943000000000000000e+03,4.699081159742490854e-07
6.944000000000000000e+03,4.696946120930078905e-07
6.945000000000000000e+03,4.696218240951566258e-07
6.946000000000000000e+03,4.694379924785607727e-07
6.947000000000000000e+03,4.693104074249276891e-07
6.948000000000000000e+03,4.692230390901386272e-07
6.949000000000000000e+03,4.690265313911368139e-07
6.950000000000000000e+03,4.689306365435186308e-07
6.951000000000000000e+03,4.687437353823042940e-07
6.952000000000000000e+03,4.686785928242898080e-07
6.953000000000000000e+03,4.685867622811201727e-07
6.954000000000000000e+03,4.684546581756876549e-07
6.955000000000000000e+03,4.683606675826013088e-07
6.956000000000000000e+03,4.681737664213869721e-07
6.957000000000000000e+03,4.683163581375993090e-07
6.958000000000000000e+03,4.681259326844156021e-07
6.959000000000000000e+03,4.680655365518759936e-07
6.960000000000000000e+03,4.677943081787816482e-07
6.961000000000000000e+03,4.676356866184505634e-07
6.962000000000000000e+03,4.674572835483559174e-07
6.963000000000000000e+03,4.673600244586850749e-07
6.964000000000000000e+03,4.671854298976541031e-07
6.965000000000000000e+03,4.673085243211971829e-07
6.966000000000000000e+03,4.671013869028683985e-07
6.967000000000000000e+03,4.670001487738772994e-07
6.968000000000000000e+03,4.668991095968522131e-07
6.969000000000000000e+03,4.667934092594805406e-07
6.970000000000000000e+03,4.665822643801220693e-07
6.971000000000000000e+03,4.669469433338235831e-07
6.972000000000000000e+03,4.665045025831204839e-07
6.973000000000000000e+03,4.663621098188741598e-07
6.974000000000000000e+03,4.662443018332851352e-07
6.975000000000000000e+03,4.661775676595425466e-07
6.976000000000000000e+03,4.660846570914145559e-07
6.977000000000000000e+03,4.659309524868149310e-07
6.978000000000000000e+03,4.657322563161869766e-07
6.979000000000000000e+03,4.661364130242873216e-07
6.980000000000000000e+03,4.656270107261661906e-07
6.981000000000000000e+03,4.654952192595374072e-07
6.982000000000000000e+03,4.654153258343285415e-07
6.983000000000000000e+03,4.653082328331947792e-07
6.984000000000000000e+03,4.651372762509708991e-07
6.985000000000000000e+03,4.650350149404403055e-07
6.986000000000000000e+03,4.649232039355410961e-07
6.987000000000000000e+03,4.648579192689794581e-07
6.988000000000000000e+03,4.647691866921377368e-07
6.989000000000000000e+03,4.645730768970679492e-07
6.990000000000000000e+03,4.647976652449870016e-07
6.991000000000000000e+03,4.644839464162942022e-07
6.992000000000000000e+03,4.643768534151604399e-07
6.993000000000000000e+03,4.642770079499314306e-07
6.994000000000000000e+03,4.640667725652747322e-07
6.995000000000000000e+03,4.638582424831838580e-07
6.996000000000000000e+03,4.637028041543089785e-07
6.997000000000000000e+03,4.636175390260177664e-07
6.998000000000000000e+03,4.635401182895293459e-07
6.999000000000000000e+03,4.634231345335138030e-07
7.000000000000000000e+03,4.631758656614692882e-07
7.001000000000000000e+03,4.631833974144683452e-07
7.002000000000000000e+03,4.630650494164001429e-07
7.003000000000000000e+03,4.629557395219308091e-07
7.004000000000000000e+03,4.628477654478047043e-07
7.005000000000000000e+03,4.629064278560690582e-07
7.006000000000000000e+03,4.627997043371578911e-07
7.007000000000000000e+03,4.627409850854746765e-07
7.008000000000000000e+03,4.625230189958529081e-07
7.009000000000000000e+03,4.623118741164944367e-07
7.010000000000000000e+03,4.621570042218081653e-07
7.011000000000000000e+03,4.619899129920668202e-07
7.012000000000000000e+03,4.618838431724725524e-07
7.013000000000000000e+03,4.617940589923819061e-07
7.014000000000000000e+03,4.616976809757034061e-07
7.015000000000000000e+03,4.615923501205543289e-07
7.016000000000000000e+03,4.614844044681376545e-07
7.017000000000000000e+03,4.613716271251178114e-07
7.018000000000000000e+03,4.612521706803818233e-07
7.019000000000000000e+03,4.611781321273156209e-07
7.020000000000000000e+03,4.609367749708326301e-07
7.021000000000000000e+03,4.607604751072358340e-07
7.022000000000000000e+03,4.605913090927060694e-07
7.023000000000000000e+03,4.605117283063009381e-07
7.024000000000000000e+03,4.604085859227780020e-07
7.025000000000000000e+03,4.602881062965025194e-07
7.026000000000000000e+03,4.601552632266248111e-07
7.027000000000000000e+03,4.599346823397354456e-07
7.028000000000000000e+03,4.600515239872038364e-07
7.029000000000000000e+03,4.598233829256059835e-07
7.030000000000000000e+03,4.597423526320199016e-07
7.031000000000000000e+03,4.596568601300532464e-07
7.032000000000000000e+03,4.595461859935312532e-07
7.033000000000000000e+03,4.594765528054267634e-07
7.034000000000000000e+03,4.592770608269347576e-07
7.035000000000000000e+03,4.592022264660045039e-07
7.036000000000000000e+03,4.591305753365304554e-07
7.037000000000000000e+03,4.590416722294321517e-07
7.038000000000000000e+03,4.588981141750991810e-07
7.039000000000000000e+03,4.587271291711658705e-07
7.040000000000000000e+03,4.585955366565030999e-07
7.041000000000000000e+03,4.584659905049193185e-07
7.042000000000000000e+03,4.583401675972709199e-07
7.043000000000000000e+03,4.582167605349241057e-07
7.044000000000000000e+03,4.581036421313910978e-07
7.045000000000000000e+03,4.579468679821729893e-07
7.046000000000000000e+03,4.578500920615624636e-07
7.047000000000000000e+03,4.577469212563300971e-07
7.048000000000000000e+03,4.576831997837871313e-07
7.049000000000000000e+03,4.575585137445159489e-07
7.050000000000000000e+03,4.573534226892661536e-07
7.051000000000000000e+03,4.571613771986449137e-07
7.052000000000000000e+03,4.569742486637551337e-07
7.053000000000000000e+03,4.568674114580062451e-07
7.054000000000000000e+03,4.567596079141367227e-07
7.055000000000000000e+03,4.566427378449589014e-07
7.056000000000000000e+03,4.563881930153002031e-07
7.057000000000000000e+03,4.563661377687822096e-07
7.058000000000000000e+03,4.561414925774442963e-07
7.059000000000000000e+03,4.560542663512023864e-07
7.060000000000000000e+03,4.559256012726109475e-07
7.061000000000000000e+03,4.558001194254757138e-07
7.062000000000000000e+03,4.557020076845219592e-07
7.063000000000000000e+03,4.556151225187932141e-07
7.064000000000000000e+03,4.555697046271234285e-07
7.065000000000000000e+03,4.554759698294219561e-07
7.066000000000000000e+03,4.552695997972477926e-07
7.067000000000000000e+03,4.554149199975654483e-07
7.068000000000000000e+03,4.551705785615922650e-07
7.069000000000000000e+03,4.550644234768697061e-07
7.070000000000000000e+03,4.549822847366158385e-07
7.071000000000000000e+03,4.549315235635731369e-07
7.072000000000000000e+03,4.548859919850656297e-07
7.073000000000000000e+03,4.547455318970605731e-07
7.074000000000000000e+03,4.546593856957770186e-07
7.075000000000000000e+03,4.544845353393611731e-07
7.076000000000000000e+03,4.543599345652182819e-07
7.077000000000000000e+03,4.541526550383423455e-07
7.078000000000000000e+03,4.540361828730965499e-07
7.079000000000000000e+03,4.538727580438717268e-07
7.080000000000000000e+03,4.537506868018681416e-07
7.081000000000000000e+03,4.536398705567989964e-07
7.082000000000000000e+03,4.535075390776910353e-07
7.083000000000000000e+03,4.533928859018487856e-07
7.084000000000000000e+03,4.532848549843038199e-07
7.085000000000000000e+03,4.531463275725400308e-07
7.086000000000000000e+03,4.530571402483474230e-07
7.087000000000000000e+03,4.529434249889163766e-07
7.088000000000000000e+03,4.528092176769860089e-07
7.089000000000000000e+03,4.526490897660551127e-07
7.090000000000000000e+03,4.525293491042248206e-07
7.091000000000000000e+03,4.523506049736170098e-07
7.092000000000000000e+03,4.522024710240657441e-07
7.093000000000000000e+03,4.520571224020386580e-07
7.094000000000000000e+03,4.518281286891578929e-07
7.095000000000000000e+03,4.517552554261783371e-07
7.096000000000000000e+03,4.515699174589826725e-07
7.097000000000000000e+03,4.513754845447692787e-07
7.098000000000000000e+03,4.511672102580632782e-07
7.099000000000000000e+03,4.509340953973151045e-07
7.100000000000000000e+03,4.507734558956144610e-07
7.101000000000000000e+03,4.505974118274025386e-07
7.102000000000000000e+03,4.504826733864319976e-07
7.103000000000000000e+03,4.503381489939783933e-07
7.104000000000000000e+03,4.501416412949765800e-07
7.105000000000000000e+03,4.498460270951909479e-07
7.106000000000000000e+03,4.501491730479756370e-07
7.107000000000000000e+03,4.496857854974223301e-07
7.108000000000000000e+03,4.495643111113167834e-07
7.109000000000000000e+03,4.494535801313759293e-07
7.110000000000000000e+03,4.493333278787758900e-07
7.111000000000000000e+03,4.490966034609300550e-07
7.112000000000000000e+03,4.491893434988014633e-07
7.113000000000000000e+03,4.489804723561974242e-07
7.114000000000000000e+03,4.487683042952994583e-07
7.115000000000000000e+03,4.485999340886337450e-07
7.116000000000000000e+03,4.484550970573764062e-07
7.117000000000000000e+03,4.482888584789179731e-07
7.118000000000000000e+03,4.481792075239354745e-07
7.119000000000000000e+03,4.480517930005589733e-07
7.120000000000000000e+03,4.479809661006584065e-07
7.121000000000000000e+03,4.479419999370293226e-07
7.122000000000000000e+03,4.478153812215168728e-07
7.123000000000000000e+03,4.477945481085043866e-07
7.124000000000000000e+03,4.476891888316458790e-07
7.125000000000000000e+03,4.475101036405249033e-07
7.126000000000000000e+03,4.473710077945725061e-07
7.127000000000000000e+03,4.473435808449721662e-07
7.128000000000000000e+03,4.472540808819758240e-07
7.129000000000000000e+03,4.471953047868737485e-07
7.130000000000000000e+03,4.471014278806251241e-07
7.131000000000000000e+03,4.470349210805579787e-07
7.132000000000000000e+03,4.468683130198769504e-07
7.133000000000000000e+03,4.468705583349219523e-07
7.134000000000000000e+03,4.467428311727417167e-07
7.135000000000000000e+03,4.465604206416173838e-07
7.136000000000000000e+03,4.464299365736223990e-07
7.137000000000000000e+03,4.463093716822186252e-07
7.138000000000000000e+03,4.461763012386654736e-07
7.139000000000000000e+03,4.460039519926795037e-07
7.140000000000000000e+03,4.460064246813999489e-07
7.141000000000000000e+03,4.458894125036749756e-07
7.142000000000000000e+03,4.457973830085393274e-07
7.143000000000000000e+03,4.457010334135702578e-07
7.144000000000000000e+03,4.455665134628361557e-07
7.145000000000000000e+03,4.454242912288464140e-07
7.146000000000000000e+03,4.452928976661496563e-07
7.147000000000000000e+03,4.451999018328933744e-07
7.148000000000000000e+03,4.450861297300434671e-07
7.149000000000000000e+03,4.450311905657144962e-07
7.150000000000000000e+03,4.448580455118644750e-07
7.151000000000000000e+03,4.447977062227437273e-07
7.152000000000000000e+03,4.447382764283247525e-07
7.153000000000000000e+03,4.446113450740085682e-07
7.154000000000000000e+03,4.446320645001833327e-07
7.155000000000000000e+03,4.445314516487997025e-07
7.156000000000000000e+03,4.443773491402680520e-07
7.157000000000000000e+03,4.443045611424167873e-07
7.158000000000000000e+03,4.442242413915664656e-07
7.159000000000000000e+03,4.441507996943983017e-07
7.160000000000000000e+03,4.440081227130576735e-07
7.161000000000000000e+03,4.439065151018439792e-07
7.162000000000000000e+03,4.437828522441122914e-07
7.163000000000000000e+03,4.436383846950775478e-07
7.164000000000000000e+03,4.434148763721168507e-07
7.165000000000000000e+03,4.432949651800299762e-07
7.166000000000000000e+03,4.431251454661833122e-07
7.167000000000000000e+03,4.430029889590514358e-07
7.168000000000000000e+03,4.428572140113828937e-07
7.169000000000000000e+03,4.427114390637143515e-07
7.170000000000000000e+03,4.425818076470022788e-07
7.171000000000000000e+03,4.424821042903204216e-07
7.172000000000000000e+03,4.423727375524322269e-07
7.173000000000000000e+03,4.422017241267894860e-07
7.174000000000000000e+03,4.420305117491807323e-07
7.175000000000000000e+03,4.419452181991800899e-07
7.176000000000000000e+03,4.418334356159903109e-07
7.177000000000000000e+03,4.417017578361992491e-07
7.178000000000000000e+03,4.415843761762516806e-07
7.179000000000000000e+03,4.414977468059078092e-07
7.180000000000000000e+03,4.413954570736677852e-07
7.181000000000000000e+03,4.413068381836637855e-07
7.182000000000000000e+03,4.412450778090715175e-07
7.183000000000000000e+03,4.411174927554384340e-07
7.184000000000000000e+03,4.410522080888767960e-07
7.185000000000000000e+03,4.409843086250475608e-07
7.186000000000000000e+03,4.409253619996889029e-07
7.187000000000000000e+03,4.408867084748635534e-07
7.188000000000000000e+03,4.407681615248293383e-07
7.189000000000000000e+03,4.407744995660323184e-07
7.190000000000000000e+03,4.407050084864749806e-07
7.191000000000000000e+03,4.406206244311761111e-07
7.192000000000000000e+03,4.405528386541845975e-07
7.193000000000000000e+03,4.404271862767927814e-07
7.194000000000000000e+03,4.402966169436695054e-07
7.195000000000000000e+03,4.406207381180138327e-07
7.196000000000000000e+03,4.402347428822395159e-07
7.197000000000000000e+03,4.400777982027648250e-07
7.198000000000000000e+03,4.399755937356530922e-07
7.199000000000000000e+03,4.399119006848195568e-07
7.200000000000000000e+03,4.398223154566949233e-07
7.201000000000000000e+03,4.396614485813188367e-07
7.202000000000000000e+03,4.398440864861186128e-07
7.203000000000000000e+03,4.395996313633077079e-07
7.204000000000000000e+03,4.394465236146061216e-07
7.205000000000000000e+03,4.393467349927959731e-07
7.206000000000000000e+03,4.392595940316823544e-07
7.207000000000000000e+03,4.391496020161866909e-07
7.208000000000000000e+03,4.390352046357293148e-07
7.209000000000000000e+03,4.389204661947587738e-07
7.210000000000000000e+03,4.388085130813124124e-07
7.211000000000000000e+03,4.387355545532045653e-07
7.212000000000000000e+03,4.385707086385082221e-07
7.213000000000000000e+03,4.385254896988044493e-07
7.214000000000000000e+03,4.384288558867410757e-07
7.215000000000000000e+03,4.383610985314589925e-07
7.216000000000000000e+03,4.382569329663965618e-07
7.217000000000000000e+03,4.382452800655300962e-07
7.218000000000000000e+03,4.381919609386386583e-07
7.219000000000000000e+03,4.381202245440363185e-07
7.220000000000000000e+03,4.380405300707934657e-07
7.221000000000000000e+03,4.379514280117291491e-07
7.222000000000000000e+03,4.378685787287395215e-07
7.223000000000000000e+03,4.377291986656928202e-07
7.224000000000000000e+03,4.376240667625097558e-07
7.225000000000000000e+03,4.375383753085770877e-07
7.226000000000000000e+03,4.374172419829847058e-07
7.227000000000000000e+03,4.372713533484784421e-07
7.228000000000000000e+03,4.372122361928632017e-07
7.229000000000000000e+03,4.370531883068906609e-07
7.230000000000000000e+03,4.370231749817321543e-07
7.231000000000000000e+03,4.369459247755003162e-07
7.232000000000000000e+03,4.368404802335135173e-07
7.233000000000000000e+03,4.366762880181340734e-07
7.234000000000000000e+03,4.364756023278459907e-07
7.235000000000000000e+03,4.363034520338260336e-07
7.236000000000000000e+03,4.361886567494366318e-07
7.237000000000000000e+03,4.361062337920884602e-07
7.238000000000000000e+03,4.359923195806914009e-07
7.239000000000000000e+03,4.358765579581813654e-07
7.240000000000000000e+03,4.358203966603468871e-07
7.241000000000000000e+03,4.356635656677099178e-07
7.242000000000000000e+03,4.365701329334115144e-07
7.243000000000000000e+03,4.356300848940009018e-07
7.244000000000000000e+03,4.355455871518643107e-07
7.245000000000000000e+03,4.354798761596612167e-07
7.246000000000000000e+03,4.353959184300038032e-07
7.247000000000000000e+03,4.353293263648083666e-07
7.248000000000000000e+03,4.352651501449145144e-07
7.249000000000000000e+03,4.351902305188559694e-07
7.250000000000000000e+03,4.351401798885490280e-07
7.251000000000000000e+03,4.350416418219538173e-07
7.252000000000000000e+03,4.349691380411968566e-07
7.253000000000000000e+03,4.348829918399133021e-07
7.254000000000000000e+03,4.347820663497259375e-07
7.255000000000000000e+03,4.346629225437936839e-07
7.256000000000000000e+03,4.345052957432926632e-07
7.257000000000000000e+03,4.343987427546380786e-07
7.258000000000000000e+03,4.342909392107685562e-07
7.259000000000000000e+03,4.341978581123839831e-07
7.260000000000000000e+03,4.340844270700472407e-07
7.261000000000000000e+03,4.338791939062502934e-07
7.262000000000000000e+03,4.336987728947860887e-07
7.263000000000000000e+03,4.335313974479504395e-07
7.264000000000000000e+03,4.334593768362537958e-07
7.265000000000000000e+03,4.332802348017139593e-07
7.266000000000000000e+03,4.332290473030298017e-07
7.267000000000000000e+03,4.331110972088936251e-07
7.268000000000000000e+03,4.330406966346345143e-07
7.269000000000000000e+03,4.329100136146735167e-07
7.270000000000000000e+03,4.327856117924966384e-07
7.271000000000000000e+03,4.326548435074073495e-07
7.272000000000000000e+03,4.325430893459270010e-07
7.273000000000000000e+03,4.324110705056227744e-07
7.274000000000000000e+03,4.323081554957752815e-07
7.275000000000000000e+03,4.321667290696495911e-07
7.276000000000000000e+03,4.319537367791781435e-07
7.277000000000000000e+03,4.317868445014028111e-07
7.278000000000000000e+03,4.315861588111147285e-07
7.279000000000000000e+03,4.313635599828558043e-07
7.280000000000000000e+03,4.310772396820539143e-07
7.281000000000000000e+03,4.307827907723549288e-07
7.282000000000000000e+03,4.305890399791678647e-07
7.283000000000000000e+03,4.304590106585237663e-07
7.284000000000000000e+03,4.303903438085399102e-07
7.285000000000000000e+03,4.302274305700848345e-07
7.286000000000000000e+03,4.302754916807316476e-07
7.287000000000000000e+03,4.301401759221334942e-07
7.288000000000000000e+03,4.300093792153347749e-07
7.289000000000000000e+03,4.299255920159339439e-07
7.290000000000000000e+03,4.298037481476058019e-07
7.291000000000000000e+03,4.296274767057184363e-07
7.292000000000000000e+03,4.295373230434051948e-07
7.293000000000000000e+03,4.294113580272096442e-07
7.294000000000000000e+03,4.293405027055996470e-07
7.295000000000000000e+03,4.292774917757924413e-07
7.296000000000000000e+03,4.292182040899206186e-07
7.297000000000000000e+03,4.290339177259738790e-07
7.298000000000000000e+03,4.289398987111781025e-07
7.299000000000000000e+03,4.288415880182583351e-07
7.300000000000000000e+03,4.287165040750551270e-07
7.301000000000000000e+03,4.285774082291027298e-07
7.302000000000000000e+03,4.285136299131409032e-07
7.303000000000000000e+03,4.284056842607242288e-07
7.304000000000000000e+03,4.283182875042257365e-07
7.305000000000000000e+03,4.281916119452944258e-07
7.306000000000000000e+03,4.280622079022577964e-07
7.307000000000000000e+03,4.279987990685185650e-07
7.308000000000000000e+03,4.278802236967749195e-07
7.309000000000000000e+03,4.276879224107688060e-07
7.310000000000000000e+03,4.276082847809448140e-07
7.311000000000000000e+03,4.274739069387578638e-07
7.312000000000000000e+03,4.273778415608830983e-07
7.313000000000000000e+03,4.271971931757434504e-07
7.314000000000000000e+03,4.269866167305735871e-07
7.315000000000000000e+03,4.267705548954836559e-07
7.316000000000000000e+03,4.265857285190577386e-07
7.317000000000000000e+03,4.264582855739718070e-07
7.318000000000000000e+03,4.263348785116249928e-07
7.319000000000000000e+03,4.262384152298182016e-07
7.320000000000000000e+03,4.261420940565585624e-07
7.321000000000000000e+03,4.260575394710031105e-07
7.322000000000000000e+03,4.259382251348142745e-07
7.323000000000000000e+03,4.257516081906942418e-07
7.324000000000000000e+03,4.256198735674843192e-07
7.325000000000000000e+03,4.255419696619355818e-07
7.326000000000000000e+03,4.254317786944739055e-07
7.327000000000000000e+03,4.252857479514204897e-07
7.328000000000000000e+03,4.251231473517691484e-07
7.329000000000000000e+03,4.249523328780924203e-07
7.330000000000000000e+03,4.248278742124966811e-07
7.331000000000000000e+03,4.246731180046481313e-07
7.332000000000000000e+03,4.245858633566967910e-07
7.333000000000000000e+03,4.244669469244399806e-07
7.334000000000000000e+03,4.242729403358680429e-07
7.335000000000000000e+03,4.241240674218715867e-07
7.336000000000000000e+03,4.239956297169555910e-07
7.337000000000000000e+03,4.238322048877307680e-07
7.338000000000000000e+03,4.237664938955276739e-07
7.339000000000000000e+03,4.236281370140204672e-07
7.340000000000000000e+03,4.235720609813142801e-07
7.341000000000000000e+03,4.234989035012404202e-07
7.342000000000000000e+03,4.233871493397600716e-07
7.343000000000000000e+03,4.232618948663002811e-07
7.344000000000000000e+03,4.231270338550530141e-07
7.345000000000000000e+03,4.230166723573347554e-07
7.346000000000000000e+03,4.229277976719458820e-07
7.347000000000000000e+03,4.227836711834243033e-07
7.348000000000000000e+03,4.226370151627634186e-07
7.349000000000000000e+03,4.225153418246918591e-07
7.350000000000000000e+03,4.224735334901197348e-07
7.351000000000000000e+03,4.223938958602957428e-07
7.352000000000000000e+03,4.222982568080624333e-07
7.353000000000000000e+03,4.222039535761723528e-07
7.354000000000000000e+03,4.220776759211730678e-07
7.355000000000000000e+03,4.218786102683225181e-07
7.356000000000000000e+03,4.217460798372485442e-07
7.357000000000000000e+03,4.217021967178880004e-07
7.358000000000000000e+03,4.215495721382467309e-07
7.359000000000000000e+03,4.214997488816152327e-07
7.360000000000000000e+03,4.213780187001248123e-07
7.361000000000000000e+03,4.212115527479909360e-07
7.362000000000000000e+03,4.209663586607348407e-07
7.363000000000000000e+03,4.213667352814809419e-07
7.364000000000000000e+03,4.208579582609672798e-07
7.365000000000000000e+03,4.207483925711130723e-07
7.366000000000000000e+03,4.206797541428386467e-07
7.367000000000000000e+03,4.205768107112817233e-07
7.368000000000000000e+03,4.204128458695777226e-07
7.369000000000000000e+03,4.203525350021664053e-07
7.370000000000000000e+03,4.201864953756739851e-07
7.371000000000000000e+03,4.200820740152266808e-07
7.372000000000000000e+03,4.199561658424499910e-07
7.373000000000000000e+03,4.198868168714398053e-07
7.374000000000000000e+03,4.198149667899997439e-07
7.375000000000000000e+03,4.197461009880498750e-07
7.376000000000000000e+03,4.196667475753201870e-07
7.377000000000000000e+03,4.195123892714036629e-07
7.378000000000000000e+03,4.194498046672379132e-07
7.379000000000000000e+03,4.192354481347138062e-07
7.380000000000000000e+03,4.191495577288151253e-07
7.381000000000000000e+03,4.190538902548723854e-07
7.382000000000000000e+03,4.188931654880434508e-07
7.383000000000000000e+03,4.188960360806959216e-07
7.384000000000000000e+03,4.187837134850269649e-07
7.385000000000000000e+03,4.186663886684982572e-07
7.386000000000000000e+03,4.185901048003870528e-07
7.387000000000000000e+03,4.184711315247113816e-07
7.388000000000000000e+03,4.182925579243601533e-07
7.389000000000000000e+03,4.183506518984358991e-07
7.390000000000000000e+03,4.182158477306074928e-07
7.391000000000000000e+03,4.181016208804066991e-07
7.392000000000000000e+03,4.180396899755578488e-07
7.393000000000000000e+03,4.179827044481498888e-07
7.394000000000000000e+03,4.178158121703745564e-07
7.395000000000000000e+03,4.177079517830861732e-07
7.396000000000000000e+03,4.176170591563277412e-07
7.397000000000000000e+03,4.175453511834348319e-07
7.398000000000000000e+03,4.174536911705217790e-07
7.399000000000000000e+03,4.173358547632233240e-07
7.400000000000000000e+03,4.173713819000113290e-07
7.401000000000000000e+03,4.172992760231863940e-07
7.402000000000000000e+03,4.172400451807334321e-07
7.403000000000000000e+03,4.171618286363809602e-07
7.404000000000000000e+03,4.171124601271003485e-07
7.405000000000000000e+03,4.174362402409315109e-07
7.406000000000000000e+03,4.170880743004090618e-07
7.407000000000000000e+03,4.170163663275161525e-07
7.408000000000000000e+03,4.169701526279823156e-07
7.409000000000000000e+03,4.168636564827465918e-07
7.410000000000000000e+03,4.167616225458914414e-07
7.411000000000000000e+03,4.165638358699652599e-07
7.412000000000000000e+03,4.165991072113683913e-07
7.413000000000000000e+03,4.164545259754959261e-07
7.414000000000000000e+03,4.163644291566015454e-07
7.415000000000000000e+03,4.162528171036683489e-07
7.416000000000000000e+03,4.161423987625312293e-07
7.417000000000000000e+03,4.160774267347733257e-07
7.418000000000000000e+03,4.159307707141124411e-07
7.419000000000000000e+03,4.158345063842716627e-07
7.420000000000000000e+03,4.157743376254074974e-07
7.421000000000000000e+03,4.156938189225911628e-07
7.422000000000000000e+03,4.155317867571284296e-07
7.423000000000000000e+03,4.153695840614091139e-07
7.424000000000000000e+03,4.152121846345835365e-07
7.425000000000000000e+03,4.150627148646890419e-07
7.426000000000000000e+03,4.149592598423623713e-07
7.427000000000000000e+03,4.147120193920272868e-07
7.428000000000000000e+03,4.146349681377614615e-07
7.429000000000000000e+03,4.144403078498726245e-07
7.430000000000000000e+03,4.143573448800452752e-07
7.431000000000000000e+03,4.142615352975553833e-07
7.432000000000000000e+03,4.141243152844253927e-07
7.433000000000000000e+03,4.141686531511368230e-07
7.434000000000000000e+03,4.140193539114989107e-07
7.435000000000000000e+03,4.139218390264431946e-07
7.436000000000000000e+03,4.138432529998681275e-07
7.437000000000000000e+03,4.137252460623130901e-07
7.438000000000000000e+03,4.136543623189936625e-07
7.439000000000000000e+03,4.135660844895028276e-07
7.440000000000000000e+03,4.134895164042973192e-07
7.441000000000000000e+03,4.134229243391018827e-07
7.442000000000000000e+03,4.133213735713070491e-07
7.443000000000000000e+03,4.132766662223730236e-07
7.444000000000000000e+03,4.132083688546117628e-07
7.445000000000000000e+03,4.131547086672071600e-07
7.446000000000000000e+03,4.131247806071769446e-07
7.447000000000000000e+03,4.130525610435142880e-07
7.448000000000000000e+03,4.129745150294183986e-07
7.449000000000000000e+03,4.128632724587077973e-07
7.450000000000000000e+03,4.128104649225861067e-07
7.451000000000000000e+03,4.126977728446945548e-07
7.452000000000000000e+03,4.128113459955784492e-07
7.453000000000000000e+03,4.126519854708021739e-07
7.454000000000000000e+03,4.125990358261333313e-07
7.455000000000000000e+03,4.124864858567889314e-07
7.456000000000000000e+03,4.123785117826628266e-07
7.457000000000000000e+03,4.122499319691996789e-07
7.458000000000000000e+03,4.122904613268474350e-07
7.459000000000000000e+03,4.121742165352770826e-07
7.460000000000000000e+03,4.121248480259964708e-07
7.461000000000000000e+03,4.120794017126172548e-07
7.462000000000000000e+03,4.120583696476387559e-07
7.463000000000000000e+03,4.120397818496712716e-07
7.464000000000000000e+03,4.119795278256788151e-07
7.465000000000000000e+03,4.118439278499863576e-07
7.466000000000000000e+03,4.117510172818583669e-07
7.467000000000000000e+03,4.116477327897882788e-07
7.468000000000000000e+03,4.116141099075321108e-07
7.469000000000000000e+03,4.114764635687606642e-07
7.470000000000000000e+03,4.114219507300731493e-07
7.471000000000000000e+03,4.113593945476168301e-07
7.472000000000000000e+03,4.112352485208248254e-07
7.473000000000000000e+03,4.111061286948825000e-07
7.474000000000000000e+03,4.110234783638588851e-07
7.475000000000000000e+03,4.109902249638253124e-07
7.476000000000000000e+03,4.109188864731549984e-07
7.477000000000000000e+03,4.108659084067767253e-07
7.478000000000000000e+03,4.107641871087253094e-07
7.479000000000000000e+03,4.107256472707376815e-07
7.480000000000000000e+03,4.106125857106235344e-07
7.481000000000000000e+03,4.105483526473108213e-07
7.482000000000000000e+03,4.104502409063570667e-07
7.483000000000000000e+03,4.103428636881290004e-07
7.484000000000000000e+03,4.103899584606551798e-07
7.485000000000000000e+03,4.102745094769488787e-07
7.486000000000000000e+03,4.102202240119368071e-07
7.487000000000000000e+03,4.101815989088208880e-07
7.488000000000000000e+03,4.101001707113027805e-07
7.489000000000000000e+03,4.100115518212987809e-07
7.490000000000000000e+03,4.099364332432742231e-07
7.491000000000000000e+03,4.098677663932903670e-07
7.492000000000000000e+03,4.098113493000710150e-07
7.493000000000000000e+03,4.097763337540527573e-07
7.494000000000000000e+03,4.096968098110664869e-07
7.495000000000000000e+03,4.096951329302100930e-07
7.496000000000000000e+03,4.096398242836585268e-07
7.497000000000000000e+03,4.095739711829082808e-07
7.498000000000000000e+03,4.095059011888224632e-07
7.499000000000000000e+03,4.094223413630970754e-07
7.500000000000000000e+03,4.093715517683449434e-07
7.501000000000000000e+03,4.093182610631629359e-07
7.502000000000000000e+03,4.092444783054816071e-07
7.503000000000000000e+03,4.091560299457341898e-07
7.504000000000000000e+03,4.090844640813884325e-07
7.505000000000000000e+03,4.089592096079286421e-07
7.506000000000000000e+03,4.088656169187743217e-07
7.507000000000000000e+03,4.087478941983135883e-07
7.508000000000000000e+03,4.086855938112421427e-07
7.509000000000000000e+03,4.086302567429811461e-07
7.510000000000000000e+03,4.085475495685386704e-07
7.511000000000000000e+03,4.085583498181222240e-07
7.512000000000000000e+03,4.084921840785682434e-07
7.513000000000000000e+03,4.084433555817668093e-07
7.514000000000000000e+03,4.083866258497437229e-07
7.515000000000000000e+03,4.083372573404631112e-07
7.516000000000000000e+03,4.082684483819321031e-07
7.517000000000000000e+03,4.082101270341809141e-07
7.518000000000000000e+03,4.081674944700353080e-07
7.519000000000000000e+03,4.081242650499916635e-07
7.520000000000000000e+03,4.080928022176522063e-07
7.521000000000000000e+03,4.080333155798143707e-07
7.522000000000000000e+03,4.079653876942757051e-07
7.523000000000000000e+03,4.078612221292132745e-07
7.524000000000000000e+03,4.078164579368603881e-07
7.525000000000000000e+03,4.077402024904586142e-07
7.526000000000000000e+03,4.076847233136504656e-07
7.527000000000000000e+03,4.075650963386578951e-07
7.528000000000000000e+03,4.074057073921721894e-07
7.529000000000000000e+03,4.074798880537855439e-07
7.530000000000000000e+03,4.073471870924549876e-07
7.531000000000000000e+03,4.072767580964864464e-07
7.532000000000000000e+03,4.072458352766261669e-07
7.533000000000000000e+03,4.072154808909544954e-07
7.534000000000000000e+03,4.070920738286076812e-07
7.535000000000000000e+03,4.069502494985499652e-07
7.536000000000000000e+03,4.068071461915678810e-07
7.537000000000000000e+03,4.067025543008639943e-07
7.538000000000000000e+03,4.066241956479643704e-07
7.539000000000000000e+03,4.065642258410662180e-07
7.540000000000000000e+03,4.064709742124250624e-07
7.541000000000000000e+03,4.064013694460300030e-07
7.542000000000000000e+03,4.062855509801011067e-07
7.543000000000000000e+03,4.061660661136556882e-07
7.544000000000000000e+03,4.060467233557574218e-07
7.545000000000000000e+03,4.060009075601556106e-07
7.546000000000000000e+03,4.059312743720511207e-07
7.547000000000000000e+03,4.058721003730170196e-07
7.548000000000000000e+03,4.058001650264486670e-07
7.549000000000000000e+03,4.056522016071539838e-07
7.550000000000000000e+03,4.056286968534550397e-07
7.551000000000000000e+03,4.055116278323112056e-07
7.552000000000000000e+03,4.054428188737801975e-07
7.553000000000000000e+03,4.053659665714803850e-07
7.554000000000000000e+03,4.052540418797434540e-07
7.555000000000000000e+03,4.051827886542014312e-07
7.556000000000000000e+03,4.050696134072495624e-07
7.557000000000000000e+03,4.050183690651465440e-07
7.558000000000000000e+03,4.049675510486849817e-07
7.559000000000000000e+03,4.048750668061984470e-07
7.560000000000000000e+03,4.047805362006329233e-07
7.561000000000000000e+03,4.046943047342210775e-07
7.562000000000000000e+03,4.046817707603622694e-07
7.563000000000000000e+03,4.046045205541304313e-07
7.564000000000000000e+03,4.045805042096617399e-07
7.565000000000000000e+03,4.045153616516472539e-07
7.566000000000000000e+03,4.044406125558452914e-07
7.567000000000000000e+03,4.045863306600949727e-07
7.568000000000000000e+03,4.043999126679409528e-07
7.569000000000000000e+03,4.043455135160911595e-07
7.570000000000000000e+03,4.043050125801528338e-07
7.571000000000000000e+03,4.042386194669234101e-07
7.572000000000000000e+03,4.041788201902818400e-07
7.573000000000000000e+03,4.041028205392649397e-07
7.574000000000000000e+03,4.040852275011275196e-07
7.575000000000000000e+03,4.040255134896142408e-07
7.576000000000000000e+03,4.039833356728195213e-07
7.577000000000000000e+03,4.039248437948117498e-07
7.578000000000000000e+03,4.038483041313156718e-07
7.579000000000000000e+03,4.037871974560403032e-07
7.580000000000000000e+03,4.037097198761330219e-07
7.581000000000000000e+03,4.036463678858126514e-07
7.582000000000000000e+03,4.035588005990575766e-07
7.583000000000000000e+03,4.034685048281971831e-07
7.584000000000000000e+03,4.035082099562714575e-07
7.585000000000000000e+03,4.034255027818289818e-07
7.586000000000000000e+03,4.033678351333946921e-07
7.587000000000000000e+03,4.033255436297622509e-07
7.588000000000000000e+03,4.032454512525873724e-07
7.589000000000000000e+03,4.031307980767451227e-07
7.590000000000000000e+03,4.029585056741780136e-07
7.591000000000000000e+03,4.028255204957531532e-07
7.592000000000000000e+03,4.027380668958358001e-07
7.593000000000000000e+03,4.026576050364383264e-07
7.594000000000000000e+03,4.026261137823894387e-07
7.595000000000000000e+03,4.025760631520824973e-07
7.596000000000000000e+03,4.025032751542312326e-07
7.597000000000000000e+03,4.024294071314216126e-07
7.598000000000000000e+03,4.023981716727575986e-07
7.599000000000000000e+03,4.022929829261556733e-07
7.600000000000000000e+03,4.022510609047458274e-07
7.601000000000000000e+03,4.021981396817864152e-07
7.602000000000000000e+03,4.021312633994966745e-07
7.603000000000000000e+03,4.020575943286530674e-07
7.604000000000000000e+03,4.019861137294356013e-07
7.605000000000000000e+03,4.019413211153732846e-07
7.606000000000000000e+03,4.018564254693046678e-07
7.607000000000000000e+03,4.017668402411800344e-07
7.608000000000000000e+03,4.016934838091401616e-07
7.609000000000000000e+03,4.015938941392960260e-07
7.610000000000000000e+03,4.015499825982260518e-07
7.611000000000000000e+03,4.014385979189682985e-07
7.612000000000000000e+03,4.015165870896453271e-07
7.613000000000000000e+03,4.013905652300309157e-07
7.614000000000000000e+03,4.013335797026229557e-07
7.615000000000000000e+03,4.012380827589367982e-07
7.616000000000000000e+03,4.011480996268801391e-07
7.617000000000000000e+03,4.010598217973893043e-07
7.618000000000000000e+03,4.009953613604011480e-07
7.619000000000000000e+03,4.009120573300606338e-07
7.620000000000000000e+03,4.008399230315262685e-07
7.621000000000000000e+03,4.007384575288597262e-07
7.622000000000000000e+03,4.006863605354737956e-07
7.623000000000000000e+03,4.006524534361233236e-07
7.624000000000000000e+03,4.005762264114309801e-07
7.625000000000000000e+03,4.005545690688450122e-07
7.626000000000000000e+03,4.004667175649956334e-07
7.627000000000000000e+03,4.004953098046826199e-07
7.628000000000000000e+03,4.004261597856384469e-07
7.629000000000000000e+03,4.003182141332217725e-07
7.630000000000000000e+03,4.002795890301058535e-07
7.631000000000000000e+03,4.002239677447505528e-07
7.632000000000000000e+03,4.001848310508648865e-07
7.633000000000000000e+03,4.001251454610610381e-07
7.634000000000000000e+03,4.000036142315366305e-07
7.635000000000000000e+03,3.998910074187733699e-07
7.636000000000000000e+03,3.997814701506285928e-07
7.637000000000000000e+03,3.996648842985450756e-07
7.638000000000000000e+03,3.996004807049757801e-07
7.639000000000000000e+03,3.994998962753015803e-07
7.640000000000000000e+03,3.993997381712688366e-07
7.641000000000000000e+03,3.993148993686190806e-07
7.642000000000000000e+03,3.991528956248657778e-07
7.643000000000000000e+03,3.989742936028051190e-07
7.644000000000000000e+03,3.988530465903750155e-07
7.645000000000000000e+03,3.987648540260124719e-07
7.646000000000000000e+03,3.986882006756786723e-07
7.647000000000000000e+03,3.986448859905067366e-07
7.648000000000000000e+03,3.985271916917554336e-07
7.649000000000000000e+03,3.984592922279261984e-07
7.650000000000000000e+03,3.983465148849063553e-07
7.651000000000000000e+03,3.982000578162114834e-07
7.652000000000000000e+03,3.984895613484695787e-07
7.653000000000000000e+03,3.981323004609294003e-07
7.654000000000000000e+03,3.980375709033978637e-07
7.655000000000000000e+03,3.979239124873856781e-07
7.656000000000000000e+03,3.978274776272883173e-07
7.657000000000000000e+03,3.977070548444316955e-07
7.658000000000000000e+03,3.975844435899489326e-07
7.659000000000000000e+03,3.975066817929473473e-07
7.660000000000000000e+03,3.974166702391812578e-07
7.661000000000000000e+03,3.973316040628560586e-07
7.662000000000000000e+03,3.972367892401962308e-07
7.663000000000000000e+03,3.971491082666034345e-07
7.664000000000000000e+03,3.970617967752332333e-07
7.665000000000000000e+03,3.970058628510741983e-07
7.666000000000000000e+03,3.969442445850290824e-07
7.667000000000000000e+03,3.968356736550049391e-07
7.668000000000000000e+03,3.968076214277971303e-07
7.669000000000000000e+03,3.967246868796792114e-07
7.670000000000000000e+03,3.966621591189323226e-07
7.671000000000000000e+03,3.966000008404080290e-07
7.672000000000000000e+03,3.965203632105840370e-07
7.673000000000000000e+03,3.964667598665982950e-07
7.674000000000000000e+03,3.962985317684797337e-07
7.675000000000000000e+03,3.962207699714781484e-07
7.676000000000000000e+03,3.961217487358226208e-07
7.677000000000000000e+03,3.959813170695269946e-07
7.678000000000000000e+03,3.960560093219100963e-07
7.679000000000000000e+03,3.959075627335550962e-07
7.680000000000000000e+03,3.958585637064970797e-07
7.681000000000000000e+03,3.958382990276732016e-07
7.682000000000000000e+03,3.957927106057468336e-07
7.683000000000000000e+03,3.957398178044968517e-07
7.684000000000000000e+03,3.956729415222071111e-07
7.685000000000000000e+03,3.956237719648925122e-07
7.686000000000000000e+03,3.955716749715065816e-07
7.687000000000000000e+03,3.954649798743048450e-07
7.688000000000000000e+03,3.953569489567598794e-07
7.689000000000000000e+03,3.952341103286016732e-07
7.690000000000000000e+03,3.951106180011265678e-07
7.691000000000000000e+03,3.950090672333317343e-07
7.692000000000000000e+03,3.949351707888126839e-07
7.693000000000000000e+03,3.948262872199848061e-07
7.694000000000000000e+03,3.947704669826634927e-07
7.695000000000000000e+03,3.947021411931928014e-07
7.696000000000000000e+03,3.946180981984070968e-07
7.697000000000000000e+03,3.945133641991560580e-07
7.698000000000000000e+03,3.943742115097848000e-07
7.699000000000000000e+03,3.942793114219966810e-07
7.700000000000000000e+03,3.941698878406896256e-07
7.701000000000000000e+03,3.940247097489191219e-07
7.702000000000000000e+03,3.939625798921042588e-07
7.703000000000000000e+03,3.938849033602309646e-07
7.704000000000000000e+03,3.938132522307569161e-07
7.705000000000000000e+03,3.937345809390535578e-07
7.706000000000000000e+03,3.937179258173273411e-07
7.707000000000000000e+03,3.936966948003828293e-07
7.708000000000000000e+03,3.936510495350376004e-07
7.709000000000000000e+03,3.935989525416516699e-07
7.710000000000000000e+03,3.935482766337372595e-07
7.711000000000000000e+03,3.934373182801209623e-07
7.712000000000000000e+03,3.933440382297703763e-07
7.713000000000000000e+03,3.932709944365342380e-07
7.714000000000000000e+03,3.931741332507954212e-07
7.715000000000000000e+03,3.931168066628742963e-07
7.716000000000000000e+03,3.930548189146065852e-07
7.717000000000000000e+03,3.929802687707706355e-07
7.718000000000000000e+03,3.929226295440457761e-07
7.719000000000000000e+03,3.928767000616062433e-07
7.720000000000000000e+03,3.928313958567741793e-07
7.721000000000000000e+03,3.927517298052407568e-07
7.722000000000000000e+03,3.927154921257169917e-07
7.723000000000000000e+03,3.925835585505410563e-07
7.724000000000000000e+03,3.926337797111045802e-07
7.725000000000000000e+03,3.925457576769986190e-07
7.726000000000000000e+03,3.924833151813800214e-07
7.727000000000000000e+03,3.923934457361610839e-07
7.728000000000000000e+03,3.922701807823614217e-07
7.729000000000000000e+03,3.921753659597015940e-07
7.730000000000000000e+03,3.923134954675333574e-07
7.731000000000000000e+03,3.921173004073352786e-07
7.732000000000000000e+03,3.920880260466219625e-07
7.733000000000000000e+03,3.920296194337424822e-07
7.734000000000000000e+03,3.919038533695129445e-07
7.735000000000000000e+03,3.918594586593826534e-07
7.736000000000000000e+03,3.917577657830406679e-07
7.737000000000000000e+03,3.917124615782086039e-07
7.738000000000000000e+03,3.916661341918370454e-07
7.739000000000000000e+03,3.916022421890374972e-07
7.740000000000000000e+03,3.915269815024657873e-07
7.741000000000000000e+03,3.914665569482167484e-07
7.742000000000000000e+03,3.913887667295057327e-07
7.743000000000000000e+03,3.913087880391685758e-07
7.744000000000000000e+03,3.912356589808041463e-07
7.745000000000000000e+03,3.911277417500969023e-07
7.746000000000000000e+03,3.910596433343016542e-07
7.747000000000000000e+03,3.910013504082598956e-07
7.748000000000000000e+03,3.908804728780523874e-07
7.749000000000000000e+03,3.907860275376151549e-07
7.750000000000000000e+03,3.906952201759850141e-07
7.751000000000000000e+03,3.906268659648048924e-07
7.752000000000000000e+03,3.905666119408124359e-07
7.753000000000000000e+03,3.904156926637369907e-07
7.754000000000000000e+03,3.903064396126865176e-07
7.755000000000000000e+03,3.902158596247318201e-07
7.756000000000000000e+03,3.901338061496062437e-07
7.757000000000000000e+03,3.899405669471889269e-07
7.758000000000000000e+03,3.901539002981735393e-07
7.759000000000000000e+03,3.898700242643826641e-07
7.760000000000000000e+03,3.897671945196634624e-07
7.761000000000000000e+03,3.897021088050678372e-07
7.762000000000000000e+03,3.896275870829413179e-07
7.763000000000000000e+03,3.895678446497186087e-07
7.764000000000000000e+03,3.894288340688945027e-07
7.765000000000000000e+03,3.893557902756583644e-07
7.766000000000000000e+03,3.892274378358706599e-07
7.767000000000000000e+03,3.890769448844366707e-07
7.768000000000000000e+03,3.889295214776211651e-07
7.769000000000000000e+03,3.888358435233385535e-07
7.770000000000000000e+03,3.887168418259534519e-07
7.771000000000000000e+03,3.885990906837832881e-07
7.772000000000000000e+03,3.884651960106566548e-07
7.773000000000000000e+03,3.883814372329652542e-07
7.774000000000000000e+03,3.883101840074232314e-07
7.775000000000000000e+03,3.882267094468261348e-07
7.776000000000000000e+03,3.880666668010235298e-07
7.777000000000000000e+03,3.878720633565535536e-07
7.778000000000000000e+03,3.876185417084343499e-07
7.779000000000000000e+03,3.876256755575013813e-07
7.780000000000000000e+03,3.875147456255945144e-07
7.781000000000000000e+03,3.874078799981361954e-07
7.782000000000000000e+03,3.873493028550001327e-07
7.783000000000000000e+03,3.872444267472019419e-07
7.784000000000000000e+03,3.870759996971173678e-07
7.785000000000000000e+03,3.870626130719756475e-07
7.786000000000000000e+03,3.868125588724069530e-07
7.787000000000000000e+03,3.867494626774714561e-07
7.788000000000000000e+03,3.866079225645080442e-07
7.789000000000000000e+03,3.864805364628409734e-07
7.790000000000000000e+03,3.867737063956155907e-07
7.791000000000000000e+03,3.864291784339002334e-07
7.792000000000000000e+03,3.863422648464620579e-07
7.793000000000000000e+03,3.862809307975112461e-07
7.794000000000000000e+03,3.861473203414789168e-07
7.795000000000000000e+03,3.862011226374306716e-07
7.796000000000000000e+03,3.860892832108220318e-07
7.797000000000000000e+03,3.860382946641038870e-07
7.798000000000000000e+03,3.859337880385282915e-07
7.799000000000000000e+03,3.858455102090374567e-07
7.800000000000000000e+03,3.857470005641516764e-07
7.801000000000000000e+03,3.856165449178661220e-07
7.802000000000000000e+03,3.856165449178661220e-07
7.803000000000000000e+03,3.855483043935237220e-07
7.804000000000000000e+03,3.854368912925565382e-07
7.805000000000000000e+03,3.853452312796434853e-07
7.806000000000000000e+03,3.852388772429549135e-07
7.807000000000000000e+03,3.851619680972362403e-07
7.808000000000000000e+03,3.849926031307404628e-07
7.809000000000000000e+03,3.848869880584970815e-07
7.810000000000000000e+03,3.847969765047309920e-07
7.811000000000000000e+03,3.847213463359366870e-07
7.812000000000000000e+03,3.846515994609944755e-07
7.813000000000000000e+03,3.845123330847854959e-07
7.814000000000000000e+03,3.844319280688068829e-07
7.815000000000000000e+03,3.842874320980627090e-07
7.816000000000000000e+03,3.842982891910651233e-07
7.817000000000000000e+03,3.842434637135738740e-07
7.818000000000000000e+03,3.841997795461793430e-07
7.819000000000000000e+03,3.841141165139561053e-07
7.820000000000000000e+03,3.840570457214198541e-07
7.821000000000000000e+03,3.839820976736518787e-07
7.822000000000000000e+03,3.837915016902115894e-07
7.823000000000000000e+03,3.836842381588212447e-07
7.824000000000000000e+03,3.835086488379602088e-07
7.825000000000000000e+03,3.834194046703487402e-07
7.826000000000000000e+03,3.832564345884748036e-07
7.827000000000000000e+03,3.831839876511367038e-07
7.828000000000000000e+03,3.830963350992533378e-07
7.829000000000000000e+03,3.829862578186293831e-07
7.830000000000000000e+03,3.828648118542332668e-07
7.831000000000000000e+03,3.827551040558319073e-07
7.832000000000000000e+03,3.826021099939680425e-07
7.833000000000000000e+03,3.824637246907514054e-07
7.834000000000000000e+03,3.823501515398675110e-07
7.835000000000000000e+03,3.822455596491636243e-07
7.836000000000000000e+03,3.821594702912989305e-07
7.837000000000000000e+03,3.820667586751369527e-07
7.838000000000000000e+03,3.819373546321003232e-07
7.839000000000000000e+03,3.818865934590576217e-07
7.840000000000000000e+03,3.818086895535088843e-07
7.841000000000000000e+03,3.817048934706690488e-07
7.842000000000000000e+03,3.815157754161191406e-07
7.843000000000000000e+03,3.814202784724329831e-07
7.844000000000000000e+03,3.812043587458902039e-07
7.845000000000000000e+03,3.810797011283284519e-07
7.846000000000000000e+03,3.810103237356088357e-07
7.847000000000000000e+03,3.809227564488537610e-07
7.848000000000000000e+03,3.808647761616157368e-07
7.849000000000000000e+03,3.807972177582996665e-07
7.850000000000000000e+03,3.807249697729275795e-07
7.851000000000000000e+03,3.806357824487349717e-07
7.852000000000000000e+03,3.805867834216769552e-07
7.853000000000000000e+03,3.804556456543650711e-07
7.854000000000000000e+03,3.804218238201428903e-07
7.855000000000000000e+03,3.803581591910187854e-07
7.856000000000000000e+03,3.802607295710913604e-07
7.857000000000000000e+03,3.801033017225563526e-07
7.858000000000000000e+03,3.801011985160585027e-07
7.859000000000000000e+03,3.800147680976806441e-07
7.860000000000000000e+03,3.799048045038944110e-07
7.861000000000000000e+03,3.798007526256697020e-07
7.862000000000000000e+03,3.797109968672884861e-07
7.863000000000000000e+03,3.796469911776512163e-07
7.864000000000000000e+03,3.795712189003097592e-07
7.865000000000000000e+03,3.795065310896461597e-07
7.866000000000000000e+03,3.794591521000256762e-07
7.867000000000000000e+03,3.793626888182188850e-07
7.868000000000000000e+03,3.792293341575714294e-07
7.869000000000000000e+03,3.791153631027555093e-07
7.870000000000000000e+03,3.790796370140014915e-07
7.871000000000000000e+03,3.789947982113517355e-07
7.872000000000000000e+03,3.789401716858264990e-07
7.873000000000000000e+03,3.788810829519206891e-07
7.874000000000000000e+03,3.788132119098008843e-07
7.875000000000000000e+03,3.786900890645483742e-07
7.876000000000000000e+03,3.786190063692629337e-07
7.877000000000000000e+03,3.785408466683293227e-07
7.878000000000000000e+03,3.784298030495847343e-07
7.879000000000000000e+03,3.782716646583139664e-07
7.880000000000000000e+03,3.781835857807891443e-07
7.881000000000000000e+03,3.780824613386357669e-07
7.882000000000000000e+03,3.779890391797380289e-07
7.883000000000000000e+03,3.779066162223898573e-07
7.884000000000000000e+03,3.778113466523791431e-07
7.885000000000000000e+03,3.777284973693895154e-07
7.886000000000000000e+03,3.775901973313011695e-07
7.887000000000000000e+03,3.774539152345823823e-07
7.888000000000000000e+03,3.772707373173034284e-07
7.889000000000000000e+03,3.771230012716841884e-07
7.890000000000000000e+03,3.770103091937926365e-07
7.891000000000000000e+03,3.769315810586704174e-07
7.892000000000000000e+03,3.768151373151340522e-07
7.893000000000000000e+03,3.766901386370591354e-07
7.894000000000000000e+03,3.766101883684314089e-07
7.895000000000000000e+03,3.765196083804767113e-07
7.896000000000000000e+03,3.763663585232279729e-07
7.897000000000000000e+03,3.762384039873722941e-07
7.898000000000000000e+03,3.761647349165286869e-07
7.899000000000000000e+03,3.760964659704768565e-07
7.900000000000000000e+03,3.760171409794565989e-07
7.901000000000000000e+03,3.759035394068632741e-07
7.902000000000000000e+03,3.757876925192249473e-07
7.903000000000000000e+03,3.757212425625766627e-07
7.904000000000000000e+03,3.756909734420332825e-07
7.905000000000000000e+03,3.756480850825028028e-07
7.906000000000000000e+03,3.755802993055112893e-07
7.907000000000000000e+03,3.755533555249712663e-07
7.908000000000000000e+03,3.754688862045441056e-07
7.909000000000000000e+03,3.754222746010782430e-07
7.910000000000000000e+03,3.753501403025438776e-07
7.911000000000000000e+03,3.752437010007270146e-07
7.912000000000000000e+03,3.751848112187872175e-07
7.913000000000000000e+03,3.750365351606887998e-07
7.914000000000000000e+03,3.749903783045738237e-07
7.915000000000000000e+03,3.749052552848297637e-07
7.916000000000000000e+03,3.748026244920765748e-07
7.917000000000000000e+03,3.755200737032282632e-07
7.918000000000000000e+03,3.747925632069382118e-07
7.919000000000000000e+03,3.746785637304128613e-07
7.920000000000000000e+03,3.745836920643341728e-07
7.921000000000000000e+03,3.744813170669658575e-07
7.922000000000000000e+03,3.744469552202644991e-07
7.923000000000000000e+03,3.743908791875583120e-07
7.924000000000000000e+03,3.743342915640823776e-07
7.925000000000000000e+03,3.742799492556514451e-07
7.926000000000000000e+03,3.742188710020855069e-07
7.927000000000000000e+03,3.741570822057838086e-07
7.928000000000000000e+03,3.740647400718444260e-07
7.929000000000000000e+03,3.740128704521339387e-07
7.930000000000000000e+03,3.739604323982348433e-07
7.931000000000000000e+03,3.738909128969680751e-07
7.932000000000000000e+03,3.738527993846219033e-07
7.933000000000000000e+03,3.737641520729084732e-07
7.934000000000000000e+03,3.736101348295051139e-07
7.935000000000000000e+03,3.735391658210573951e-07
7.936000000000000000e+03,3.734502911356685217e-07
7.937000000000000000e+03,3.733802032002131455e-07
7.938000000000000000e+03,3.732770608166902093e-07
7.939000000000000000e+03,3.731501578840834554e-07
7.940000000000000000e+03,3.731393860562093323e-07
7.941000000000000000e+03,3.730425817138893763e-07
7.942000000000000000e+03,3.730107493993273238e-07
7.943000000000000000e+03,3.729515754002932226e-07
7.944000000000000000e+03,3.728997626240015961e-07
7.945000000000000000e+03,3.728159754246007651e-07
7.946000000000000000e+03,3.727309945134038571e-07
7.947000000000000000e+03,3.726479178567387862e-07
7.948000000000000000e+03,3.725726287484576460e-07
7.949000000000000000e+03,3.724417751982400659e-07
7.950000000000000000e+03,3.723182260273460997e-07
7.951000000000000000e+03,3.721557106928230496e-07
7.952000000000000000e+03,3.720645906923891744e-07
7.953000000000000000e+03,3.719874541729950579e-07
7.954000000000000000e+03,3.719457311035512248e-07
7.955000000000000000e+03,3.718770642535673687e-07
7.956000000000000000e+03,3.717596825936198002e-07
7.957000000000000000e+03,3.717249228429864161e-07
7.958000000000000000e+03,3.716245373652782291e-07
7.959000000000000000e+03,3.715883565291733248e-07
7.960000000000000000e+03,3.715700813700095750e-07
7.961000000000000000e+03,3.715518914759741165e-07
7.962000000000000000e+03,3.714954459610453341e-07
7.963000000000000000e+03,3.714422120992821874e-07
7.964000000000000000e+03,3.714108345320710214e-07
7.965000000000000000e+03,3.713276441885682289e-07
7.966000000000000000e+03,3.712131615429825615e-07
7.967000000000000000e+03,3.711707563525123987e-07
7.968000000000000000e+03,3.711240594839182450e-07
7.969000000000000000e+03,3.711130602823686786e-07
7.970000000000000000e+03,3.710728151418152265e-07
7.971000000000000000e+03,3.710181317728711292e-07
7.972000000000000000e+03,3.709871521095919888e-07
7.973000000000000000e+03,3.709088218784017954e-07
7.974000000000000000e+03,3.708456972617568681e-07
7.975000000000000000e+03,3.707729661073244642e-07
7.976000000000000000e+03,3.706886673171538860e-07
7.977000000000000000e+03,3.706291238358971896e-07
7.978000000000000000e+03,3.705862354763667099e-07
7.979000000000000000e+03,3.705283120325475466e-07
7.980000000000000000e+03,3.705098379214177839e-07
7.981000000000000000e+03,3.703987090375449043e-07
7.982000000000000000e+03,3.703480047079210635e-07
7.983000000000000000e+03,3.702951687500899425e-07
7.984000000000000000e+03,3.702054129917087266e-07
7.985000000000000000e+03,3.702313620124186855e-07
7.986000000000000000e+03,3.701408957113017095e-07
7.987000000000000000e+03,3.700363890857261140e-07
7.988000000000000000e+03,3.700047841448395047e-07
7.989000000000000000e+03,3.699322803640825441e-07
7.990000000000000000e+03,3.698371244809095515e-07
7.991000000000000000e+03,3.697603574437380303e-07
7.992000000000000000e+03,3.696710848544171313e-07
7.993000000000000000e+03,3.696066244174289750e-07
7.994000000000000000e+03,3.695928398883552290e-07
7.995000000000000000e+03,3.694939039178279927e-07
7.996000000000000000e+03,3.694519250529992860e-07
7.997000000000000000e+03,3.693818655392533401e-07
7.998000000000000000e+03,3.692938719268568093e-07
7.999000000000000000e+03,3.691607730615942273e-07
8.000000000000000000e+03,3.690540779643924907e-07
8.001000000000000000e+03,3.689769698667078046e-07
8.002000000000000000e+03,3.689555398977972800e-07
8.003000000000000000e+03,3.689222012326354161e-07
8.004000000000000000e+03,3.688473668717051623e-07
8.005000000000000000e+03,3.687640628413646482e-07
8.006000000000000000e+03,3.686984655359992757e-07
8.007000000000000000e+03,3.686452885176549898e-07
8.008000000000000000e+03,3.685763942939956905e-07
8.009000000000000000e+03,3.684828584482602309e-07
8.010000000000000000e+03,3.683236684537405381e-07
8.011000000000000000e+03,3.685242973006097600e-07
8.012000000000000000e+03,3.682833948914776556e-07
8.013000000000000000e+03,3.682070257582381601e-07
8.014000000000000000e+03,3.681305429381609429e-07
8.015000000000000000e+03,3.681043665437755408e-07
8.016000000000000000e+03,3.680317490761808585e-07
8.017000000000000000e+03,3.679907933928916464e-07
8.018000000000000000e+03,3.679357121200155234e-07
8.019000000000000000e+03,3.678287043840100523e-07
8.020000000000000000e+03,3.677915856314939447e-07
8.021000000000000000e+03,3.676803999042022042e-07
8.022000000000000000e+03,3.676408937280939426e-07
8.023000000000000000e+03,3.675856419249612372e-07
8.024000000000000000e+03,3.674904291983693838e-07
8.025000000000000000e+03,3.674396396036172519e-07
8.026000000000000000e+03,3.674040272017009556e-07
8.027000000000000000e+03,3.673521860036998987e-07
8.028000000000000000e+03,3.672949446809070650e-07
8.029000000000000000e+03,3.672000161714095157e-07
8.030000000000000000e+03,3.670714932013652287e-07
8.031000000000000000e+03,3.669584032195416512e-07
8.032000000000000000e+03,3.668899068998143775e-07
8.033000000000000000e+03,3.668394867872848408e-07
8.034000000000000000e+03,3.668005774670746177e-07
8.035000000000000000e+03,3.667453825073607732e-07
8.036000000000000000e+03,3.666776819954975508e-07
8.037000000000000000e+03,3.666229133614251623e-07
8.038000000000000000e+03,3.665610677217046032e-07
8.039000000000000000e+03,3.665073791125905700e-07
8.040000000000000000e+03,3.664310952444793656e-07
8.041000000000000000e+03,3.663664642772346269e-07
8.042000000000000000e+03,3.662235599222185556e-07
8.043000000000000000e+03,3.661627374640374910e-07
8.044000000000000000e+03,3.660971401586721186e-07
8.045000000000000000e+03,3.659820322354789823e-07
8.046000000000000000e+03,3.659983747184014646e-07
8.047000000000000000e+03,3.658617515611695126e-07
8.048000000000000000e+03,3.656959961517713964e-07
8.049000000000000000e+03,3.657028173620346934e-07
8.050000000000000000e+03,3.656412559394084383e-07
8.051000000000000000e+03,3.655705427263455931e-07
8.052000000000000000e+03,3.655287343917734688e-07
8.053000000000000000e+03,3.654747047221462708e-07
8.054000000000000000e+03,3.654012346032686764e-07
8.055000000000000000e+03,3.654076863313093781e-07
8.056000000000000000e+03,3.653526050584332552e-07
8.057000000000000000e+03,3.652742464055336313e-07
8.058000000000000000e+03,3.651863949016842525e-07
8.059000000000000000e+03,3.651211102351226145e-07
8.060000000000000000e+03,3.650518749509501504e-07
8.061000000000000000e+03,3.649489599411026575e-07
8.062000000000000000e+03,3.648881943263404537e-07
8.063000000000000000e+03,3.647720347998983925e-07
8.064000000000000000e+03,3.647565733899682527e-07
8.065000000000000000e+03,3.646412380930996733e-07
8.066000000000000000e+03,3.645955928277544444e-07
8.067000000000000000e+03,3.645325818979472388e-07
8.068000000000000000e+03,3.644261425961303758e-07
8.069000000000000000e+03,3.644387618351174751e-07
8.070000000000000000e+03,3.643478407866496127e-07
8.071000000000000000e+03,3.642739727638399927e-07
8.072000000000000000e+03,3.642097112788178492e-07
8.073000000000000000e+03,3.641634123141557211e-07
8.074000000000000000e+03,3.641044656887970632e-07
8.075000000000000000e+03,3.640125498804991366e-07
8.076000000000000000e+03,3.639663930243841605e-07
8.077000000000000000e+03,3.639297574409283698e-07
8.078000000000000000e+03,3.638555199358961545e-07
8.079000000000000000e+03,3.637847783011238789e-07
8.080000000000000000e+03,3.637535996858787257e-07
8.081000000000000000e+03,3.636918108895770274e-07
8.082000000000000000e+03,3.636237124737817794e-07
8.083000000000000000e+03,3.635840073457075050e-07
8.084000000000000000e+03,3.635059044881927548e-07
8.085000000000000000e+03,3.634598044754966395e-07
8.086000000000000000e+03,3.634265510754630668e-07
8.087000000000000000e+03,3.633618064213806065e-07
8.088000000000000000e+03,3.633097378497041063e-07
8.089000000000000000e+03,3.632133029896067455e-07
8.090000000000000000e+03,3.631647302881901851e-07
8.091000000000000000e+03,3.630930223152972758e-07
8.092000000000000000e+03,3.630276239618979162e-07
8.093000000000000000e+03,3.631632239375903737e-07
8.094000000000000000e+03,3.629887999068159843e-07
8.095000000000000000e+03,3.629072011790412944e-07
8.096000000000000000e+03,3.628349531936692074e-07
8.097000000000000000e+03,3.627496312219591346e-07
8.098000000000000000e+03,3.626813622759073041e-07
8.099000000000000000e+03,3.625835631737572839e-07
8.100000000000000000e+03,3.626900024755741470e-07
8.101000000000000000e+03,3.625464159995317459e-07
8.102000000000000000e+03,3.624620319442328764e-07
8.103000000000000000e+03,3.623904376581776887e-07
8.104000000000000000e+03,3.622704980443813838e-07
8.105000000000000000e+03,3.621768769335176330e-07
8.106000000000000000e+03,3.621116775320842862e-07
8.107000000000000000e+03,3.620501729528768919e-07
8.108000000000000000e+03,3.619949779931630474e-07
8.109000000000000000e+03,3.619703079493774567e-07
8.110000000000000000e+03,3.618536652538750786e-07
8.111000000000000000e+03,3.617307697822980117e-07
8.112000000000000000e+03,3.616535764194850344e-07
8.113000000000000000e+03,3.616057711042230949e-07
8.114000000000000000e+03,3.615297146097873338e-07
8.115000000000000000e+03,3.614503043536387850e-07
8.116000000000000000e+03,3.613500325627683196e-07
8.117000000000000000e+03,3.612840657751803519e-07
8.118000000000000000e+03,3.612291550325608114e-07
8.119000000000000000e+03,3.611581291806942318e-07
8.120000000000000000e+03,3.610158785249950597e-07
8.121000000000000000e+03,3.610370242768112803e-07
8.122000000000000000e+03,3.609661973769107135e-07
8.123000000000000000e+03,3.608389249620813644e-07
8.124000000000000000e+03,3.607275402828236111e-07
8.125000000000000000e+03,3.606712368764419807e-07
8.126000000000000000e+03,3.606116933951852843e-07
8.127000000000000000e+03,3.605703398079640465e-07
8.128000000000000000e+03,3.605160259212425444e-07
8.129000000000000000e+03,3.604347398322715890e-07
8.130000000000000000e+03,3.603598770496319048e-07
8.131000000000000000e+03,3.602901585963991238e-07
8.132000000000000000e+03,3.602463323204574408e-07
8.133000000000000000e+03,3.601873288516799221e-07
8.134000000000000000e+03,3.600844138418324292e-07
8.135000000000000000e+03,3.600098068545776187e-07
8.136000000000000000e+03,3.599413957999786362e-07
8.137000000000000000e+03,3.598603086629736936e-07
8.138000000000000000e+03,3.597722297854488716e-07
8.139000000000000000e+03,3.596049396037415136e-07
8.140000000000000000e+03,3.598102296109573217e-07
8.141000000000000000e+03,3.595322084493091097e-07
8.142000000000000000e+03,3.594334145873290254e-07
8.143000000000000000e+03,3.592997188661684049e-07
8.144000000000000000e+03,3.591759138998895651e-07
8.145000000000000000e+03,3.591957522530719871e-07
8.146000000000000000e+03,3.591090376175998244e-07
8.147000000000000000e+03,3.590134554087853758e-07
8.148000000000000000e+03,3.589094603739795275e-07
8.149000000000000000e+03,3.587998094189970288e-07
8.150000000000000000e+03,3.587477692690299591e-07
8.151000000000000000e+03,3.586165746582992142e-07
8.152000000000000000e+03,3.585701335850899341e-07
8.153000000000000000e+03,3.585104479952860856e-07
8.154000000000000000e+03,3.584176226922863862e-07
8.155000000000000000e+03,3.582729846129950602e-07
8.156000000000000000e+03,3.581257885798549978e-07
8.157000000000000000e+03,3.580461793717404362e-07
8.158000000000000000e+03,3.579609710868680850e-07
8.159000000000000000e+03,3.578830387596099172e-07
8.160000000000000000e+03,3.578315954655408859e-07
8.161000000000000000e+03,3.577549136934976559e-07
8.162000000000000000e+03,3.576887195322342450e-07
8.163000000000000000e+03,3.576645610792184016e-07
8.164000000000000000e+03,3.575716220893809805e-07
8.165000000000000000e+03,3.575340485895139864e-07
8.166000000000000000e+03,3.574736524569743779e-07
8.167000000000000000e+03,3.574095330804993864e-07
8.168000000000000000e+03,3.573032927306485362e-07
8.169000000000000000e+03,3.572508262550400104e-07
8.170000000000000000e+03,3.571741160612873500e-07
8.171000000000000000e+03,3.571129525425931206e-07
8.172000000000000000e+03,3.570118565221491735e-07
8.173000000000000000e+03,3.568800082121015294e-07
8.174000000000000000e+03,3.566958071132830810e-07
8.175000000000000000e+03,3.565681936379405670e-07
8.176000000000000000e+03,3.564881865258939797e-07
8.177000000000000000e+03,3.563739312539837556e-07
8.178000000000000000e+03,3.562678898560989182e-07
8.179000000000000000e+03,3.562665256140462589e-07
8.180000000000000000e+03,3.562002177659451263e-07
8.181000000000000000e+03,3.561172263744083466e-07
8.182000000000000000e+03,3.560579386885365238e-07
8.183000000000000000e+03,3.559437971034640213e-07
8.184000000000000000e+03,3.558345724741229787e-07
8.185000000000000000e+03,3.557725278824364068e-07
8.186000000000000000e+03,3.556629621925821993e-07
8.187000000000000000e+03,3.556342278443480609e-07
8.188000000000000000e+03,3.555437331215216545e-07
8.189000000000000000e+03,3.554168301889149006e-07
8.190000000000000000e+03,3.552918883542588446e-07
8.191000000000000000e+03,3.552405019036086742e-07
8.192000000000000000e+03,3.551234613041742705e-07
8.193000000000000000e+03,3.550763381099386606e-07
8.194000000000000000e+03,3.549988605300313793e-07
8.195000000000000000e+03,3.548718154888774734e-07
8.196000000000000000e+03,3.548075824255647603e-07
8.197000000000000000e+03,3.546639675278129289e-07
8.198000000000000000e+03,3.545958406903082505e-07
8.199000000000000000e+03,3.545230242707475554e-07
8.200000000000000000e+03,3.544285505086008925e-07
8.201000000000000000e+03,3.543417506080004387e-07
8.202000000000000000e+03,3.542490389918384608e-07
8.203000000000000000e+03,3.541826174568996066e-07
8.204000000000000000e+03,3.541386206507013412e-07
8.205000000000000000e+03,3.540430100201774621e-07
8.206000000000000000e+03,3.539842055033659562e-07
8.207000000000000000e+03,3.539136343988502631e-07
8.208000000000000000e+03,3.537979580414685188e-07
8.209000000000000000e+03,3.536542578785883961e-07
8.210000000000000000e+03,3.535625126005470520e-07
8.211000000000000000e+03,3.534696588758379221e-07
8.212000000000000000e+03,3.533901065111422213e-07
8.213000000000000000e+03,3.533083656748203794e-07
8.214000000000000000e+03,3.531893639774352778e-07
8.215000000000000000e+03,3.531136201218032511e-07
8.216000000000000000e+03,3.530176684307662072e-07
8.217000000000000000e+03,3.529560785864305217e-07
8.218000000000000000e+03,3.528486445247835945e-07
8.219000000000000000e+03,3.528517993345303694e-07
8.220000000000000000e+03,3.527886747178854421e-07
8.221000000000000000e+03,3.527047738316468894e-07
8.222000000000000000e+03,3.526486409555218415e-07
8.223000000000000000e+03,3.525566967255144846e-07
8.224000000000000000e+03,3.524676799315784592e-07
8.225000000000000000e+03,3.523896054957731394e-07
8.226000000000000000e+03,3.523131795191147830e-07
8.227000000000000000e+03,3.523039708852593321e-07
8.228000000000000000e+03,3.522432052704971284e-07
8.229000000000000000e+03,3.521656708471709862e-07
8.230000000000000000e+03,3.520883353758108569e-07
8.231000000000000000e+03,3.519703284382558195e-07
8.232000000000000000e+03,3.518229050314403139e-07
8.233000000000000000e+03,3.520759150887897704e-07
8.234000000000000000e+03,3.517736786307068542e-07
8.235000000000000000e+03,3.516871345254912740e-07
8.236000000000000000e+03,3.516224182931182440e-07
8.237000000000000000e+03,3.515939113185595488e-07
8.238000000000000000e+03,3.515333446557633579e-07
8.239000000000000000e+03,3.514840614116110373e-07
8.240000000000000000e+03,3.514592492592782946e-07
8.241000000000000000e+03,3.513734441185079049e-07
8.242000000000000000e+03,3.513688113798707491e-07
8.243000000000000000e+03,3.512948865136422683e-07
8.244000000000000000e+03,3.512140835937316297e-07
8.245000000000000000e+03,3.511664203870168421e-07
8.246000000000000000e+03,3.511257204991125036e-07
8.247000000000000000e+03,3.510231465497781755e-07
8.248000000000000000e+03,3.509886425945296651e-07
8.249000000000000000e+03,3.508334600610396592e-07
8.250000000000000000e+03,3.507843473471439211e-07
8.251000000000000000e+03,3.507345525122218532e-07
8.252000000000000000e+03,3.506545738218846964e-07
8.253000000000000000e+03,3.504887615690677194e-07
8.254000000000000000e+03,3.504962080569384852e-07
8.255000000000000000e+03,3.504059691294969525e-07
8.256000000000000000e+03,3.503422192352445563e-07
8.257000000000000000e+03,3.502914580622018548e-07
8.258000000000000000e+03,3.502295271573530044e-07
8.259000000000000000e+03,3.501434946429071715e-07
8.260000000000000000e+03,3.500140621781611117e-07
8.261000000000000000e+03,3.499169167753279908e-07
8.262000000000000000e+03,3.498153944292425876e-07
8.263000000000000000e+03,3.497547709230275359e-07
8.264000000000000000e+03,3.496620877285749884e-07
8.265000000000000000e+03,3.495706266676279483e-07
8.266000000000000000e+03,3.494729412523156498e-07
8.267000000000000000e+03,3.493636882012651768e-07
8.268000000000000000e+03,3.492779683256230783e-07
8.269000000000000000e+03,3.492154974082950503e-07
8.270000000000000000e+03,3.490783342385839205e-07
8.271000000000000000e+03,3.489977586923487252e-07
8.272000000000000000e+03,3.489244591037277132e-07
8.273000000000000000e+03,3.487352842057589442e-07
8.274000000000000000e+03,3.486609898573078681e-07
8.275000000000000000e+03,3.486069317659712397e-07
8.276000000000000000e+03,3.485356501187197864e-07
8.277000000000000000e+03,3.484147725885122782e-07
8.278000000000000000e+03,3.483798423076223116e-07
8.279000000000000000e+03,3.482965382772817975e-07
8.280000000000000000e+03,3.482638248897274025e-07
8.281000000000000000e+03,3.481983412711997516e-07
8.282000000000000000e+03,3.481292765172838699e-07
8.283000000000000000e+03,3.480301700165000511e-07
8.284000000000000000e+03,3.479665053873759462e-07
8.285000000000000000e+03,3.479265160422073677e-07
8.286000000000000000e+03,3.478869246009708149e-07
8.287000000000000000e+03,3.478417909263953334e-07
8.288000000000000000e+03,3.476903884802595712e-07
8.289000000000000000e+03,3.476322092410555342e-07
8.290000000000000000e+03,3.475501557659299579e-07
8.291000000000000000e+03,3.475060168511845404e-07
8.292000000000000000e+03,3.474617358278919710e-07
8.293000000000000000e+03,3.474025618288578698e-07
8.294000000000000000e+03,3.473324454716930632e-07
8.295000000000000000e+03,3.472476350907527376e-07
8.296000000000000000e+03,3.471870968496659771e-07
8.297000000000000000e+03,3.471539287147606956e-07
8.298000000000000000e+03,3.471448906111618271e-07
8.299000000000000000e+03,3.470847786957165226e-07
8.300000000000000000e+03,3.470301521701912861e-07
8.301000000000000000e+03,3.469701539415837033e-07
8.302000000000000000e+03,3.468601903477974702e-07
8.303000000000000000e+03,3.468372256065777037e-07
8.304000000000000000e+03,3.467108058430312667e-07
8.305000000000000000e+03,3.466577709332341328e-07
8.306000000000000000e+03,3.465710562977619702e-07
8.307000000000000000e+03,3.464839437583577819e-07
8.308000000000000000e+03,3.464059545876807533e-07
8.309000000000000000e+03,3.462876634330314118e-07
8.310000000000000000e+03,3.462392612618714338e-07
8.311000000000000000e+03,3.461794904069392942e-07
8.312000000000000000e+03,3.461269670879119076e-07
8.313000000000000000e+03,3.460018547229992691e-07
8.314000000000000000e+03,3.459256276983069256e-07
8.315000000000000000e+03,3.458703758951742202e-07
8.316000000000000000e+03,3.458328308170166565e-07
8.317000000000000000e+03,3.457776927007216727e-07
8.318000000000000000e+03,3.457019204233802157e-07
8.319000000000000000e+03,3.456472086327266879e-07
8.320000000000000000e+03,3.456103456755954539e-07
8.321000000000000000e+03,3.455500632298935670e-07
8.322000000000000000e+03,3.454781278833252145e-07
8.323000000000000000e+03,3.453771455497189891e-07
8.324000000000000000e+03,3.453027090927207610e-07
8.325000000000000000e+03,3.452275620929867728e-07
8.326000000000000000e+03,3.451736176884878660e-07
8.327000000000000000e+03,3.451235670581809245e-07
8.328000000000000000e+03,3.450393251114292070e-07
8.329000000000000000e+03,3.449565326718584402e-07
8.330000000000000000e+03,3.448805898642604006e-07
8.331000000000000000e+03,3.448164420660759788e-07
8.332000000000000000e+03,3.447487415542127565e-07
8.333000000000000000e+03,3.446587868438655278e-07
8.334000000000000000e+03,3.445803429258376127e-07
8.335000000000000000e+03,3.444880860570265213e-07
8.336000000000000000e+03,3.444451976974960417e-07
8.337000000000000000e+03,3.443981597683887230e-07
8.338000000000000000e+03,3.443259117830166360e-07
8.339000000000000000e+03,3.442081037974276114e-07
8.340000000000000000e+03,3.441726050823490368e-07
8.341000000000000000e+03,3.440628972839476774e-07
8.342000000000000000e+03,3.440367493112717057e-07
8.343000000000000000e+03,3.439890576828474877e-07
8.344000000000000000e+03,3.439253646320139524e-07
8.345000000000000000e+03,3.438774172082048608e-07
8.346000000000000000e+03,3.437591828969743801e-07
8.347000000000000000e+03,3.437286864027555566e-07
8.348000000000000000e+03,3.436861675254476722e-07
8.349000000000000000e+03,3.436432791659171926e-07
8.350000000000000000e+03,3.436416022850607987e-07
8.351000000000000000e+03,3.436001918544207001e-07
8.352000000000000000e+03,3.435638973314780742e-07
8.353000000000000000e+03,3.435227711179322796e-07
8.354000000000000000e+03,3.435043538502213778e-07
8.355000000000000000e+03,3.434515463140996872e-07
8.356000000000000000e+03,3.433987671996874269e-07
8.357000000000000000e+03,3.433551967191306176e-07
8.358000000000000000e+03,3.433086419590836158e-07
8.359000000000000000e+03,3.432245989642979112e-07
8.360000000000000000e+03,3.432480752962874249e-07
8.361000000000000000e+03,3.431801189890393289e-07
8.362000000000000000e+03,3.431280504173628287e-07
8.363000000000000000e+03,3.430506865242932690e-07
8.364000000000000000e+03,3.429512673847057158e-07
8.365000000000000000e+03,3.429143191624461906e-07
8.366000000000000000e+03,3.428423269724589773e-07
8.367000000000000000e+03,3.428067714139615418e-07
8.368000000000000000e+03,3.427592218940844759e-07
8.369000000000000000e+03,3.426667376515979413e-07
8.370000000000000000e+03,3.427008721246238565e-07
8.371000000000000000e+03,3.426189607580454322e-07
8.372000000000000000e+03,3.425473948936996749e-07
8.373000000000000000e+03,3.425073487051122356e-07
8.374000000000000000e+03,3.424829060350020882e-07
8.375000000000000000e+03,3.424383123729057843e-07
8.376000000000000000e+03,3.424085832648415817e-07
8.377000000000000000e+03,3.423128873691894114e-07
8.378000000000000000e+03,3.422631777993956348e-07
8.379000000000000000e+03,3.422349550419312436e-07
8.380000000000000000e+03,3.421725125463126460e-07
8.381000000000000000e+03,3.421428687033767346e-07
8.382000000000000000e+03,3.421098142553091748e-07
8.383000000000000000e+03,3.420193195324827684e-07
8.384000000000000000e+03,3.419503684654046083e-07
8.385000000000000000e+03,3.418650749154039659e-07
8.386000000000000000e+03,3.418273308852803893e-07
8.387000000000000000e+03,3.417631546653865371e-07
8.388000000000000000e+03,3.416934930555726169e-07
8.389000000000000000e+03,3.415655669414263684e-07
8.390000000000000000e+03,3.416230072161852149e-07
8.391000000000000000e+03,3.414934894863108639e-07
8.392000000000000000e+03,3.413860554246639367e-07
8.393000000000000000e+03,3.413064177948399447e-07
8.394000000000000000e+03,3.412247053802275332e-07
8.395000000000000000e+03,3.411414013498870190e-07
8.396000000000000000e+03,3.410769693346082931e-07
8.397000000000000000e+03,3.410114572943712119e-07
8.398000000000000000e+03,3.409363387163466541e-07
8.399000000000000000e+03,3.408376585412042914e-07
8.400000000000000000e+03,3.407070039429527242e-07
8.401000000000000000e+03,3.406107964565308066e-07
8.402000000000000000e+03,3.405276629564468749e-07
8.403000000000000000e+03,3.404442452392686391e-07
8.404000000000000000e+03,3.403995094686251832e-07
8.405000000000000000e+03,3.403324626560788602e-07
8.406000000000000000e+03,3.402772961180744460e-07
8.407000000000000000e+03,3.402323613954649772e-07
8.408000000000000000e+03,3.402111019568110351e-07
8.409000000000000000e+03,3.401523827051278204e-07
8.410000000000000000e+03,3.400934076580597321e-07
8.411000000000000000e+03,3.400798220809519989e-07
8.412000000000000000e+03,3.400066930225875694e-07
8.413000000000000000e+03,3.399778165658062790e-07
8.414000000000000000e+03,3.398833428036596160e-07
8.415000000000000000e+03,3.398663750431296648e-07
8.416000000000000000e+03,3.397626358037086902e-07
8.417000000000000000e+03,3.397238970137550496e-07
8.418000000000000000e+03,3.396653482923284173e-07
8.419000000000000000e+03,3.395962551167031052e-07
8.420000000000000000e+03,3.395576868570060469e-07
8.421000000000000000e+03,3.396627334950608201e-07
8.422000000000000000e+03,3.394968643988249823e-07
8.423000000000000000e+03,3.394345355900441064e-07
8.424000000000000000e+03,3.393845986465748865e-07
8.425000000000000000e+03,3.393180634247983107e-07
8.426000000000000000e+03,3.392987935058044968e-07
8.427000000000000000e+03,3.392319172235147562e-07
8.428000000000000000e+03,3.392095493381930282e-07
8.429000000000000000e+03,3.391581913092522882e-07
8.430000000000000000e+03,3.390972551642335020e-07
8.431000000000000000e+03,3.390173333173152059e-07
8.432000000000000000e+03,3.389390599295438733e-07
8.433000000000000000e+03,3.388684035598998889e-07
8.434000000000000000e+03,3.388119296232616762e-07
8.435000000000000000e+03,3.387401363852404756e-07
8.436000000000000000e+03,3.386554396911378717e-07
8.437000000000000000e+03,3.385922866527835140e-07
8.438000000000000000e+03,3.385762568086647661e-07
8.439000000000000000e+03,3.385208060535660479e-07
8.440000000000000000e+03,3.384724891475343611e-07
8.441000000000000000e+03,3.383922262401029002e-07
8.442000000000000000e+03,3.383527484857040690e-07
8.443000000000000000e+03,3.382183422218076885e-07
8.444000000000000000e+03,3.381734074991982197e-07
8.445000000000000000e+03,3.381203725894010859e-07
8.446000000000000000e+03,3.380382906925660791e-07
8.447000000000000000e+03,3.379389283963973867e-07
8.448000000000000000e+03,3.378770827566768276e-07
8.449000000000000000e+03,3.377737982646067394e-07
8.450000000000000000e+03,3.377342920884984778e-07
8.451000000000000000e+03,3.376729296178382356e-07
8.452000000000000000e+03,3.375104142833151855e-07
8.453000000000000000e+03,3.374543950940278592e-07
8.454000000000000000e+03,3.373501726855465677e-07
8.455000000000000000e+03,3.372992409822472837e-07
8.456000000000000000e+03,3.372713592852960574e-07
8.457000000000000000e+03,3.371861794221331365e-07
8.458000000000000000e+03,3.371615662217664067e-07
8.459000000000000000e+03,3.370578838257642929e-07
8.460000000000000000e+03,3.370239767264138209e-07
8.461000000000000000e+03,3.369600847236142727e-07
8.462000000000000000e+03,3.377832626938470639e-07
8.463000000000000000e+03,3.369506487160833785e-07
8.464000000000000000e+03,3.368842840245633852e-07
8.465000000000000000e+03,3.368022589711472392e-07
8.466000000000000000e+03,3.366916985214629676e-07
8.467000000000000000e+03,3.366398289017524803e-07
8.468000000000000000e+03,3.365704799307422945e-07
8.469000000000000000e+03,3.365323948401055532e-07
8.470000000000000000e+03,3.364868916833074763e-07
8.471000000000000000e+03,3.364272345152130583e-07
8.472000000000000000e+03,3.363634846209606621e-07
8.473000000000000000e+03,3.362649465543654514e-07
8.474000000000000000e+03,3.361661526923853671e-07
8.475000000000000000e+03,3.360915457051305566e-07
8.476000000000000000e+03,3.359936044944333844e-07
8.477000000000000000e+03,3.359272966463322518e-07
8.478000000000000000e+03,3.358321691848686896e-07
8.479000000000000000e+03,3.357756952482304769e-07
8.480000000000000000e+03,3.357223761213390389e-07
8.481000000000000000e+03,3.357002640314021846e-07
8.482000000000000000e+03,3.356386173436476383e-07
8.483000000000000000e+03,3.356077797889156500e-07
8.484000000000000000e+03,3.355687567818677053e-07
8.485000000000000000e+03,3.355123681103577837e-07
8.486000000000000000e+03,3.354505508923466550e-07
8.487000000000000000e+03,3.354092541485442780e-07
8.488000000000000000e+03,3.353542012973775854e-07
8.489000000000000000e+03,3.352883197749179089e-07
8.490000000000000000e+03,3.352393207478598924e-07
8.491000000000000000e+03,3.351237580773158697e-07
8.492000000000000000e+03,3.351351267610880313e-07
8.493000000000000000e+03,3.350476163177518174e-07
8.494000000000000000e+03,3.349664723373280140e-07
8.495000000000000000e+03,3.348962422933254857e-07
8.496000000000000000e+03,3.348664279201329919e-07
8.497000000000000000e+03,3.347943504650174873e-07
8.498000000000000000e+03,3.347585106894257478e-07
8.499000000000000000e+03,3.347172992107516620e-07
8.500000000000000000e+03,3.346024186612339690e-07
8.501000000000000000e+03,3.344865149301767815e-07
8.502000000000000000e+03,3.343624257468036376e-07
8.503000000000000000e+03,3.342442198572825873e-07
8.504000000000000000e+03,3.341714602811407531e-07
8.505000000000000000e+03,3.341230865316902054e-07
8.506000000000000000e+03,3.340518617278576130e-07
8.507000000000000000e+03,3.339254135426017456e-07
8.508000000000000000e+03,3.341718013416539179e-07
8.509000000000000000e+03,3.338699059440841665e-07
8.510000000000000000e+03,3.337479199672088725e-07
8.511000000000000000e+03,3.336615748139593052e-07
8.512000000000000000e+03,3.335679821248049848e-07
8.513000000000000000e+03,3.334962173084932147e-07
8.514000000000000000e+03,3.334230882501287851e-07
8.515000000000000000e+03,3.332860671889648074e-07
8.516000000000000000e+03,3.331753930524428142e-07
8.517000000000000000e+03,3.331028324282669928e-07
8.518000000000000000e+03,3.330270033075066749e-07
8.519000000000000000e+03,3.329807043428445468e-07
8.520000000000000000e+03,3.327890851778647630e-07
8.521000000000000000e+03,3.326653938984236447e-07
8.522000000000000000e+03,3.327085948967578588e-07
8.523000000000000000e+03,3.325910427065537078e-07
8.524000000000000000e+03,3.325244506413582712e-07
8.525000000000000000e+03,3.324715862618177198e-07
8.526000000000000000e+03,3.323866053506208118e-07
8.527000000000000000e+03,3.323125667975546094e-07
8.528000000000000000e+03,3.322352313261944801e-07
8.529000000000000000e+03,3.321876818063174142e-07
8.530000000000000000e+03,3.321479198348242790e-07
8.531000000000000000e+03,3.320998018807586050e-07
8.532000000000000000e+03,3.320161852116143564e-07
8.533000000000000000e+03,3.320492112379724858e-07
8.534000000000000000e+03,3.319607060348062078e-07
8.535000000000000000e+03,3.318822905384877231e-07
8.536000000000000000e+03,3.318248786854383070e-07
8.537000000000000000e+03,3.317719290407694643e-07
8.538000000000000000e+03,3.317319681173103163e-07
8.539000000000000000e+03,3.316791605811886257e-07
8.540000000000000000e+03,3.316394270314049209e-07
8.541000000000000000e+03,3.315964249850367196e-07
8.542000000000000000e+03,3.314873140425333986e-07
8.543000000000000000e+03,3.314520142794208368e-07
8.544000000000000000e+03,3.314166576728894142e-07
8.545000000000000000e+03,3.313420222639251733e-07
8.546000000000000000e+03,3.312691774226550478e-07
8.547000000000000000e+03,3.311581338039104594e-07
8.548000000000000000e+03,3.311871523692389019e-07
8.549000000000000000e+03,3.311157570351497270e-07
8.550000000000000000e+03,3.310465217509772629e-07
8.551000000000000000e+03,3.310047418381145690e-07
8.552000000000000000e+03,3.309442604404466692e-07
8.553000000000000000e+03,3.308482803277001949e-07
8.554000000000000000e+03,3.307773397409619065e-07
8.555000000000000000e+03,3.307227984805649612e-07
8.556000000000000000e+03,3.306573148620373104e-07
8.557000000000000000e+03,3.306070937014737865e-07
8.558000000000000000e+03,3.305197822101035854e-07
8.559000000000000000e+03,3.304108133761474164e-07
8.560000000000000000e+03,3.303311189029045636e-07
8.561000000000000000e+03,3.302493212231638609e-07
8.562000000000000000e+03,3.301754247786448104e-07
8.563000000000000000e+03,3.300887385648820782e-07
8.564000000000000000e+03,3.300107209724956192e-07
8.565000000000000000e+03,3.299591639915888663e-07
8.566000000000000000e+03,3.298657134109816980e-07
8.567000000000000000e+03,3.298166575405048206e-07
8.568000000000000000e+03,3.297488717635133071e-07
8.569000000000000000e+03,3.296674719877046300e-07
8.570000000000000000e+03,3.296583486189774703e-07
8.571000000000000000e+03,3.296069337466178695e-07
8.572000000000000000e+03,3.295265003089298261e-07
8.573000000000000000e+03,3.294792918495659251e-07
8.574000000000000000e+03,3.294375687801220920e-07
8.575000000000000000e+03,3.294089765404351056e-07
8.576000000000000000e+03,3.293686177130439319e-07
8.577000000000000000e+03,3.293139627658092650e-07
8.578000000000000000e+03,3.292692838385846699e-07
8.579000000000000000e+03,3.291704615548951551e-07
8.580000000000000000e+03,3.291325185728055658e-07
8.581000000000000000e+03,3.290348615792026976e-07
8.582000000000000000e+03,3.289853793830843642e-07
8.583000000000000000e+03,3.289077596946299309e-07
8.584000000000000000e+03,3.288206187335163122e-07
8.585000000000000000e+03,3.287316872047085781e-07
8.586000000000000000e+03,3.287049707978439983e-07
8.587000000000000000e+03,3.286406524694029940e-07
8.588000000000000000e+03,3.285335310465598013e-07
8.589000000000000000e+03,3.284439173967257375e-07
8.590000000000000000e+03,3.283103353624028387e-07
8.591000000000000000e+03,3.283404623743990669e-07
8.592000000000000000e+03,3.282675038462912198e-07
8.593000000000000000e+03,3.281899125795462169e-07
8.594000000000000000e+03,3.281554086242977064e-07
8.595000000000000000e+03,3.280402154359762790e-07
8.596000000000000000e+03,3.279674274381250143e-07
8.597000000000000000e+03,3.278572364706633380e-07
8.598000000000000000e+03,3.277597500073170522e-07
8.599000000000000000e+03,3.276960569564835168e-07
8.600000000000000000e+03,3.276280438058165601e-07
8.601000000000000000e+03,3.274707580658287043e-07
8.602000000000000000e+03,3.273051447649777401e-07
8.603000000000000000e+03,3.273599702424689895e-07
8.604000000000000000e+03,3.272163269230077276e-07
8.605000000000000000e+03,3.271565844897850184e-07
8.606000000000000000e+03,3.271123034664924489e-07
8.607000000000000000e+03,3.270913282449328108e-07
8.608000000000000000e+03,3.270093884566449560e-07
8.609000000000000000e+03,3.269398405336687574e-07
8.610000000000000000e+03,3.268335433403990464e-07
8.611000000000000000e+03,3.267769841386325425e-07
8.612000000000000000e+03,3.267185206823342014e-07
8.613000000000000000e+03,3.266783892286184710e-07
8.614000000000000000e+03,3.265622581238858402e-07
8.615000000000000000e+03,3.266144403824000619e-07
8.616000000000000000e+03,3.265215013925626408e-07
8.617000000000000000e+03,3.264559325089066988e-07
8.618000000000000000e+03,3.263934900132881012e-07
8.619000000000000000e+03,3.263237999817647506e-07
8.620000000000000000e+03,3.262866812292486429e-07
8.621000000000000000e+03,3.262100278789148433e-07
8.622000000000000000e+03,3.261647520957922097e-07
8.623000000000000000e+03,3.261284859945590142e-07
8.624000000000000000e+03,3.260984158259816468e-07
8.625000000000000000e+03,3.260113032865774585e-07
8.626000000000000000e+03,3.259766288010723656e-07
8.627000000000000000e+03,3.259178242842608597e-07
8.628000000000000000e+03,3.258561775965063134e-07
8.629000000000000000e+03,3.258020058183319634e-07
8.630000000000000000e+03,3.257933656186651206e-07
8.631000000000000000e+03,3.257549110458057839e-07
8.632000000000000000e+03,3.257211460550024640e-07
8.633000000000000000e+03,3.256346019497868838e-07
8.634000000000000000e+03,3.255800606893899385e-07
8.635000000000000000e+03,3.255418050684966147e-07
8.636000000000000000e+03,3.254903049310087226e-07
8.637000000000000000e+03,3.254199327784590423e-07
8.638000000000000000e+03,3.253586555729270913e-07
8.639000000000000000e+03,3.252487204008502886e-07
8.640000000000000000e+03,3.255121043821418425e-07
8.641000000000000000e+03,3.252273756970680552e-07
8.642000000000000000e+03,3.251662121783738257e-07
8.643000000000000000e+03,3.250910083352209767e-07
8.644000000000000000e+03,3.250229667628445895e-07
8.645000000000000000e+03,3.249427891205414198e-07
8.646000000000000000e+03,3.249279814099281793e-07
8.647000000000000000e+03,3.248517259635264054e-07
8.648000000000000000e+03,3.248401867494976614e-07
8.649000000000000000e+03,3.248021016588609200e-07
8.650000000000000000e+03,3.247336337608430767e-07
8.651000000000000000e+03,3.246599931117089000e-07
8.652000000000000000e+03,3.245584707656234968e-07
8.653000000000000000e+03,3.245206130486621987e-07
8.654000000000000000e+03,3.244642527988617076e-07
8.655000000000000000e+03,3.243999913138395641e-07
8.656000000000000000e+03,3.243216895043588011e-07
8.657000000000000000e+03,3.242669492919958429e-07
8.658000000000000000e+03,3.242076900278334506e-07
8.659000000000000000e+03,3.241175932089390699e-07
8.660000000000000000e+03,3.240666330839303555e-07
8.661000000000000000e+03,3.240199362153362017e-07
8.662000000000000000e+03,3.239321983983245445e-07
8.663000000000000000e+03,3.238387762394268066e-07
8.664000000000000000e+03,3.238328929455747129e-07
8.665000000000000000e+03,3.237851444737316342e-07
8.666000000000000000e+03,3.237453825022384990e-07
8.667000000000000000e+03,3.237206556150340475e-07
8.668000000000000000e+03,3.236607994949736167e-07
8.669000000000000000e+03,3.235455778849427588e-07
8.670000000000000000e+03,3.234717667055519996e-07
8.671000000000000000e+03,3.234088410408730851e-07
8.672000000000000000e+03,3.233629399801429827e-07
8.673000000000000000e+03,3.233438690131151816e-07
8.674000000000000000e+03,3.232757990190293640e-07
8.675000000000000000e+03,3.231691891869559186e-07
8.676000000000000000e+03,3.231268692616140470e-07
8.677000000000000000e+03,3.229593801279406762e-07
8.678000000000000000e+03,3.229177139019157039e-07
8.679000000000000000e+03,3.228080061035143444e-07
8.680000000000000000e+03,3.228354614748241147e-07
8.681000000000000000e+03,3.227504521419177763e-07
8.682000000000000000e+03,3.226911076126270927e-07
8.683000000000000000e+03,3.226573142001143424e-07
8.684000000000000000e+03,3.226121805255388608e-07
8.685000000000000000e+03,3.225808882234559860e-07
8.686000000000000000e+03,3.225570139875344466e-07
8.687000000000000000e+03,3.225235616355348611e-07
8.688000000000000000e+03,3.224902229703729972e-07
8.689000000000000000e+03,3.224564864012791077e-07
8.690000000000000000e+03,3.223909175176231656e-07
8.691000000000000000e+03,3.223566409360500984e-07
8.692000000000000000e+03,3.223455280476628104e-07
8.693000000000000000e+03,3.222909867872658651e-07
8.694000000000000000e+03,3.222386339984950610e-07
8.695000000000000000e+03,3.222137650027434574e-07
8.696000000000000000e+03,3.222393729629402515e-07
8.697000000000000000e+03,3.221849453893810278e-07
8.698000000000000000e+03,3.221464055513933999e-07
8.699000000000000000e+03,3.221066435799002647e-07
8.700000000000000000e+03,3.220313260499096941e-07
8.701000000000000000e+03,3.219884945337980753e-07
8.702000000000000000e+03,3.219117274966265541e-07
8.703000000000000000e+03,3.218782467229175381e-07
8.704000000000000000e+03,3.218428616946766851e-07
8.705000000000000000e+03,3.218103756807977334e-07
8.706000000000000000e+03,3.217735695670853602e-07
8.707000000000000000e+03,3.217269011202006368e-07
8.708000000000000000e+03,3.217036237401771359e-07
8.709000000000000000e+03,3.216720187992905267e-07
8.710000000000000000e+03,3.216664765659515979e-07
8.711000000000000000e+03,3.216075867840118008e-07
8.712000000000000000e+03,3.215568256109690992e-07
8.713000000000000000e+03,3.214746300272963708e-07
8.714000000000000000e+03,3.214375681181991240e-07
8.715000000000000000e+03,3.214025525721808663e-07
8.716000000000000000e+03,3.213363299892080249e-07
8.717000000000000000e+03,3.212772696770116454e-07
8.718000000000000000e+03,3.211554542303929338e-07
8.719000000000000000e+03,3.211328305496863322e-07
8.720000000000000000e+03,3.210376462448039092e-07
8.721000000000000000e+03,3.210327577107818797e-07
8.722000000000000000e+03,3.209847534435539274e-07
8.723000000000000000e+03,3.209341912224772386e-07
8.724000000000000000e+03,3.208936618648294825e-07
8.725000000000000000e+03,3.208265297871548682e-07
8.726000000000000000e+03,3.207763370483007748e-07
8.727000000000000000e+03,3.207077270417357795e-07
8.728000000000000000e+03,3.206419307844043942e-07
8.729000000000000000e+03,3.205375378456665203e-07
8.730000000000000000e+03,3.205074108336702920e-07
8.731000000000000000e+03,3.203927576578280423e-07
8.732000000000000000e+03,3.203652454430994112e-07
8.733000000000000000e+03,3.202866878382337745e-07
8.734000000000000000e+03,3.201927256668568589e-07
8.735000000000000000e+03,3.200926812496618368e-07
8.736000000000000000e+03,3.199888283234031405e-07
8.737000000000000000e+03,3.199630782546591945e-07
8.738000000000000000e+03,3.198798879111564020e-07
8.739000000000000000e+03,3.198405806870141532e-07
8.740000000000000000e+03,3.197509670371800894e-07
8.741000000000000000e+03,3.196769284841138870e-07
8.742000000000000000e+03,3.195789304299978539e-07
8.743000000000000000e+03,3.194670625816797838e-07
8.744000000000000000e+03,3.193934787759644678e-07
8.745000000000000000e+03,3.193497093434416456e-07
8.746000000000000000e+03,3.192729707279795548e-07
8.747000000000000000e+03,3.192311623934074305e-07
8.748000000000000000e+03,3.191568396232469240e-07
8.749000000000000000e+03,3.191088921994378325e-07
8.750000000000000000e+03,3.190734787494875491e-07
8.751000000000000000e+03,3.189992980878741946e-07
8.752000000000000000e+03,3.189489632404729491e-07
8.753000000000000000e+03,3.188521873198624235e-07
8.754000000000000000e+03,3.189090307387232315e-07
8.755000000000000000e+03,3.188088157912716269e-07
8.756000000000000000e+03,3.187494712619809434e-07
8.757000000000000000e+03,3.186587775871885242e-07
8.758000000000000000e+03,3.186110291153454455e-07
8.759000000000000000e+03,3.185683397077809786e-07
8.760000000000000000e+03,3.185471371125458973e-07
8.761000000000000000e+03,3.184975696512992727e-07
8.762000000000000000e+03,3.184761681040981784e-07
8.763000000000000000e+03,3.184175909609621158e-07
8.764000000000000000e+03,3.183586159138940275e-07
8.765000000000000000e+03,3.182628347531135660e-07
8.766000000000000000e+03,3.182186389949492877e-07
8.767000000000000000e+03,3.181617387326696189e-07
8.768000000000000000e+03,3.181312706601602258e-07
8.769000000000000000e+03,3.180976477779040579e-07
8.770000000000000000e+03,3.180489613896497758e-07
8.771000000000000000e+03,3.179922600793361198e-07
8.772000000000000000e+03,3.179164593802852323e-07
8.773000000000000000e+03,3.178570295858662575e-07
8.774000000000000000e+03,3.178088832100911532e-07
8.775000000000000000e+03,3.177668475018435856e-07
8.776000000000000000e+03,3.176955090111732716e-07
8.777000000000000000e+03,3.175910023855976760e-07
8.778000000000000000e+03,3.175959477630385663e-07
8.779000000000000000e+03,3.175553047185530886e-07
8.780000000000000000e+03,3.175125016241509002e-07
8.781000000000000000e+03,3.174741891598387156e-07
8.782000000000000000e+03,3.173993832206178922e-07
8.783000000000000000e+03,3.172658864514232846e-07
8.784000000000000000e+03,3.172334857026726240e-07
8.785000000000000000e+03,3.171066396134847309e-07
8.786000000000000000e+03,3.170476645664166426e-07
8.787000000000000000e+03,3.169846252149000065e-07
8.788000000000000000e+03,3.169037654515705071e-07
8.789000000000000000e+03,3.168407261000538711e-07
8.790000000000000000e+03,3.167605484577507013e-07
8.791000000000000000e+03,3.166835540469037369e-07
8.792000000000000000e+03,3.166133240029012086e-07
8.793000000000000000e+03,3.165547752814745763e-07
8.794000000000000000e+03,3.165078794609144097e-07
8.795000000000000000e+03,3.164476822803408140e-07
8.796000000000000000e+03,3.164232111885212362e-07
8.797000000000000000e+03,3.163809765283076558e-07
8.798000000000000000e+03,3.163256110383372288e-07
8.799000000000000000e+03,3.162264476941345492e-07
8.800000000000000000e+03,3.164998361171456054e-07
8.801000000000000000e+03,3.162020902891526930e-07
8.802000000000000000e+03,3.161462984735408099e-07
8.803000000000000000e+03,3.160975836635770975e-07
8.804000000000000000e+03,3.160592143558460521e-07
8.805000000000000000e+03,3.160039057092944859e-07
8.806000000000000000e+03,3.159767629767884500e-07
8.807000000000000000e+03,3.159444474931660807e-07
8.808000000000000000e+03,3.158851882290036883e-07
8.809000000000000000e+03,3.157955745791696245e-07
8.810000000000000000e+03,3.158335459829686442e-07
8.811000000000000000e+03,3.157556136557104765e-07
8.812000000000000000e+03,3.156952175231708679e-07
8.813000000000000000e+03,3.156497712097916519e-07
8.814000000000000000e+03,3.156226853207044769e-07
8.815000000000000000e+03,3.156002605919638881e-07
8.816000000000000000e+03,3.155064405291341245e-07
8.817000000000000000e+03,3.154866590193705633e-07
8.818000000000000000e+03,3.153988643589400453e-07
8.819000000000000000e+03,3.153359386942611309e-07
8.820000000000000000e+03,3.152673286876961356e-07
8.821000000000000000e+03,3.152233887249167310e-07
8.822000000000000000e+03,3.151713485749496613e-07
8.823000000000000000e+03,3.151793634970090352e-07
8.824000000000000000e+03,3.151289718061889289e-07
8.825000000000000000e+03,3.150569796162017155e-07
8.826000000000000000e+03,3.150212251057382673e-07
8.827000000000000000e+03,3.149839074012561468e-07
8.828000000000000000e+03,3.149289398152177455e-07
8.829000000000000000e+03,3.149072540509223472e-07
8.830000000000000000e+03,3.148569192035211017e-07
8.831000000000000000e+03,3.148037137634673854e-07
8.832000000000000000e+03,3.147304994399746647e-07
8.833000000000000000e+03,3.146266465137159685e-07
8.834000000000000000e+03,3.145396192394400714e-07
8.835000000000000000e+03,3.144740503557841294e-07
8.836000000000000000e+03,3.144496929508022731e-07
8.837000000000000000e+03,3.143948390516015934e-07
8.838000000000000000e+03,3.143437083963362966e-07
8.839000000000000000e+03,3.142216655760421418e-07
8.840000000000000000e+03,3.142341995499009499e-07
8.841000000000000000e+03,3.141768161185609642e-07
8.842000000000000000e+03,3.141203706036321819e-07
8.843000000000000000e+03,3.140525848266406683e-07
8.844000000000000000e+03,3.140104070098459488e-07
8.845000000000000000e+03,3.139352884318213910e-07
8.846000000000000000e+03,3.138926274459663546e-07
8.847000000000000000e+03,3.138527233659260673e-07
8.848000000000000000e+03,3.137708972644759342e-07
8.849000000000000000e+03,3.137203634651086759e-07
8.850000000000000000e+03,3.136653958790702745e-07
8.851000000000000000e+03,3.136094619549112394e-07
8.852000000000000000e+03,3.135726274194894359e-07
8.853000000000000000e+03,3.135229462714050896e-07
8.854000000000000000e+03,3.135006352295022225e-07
8.855000000000000000e+03,3.134496182610746473e-07
8.856000000000000000e+03,3.134623227651900379e-07
8.857000000000000000e+03,3.134590542686055414e-07
8.858000000000000000e+03,3.134679502636572579e-07
8.859000000000000000e+03,3.134596511245035799e-07
8.860000000000000000e+03,3.134493624656897737e-07
8.861000000000000000e+03,3.134493624656897737e-07
8.862000000000000000e+03,3.134560415674059186e-07
8.863000000000000000e+03,3.134528867576591438e-07
8.864000000000000000e+03,3.134493624656897737e-07
8.865000000000000000e+03,3.134493624656897737e-07
8.866000000000000000e+03,3.134530857096251566e-07
8.867000000000000000e+03,3.134493624656897737e-07
8.868000000000000000e+03,3.134493624656897737e-07
8.869000000000000000e+03,3.134492772005614825e-07
8.870000000000000000e+03,3.134492772005614825e-07
8.871000000000000000e+03,3.193598843154177302e-07
8.872000000000000000e+03,3.134362884793517878e-07
8.873000000000000000e+03,3.133914390218706103e-07
8.874000000000000000e+03,3.133342545424966374e-07
8.875000000000000000e+03,3.133013137812667992e-07
8.876000000000000000e+03,3.132768142677377909e-07
8.877000000000000000e+03,3.132588801690872060e-07
8.878000000000000000e+03,3.132287247353815474e-07
8.879000000000000000e+03,3.131927428512426559e-07
8.880000000000000000e+03,3.131365247099893168e-07
8.881000000000000000e+03,3.130766970116383163e-07
8.882000000000000000e+03,3.130336949652701151e-07
8.883000000000000000e+03,3.129756294129037997e-07
8.884000000000000000e+03,3.129642323074222077e-07
8.885000000000000000e+03,3.129431149773154175e-07
8.886000000000000000e+03,3.129271703983249608e-07
8.887000000000000000e+03,3.128397167984076077e-07
8.888000000000000000e+03,3.127973968730657361e-07
8.889000000000000000e+03,3.126928618257807102e-07
8.890000000000000000e+03,3.127285310711158672e-07
8.891000000000000000e+03,3.126623084881430259e-07
8.892000000000000000e+03,3.126093304217647528e-07
8.893000000000000000e+03,3.125174146134668263e-07
8.894000000000000000e+03,3.124552279132331023e-07
8.895000000000000000e+03,3.123984129160817247e-07
8.896000000000000000e+03,3.123691669770778390e-07
8.897000000000000000e+03,3.122857208381901728e-07
8.898000000000000000e+03,3.122323732895893045e-07
8.899000000000000000e+03,3.121904796898888890e-07
8.900000000000000000e+03,3.121278950857231393e-07
8.901000000000000000e+03,3.120914584542333614e-07
8.902000000000000000e+03,3.120282769941695733e-07
8.903000000000000000e+03,3.119959615105472039e-07
8.904000000000000000e+03,3.119097584658447886e-07
8.905000000000000000e+03,3.118342704055976355e-07
8.906000000000000000e+03,3.116938103175925789e-07
8.907000000000000000e+03,3.115685274224233581e-07
8.908000000000000000e+03,3.114655271474475740e-07
8.909000000000000000e+03,3.113739523996628122e-07
8.910000000000000000e+03,3.113747482075268636e-07
8.911000000000000000e+03,3.113503623808355769e-07
8.912000000000000000e+03,3.112830313511949498e-07
8.913000000000000000e+03,3.111952082690550014e-07
8.914000000000000000e+03,3.111437081315671094e-07
8.915000000000000000e+03,3.110826582997106016e-07
8.916000000000000000e+03,3.110032764652714832e-07
8.917000000000000000e+03,3.109432782366639003e-07
8.918000000000000000e+03,3.108759756287327036e-07
8.919000000000000000e+03,3.108274881924444344e-07
8.920000000000000000e+03,3.107554391590383602e-07
8.921000000000000000e+03,3.107072359398443950e-07
8.922000000000000000e+03,3.106392512108868686e-07
8.923000000000000000e+03,3.105579082784970524e-07
8.924000000000000000e+03,3.104771053585864138e-07
8.925000000000000000e+03,3.104480015281296801e-07
8.926000000000000000e+03,3.104184429503220599e-07
8.927000000000000000e+03,3.103045287389250007e-07
8.928000000000000000e+03,3.102613277405907866e-07
8.929000000000000000e+03,3.102219068296108162e-07
8.930000000000000000e+03,3.101827132923062891e-07
8.931000000000000000e+03,3.101161780705297133e-07
8.932000000000000000e+03,3.100408605405391427e-07
8.933000000000000000e+03,3.099897867286927067e-07
8.934000000000000000e+03,3.099388550253934227e-07
8.935000000000000000e+03,3.098357410635799170e-07
8.936000000000000000e+03,3.097826208886544919e-07
8.937000000000000000e+03,3.097375440574978711e-07
8.938000000000000000e+03,3.096937746249750489e-07
8.939000000000000000e+03,3.096501473009993788e-07
8.940000000000000000e+03,3.096146485859208042e-07
8.941000000000000000e+03,3.095454985668766312e-07
8.942000000000000000e+03,3.095129841312882490e-07
8.943000000000000000e+03,3.094754106314212549e-07
8.944000000000000000e+03,3.094001783665589755e-07
8.945000000000000000e+03,3.093726945735397749e-07
8.946000000000000000e+03,3.093107636686909245e-07
8.947000000000000000e+03,3.092430063134088414e-07
8.948000000000000000e+03,3.091770111041114433e-07
8.949000000000000000e+03,3.091104190389160067e-07
8.950000000000000000e+03,3.090733287081093295e-07
8.951000000000000000e+03,3.089929236921307165e-07
8.952000000000000000e+03,3.089770643782685511e-07
8.953000000000000000e+03,3.088929361183545552e-07
8.954000000000000000e+03,3.088100299919460667e-07
8.955000000000000000e+03,3.087729965045582503e-07
8.956000000000000000e+03,3.087230027176701697e-07
8.957000000000000000e+03,3.086817628172866534e-07
8.958000000000000000e+03,3.086462641022080788e-07
8.959000000000000000e+03,3.085614252995583229e-07
8.960000000000000000e+03,3.084877278070052853e-07
8.961000000000000000e+03,3.084593345192843117e-07
8.962000000000000000e+03,3.083476372012228239e-07
8.963000000000000000e+03,3.082857347180834040e-07
8.964000000000000000e+03,3.082061255099688424e-07
8.965000000000000000e+03,3.081447630393086001e-07
8.966000000000000000e+03,3.080442638747626916e-07
8.967000000000000000e+03,3.079628072555351537e-07
8.968000000000000000e+03,3.079223347413062584e-07
8.969000000000000000e+03,3.078326926697627641e-07
8.970000000000000000e+03,3.079284169871243648e-07
8.971000000000000000e+03,3.077780377225280972e-07
8.972000000000000000e+03,3.077149983710114611e-07
8.973000000000000000e+03,3.076560517456528032e-07
8.974000000000000000e+03,3.076118275657790946e-07
8.975000000000000000e+03,3.075473671287909383e-07
8.976000000000000000e+03,3.074715948514494812e-07
8.977000000000000000e+03,3.074309802286734339e-07
8.978000000000000000e+03,3.073858749758073827e-07
8.979000000000000000e+03,3.073174639212084003e-07
8.980000000000000000e+03,3.073899961236747913e-07
8.981000000000000000e+03,3.072696301842370303e-07
8.982000000000000000e+03,3.071999685744231101e-07
8.983000000000000000e+03,3.071472178817202803e-07
8.984000000000000000e+03,3.071150445066450629e-07
8.985000000000000000e+03,3.070940692850854248e-07
8.986000000000000000e+03,3.070248624226223910e-07
8.987000000000000000e+03,3.070104526159411762e-07
8.988000000000000000e+03,3.069724527904327260e-07
8.989000000000000000e+03,3.069548597522953060e-07
8.990000000000000000e+03,3.068631713176728226e-07
8.991000000000000000e+03,3.068166734010446817e-07
8.992000000000000000e+03,3.066956821839994518e-07
8.993000000000000000e+03,3.066627698444790440e-07
8.994000000000000000e+03,3.066151919028925477e-07
8.995000000000000000e+03,3.065908344979106914e-07
8.996000000000000000e+03,3.065666192014759872e-07
8.997000000000000000e+03,3.064514260131545598e-07
8.998000000000000000e+03,3.064761529003590113e-07
8.999000000000000000e+03,3.064287454890290974e-07
9.000000000000000000e+03,3.063755684706848115e-07
9.001000000000000000e+03,3.062575615331297740e-07
9.002000000000000000e+03,3.062122004848788492e-07
9.003000000000000000e+03,3.061314828300965019e-07
9.004000000000000000e+03,3.060789026676502544e-07
9.005000000000000000e+03,3.060362701035046484e-07
9.006000000000000000e+03,3.059664379634341458e-07
9.007000000000000000e+03,3.059040807329438394e-07
9.008000000000000000e+03,3.058155186863587005e-07
9.009000000000000000e+03,3.057450612686807290e-07
9.010000000000000000e+03,3.057142805573676014e-07
9.011000000000000000e+03,3.056603361528686946e-07
9.012000000000000000e+03,3.056213415675301803e-07
9.013000000000000000e+03,3.055750710245774826e-07
9.014000000000000000e+03,3.054281592085317243e-07
9.015000000000000000e+03,3.052770978229091270e-07
9.016000000000000000e+03,3.052488466437353054e-07
9.017000000000000000e+03,3.050695625006483169e-07
9.018000000000000000e+03,3.050200234611111227e-07
9.019000000000000000e+03,3.049713939162757015e-07
9.020000000000000000e+03,3.049467807159089716e-07
9.021000000000000000e+03,3.048868109090108192e-07
9.022000000000000000e+03,3.048123744520125911e-07
9.023000000000000000e+03,3.047967709335352993e-07
9.024000000000000000e+03,3.047198617878166260e-07
9.025000000000000000e+03,3.045963126169226598e-07
9.026000000000000000e+03,3.045662708700547228e-07
9.027000000000000000e+03,3.044463596779678483e-07
9.028000000000000000e+03,3.043986396278341999e-07
9.029000000000000000e+03,3.043356855414458551e-07
9.030000000000000000e+03,3.042931098207191098e-07
9.031000000000000000e+03,3.042135290343139786e-07
9.032000000000000000e+03,3.041574814233172219e-07
9.033000000000000000e+03,3.041007801130035659e-07
9.034000000000000000e+03,3.040919125396612799e-07
9.035000000000000000e+03,3.040084664007736137e-07
9.036000000000000000e+03,3.039792773051885888e-07
9.037000000000000000e+03,3.039482123767811572e-07
9.038000000000000000e+03,3.039096441170840990e-07
9.039000000000000000e+03,3.038369129626516951e-07
9.040000000000000000e+03,3.038346108041878324e-07
9.041000000000000000e+03,3.037875444533710834e-07
9.042000000000000000e+03,3.037432350083690835e-07
9.043000000000000000e+03,3.037089584267960163e-07
9.044000000000000000e+03,3.036698785763292108e-07
9.045000000000000000e+03,3.035908662241126876e-07
9.046000000000000000e+03,3.035446241028694203e-07
9.047000000000000000e+03,3.034361100162641378e-07
9.048000000000000000e+03,3.034030555681965780e-07
9.049000000000000000e+03,3.033524649254104588e-07
9.050000000000000000e+03,3.033087523363064975e-07
9.051000000000000000e+03,3.032642439393384848e-07
9.052000000000000000e+03,3.031610162906872574e-07
9.053000000000000000e+03,3.030955042504501762e-07
9.054000000000000000e+03,3.030452546681772219e-07
9.055000000000000000e+03,3.029453523595293518e-07
9.056000000000000000e+03,3.028495996204583207e-07
9.057000000000000000e+03,3.027693935564457206e-07
9.058000000000000000e+03,3.026845831755053950e-07
9.059000000000000000e+03,3.026147226137254620e-07
9.060000000000000000e+03,3.025350281404826092e-07
9.061000000000000000e+03,3.024462955636408878e-07
9.062000000000000000e+03,3.023820340786187444e-07
9.063000000000000000e+03,3.023288570602744585e-07
9.064000000000000000e+03,3.022883561243361328e-07
9.065000000000000000e+03,3.022389876150555210e-07
9.066000000000000000e+03,3.021862653440621216e-07
9.067000000000000000e+03,3.021669954250683077e-07
9.068000000000000000e+03,3.020707026735180989e-07
9.069000000000000000e+03,3.020378187557071215e-07
9.070000000000000000e+03,3.019241603396949358e-07
9.071000000000000000e+03,3.018854215497412952e-07
9.072000000000000000e+03,3.018106440322299022e-07
9.073000000000000000e+03,3.016972982550214510e-07
9.074000000000000000e+03,3.016749019479902927e-07
9.075000000000000000e+03,3.015895799762802199e-07
9.076000000000000000e+03,3.015750280610518530e-07
9.077000000000000000e+03,3.015521485849603778e-07
9.078000000000000000e+03,3.014897629327606410e-07
9.079000000000000000e+03,3.014139622337097535e-07
9.080000000000000000e+03,3.014129674738796894e-07
9.081000000000000000e+03,3.013699085840926273e-07
9.082000000000000000e+03,3.013123262007866288e-07
9.083000000000000000e+03,3.012801528257114114e-07
9.084000000000000000e+03,3.012285105796763673e-07
9.085000000000000000e+03,3.011607532243942842e-07
9.086000000000000000e+03,3.010967475347570144e-07
9.087000000000000000e+03,3.010694058502849657e-07
9.088000000000000000e+03,3.010404157066659536e-07
9.089000000000000000e+03,3.010002842529502232e-07
9.090000000000000000e+03,3.009470219694776461e-07
9.091000000000000000e+03,3.008900648637791164e-07
9.092000000000000000e+03,3.008522071468178183e-07
9.093000000000000000e+03,3.008165947449015221e-07
9.094000000000000000e+03,3.007511679697927320e-07
9.095000000000000000e+03,3.006401243510481436e-07
9.096000000000000000e+03,3.008350688560312847e-07
9.097000000000000000e+03,3.006032329722074792e-07
9.098000000000000000e+03,3.005332018801709637e-07
9.099000000000000000e+03,3.004944346685078926e-07
9.100000000000000000e+03,3.004514610438491218e-07
9.101000000000000000e+03,3.003912638632755261e-07
9.102000000000000000e+03,3.003098640874668490e-07
9.103000000000000000e+03,3.002771506999124540e-07
9.104000000000000000e+03,3.001777315603249008e-07
9.105000000000000000e+03,3.001280788339499850e-07
9.106000000000000000e+03,3.000777155648393091e-07
9.107000000000000000e+03,3.000304218403471168e-07
9.108000000000000000e+03,2.999657908731023781e-07
9.109000000000000000e+03,2.999251194069074700e-07
9.110000000000000000e+03,2.998446007040911354e-07
9.111000000000000000e+03,2.997894057443772908e-07
9.112000000000000000e+03,2.997391277403949061e-07
9.113000000000000000e+03,2.997014405536901904e-07
9.114000000000000000e+03,2.996451655690179905e-07
9.115000000000000000e+03,2.996213197548058815e-07
9.116000000000000000e+03,2.995061549881938845e-07
9.117000000000000000e+03,2.994483736529218731e-07
9.118000000000000000e+03,2.993391490235808305e-07
9.119000000000000000e+03,2.992764507325773593e-07
9.120000000000000000e+03,2.992179872762790183e-07
9.121000000000000000e+03,2.991831706822267734e-07
9.122000000000000000e+03,2.991001224472711328e-07
9.123000000000000000e+03,2.990206553477037232e-07
9.124000000000000000e+03,2.989803533637314104e-07
9.125000000000000000e+03,2.989369249917217530e-07
9.126000000000000000e+03,2.987959533129469492e-07
9.127000000000000000e+03,2.987072775795240887e-07
9.128000000000000000e+03,2.986540437177609419e-07
9.129000000000000000e+03,2.985802609600796131e-07
9.130000000000000000e+03,2.985349283335381187e-07
9.131000000000000000e+03,2.984524485327710863e-07
9.132000000000000000e+03,2.983303772907675011e-07
9.133000000000000000e+03,2.982457942835026188e-07
9.134000000000000000e+03,2.981818454372842098e-07
9.135000000000000000e+03,2.981387581257877173e-07
9.136000000000000000e+03,2.980766851123917149e-07
9.137000000000000000e+03,2.979831208449468249e-07
9.138000000000000000e+03,2.978860607072419953e-07
9.139000000000000000e+03,2.978192128466616850e-07
9.140000000000000000e+03,2.977480448862479534e-07
9.141000000000000000e+03,2.977402289161545923e-07
9.142000000000000000e+03,2.976466078052908415e-07
9.143000000000000000e+03,2.975397421778325224e-07
9.144000000000000000e+03,2.974593087401444791e-07
9.145000000000000000e+03,2.973979746911936672e-07
9.146000000000000000e+03,2.973416144413931761e-07
9.147000000000000000e+03,2.972708443849114701e-07
9.148000000000000000e+03,2.972165589198993985e-07
9.149000000000000000e+03,2.971590049583028303e-07
9.150000000000000000e+03,2.970916739286622033e-07
9.151000000000000000e+03,2.970429875404079212e-07
9.152000000000000000e+03,2.969941874653159175e-07
9.153000000000000000e+03,2.969083254811266670e-07
9.154000000000000000e+03,2.967942123177635949e-07
9.155000000000000000e+03,2.969506454064685386e-07
9.156000000000000000e+03,2.967196621739276452e-07
9.157000000000000000e+03,2.966008025850896956e-07
9.158000000000000000e+03,2.965494445561489556e-07
9.159000000000000000e+03,2.964654868264915422e-07
9.160000000000000000e+03,2.964315513054316398e-07
9.161000000000000000e+03,2.963769816233252641e-07
9.162000000000000000e+03,2.963356564578134567e-07
9.163000000000000000e+03,2.962998166822217172e-07
9.164000000000000000e+03,2.962036944609280908e-07
9.165000000000000000e+03,2.962013638807547977e-07
9.166000000000000000e+03,2.961232894449494779e-07
9.167000000000000000e+03,2.960842664379015332e-07
9.168000000000000000e+03,2.960178164812532486e-07
9.169000000000000000e+03,2.959399978408328025e-07
9.170000000000000000e+03,2.958748552828183165e-07
9.171000000000000000e+03,2.957962124128243886e-07
9.172000000000000000e+03,2.957555125249200501e-07
9.173000000000000000e+03,2.957003175652062055e-07
9.174000000000000000e+03,2.956613798232865520e-07
9.175000000000000000e+03,2.956339812953956425e-07
9.176000000000000000e+03,2.955913487312500365e-07
9.177000000000000000e+03,2.955538320748019032e-07
9.178000000000000000e+03,2.955277125238353619e-07
9.179000000000000000e+03,2.954772639895963948e-07
9.180000000000000000e+03,2.954068918370467145e-07
9.181000000000000000e+03,2.958776121886330657e-07
9.182000000000000000e+03,2.953651687676028814e-07
9.183000000000000000e+03,2.953024420548899798e-07
9.184000000000000000e+03,2.952461670702177798e-07
9.185000000000000000e+03,2.951415751795138931e-07
9.186000000000000000e+03,2.950813211555214366e-07
9.187000000000000000e+03,2.949859947420918616e-07
9.188000000000000000e+03,2.948970632132841274e-07
9.189000000000000000e+03,2.948422093140834477e-07
9.190000000000000000e+03,2.948113433376420289e-07
9.191000000000000000e+03,2.947582800061354646e-07
9.192000000000000000e+03,2.947207349279779010e-07
9.193000000000000000e+03,2.946329971109662438e-07
9.194000000000000000e+03,2.946020742911059642e-07
9.195000000000000000e+03,2.945205324067501351e-07
9.196000000000000000e+03,2.944881600797089050e-07
9.197000000000000000e+03,2.944442769603483612e-07
9.198000000000000000e+03,2.943873482763592619e-07
9.199000000000000000e+03,2.943739048077986808e-07
9.200000000000000000e+03,2.943046411019167863e-07
9.201000000000000000e+03,2.942842911579646170e-07
9.202000000000000000e+03,2.942517483006668044e-07
9.203000000000000000e+03,2.942317109955183696e-07
9.204000000000000000e+03,2.941573882253578631e-07
9.205000000000000000e+03,2.941208947504492244e-07
9.206000000000000000e+03,2.940703893727913965e-07
9.207000000000000000e+03,2.940223566838540137e-07
9.208000000000000000e+03,2.939453054295881884e-07
9.209000000000000000e+03,2.938950842690246645e-07
9.210000000000000000e+03,2.938519116923998808e-07
9.211000000000000000e+03,2.938043337508133845e-07
9.212000000000000000e+03,2.937613601261546137e-07
9.213000000000000000e+03,2.936830867383832810e-07
9.214000000000000000e+03,2.936336329639743781e-07
9.215000000000000000e+03,2.935948657523113070e-07
9.216000000000000000e+03,2.935568090833839960e-07
9.217000000000000000e+03,2.935138638804346556e-07
9.218000000000000000e+03,2.934200153958954616e-07
9.219000000000000000e+03,2.933436746843653964e-07
9.220000000000000000e+03,2.933586529252352193e-07
9.221000000000000000e+03,2.932960114776506089e-07
9.222000000000000000e+03,2.932531231181201292e-07
9.223000000000000000e+03,2.932261793375801062e-07
9.224000000000000000e+03,2.931606957190524554e-07
9.225000000000000000e+03,2.931217579771328019e-07
9.226000000000000000e+03,2.930854918758996064e-07
9.227000000000000000e+03,2.930382265731168445e-07
9.228000000000000000e+03,2.929721460986911552e-07
9.229000000000000000e+03,2.929439233412267640e-07
9.230000000000000000e+03,2.928757965037220856e-07
9.231000000000000000e+03,2.928532012447249144e-07
9.232000000000000000e+03,2.928533149315626360e-07
9.233000000000000000e+03,2.928660762790968874e-07
9.234000000000000000e+03,2.928523770151514327e-07
9.235000000000000000e+03,2.928513822553213686e-07
9.236000000000000000e+03,2.928635751686670119e-07
9.237000000000000000e+03,2.928592266471241601e-07
9.238000000000000000e+03,2.928514106770307990e-07
9.239000000000000000e+03,2.928513822553213686e-07
9.240000000000000000e+03,2.947192285773780895e-07
9.241000000000000000e+03,2.928332492047047708e-07
9.242000000000000000e+03,2.928035769400594290e-07
9.243000000000000000e+03,2.927527873453072971e-07
9.244000000000000000e+03,2.927262414686992997e-07
9.245000000000000000e+03,2.927030777755135205e-07
9.246000000000000000e+03,2.926248612311610486e-07
9.247000000000000000e+03,2.925949047494214028e-07
9.248000000000000000e+03,2.925359297023533145e-07
9.249000000000000000e+03,2.924797115610999754e-07
9.250000000000000000e+03,2.924323894148983527e-07
9.251000000000000000e+03,2.923795818787766621e-07
9.252000000000000000e+03,2.923302417912054807e-07
9.253000000000000000e+03,2.922572832630976336e-07
9.254000000000000000e+03,2.921823920587485190e-07
9.255000000000000000e+03,2.921420048096479150e-07
9.256000000000000000e+03,2.920894530689110979e-07
9.257000000000000000e+03,2.921003101619135123e-07
9.258000000000000000e+03,2.920498900493839756e-07
9.259000000000000000e+03,2.920119470672943862e-07
9.260000000000000000e+03,2.919521762123622466e-07
9.261000000000000000e+03,2.919294956882367842e-07
9.262000000000000000e+03,2.918747838975832565e-07
9.263000000000000000e+03,2.918199299983825767e-07
9.264000000000000000e+03,2.917788322065462125e-07
9.265000000000000000e+03,2.917443850947165629e-07
9.266000000000000000e+03,2.917237793553795200e-07
9.267000000000000000e+03,2.917051062922837446e-07
9.268000000000000000e+03,2.916717676271218807e-07
9.269000000000000000e+03,2.916135599662084132e-07
9.270000000000000000e+03,2.915600418873509625e-07
9.271000000000000000e+03,2.914933361353178043e-07
9.272000000000000000e+03,2.914457297720218776e-07
9.273000000000000000e+03,2.913730270392989041e-07
9.274000000000000000e+03,2.912994148118741577e-07
9.275000000000000000e+03,2.911915828462952049e-07
9.276000000000000000e+03,2.911303909058915451e-07
9.277000000000000000e+03,2.910647083353978815e-07
9.278000000000000000e+03,2.910519469878636301e-07
9.279000000000000000e+03,2.910030048042244744e-07
9.280000000000000000e+03,2.909524994265666464e-07
9.281000000000000000e+03,2.908859926264995011e-07
9.282000000000000000e+03,2.908219016717339400e-07
9.283000000000000000e+03,2.907727036927099107e-07
9.284000000000000000e+03,2.907353859882277902e-07
9.285000000000000000e+03,2.906558904669509502e-07
9.286000000000000000e+03,2.906197948959743371e-07
9.287000000000000000e+03,2.905590008595027030e-07
9.288000000000000000e+03,2.904871791997720720e-07
9.289000000000000000e+03,2.904229461364593590e-07
9.290000000000000000e+03,2.903800009335100185e-07
9.291000000000000000e+03,2.903561835410073400e-07
9.292000000000000000e+03,2.902776827795605641e-07
9.293000000000000000e+03,2.902515348068845924e-07
9.294000000000000000e+03,2.901996367654646747e-07
9.295000000000000000e+03,2.900944480188627494e-07
9.296000000000000000e+03,2.900544018302753102e-07
9.297000000000000000e+03,2.899690514368558070e-07
9.298000000000000000e+03,2.899209619044995634e-07
9.299000000000000000e+03,2.898176205690106144e-07
9.300000000000000000e+03,2.897335775742249098e-07
9.301000000000000000e+03,2.896119326578627806e-07
9.302000000000000000e+03,2.896971125210257014e-07
9.303000000000000000e+03,2.895516786338703241e-07
9.304000000000000000e+03,2.895074828757060459e-07
9.305000000000000000e+03,2.894226440730562899e-07
9.306000000000000000e+03,2.893766861689073266e-07
9.307000000000000000e+03,2.893156931804696796e-07
9.308000000000000000e+03,2.892556949518620968e-07
9.309000000000000000e+03,2.891938777338509681e-07
9.310000000000000000e+03,2.891354711209714878e-07
9.311000000000000000e+03,2.891022745643567760e-07
9.312000000000000000e+03,2.890330392801843118e-07
9.313000000000000000e+03,2.889734105337993242e-07
9.314000000000000000e+03,2.889079553369811038e-07
9.315000000000000000e+03,2.888956203150883084e-07
9.316000000000000000e+03,2.888021981561905704e-07
9.317000000000000000e+03,2.888495203023921931e-07
9.318000000000000000e+03,2.887721564093226334e-07
9.319000000000000000e+03,2.887295238451770274e-07
9.320000000000000000e+03,2.886703782678523567e-07
9.321000000000000000e+03,2.886281720293482067e-07
9.322000000000000000e+03,2.886113463773654075e-07
9.323000000000000000e+03,2.885767003135697450e-07
9.324000000000000000e+03,2.885351477743824944e-07
9.325000000000000000e+03,2.884626155719161034e-07
9.326000000000000000e+03,2.883791410113190068e-07
9.327000000000000000e+03,2.883097067751805298e-07
9.328000000000000000e+03,2.882374872115178732e-07
9.329000000000000000e+03,2.881933482967724558e-07
9.330000000000000000e+03,2.881469640669820365e-07
9.331000000000000000e+03,2.880934175664151553e-07
9.332000000000000000e+03,2.880152862871909747e-07
9.333000000000000000e+03,2.879391729493363528e-07
9.334000000000000000e+03,2.879093017327249981e-07
9.335000000000000000e+03,2.878988709653640399e-07
9.336000000000000000e+03,2.878495592995022889e-07
9.337000000000000000e+03,2.878137763673294103e-07
9.338000000000000000e+03,2.877302733850228833e-07
9.339000000000000000e+03,2.877651752442034194e-07
9.340000000000000000e+03,2.876876976642961381e-07
9.341000000000000000e+03,2.876295752685109619e-07
9.342000000000000000e+03,2.875742097785405349e-07
9.343000000000000000e+03,2.874852214063139400e-07
9.344000000000000000e+03,2.875185032280569430e-07
9.345000000000000000e+03,2.874715221423684852e-07
9.346000000000000000e+03,2.874084827908518491e-07
9.347000000000000000e+03,2.873601943065295927e-07
9.348000000000000000e+03,2.873403559533471707e-07
9.349000000000000000e+03,2.872812387977319304e-07
9.350000000000000000e+03,2.872530728836864000e-07
9.351000000000000000e+03,2.872265270070784027e-07
9.352000000000000000e+03,2.871664719350519590e-07
9.353000000000000000e+03,2.871066442367009586e-07
9.354000000000000000e+03,2.870635569252044661e-07
9.355000000000000000e+03,2.870445712233049562e-07
9.356000000000000000e+03,2.869937816285528243e-07
9.357000000000000000e+03,2.869530533189390553e-07
9.358000000000000000e+03,2.868936519462295109e-07
9.359000000000000000e+03,2.868369790576252853e-07
9.360000000000000000e+03,2.867993202926300000e-07
9.361000000000000000e+03,2.867076602797169471e-07
9.362000000000000000e+03,2.866329964490432758e-07
9.363000000000000000e+03,2.865660917450441048e-07
9.364000000000000000e+03,2.865197927803819766e-07
9.365000000000000000e+03,2.864620682885288261e-07
9.366000000000000000e+03,2.864290422621706966e-07
9.367000000000000000e+03,2.863789632101543248e-07
9.368000000000000000e+03,2.863052372958918568e-07
9.369000000000000000e+03,2.862670385184173938e-07
9.370000000000000000e+03,2.862260544134187512e-07
9.371000000000000000e+03,2.861594339265138842e-07
9.372000000000000000e+03,2.862478254428424407e-07
9.373000000000000000e+03,2.861254415620351210e-07
9.374000000000000000e+03,2.860801373572030570e-07
9.375000000000000000e+03,2.860587926534208236e-07
9.376000000000000000e+03,2.860116978808946442e-07
9.377000000000000000e+03,2.859654273379419465e-07
9.378000000000000000e+03,2.859230505691812141e-07
9.379000000000000000e+03,2.858762968571681995e-07
9.380000000000000000e+03,2.858282073248119559e-07
9.381000000000000000e+03,2.857356378171971301e-07
9.382000000000000000e+03,2.856838534626149340e-07
9.383000000000000000e+03,2.856122023331408855e-07
9.384000000000000000e+03,2.855775278476357926e-07
9.385000000000000000e+03,2.854976628441363573e-07
9.386000000000000000e+03,2.854329466117633274e-07
9.387000000000000000e+03,2.853350622444850160e-07
9.388000000000000000e+03,2.852881664239248494e-07
9.389000000000000000e+03,2.852594036539812805e-07
9.390000000000000000e+03,2.852415548204589868e-07
9.391000000000000000e+03,2.851961085070797708e-07
9.392000000000000000e+03,2.851562612704583444e-07
9.393000000000000000e+03,2.851042495422007050e-07
9.394000000000000000e+03,2.850567568657424999e-07
9.395000000000000000e+03,2.850337352811038727e-07
9.396000000000000000e+03,2.849835709639592096e-07
9.397000000000000000e+03,2.849672853244555881e-07
9.398000000000000000e+03,2.849194800091936486e-07
9.399000000000000000e+03,2.849224358669744106e-07
9.400000000000000000e+03,2.849092197720892727e-07
9.401000000000000000e+03,2.848764495411160169e-07
9.402000000000000000e+03,2.848214819550776156e-07
9.403000000000000000e+03,2.847675659722881392e-07
9.404000000000000000e+03,2.847223470325843664e-07
9.405000000000000000e+03,2.846935842626407975e-07
9.406000000000000000e+03,2.846592792593582999e-07
9.407000000000000000e+03,2.846144013801676920e-07
9.408000000000000000e+03,2.845488609182211803e-07
9.409000000000000000e+03,2.845548863206204260e-07
9.410000000000000000e+03,2.845135895768180490e-07
9.411000000000000000e+03,2.844761866072076373e-07
9.412000000000000000e+03,2.844140283286833437e-07
9.413000000000000000e+03,2.843563038368301932e-07
9.414000000000000000e+03,2.843360960014251759e-07
9.415000000000000000e+03,2.842792810042737983e-07
9.416000000000000000e+03,2.842406843228673097e-07
9.417000000000000000e+03,2.841783555140864337e-07
9.418000000000000000e+03,2.841213699866784737e-07
9.419000000000000000e+03,2.840357069544552360e-07
9.420000000000000000e+03,2.839682053945580265e-07
9.421000000000000000e+03,2.839064165982563281e-07
9.422000000000000000e+03,2.838877719568699831e-07
9.423000000000000000e+03,2.838493173840106465e-07
9.424000000000000000e+03,2.837877275396749610e-07
9.425000000000000000e+03,2.837204817751626251e-07
9.426000000000000000e+03,2.836663384186977055e-07
9.427000000000000000e+03,2.836123655924893683e-07
9.428000000000000000e+03,2.835468251305428566e-07
9.429000000000000000e+03,2.834990482369903475e-07
9.430000000000000000e+03,2.834482017988193547e-07
9.431000000000000000e+03,2.834576093846408185e-07
9.432000000000000000e+03,2.834601957601989852e-07
9.433000000000000000e+03,2.834604231338744285e-07
9.434000000000000000e+03,2.834497365711285966e-07
9.435000000000000000e+03,2.834482017988193547e-07
9.436000000000000000e+03,2.834482017988193547e-07
9.437000000000000000e+03,2.834482017988193547e-07
9.438000000000000000e+03,2.834482017988193547e-07
9.439000000000000000e+03,2.834482017988193547e-07
9.440000000000000000e+03,2.834482017988193547e-07
9.441000000000000000e+03,2.834482017988193547e-07
9.442000000000000000e+03,2.834482017988193547e-07
9.443000000000000000e+03,2.834482017988193547e-07
9.444000000000000000e+03,2.834482017988193547e-07
9.445000000000000000e+03,2.834482017988193547e-07
9.446000000000000000e+03,2.834482017988193547e-07
