0.000000000000000000e+00,5.001894235610961914e-01
1.000000000000000000e+00,9.786194562911987305e-01
2.000000000000000000e+00,4.839365780353546143e-01
3.000000000000000000e+00,4.652799367904663086e-01
4.000000000000000000e+00,4.467541873455047607e-01
5.000000000000000000e+00,4.314731061458587646e-01
6.000000000000000000e+00,4.331415891647338867e-01
7.000000000000000000e+00,4.113474190235137939e-01
8.000000000000000000e+00,4.026357531547546387e-01
9.000000000000000000e+00,3.876891136169433594e-01
1.000000000000000000e+01,3.764663636684417725e-01
1.100000000000000000e+01,3.628917932510375977e-01
1.200000000000000000e+01,3.496378064155578613e-01
1.300000000000000000e+01,3.348886370658874512e-01
1.400000000000000000e+01,3.235186934471130371e-01
1.500000000000000000e+01,3.091104328632354736e-01
1.600000000000000000e+01,3.698814809322357178e-01
1.700000000000000000e+01,2.845416069030761719e-01
1.800000000000000000e+01,2.614870667457580566e-01
1.900000000000000000e+01,2.308470159769058228e-01
2.000000000000000000e+01,2.251540571451187134e-01
2.100000000000000000e+01,2.216564416885375977e-01
2.200000000000000000e+01,2.251991480588912964e-01
2.300000000000000000e+01,2.121151089668273926e-01
2.400000000000000000e+01,1.967889666557312012e-01
2.500000000000000000e+01,1.949698925018310547e-01
2.600000000000000000e+01,1.851238012313842773e-01
2.700000000000000000e+01,1.833452582359313965e-01
2.800000000000000000e+01,1.762700974941253662e-01
2.900000000000000000e+01,1.704493016004562378e-01
3.000000000000000000e+01,1.660612374544143677e-01
3.100000000000000000e+01,1.610282957553863525e-01
3.200000000000000000e+01,1.505187451839447021e-01
3.300000000000000000e+01,1.447498202323913574e-01
3.400000000000000000e+01,1.411301195621490479e-01
3.500000000000000000e+01,1.386280506849288940e-01
3.600000000000000000e+01,1.357430070638656616e-01
3.700000000000000000e+01,1.305011510848999023e-01
3.800000000000000000e+01,1.263970881700515747e-01
3.900000000000000000e+01,1.235919669270515442e-01
4.000000000000000000e+01,1.211274042725563049e-01
4.100000000000000000e+01,1.190554425120353699e-01
4.200000000000000000e+01,1.136587262153625488e-01
4.300000000000000000e+01,1.107297390699386597e-01
4.400000000000000000e+01,1.079576537013053894e-01
4.500000000000000000e+01,1.062854006886482239e-01
4.600000000000000000e+01,1.028690412640571594e-01
4.700000000000000000e+01,9.586517512798309326e-02
4.800000000000000000e+01,8.947736024856567383e-02
4.900000000000000000e+01,8.831144124269485474e-02
5.000000000000000000e+01,8.646941184997558594e-02
5.100000000000000000e+01,8.553173393011093140e-02
5.200000000000000000e+01,8.485349267721176147e-02
5.300000000000000000e+01,8.327221125364303589e-02
5.400000000000000000e+01,8.227992057800292969e-02
5.500000000000000000e+01,8.152054995298385620e-02
5.600000000000000000e+01,8.023294061422348022e-02
5.700000000000000000e+01,7.852251082658767700e-02
5.800000000000000000e+01,7.668293267488479614e-02
5.900000000000000000e+01,7.528921216726303101e-02
6.000000000000000000e+01,7.441048324108123779e-02
6.100000000000000000e+01,7.286804169416427612e-02
6.200000000000000000e+01,7.165624946355819702e-02
6.300000000000000000e+01,7.098326086997985840e-02
6.400000000000000000e+01,7.019466906785964966e-02
6.500000000000000000e+01,6.942404806613922119e-02
6.600000000000000000e+01,6.809467822313308716e-02
6.700000000000000000e+01,6.701184809207916260e-02
6.800000000000000000e+01,6.545677781105041504e-02
6.900000000000000000e+01,6.490526348352432251e-02
7.000000000000000000e+01,6.393782049417495728e-02
7.100000000000000000e+01,6.269515305757522583e-02
7.200000000000000000e+01,6.075889989733695984e-02
7.300000000000000000e+01,5.953824520111083984e-02
7.400000000000000000e+01,5.886583775281906128e-02
7.500000000000000000e+01,5.840970575809478760e-02
7.600000000000000000e+01,5.806653574109077454e-02
7.700000000000000000e+01,5.744235962629318237e-02
7.800000000000000000e+01,5.668872222304344177e-02
7.900000000000000000e+01,5.534755811095237732e-02
8.000000000000000000e+01,5.385928973555564880e-02
8.100000000000000000e+01,5.288784205913543701e-02
8.200000000000000000e+01,5.234843119978904724e-02
8.300000000000000000e+01,5.164832621812820435e-02
8.400000000000000000e+01,5.070942267775535583e-02
8.500000000000000000e+01,5.041295662522315979e-02
8.600000000000000000e+01,4.987873509526252747e-02
8.700000000000000000e+01,4.937150701880455017e-02
8.800000000000000000e+01,4.881975427269935608e-02
8.900000000000000000e+01,4.809105768799781799e-02
9.000000000000000000e+01,4.763116315007209778e-02
9.100000000000000000e+01,4.721417278051376343e-02
9.200000000000000000e+01,4.676124453544616699e-02
9.300000000000000000e+01,4.615370929241180420e-02
9.400000000000000000e+01,4.548079147934913635e-02
9.500000000000000000e+01,4.486267641186714172e-02
9.600000000000000000e+01,4.436993226408958435e-02
9.700000000000000000e+01,4.393202066421508789e-02
9.800000000000000000e+01,4.361423850059509277e-02
9.900000000000000000e+01,4.322044551372528076e-02
1.000000000000000000e+02,4.272774234414100647e-02
1.010000000000000000e+02,4.234677180647850037e-02
1.020000000000000000e+02,4.193217307329177856e-02
1.030000000000000000e+02,4.164039343595504761e-02
1.040000000000000000e+02,4.142731800675392151e-02
1.050000000000000000e+02,4.273876547813415527e-02
1.060000000000000000e+02,4.131169989705085754e-02
1.070000000000000000e+02,4.111566767096519470e-02
1.080000000000000000e+02,4.092762991786003113e-02
1.090000000000000000e+02,4.052482917904853821e-02
1.100000000000000000e+02,3.993322327733039856e-02
1.110000000000000000e+02,3.941742330789566040e-02
1.120000000000000000e+02,3.876641765236854553e-02
1.130000000000000000e+02,3.822742775082588196e-02
1.140000000000000000e+02,3.785479068756103516e-02
1.150000000000000000e+02,3.749701380729675293e-02
1.160000000000000000e+02,3.705369308590888977e-02
1.170000000000000000e+02,3.677681460976600647e-02
1.180000000000000000e+02,3.643686696887016296e-02
1.190000000000000000e+02,3.608604148030281067e-02
1.200000000000000000e+02,3.587548062205314636e-02
1.210000000000000000e+02,3.544221445918083191e-02
1.220000000000000000e+02,3.492638096213340759e-02
1.230000000000000000e+02,3.460454568266868591e-02
1.240000000000000000e+02,3.437711298465728760e-02
1.250000000000000000e+02,3.426799923181533813e-02
1.260000000000000000e+02,3.420086205005645752e-02
1.270000000000000000e+02,3.411532565951347351e-02
1.280000000000000000e+02,3.399193659424781799e-02
1.290000000000000000e+02,3.374232351779937744e-02
1.300000000000000000e+02,3.321447223424911499e-02
1.310000000000000000e+02,3.263685852289199829e-02
1.320000000000000000e+02,3.214950487017631531e-02
1.330000000000000000e+02,3.163329511880874634e-02
1.340000000000000000e+02,3.141047805547714233e-02
1.350000000000000000e+02,3.126004338264465332e-02
1.360000000000000000e+02,3.114254213869571686e-02
1.370000000000000000e+02,3.108619339764118195e-02
1.380000000000000000e+02,3.100310079753398895e-02
1.390000000000000000e+02,3.068821690976619720e-02
1.400000000000000000e+02,3.012921102344989777e-02
1.410000000000000000e+02,3.001411817967891693e-02
1.420000000000000000e+02,2.908195182681083679e-02
1.430000000000000000e+02,2.866837382316589355e-02
1.440000000000000000e+02,2.827623859047889709e-02
1.450000000000000000e+02,2.801240794360637665e-02
1.460000000000000000e+02,2.781425230205059052e-02
1.470000000000000000e+02,2.751925401389598846e-02
1.480000000000000000e+02,2.720513567328453064e-02
1.490000000000000000e+02,2.654535509645938873e-02
1.500000000000000000e+02,2.602882124483585358e-02
1.510000000000000000e+02,2.574046328663825989e-02
1.520000000000000000e+02,2.564033865928649902e-02
1.530000000000000000e+02,2.536747604608535767e-02
1.540000000000000000e+02,2.527289092540740967e-02
1.550000000000000000e+02,2.517486922442913055e-02
1.560000000000000000e+02,2.497051656246185303e-02
1.570000000000000000e+02,2.476065605878829956e-02
1.580000000000000000e+02,2.443251945078372955e-02
1.590000000000000000e+02,2.382815629243850708e-02
1.600000000000000000e+02,2.340189367532730103e-02
1.610000000000000000e+02,2.301452867686748505e-02
1.620000000000000000e+02,2.248238213360309601e-02
1.630000000000000000e+02,2.206290699541568756e-02
1.640000000000000000e+02,2.176456525921821594e-02
1.650000000000000000e+02,2.159019187092781067e-02
1.660000000000000000e+02,2.143823169171810150e-02
1.670000000000000000e+02,2.119116485118865967e-02
1.680000000000000000e+02,2.090627513825893402e-02
1.690000000000000000e+02,2.059459500014781952e-02
1.700000000000000000e+02,2.062864601612091064e-02
1.710000000000000000e+02,2.028900012373924255e-02
1.720000000000000000e+02,2.004388719797134399e-02
1.730000000000000000e+02,1.975398324429988861e-02
1.740000000000000000e+02,1.946279965341091156e-02
1.750000000000000000e+02,1.916804537177085876e-02
1.760000000000000000e+02,1.864734478294849396e-02
1.770000000000000000e+02,1.832488738000392914e-02
1.780000000000000000e+02,1.808607205748558044e-02
1.790000000000000000e+02,1.790548302233219147e-02
1.800000000000000000e+02,1.775962486863136292e-02
1.810000000000000000e+02,1.748773828148841858e-02
1.820000000000000000e+02,1.705148071050643921e-02
1.830000000000000000e+02,1.676752604544162750e-02
1.840000000000000000e+02,1.661853864789009094e-02
1.850000000000000000e+02,1.651539281010627747e-02
1.860000000000000000e+02,1.635651662945747375e-02
1.870000000000000000e+02,1.605472713708877563e-02
1.880000000000000000e+02,1.562971249222755432e-02
1.890000000000000000e+02,1.530571468174457550e-02
1.900000000000000000e+02,1.494339294731616974e-02
1.910000000000000000e+02,1.479658484458923340e-02
1.920000000000000000e+02,1.465985085815191269e-02
1.930000000000000000e+02,1.451687049120664597e-02
1.940000000000000000e+02,1.432643551379442215e-02
1.950000000000000000e+02,1.418007165193557739e-02
1.960000000000000000e+02,1.399759203195571899e-02
1.970000000000000000e+02,1.380992401391267776e-02
1.980000000000000000e+02,1.346042007207870483e-02
1.990000000000000000e+02,1.319873984903097153e-02
2.000000000000000000e+02,1.296171918511390686e-02
2.010000000000000000e+02,1.281353645026683807e-02
2.020000000000000000e+02,1.275205705314874649e-02
2.030000000000000000e+02,1.270551048219203949e-02
2.040000000000000000e+02,1.267547253519296646e-02
2.050000000000000000e+02,1.260964479297399521e-02
2.060000000000000000e+02,1.254333648830652237e-02
2.070000000000000000e+02,1.243896130472421646e-02
2.080000000000000000e+02,1.232130546122789383e-02
2.090000000000000000e+02,1.218454167246818542e-02
2.100000000000000000e+02,1.208824291825294495e-02
2.110000000000000000e+02,1.184111367911100388e-02
2.120000000000000000e+02,1.162305474281311035e-02
2.130000000000000000e+02,1.155542023479938507e-02
2.140000000000000000e+02,1.152051892131567001e-02
2.150000000000000000e+02,1.145364530384540558e-02
2.160000000000000000e+02,1.135156210511922836e-02
2.170000000000000000e+02,1.123765390366315842e-02
2.180000000000000000e+02,1.142886467278003693e-02
2.190000000000000000e+02,1.107586827129125595e-02
2.200000000000000000e+02,1.082741841673851013e-02
2.210000000000000000e+02,1.056608930230140686e-02
2.220000000000000000e+02,1.049894746392965317e-02
2.230000000000000000e+02,1.047219522297382355e-02
2.240000000000000000e+02,1.044772285968065262e-02
2.250000000000000000e+02,1.039704121649265289e-02
2.260000000000000000e+02,1.031502056866884232e-02
2.270000000000000000e+02,1.023381017148494720e-02
2.280000000000000000e+02,1.016802433878183365e-02
2.290000000000000000e+02,1.011157594621181488e-02
2.300000000000000000e+02,1.000323146581649780e-02
2.310000000000000000e+02,1.017750333994626999e-02
2.320000000000000000e+02,9.915475733578205109e-03
2.330000000000000000e+02,9.870854206383228302e-03
2.340000000000000000e+02,9.623733349144458771e-03
2.350000000000000000e+02,9.544343687593936920e-03
2.360000000000000000e+02,9.457507170736789703e-03
2.370000000000000000e+02,9.405818767845630646e-03
2.380000000000000000e+02,9.379500523209571838e-03
2.390000000000000000e+02,9.342580102384090424e-03
2.400000000000000000e+02,9.297418408095836639e-03
2.410000000000000000e+02,9.215096943080425262e-03
2.420000000000000000e+02,9.136603213846683502e-03
2.430000000000000000e+02,9.040653705596923828e-03
2.440000000000000000e+02,8.973073214292526245e-03
2.450000000000000000e+02,8.925921283662319183e-03
2.460000000000000000e+02,8.895340375602245331e-03
2.470000000000000000e+02,8.854247629642486572e-03
2.480000000000000000e+02,8.783658035099506378e-03
2.490000000000000000e+02,8.718880824744701385e-03
2.500000000000000000e+02,8.682359009981155396e-03
2.510000000000000000e+02,8.633683435618877411e-03
2.520000000000000000e+02,8.587569929659366608e-03
2.530000000000000000e+02,8.532196283340454102e-03
2.540000000000000000e+02,8.475012145936489105e-03
2.550000000000000000e+02,8.405657485127449036e-03
2.560000000000000000e+02,8.630981668829917908e-03
2.570000000000000000e+02,8.373222313821315765e-03
2.580000000000000000e+02,8.286401629447937012e-03
2.590000000000000000e+02,8.207498118281364441e-03
2.600000000000000000e+02,8.167857304215431213e-03
2.610000000000000000e+02,8.140137419104576111e-03
2.620000000000000000e+02,8.087331429123878479e-03
2.630000000000000000e+02,8.077766746282577515e-03
2.640000000000000000e+02,7.987260818481445312e-03
2.650000000000000000e+02,7.926816120743751526e-03
2.660000000000000000e+02,7.865585386753082275e-03
2.670000000000000000e+02,7.850415073335170746e-03
2.680000000000000000e+02,7.780196610838174820e-03
2.690000000000000000e+02,7.748635951429605484e-03
2.700000000000000000e+02,7.688542827963829041e-03
2.710000000000000000e+02,7.627238519489765167e-03
2.720000000000000000e+02,7.558207493275403976e-03
2.730000000000000000e+02,7.472684606909751892e-03
2.740000000000000000e+02,7.382515817880630493e-03
2.750000000000000000e+02,7.528408896178007126e-03
2.760000000000000000e+02,7.334528956562280655e-03
2.770000000000000000e+02,7.262201048433780670e-03
2.780000000000000000e+02,7.201840169727802277e-03
2.790000000000000000e+02,7.146494463086128235e-03
2.800000000000000000e+02,7.104254793375730515e-03
2.810000000000000000e+02,7.074267603456974030e-03
2.820000000000000000e+02,6.998970638960599899e-03
2.830000000000000000e+02,6.967458873987197876e-03
2.840000000000000000e+02,6.939203012734651566e-03
2.850000000000000000e+02,6.921220570802688599e-03
2.860000000000000000e+02,6.896580569446086884e-03
2.870000000000000000e+02,6.863628979772329330e-03
2.880000000000000000e+02,6.818487774580717087e-03
2.890000000000000000e+02,6.937532220035791397e-03
2.900000000000000000e+02,6.800264120101928711e-03
2.910000000000000000e+02,6.762327626347541809e-03
2.920000000000000000e+02,6.719012279063463211e-03
2.930000000000000000e+02,6.637521553784608841e-03
2.940000000000000000e+02,6.599138490855693817e-03
2.950000000000000000e+02,6.545481737703084946e-03
2.960000000000000000e+02,6.593582220375537872e-03
2.970000000000000000e+02,6.523748859763145447e-03
2.980000000000000000e+02,6.476171780377626419e-03
2.990000000000000000e+02,6.457910872995853424e-03
3.000000000000000000e+02,6.450262386351823807e-03
3.010000000000000000e+02,6.410480476915836334e-03
3.020000000000000000e+02,6.398463621735572815e-03
3.030000000000000000e+02,6.372164934873580933e-03
3.040000000000000000e+02,6.344163790345191956e-03
3.050000000000000000e+02,6.419448647648096085e-03
3.060000000000000000e+02,6.328076589852571487e-03
3.070000000000000000e+02,6.290207151323556900e-03
3.080000000000000000e+02,6.235090084373950958e-03
3.090000000000000000e+02,6.187330000102519989e-03
3.100000000000000000e+02,6.156996358186006546e-03
3.110000000000000000e+02,6.128084380179643631e-03
3.120000000000000000e+02,6.102429237216711044e-03
3.130000000000000000e+02,6.076174788177013397e-03
3.140000000000000000e+02,6.049986463040113449e-03
3.150000000000000000e+02,5.997124593704938889e-03
3.160000000000000000e+02,5.982794333249330521e-03
3.170000000000000000e+02,5.954344756901264191e-03
3.180000000000000000e+02,5.939971655607223511e-03
3.190000000000000000e+02,5.928914062678813934e-03
3.200000000000000000e+02,5.906889215111732483e-03
3.210000000000000000e+02,5.870431661605834961e-03
3.220000000000000000e+02,5.829358473420143127e-03
3.230000000000000000e+02,5.764303728938102722e-03
3.240000000000000000e+02,5.736474879086017609e-03
3.250000000000000000e+02,5.715132225304841995e-03
3.260000000000000000e+02,5.682604853063821793e-03
3.270000000000000000e+02,5.669609643518924713e-03
3.280000000000000000e+02,5.648438818752765656e-03
3.290000000000000000e+02,5.608498584479093552e-03
3.300000000000000000e+02,5.579895805567502975e-03
3.310000000000000000e+02,5.551615729928016663e-03
3.320000000000000000e+02,5.522436928004026413e-03
3.330000000000000000e+02,5.507347173988819122e-03
3.340000000000000000e+02,5.492527969181537628e-03
3.350000000000000000e+02,5.474075675010681152e-03
3.360000000000000000e+02,5.456583574414253235e-03
3.370000000000000000e+02,5.438597872853279114e-03
3.380000000000000000e+02,5.393227562308311462e-03
3.390000000000000000e+02,5.369691643863916397e-03
3.400000000000000000e+02,5.340714473277330399e-03
3.410000000000000000e+02,5.314695648849010468e-03
3.420000000000000000e+02,5.276532843708992004e-03
3.430000000000000000e+02,5.245495587587356567e-03
3.440000000000000000e+02,5.885684397071599960e-03
3.450000000000000000e+02,5.237698554992675781e-03
3.460000000000000000e+02,5.203533917665481567e-03
3.470000000000000000e+02,5.183082539588212967e-03
3.480000000000000000e+02,5.163887981325387955e-03
3.490000000000000000e+02,5.145639181137084961e-03
3.500000000000000000e+02,5.122940056025981903e-03
3.510000000000000000e+02,5.088948179036378860e-03
3.520000000000000000e+02,5.059876944869756699e-03
3.530000000000000000e+02,5.082940682768821716e-03
3.540000000000000000e+02,5.043753888458013535e-03
3.550000000000000000e+02,5.023058503866195679e-03
3.560000000000000000e+02,5.009083077311515808e-03
3.570000000000000000e+02,4.994744434952735901e-03
3.580000000000000000e+02,4.986055660992860794e-03
3.590000000000000000e+02,4.969632253050804138e-03
3.600000000000000000e+02,4.956157878041267395e-03
3.610000000000000000e+02,4.975654650479555130e-03
3.620000000000000000e+02,4.945155698806047440e-03
3.630000000000000000e+02,4.923746921122074127e-03
3.640000000000000000e+02,4.996285773813724518e-03
3.650000000000000000e+02,4.907985683530569077e-03
3.660000000000000000e+02,4.896336235105991364e-03
3.670000000000000000e+02,4.891965538263320923e-03
3.680000000000000000e+02,4.882404580712318420e-03
3.690000000000000000e+02,4.857916850596666336e-03
3.700000000000000000e+02,4.826141521334648132e-03
3.710000000000000000e+02,4.792367108166217804e-03
3.720000000000000000e+02,4.750915337353944778e-03
3.730000000000000000e+02,4.718242678791284561e-03
3.740000000000000000e+02,4.689988680183887482e-03
3.750000000000000000e+02,4.668019711971282959e-03
3.760000000000000000e+02,4.654434975236654282e-03
3.770000000000000000e+02,4.640957806259393692e-03
3.780000000000000000e+02,4.624745342880487442e-03
3.790000000000000000e+02,4.599146544933319092e-03
3.800000000000000000e+02,4.567366559058427811e-03
3.810000000000000000e+02,4.542192444205284119e-03
3.820000000000000000e+02,4.524941090494394302e-03
3.830000000000000000e+02,4.506358411163091660e-03
3.840000000000000000e+02,4.490452352911233902e-03
3.850000000000000000e+02,4.510144703090190887e-03
3.860000000000000000e+02,4.485243000090122223e-03
3.870000000000000000e+02,4.472414962947368622e-03
3.880000000000000000e+02,4.455134738236665726e-03
3.890000000000000000e+02,4.430626519024372101e-03
3.900000000000000000e+02,4.396244417876005173e-03
3.910000000000000000e+02,4.363565240055322647e-03
3.920000000000000000e+02,4.341750405728816986e-03
3.930000000000000000e+02,4.322803579270839691e-03
3.940000000000000000e+02,4.309709183871746063e-03
3.950000000000000000e+02,4.290048032999038696e-03
3.960000000000000000e+02,4.277498461306095123e-03
3.970000000000000000e+02,4.269680939614772797e-03
3.980000000000000000e+02,4.262120928615331650e-03
3.990000000000000000e+02,4.260480403900146484e-03
4.000000000000000000e+02,4.247489850968122482e-03
4.010000000000000000e+02,4.242224153131246567e-03
4.020000000000000000e+02,4.234482534229755402e-03
4.030000000000000000e+02,4.223029594868421555e-03
4.040000000000000000e+02,4.208177328109741211e-03
4.050000000000000000e+02,4.191704560071229935e-03
4.060000000000000000e+02,4.164316691458225250e-03
4.070000000000000000e+02,4.127098713070154190e-03
4.080000000000000000e+02,4.110971931368112564e-03
4.090000000000000000e+02,4.295971710234880447e-03
4.100000000000000000e+02,4.104847088456153870e-03
4.110000000000000000e+02,4.091223236173391342e-03
4.120000000000000000e+02,4.076005425304174423e-03
4.130000000000000000e+02,4.058135673403739929e-03
4.140000000000000000e+02,4.042207263410091400e-03
4.150000000000000000e+02,4.027340561151504517e-03
4.160000000000000000e+02,4.008579067885875702e-03
4.170000000000000000e+02,3.997544758021831512e-03
4.180000000000000000e+02,3.992736805230379105e-03
4.190000000000000000e+02,3.990367054939270020e-03
4.200000000000000000e+02,3.987520001828670502e-03
4.210000000000000000e+02,3.979132045060396194e-03
4.220000000000000000e+02,3.965688403695821762e-03
4.230000000000000000e+02,3.972036764025688171e-03
4.240000000000000000e+02,3.958087414503097534e-03
4.250000000000000000e+02,3.944516647607088089e-03
4.260000000000000000e+02,3.931573592126369476e-03
4.270000000000000000e+02,3.918886650353670120e-03
4.280000000000000000e+02,3.910474479198455811e-03
4.290000000000000000e+02,3.897772869095206261e-03
4.300000000000000000e+02,3.883698955178260803e-03
4.310000000000000000e+02,3.875804832205176353e-03
4.320000000000000000e+02,3.866056911647319794e-03
4.330000000000000000e+02,3.858905751258134842e-03
4.340000000000000000e+02,3.850379958748817444e-03
4.350000000000000000e+02,3.839926095679402351e-03
4.360000000000000000e+02,3.826950909569859505e-03
4.370000000000000000e+02,3.817337797954678535e-03
4.380000000000000000e+02,3.808126784861087799e-03
4.390000000000000000e+02,3.795777913182973862e-03
4.400000000000000000e+02,3.781997598707675934e-03
4.410000000000000000e+02,3.764096880331635475e-03
4.420000000000000000e+02,3.751560114324092865e-03
4.430000000000000000e+02,3.732675919309258461e-03
4.440000000000000000e+02,3.716620616614818573e-03
4.450000000000000000e+02,3.708921838551759720e-03
4.460000000000000000e+02,3.693557810038328171e-03
4.470000000000000000e+02,3.688951022922992706e-03
4.480000000000000000e+02,3.684671130031347275e-03
4.490000000000000000e+02,3.676557913422584534e-03
4.500000000000000000e+02,3.691151738166809082e-03
4.510000000000000000e+02,3.671870799735188484e-03
4.520000000000000000e+02,3.664675867184996605e-03
4.530000000000000000e+02,3.652871819213032722e-03
4.540000000000000000e+02,3.641366958618164062e-03
4.550000000000000000e+02,3.630561754107475281e-03
4.560000000000000000e+02,3.623372642323374748e-03
4.570000000000000000e+02,3.611539956182241440e-03
4.580000000000000000e+02,3.595694666728377342e-03
4.590000000000000000e+02,3.581311320886015892e-03
4.600000000000000000e+02,3.574463538825511932e-03
4.610000000000000000e+02,3.570559667423367500e-03
4.620000000000000000e+02,3.567533567547798157e-03
4.630000000000000000e+02,3.558782860636711121e-03
4.640000000000000000e+02,3.549606306478381157e-03
4.650000000000000000e+02,3.543260972946882248e-03
4.660000000000000000e+02,3.537218784913420677e-03
4.670000000000000000e+02,3.529714886099100113e-03
4.680000000000000000e+02,3.523550461977720261e-03
4.690000000000000000e+02,3.529486944898962975e-03
4.700000000000000000e+02,3.520142287015914917e-03
4.710000000000000000e+02,3.513228613883256912e-03
4.720000000000000000e+02,3.503893269225955009e-03
4.730000000000000000e+02,3.492796327918767929e-03
4.740000000000000000e+02,3.484185785055160522e-03
4.750000000000000000e+02,3.538559656590223312e-03
4.760000000000000000e+02,3.479164792224764824e-03
4.770000000000000000e+02,3.471470670774579048e-03
4.780000000000000000e+02,3.461254993453621864e-03
4.790000000000000000e+02,3.454381600022315979e-03
4.800000000000000000e+02,3.446583636105060577e-03
4.810000000000000000e+02,3.438270650804042816e-03
4.820000000000000000e+02,3.432799829170107841e-03
4.830000000000000000e+02,3.425661474466323853e-03
4.840000000000000000e+02,3.418094711378216743e-03
4.850000000000000000e+02,3.406764939427375793e-03
4.860000000000000000e+02,3.397822147235274315e-03
4.870000000000000000e+02,3.389772726222872734e-03
4.880000000000000000e+02,3.382570343092083931e-03
4.890000000000000000e+02,3.366582561284303665e-03
4.900000000000000000e+02,3.366760909557342529e-03
4.910000000000000000e+02,3.352686995640397072e-03
4.920000000000000000e+02,3.340023802593350410e-03
4.930000000000000000e+02,3.333145519718527794e-03
4.940000000000000000e+02,3.324920311570167542e-03
4.950000000000000000e+02,3.316554939374327660e-03
4.960000000000000000e+02,3.306924365460872650e-03
4.970000000000000000e+02,3.298865165561437607e-03
4.980000000000000000e+02,3.289244137704372406e-03
4.990000000000000000e+02,3.277685493230819702e-03
5.000000000000000000e+02,3.265602979809045792e-03
5.010000000000000000e+02,3.309192601591348648e-03
5.020000000000000000e+02,3.261930774897336960e-03
5.030000000000000000e+02,3.257331904023885727e-03
5.040000000000000000e+02,3.251438029110431671e-03
5.050000000000000000e+02,3.246142528951168060e-03
5.060000000000000000e+02,3.239689627662301064e-03
5.070000000000000000e+02,3.231870941817760468e-03
5.080000000000000000e+02,3.219569334760308266e-03
5.090000000000000000e+02,3.208444686606526375e-03
5.100000000000000000e+02,3.200473729521036148e-03
5.110000000000000000e+02,3.190575400367379189e-03
5.120000000000000000e+02,3.184252651408314705e-03
5.130000000000000000e+02,3.178727114573121071e-03
5.140000000000000000e+02,3.170708892866969109e-03
5.150000000000000000e+02,3.164093010127544403e-03
5.160000000000000000e+02,3.177376231178641319e-03
5.170000000000000000e+02,3.160839900374412537e-03
5.180000000000000000e+02,3.154497127979993820e-03
5.190000000000000000e+02,3.147253766655921936e-03
5.200000000000000000e+02,3.140864893794059753e-03
5.210000000000000000e+02,3.135714679956436157e-03
5.220000000000000000e+02,3.129104385152459145e-03
5.230000000000000000e+02,3.124602371826767921e-03
5.240000000000000000e+02,3.119578585028648376e-03
5.250000000000000000e+02,3.126375144347548485e-03
5.260000000000000000e+02,3.115426748991012573e-03
5.270000000000000000e+02,3.108042059466242790e-03
5.280000000000000000e+02,3.088729223236441612e-03
5.290000000000000000e+02,3.076796652749180794e-03
5.300000000000000000e+02,3.062360920011997223e-03
5.310000000000000000e+02,3.052706131711602211e-03
5.320000000000000000e+02,3.047165228053927422e-03
5.330000000000000000e+02,3.039850620552897453e-03
5.340000000000000000e+02,3.037530463188886642e-03
5.350000000000000000e+02,3.020727075636386871e-03
5.360000000000000000e+02,3.012167289853096008e-03
5.370000000000000000e+02,2.999360440298914909e-03
5.380000000000000000e+02,2.992917317897081375e-03
5.390000000000000000e+02,3.052369458600878716e-03
5.400000000000000000e+02,2.991038840264081955e-03
5.410000000000000000e+02,2.983999904245138168e-03
5.420000000000000000e+02,2.980133052915334702e-03
5.430000000000000000e+02,2.977811731398105621e-03
5.440000000000000000e+02,2.975147217512130737e-03
5.450000000000000000e+02,2.970143221318721771e-03
5.460000000000000000e+02,2.961536403745412827e-03
5.470000000000000000e+02,2.955486765131354332e-03
5.480000000000000000e+02,2.962687518447637558e-03
5.490000000000000000e+02,2.950483234599232674e-03
5.500000000000000000e+02,2.946319058537483215e-03
5.510000000000000000e+02,2.942155115306377411e-03
5.520000000000000000e+02,2.933715004473924637e-03
5.530000000000000000e+02,2.927820431068539619e-03
5.540000000000000000e+02,2.917419420555233955e-03
5.550000000000000000e+02,2.911855466663837433e-03
5.560000000000000000e+02,2.907923189923167229e-03
5.570000000000000000e+02,2.902241423726081848e-03
5.580000000000000000e+02,2.899515442550182343e-03
5.590000000000000000e+02,2.897231606766581535e-03
5.600000000000000000e+02,2.890267642214894295e-03
5.610000000000000000e+02,2.880983520299196243e-03
5.620000000000000000e+02,2.882058033719658852e-03
5.630000000000000000e+02,2.875813283026218414e-03
5.640000000000000000e+02,2.867362694814801216e-03
5.650000000000000000e+02,2.850590972229838371e-03
5.660000000000000000e+02,2.839257009327411652e-03
5.670000000000000000e+02,2.830935642123222351e-03
5.680000000000000000e+02,2.822368638589978218e-03
5.690000000000000000e+02,2.810506382957100868e-03
5.700000000000000000e+02,2.808295423164963722e-03
5.710000000000000000e+02,2.799939597025513649e-03
5.720000000000000000e+02,2.796973800286650658e-03
5.730000000000000000e+02,2.791623584926128387e-03
5.740000000000000000e+02,2.787132747471332550e-03
5.750000000000000000e+02,2.782737137749791145e-03
5.760000000000000000e+02,2.779160393401980400e-03
5.770000000000000000e+02,2.776560839265584946e-03
5.780000000000000000e+02,2.774326596409082413e-03
5.790000000000000000e+02,2.778140595182776451e-03
5.800000000000000000e+02,2.771205501630902290e-03
5.810000000000000000e+02,2.765106502920389175e-03
5.820000000000000000e+02,2.760043600574135780e-03
5.830000000000000000e+02,2.755109686404466629e-03
5.840000000000000000e+02,2.749890321865677834e-03
5.850000000000000000e+02,2.762472257018089294e-03
5.860000000000000000e+02,2.746039070188999176e-03
5.870000000000000000e+02,2.738074865192174911e-03
5.880000000000000000e+02,2.725014230236411095e-03
5.890000000000000000e+02,2.718452131375670433e-03
5.900000000000000000e+02,2.710677217692136765e-03
5.910000000000000000e+02,2.703750506043434143e-03
5.920000000000000000e+02,2.698340220376849174e-03
5.930000000000000000e+02,2.693919232115149498e-03
5.940000000000000000e+02,2.689896849915385246e-03
5.950000000000000000e+02,2.686700085178017616e-03
5.960000000000000000e+02,2.683677710592746735e-03
5.970000000000000000e+02,2.681613434106111526e-03
5.980000000000000000e+02,2.680355915799736977e-03
5.990000000000000000e+02,2.671147463843226433e-03
6.000000000000000000e+02,2.666955813765525818e-03
6.010000000000000000e+02,2.659051911905407906e-03
6.020000000000000000e+02,2.653061645105481148e-03
6.030000000000000000e+02,2.647360321134328842e-03
6.040000000000000000e+02,2.643709303811192513e-03
6.050000000000000000e+02,2.641468541696667671e-03
6.060000000000000000e+02,2.639491111040115356e-03
6.070000000000000000e+02,2.638059901073575020e-03
6.080000000000000000e+02,2.637211233377456665e-03
6.090000000000000000e+02,2.635689219459891319e-03
6.100000000000000000e+02,2.632986754179000854e-03
6.110000000000000000e+02,2.630027709528803825e-03
6.120000000000000000e+02,2.624785527586936951e-03
6.130000000000000000e+02,2.621123800054192543e-03
6.140000000000000000e+02,2.617822727188467979e-03
6.150000000000000000e+02,2.614332130178809166e-03
6.160000000000000000e+02,2.611318137496709824e-03
6.170000000000000000e+02,2.607297850772738457e-03
6.180000000000000000e+02,2.602460095658898354e-03
6.190000000000000000e+02,2.596626756712794304e-03
6.200000000000000000e+02,2.593976911157369614e-03
6.210000000000000000e+02,2.589811338111758232e-03
6.220000000000000000e+02,2.583759604021906853e-03
6.230000000000000000e+02,2.585297683253884315e-03
6.240000000000000000e+02,2.579705789685249329e-03
6.250000000000000000e+02,2.573034726083278656e-03
6.260000000000000000e+02,2.565594855695962906e-03
6.270000000000000000e+02,2.563169458881020546e-03
6.280000000000000000e+02,2.556920051574707031e-03
6.290000000000000000e+02,2.553322585299611092e-03
6.300000000000000000e+02,2.600040519610047340e-03
6.310000000000000000e+02,2.550905337557196617e-03
6.320000000000000000e+02,2.545143943279981613e-03
6.330000000000000000e+02,2.541231689974665642e-03
6.340000000000000000e+02,2.535008825361728668e-03
6.350000000000000000e+02,2.529222052544355392e-03
6.360000000000000000e+02,2.524870680645108223e-03
6.370000000000000000e+02,2.518588211387395859e-03
6.380000000000000000e+02,2.511546015739440918e-03
6.390000000000000000e+02,2.507698023691773415e-03
6.400000000000000000e+02,2.503322670236229897e-03
6.410000000000000000e+02,2.497334731742739677e-03
6.420000000000000000e+02,2.491897670552134514e-03
6.430000000000000000e+02,2.484583761543035507e-03
6.440000000000000000e+02,2.477557398378849030e-03
6.450000000000000000e+02,2.469663042575120926e-03
6.460000000000000000e+02,2.468158490955829620e-03
6.470000000000000000e+02,2.461206400766968727e-03
6.480000000000000000e+02,2.459488576278090477e-03
6.490000000000000000e+02,2.459449227899312973e-03
6.500000000000000000e+02,2.457380061969161034e-03
6.510000000000000000e+02,2.455029636621475220e-03
6.520000000000000000e+02,2.452021697536110878e-03
6.530000000000000000e+02,2.448620274662971497e-03
6.540000000000000000e+02,2.444152953103184700e-03
6.550000000000000000e+02,2.437716582790017128e-03
6.560000000000000000e+02,2.520429668948054314e-03
6.570000000000000000e+02,2.436090959236025810e-03
6.580000000000000000e+02,2.431270666420459747e-03
6.590000000000000000e+02,2.424100413918495178e-03
6.600000000000000000e+02,2.420267788693308830e-03
6.610000000000000000e+02,2.418847754597663879e-03
6.620000000000000000e+02,2.415952738374471664e-03
6.630000000000000000e+02,2.414180431514978409e-03
6.640000000000000000e+02,2.412458881735801697e-03
6.650000000000000000e+02,2.417995128780603409e-03
6.660000000000000000e+02,2.411482157185673714e-03
6.670000000000000000e+02,2.409244887530803680e-03
6.680000000000000000e+02,2.406146144494414330e-03
6.690000000000000000e+02,2.402044599875807762e-03
6.700000000000000000e+02,2.394304377958178520e-03
6.710000000000000000e+02,2.389491768553853035e-03
6.720000000000000000e+02,2.380642807111144066e-03
6.730000000000000000e+02,2.370979636907577515e-03
6.740000000000000000e+02,2.365851541981101036e-03
6.750000000000000000e+02,2.372737042605876923e-03
6.760000000000000000e+02,2.363265492022037506e-03
6.770000000000000000e+02,2.358958357945084572e-03
6.780000000000000000e+02,2.352796262130141258e-03
6.790000000000000000e+02,2.346497029066085815e-03
6.800000000000000000e+02,2.338106976822018623e-03
6.810000000000000000e+02,2.350654220208525658e-03
6.820000000000000000e+02,2.334333723410964012e-03
6.830000000000000000e+02,2.326303161680698395e-03
6.840000000000000000e+02,2.322657499462366104e-03
6.850000000000000000e+02,2.320318482816219330e-03
6.860000000000000000e+02,2.351903822273015976e-03
6.870000000000000000e+02,2.318657701835036278e-03
6.880000000000000000e+02,2.316136844456195831e-03
6.890000000000000000e+02,2.308880910277366638e-03
6.900000000000000000e+02,2.302826382219791412e-03
6.910000000000000000e+02,2.294753212481737137e-03
6.920000000000000000e+02,2.290688222274184227e-03
6.930000000000000000e+02,2.287891693413257599e-03
6.940000000000000000e+02,2.285435562953352928e-03
6.950000000000000000e+02,2.282725181430578232e-03
6.960000000000000000e+02,2.278067870065569878e-03
6.970000000000000000e+02,2.271953038871288300e-03
6.980000000000000000e+02,2.264474518597126007e-03
6.990000000000000000e+02,2.259759930893778801e-03
7.000000000000000000e+02,2.254756866022944450e-03
7.010000000000000000e+02,2.252341946586966515e-03
7.020000000000000000e+02,2.245792420580983162e-03
7.030000000000000000e+02,2.241695299744606018e-03
7.040000000000000000e+02,2.238865941762924194e-03
7.050000000000000000e+02,2.240009373053908348e-03
7.060000000000000000e+02,2.236299682408571243e-03
7.070000000000000000e+02,2.232274739071726799e-03
7.080000000000000000e+02,2.230216516181826591e-03
7.090000000000000000e+02,2.227039774879813194e-03
7.100000000000000000e+02,2.224530093371868134e-03
7.110000000000000000e+02,2.219786401838064194e-03
7.120000000000000000e+02,2.214706968516111374e-03
7.130000000000000000e+02,2.210429171100258827e-03
7.140000000000000000e+02,2.221240894868969917e-03
7.150000000000000000e+02,2.208254300057888031e-03
7.160000000000000000e+02,2.205205382779240608e-03
7.170000000000000000e+02,2.201650524511933327e-03
7.180000000000000000e+02,2.198115922510623932e-03
7.190000000000000000e+02,2.194381784647703171e-03
7.200000000000000000e+02,2.198633505031466484e-03
7.210000000000000000e+02,2.192371292039752007e-03
7.220000000000000000e+02,2.191175939515233040e-03
7.230000000000000000e+02,2.187667181715369225e-03
7.240000000000000000e+02,2.184515353292226791e-03
7.250000000000000000e+02,2.180670155212283134e-03
7.260000000000000000e+02,2.176498761400580406e-03
7.270000000000000000e+02,2.169261220842599869e-03
7.280000000000000000e+02,2.162090735509991646e-03
7.290000000000000000e+02,2.216173103079199791e-03
7.300000000000000000e+02,2.160137752071022987e-03
7.310000000000000000e+02,2.154066925868391991e-03
7.320000000000000000e+02,2.151126973330974579e-03
7.330000000000000000e+02,2.149041276425123215e-03
7.340000000000000000e+02,2.148376079276204109e-03
7.350000000000000000e+02,2.145764185115695000e-03
7.360000000000000000e+02,2.144946018233895302e-03
7.370000000000000000e+02,2.143092919141054153e-03
7.380000000000000000e+02,2.139954827725887299e-03
7.390000000000000000e+02,2.136000199243426323e-03
7.400000000000000000e+02,2.129501430317759514e-03
7.410000000000000000e+02,2.123280661180615425e-03
7.420000000000000000e+02,2.117687137797474861e-03
7.430000000000000000e+02,2.143348567187786102e-03
7.440000000000000000e+02,2.116471063345670700e-03
7.450000000000000000e+02,2.114301780238747597e-03
7.460000000000000000e+02,2.106440253555774689e-03
7.470000000000000000e+02,2.103385515511035919e-03
7.480000000000000000e+02,2.099367789924144745e-03
7.490000000000000000e+02,2.098012948408722878e-03
7.500000000000000000e+02,2.096464158967137337e-03
7.510000000000000000e+02,2.092991024255752563e-03
7.520000000000000000e+02,2.089451299980282784e-03
7.530000000000000000e+02,2.082600491121411324e-03
7.540000000000000000e+02,2.078073564916849136e-03
7.550000000000000000e+02,2.071852330118417740e-03
7.560000000000000000e+02,2.067549852654337883e-03
7.570000000000000000e+02,2.062884625047445297e-03
7.580000000000000000e+02,2.058964455500245094e-03
7.590000000000000000e+02,2.126255771145224571e-03
7.600000000000000000e+02,2.056913217529654503e-03
7.610000000000000000e+02,2.051399555057287216e-03
7.620000000000000000e+02,2.045996021479368210e-03
7.630000000000000000e+02,2.041568746790289879e-03
7.640000000000000000e+02,2.038748934864997864e-03
7.650000000000000000e+02,2.035359153524041176e-03
7.660000000000000000e+02,2.029298106208443642e-03
7.670000000000000000e+02,2.031510230153799057e-03
7.680000000000000000e+02,2.026151865720748901e-03
7.690000000000000000e+02,2.020272426307201385e-03
7.700000000000000000e+02,2.015622798353433609e-03
7.710000000000000000e+02,2.011692151427268982e-03
7.720000000000000000e+02,2.007351256906986237e-03
7.730000000000000000e+02,2.003640634939074516e-03
7.740000000000000000e+02,2.000444335862994194e-03
7.750000000000000000e+02,1.998398452997207642e-03
7.760000000000000000e+02,2.018623752519488335e-03
7.770000000000000000e+02,1.997648971155285835e-03
7.780000000000000000e+02,1.996021484956145287e-03
7.790000000000000000e+02,1.993788871914148331e-03
7.800000000000000000e+02,1.992443576455116272e-03
7.810000000000000000e+02,1.990057760849595070e-03
7.820000000000000000e+02,1.985639100894331932e-03
7.830000000000000000e+02,1.980988308787345886e-03
7.840000000000000000e+02,1.976746832951903343e-03
7.850000000000000000e+02,1.971453893929719925e-03
7.860000000000000000e+02,1.969859004020690918e-03
7.870000000000000000e+02,1.964019145816564560e-03
7.880000000000000000e+02,1.960993045940995216e-03
7.890000000000000000e+02,1.957792788743972778e-03
7.900000000000000000e+02,1.954542472958564758e-03
7.910000000000000000e+02,2.017809776589274406e-03
7.920000000000000000e+02,1.953782979398965836e-03
7.930000000000000000e+02,1.951190992258489132e-03
7.940000000000000000e+02,1.948584336787462234e-03
7.950000000000000000e+02,1.945408643223345280e-03
7.960000000000000000e+02,1.941293128766119480e-03
7.970000000000000000e+02,1.933908788487315178e-03
7.980000000000000000e+02,1.927834353409707546e-03
7.990000000000000000e+02,1.922603463754057884e-03
8.000000000000000000e+02,1.916218549013137817e-03
8.010000000000000000e+02,1.913156942464411259e-03
8.020000000000000000e+02,1.910792896524071693e-03
8.030000000000000000e+02,1.909267040900886059e-03
8.040000000000000000e+02,1.907516503706574440e-03
8.050000000000000000e+02,1.905546523630619049e-03
8.060000000000000000e+02,1.900947187095880508e-03
8.070000000000000000e+02,1.893385313451290131e-03
8.080000000000000000e+02,1.889295061118900776e-03
8.090000000000000000e+02,1.879339572042226791e-03
8.100000000000000000e+02,1.875608228147029877e-03
8.110000000000000000e+02,1.872321707196533680e-03
8.120000000000000000e+02,1.865470898337662220e-03
8.130000000000000000e+02,1.859409385360777378e-03
8.140000000000000000e+02,1.875485642813146114e-03
8.150000000000000000e+02,1.857143011875450611e-03
8.160000000000000000e+02,1.851186389103531837e-03
8.170000000000000000e+02,1.846672035753726959e-03
8.180000000000000000e+02,1.843978068791329861e-03
8.190000000000000000e+02,1.840716577135026455e-03
8.200000000000000000e+02,1.837228774093091488e-03
8.210000000000000000e+02,1.833682297728955746e-03
8.220000000000000000e+02,1.828178763389587402e-03
8.230000000000000000e+02,1.821054611355066299e-03
8.240000000000000000e+02,1.861845026724040508e-03
8.250000000000000000e+02,1.818375778384506702e-03
8.260000000000000000e+02,1.810804358683526516e-03
8.270000000000000000e+02,1.802251790650188923e-03
8.280000000000000000e+02,1.796263153664767742e-03
8.290000000000000000e+02,1.791322138160467148e-03
8.300000000000000000e+02,1.902573043480515480e-03
8.310000000000000000e+02,1.788494875654578209e-03
8.320000000000000000e+02,1.781320199370384216e-03
8.330000000000000000e+02,1.776084187440574169e-03
8.340000000000000000e+02,1.769227557815611362e-03
8.350000000000000000e+02,1.766963163390755653e-03
8.360000000000000000e+02,1.757239107973873615e-03
8.370000000000000000e+02,1.753918477334082127e-03
8.380000000000000000e+02,1.750611118040978909e-03
8.390000000000000000e+02,1.747309463098645210e-03
8.400000000000000000e+02,1.742505701258778572e-03
8.410000000000000000e+02,1.740154228173196316e-03
8.420000000000000000e+02,1.733709010295569897e-03
8.430000000000000000e+02,1.730579417198896408e-03
8.440000000000000000e+02,1.727017224766314030e-03
8.450000000000000000e+02,1.724140602163970470e-03
8.460000000000000000e+02,1.722699380479753017e-03
8.470000000000000000e+02,1.720127067528665066e-03
8.480000000000000000e+02,1.716764643788337708e-03
8.490000000000000000e+02,1.713509322144091129e-03
8.500000000000000000e+02,1.751690288074314594e-03
8.510000000000000000e+02,1.711994991637766361e-03
8.520000000000000000e+02,1.709878211840987206e-03
8.530000000000000000e+02,1.706636976450681686e-03
8.540000000000000000e+02,1.702541369013488293e-03
8.550000000000000000e+02,1.696068909950554371e-03
8.560000000000000000e+02,1.691907644271850586e-03
8.570000000000000000e+02,1.688038231804966927e-03
8.580000000000000000e+02,1.686608302406966686e-03
8.590000000000000000e+02,1.685435883700847626e-03
8.600000000000000000e+02,1.682819565758109093e-03
8.610000000000000000e+02,1.680225366726517677e-03
8.620000000000000000e+02,1.678241300396621227e-03
8.630000000000000000e+02,1.676719286479055882e-03
8.640000000000000000e+02,1.674829865805804729e-03
8.650000000000000000e+02,1.673016115091741085e-03
8.660000000000000000e+02,1.669704797677695751e-03
8.670000000000000000e+02,1.665219082497060299e-03
8.680000000000000000e+02,1.662055612541735172e-03
8.690000000000000000e+02,1.659116358496248722e-03
8.700000000000000000e+02,1.656907028518617153e-03
8.710000000000000000e+02,1.653732731938362122e-03
8.720000000000000000e+02,1.650980324484407902e-03
8.730000000000000000e+02,1.648911042138934135e-03
8.740000000000000000e+02,1.650836551561951637e-03
8.750000000000000000e+02,1.647655153647065163e-03
8.760000000000000000e+02,1.644290867261588573e-03
8.770000000000000000e+02,1.641135429963469505e-03
8.780000000000000000e+02,1.638906658627092838e-03
8.790000000000000000e+02,1.640326459892094135e-03
8.800000000000000000e+02,1.637316890992224216e-03
8.810000000000000000e+02,1.634426298551261425e-03
8.820000000000000000e+02,1.629265956580638885e-03
8.830000000000000000e+02,1.627497142180800438e-03
8.840000000000000000e+02,1.625134260393679142e-03
8.850000000000000000e+02,1.623191987164318562e-03
8.860000000000000000e+02,1.620507449842989445e-03
8.870000000000000000e+02,1.623416668735444546e-03
8.880000000000000000e+02,1.618049573153257370e-03
8.890000000000000000e+02,1.614940469153225422e-03
8.900000000000000000e+02,1.611195388250052929e-03
8.910000000000000000e+02,1.608162303455173969e-03
8.920000000000000000e+02,1.601495547220110893e-03
8.930000000000000000e+02,1.609928556717932224e-03
8.940000000000000000e+02,1.599012291990220547e-03
8.950000000000000000e+02,1.596736139617860317e-03
8.960000000000000000e+02,1.593658584170043468e-03
8.970000000000000000e+02,1.590537838637828827e-03
8.980000000000000000e+02,1.584232435561716557e-03
8.990000000000000000e+02,1.587102771736681461e-03
9.000000000000000000e+02,1.582143013365566730e-03
9.010000000000000000e+02,1.580046257004141808e-03
9.020000000000000000e+02,1.578719122335314751e-03
9.030000000000000000e+02,1.576677081175148487e-03
9.040000000000000000e+02,1.574233290739357471e-03
9.050000000000000000e+02,1.572691136971116066e-03
9.060000000000000000e+02,1.570618129335343838e-03
9.070000000000000000e+02,1.569425221532583237e-03
9.080000000000000000e+02,1.567493658512830734e-03
9.090000000000000000e+02,1.564318547025322914e-03
9.100000000000000000e+02,1.587148872204124928e-03
9.110000000000000000e+02,1.562702585943043232e-03
9.120000000000000000e+02,1.559282769449055195e-03
9.130000000000000000e+02,1.555275986902415752e-03
9.140000000000000000e+02,1.552749774418771267e-03
9.150000000000000000e+02,1.555224065668880939e-03
9.160000000000000000e+02,1.551286200992763042e-03
9.170000000000000000e+02,1.548664062283933163e-03
9.180000000000000000e+02,1.545819337479770184e-03
9.190000000000000000e+02,1.542489277198910713e-03
9.200000000000000000e+02,1.539761200547218323e-03
9.210000000000000000e+02,1.534191193059086800e-03
9.220000000000000000e+02,1.529315020889043808e-03
9.230000000000000000e+02,1.535770599730312824e-03
9.240000000000000000e+02,1.525386236608028412e-03
9.250000000000000000e+02,1.522953389212489128e-03
9.260000000000000000e+02,1.520269317552447319e-03
9.270000000000000000e+02,1.518323551863431931e-03
9.280000000000000000e+02,1.544269151054322720e-03
9.290000000000000000e+02,1.516707241535186768e-03
9.300000000000000000e+02,1.512992195785045624e-03
9.310000000000000000e+02,1.509533845819532871e-03
9.320000000000000000e+02,1.506481319665908813e-03
9.330000000000000000e+02,1.504259533248841763e-03
9.340000000000000000e+02,1.501109101809561253e-03
9.350000000000000000e+02,1.506238477304577827e-03
9.360000000000000000e+02,1.499219913966953754e-03
9.370000000000000000e+02,1.497070188634097576e-03
9.380000000000000000e+02,1.494975527748465538e-03
9.390000000000000000e+02,1.491105882450938225e-03
9.400000000000000000e+02,1.488044857978820801e-03
9.410000000000000000e+02,1.484353677369654179e-03
9.420000000000000000e+02,1.481494051404297352e-03
9.430000000000000000e+02,1.478760037571191788e-03
9.440000000000000000e+02,1.476252335123717785e-03
9.450000000000000000e+02,1.474092714488506317e-03
9.460000000000000000e+02,1.471401075832545757e-03
9.470000000000000000e+02,1.468814793042838573e-03
9.480000000000000000e+02,1.469780225306749344e-03
9.490000000000000000e+02,1.466623856686055660e-03
9.500000000000000000e+02,1.461151870898902416e-03
9.510000000000000000e+02,1.454571844078600407e-03
9.520000000000000000e+02,1.451958320103585720e-03
9.530000000000000000e+02,1.449235482141375542e-03
9.540000000000000000e+02,1.446498907171189785e-03
9.550000000000000000e+02,1.442410517483949661e-03
9.560000000000000000e+02,1.437978935427963734e-03
9.570000000000000000e+02,1.434632926248013973e-03
9.580000000000000000e+02,1.452208496630191803e-03
9.590000000000000000e+02,1.434081932529807091e-03
9.600000000000000000e+02,1.431699609383940697e-03
9.610000000000000000e+02,1.425471971742808819e-03
9.620000000000000000e+02,1.421381137333810329e-03
9.630000000000000000e+02,1.419780775904655457e-03
9.640000000000000000e+02,1.416322309523820877e-03
9.650000000000000000e+02,1.415173523128032684e-03
9.660000000000000000e+02,1.414153259247541428e-03
9.670000000000000000e+02,1.410461380146443844e-03
9.680000000000000000e+02,1.407943782396614552e-03
9.690000000000000000e+02,1.405973103828728199e-03
9.700000000000000000e+02,1.403740257956087589e-03
9.710000000000000000e+02,1.403092755936086178e-03
9.720000000000000000e+02,1.399806467816233635e-03
9.730000000000000000e+02,1.398245221935212612e-03
9.740000000000000000e+02,1.394399791024625301e-03
9.750000000000000000e+02,1.390616758726537228e-03
9.760000000000000000e+02,1.388152479194104671e-03
9.770000000000000000e+02,1.384878531098365784e-03
9.780000000000000000e+02,1.382314250804483891e-03
9.790000000000000000e+02,1.378764631226658821e-03
9.800000000000000000e+02,1.381199690513312817e-03
9.810000000000000000e+02,1.377051696181297302e-03
9.820000000000000000e+02,1.373200793750584126e-03
9.830000000000000000e+02,1.369109144434332848e-03
9.840000000000000000e+02,1.365993171930313110e-03
9.850000000000000000e+02,1.363384653814136982e-03
9.860000000000000000e+02,1.361220725812017918e-03
9.870000000000000000e+02,1.359024085104465485e-03
9.880000000000000000e+02,1.357433851808309555e-03
9.890000000000000000e+02,1.354531501419842243e-03
9.900000000000000000e+02,1.834969385527074337e-03
9.910000000000000000e+02,1.353834290057420731e-03
9.920000000000000000e+02,1.351057086139917374e-03
9.930000000000000000e+02,1.348602469079196453e-03
9.940000000000000000e+02,1.347102108411490917e-03
9.950000000000000000e+02,1.345386612229049206e-03
9.960000000000000000e+02,1.343563082627952099e-03
9.970000000000000000e+02,1.347445766441524029e-03
9.980000000000000000e+02,1.342380535788834095e-03
9.990000000000000000e+02,1.340295071713626385e-03
1.000000000000000000e+03,1.337818102911114693e-03
1.001000000000000000e+03,1.335383276455104351e-03
1.002000000000000000e+03,1.332840532995760441e-03
1.003000000000000000e+03,1.329850056208670139e-03
1.004000000000000000e+03,1.326661906205117702e-03
1.005000000000000000e+03,1.324900775216519833e-03
1.006000000000000000e+03,1.320506329648196697e-03
1.007000000000000000e+03,1.316295471042394638e-03
1.008000000000000000e+03,1.312512904405593872e-03
1.009000000000000000e+03,1.310035935603082180e-03
1.010000000000000000e+03,1.307856058701872826e-03
1.011000000000000000e+03,1.306594698689877987e-03
1.012000000000000000e+03,1.304721692577004433e-03
1.013000000000000000e+03,1.302561140619218349e-03
1.014000000000000000e+03,1.300327829085290432e-03
1.015000000000000000e+03,1.304673147387802601e-03
1.016000000000000000e+03,1.299657742492854595e-03
1.017000000000000000e+03,1.298171235248446465e-03
1.018000000000000000e+03,1.296937698498368263e-03
1.019000000000000000e+03,1.295831869356334209e-03
1.020000000000000000e+03,1.294547109864652157e-03
1.021000000000000000e+03,1.293037203140556812e-03
1.022000000000000000e+03,1.291759195737540722e-03
1.023000000000000000e+03,1.290374202653765678e-03
1.024000000000000000e+03,1.288822502829134464e-03
1.025000000000000000e+03,1.286534941755235195e-03
1.026000000000000000e+03,1.284453552216291428e-03
1.027000000000000000e+03,1.281812437810003757e-03
1.028000000000000000e+03,1.279438147321343422e-03
1.029000000000000000e+03,1.275534741580486298e-03
1.030000000000000000e+03,1.274112262763082981e-03
1.031000000000000000e+03,1.271806191653013229e-03
1.032000000000000000e+03,1.267012790776789188e-03
1.033000000000000000e+03,1.264371327124536037e-03
1.034000000000000000e+03,1.261641853488981724e-03
1.035000000000000000e+03,1.260085729882121086e-03
1.036000000000000000e+03,1.258739503100514412e-03
1.037000000000000000e+03,1.256041345186531544e-03
1.038000000000000000e+03,1.256786519661545753e-03
1.039000000000000000e+03,1.254690112546086311e-03
1.040000000000000000e+03,1.253208960406482220e-03
1.041000000000000000e+03,1.251388457603752613e-03
1.042000000000000000e+03,1.250377157703042030e-03
1.043000000000000000e+03,1.247974927537143230e-03
1.044000000000000000e+03,1.245111809112131596e-03
1.045000000000000000e+03,1.243450096808373928e-03
1.046000000000000000e+03,1.241402816958725452e-03
1.047000000000000000e+03,1.240408280864357948e-03
1.048000000000000000e+03,1.237359945662319660e-03
1.049000000000000000e+03,1.235306961461901665e-03
1.050000000000000000e+03,1.232567825354635715e-03
1.051000000000000000e+03,1.230759080499410629e-03
1.052000000000000000e+03,1.228834968060255051e-03
1.053000000000000000e+03,1.225072075612843037e-03
1.054000000000000000e+03,1.222328981384634972e-03
1.055000000000000000e+03,1.220005913637578487e-03
1.056000000000000000e+03,1.217453973367810249e-03
1.057000000000000000e+03,1.213510753586888313e-03
1.058000000000000000e+03,1.212347531691193581e-03
1.059000000000000000e+03,1.210037968121469021e-03
1.060000000000000000e+03,1.209159614518284798e-03
1.061000000000000000e+03,1.208278816193342209e-03
1.062000000000000000e+03,1.206790213473141193e-03
1.063000000000000000e+03,1.205155975185334682e-03
1.064000000000000000e+03,1.203110325150191784e-03
1.065000000000000000e+03,1.200291095301508904e-03
1.066000000000000000e+03,1.198511687107384205e-03
1.067000000000000000e+03,1.196329016238451004e-03
1.068000000000000000e+03,1.195633318275213242e-03
1.069000000000000000e+03,1.193544594570994377e-03
1.070000000000000000e+03,1.192738884128630161e-03
1.071000000000000000e+03,1.191409188322722912e-03
1.072000000000000000e+03,1.191009301692247391e-03
1.073000000000000000e+03,1.191453542560338974e-03
1.074000000000000000e+03,1.189837115816771984e-03
1.075000000000000000e+03,1.188865164294838905e-03
1.076000000000000000e+03,1.187082147225737572e-03
1.077000000000000000e+03,1.186529174447059631e-03
1.078000000000000000e+03,1.183828455395996571e-03
1.079000000000000000e+03,1.182388630695641041e-03
1.080000000000000000e+03,1.180840656161308289e-03
1.081000000000000000e+03,1.178945880383253098e-03
1.082000000000000000e+03,1.177473808638751507e-03
1.083000000000000000e+03,1.174577511847019196e-03
1.084000000000000000e+03,1.172054908238351345e-03
1.085000000000000000e+03,1.167016918770968914e-03
1.086000000000000000e+03,1.164305838756263256e-03
1.087000000000000000e+03,1.162821426987648010e-03
1.088000000000000000e+03,1.160749583505094051e-03
1.089000000000000000e+03,1.158874714747071266e-03
1.090000000000000000e+03,1.156696933321654797e-03
1.091000000000000000e+03,1.154616591520607471e-03
1.092000000000000000e+03,1.151319476775825024e-03
1.093000000000000000e+03,1.148612936958670616e-03
1.094000000000000000e+03,1.146515249274671078e-03
1.095000000000000000e+03,1.144800218753516674e-03
1.096000000000000000e+03,1.163692679256200790e-03
1.097000000000000000e+03,1.143892412073910236e-03
1.098000000000000000e+03,1.141612534411251545e-03
1.099000000000000000e+03,1.137756626121699810e-03
1.100000000000000000e+03,1.134970574639737606e-03
1.101000000000000000e+03,1.131349592469632626e-03
1.102000000000000000e+03,1.128589618019759655e-03
1.103000000000000000e+03,1.126314746215939522e-03
1.104000000000000000e+03,1.124180969782173634e-03
1.105000000000000000e+03,1.121171168051660061e-03
1.106000000000000000e+03,1.118331565521657467e-03
1.107000000000000000e+03,1.114849350415170193e-03
1.108000000000000000e+03,1.112589612603187561e-03
1.109000000000000000e+03,1.110890414565801620e-03
1.110000000000000000e+03,1.108897384256124496e-03
1.111000000000000000e+03,1.106005627661943436e-03
1.112000000000000000e+03,1.104152062907814980e-03
1.113000000000000000e+03,1.102632493712007999e-03
1.114000000000000000e+03,1.101457164622843266e-03
1.115000000000000000e+03,1.099835033528506756e-03
1.116000000000000000e+03,1.098672160878777504e-03
1.117000000000000000e+03,1.097593340091407299e-03
1.118000000000000000e+03,1.095475978218019009e-03
1.119000000000000000e+03,1.094511942937970161e-03
1.120000000000000000e+03,1.093341852538287640e-03
1.121000000000000000e+03,1.091876183636486530e-03
1.122000000000000000e+03,1.088647288270294666e-03
1.123000000000000000e+03,1.106125651858747005e-03
1.124000000000000000e+03,1.088083605282008648e-03
1.125000000000000000e+03,1.086366595700383186e-03
1.126000000000000000e+03,1.084337593056261539e-03
1.127000000000000000e+03,1.083381823264062405e-03
1.128000000000000000e+03,1.083889626897871494e-03
1.129000000000000000e+03,1.082696137018501759e-03
1.130000000000000000e+03,1.082190079614520073e-03
1.131000000000000000e+03,1.081236754544079304e-03
1.132000000000000000e+03,1.080241519957780838e-03
1.133000000000000000e+03,1.078123808838427067e-03
1.134000000000000000e+03,1.076172804459929466e-03
1.135000000000000000e+03,1.074377098120748997e-03
1.136000000000000000e+03,1.072349026799201965e-03
1.137000000000000000e+03,1.070177415385842323e-03
1.138000000000000000e+03,1.066471100784838200e-03
1.139000000000000000e+03,1.064016367308795452e-03
1.140000000000000000e+03,1.060574897564947605e-03
1.141000000000000000e+03,1.057809218764305115e-03
1.142000000000000000e+03,1.059987349435687065e-03
1.143000000000000000e+03,1.056117820553481579e-03
1.144000000000000000e+03,1.053774496540427208e-03
1.145000000000000000e+03,1.052404171787202358e-03
1.146000000000000000e+03,1.050883089192211628e-03
1.147000000000000000e+03,1.048339065164327621e-03
1.148000000000000000e+03,1.046445220708847046e-03
1.149000000000000000e+03,1.043869415298104286e-03
1.150000000000000000e+03,1.042460789903998375e-03
1.151000000000000000e+03,1.041876967065036297e-03
1.152000000000000000e+03,1.040338189341127872e-03
1.153000000000000000e+03,1.043140073306858540e-03
1.154000000000000000e+03,1.039159018546342850e-03
1.155000000000000000e+03,1.037757843732833862e-03
1.156000000000000000e+03,1.035570399835705757e-03
1.157000000000000000e+03,1.034030807204544544e-03
1.158000000000000000e+03,1.032022992148995399e-03
1.159000000000000000e+03,1.035512308590114117e-03
1.160000000000000000e+03,1.031100866384804249e-03
1.161000000000000000e+03,1.029964885674417019e-03
1.162000000000000000e+03,1.029074075631797314e-03
1.163000000000000000e+03,1.028404221870005131e-03
1.164000000000000000e+03,1.026961370371282101e-03
1.165000000000000000e+03,1.024433877319097519e-03
1.166000000000000000e+03,1.038733171299099922e-03
1.167000000000000000e+03,1.023421529680490494e-03
1.168000000000000000e+03,1.021715812385082245e-03
1.169000000000000000e+03,1.018686685711145401e-03
1.170000000000000000e+03,1.028459519147872925e-03
1.171000000000000000e+03,1.017941511236131191e-03
1.172000000000000000e+03,1.016591908410191536e-03
1.173000000000000000e+03,1.014431356452405453e-03
1.174000000000000000e+03,1.013388973660767078e-03
1.175000000000000000e+03,1.011915039271116257e-03
1.176000000000000000e+03,1.011154730804264545e-03
1.177000000000000000e+03,1.009921892546117306e-03
1.178000000000000000e+03,1.009149244055151939e-03
1.179000000000000000e+03,1.008396386168897152e-03
1.180000000000000000e+03,1.006503938697278500e-03
1.181000000000000000e+03,1.008036080747842789e-03
1.182000000000000000e+03,1.005351659841835499e-03
1.183000000000000000e+03,1.005505211651325226e-03
1.184000000000000000e+03,1.004262943752110004e-03
1.185000000000000000e+03,1.003269688226282597e-03
1.186000000000000000e+03,1.002262113615870476e-03
1.187000000000000000e+03,1.001202617771923542e-03
1.188000000000000000e+03,1.000248943455517292e-03
1.189000000000000000e+03,9.994916617870330811e-04
1.190000000000000000e+03,9.986084187403321266e-04
1.191000000000000000e+03,9.973981650546193123e-04
1.192000000000000000e+03,9.953456465154886246e-04
1.193000000000000000e+03,9.938317816704511642e-04
1.194000000000000000e+03,9.928627405315637589e-04
1.195000000000000000e+03,9.914394468069076538e-04
1.196000000000000000e+03,9.905764600262045860e-04
1.197000000000000000e+03,9.883953025564551353e-04
1.198000000000000000e+03,9.871990187093615532e-04
1.199000000000000000e+03,9.860828286036849022e-04
1.200000000000000000e+03,9.852866642177104950e-04
1.201000000000000000e+03,9.870089124888181686e-04
1.202000000000000000e+03,9.848008630797266960e-04
1.203000000000000000e+03,9.836582466959953308e-04
1.204000000000000000e+03,9.825071319937705994e-04
1.205000000000000000e+03,9.812164353206753731e-04
1.206000000000000000e+03,9.794838260859251022e-04
1.207000000000000000e+03,9.778155945241451263e-04
1.208000000000000000e+03,9.784417925402522087e-04
1.209000000000000000e+03,9.770005708560347557e-04
1.210000000000000000e+03,9.762178524397313595e-04
1.211000000000000000e+03,9.751974139362573624e-04
1.212000000000000000e+03,9.742449037730693817e-04
1.213000000000000000e+03,9.726820280775427818e-04
1.214000000000000000e+03,9.704349795356392860e-04
1.215000000000000000e+03,9.695487096905708313e-04
1.216000000000000000e+03,9.688912541605532169e-04
1.217000000000000000e+03,9.682205272838473320e-04
1.218000000000000000e+03,9.672974701970815659e-04
1.219000000000000000e+03,9.664551471360027790e-04
1.220000000000000000e+03,9.654271998442709446e-04
1.221000000000000000e+03,9.646280086599290371e-04
1.222000000000000000e+03,9.625334059819579124e-04
1.223000000000000000e+03,9.603904909454286098e-04
1.224000000000000000e+03,9.586163796484470367e-04
1.225000000000000000e+03,9.575166623108088970e-04
1.226000000000000000e+03,9.560197941027581692e-04
1.227000000000000000e+03,9.560035541653633118e-04
1.228000000000000000e+03,9.552737465128302574e-04
1.229000000000000000e+03,9.542053448967635632e-04
1.230000000000000000e+03,9.533312986604869366e-04
1.231000000000000000e+03,9.523428161628544331e-04
1.232000000000000000e+03,9.509613155387341976e-04
1.233000000000000000e+03,9.495312697254121304e-04
1.234000000000000000e+03,9.495759732089936733e-04
1.235000000000000000e+03,9.488277719356119633e-04
1.236000000000000000e+03,9.481726447120308876e-04
1.237000000000000000e+03,9.473405079916119576e-04
1.238000000000000000e+03,9.467984200455248356e-04
1.239000000000000000e+03,9.470514487475156784e-04
1.240000000000000000e+03,9.465501061640679836e-04
1.241000000000000000e+03,9.459540597163140774e-04
1.242000000000000000e+03,9.451957885175943375e-04
1.243000000000000000e+03,9.442106238566339016e-04
1.244000000000000000e+03,9.435156825929880142e-04
1.245000000000000000e+03,9.429296478629112244e-04
1.246000000000000000e+03,9.425266180187463760e-04
1.247000000000000000e+03,9.418591507710516453e-04
1.248000000000000000e+03,9.405741002410650253e-04
1.249000000000000000e+03,9.388970211148262024e-04
1.250000000000000000e+03,9.382247808389365673e-04
1.251000000000000000e+03,9.377200040034949780e-04
1.252000000000000000e+03,9.371172636747360229e-04
1.253000000000000000e+03,9.377769310958683491e-04
1.254000000000000000e+03,9.364657453261315823e-04
1.255000000000000000e+03,9.354747598990797997e-04
1.256000000000000000e+03,9.345388389192521572e-04
1.257000000000000000e+03,9.339980315417051315e-04
1.258000000000000000e+03,9.330754983238875866e-04
1.259000000000000000e+03,9.429887868463993073e-04
1.260000000000000000e+03,9.326246217824518681e-04
1.261000000000000000e+03,9.312105248682200909e-04
1.262000000000000000e+03,9.294954361394047737e-04
1.263000000000000000e+03,9.285989799536764622e-04
1.264000000000000000e+03,9.278329671360552311e-04
1.265000000000000000e+03,9.270145674236118793e-04
1.266000000000000000e+03,9.259807411581277847e-04
1.267000000000000000e+03,9.248998831026256084e-04
1.268000000000000000e+03,9.236515033990144730e-04
1.269000000000000000e+03,9.215602767653763294e-04
1.270000000000000000e+03,9.221027139574289322e-04
1.271000000000000000e+03,9.203465306200087070e-04
1.272000000000000000e+03,9.185611852444708347e-04
1.273000000000000000e+03,9.168270044028759003e-04
1.274000000000000000e+03,9.158083121292293072e-04
1.275000000000000000e+03,9.152328711934387684e-04
1.276000000000000000e+03,9.146452066488564014e-04
1.277000000000000000e+03,9.134486899711191654e-04
1.278000000000000000e+03,9.118095622397959232e-04
1.279000000000000000e+03,9.102720068767666817e-04
1.280000000000000000e+03,9.094578563235700130e-04
1.281000000000000000e+03,9.088537190109491348e-04
1.282000000000000000e+03,9.086953359656035900e-04
1.283000000000000000e+03,9.076955611817538738e-04
1.284000000000000000e+03,9.070902597159147263e-04
1.285000000000000000e+03,9.065375197678804398e-04
1.286000000000000000e+03,9.060013107955455780e-04
1.287000000000000000e+03,9.052417590282857418e-04
1.288000000000000000e+03,9.046159684658050537e-04
1.289000000000000000e+03,9.036888368427753448e-04
1.290000000000000000e+03,9.029146167449653149e-04
1.291000000000000000e+03,9.054549154825508595e-04
1.292000000000000000e+03,9.025956969708204269e-04
1.293000000000000000e+03,9.018926648423075676e-04
1.294000000000000000e+03,9.009664645418524742e-04
1.295000000000000000e+03,9.004072053357958794e-04
1.296000000000000000e+03,8.996110991574823856e-04
1.297000000000000000e+03,8.986963075585663319e-04
1.298000000000000000e+03,8.980106213130056858e-04
1.299000000000000000e+03,8.974272059276700020e-04
1.300000000000000000e+03,8.969717891886830330e-04
1.301000000000000000e+03,8.962680003605782986e-04
1.302000000000000000e+03,8.953600772656500340e-04
1.303000000000000000e+03,8.944440633058547974e-04
1.304000000000000000e+03,8.940239786170423031e-04
1.305000000000000000e+03,8.933094213716685772e-04
1.306000000000000000e+03,8.923774585127830505e-04
1.307000000000000000e+03,8.918690728023648262e-04
1.308000000000000000e+03,8.919817046262323856e-04
1.309000000000000000e+03,8.916478836908936501e-04
1.310000000000000000e+03,8.913559140637516975e-04
1.311000000000000000e+03,8.905861177481710911e-04
1.312000000000000000e+03,8.898593951016664505e-04
1.313000000000000000e+03,8.890489698387682438e-04
1.314000000000000000e+03,8.880600216798484325e-04
1.315000000000000000e+03,8.877809741534292698e-04
1.316000000000000000e+03,8.865325944498181343e-04
1.317000000000000000e+03,8.860594825819134712e-04
1.318000000000000000e+03,8.852501050569117069e-04
1.319000000000000000e+03,8.845279808156192303e-04
1.320000000000000000e+03,8.838899666443467140e-04
1.321000000000000000e+03,8.833383326418697834e-04
1.322000000000000000e+03,8.827617857605218887e-04
1.323000000000000000e+03,8.819662034511566162e-04
1.324000000000000000e+03,8.813371532596647739e-04
1.325000000000000000e+03,8.806106634438037872e-04
1.326000000000000000e+03,8.795618196018040180e-04
1.327000000000000000e+03,8.924475405365228653e-04
1.328000000000000000e+03,8.792366716079413891e-04
1.329000000000000000e+03,8.778487099334597588e-04
1.330000000000000000e+03,8.766663377173244953e-04
1.331000000000000000e+03,8.756894385442137718e-04
1.332000000000000000e+03,8.750221459195017815e-04
1.333000000000000000e+03,8.748807013034820557e-04
1.334000000000000000e+03,8.737549651414155960e-04
1.335000000000000000e+03,8.733909344300627708e-04
1.336000000000000000e+03,8.725259685888886452e-04
1.337000000000000000e+03,8.717708406038582325e-04
1.338000000000000000e+03,8.711038390174508095e-04
1.339000000000000000e+03,8.718883618712425232e-04
1.340000000000000000e+03,8.707891684025526047e-04
1.341000000000000000e+03,8.701517363078892231e-04
1.342000000000000000e+03,8.692613337188959122e-04
1.343000000000000000e+03,8.686806540936231613e-04
1.344000000000000000e+03,8.684741915203630924e-04
1.345000000000000000e+03,8.678239537402987480e-04
1.346000000000000000e+03,8.672099793329834938e-04
1.347000000000000000e+03,8.664837805554270744e-04
1.348000000000000000e+03,8.655579295009374619e-04
1.349000000000000000e+03,8.655326673761010170e-04
1.350000000000000000e+03,8.647291106171905994e-04
1.351000000000000000e+03,8.636436541564762592e-04
1.352000000000000000e+03,8.630102383904159069e-04
1.353000000000000000e+03,8.621847373433411121e-04
1.354000000000000000e+03,8.615112164989113808e-04
1.355000000000000000e+03,8.607542258687317371e-04
1.356000000000000000e+03,8.599943248555064201e-04
1.357000000000000000e+03,8.625019108876585960e-04
1.358000000000000000e+03,8.595300605520606041e-04
1.359000000000000000e+03,8.588079363107681274e-04
1.360000000000000000e+03,8.581016445532441139e-04
1.361000000000000000e+03,8.575452957302331924e-04
1.362000000000000000e+03,8.567892364226281643e-04
1.363000000000000000e+03,8.561282302252948284e-04
1.364000000000000000e+03,8.628444629721343517e-04
1.365000000000000000e+03,8.556524990126490593e-04
1.366000000000000000e+03,8.552079088985919952e-04
1.367000000000000000e+03,8.548030746169388294e-04
1.368000000000000000e+03,8.544282754883170128e-04
1.369000000000000000e+03,8.538967231288552284e-04
1.370000000000000000e+03,8.525667944923043251e-04
1.371000000000000000e+03,8.516136440448462963e-04
1.372000000000000000e+03,8.509132312610745430e-04
1.373000000000000000e+03,8.499652612954378128e-04
1.374000000000000000e+03,8.490917971357703209e-04
1.375000000000000000e+03,8.495929650962352753e-04
1.376000000000000000e+03,8.487993036396801472e-04
1.377000000000000000e+03,8.482504053972661495e-04
1.378000000000000000e+03,8.473515626974403858e-04
1.379000000000000000e+03,8.466526051051914692e-04
1.380000000000000000e+03,8.450757013633847237e-04
1.381000000000000000e+03,8.444893173873424530e-04
1.382000000000000000e+03,8.436151547357439995e-04
1.383000000000000000e+03,8.430724847130477428e-04
1.384000000000000000e+03,8.426530985161662102e-04
1.385000000000000000e+03,8.429463487118482590e-04
1.386000000000000000e+03,8.424698025919497013e-04
1.387000000000000000e+03,8.421072270721197128e-04
1.388000000000000000e+03,8.414186304435133934e-04
1.389000000000000000e+03,8.408525609411299229e-04
1.390000000000000000e+03,8.396880002692341805e-04
1.391000000000000000e+03,8.401249069720506668e-04
1.392000000000000000e+03,8.393242023885250092e-04
1.393000000000000000e+03,8.385492255911231041e-04
1.394000000000000000e+03,8.376269252039492130e-04
1.395000000000000000e+03,8.371351286768913269e-04
1.396000000000000000e+03,8.364977547898888588e-04
1.397000000000000000e+03,8.357560145668685436e-04
1.398000000000000000e+03,8.345951209776103497e-04
1.399000000000000000e+03,8.338961633853614330e-04
1.400000000000000000e+03,8.329822449013590813e-04
1.401000000000000000e+03,8.323808433488011360e-04
1.402000000000000000e+03,8.314809529110789299e-04
1.403000000000000000e+03,8.302044006995856762e-04
1.404000000000000000e+03,8.293998544104397297e-04
1.405000000000000000e+03,8.279791800305247307e-04
1.406000000000000000e+03,8.273997227661311626e-04
1.407000000000000000e+03,8.267442462965846062e-04
1.408000000000000000e+03,8.264778298325836658e-04
1.409000000000000000e+03,8.258946472778916359e-04
1.410000000000000000e+03,8.252694387920200825e-04
1.411000000000000000e+03,8.245688513852655888e-04
1.412000000000000000e+03,8.238982991315424442e-04
1.413000000000000000e+03,8.392241434194147587e-04
1.414000000000000000e+03,8.237445726990699768e-04
1.415000000000000000e+03,8.230924722738564014e-04
1.416000000000000000e+03,8.224196499213576317e-04
1.417000000000000000e+03,8.258884190581738949e-04
1.418000000000000000e+03,8.220133604481816292e-04
1.419000000000000000e+03,8.214713889174163342e-04
1.420000000000000000e+03,8.204298210330307484e-04
1.421000000000000000e+03,8.198473951779305935e-04
1.422000000000000000e+03,8.192512323148548603e-04
1.423000000000000000e+03,8.188593201339244843e-04
1.424000000000000000e+03,8.182355668395757675e-04
1.425000000000000000e+03,8.175119291990995407e-04
1.426000000000000000e+03,8.162264712154865265e-04
1.427000000000000000e+03,8.149680215865373611e-04
1.428000000000000000e+03,8.138103294186294079e-04
1.429000000000000000e+03,8.130247006192803383e-04
1.430000000000000000e+03,8.121624123305082321e-04
1.431000000000000000e+03,8.113140356726944447e-04
1.432000000000000000e+03,8.105962770059704781e-04
1.433000000000000000e+03,8.100711856968700886e-04
1.434000000000000000e+03,8.095711818896234035e-04
1.435000000000000000e+03,8.082784479483962059e-04
1.436000000000000000e+03,8.072609198279678822e-04
1.437000000000000000e+03,8.099394035525619984e-04
1.438000000000000000e+03,8.069370524026453495e-04
1.439000000000000000e+03,8.059330866672098637e-04
1.440000000000000000e+03,8.045829017646610737e-04
1.441000000000000000e+03,8.038811502046883106e-04
1.442000000000000000e+03,8.030539611354470253e-04
1.443000000000000000e+03,8.024902199395000935e-04
1.444000000000000000e+03,8.017761283554136753e-04
1.445000000000000000e+03,8.012834587134420872e-04
1.446000000000000000e+03,8.002112153917551041e-04
1.447000000000000000e+03,8.513846551068127155e-04
1.448000000000000000e+03,7.999874651432037354e-04
1.449000000000000000e+03,7.992218597792088985e-04
1.450000000000000000e+03,7.985793636180460453e-04
1.451000000000000000e+03,7.978998473845422268e-04
1.452000000000000000e+03,7.969291182234883308e-04
1.453000000000000000e+03,7.956464542075991631e-04
1.454000000000000000e+03,7.967006531544029713e-04
1.455000000000000000e+03,7.950116414576768875e-04
1.456000000000000000e+03,7.941388175822794437e-04
1.457000000000000000e+03,7.925300160422921181e-04
1.458000000000000000e+03,7.913555018603801727e-04
1.459000000000000000e+03,7.898877374827861786e-04
1.460000000000000000e+03,7.881499477662146091e-04
1.461000000000000000e+03,7.872635032981634140e-04
1.462000000000000000e+03,7.861846243031322956e-04
1.463000000000000000e+03,7.862335187382996082e-04
1.464000000000000000e+03,7.858334574848413467e-04
1.465000000000000000e+03,7.852743729017674923e-04
1.466000000000000000e+03,7.847453234717249870e-04
1.467000000000000000e+03,7.841514307074248791e-04
1.468000000000000000e+03,7.832639967091381550e-04
1.469000000000000000e+03,7.825012435205280781e-04
1.470000000000000000e+03,7.820368628017604351e-04
1.471000000000000000e+03,7.812657277099788189e-04
1.472000000000000000e+03,7.808950613252818584e-04
1.473000000000000000e+03,7.801202009432017803e-04
1.474000000000000000e+03,7.795568089932203293e-04
1.475000000000000000e+03,7.853089482523500919e-04
1.476000000000000000e+03,7.793881231918931007e-04
1.477000000000000000e+03,7.790024974383413792e-04
1.478000000000000000e+03,7.785915513522922993e-04
1.479000000000000000e+03,7.783136679790914059e-04
1.480000000000000000e+03,7.779872394166886806e-04
1.481000000000000000e+03,7.774249534122645855e-04
1.482000000000000000e+03,7.776215788908302784e-04
1.483000000000000000e+03,7.770971278659999371e-04
1.484000000000000000e+03,7.765150512568652630e-04
1.485000000000000000e+03,7.758294814266264439e-04
1.486000000000000000e+03,7.754242396913468838e-04
1.487000000000000000e+03,7.750559598207473755e-04
1.488000000000000000e+03,7.731923251412808895e-04
1.489000000000000000e+03,7.719979039393365383e-04
1.490000000000000000e+03,7.717967964708805084e-04
1.491000000000000000e+03,7.705506868660449982e-04
1.492000000000000000e+03,7.701758295297622681e-04
1.493000000000000000e+03,7.697244873270392418e-04
1.494000000000000000e+03,7.694656960666179657e-04
1.495000000000000000e+03,7.689918274991214275e-04
1.496000000000000000e+03,7.686924654990434647e-04
1.497000000000000000e+03,7.684793672524392605e-04
1.498000000000000000e+03,7.682017167098820210e-04
1.499000000000000000e+03,7.675110246054828167e-04
1.500000000000000000e+03,7.671198691241443157e-04
1.501000000000000000e+03,7.665059529244899750e-04
1.502000000000000000e+03,7.658412214368581772e-04
1.503000000000000000e+03,7.651983178220689297e-04
1.504000000000000000e+03,7.647873135283589363e-04
1.505000000000000000e+03,7.644745637662708759e-04
1.506000000000000000e+03,7.641533738933503628e-04
1.507000000000000000e+03,7.637911476194858551e-04
1.508000000000000000e+03,7.631009211763739586e-04
1.509000000000000000e+03,7.623095298185944557e-04
1.510000000000000000e+03,7.795649580657482147e-04
1.511000000000000000e+03,7.620624382980167866e-04
1.512000000000000000e+03,7.614049245603382587e-04
1.513000000000000000e+03,7.609375752508640289e-04
1.514000000000000000e+03,7.603385602124035358e-04
1.515000000000000000e+03,7.595799397677183151e-04
1.516000000000000000e+03,7.591960020363330841e-04
1.517000000000000000e+03,7.578637450933456421e-04
1.518000000000000000e+03,7.572928443551063538e-04
1.519000000000000000e+03,7.566682761535048485e-04
1.520000000000000000e+03,7.562627433799207211e-04
1.521000000000000000e+03,7.557967910543084145e-04
1.522000000000000000e+03,7.550675654783844948e-04
1.523000000000000000e+03,7.541471277363598347e-04
1.524000000000000000e+03,7.531674345955252647e-04
1.525000000000000000e+03,7.552632596343755722e-04
1.526000000000000000e+03,7.528698188252747059e-04
1.527000000000000000e+03,7.521033403463661671e-04
1.528000000000000000e+03,7.515306351706385612e-04
1.529000000000000000e+03,7.509708520956337452e-04
1.530000000000000000e+03,7.503997767344117165e-04
1.531000000000000000e+03,7.494886522181332111e-04
1.532000000000000000e+03,7.489377749152481556e-04
1.533000000000000000e+03,7.483980734832584858e-04
1.534000000000000000e+03,7.479597115889191628e-04
1.535000000000000000e+03,7.476041791960597038e-04
1.536000000000000000e+03,7.471832213923335075e-04
1.537000000000000000e+03,7.465290836989879608e-04
1.538000000000000000e+03,7.458218606188893318e-04
1.539000000000000000e+03,7.452380377799272537e-04
1.540000000000000000e+03,7.446786621585488319e-04
1.541000000000000000e+03,7.443695212714374065e-04
1.542000000000000000e+03,7.438819156959652901e-04
1.543000000000000000e+03,7.432270213030278683e-04
1.544000000000000000e+03,7.426431984640657902e-04
1.545000000000000000e+03,7.418087334372103214e-04
1.546000000000000000e+03,7.406534277833998203e-04
1.547000000000000000e+03,7.396611617878079414e-04
1.548000000000000000e+03,7.387670339085161686e-04
1.549000000000000000e+03,7.381627219729125500e-04
1.550000000000000000e+03,7.376686553470790386e-04
1.551000000000000000e+03,7.372247637249529362e-04
1.552000000000000000e+03,7.364322664216160774e-04
1.553000000000000000e+03,7.352122338488698006e-04
1.554000000000000000e+03,7.703730370849370956e-04
1.555000000000000000e+03,7.347966893576085567e-04
1.556000000000000000e+03,7.338295108638703823e-04
1.557000000000000000e+03,7.330697262659668922e-04
1.558000000000000000e+03,7.327845669351518154e-04
1.559000000000000000e+03,7.323528407141566277e-04
1.560000000000000000e+03,7.319550495594739914e-04
1.561000000000000000e+03,7.317318231798708439e-04
1.562000000000000000e+03,7.314166869036853313e-04
1.563000000000000000e+03,7.312286179512739182e-04
1.564000000000000000e+03,7.307793130166828632e-04
1.565000000000000000e+03,7.309130742214620113e-04
1.566000000000000000e+03,7.304798928089439869e-04
1.567000000000000000e+03,7.299676071852445602e-04
1.568000000000000000e+03,7.294265669770538807e-04
1.569000000000000000e+03,7.289204513654112816e-04
1.570000000000000000e+03,7.284920429810881615e-04
1.571000000000000000e+03,7.279202109202742577e-04
1.572000000000000000e+03,7.274548406712710857e-04
1.573000000000000000e+03,7.268929621204733849e-04
1.574000000000000000e+03,7.263825973495841026e-04
1.575000000000000000e+03,7.261620485223829746e-04
1.576000000000000000e+03,7.258805562742054462e-04
1.577000000000000000e+03,7.256992976181209087e-04
1.578000000000000000e+03,7.252958603203296661e-04
1.579000000000000000e+03,7.246882305480539799e-04
1.580000000000000000e+03,7.241155253723263741e-04
1.581000000000000000e+03,7.235109806060791016e-04
1.582000000000000000e+03,7.229443290270864964e-04
1.583000000000000000e+03,7.221046253107488155e-04
1.584000000000000000e+03,7.218538084998726845e-04
1.585000000000000000e+03,7.207812159322202206e-04
1.586000000000000000e+03,7.203855784609913826e-04
1.587000000000000000e+03,7.200277177616953850e-04
1.588000000000000000e+03,7.202326087281107903e-04
1.589000000000000000e+03,7.197682280093431473e-04
1.590000000000000000e+03,7.195202633738517761e-04
1.591000000000000000e+03,7.191823679022490978e-04
1.592000000000000000e+03,7.189578027464449406e-04
1.593000000000000000e+03,7.187556475400924683e-04
1.594000000000000000e+03,7.183325942605733871e-04
1.595000000000000000e+03,7.178953383117914200e-04
1.596000000000000000e+03,7.173538906499743462e-04
1.597000000000000000e+03,7.164669223129749298e-04
1.598000000000000000e+03,7.158456719480454922e-04
1.599000000000000000e+03,7.151258178055286407e-04
1.600000000000000000e+03,7.143199909478425980e-04
1.601000000000000000e+03,7.140085217542946339e-04
1.602000000000000000e+03,7.156053325161337852e-04
1.603000000000000000e+03,7.137791835702955723e-04
1.604000000000000000e+03,7.132569444365799427e-04
1.605000000000000000e+03,7.128603174351155758e-04
1.606000000000000000e+03,7.125868578441441059e-04
1.607000000000000000e+03,7.119931397028267384e-04
1.608000000000000000e+03,7.111536106094717979e-04
1.609000000000000000e+03,7.108417339622974396e-04
1.610000000000000000e+03,7.103680400177836418e-04
1.611000000000000000e+03,7.099973736330866814e-04
1.612000000000000000e+03,7.093267049640417099e-04
1.613000000000000000e+03,7.085861871019005775e-04
1.614000000000000000e+03,7.076333276927471161e-04
1.615000000000000000e+03,7.071232539601624012e-04
1.616000000000000000e+03,7.066020043566823006e-04
1.617000000000000000e+03,7.062836084514856339e-04
1.618000000000000000e+03,7.059343624860048294e-04
1.619000000000000000e+03,7.053182343952357769e-04
1.620000000000000000e+03,7.047991966828703880e-04
1.621000000000000000e+03,7.042677025310695171e-04
1.622000000000000000e+03,7.037496543489396572e-04
1.623000000000000000e+03,7.031965069472789764e-04
1.624000000000000000e+03,7.027279934845864773e-04
1.625000000000000000e+03,7.049755076877772808e-04
1.626000000000000000e+03,7.024672231636941433e-04
1.627000000000000000e+03,7.019374170340597630e-04
1.628000000000000000e+03,7.015780429355800152e-04
1.629000000000000000e+03,7.014244911260902882e-04
1.630000000000000000e+03,7.012923015281558037e-04
1.631000000000000000e+03,7.009414839558303356e-04
1.632000000000000000e+03,7.005119114182889462e-04
1.633000000000000000e+03,7.000080076977610588e-04
1.634000000000000000e+03,6.993209826759994030e-04
1.635000000000000000e+03,6.987809319980442524e-04
1.636000000000000000e+03,6.991494446992874146e-04
1.637000000000000000e+03,6.983950152061879635e-04
1.638000000000000000e+03,6.978955934755504131e-04
1.639000000000000000e+03,6.975085125304758549e-04
1.640000000000000000e+03,6.973035633563995361e-04
1.641000000000000000e+03,6.970380782149732113e-04
1.642000000000000000e+03,6.966293440200388432e-04
1.643000000000000000e+03,6.967315566726028919e-04
1.644000000000000000e+03,6.965092616155743599e-04
1.645000000000000000e+03,6.963079213164746761e-04
1.646000000000000000e+03,6.960235186852514744e-04
1.647000000000000000e+03,6.957763689570128918e-04
1.648000000000000000e+03,6.955675198696553707e-04
1.649000000000000000e+03,6.952015683054924011e-04
1.650000000000000000e+03,6.945955683477222919e-04
1.651000000000000000e+03,6.940702442079782486e-04
1.652000000000000000e+03,6.935932906344532967e-04
1.653000000000000000e+03,6.933590047992765903e-04
1.654000000000000000e+03,6.930036470293998718e-04
1.655000000000000000e+03,6.926708738319575787e-04
1.656000000000000000e+03,6.923371111042797565e-04
1.657000000000000000e+03,6.920683663338422775e-04
1.658000000000000000e+03,6.917956052348017693e-04
1.659000000000000000e+03,6.914713885635137558e-04
1.660000000000000000e+03,6.913957186043262482e-04
1.661000000000000000e+03,6.907687056809663773e-04
1.662000000000000000e+03,6.903964094817638397e-04
1.663000000000000000e+03,6.900544976815581322e-04
1.664000000000000000e+03,6.896671256981790066e-04
1.665000000000000000e+03,6.904701585881412029e-04
1.666000000000000000e+03,6.893813260830938816e-04
1.667000000000000000e+03,6.887555355206131935e-04
1.668000000000000000e+03,6.882279994897544384e-04
1.669000000000000000e+03,6.879472639411687851e-04
1.670000000000000000e+03,6.930605159141123295e-04
1.671000000000000000e+03,6.878926069475710392e-04
1.672000000000000000e+03,6.876449333503842354e-04
1.673000000000000000e+03,6.874102982692420483e-04
1.674000000000000000e+03,6.868836353532969952e-04
1.675000000000000000e+03,6.865588948130607605e-04
1.676000000000000000e+03,6.862941663712263107e-04
1.677000000000000000e+03,6.859931745566427708e-04
1.678000000000000000e+03,6.855640094727277756e-04
1.679000000000000000e+03,6.850479985587298870e-04
1.680000000000000000e+03,6.843240116722881794e-04
1.681000000000000000e+03,6.833554361946880817e-04
1.682000000000000000e+03,6.827943725511431694e-04
1.683000000000000000e+03,6.823891890235245228e-04
1.684000000000000000e+03,6.821165443398058414e-04
1.685000000000000000e+03,6.818405236117541790e-04
1.686000000000000000e+03,6.813995423726737499e-04
1.687000000000000000e+03,6.810356862843036652e-04
1.688000000000000000e+03,6.807220634073019028e-04
1.689000000000000000e+03,6.805166485719382763e-04
1.690000000000000000e+03,6.799012189731001854e-04
1.691000000000000000e+03,6.797402165830135345e-04
1.692000000000000000e+03,6.786542944610118866e-04
1.693000000000000000e+03,6.780383409932255745e-04
1.694000000000000000e+03,6.775727961212396622e-04
1.695000000000000000e+03,6.771245971322059631e-04
1.696000000000000000e+03,6.766730803065001965e-04
1.697000000000000000e+03,6.764075951650738716e-04
1.698000000000000000e+03,6.763455457985401154e-04
1.699000000000000000e+03,6.759882089681923389e-04
1.700000000000000000e+03,6.757983355782926083e-04
1.701000000000000000e+03,6.754901842214167118e-04
1.702000000000000000e+03,6.751263863407075405e-04
1.703000000000000000e+03,6.746461149305105209e-04
1.704000000000000000e+03,6.742835976183414459e-04
1.705000000000000000e+03,6.738248048350214958e-04
1.706000000000000000e+03,6.732905167154967785e-04
1.707000000000000000e+03,6.730204331688582897e-04
1.708000000000000000e+03,6.726973806507885456e-04
1.709000000000000000e+03,6.739456439390778542e-04
1.710000000000000000e+03,6.724594859406352043e-04
1.711000000000000000e+03,6.719797383993864059e-04
1.712000000000000000e+03,6.716323550790548325e-04
1.713000000000000000e+03,6.711335154250264168e-04
1.714000000000000000e+03,6.708966102451086044e-04
1.715000000000000000e+03,6.700447993353009224e-04
1.716000000000000000e+03,6.702239043079316616e-04
1.717000000000000000e+03,6.697972421534359455e-04
1.718000000000000000e+03,6.694363546557724476e-04
1.719000000000000000e+03,6.689462461508810520e-04
1.720000000000000000e+03,6.685432163067162037e-04
1.721000000000000000e+03,6.680744118057191372e-04
1.722000000000000000e+03,6.675550248473882675e-04
1.723000000000000000e+03,6.671261508017778397e-04
1.724000000000000000e+03,6.668596761301159859e-04
1.725000000000000000e+03,6.664802785962820053e-04
1.726000000000000000e+03,6.662964005954563618e-04
1.727000000000000000e+03,6.660820217803120613e-04
1.728000000000000000e+03,6.651692674495279789e-04
1.729000000000000000e+03,6.645784596912562847e-04
1.730000000000000000e+03,6.640337524004280567e-04
1.731000000000000000e+03,6.635239697061479092e-04
1.732000000000000000e+03,6.631258293054997921e-04
1.733000000000000000e+03,6.628278642892837524e-04
1.734000000000000000e+03,6.622285000048577785e-04
1.735000000000000000e+03,6.617518956772983074e-04
1.736000000000000000e+03,6.642435328103601933e-04
1.737000000000000000e+03,6.616343162022531033e-04
1.738000000000000000e+03,6.613670266233384609e-04
1.739000000000000000e+03,6.611167336814105511e-04
1.740000000000000000e+03,6.609222618862986565e-04
1.741000000000000000e+03,6.606619572266936302e-04
1.742000000000000000e+03,6.602459470741450787e-04
1.743000000000000000e+03,6.597036262974143028e-04
1.744000000000000000e+03,6.593128782697021961e-04
1.745000000000000000e+03,6.587352836504578590e-04
1.746000000000000000e+03,6.582571077160537243e-04
1.747000000000000000e+03,6.576628074981272221e-04
1.748000000000000000e+03,6.571683334186673164e-04
1.749000000000000000e+03,6.567953387275338173e-04
1.750000000000000000e+03,6.563846254721283913e-04
1.751000000000000000e+03,6.558970198966562748e-04
1.752000000000000000e+03,6.550319958478212357e-04
1.753000000000000000e+03,6.547025404870510101e-04
1.754000000000000000e+03,6.544383941218256950e-04
1.755000000000000000e+03,6.541099864989519119e-04
1.756000000000000000e+03,6.535365828312933445e-04
1.757000000000000000e+03,6.529742968268692493e-04
1.758000000000000000e+03,6.519907037727534771e-04
1.759000000000000000e+03,6.513074040412902832e-04
1.760000000000000000e+03,6.508863298222422600e-04
1.761000000000000000e+03,6.503377226181328297e-04
1.762000000000000000e+03,6.501801544800400734e-04
1.763000000000000000e+03,6.495694397017359734e-04
1.764000000000000000e+03,6.493349792435765266e-04
1.765000000000000000e+03,6.490789237432181835e-04
1.766000000000000000e+03,6.487058708444237709e-04
1.767000000000000000e+03,6.478307768702507019e-04
1.768000000000000000e+03,6.473264656960964203e-04
1.769000000000000000e+03,6.469017243944108486e-04
1.770000000000000000e+03,6.465817568823695183e-04
1.771000000000000000e+03,6.463689496740698814e-04
1.772000000000000000e+03,6.461102748289704323e-04
1.773000000000000000e+03,6.458821007981896400e-04
1.774000000000000000e+03,6.457767449319362640e-04
1.775000000000000000e+03,6.455471739172935486e-04
1.776000000000000000e+03,6.452789530158042908e-04
1.777000000000000000e+03,6.505080964416265488e-04
1.778000000000000000e+03,6.451975787058472633e-04
1.779000000000000000e+03,6.449698703363537788e-04
1.780000000000000000e+03,6.446372717618942261e-04
1.781000000000000000e+03,6.443024612963199615e-04
1.782000000000000000e+03,6.435948889702558517e-04
1.783000000000000000e+03,6.428539054468274117e-04
1.784000000000000000e+03,6.423844606615602970e-04
1.785000000000000000e+03,6.419513956643640995e-04
1.786000000000000000e+03,6.415920215658843517e-04
1.787000000000000000e+03,6.412235088646411896e-04
1.788000000000000000e+03,6.408657645806670189e-04
1.789000000000000000e+03,6.406304310075938702e-04
1.790000000000000000e+03,6.601754575967788696e-04
1.791000000000000000e+03,6.405491731129586697e-04
1.792000000000000000e+03,6.401643040589988232e-04
1.793000000000000000e+03,6.398395635187625885e-04
1.794000000000000000e+03,6.395105738192796707e-04
1.795000000000000000e+03,6.392859504558146000e-04
1.796000000000000000e+03,6.390916532836854458e-04
1.797000000000000000e+03,6.388376932591199875e-04
1.798000000000000000e+03,6.384383887052536011e-04
1.799000000000000000e+03,6.383437430486083031e-04
1.800000000000000000e+03,6.375557859428226948e-04
1.801000000000000000e+03,6.373063079081475735e-04
1.802000000000000000e+03,6.370339542627334595e-04
1.803000000000000000e+03,6.368312169797718525e-04
1.804000000000000000e+03,6.364821456372737885e-04
1.805000000000000000e+03,6.360120023600757122e-04
1.806000000000000000e+03,6.355948280543088913e-04
1.807000000000000000e+03,6.384655134752392769e-04
1.808000000000000000e+03,6.355267250910401344e-04
1.809000000000000000e+03,6.353069329634308815e-04
1.810000000000000000e+03,6.351422052830457687e-04
1.811000000000000000e+03,6.348766619339585304e-04
1.812000000000000000e+03,6.345240981318056583e-04
1.813000000000000000e+03,6.345682195387780666e-04
1.814000000000000000e+03,6.343346321955323219e-04
1.815000000000000000e+03,6.339703686535358429e-04
1.816000000000000000e+03,6.335771759040653706e-04
1.817000000000000000e+03,6.329170428216457367e-04
1.818000000000000000e+03,6.330779287964105606e-04
1.819000000000000000e+03,6.326784496195614338e-04
1.820000000000000000e+03,6.321762339212000370e-04
1.821000000000000000e+03,6.315804203040897846e-04
1.822000000000000000e+03,6.309727905318140984e-04
1.823000000000000000e+03,6.304438575170934200e-04
1.824000000000000000e+03,6.295346538536250591e-04
1.825000000000000000e+03,6.294663180597126484e-04
1.826000000000000000e+03,6.288642762228846550e-04
1.827000000000000000e+03,6.286363350227475166e-04
1.828000000000000000e+03,6.283877301029860973e-04
1.829000000000000000e+03,6.287621799856424332e-04
1.830000000000000000e+03,6.282821996137499809e-04
1.831000000000000000e+03,6.280262023210525513e-04
1.832000000000000000e+03,6.277810316532850266e-04
1.833000000000000000e+03,6.276179919950664043e-04
1.834000000000000000e+03,6.274197367019951344e-04
1.835000000000000000e+03,6.276764324866235256e-04
1.836000000000000000e+03,6.272415048442780972e-04
1.837000000000000000e+03,6.269623991101980209e-04
1.838000000000000000e+03,6.266395794227719307e-04
1.839000000000000000e+03,6.261835223995149136e-04
1.840000000000000000e+03,6.256474298425018787e-04
1.841000000000000000e+03,6.253293249756097794e-04
1.842000000000000000e+03,6.246106349863111973e-04
1.843000000000000000e+03,6.242448580451309681e-04
1.844000000000000000e+03,6.237237248569726944e-04
1.845000000000000000e+03,6.232808809727430344e-04
1.846000000000000000e+03,6.230235449038445950e-04
1.847000000000000000e+03,6.232114974409341812e-04
1.848000000000000000e+03,6.229140562936663628e-04
1.849000000000000000e+03,6.226482219062745571e-04
1.850000000000000000e+03,6.223376258276402950e-04
1.851000000000000000e+03,6.221611984074115753e-04
1.852000000000000000e+03,6.218310445547103882e-04
1.853000000000000000e+03,6.215150351636111736e-04
1.854000000000000000e+03,6.211292929947376251e-04
1.855000000000000000e+03,6.207045516930520535e-04
1.856000000000000000e+03,6.202061194926500320e-04
1.857000000000000000e+03,6.195915630087256432e-04
1.858000000000000000e+03,6.191040738485753536e-04
1.859000000000000000e+03,6.186504033394157887e-04
1.860000000000000000e+03,6.183612858876585960e-04
1.861000000000000000e+03,6.180383497849106789e-04
1.862000000000000000e+03,6.178442854434251785e-04
1.863000000000000000e+03,6.174033042043447495e-04
1.864000000000000000e+03,6.170736742205917835e-04
1.865000000000000000e+03,6.168095278553664684e-04
1.866000000000000000e+03,6.165112718008458614e-04
1.867000000000000000e+03,6.162513745948672295e-04
1.868000000000000000e+03,6.158684846013784409e-04
1.869000000000000000e+03,6.154741276986896992e-04
1.870000000000000000e+03,6.150243571028113365e-04
1.871000000000000000e+03,6.145645165815949440e-04
1.872000000000000000e+03,6.140443729236721992e-04
1.873000000000000000e+03,6.137267919257283211e-04
1.874000000000000000e+03,6.134373834356665611e-04
1.875000000000000000e+03,6.130909896455705166e-04
1.876000000000000000e+03,6.127108354121446609e-04
1.877000000000000000e+03,6.123408093117177486e-04
1.878000000000000000e+03,6.121147889643907547e-04
1.879000000000000000e+03,6.117329467087984085e-04
1.880000000000000000e+03,6.115554133430123329e-04
1.881000000000000000e+03,6.108422530815005302e-04
1.882000000000000000e+03,6.105896900407969952e-04
1.883000000000000000e+03,6.104712956584990025e-04
1.884000000000000000e+03,6.101078470237553120e-04
1.885000000000000000e+03,6.108034867793321609e-04
1.886000000000000000e+03,6.099320598877966404e-04
1.887000000000000000e+03,6.095170392654836178e-04
1.888000000000000000e+03,6.091778050176799297e-04
1.889000000000000000e+03,6.088868831284344196e-04
1.890000000000000000e+03,6.085450295358896255e-04
1.891000000000000000e+03,6.081867031753063202e-04
1.892000000000000000e+03,6.077851285226643085e-04
1.893000000000000000e+03,6.072295363992452621e-04
1.894000000000000000e+03,6.068873335607349873e-04
1.895000000000000000e+03,6.066234782338142395e-04
1.896000000000000000e+03,6.061434978619217873e-04
1.897000000000000000e+03,6.055452395230531693e-04
1.898000000000000000e+03,6.050885422155261040e-04
1.899000000000000000e+03,6.047596107237040997e-04
1.900000000000000000e+03,6.045381305739283562e-04
1.901000000000000000e+03,6.088778027333319187e-04
1.902000000000000000e+03,6.044425535947084427e-04
1.903000000000000000e+03,6.041504093445837498e-04
1.904000000000000000e+03,6.039399304427206516e-04
1.905000000000000000e+03,6.035833503119647503e-04
1.906000000000000000e+03,6.033172830939292908e-04
1.907000000000000000e+03,6.030858494341373444e-04
1.908000000000000000e+03,6.027310155332088470e-04
1.909000000000000000e+03,6.023375317454338074e-04
1.910000000000000000e+03,6.019238498993217945e-04
1.911000000000000000e+03,6.015765829943120480e-04
1.912000000000000000e+03,6.010978249832987785e-04
1.913000000000000000e+03,6.007829215377569199e-04
1.914000000000000000e+03,6.005191244184970856e-04
1.915000000000000000e+03,6.001775036565959454e-04
1.916000000000000000e+03,5.997483967803418636e-04
1.917000000000000000e+03,5.993057275190949440e-04
1.918000000000000000e+03,6.005827453918755054e-04
1.919000000000000000e+03,5.992351216264069080e-04
1.920000000000000000e+03,5.990287754684686661e-04
1.921000000000000000e+03,5.986944306641817093e-04
1.922000000000000000e+03,5.983740556985139847e-04
1.923000000000000000e+03,5.981221911497414112e-04
1.924000000000000000e+03,5.978332483209669590e-04
1.925000000000000000e+03,5.973562365397810936e-04
1.926000000000000000e+03,5.979100242257118225e-04
1.927000000000000000e+03,5.970954662188887596e-04
1.928000000000000000e+03,5.966302123852074146e-04
1.929000000000000000e+03,5.963438306935131550e-04
1.930000000000000000e+03,5.960576818324625492e-04
1.931000000000000000e+03,5.984830786474049091e-04
1.932000000000000000e+03,5.959232221357524395e-04
1.933000000000000000e+03,5.956736858934164047e-04
1.934000000000000000e+03,5.952933570370078087e-04
1.935000000000000000e+03,5.950940540060400963e-04
1.936000000000000000e+03,5.946212913841009140e-04
1.937000000000000000e+03,5.942304851487278938e-04
1.938000000000000000e+03,5.938535905443131924e-04
1.939000000000000000e+03,5.934700020588934422e-04
1.940000000000000000e+03,5.932572530582547188e-04
1.941000000000000000e+03,5.929637700319290161e-04
1.942000000000000000e+03,5.936085944995284081e-04
1.943000000000000000e+03,5.928492755629122257e-04
1.944000000000000000e+03,5.926280864514410496e-04
1.945000000000000000e+03,5.925019504502415657e-04
1.946000000000000000e+03,5.923772696405649185e-04
1.947000000000000000e+03,5.921323318034410477e-04
1.948000000000000000e+03,5.916039226576685905e-04
1.949000000000000000e+03,5.912602646276354790e-04
1.950000000000000000e+03,5.909103783778846264e-04
1.951000000000000000e+03,5.905961152166128159e-04
1.952000000000000000e+03,5.903816199861466885e-04
1.953000000000000000e+03,5.904619465582072735e-04
1.954000000000000000e+03,5.901871481910347939e-04
1.955000000000000000e+03,5.898463423363864422e-04
1.956000000000000000e+03,5.893833003938198090e-04
1.957000000000000000e+03,5.891248001717031002e-04
1.958000000000000000e+03,5.889597814530134201e-04
1.959000000000000000e+03,5.884403944946825504e-04
1.960000000000000000e+03,5.883256671950221062e-04
1.961000000000000000e+03,5.881939432583749294e-04
1.962000000000000000e+03,5.880512180738151073e-04
1.963000000000000000e+03,5.880001117475330830e-04
1.964000000000000000e+03,5.874733906239271164e-04
1.965000000000000000e+03,5.873002810403704643e-04
1.966000000000000000e+03,5.871562170796096325e-04
1.967000000000000000e+03,5.870024906471371651e-04
1.968000000000000000e+03,5.876819486729800701e-04
1.969000000000000000e+03,5.869132000952959061e-04
1.970000000000000000e+03,5.866620340384542942e-04
1.971000000000000000e+03,5.862903781235218048e-04
1.972000000000000000e+03,5.863551632501184940e-04
1.973000000000000000e+03,5.861211102455854416e-04
1.974000000000000000e+03,5.858505028299987316e-04
1.975000000000000000e+03,5.853312904946506023e-04
1.976000000000000000e+03,5.849564331583678722e-04
1.977000000000000000e+03,5.848919390700757504e-04
1.978000000000000000e+03,5.845853593200445175e-04
1.979000000000000000e+03,5.843777908012270927e-04
1.980000000000000000e+03,5.842439131811261177e-04
1.981000000000000000e+03,5.840464727953076363e-04
1.982000000000000000e+03,5.838313372805714607e-04
1.983000000000000000e+03,5.834923358634114265e-04
1.984000000000000000e+03,5.830731242895126343e-04
1.985000000000000000e+03,5.825969856232404709e-04
1.986000000000000000e+03,5.838212091475725174e-04
1.987000000000000000e+03,5.823377869091928005e-04
1.988000000000000000e+03,5.820756778120994568e-04
1.989000000000000000e+03,5.818649078719317913e-04
1.990000000000000000e+03,5.816773045808076859e-04
1.991000000000000000e+03,5.814763717353343964e-04
1.992000000000000000e+03,5.810417933389544487e-04
1.993000000000000000e+03,5.808697897009551525e-04
1.994000000000000000e+03,5.805945838801562786e-04
1.995000000000000000e+03,5.804361426271498203e-04
1.996000000000000000e+03,5.799650098197162151e-04
1.997000000000000000e+03,5.797945777885615826e-04
1.998000000000000000e+03,5.795892793685197830e-04
1.999000000000000000e+03,5.795782199129462242e-04
2.000000000000000000e+03,5.794636090286076069e-04
2.001000000000000000e+03,5.792848533019423485e-04
2.002000000000000000e+03,5.791565054096281528e-04
2.003000000000000000e+03,5.790349678136408329e-04
2.004000000000000000e+03,5.788722774013876915e-04
2.005000000000000000e+03,5.802086670882999897e-04
2.006000000000000000e+03,5.787487025372684002e-04
2.007000000000000000e+03,5.783693050034344196e-04
2.008000000000000000e+03,5.780422361567616463e-04
2.009000000000000000e+03,5.778206395916640759e-04
2.010000000000000000e+03,5.775080644525587559e-04
2.011000000000000000e+03,5.772263393737375736e-04
2.012000000000000000e+03,5.769874551333487034e-04
2.013000000000000000e+03,5.767981056123971939e-04
2.014000000000000000e+03,5.765414098277688026e-04
2.015000000000000000e+03,5.763272056356072426e-04
2.016000000000000000e+03,5.761953070759773254e-04
2.017000000000000000e+03,5.759472260251641273e-04
2.018000000000000000e+03,5.757187609560787678e-04
2.019000000000000000e+03,5.754171288572251797e-04
2.020000000000000000e+03,5.749820265918970108e-04
2.021000000000000000e+03,5.746486713178455830e-04
2.022000000000000000e+03,5.743751535192131996e-04
2.023000000000000000e+03,5.741359782405197620e-04
2.024000000000000000e+03,5.739356274716556072e-04
2.025000000000000000e+03,5.735166487284004688e-04
2.026000000000000000e+03,5.751598509959876537e-04
2.027000000000000000e+03,5.732090212404727936e-04
2.028000000000000000e+03,5.729357944801449776e-04
2.029000000000000000e+03,5.726880044676363468e-04
2.030000000000000000e+03,5.727793904952704906e-04
2.031000000000000000e+03,5.725797382183372974e-04
2.032000000000000000e+03,5.723744980059564114e-04
2.033000000000000000e+03,5.721548805013298988e-04
2.034000000000000000e+03,5.719260079786181450e-04
2.035000000000000000e+03,5.716743180528283119e-04
2.036000000000000000e+03,5.715163424611091614e-04
2.037000000000000000e+03,5.711423000320792198e-04
2.038000000000000000e+03,5.709162214770913124e-04
2.039000000000000000e+03,5.705980001948773861e-04
2.040000000000000000e+03,5.705550429411232471e-04
2.041000000000000000e+03,5.700574838556349277e-04
2.042000000000000000e+03,5.697928718291223049e-04
2.043000000000000000e+03,5.695554427802562714e-04
2.044000000000000000e+03,5.692962440662086010e-04
2.045000000000000000e+03,5.692173726856708527e-04
2.046000000000000000e+03,5.688614910468459129e-04
2.047000000000000000e+03,5.686704535037279129e-04
2.048000000000000000e+03,5.684386123903095722e-04
2.049000000000000000e+03,5.682603805325925350e-04
2.050000000000000000e+03,5.680985632352530956e-04
2.051000000000000000e+03,5.678804591298103333e-04
2.052000000000000000e+03,5.677380249835550785e-04
2.053000000000000000e+03,5.674727726727724075e-04
2.054000000000000000e+03,5.672543775290250778e-04
2.055000000000000000e+03,5.671184044331312180e-04
2.056000000000000000e+03,5.669118836522102356e-04
2.057000000000000000e+03,5.666852230206131935e-04
2.058000000000000000e+03,5.665210774168372154e-04
2.059000000000000000e+03,5.663561751134693623e-04
2.060000000000000000e+03,5.663314950652420521e-04
2.061000000000000000e+03,5.661120521835982800e-04
2.062000000000000000e+03,5.660293390974402428e-04
2.063000000000000000e+03,5.658669397234916687e-04
2.064000000000000000e+03,5.656993598677217960e-04
2.065000000000000000e+03,5.653493572026491165e-04
2.066000000000000000e+03,5.651190876960754395e-04
2.067000000000000000e+03,5.647663492709398270e-04
2.068000000000000000e+03,5.643509794026613235e-04
2.069000000000000000e+03,5.640722811222076416e-04
2.070000000000000000e+03,5.637726862914860249e-04
2.071000000000000000e+03,5.639035371132194996e-04
2.072000000000000000e+03,5.634491099044680595e-04
2.073000000000000000e+03,5.632602842524647713e-04
2.074000000000000000e+03,5.628713988699018955e-04
2.075000000000000000e+03,5.626593483611941338e-04
2.076000000000000000e+03,5.624052719213068485e-04
2.077000000000000000e+03,5.622703465633094311e-04
2.078000000000000000e+03,5.621411837637424469e-04
2.079000000000000000e+03,5.618857103399932384e-04
2.080000000000000000e+03,5.622813478112220764e-04
2.081000000000000000e+03,5.616910057142376900e-04
2.082000000000000000e+03,5.613897810690104961e-04
2.083000000000000000e+03,5.611088708974421024e-04
2.084000000000000000e+03,5.607450730167329311e-04
2.085000000000000000e+03,5.603931494988501072e-04
2.086000000000000000e+03,5.600144504569470882e-04
2.087000000000000000e+03,5.597586859948933125e-04
2.088000000000000000e+03,5.595446564257144928e-04
2.089000000000000000e+03,5.593036767095327377e-04
2.090000000000000000e+03,5.646692588925361633e-04
2.091000000000000000e+03,5.592484376393258572e-04
2.092000000000000000e+03,5.590494838543236256e-04
2.093000000000000000e+03,5.587802152149379253e-04
2.094000000000000000e+03,5.585240432992577553e-04
2.095000000000000000e+03,5.582919111475348473e-04
2.096000000000000000e+03,5.586798069998621941e-04
2.097000000000000000e+03,5.581877776421606541e-04
2.098000000000000000e+03,5.578687414526939392e-04
2.099000000000000000e+03,5.576068069785833359e-04
2.100000000000000000e+03,5.571825313381850719e-04
2.101000000000000000e+03,5.569530767388641834e-04
2.102000000000000000e+03,5.564656457863748074e-04
2.103000000000000000e+03,5.559157580137252808e-04
2.104000000000000000e+03,5.554101662710309029e-04
2.105000000000000000e+03,5.548761109821498394e-04
2.106000000000000000e+03,5.543088773265480995e-04
2.107000000000000000e+03,5.553599330596625805e-04
2.108000000000000000e+03,5.541860009543597698e-04
2.109000000000000000e+03,5.540020065382122993e-04
2.110000000000000000e+03,5.537116085179150105e-04
2.111000000000000000e+03,5.539349513128399849e-04
2.112000000000000000e+03,5.535651580430567265e-04
2.113000000000000000e+03,5.532095674425363541e-04
2.114000000000000000e+03,5.529521149583160877e-04
2.115000000000000000e+03,5.526976310648024082e-04
2.116000000000000000e+03,5.523747531697154045e-04
2.117000000000000000e+03,5.520847043953835964e-04
2.118000000000000000e+03,5.524741136468946934e-04
2.119000000000000000e+03,5.519209080375730991e-04
2.120000000000000000e+03,5.517072859220206738e-04
2.121000000000000000e+03,5.514762597158551216e-04
2.122000000000000000e+03,5.512204370461404324e-04
2.123000000000000000e+03,5.509940092451870441e-04
2.124000000000000000e+03,5.507172318175435066e-04
2.125000000000000000e+03,5.502087296918034554e-04
2.126000000000000000e+03,5.496972007676959038e-04
2.127000000000000000e+03,5.509026814252138138e-04
2.128000000000000000e+03,5.493304925039410591e-04
2.129000000000000000e+03,5.488612223416566849e-04
2.130000000000000000e+03,5.486026057042181492e-04
2.131000000000000000e+03,5.482998676598072052e-04
2.132000000000000000e+03,5.480460822582244873e-04
2.133000000000000000e+03,5.477883387356996536e-04
2.134000000000000000e+03,5.475917714647948742e-04
2.135000000000000000e+03,5.474962526932358742e-04
2.136000000000000000e+03,5.474041681736707687e-04
2.137000000000000000e+03,5.472567281685769558e-04
2.138000000000000000e+03,5.470339674502611160e-04
2.139000000000000000e+03,5.466845468617975712e-04
2.140000000000000000e+03,5.463427514769136906e-04
2.141000000000000000e+03,5.460649263113737106e-04
2.142000000000000000e+03,5.457555525936186314e-04
2.143000000000000000e+03,5.454816273413598537e-04
2.144000000000000000e+03,5.451809847727417946e-04
2.145000000000000000e+03,5.449081654660403728e-04
2.146000000000000000e+03,5.447373259812593460e-04
2.147000000000000000e+03,5.445915739983320236e-04
2.148000000000000000e+03,5.444149719551205635e-04
2.149000000000000000e+03,5.442759720608592033e-04
2.150000000000000000e+03,5.441289977170526981e-04
2.151000000000000000e+03,5.439530359581112862e-04
2.152000000000000000e+03,5.436147912405431271e-04
2.153000000000000000e+03,5.432966863736510277e-04
2.154000000000000000e+03,5.429898155853152275e-04
2.155000000000000000e+03,5.427040159702301025e-04
2.156000000000000000e+03,5.423760158009827137e-04
2.157000000000000000e+03,5.418809014372527599e-04
2.158000000000000000e+03,5.414236802607774734e-04
2.159000000000000000e+03,5.411271122284233570e-04
2.160000000000000000e+03,5.408495781011879444e-04
2.161000000000000000e+03,5.406369455158710480e-04
2.162000000000000000e+03,5.403523682616651058e-04
2.163000000000000000e+03,5.398776847869157791e-04
2.164000000000000000e+03,5.397242493927478790e-04
2.165000000000000000e+03,5.394881591200828552e-04
2.166000000000000000e+03,5.392847815528512001e-04
2.167000000000000000e+03,5.393583560362458229e-04
2.168000000000000000e+03,5.392426974140107632e-04
2.169000000000000000e+03,5.391393206082284451e-04
2.170000000000000000e+03,5.390416481532156467e-04
2.171000000000000000e+03,5.389641737565398216e-04
2.172000000000000000e+03,5.387665005400776863e-04
2.173000000000000000e+03,5.387489218264818192e-04
2.174000000000000000e+03,5.386446136981248856e-04
2.175000000000000000e+03,5.385109689086675644e-04
2.176000000000000000e+03,5.382843664847314358e-04
2.177000000000000000e+03,5.380424554459750652e-04
2.178000000000000000e+03,5.376036860980093479e-04
2.179000000000000000e+03,5.375053151510655880e-04
2.180000000000000000e+03,5.371279548853635788e-04
2.181000000000000000e+03,5.369712598621845245e-04
2.182000000000000000e+03,5.367454723455011845e-04
2.183000000000000000e+03,5.365623510442674160e-04
2.184000000000000000e+03,5.362912197597324848e-04
2.185000000000000000e+03,5.360863287933170795e-04
2.186000000000000000e+03,5.358894704841077328e-04
2.187000000000000000e+03,5.354413297027349472e-04
2.188000000000000000e+03,5.352849839255213737e-04
2.189000000000000000e+03,5.347756668925285339e-04
2.190000000000000000e+03,5.344641394913196564e-04
2.191000000000000000e+03,5.342197255231440067e-04
2.192000000000000000e+03,5.340133793652057648e-04
2.193000000000000000e+03,5.337632610462605953e-04
2.194000000000000000e+03,5.335867754183709621e-04
2.195000000000000000e+03,5.333622684702277184e-04
2.196000000000000000e+03,5.331154097802937031e-04
2.197000000000000000e+03,5.328073748387396336e-04
2.198000000000000000e+03,5.373770254664123058e-04
2.199000000000000000e+03,5.327601102180778980e-04
2.200000000000000000e+03,5.326803657226264477e-04
2.201000000000000000e+03,5.324638332240283489e-04
2.202000000000000000e+03,5.322847282513976097e-04
2.203000000000000000e+03,5.321268108673393726e-04
2.204000000000000000e+03,5.319550400599837303e-04
2.205000000000000000e+03,5.318311741575598717e-04
2.206000000000000000e+03,5.317367031238973141e-04
2.207000000000000000e+03,5.315953167155385017e-04
2.208000000000000000e+03,5.314124282449483871e-04
2.209000000000000000e+03,5.312759894877672195e-04
2.210000000000000000e+03,5.310882697813212872e-04
2.211000000000000000e+03,5.309058469720184803e-04
2.212000000000000000e+03,5.307144601829349995e-04
2.213000000000000000e+03,5.304955411702394485e-04
2.214000000000000000e+03,5.303274374455213547e-04
2.215000000000000000e+03,5.301650962792336941e-04
2.216000000000000000e+03,5.299985059536993504e-04
2.217000000000000000e+03,5.298122996464371681e-04
2.218000000000000000e+03,5.295560695230960846e-04
2.219000000000000000e+03,5.292368005029857159e-04
2.220000000000000000e+03,5.290176486596465111e-04
2.221000000000000000e+03,5.291960551403462887e-04
2.222000000000000000e+03,5.288941320031881332e-04
2.223000000000000000e+03,5.286530940793454647e-04
2.224000000000000000e+03,5.285481456667184830e-04
2.225000000000000000e+03,5.283794598653912544e-04
2.226000000000000000e+03,5.281862104311585426e-04
2.227000000000000000e+03,5.280123441480100155e-04
2.228000000000000000e+03,5.278578610159456730e-04
2.229000000000000000e+03,5.277608288452029228e-04
2.230000000000000000e+03,5.275049479678273201e-04
2.231000000000000000e+03,5.273501155897974968e-04
2.232000000000000000e+03,5.272214184515178204e-04
2.233000000000000000e+03,5.271044792607426643e-04
2.234000000000000000e+03,5.269495886750519276e-04
2.235000000000000000e+03,5.267898668535053730e-04
2.236000000000000000e+03,5.264444625936448574e-04
2.237000000000000000e+03,5.263225757516920567e-04
2.238000000000000000e+03,5.260619218461215496e-04
2.239000000000000000e+03,5.259091849438846111e-04
2.240000000000000000e+03,5.257822340354323387e-04
2.241000000000000000e+03,5.255802534520626068e-04
2.242000000000000000e+03,5.254117422737181187e-04
2.243000000000000000e+03,5.251761176623404026e-04
2.244000000000000000e+03,5.250003887340426445e-04
2.245000000000000000e+03,5.247106892056763172e-04
2.246000000000000000e+03,5.248234956525266171e-04
2.247000000000000000e+03,5.245661013759672642e-04
2.248000000000000000e+03,5.242939805611968040e-04
2.249000000000000000e+03,5.241337930783629417e-04
2.250000000000000000e+03,5.239037564024329185e-04
2.251000000000000000e+03,5.235295975580811501e-04
2.252000000000000000e+03,5.233013071119785309e-04
2.253000000000000000e+03,5.232610274106264114e-04
2.254000000000000000e+03,5.230630631558597088e-04
2.255000000000000000e+03,5.230019451119005680e-04
2.256000000000000000e+03,5.229192902334034443e-04
2.257000000000000000e+03,5.227777874097228050e-04
2.258000000000000000e+03,5.232842522673308849e-04
2.259000000000000000e+03,5.227167857810854912e-04
2.260000000000000000e+03,5.225695203989744186e-04
2.261000000000000000e+03,5.220228340476751328e-04
2.262000000000000000e+03,5.216123536229133606e-04
2.263000000000000000e+03,5.211298703216016293e-04
2.264000000000000000e+03,5.208490765653550625e-04
2.265000000000000000e+03,5.205838242545723915e-04
2.266000000000000000e+03,5.202898173592984676e-04
2.267000000000000000e+03,5.199087318032979965e-04
2.268000000000000000e+03,5.195271805860102177e-04
2.269000000000000000e+03,5.192344542592763901e-04
2.270000000000000000e+03,5.190116353332996368e-04
2.271000000000000000e+03,5.185663467273116112e-04
2.272000000000000000e+03,5.181733286008238792e-04
2.273000000000000000e+03,5.178911960683763027e-04
2.274000000000000000e+03,5.176680861040949821e-04
2.275000000000000000e+03,5.174286197870969772e-04
2.276000000000000000e+03,5.173465469852089882e-04
2.277000000000000000e+03,5.172228557057678699e-04
2.278000000000000000e+03,5.171134835109114647e-04
2.279000000000000000e+03,5.170535296201705933e-04
2.280000000000000000e+03,5.168913630768656731e-04
2.281000000000000000e+03,5.167656927369534969e-04
2.282000000000000000e+03,5.166701157577335835e-04
2.283000000000000000e+03,5.164458998478949070e-04
2.284000000000000000e+03,5.160934524610638618e-04
2.285000000000000000e+03,5.158253479748964310e-04
2.286000000000000000e+03,5.161581793799996376e-04
2.287000000000000000e+03,5.157163250260055065e-04
2.288000000000000000e+03,5.155054386705160141e-04
2.289000000000000000e+03,5.153162055648863316e-04
2.290000000000000000e+03,5.151697550900280476e-04
2.291000000000000000e+03,5.150232464075088501e-04
2.292000000000000000e+03,5.148120690137147903e-04
2.293000000000000000e+03,5.145443137735128403e-04
2.294000000000000000e+03,5.142248701304197311e-04
2.295000000000000000e+03,5.139200948178768158e-04
2.296000000000000000e+03,5.137104890309274197e-04
2.297000000000000000e+03,5.135047831572592258e-04
2.298000000000000000e+03,5.132763762958347797e-04
2.299000000000000000e+03,5.130212521180510521e-04
2.300000000000000000e+03,5.126794567331671715e-04
2.301000000000000000e+03,5.123799783177673817e-04
2.302000000000000000e+03,5.121776484884321690e-04
2.303000000000000000e+03,5.119562847539782524e-04
2.304000000000000000e+03,5.116623942740261555e-04
2.305000000000000000e+03,5.113638471812009811e-04
2.306000000000000000e+03,5.107779870741069317e-04
2.307000000000000000e+03,5.105527234263718128e-04
2.308000000000000000e+03,5.103612202219665051e-04
2.309000000000000000e+03,5.101845599710941315e-04
2.310000000000000000e+03,5.100940470583736897e-04
2.311000000000000000e+03,5.101977149024605751e-04
2.312000000000000000e+03,5.099957343190908432e-04
2.313000000000000000e+03,5.098067340441048145e-04
2.314000000000000000e+03,5.096311797387897968e-04
2.315000000000000000e+03,5.092008505016565323e-04
2.316000000000000000e+03,5.088365287519991398e-04
2.317000000000000000e+03,5.085505545139312744e-04
2.318000000000000000e+03,5.082858842797577381e-04
2.319000000000000000e+03,5.080813425593078136e-04
2.320000000000000000e+03,5.078454269096255302e-04
2.321000000000000000e+03,5.076187662780284882e-04
2.322000000000000000e+03,5.073134670965373516e-04
2.323000000000000000e+03,5.070883780717849731e-04
2.324000000000000000e+03,5.067942547611892223e-04
2.325000000000000000e+03,5.066504236310720444e-04
2.326000000000000000e+03,5.064810975454747677e-04
2.327000000000000000e+03,5.063069984316825867e-04
2.328000000000000000e+03,5.062318523414433002e-04
2.329000000000000000e+03,5.059756804257631302e-04
2.330000000000000000e+03,5.058788228780031204e-04
2.331000000000000000e+03,5.058075184933841228e-04
2.332000000000000000e+03,5.057425005361437798e-04
2.333000000000000000e+03,5.056248628534376621e-04
2.334000000000000000e+03,5.055309156887233257e-04
2.335000000000000000e+03,5.053668282926082611e-04
2.336000000000000000e+03,5.052511696703732014e-04
2.337000000000000000e+03,5.050818435847759247e-04
2.338000000000000000e+03,5.048466264270246029e-04
2.339000000000000000e+03,5.046770093031227589e-04
2.340000000000000000e+03,5.045464495196938515e-04
2.341000000000000000e+03,5.044042482040822506e-04
2.342000000000000000e+03,5.043034325353801250e-04
2.343000000000000000e+03,5.041716503910720348e-04
2.344000000000000000e+03,5.040345713496208191e-04
2.345000000000000000e+03,5.038478411734104156e-04
2.346000000000000000e+03,5.035353242419660091e-04
2.347000000000000000e+03,5.033416091464459896e-04
2.348000000000000000e+03,5.032144836150109768e-04
2.349000000000000000e+03,5.030450993217527866e-04
2.350000000000000000e+03,5.029171006754040718e-04
2.351000000000000000e+03,5.027349689044058323e-04
2.352000000000000000e+03,5.025326972827315331e-04
2.353000000000000000e+03,5.023981793783605099e-04
2.354000000000000000e+03,5.022916593588888645e-04
2.355000000000000000e+03,5.021846736781299114e-04
2.356000000000000000e+03,5.022678524255752563e-04
2.357000000000000000e+03,5.021235556341707706e-04
2.358000000000000000e+03,5.020157550461590290e-04
2.359000000000000000e+03,5.019538220949470997e-04
2.360000000000000000e+03,5.018929368816316128e-04
2.361000000000000000e+03,5.018206429667770863e-04
2.362000000000000000e+03,5.037207738496363163e-04
2.363000000000000000e+03,5.017920630052685738e-04
2.364000000000000000e+03,5.016777431592345238e-04
2.365000000000000000e+03,5.015382776036858559e-04
2.366000000000000000e+03,5.014766938984394073e-04
2.367000000000000000e+03,5.015755887143313885e-04
2.368000000000000000e+03,5.014179041609168053e-04
2.369000000000000000e+03,5.013245390728116035e-04
2.370000000000000000e+03,5.012045730836689472e-04
2.371000000000000000e+03,5.010858294554054737e-04
2.372000000000000000e+03,5.009619635529816151e-04
2.373000000000000000e+03,5.007172585465013981e-04
2.374000000000000000e+03,5.004626582376658916e-04
2.375000000000000000e+03,5.003338446840643883e-04
2.376000000000000000e+03,5.002429825253784657e-04
2.377000000000000000e+03,5.000825622119009495e-04
2.378000000000000000e+03,4.999486845917999744e-04
2.379000000000000000e+03,4.998283693566918373e-04
2.380000000000000000e+03,4.996155039407312870e-04
2.381000000000000000e+03,4.995021154172718525e-04
2.382000000000000000e+03,4.994085174985229969e-04
2.383000000000000000e+03,4.992230096831917763e-04
2.384000000000000000e+03,4.990587476640939713e-04
2.385000000000000000e+03,4.988912842236459255e-04
2.386000000000000000e+03,4.989910521544516087e-04
2.387000000000000000e+03,4.988345899619162083e-04
2.388000000000000000e+03,4.987082211300730705e-04
2.389000000000000000e+03,4.985718987882137299e-04
2.390000000000000000e+03,4.984788247384130955e-04
2.391000000000000000e+03,4.983652033843100071e-04
2.392000000000000000e+03,4.980919766239821911e-04
2.393000000000000000e+03,4.978848737664520741e-04
2.394000000000000000e+03,4.977732896804809570e-04
2.395000000000000000e+03,4.975151387043297291e-04
2.396000000000000000e+03,4.974021576344966888e-04
2.397000000000000000e+03,4.972799215465784073e-04
2.398000000000000000e+03,4.971417365595698357e-04
2.399000000000000000e+03,4.970092559233307838e-04
2.400000000000000000e+03,4.969033179804682732e-04
2.401000000000000000e+03,4.974684561602771282e-04
2.402000000000000000e+03,4.967431887052953243e-04
2.403000000000000000e+03,4.964980180375277996e-04
2.404000000000000000e+03,4.963274113833904266e-04
2.405000000000000000e+03,4.961530794389545918e-04
2.406000000000000000e+03,4.959581419825553894e-04
2.407000000000000000e+03,4.957707715220749378e-04
2.408000000000000000e+03,4.956969060003757477e-04
2.409000000000000000e+03,4.955120966769754887e-04
2.410000000000000000e+03,4.954199539497494698e-04
2.411000000000000000e+03,4.953081952407956123e-04
2.412000000000000000e+03,4.951090668328106403e-04
2.413000000000000000e+03,4.958129138685762882e-04
2.414000000000000000e+03,4.949950962327420712e-04
2.415000000000000000e+03,4.947170964442193508e-04
2.416000000000000000e+03,4.944107495248317719e-04
2.417000000000000000e+03,4.941471270285546780e-04
2.418000000000000000e+03,4.940340877510607243e-04
2.419000000000000000e+03,4.937746562063694000e-04
2.420000000000000000e+03,4.936071345582604408e-04
2.421000000000000000e+03,4.934018361382186413e-04
2.422000000000000000e+03,4.942681989632546902e-04
2.423000000000000000e+03,4.933606251142919064e-04
2.424000000000000000e+03,4.932435695081949234e-04
2.425000000000000000e+03,4.931117291562259197e-04
2.426000000000000000e+03,4.929956048727035522e-04
2.427000000000000000e+03,4.928840207867324352e-04
2.428000000000000000e+03,4.927263362333178520e-04
2.429000000000000000e+03,4.925420507788658142e-04
2.430000000000000000e+03,4.920925130136311054e-04
2.431000000000000000e+03,4.918134654872119427e-04
2.432000000000000000e+03,4.916451289318501949e-04
2.433000000000000000e+03,4.915050812996923923e-04
2.434000000000000000e+03,4.913566517643630505e-04
2.435000000000000000e+03,4.913784796372056007e-04
2.436000000000000000e+03,4.911955911666154861e-04
2.437000000000000000e+03,4.909618874080479145e-04
2.438000000000000000e+03,4.908303963020443916e-04
2.439000000000000000e+03,4.906057729385793209e-04
2.440000000000000000e+03,4.904162487946450710e-04
2.441000000000000000e+03,4.902994842268526554e-04
2.442000000000000000e+03,4.901970969513058662e-04
2.443000000000000000e+03,4.901831853203475475e-04
2.444000000000000000e+03,4.900905769318342209e-04
2.445000000000000000e+03,4.900404019281268120e-04
2.446000000000000000e+03,4.899930208921432495e-04
2.447000000000000000e+03,4.899316700175404549e-04
2.448000000000000000e+03,4.899137420579791069e-04
2.449000000000000000e+03,4.897692706435918808e-04
2.450000000000000000e+03,4.896174650639295578e-04
2.451000000000000000e+03,4.893997102044522762e-04
2.452000000000000000e+03,4.892071010544896126e-04
2.453000000000000000e+03,4.889534320682287216e-04
2.454000000000000000e+03,4.887889954261481762e-04
2.455000000000000000e+03,4.886360256932675838e-04
2.456000000000000000e+03,4.884600639343261719e-04
2.457000000000000000e+03,4.883154178969562054e-04
2.458000000000000000e+03,4.882214998360723257e-04
2.459000000000000000e+03,4.881102649960666895e-04
2.460000000000000000e+03,4.879810730926692486e-04
2.461000000000000000e+03,4.878673062194138765e-04
2.462000000000000000e+03,4.876447783317416906e-04
2.463000000000000000e+03,4.876214370597153902e-04
2.464000000000000000e+03,4.874848236795514822e-04
2.465000000000000000e+03,4.872842400800436735e-04
2.466000000000000000e+03,4.871605779044330120e-04
2.467000000000000000e+03,4.869873519055545330e-04
2.468000000000000000e+03,4.868966061621904373e-04
2.469000000000000000e+03,4.867841780651360750e-04
2.470000000000000000e+03,4.866695380769670010e-04
2.471000000000000000e+03,4.866056551691144705e-04
2.472000000000000000e+03,4.865543451160192490e-04
2.473000000000000000e+03,4.864747170358896255e-04
2.474000000000000000e+03,4.865285009145736694e-04
2.475000000000000000e+03,4.864052170887589455e-04
2.476000000000000000e+03,4.862785281147807837e-04
2.477000000000000000e+03,4.861687775701284409e-04
2.478000000000000000e+03,4.860974440816789865e-04
2.479000000000000000e+03,4.860201734118163586e-04
2.480000000000000000e+03,4.859302425757050514e-04
2.481000000000000000e+03,4.857986350543797016e-04
2.482000000000000000e+03,4.856827727053314447e-04
2.483000000000000000e+03,4.855678416788578033e-04
2.484000000000000000e+03,4.854772705584764481e-04
2.485000000000000000e+03,4.854066937696188688e-04
2.486000000000000000e+03,4.852840793319046497e-04
2.487000000000000000e+03,4.851623671129345894e-04
2.488000000000000000e+03,4.849818360526114702e-04
2.489000000000000000e+03,4.847260424867272377e-04
2.490000000000000000e+03,4.845535149797797203e-04
2.491000000000000000e+03,4.844421346206218004e-04
2.492000000000000000e+03,4.843475762754678726e-04
2.493000000000000000e+03,4.843964707106351852e-04
2.494000000000000000e+03,4.842965572606772184e-04
2.495000000000000000e+03,4.841391928493976593e-04
2.496000000000000000e+03,4.839885223191231489e-04
2.497000000000000000e+03,4.839035973418504000e-04
2.498000000000000000e+03,4.838991153519600630e-04
2.499000000000000000e+03,4.838381719309836626e-04
2.500000000000000000e+03,4.836700973100960255e-04
2.501000000000000000e+03,4.835059226024895906e-04
2.502000000000000000e+03,4.834051069337874651e-04
2.503000000000000000e+03,4.832737904507666826e-04
2.504000000000000000e+03,4.830821417272090912e-04
2.505000000000000000e+03,4.829435783904045820e-04
2.506000000000000000e+03,4.828021628782153130e-04
2.507000000000000000e+03,4.826126969419419765e-04
2.508000000000000000e+03,4.825518990401178598e-04
2.509000000000000000e+03,4.824096686206758022e-04
2.510000000000000000e+03,4.822740447707474232e-04
2.511000000000000000e+03,4.820802132599055767e-04
2.512000000000000000e+03,4.839531902689486742e-04
2.513000000000000000e+03,4.819946188945323229e-04
2.514000000000000000e+03,4.818655143026262522e-04
2.515000000000000000e+03,4.817487788386642933e-04
2.516000000000000000e+03,4.815454594790935516e-04
2.517000000000000000e+03,4.813587584067136049e-04
2.518000000000000000e+03,4.811458638869225979e-04
2.519000000000000000e+03,4.808852099813520908e-04
2.520000000000000000e+03,4.810838727280497551e-04
2.521000000000000000e+03,4.807331424672156572e-04
2.522000000000000000e+03,4.806434153579175472e-04
2.523000000000000000e+03,4.805068892892450094e-04
2.524000000000000000e+03,4.803541523870080709e-04
2.525000000000000000e+03,4.800538008566945791e-04
2.526000000000000000e+03,4.798099398612976074e-04
2.527000000000000000e+03,4.799540038220584393e-04
2.528000000000000000e+03,4.796828725375235081e-04
2.529000000000000000e+03,4.795227141585201025e-04
2.530000000000000000e+03,4.793457046616822481e-04
2.531000000000000000e+03,4.792307736352086067e-04
2.532000000000000000e+03,4.790347011294215918e-04
2.533000000000000000e+03,4.789399972651153803e-04
2.534000000000000000e+03,4.786796926055103540e-04
2.535000000000000000e+03,4.784810589626431465e-04
2.536000000000000000e+03,4.782727337442338467e-04
2.537000000000000000e+03,4.778627480845898390e-04
2.538000000000000000e+03,4.778725560754537582e-04
2.539000000000000000e+03,4.777516296599060297e-04
2.540000000000000000e+03,4.775817797053605318e-04
2.541000000000000000e+03,4.774330009240657091e-04
2.542000000000000000e+03,4.773098335135728121e-04
2.543000000000000000e+03,4.771717067342251539e-04
2.544000000000000000e+03,4.768715007230639458e-04
2.545000000000000000e+03,4.765756602864712477e-04
2.546000000000000000e+03,4.761998134199529886e-04
2.547000000000000000e+03,4.759647417813539505e-04
2.548000000000000000e+03,4.757046117447316647e-04
2.549000000000000000e+03,4.756215203087776899e-04
2.550000000000000000e+03,4.754732071887701750e-04
2.551000000000000000e+03,4.752966051455587149e-04
2.552000000000000000e+03,4.751430533360689878e-04
2.553000000000000000e+03,4.749646759591996670e-04
2.554000000000000000e+03,4.752323147840797901e-04
2.555000000000000000e+03,4.749280924443155527e-04
2.556000000000000000e+03,4.748522769659757614e-04
2.557000000000000000e+03,4.747569037135690451e-04
2.558000000000000000e+03,4.744917969219386578e-04
2.559000000000000000e+03,4.743509343825280666e-04
2.560000000000000000e+03,4.742574819829314947e-04
2.561000000000000000e+03,4.741796583402901888e-04
2.562000000000000000e+03,4.741042212117463350e-04
2.563000000000000000e+03,4.740199947264045477e-04
2.564000000000000000e+03,4.738132411148399115e-04
2.565000000000000000e+03,4.736864939332008362e-04
2.566000000000000000e+03,4.734521498903632164e-04
2.567000000000000000e+03,4.733196401502937078e-04
2.568000000000000000e+03,4.732354136649519205e-04
2.569000000000000000e+03,4.731668450403958559e-04
2.570000000000000000e+03,4.730395448859781027e-04
2.571000000000000000e+03,4.729235079139471054e-04
2.572000000000000000e+03,4.728477506432682276e-04
2.573000000000000000e+03,4.727926279883831739e-04
2.574000000000000000e+03,4.727200430352240801e-04
2.575000000000000000e+03,4.725531616713851690e-04
2.576000000000000000e+03,4.736306145787239075e-04
2.577000000000000000e+03,4.725031903944909573e-04
2.578000000000000000e+03,4.723181773442775011e-04
2.579000000000000000e+03,4.723710007965564728e-04
2.580000000000000000e+03,4.722272860817611217e-04
2.581000000000000000e+03,4.720812430605292320e-04
2.582000000000000000e+03,4.718967538792639971e-04
2.583000000000000000e+03,4.716299590654671192e-04
2.584000000000000000e+03,4.748067003674805164e-04
2.585000000000000000e+03,4.715751565527170897e-04
2.586000000000000000e+03,4.714103706646710634e-04
2.587000000000000000e+03,4.712147347163408995e-04
2.588000000000000000e+03,4.709920322056859732e-04
2.589000000000000000e+03,4.706252948381006718e-04
2.590000000000000000e+03,4.709828353952616453e-04
2.591000000000000000e+03,4.704217426478862762e-04
2.592000000000000000e+03,4.702055593952536583e-04
2.593000000000000000e+03,4.698790144175291061e-04
2.594000000000000000e+03,4.697434778790920973e-04
2.595000000000000000e+03,4.696320393122732639e-04
2.596000000000000000e+03,4.694753733929246664e-04
2.597000000000000000e+03,4.692960355896502733e-04
2.598000000000000000e+03,4.691178328357636929e-04
2.599000000000000000e+03,4.691299982368946075e-04
2.600000000000000000e+03,4.690652713179588318e-04
2.601000000000000000e+03,4.689972265623509884e-04
2.602000000000000000e+03,4.688990593422204256e-04
2.603000000000000000e+03,4.687872424256056547e-04
2.604000000000000000e+03,4.686577885877341032e-04
2.605000000000000000e+03,4.684232117142528296e-04
2.606000000000000000e+03,4.682528378907591105e-04
2.607000000000000000e+03,4.681461723521351814e-04
2.608000000000000000e+03,4.680745187215507030e-04
2.609000000000000000e+03,4.681076097767800093e-04
2.610000000000000000e+03,4.679992562159895897e-04
2.611000000000000000e+03,4.678695113398134708e-04
2.612000000000000000e+03,4.681871796492487192e-04
2.613000000000000000e+03,4.677927063312381506e-04
2.614000000000000000e+03,4.676688113249838352e-04
2.615000000000000000e+03,4.675695381592959166e-04
2.616000000000000000e+03,4.674639785662293434e-04
2.617000000000000000e+03,4.673117655329406261e-04
2.618000000000000000e+03,4.671270726248621941e-04
2.619000000000000000e+03,4.672078066505491734e-04
2.620000000000000000e+03,4.669993359129875898e-04
2.621000000000000000e+03,4.668575711548328400e-04
2.622000000000000000e+03,4.667876346502453089e-04
2.623000000000000000e+03,4.666417080443352461e-04
2.624000000000000000e+03,4.664558509830385447e-04
2.625000000000000000e+03,4.663686268031597137e-04
2.626000000000000000e+03,4.662580613512545824e-04
2.627000000000000000e+03,4.661897546611726284e-04
2.628000000000000000e+03,4.660614067688584328e-04
2.629000000000000000e+03,4.659470578189939260e-04
2.630000000000000000e+03,4.657978133764117956e-04
2.631000000000000000e+03,4.658594261854887009e-04
2.632000000000000000e+03,4.657485987991094589e-04
2.633000000000000000e+03,4.656882665585726500e-04
2.634000000000000000e+03,4.655918455682694912e-04
2.635000000000000000e+03,4.654887306969612837e-04
2.636000000000000000e+03,4.653485375456511974e-04
2.637000000000000000e+03,4.651435301639139652e-04
2.638000000000000000e+03,4.649931797757744789e-04
2.639000000000000000e+03,4.648109315894544125e-04
2.640000000000000000e+03,4.645599983632564545e-04
2.641000000000000000e+03,4.643114225473254919e-04
2.642000000000000000e+03,4.640291735995560884e-04
2.643000000000000000e+03,4.638774262275546789e-04
2.644000000000000000e+03,4.641737905330955982e-04
2.645000000000000000e+03,4.637824895326048136e-04
2.646000000000000000e+03,4.636852245312184095e-04
2.647000000000000000e+03,4.635176737792789936e-04
2.648000000000000000e+03,4.633444186765700579e-04
2.649000000000000000e+03,4.631227056961506605e-04
2.650000000000000000e+03,4.628222959581762552e-04
2.651000000000000000e+03,4.625911242328584194e-04
2.652000000000000000e+03,4.624376306310296059e-04
2.653000000000000000e+03,4.623245331458747387e-04
2.654000000000000000e+03,4.622211563400924206e-04
2.655000000000000000e+03,4.620363761205226183e-04
2.656000000000000000e+03,4.616577061824500561e-04
2.657000000000000000e+03,4.796078137587755919e-04
2.658000000000000000e+03,4.616402729880064726e-04
2.659000000000000000e+03,4.615525831468403339e-04
2.660000000000000000e+03,4.613112541846930981e-04
2.661000000000000000e+03,4.610705946106463671e-04
2.662000000000000000e+03,4.608295566868036985e-04
2.663000000000000000e+03,4.604822024703025818e-04
2.664000000000000000e+03,4.614144272636622190e-04
2.665000000000000000e+03,4.604435816872864962e-04
2.666000000000000000e+03,4.603489942383021116e-04
2.667000000000000000e+03,4.602018452715128660e-04
2.668000000000000000e+03,4.600057145580649376e-04
2.669000000000000000e+03,4.597800143528729677e-04
2.670000000000000000e+03,4.601352557074278593e-04
2.671000000000000000e+03,4.596875223796814680e-04
2.672000000000000000e+03,4.594449128489941359e-04
2.673000000000000000e+03,4.592425248119980097e-04
2.674000000000000000e+03,4.589093150570988655e-04
2.675000000000000000e+03,4.587654257193207741e-04
2.676000000000000000e+03,4.586206341627985239e-04
2.677000000000000000e+03,4.584357666317373514e-04
2.678000000000000000e+03,4.585364367812871933e-04
2.679000000000000000e+03,4.583208938129246235e-04
2.680000000000000000e+03,4.581975517794489861e-04
2.681000000000000000e+03,4.580297390930354595e-04
2.682000000000000000e+03,4.578373918775469065e-04
2.683000000000000000e+03,4.599092353601008654e-04
2.684000000000000000e+03,4.577647778205573559e-04
2.685000000000000000e+03,4.575508064590394497e-04
2.686000000000000000e+03,4.573778132908046246e-04
2.687000000000000000e+03,4.572168691083788872e-04
2.688000000000000000e+03,4.569416050799190998e-04
2.689000000000000000e+03,4.568403819575905800e-04
2.690000000000000000e+03,4.567417199723422527e-04
2.691000000000000000e+03,4.566374700516462326e-04
2.692000000000000000e+03,4.565322888083755970e-04
2.693000000000000000e+03,4.564067348837852478e-04
2.694000000000000000e+03,4.562925314530730247e-04
2.695000000000000000e+03,4.561901150736957788e-04
2.696000000000000000e+03,4.560557426884770393e-04
2.697000000000000000e+03,4.559692752081900835e-04
2.698000000000000000e+03,4.558913351502269506e-04
2.699000000000000000e+03,4.557969514280557632e-04
2.700000000000000000e+03,4.556427593342959881e-04
2.701000000000000000e+03,4.554474726319313049e-04
2.702000000000000000e+03,4.558156360872089863e-04
2.703000000000000000e+03,4.553757316898554564e-04
2.704000000000000000e+03,4.552009922917932272e-04
2.705000000000000000e+03,4.549551522359251976e-04
2.706000000000000000e+03,4.547356220427900553e-04
2.707000000000000000e+03,4.544656258076429367e-04
2.708000000000000000e+03,4.543290997389703989e-04
2.709000000000000000e+03,4.541315138339996338e-04
2.710000000000000000e+03,4.539338697213679552e-04
2.711000000000000000e+03,4.538379726000130177e-04
2.712000000000000000e+03,4.536313936114311218e-04
2.713000000000000000e+03,4.534528707154095173e-04
2.714000000000000000e+03,4.533211758825927973e-04
2.715000000000000000e+03,4.531970480456948280e-04
2.716000000000000000e+03,4.530959122348576784e-04
2.717000000000000000e+03,4.529472207650542259e-04
2.718000000000000000e+03,4.528095305431634188e-04
2.719000000000000000e+03,4.526439588516950607e-04
2.720000000000000000e+03,4.525169497355818748e-04
2.721000000000000000e+03,4.523351672105491161e-04
2.722000000000000000e+03,4.521821974776685238e-04
2.723000000000000000e+03,4.520340880844742060e-04
2.724000000000000000e+03,4.520471557043492794e-04
2.725000000000000000e+03,4.519466019701212645e-04
2.726000000000000000e+03,4.518079804256558418e-04
2.727000000000000000e+03,4.516526823863387108e-04
2.728000000000000000e+03,4.515488108154386282e-04
2.729000000000000000e+03,4.513561143539845943e-04
2.730000000000000000e+03,4.513759631663560867e-04
2.731000000000000000e+03,4.512778832577168941e-04
2.732000000000000000e+03,4.511688603088259697e-04
2.733000000000000000e+03,4.509770951699465513e-04
2.734000000000000000e+03,4.508251731749624014e-04
2.735000000000000000e+03,4.506797704380005598e-04
2.736000000000000000e+03,4.505821270868182182e-04
2.737000000000000000e+03,4.504630633164197206e-04
2.738000000000000000e+03,4.503131785895675421e-04
2.739000000000000000e+03,4.500807845033705235e-04
2.740000000000000000e+03,4.551239544525742531e-04
2.741000000000000000e+03,4.499723436310887337e-04
2.742000000000000000e+03,4.498075577430427074e-04
2.743000000000000000e+03,4.496626497711986303e-04
2.744000000000000000e+03,4.494739405345171690e-04
2.745000000000000000e+03,4.537076456472277641e-04
2.746000000000000000e+03,4.494303721003234386e-04
2.747000000000000000e+03,4.492175939958542585e-04
2.748000000000000000e+03,4.489701823331415653e-04
2.749000000000000000e+03,4.486718098632991314e-04
2.750000000000000000e+03,4.484531527850776911e-04
2.751000000000000000e+03,4.481617070268839598e-04
2.752000000000000000e+03,4.478935734368860722e-04
2.753000000000000000e+03,4.476785543374717236e-04
2.754000000000000000e+03,4.475152527447789907e-04
2.755000000000000000e+03,4.474575980566442013e-04
2.756000000000000000e+03,4.473783483263105154e-04
2.757000000000000000e+03,4.472352447919547558e-04
2.758000000000000000e+03,4.470683634281158447e-04
2.759000000000000000e+03,4.469518607947975397e-04
2.760000000000000000e+03,4.467932740226387978e-04
2.761000000000000000e+03,4.466524987947195768e-04
2.762000000000000000e+03,4.465521778911352158e-04
2.763000000000000000e+03,4.462909710127860308e-04
2.764000000000000000e+03,4.461581120267510414e-04
2.765000000000000000e+03,4.460394266061484814e-04
2.766000000000000000e+03,4.459233314264565706e-04
2.767000000000000000e+03,4.461023199837654829e-04
2.768000000000000000e+03,4.458499024622142315e-04
2.769000000000000000e+03,4.457163740880787373e-04
2.770000000000000000e+03,4.456174792721867561e-04
2.771000000000000000e+03,4.455104935914278030e-04
2.772000000000000000e+03,4.471645224839448929e-04
2.773000000000000000e+03,4.454447771422564983e-04
2.774000000000000000e+03,4.453497822396457195e-04
2.775000000000000000e+03,4.452487919479608536e-04
2.776000000000000000e+03,4.451176209840923548e-04
2.777000000000000000e+03,4.450176202226430178e-04
2.778000000000000000e+03,4.448349354788661003e-04
2.779000000000000000e+03,4.446706152521073818e-04
2.780000000000000000e+03,4.445238155312836170e-04
2.781000000000000000e+03,4.444314981810748577e-04
2.782000000000000000e+03,4.443359503056854010e-04
2.783000000000000000e+03,4.448707622941583395e-04
2.784000000000000000e+03,4.442837671376764774e-04
2.785000000000000000e+03,4.441950877662748098e-04
2.786000000000000000e+03,4.440362972673028708e-04
2.787000000000000000e+03,4.438947653397917747e-04
2.788000000000000000e+03,4.438039904925972223e-04
2.789000000000000000e+03,4.436481976881623268e-04
2.790000000000000000e+03,4.434792499523609877e-04
2.791000000000000000e+03,4.450710257515311241e-04
2.792000000000000000e+03,4.434505535755306482e-04
2.793000000000000000e+03,4.433385038282722235e-04
2.794000000000000000e+03,4.431149573065340519e-04
2.795000000000000000e+03,4.428338143043220043e-04
2.796000000000000000e+03,4.425930092111229897e-04
2.797000000000000000e+03,4.422824422363191843e-04
2.798000000000000000e+03,4.421085468493402004e-04
2.799000000000000000e+03,4.418955941218882799e-04
2.800000000000000000e+03,4.416472802404314280e-04
2.801000000000000000e+03,4.413480637595057487e-04
2.802000000000000000e+03,4.417067393660545349e-04
2.803000000000000000e+03,4.412925627548247576e-04
2.804000000000000000e+03,4.411749832797795534e-04
2.805000000000000000e+03,4.411185218486934900e-04
2.806000000000000000e+03,4.409998073242604733e-04
2.807000000000000000e+03,4.408437816891819239e-04
2.808000000000000000e+03,4.404446517582982779e-04
2.809000000000000000e+03,4.403123457450419664e-04
2.810000000000000000e+03,4.401982296258211136e-04
2.811000000000000000e+03,4.401372862048447132e-04
2.812000000000000000e+03,4.400873149279505014e-04
2.813000000000000000e+03,4.403499478939920664e-04
2.814000000000000000e+03,4.400432226248085499e-04
2.815000000000000000e+03,4.399430181365460157e-04
2.816000000000000000e+03,4.398472665343433619e-04
2.817000000000000000e+03,4.396013391669839621e-04
2.818000000000000000e+03,4.393643757794052362e-04
2.819000000000000000e+03,4.390703106764703989e-04
2.820000000000000000e+03,4.391701659187674522e-04
2.821000000000000000e+03,4.389471141621470451e-04
2.822000000000000000e+03,4.387781082186847925e-04
2.823000000000000000e+03,4.385451320558786392e-04
2.824000000000000000e+03,4.385086940601468086e-04
2.825000000000000000e+03,4.382405313663184643e-04
2.826000000000000000e+03,4.380931495688855648e-04
2.827000000000000000e+03,4.380039172247052193e-04
2.828000000000000000e+03,4.379189922474324703e-04
2.829000000000000000e+03,4.378170997370034456e-04
2.830000000000000000e+03,4.403036145959049463e-04
2.831000000000000000e+03,4.377270815894007683e-04
2.832000000000000000e+03,4.375959397293627262e-04
2.833000000000000000e+03,4.374310956336557865e-04
2.834000000000000000e+03,4.373240517452359200e-04
2.835000000000000000e+03,4.371808026917278767e-04
2.836000000000000000e+03,4.369988455437123775e-04
2.837000000000000000e+03,4.371941904537379742e-04
2.838000000000000000e+03,4.369340313132852316e-04
2.839000000000000000e+03,4.368076333776116371e-04
2.840000000000000000e+03,4.365451750345528126e-04
2.841000000000000000e+03,4.363221232779324055e-04
2.842000000000000000e+03,4.361831524875015020e-04
2.843000000000000000e+03,4.360220918897539377e-04
2.844000000000000000e+03,4.359470331110060215e-04
2.845000000000000000e+03,4.358165606390684843e-04
2.846000000000000000e+03,4.356655117589980364e-04
2.847000000000000000e+03,4.355682758614420891e-04
2.848000000000000000e+03,4.354387347120791674e-04
2.849000000000000000e+03,4.371322575025260448e-04
2.850000000000000000e+03,4.353954282123595476e-04
2.851000000000000000e+03,4.352263058535754681e-04
2.852000000000000000e+03,4.349293594714254141e-04
2.853000000000000000e+03,4.347130889073014259e-04
2.854000000000000000e+03,4.344444896560162306e-04
2.855000000000000000e+03,4.342628526501357555e-04
2.856000000000000000e+03,4.340205050539225340e-04
2.857000000000000000e+03,4.338240541983395815e-04
2.858000000000000000e+03,4.336237325333058834e-04
2.859000000000000000e+03,4.335059202276170254e-04
2.860000000000000000e+03,4.334216064307838678e-04
2.861000000000000000e+03,4.332141834311187267e-04
2.862000000000000000e+03,4.330186930019408464e-04
2.863000000000000000e+03,4.327307688072323799e-04
2.864000000000000000e+03,4.325694462750107050e-04
2.865000000000000000e+03,4.324280598666518927e-04
2.866000000000000000e+03,4.323340835981070995e-04
2.867000000000000000e+03,4.322551831137388945e-04
2.868000000000000000e+03,4.321933665778487921e-04
2.869000000000000000e+03,4.320634470786899328e-04
2.870000000000000000e+03,4.317878629080951214e-04
2.871000000000000000e+03,4.317882412578910589e-04
2.872000000000000000e+03,4.316676058806478977e-04
2.873000000000000000e+03,4.314092511776834726e-04
2.874000000000000000e+03,4.311681841500103474e-04
2.875000000000000000e+03,4.309274663683027029e-04
2.876000000000000000e+03,4.306587215978652239e-04
2.877000000000000000e+03,4.304750473238527775e-04
2.878000000000000000e+03,4.302101733628660440e-04
2.879000000000000000e+03,4.299740830902010202e-04
2.880000000000000000e+03,4.297359555494040251e-04
2.881000000000000000e+03,4.296744300518184900e-04
2.882000000000000000e+03,4.303377063479274511e-04
2.883000000000000000e+03,4.296270490158349276e-04
2.884000000000000000e+03,4.295102262403815985e-04
2.885000000000000000e+03,4.292025114409625530e-04
2.886000000000000000e+03,4.288758791517466307e-04
2.887000000000000000e+03,4.286177572794258595e-04
2.888000000000000000e+03,4.284108290448784828e-04
2.889000000000000000e+03,4.282584122847765684e-04
2.890000000000000000e+03,4.279696440789848566e-04
2.891000000000000000e+03,4.274988605175167322e-04
2.892000000000000000e+03,4.272416990716010332e-04
2.893000000000000000e+03,4.273457452654838562e-04
2.894000000000000000e+03,4.271466168574988842e-04
2.895000000000000000e+03,4.269457713235169649e-04
2.896000000000000000e+03,4.267015901859849691e-04
2.897000000000000000e+03,4.264837189111858606e-04
2.898000000000000000e+03,4.269589553587138653e-04
2.899000000000000000e+03,4.264127637725323439e-04
2.900000000000000000e+03,4.262422153260558844e-04
2.901000000000000000e+03,4.258617409504950047e-04
2.902000000000000000e+03,4.257056280039250851e-04
2.903000000000000000e+03,4.255053936503827572e-04
2.904000000000000000e+03,4.253379011061042547e-04
2.905000000000000000e+03,4.273661470506340265e-04
2.906000000000000000e+03,4.252863000147044659e-04
2.907000000000000000e+03,4.251600184943526983e-04
2.908000000000000000e+03,4.247338220011442900e-04
2.909000000000000000e+03,4.244589945301413536e-04
2.910000000000000000e+03,4.242249415256083012e-04
2.911000000000000000e+03,4.239603003952652216e-04
2.912000000000000000e+03,4.235986853018403053e-04
2.913000000000000000e+03,4.231205093674361706e-04
2.914000000000000000e+03,4.229149781167507172e-04
2.915000000000000000e+03,4.227375029586255550e-04
2.916000000000000000e+03,4.349855880718678236e-04
2.917000000000000000e+03,4.226938181091099977e-04
2.918000000000000000e+03,4.225435259286314249e-04
2.919000000000000000e+03,4.222841234877705574e-04
2.920000000000000000e+03,4.221238486934453249e-04
2.921000000000000000e+03,4.219248658046126366e-04
2.922000000000000000e+03,4.218834801577031612e-04
2.923000000000000000e+03,4.217287059873342514e-04
2.924000000000000000e+03,4.216202360112220049e-04
2.925000000000000000e+03,4.232609644532203674e-04
2.926000000000000000e+03,4.215388325974345207e-04
2.927000000000000000e+03,4.213639767840504646e-04
2.928000000000000000e+03,4.212411877233535051e-04
2.929000000000000000e+03,4.211625200696289539e-04
2.930000000000000000e+03,4.210382467135787010e-04
2.931000000000000000e+03,4.207998863421380520e-04
2.932000000000000000e+03,4.207322199363261461e-04
2.933000000000000000e+03,4.205516888760030270e-04
2.934000000000000000e+03,4.204783472232520580e-04
2.935000000000000000e+03,4.203567514196038246e-04
2.936000000000000000e+03,4.201721167191863060e-04
2.937000000000000000e+03,4.207948222756385803e-04
2.938000000000000000e+03,4.200938565190881491e-04
2.939000000000000000e+03,4.198393435217440128e-04
2.940000000000000000e+03,4.195382061880081892e-04
2.941000000000000000e+03,4.192747001070529222e-04
2.942000000000000000e+03,4.190828185528516769e-04
2.943000000000000000e+03,4.189320607110857964e-04
2.944000000000000000e+03,4.186322621535509825e-04
2.945000000000000000e+03,4.184915451332926750e-04
2.946000000000000000e+03,4.183046694379299879e-04
2.947000000000000000e+03,4.181631084065884352e-04
2.948000000000000000e+03,4.180063842795789242e-04
2.949000000000000000e+03,4.176404036115854979e-04
2.950000000000000000e+03,4.180803371127694845e-04
2.951000000000000000e+03,4.174913046881556511e-04
2.952000000000000000e+03,4.171867913100868464e-04
2.953000000000000000e+03,4.169664753135293722e-04
2.954000000000000000e+03,4.167863226030021906e-04
2.955000000000000000e+03,4.173799534328281879e-04
2.956000000000000000e+03,4.166737489867955446e-04
2.957000000000000000e+03,4.163981066085398197e-04
2.958000000000000000e+03,4.161569231655448675e-04
2.959000000000000000e+03,4.159183008596301079e-04
2.960000000000000000e+03,4.155410861130803823e-04
2.961000000000000000e+03,4.152773472014814615e-04
2.962000000000000000e+03,4.151990870013833046e-04
2.963000000000000000e+03,4.150461754761636257e-04
2.964000000000000000e+03,4.149414016865193844e-04
2.965000000000000000e+03,4.148363077547401190e-04
2.966000000000000000e+03,4.145786224398761988e-04
2.967000000000000000e+03,4.143089754506945610e-04
2.968000000000000000e+03,4.142297257203608751e-04
2.969000000000000000e+03,4.139498632866889238e-04
2.970000000000000000e+03,4.138012882322072983e-04
2.971000000000000000e+03,4.137298965360969305e-04
2.972000000000000000e+03,4.135843191761523485e-04
2.973000000000000000e+03,4.134915361646562815e-04
2.974000000000000000e+03,4.133152833674103022e-04
2.975000000000000000e+03,4.130550369154661894e-04
2.976000000000000000e+03,4.128437140025198460e-04
2.977000000000000000e+03,4.126461863052099943e-04
2.978000000000000000e+03,4.124541301280260086e-04
2.979000000000000000e+03,4.123371036257594824e-04
2.980000000000000000e+03,4.121330275665968657e-04
2.981000000000000000e+03,4.158533993177115917e-04
2.982000000000000000e+03,4.120781959500163794e-04
2.983000000000000000e+03,4.119103541597723961e-04
2.984000000000000000e+03,4.117905627936124802e-04
2.985000000000000000e+03,4.116837517358362675e-04
2.986000000000000000e+03,4.114865732844918966e-04
2.987000000000000000e+03,4.128147265873849392e-04
2.988000000000000000e+03,4.112985043320804834e-04
2.989000000000000000e+03,4.110732988920062780e-04
2.990000000000000000e+03,4.109299043193459511e-04
2.991000000000000000e+03,4.107482091058045626e-04
2.992000000000000000e+03,4.105567932128906250e-04
2.993000000000000000e+03,4.103141836822032928e-04
2.994000000000000000e+03,4.100363294128328562e-04
2.995000000000000000e+03,4.098360077477991581e-04
2.996000000000000000e+03,4.094664473086595535e-04
2.997000000000000000e+03,4.093401948921382427e-04
2.998000000000000000e+03,4.092639428563416004e-04
2.999000000000000000e+03,4.091589071322232485e-04
3.000000000000000000e+03,4.091055016033351421e-04
3.001000000000000000e+03,4.088729911018162966e-04
3.002000000000000000e+03,4.087815177626907825e-04
3.003000000000000000e+03,4.086805274710059166e-04
3.004000000000000000e+03,4.085144028067588806e-04
3.005000000000000000e+03,4.083747917320579290e-04
3.006000000000000000e+03,4.082561063114553690e-04
3.007000000000000000e+03,4.079881764482706785e-04
3.008000000000000000e+03,4.078696365468204021e-04
3.009000000000000000e+03,4.077883204445242882e-04
3.010000000000000000e+03,4.078411147929728031e-04
3.011000000000000000e+03,4.077108460478484631e-04
3.012000000000000000e+03,4.075528995599597692e-04
3.013000000000000000e+03,4.073008894920349121e-04
3.014000000000000000e+03,4.070974246133118868e-04
3.015000000000000000e+03,4.067895933985710144e-04
3.016000000000000000e+03,4.065431712660938501e-04
3.017000000000000000e+03,4.064131644554436207e-04
3.018000000000000000e+03,4.062204970978200436e-04
3.019000000000000000e+03,4.061055078636854887e-04
3.020000000000000000e+03,4.058652266394346952e-04
3.021000000000000000e+03,4.056304460391402245e-04
3.022000000000000000e+03,4.055006429553031921e-04
3.023000000000000000e+03,4.051083524245768785e-04
3.024000000000000000e+03,4.049314884468913078e-04
3.025000000000000000e+03,4.048429545946419239e-04
3.026000000000000000e+03,4.047169641125947237e-04
3.027000000000000000e+03,4.046176036354154348e-04
3.028000000000000000e+03,4.044168454129248857e-04
3.029000000000000000e+03,4.041021456941962242e-04
3.030000000000000000e+03,4.038388724438846111e-04
3.031000000000000000e+03,4.035962920170277357e-04
3.032000000000000000e+03,4.035614838358014822e-04
3.033000000000000000e+03,4.033048171550035477e-04
3.034000000000000000e+03,4.031989665236324072e-04
3.035000000000000000e+03,4.030286800116300583e-04
3.036000000000000000e+03,4.095116746611893177e-04
3.037000000000000000e+03,4.029994015581905842e-04
3.038000000000000000e+03,4.028664552606642246e-04
3.039000000000000000e+03,4.026778333354741335e-04
3.040000000000000000e+03,4.025230009574443102e-04
3.041000000000000000e+03,4.023904912173748016e-04
3.042000000000000000e+03,4.021846398245543242e-04
3.043000000000000000e+03,4.020535561721771955e-04
3.044000000000000000e+03,4.018812614958733320e-04
3.045000000000000000e+03,4.017018654849380255e-04
3.046000000000000000e+03,4.014596925117075443e-04
3.047000000000000000e+03,4.011839046142995358e-04
3.048000000000000000e+03,4.007151583209633827e-04
3.049000000000000000e+03,4.002416972070932388e-04
3.050000000000000000e+03,4.002157656941562891e-04
3.051000000000000000e+03,3.999933833256363869e-04
3.052000000000000000e+03,3.999145119450986385e-04
3.053000000000000000e+03,3.997614840045571327e-04
3.054000000000000000e+03,3.996419545728713274e-04
3.055000000000000000e+03,3.993928839918226004e-04
3.056000000000000000e+03,3.991960838902741671e-04
3.057000000000000000e+03,3.990315017290413380e-04
3.058000000000000000e+03,3.988757089246064425e-04
3.059000000000000000e+03,3.986314113717526197e-04
3.060000000000000000e+03,3.984142094850540161e-04
3.061000000000000000e+03,3.985014918725937605e-04
3.062000000000000000e+03,3.983315837103873491e-04
3.063000000000000000e+03,3.981059708166867495e-04
3.064000000000000000e+03,3.979257598984986544e-04
3.065000000000000000e+03,3.978181339334696531e-04
3.066000000000000000e+03,3.976802690885961056e-04
3.067000000000000000e+03,3.975215367972850800e-04
3.068000000000000000e+03,3.975371946580708027e-04
3.069000000000000000e+03,3.973603597842156887e-04
3.070000000000000000e+03,3.971114056184887886e-04
3.071000000000000000e+03,3.969506360590457916e-04
3.072000000000000000e+03,3.968050004914402962e-04
3.073000000000000000e+03,3.966378280892968178e-04
3.074000000000000000e+03,3.964234783779829741e-04
3.075000000000000000e+03,3.962863411288708448e-04
3.076000000000000000e+03,3.960623289458453655e-04
3.077000000000000000e+03,3.957970184274017811e-04
3.078000000000000000e+03,3.955150605179369450e-04
3.079000000000000000e+03,3.952920669689774513e-04
3.080000000000000000e+03,3.975911531597375870e-04
3.081000000000000000e+03,3.951983526349067688e-04
3.082000000000000000e+03,3.949716920033097267e-04
3.083000000000000000e+03,3.946541401091963053e-04
3.084000000000000000e+03,3.944361233152449131e-04
3.085000000000000000e+03,3.942054172512143850e-04
3.086000000000000000e+03,3.938603040296584368e-04
3.087000000000000000e+03,3.936215944122523069e-04
3.088000000000000000e+03,3.932799445465207100e-04
3.089000000000000000e+03,3.930004604626446962e-04
3.090000000000000000e+03,3.926493518520146608e-04
3.091000000000000000e+03,3.924486809410154819e-04
3.092000000000000000e+03,3.950542886741459370e-04
3.093000000000000000e+03,3.924083721358329058e-04
3.094000000000000000e+03,3.922537725884467363e-04
3.095000000000000000e+03,3.919818263966590166e-04
3.096000000000000000e+03,3.915311244782060385e-04
3.097000000000000000e+03,3.912512038368731737e-04
3.098000000000000000e+03,3.909093502443283796e-04
3.099000000000000000e+03,3.907013160642236471e-04
3.100000000000000000e+03,3.903577162418514490e-04
3.101000000000000000e+03,3.899741568602621555e-04
3.102000000000000000e+03,3.897389105986803770e-04
3.103000000000000000e+03,3.894049150403589010e-04
3.104000000000000000e+03,3.891621308866888285e-04
3.105000000000000000e+03,3.888788342010229826e-04
3.106000000000000000e+03,3.887116617988795042e-04
3.107000000000000000e+03,3.884201869368553162e-04
3.108000000000000000e+03,3.882521996274590492e-04
3.109000000000000000e+03,3.879475116264075041e-04
3.110000000000000000e+03,3.877486160490661860e-04
3.111000000000000000e+03,3.876313567161560059e-04
3.112000000000000000e+03,3.873508539982140064e-04
3.113000000000000000e+03,3.875509719364345074e-04
3.114000000000000000e+03,3.872208762913942337e-04
3.115000000000000000e+03,3.869858628604561090e-04
3.116000000000000000e+03,3.867876948788762093e-04
3.117000000000000000e+03,3.866513143293559551e-04
3.118000000000000000e+03,3.864676109515130520e-04
3.119000000000000000e+03,3.863057936541736126e-04
3.120000000000000000e+03,3.861637960653752089e-04
3.121000000000000000e+03,3.858972631860524416e-04
3.122000000000000000e+03,3.857113479170948267e-04
3.123000000000000000e+03,3.853368398267775774e-04
3.124000000000000000e+03,3.851574729196727276e-04
3.125000000000000000e+03,3.850114881061017513e-04
3.126000000000000000e+03,3.848492633551359177e-04
3.127000000000000000e+03,3.846798499580472708e-04
3.128000000000000000e+03,3.846165200229734182e-04
3.129000000000000000e+03,3.844539460260421038e-04
3.130000000000000000e+03,3.844078455585986376e-04
3.131000000000000000e+03,3.843305457849055529e-04
3.132000000000000000e+03,3.841982106678187847e-04
3.133000000000000000e+03,3.838636039290577173e-04
3.134000000000000000e+03,3.836259711533784866e-04
3.135000000000000000e+03,3.834564704447984695e-04
3.136000000000000000e+03,3.833564696833491325e-04
3.137000000000000000e+03,3.832103393506258726e-04
3.138000000000000000e+03,3.829284105449914932e-04
3.139000000000000000e+03,3.826908068731427193e-04
3.140000000000000000e+03,3.823498263955116272e-04
3.141000000000000000e+03,3.821008722297847271e-04
3.142000000000000000e+03,3.818764234893023968e-04
3.143000000000000000e+03,3.817326796706765890e-04
3.144000000000000000e+03,3.815554082393646240e-04
3.145000000000000000e+03,3.815044765360653400e-04
3.146000000000000000e+03,3.813392540905624628e-04
3.147000000000000000e+03,3.812278737314045429e-04
3.148000000000000000e+03,3.811370115727186203e-04
3.149000000000000000e+03,3.810233029071241617e-04
3.150000000000000000e+03,3.807681205216795206e-04
3.151000000000000000e+03,3.840667195618152618e-04
3.152000000000000000e+03,3.806257154792547226e-04
3.153000000000000000e+03,3.801631683018058538e-04
3.154000000000000000e+03,3.796686651185154915e-04
3.155000000000000000e+03,3.793349897023290396e-04
3.156000000000000000e+03,3.791628696490079165e-04
3.157000000000000000e+03,3.789738111663609743e-04
3.158000000000000000e+03,3.788234316743910313e-04
3.159000000000000000e+03,3.786041343118995428e-04
3.160000000000000000e+03,3.783893480431288481e-04
3.161000000000000000e+03,3.781091072596609592e-04
3.162000000000000000e+03,3.777139063458889723e-04
3.163000000000000000e+03,3.775943769142031670e-04
3.164000000000000000e+03,3.771539195440709591e-04
3.165000000000000000e+03,3.769746399484574795e-04
3.166000000000000000e+03,3.768475144170224667e-04
3.167000000000000000e+03,3.780418774113059044e-04
3.168000000000000000e+03,3.768065653275698423e-04
3.169000000000000000e+03,3.766390727832913399e-04
3.170000000000000000e+03,3.763420681934803724e-04
3.171000000000000000e+03,3.760443069040775299e-04
3.172000000000000000e+03,3.764136345125734806e-04
3.173000000000000000e+03,3.759090614039450884e-04
3.174000000000000000e+03,3.757571685127913952e-04
3.175000000000000000e+03,3.755052166525274515e-04
3.176000000000000000e+03,3.753603668883442879e-04
3.177000000000000000e+03,3.752072516363114119e-04
3.178000000000000000e+03,3.750608011614531279e-04
3.179000000000000000e+03,3.750042815227061510e-04
3.180000000000000000e+03,3.748807066585868597e-04
3.181000000000000000e+03,3.747378941625356674e-04
3.182000000000000000e+03,3.745999420061707497e-04
3.183000000000000000e+03,3.745254653040319681e-04
3.184000000000000000e+03,3.744571586139500141e-04
3.185000000000000000e+03,3.744105342775583267e-04
3.186000000000000000e+03,3.742997068911790848e-04
3.187000000000000000e+03,3.740830870810896158e-04
3.188000000000000000e+03,3.738890518434345722e-04
3.189000000000000000e+03,3.741919063031673431e-04
3.190000000000000000e+03,3.737702791113406420e-04
3.191000000000000000e+03,3.736055223271250725e-04
3.192000000000000000e+03,3.734185593202710152e-04
3.193000000000000000e+03,3.732268523890525103e-04
3.194000000000000000e+03,3.728876472450792789e-04
3.195000000000000000e+03,3.725107235368341208e-04
3.196000000000000000e+03,3.721033572219312191e-04
3.197000000000000000e+03,3.718286461662501097e-04
3.198000000000000000e+03,3.716696228366345167e-04
3.199000000000000000e+03,3.715427592396736145e-04
3.200000000000000000e+03,3.714257618412375450e-04
3.201000000000000000e+03,3.713532641995698214e-04
3.202000000000000000e+03,3.712449106387794018e-04
3.203000000000000000e+03,3.726296417880803347e-04
3.204000000000000000e+03,3.712092584464699030e-04
3.205000000000000000e+03,3.711241588462144136e-04
3.206000000000000000e+03,3.710229939315468073e-04
3.207000000000000000e+03,3.709122538566589355e-04
3.208000000000000000e+03,3.707183932419866323e-04
3.209000000000000000e+03,3.703681868501007557e-04
3.210000000000000000e+03,3.699871303979307413e-04
3.211000000000000000e+03,3.701056120917201042e-04
3.212000000000000000e+03,3.698713262565433979e-04
3.213000000000000000e+03,3.696868952829390764e-04
3.214000000000000000e+03,3.694282495416700840e-04
3.215000000000000000e+03,3.692225436680018902e-04
3.216000000000000000e+03,3.690919838845729828e-04
3.217000000000000000e+03,3.688949218485504389e-04
3.218000000000000000e+03,3.687510616146028042e-04
3.219000000000000000e+03,3.685143892653286457e-04
3.220000000000000000e+03,3.686791460495442152e-04
3.221000000000000000e+03,3.683789109345525503e-04
3.222000000000000000e+03,3.682167152874171734e-04
3.223000000000000000e+03,3.680797235574573278e-04
3.224000000000000000e+03,3.679491637740284204e-04
3.225000000000000000e+03,3.678303328342735767e-04
3.226000000000000000e+03,3.676819906104356050e-04
3.227000000000000000e+03,3.674256731756031513e-04
3.228000000000000000e+03,3.682007663883268833e-04
3.229000000000000000e+03,3.673812898341566324e-04
3.230000000000000000e+03,3.672078601084649563e-04
3.231000000000000000e+03,3.668712161015719175e-04
3.232000000000000000e+03,3.666882985271513462e-04
3.233000000000000000e+03,3.665295953396707773e-04
3.234000000000000000e+03,3.664662363007664680e-04
3.235000000000000000e+03,3.663781099021434784e-04
3.236000000000000000e+03,3.663079987745732069e-04
3.237000000000000000e+03,3.662026429083198309e-04
3.238000000000000000e+03,3.659968788269907236e-04
3.239000000000000000e+03,3.663454845082014799e-04
3.240000000000000000e+03,3.658922796603292227e-04
3.241000000000000000e+03,3.656949847936630249e-04
3.242000000000000000e+03,3.659845970105379820e-04
3.243000000000000000e+03,3.656247572507709265e-04
3.244000000000000000e+03,3.655407053884118795e-04
3.245000000000000000e+03,3.654802567325532436e-04
3.246000000000000000e+03,3.654005413409322500e-04
3.247000000000000000e+03,3.651891020126640797e-04
3.248000000000000000e+03,3.650299040600657463e-04
3.249000000000000000e+03,3.648858109954744577e-04
3.250000000000000000e+03,3.646129043772816658e-04
3.251000000000000000e+03,3.643764357548207045e-04
3.252000000000000000e+03,3.641518997028470039e-04
3.253000000000000000e+03,3.639676433522254229e-04
3.254000000000000000e+03,3.637716872617602348e-04
3.255000000000000000e+03,3.635611501522362232e-04
3.256000000000000000e+03,3.634280292317271233e-04
3.257000000000000000e+03,3.633135929703712463e-04
3.258000000000000000e+03,3.631631261669099331e-04
3.259000000000000000e+03,3.630041610449552536e-04
3.260000000000000000e+03,3.627611731644719839e-04
3.261000000000000000e+03,3.627552941907197237e-04
3.262000000000000000e+03,3.626772377174347639e-04
3.263000000000000000e+03,3.625758981797844172e-04
3.264000000000000000e+03,3.623777301982045174e-04
3.265000000000000000e+03,3.621044452302157879e-04
3.266000000000000000e+03,3.618007758632302284e-04
3.267000000000000000e+03,3.614881425164639950e-04
3.268000000000000000e+03,3.613067674450576305e-04
3.269000000000000000e+03,3.610522253438830376e-04
3.270000000000000000e+03,3.608842380344867706e-04
3.271000000000000000e+03,3.607264370657503605e-04
3.272000000000000000e+03,3.605403762776404619e-04
3.273000000000000000e+03,3.603687800932675600e-04
3.274000000000000000e+03,3.609354025684297085e-04
3.275000000000000000e+03,3.602660144679248333e-04
3.276000000000000000e+03,3.601034695748239756e-04
3.277000000000000000e+03,3.599002957344055176e-04
3.278000000000000000e+03,3.596677561290562153e-04
3.279000000000000000e+03,3.595288726501166821e-04
3.280000000000000000e+03,3.593781439121812582e-04
3.281000000000000000e+03,3.592599823605269194e-04
3.282000000000000000e+03,3.592135326471179724e-04
3.283000000000000000e+03,3.589915868360549212e-04
3.284000000000000000e+03,3.589211555663496256e-04
3.285000000000000000e+03,3.585788654163479805e-04
3.286000000000000000e+03,3.584495862014591694e-04
3.287000000000000000e+03,3.583382058423012495e-04
3.288000000000000000e+03,3.582363715395331383e-04
3.289000000000000000e+03,3.581284545361995697e-04
3.290000000000000000e+03,3.580117772798985243e-04
3.291000000000000000e+03,3.578846808522939682e-04
3.292000000000000000e+03,3.578124160412698984e-04
3.293000000000000000e+03,3.577163734007626772e-04
3.294000000000000000e+03,3.574040892999619246e-04
3.295000000000000000e+03,3.572191344574093819e-04
3.296000000000000000e+03,3.583959187380969524e-04
3.297000000000000000e+03,3.571662527974694967e-04
3.298000000000000000e+03,3.570247790776193142e-04
3.299000000000000000e+03,3.569105756469070911e-04
3.300000000000000000e+03,3.567609237506985664e-04
3.301000000000000000e+03,3.565186052583158016e-04
3.302000000000000000e+03,3.563039354048669338e-04
3.303000000000000000e+03,3.580040647648274899e-04
3.304000000000000000e+03,3.562485217116773129e-04
3.305000000000000000e+03,3.561677003744989634e-04
3.306000000000000000e+03,3.560188342817127705e-04
3.307000000000000000e+03,3.558496828190982342e-04
3.308000000000000000e+03,3.557220916263759136e-04
3.309000000000000000e+03,3.555068396963179111e-04
3.310000000000000000e+03,3.551825939211994410e-04
3.311000000000000000e+03,3.550260735210031271e-04
3.312000000000000000e+03,3.550224646460264921e-04
3.313000000000000000e+03,3.549213288351893425e-04
3.314000000000000000e+03,3.548221720848232508e-04
3.315000000000000000e+03,3.547093074303120375e-04
3.316000000000000000e+03,3.545896906871348619e-04
3.317000000000000000e+03,3.544221981428563595e-04
3.318000000000000000e+03,3.542711201589554548e-04
3.319000000000000000e+03,3.541081096045672894e-04
3.320000000000000000e+03,3.539929166436195374e-04
3.321000000000000000e+03,3.538241726346313953e-04
3.322000000000000000e+03,3.536316798999905586e-04
3.323000000000000000e+03,3.532969858497381210e-04
3.324000000000000000e+03,3.534182033035904169e-04
3.325000000000000000e+03,3.531807160470634699e-04
3.326000000000000000e+03,3.530411340761929750e-04
3.327000000000000000e+03,3.529120585881173611e-04
3.328000000000000000e+03,3.527833614498376846e-04
3.329000000000000000e+03,3.524214553181082010e-04
3.330000000000000000e+03,3.523287887219339609e-04
3.331000000000000000e+03,3.521257895044982433e-04
3.332000000000000000e+03,3.520399914123117924e-04
3.333000000000000000e+03,3.519044257700443268e-04
3.334000000000000000e+03,3.517987497616559267e-04
3.335000000000000000e+03,3.516552096698433161e-04
3.336000000000000000e+03,3.515074204187840223e-04
3.337000000000000000e+03,3.513948468025773764e-04
3.338000000000000000e+03,3.512354742269963026e-04
3.339000000000000000e+03,3.515911812428385019e-04
3.340000000000000000e+03,3.511761606205254793e-04
3.341000000000000000e+03,3.513381816446781158e-04
3.342000000000000000e+03,3.511162649374455214e-04
3.343000000000000000e+03,3.510335227474570274e-04
3.344000000000000000e+03,3.509613161440938711e-04
3.345000000000000000e+03,3.508949885144829750e-04
3.346000000000000000e+03,3.507320361677557230e-04
3.347000000000000000e+03,3.505423956084996462e-04
3.348000000000000000e+03,3.503622428979724646e-04
3.349000000000000000e+03,3.502241743262857199e-04
3.350000000000000000e+03,3.500982420518994331e-04
3.351000000000000000e+03,3.500895400065928698e-04
3.352000000000000000e+03,3.500043821986764669e-04
3.353000000000000000e+03,3.499107260722666979e-04
3.354000000000000000e+03,3.497778379824012518e-04
3.355000000000000000e+03,3.497060679364949465e-04
3.356000000000000000e+03,3.496027493383735418e-04
3.357000000000000000e+03,3.495256241876631975e-04
3.358000000000000000e+03,3.494487318675965071e-04
3.359000000000000000e+03,3.493427066132426262e-04
3.360000000000000000e+03,3.493338299449533224e-04
3.361000000000000000e+03,3.491845563985407352e-04
3.362000000000000000e+03,3.491256211418658495e-04
3.363000000000000000e+03,3.490516392048448324e-04
3.364000000000000000e+03,3.489650844130665064e-04
3.365000000000000000e+03,3.488315560389310122e-04
3.366000000000000000e+03,3.486658970359712839e-04
3.367000000000000000e+03,3.485229390207678080e-04
3.368000000000000000e+03,3.484757035039365292e-04
3.369000000000000000e+03,3.484128392301499844e-04
3.370000000000000000e+03,3.482851898297667503e-04
3.371000000000000000e+03,3.482053289189934731e-04
3.372000000000000000e+03,3.483856271486729383e-04
3.373000000000000000e+03,3.481213934719562531e-04
3.374000000000000000e+03,3.481410094536840916e-04
3.375000000000000000e+03,3.480326267890632153e-04
3.376000000000000000e+03,3.479201404843479395e-04
3.377000000000000000e+03,3.477847494650632143e-04
3.378000000000000000e+03,3.476078272797167301e-04
3.379000000000000000e+03,3.475031116977334023e-04
3.380000000000000000e+03,3.474091063253581524e-04
3.381000000000000000e+03,3.473336109891533852e-04
3.382000000000000000e+03,3.472500829957425594e-04
3.383000000000000000e+03,3.471891395747661591e-04
3.384000000000000000e+03,3.470756637398153543e-04
3.385000000000000000e+03,3.469635557848960161e-04
3.386000000000000000e+03,3.468633512966334820e-04
3.387000000000000000e+03,3.467351489234715700e-04
3.388000000000000000e+03,3.466304333414882421e-04
3.389000000000000000e+03,3.464392502792179585e-04
3.390000000000000000e+03,3.460830776020884514e-04
3.391000000000000000e+03,3.460254811216145754e-04
3.392000000000000000e+03,3.458656719885766506e-04
3.393000000000000000e+03,3.458195133134722710e-04
3.394000000000000000e+03,3.456890408415347338e-04
3.395000000000000000e+03,3.455099940765649080e-04
3.396000000000000000e+03,3.454076941125094891e-04
3.397000000000000000e+03,3.470547089818865061e-04
3.398000000000000000e+03,3.453011158853769302e-04
3.399000000000000000e+03,3.452126984484493732e-04
3.400000000000000000e+03,3.451341763138771057e-04
3.401000000000000000e+03,3.451016091275960207e-04
3.402000000000000000e+03,3.449646465014666319e-04
3.403000000000000000e+03,3.447392373345792294e-04
3.404000000000000000e+03,3.445452312007546425e-04
3.405000000000000000e+03,3.443316963966935873e-04
3.406000000000000000e+03,3.441816661506891251e-04
3.407000000000000000e+03,3.440853615757077932e-04
3.408000000000000000e+03,3.439990396145731211e-04
3.409000000000000000e+03,3.439111169427633286e-04
3.410000000000000000e+03,3.438706335145980120e-04
3.411000000000000000e+03,3.438011044636368752e-04
3.412000000000000000e+03,3.440683358348906040e-04
3.413000000000000000e+03,3.437663544900715351e-04
3.414000000000000000e+03,3.436439146753400564e-04
3.415000000000000000e+03,3.435221442487090826e-04
3.416000000000000000e+03,3.434521204326301813e-04
3.417000000000000000e+03,3.432873054407536983e-04
3.418000000000000000e+03,3.432325320318341255e-04
3.419000000000000000e+03,3.431407676544040442e-04
3.420000000000000000e+03,3.430259239394217730e-04
3.421000000000000000e+03,3.429168136790394783e-04
3.422000000000000000e+03,3.427693445701152086e-04
3.423000000000000000e+03,3.426427720114588737e-04
3.424000000000000000e+03,3.426941984798759222e-04
3.425000000000000000e+03,3.424870374146848917e-04
3.426000000000000000e+03,3.444192989263683558e-04
3.427000000000000000e+03,3.423453890718519688e-04
3.428000000000000000e+03,3.421964938752353191e-04
3.429000000000000000e+03,3.419409622438251972e-04
3.430000000000000000e+03,3.418266423977911472e-04
3.431000000000000000e+03,3.415853134356439114e-04
3.432000000000000000e+03,3.413892118260264397e-04
3.433000000000000000e+03,3.412921796552836895e-04
3.434000000000000000e+03,3.412972728256136179e-04
3.435000000000000000e+03,3.412486403249204159e-04
3.436000000000000000e+03,3.411708457861095667e-04
3.437000000000000000e+03,3.410330391488969326e-04
3.438000000000000000e+03,3.409040800761431456e-04
3.439000000000000000e+03,3.407469193916767836e-04
3.440000000000000000e+03,3.406534960959106684e-04
3.441000000000000000e+03,3.405518655199557543e-04
3.442000000000000000e+03,3.404231101740151644e-04
3.443000000000000000e+03,3.403187729418277740e-04
3.444000000000000000e+03,3.400415298528969288e-04
3.445000000000000000e+03,3.397722612135112286e-04
3.446000000000000000e+03,3.396332031115889549e-04
3.447000000000000000e+03,3.395626554265618324e-04
3.448000000000000000e+03,3.395147796254605055e-04
3.449000000000000000e+03,3.394754894543439150e-04
3.450000000000000000e+03,3.393594815861433744e-04
3.451000000000000000e+03,3.391554928384721279e-04
3.452000000000000000e+03,3.389903868082910776e-04
3.453000000000000000e+03,3.388128825463354588e-04
3.454000000000000000e+03,3.403129230719059706e-04
3.455000000000000000e+03,3.387337783351540565e-04
3.456000000000000000e+03,3.386180324014276266e-04
3.457000000000000000e+03,3.384891897439956665e-04
3.458000000000000000e+03,3.385428863111883402e-04
3.459000000000000000e+03,3.383558650966733694e-04
3.460000000000000000e+03,3.382425929885357618e-04
3.461000000000000000e+03,3.381043788976967335e-04
3.462000000000000000e+03,3.379510308150202036e-04
3.463000000000000000e+03,3.378058318048715591e-04
3.464000000000000000e+03,3.376737004145979881e-04
3.465000000000000000e+03,3.375691012479364872e-04
3.466000000000000000e+03,3.374881634954363108e-04
3.467000000000000000e+03,3.374279476702213287e-04
3.468000000000000000e+03,3.373690706212073565e-04
3.469000000000000000e+03,3.372710780240595341e-04
3.470000000000000000e+03,3.370955528225749731e-04
3.471000000000000000e+03,3.369757032487541437e-04
3.472000000000000000e+03,3.367990429978817701e-04
3.473000000000000000e+03,3.367171739228069782e-04
3.474000000000000000e+03,3.366378659848123789e-04
3.475000000000000000e+03,3.366588498465716839e-04
3.476000000000000000e+03,3.365236334502696991e-04
3.477000000000000000e+03,3.364057629369199276e-04
3.478000000000000000e+03,3.362480783835053444e-04
3.479000000000000000e+03,3.360215341672301292e-04
3.480000000000000000e+03,3.357457171659916639e-04
3.481000000000000000e+03,3.355161461513489485e-04
3.482000000000000000e+03,3.353450447320938110e-04
3.483000000000000000e+03,3.352178027853369713e-04
3.484000000000000000e+03,3.351108171045780182e-04
3.485000000000000000e+03,3.349883190821856260e-04
3.486000000000000000e+03,3.348572645336389542e-04
3.487000000000000000e+03,3.347223391756415367e-04
3.488000000000000000e+03,3.346050216350704432e-04
3.489000000000000000e+03,3.345146542415022850e-04
3.490000000000000000e+03,3.344533033668994904e-04
3.491000000000000000e+03,3.343859571032226086e-04
3.492000000000000000e+03,3.342954150866717100e-04
3.493000000000000000e+03,3.343757707625627518e-04
3.494000000000000000e+03,3.342568525113165379e-04
3.495000000000000000e+03,3.341695992276072502e-04
3.496000000000000000e+03,3.340680850669741631e-04
3.497000000000000000e+03,3.339910472277551889e-04
3.498000000000000000e+03,3.338303067721426487e-04
3.499000000000000000e+03,3.334285866003483534e-04
3.500000000000000000e+03,3.333181957714259624e-04
3.501000000000000000e+03,3.331434272695332766e-04
3.502000000000000000e+03,3.330573090352118015e-04
3.503000000000000000e+03,3.330017207190394402e-04
3.504000000000000000e+03,3.329215978737920523e-04
3.505000000000000000e+03,3.328611492179334164e-04
3.506000000000000000e+03,3.327091690152883530e-04
3.507000000000000000e+03,3.325826546642929316e-04
3.508000000000000000e+03,3.325490979477763176e-04
3.509000000000000000e+03,3.323757555335760117e-04
3.510000000000000000e+03,3.323269775137305260e-04
3.511000000000000000e+03,3.322772972751408815e-04
3.512000000000000000e+03,3.321788972243666649e-04
3.513000000000000000e+03,3.321137046441435814e-04
3.514000000000000000e+03,3.319590177852660418e-04
3.515000000000000000e+03,3.318841918371617794e-04
3.516000000000000000e+03,3.317832597531378269e-04
3.517000000000000000e+03,3.316575312055647373e-04
3.518000000000000000e+03,3.315504582133144140e-04
3.519000000000000000e+03,3.316754009574651718e-04
3.520000000000000000e+03,3.315073263365775347e-04
3.521000000000000000e+03,3.314278728794306517e-04
3.522000000000000000e+03,3.313885827083140612e-04
3.523000000000000000e+03,3.312847693450748920e-04
3.524000000000000000e+03,3.312075568828731775e-04
3.525000000000000000e+03,3.311177715659141541e-04
3.526000000000000000e+03,3.310657630208879709e-04
3.527000000000000000e+03,3.309482708573341370e-04
3.528000000000000000e+03,3.308837767690420151e-04
3.529000000000000000e+03,3.307595907244831324e-04
3.530000000000000000e+03,3.316900983918458223e-04
3.531000000000000000e+03,3.307321749161928892e-04
3.532000000000000000e+03,3.306290018372237682e-04
3.533000000000000000e+03,3.304640413261950016e-04
3.534000000000000000e+03,3.302298428025096655e-04
3.535000000000000000e+03,3.301106917206197977e-04
3.536000000000000000e+03,3.299994859844446182e-04
3.537000000000000000e+03,3.299348754808306694e-04
3.538000000000000000e+03,3.298757656011730433e-04
3.539000000000000000e+03,3.297820221632719040e-04
3.540000000000000000e+03,3.296451177448034286e-04
3.541000000000000000e+03,3.294682537671178579e-04
3.542000000000000000e+03,3.292402252554893494e-04
3.543000000000000000e+03,3.291387401986867189e-04
3.544000000000000000e+03,3.290501190349459648e-04
3.545000000000000000e+03,3.289759042672812939e-04
3.546000000000000000e+03,3.288512234576046467e-04
3.547000000000000000e+03,3.289799788035452366e-04
3.548000000000000000e+03,3.288184525445103645e-04
3.549000000000000000e+03,3.287495928816497326e-04
3.550000000000000000e+03,3.286755818407982588e-04
3.551000000000000000e+03,3.286060818936675787e-04
3.552000000000000000e+03,3.284278500359505415e-04
3.553000000000000000e+03,3.281918179709464312e-04
3.554000000000000000e+03,3.280589007772505283e-04
3.555000000000000000e+03,3.278895164839923382e-04
3.556000000000000000e+03,3.278219082858413458e-04
3.557000000000000000e+03,3.276643692515790462e-04
3.558000000000000000e+03,3.276040079072117805e-04
3.559000000000000000e+03,3.275459748692810535e-04
3.560000000000000000e+03,3.274660266470164061e-04
3.561000000000000000e+03,3.273778129369020462e-04
3.562000000000000000e+03,3.272943140473216772e-04
3.563000000000000000e+03,3.271102323196828365e-04
3.564000000000000000e+03,3.269283333793282509e-04
3.565000000000000000e+03,3.272854955866932869e-04
3.566000000000000000e+03,3.268581349402666092e-04
3.567000000000000000e+03,3.267796128056943417e-04
3.568000000000000000e+03,3.267036518082022667e-04
3.569000000000000000e+03,3.266900603193789721e-04
3.570000000000000000e+03,3.266099374741315842e-04
3.571000000000000000e+03,3.265411069151014090e-04
3.572000000000000000e+03,3.265010018367320299e-04
3.573000000000000000e+03,3.264078695792704821e-04
3.574000000000000000e+03,3.275654744356870651e-04
3.575000000000000000e+03,3.263915423303842545e-04
3.576000000000000000e+03,3.263001563027501106e-04
3.577000000000000000e+03,3.261985548306256533e-04
3.578000000000000000e+03,3.261465171817690134e-04
3.579000000000000000e+03,3.260500379838049412e-04
3.580000000000000000e+03,3.260192752350121737e-04
3.581000000000000000e+03,3.258936339989304543e-04
3.582000000000000000e+03,3.258234646636992693e-04
3.583000000000000000e+03,3.257414209656417370e-04
3.584000000000000000e+03,3.256152267567813396e-04
3.585000000000000000e+03,3.258467477280646563e-04
3.586000000000000000e+03,3.255732590332627296e-04
3.587000000000000000e+03,3.254295443184673786e-04
3.588000000000000000e+03,3.252114693168550730e-04
3.589000000000000000e+03,3.251026209909468889e-04
3.590000000000000000e+03,3.249988949391990900e-04
3.591000000000000000e+03,3.249199362471699715e-04
3.592000000000000000e+03,3.248865250498056412e-04
3.593000000000000000e+03,3.247929853387176991e-04
3.594000000000000000e+03,3.246950509492307901e-04
3.595000000000000000e+03,3.245298285037279129e-04
3.596000000000000000e+03,3.243336686864495277e-04
3.597000000000000000e+03,3.242159727960824966e-04
3.598000000000000000e+03,3.241146623622626066e-04
3.599000000000000000e+03,3.240451915189623833e-04
3.600000000000000000e+03,3.239738580305129290e-04
3.601000000000000000e+03,3.239127981942147017e-04
3.602000000000000000e+03,3.238624194636940956e-04
3.603000000000000000e+03,3.237889904994517565e-04
3.604000000000000000e+03,3.237206547055393457e-04
3.605000000000000000e+03,3.236449265386909246e-04
3.606000000000000000e+03,3.235512704122811556e-04
3.607000000000000000e+03,3.234609030187129974e-04
3.608000000000000000e+03,3.233297902625054121e-04
3.609000000000000000e+03,3.232087474316358566e-04
3.610000000000000000e+03,3.231024602428078651e-04
3.611000000000000000e+03,3.230056026950478554e-04
3.612000000000000000e+03,3.227722772862762213e-04
3.613000000000000000e+03,3.229847061447799206e-04
3.614000000000000000e+03,3.226410772185772657e-04
3.615000000000000000e+03,3.224759711883962154e-04
3.616000000000000000e+03,3.222872619517147541e-04
3.617000000000000000e+03,3.227083652745932341e-04
3.618000000000000000e+03,3.222612722311168909e-04
3.619000000000000000e+03,3.221829247195273638e-04
3.620000000000000000e+03,3.219557402189821005e-04
3.621000000000000000e+03,3.218722122255712748e-04
3.622000000000000000e+03,3.217858029529452324e-04
3.623000000000000000e+03,3.216993936803191900e-04
3.624000000000000000e+03,3.216149052605032921e-04
3.625000000000000000e+03,3.220482612960040569e-04
3.626000000000000000e+03,3.215908072888851166e-04
3.627000000000000000e+03,3.215361211914569139e-04
3.628000000000000000e+03,3.214595199096947908e-04
3.629000000000000000e+03,3.214099269825965166e-04
3.630000000000000000e+03,3.214393218513578176e-04
3.631000000000000000e+03,3.213773597963154316e-04
3.632000000000000000e+03,3.213015734218060970e-04
3.633000000000000000e+03,3.212369047105312347e-04
3.634000000000000000e+03,3.212665033061057329e-04
3.635000000000000000e+03,3.211969742551445961e-04
3.636000000000000000e+03,3.211426082998514175e-04
3.637000000000000000e+03,3.210743307135999203e-04
3.638000000000000000e+03,3.210203140042722225e-04
3.639000000000000000e+03,3.209031419828534126e-04
3.640000000000000000e+03,3.207564004696905613e-04
3.641000000000000000e+03,3.206609108019620180e-04
3.642000000000000000e+03,3.205876855645328760e-04
3.643000000000000000e+03,3.206253168173134327e-04
3.644000000000000000e+03,3.205667890142649412e-04
3.645000000000000000e+03,3.205271495971828699e-04
3.646000000000000000e+03,3.204449312761425972e-04
3.647000000000000000e+03,3.203907108400017023e-04
3.648000000000000000e+03,3.203004016540944576e-04
3.649000000000000000e+03,3.200966166332364082e-04
3.650000000000000000e+03,3.201191721018403769e-04
3.651000000000000000e+03,3.199957718607038260e-04
3.652000000000000000e+03,3.199092752765864134e-04
3.653000000000000000e+03,3.198310732841491699e-04
3.654000000000000000e+03,3.197528712917119265e-04
3.655000000000000000e+03,3.195773169863969088e-04
3.656000000000000000e+03,3.194967866875231266e-04
3.657000000000000000e+03,3.194181190337985754e-04
3.658000000000000000e+03,3.193557495251297951e-04
3.659000000000000000e+03,3.192910517100244761e-04
3.660000000000000000e+03,3.191971918568015099e-04
3.661000000000000000e+03,3.191014402545988560e-04
3.662000000000000000e+03,3.190291172359138727e-04
3.663000000000000000e+03,3.189898852724581957e-04
3.664000000000000000e+03,3.189363924320787191e-04
3.665000000000000000e+03,3.188813570886850357e-04
3.666000000000000000e+03,3.188140981364995241e-04
3.667000000000000000e+03,3.187405527569353580e-04
3.668000000000000000e+03,3.186160465702414513e-04
3.669000000000000000e+03,3.187643596902489662e-04
3.670000000000000000e+03,3.185304522048681974e-04
3.671000000000000000e+03,3.184079541824758053e-04
3.672000000000000000e+03,3.183466324117034674e-04
3.673000000000000000e+03,3.181743377353996038e-04
3.674000000000000000e+03,3.183235239703208208e-04
3.675000000000000000e+03,3.180349594913423061e-04
3.676000000000000000e+03,3.179555351380258799e-04
3.677000000000000000e+03,3.179025079589337111e-04
3.678000000000000000e+03,3.178838232997804880e-04
3.679000000000000000e+03,3.178380138706415892e-04
3.680000000000000000e+03,3.177740436512976885e-04
3.681000000000000000e+03,3.177215694449841976e-04
3.682000000000000000e+03,3.176539321430027485e-04
3.683000000000000000e+03,3.176207537762820721e-04
3.684000000000000000e+03,3.176188329234719276e-04
3.685000000000000000e+03,3.175890014972537756e-04
3.686000000000000000e+03,3.175444726366549730e-04
3.687000000000000000e+03,3.175012243445962667e-04
3.688000000000000000e+03,3.173955774400383234e-04
3.689000000000000000e+03,3.173335571773350239e-04
3.690000000000000000e+03,3.173027071170508862e-04
3.691000000000000000e+03,3.172674623783677816e-04
3.692000000000000000e+03,3.172352735418826342e-04
3.693000000000000000e+03,3.172065189573913813e-04
3.694000000000000000e+03,3.171549469698220491e-04
3.695000000000000000e+03,3.171123680658638477e-04
3.696000000000000000e+03,3.170370182488113642e-04
3.697000000000000000e+03,3.170020063407719135e-04
3.698000000000000000e+03,3.169658302795141935e-04
3.699000000000000000e+03,3.169288393110036850e-04
3.700000000000000000e+03,3.169796545989811420e-04
3.701000000000000000e+03,3.169174015056341887e-04
3.702000000000000000e+03,3.168824769090861082e-04
3.703000000000000000e+03,3.168240655213594437e-04
3.704000000000000000e+03,3.167593968100845814e-04
3.705000000000000000e+03,3.166817477904260159e-04
3.706000000000000000e+03,3.165687958244234324e-04
3.707000000000000000e+03,3.164683002978563309e-04
3.708000000000000000e+03,3.163260116707533598e-04
3.709000000000000000e+03,3.162504581268876791e-04
3.710000000000000000e+03,3.161677741445600986e-04
3.711000000000000000e+03,3.160685591865330935e-04
3.712000000000000000e+03,3.159935877192765474e-04
3.713000000000000000e+03,3.159063926432281733e-04
3.714000000000000000e+03,3.158438194077461958e-04
3.715000000000000000e+03,3.158001927658915520e-04
3.716000000000000000e+03,3.157520259264856577e-04
3.717000000000000000e+03,3.157044993713498116e-04
3.718000000000000000e+03,3.156594757456332445e-04
3.719000000000000000e+03,3.156712919007986784e-04
3.720000000000000000e+03,3.156372113153338432e-04
3.721000000000000000e+03,3.155980084557086229e-04
3.722000000000000000e+03,3.155646263621747494e-04
3.723000000000000000e+03,3.155208542011678219e-04
3.724000000000000000e+03,3.153760335408151150e-04
3.725000000000000000e+03,3.154395963065326214e-04
3.726000000000000000e+03,3.153208817820996046e-04
3.727000000000000000e+03,3.152301360387355089e-04
3.728000000000000000e+03,3.151607816107571125e-04
3.729000000000000000e+03,3.150820266455411911e-04
3.730000000000000000e+03,3.150095581077039242e-04
3.731000000000000000e+03,3.150573757011443377e-04
3.732000000000000000e+03,3.149836848024278879e-04
3.733000000000000000e+03,3.149289696011692286e-04
3.734000000000000000e+03,3.148628456983715296e-04
3.735000000000000000e+03,3.148103423882275820e-04
3.736000000000000000e+03,3.147740499116480350e-04
3.737000000000000000e+03,3.147414245177060366e-04
3.738000000000000000e+03,3.147102834191173315e-04
3.739000000000000000e+03,3.146547824144363403e-04
3.740000000000000000e+03,3.146218368783593178e-04
3.741000000000000000e+03,3.145484661217778921e-04
3.742000000000000000e+03,3.151342389173805714e-04
3.743000000000000000e+03,3.145233495160937309e-04
3.744000000000000000e+03,3.144911315757781267e-04
3.745000000000000000e+03,3.144468355458229780e-04
3.746000000000000000e+03,3.144130168948322535e-04
3.747000000000000000e+03,3.148367395624518394e-04
3.748000000000000000e+03,3.144021902699023485e-04
3.749000000000000000e+03,3.143810608889907598e-04
3.750000000000000000e+03,3.143502108287066221e-04
3.751000000000000000e+03,3.142958157695829868e-04
3.752000000000000000e+03,3.142287605442106724e-04
3.753000000000000000e+03,3.142406058032065630e-04
3.754000000000000000e+03,3.142000641673803329e-04
3.755000000000000000e+03,3.141472989227622747e-04
3.756000000000000000e+03,3.140406624879688025e-04
3.757000000000000000e+03,3.139663313049823046e-04
3.758000000000000000e+03,3.139224427286535501e-04
3.759000000000000000e+03,3.138862957712262869e-04
3.760000000000000000e+03,3.138490428682416677e-04
3.761000000000000000e+03,3.138241590932011604e-04
3.762000000000000000e+03,3.137770981993526220e-04
3.763000000000000000e+03,3.136685991194099188e-04
3.764000000000000000e+03,3.135426377411931753e-04
3.765000000000000000e+03,3.134703147225081921e-04
3.766000000000000000e+03,3.134051221422851086e-04
3.767000000000000000e+03,3.133143763989210129e-04
3.768000000000000000e+03,3.132578276563435793e-04
3.769000000000000000e+03,3.131956036668270826e-04
3.770000000000000000e+03,3.131273842882364988e-04
3.771000000000000000e+03,3.130484547000378370e-04
3.772000000000000000e+03,3.129779070150107145e-04
3.773000000000000000e+03,3.129504329990595579e-04
3.774000000000000000e+03,3.128889075014740229e-04
3.775000000000000000e+03,3.128296229988336563e-04
3.776000000000000000e+03,3.128746466245502234e-04
3.777000000000000000e+03,3.128022071905434132e-04
3.778000000000000000e+03,3.127270902041345835e-04
3.779000000000000000e+03,3.126136434730142355e-04
3.780000000000000000e+03,3.126086376141756773e-04
3.781000000000000000e+03,3.125411458313465118e-04
3.782000000000000000e+03,3.124572685919702053e-04
3.783000000000000000e+03,3.123534261249005795e-04
3.784000000000000000e+03,3.123174537904560566e-04
3.785000000000000000e+03,3.122639900539070368e-04
3.786000000000000000e+03,3.122187627013772726e-04
3.787000000000000000e+03,3.121629706583917141e-04
3.788000000000000000e+03,3.123847418464720249e-04
3.789000000000000000e+03,3.121395711787045002e-04
3.790000000000000000e+03,3.120636392850428820e-04
3.791000000000000000e+03,3.119421598967164755e-04
3.792000000000000000e+03,3.117855812888592482e-04
3.793000000000000000e+03,3.116866573691368103e-04
3.794000000000000000e+03,3.120298497378826141e-04
3.795000000000000000e+03,3.116639854852110147e-04
3.796000000000000000e+03,3.116128791589289904e-04
3.797000000000000000e+03,3.115579602308571339e-04
3.798000000000000000e+03,3.114836581517010927e-04
3.799000000000000000e+03,3.113830462098121643e-04
3.800000000000000000e+03,3.113203565590083599e-04
3.801000000000000000e+03,3.113736747764050961e-04
3.802000000000000000e+03,3.112671838607639074e-04
3.803000000000000000e+03,3.112162812612950802e-04
3.804000000000000000e+03,3.111438418272882700e-04
3.805000000000000000e+03,3.110833931714296341e-04
3.806000000000000000e+03,3.115983563475310802e-04
3.807000000000000000e+03,3.110716352239251137e-04
3.808000000000000000e+03,3.110301040578633547e-04
3.809000000000000000e+03,3.109784156549721956e-04
3.810000000000000000e+03,3.108998644165694714e-04
3.811000000000000000e+03,3.108381351921707392e-04
3.812000000000000000e+03,3.107682568952441216e-04
3.813000000000000000e+03,3.107240190729498863e-04
3.814000000000000000e+03,3.106748627033084631e-04
3.815000000000000000e+03,3.106203221250325441e-04
3.816000000000000000e+03,3.105749492533504963e-04
3.817000000000000000e+03,3.105051873717457056e-04
3.818000000000000000e+03,3.104941861238330603e-04
3.819000000000000000e+03,3.104393545072525740e-04
3.820000000000000000e+03,3.103564376942813396e-04
3.821000000000000000e+03,3.102702321484684944e-04
3.822000000000000000e+03,3.101689508184790611e-04
3.823000000000000000e+03,3.100499743595719337e-04
3.824000000000000000e+03,3.099436289630830288e-04
3.825000000000000000e+03,3.098310844507068396e-04
3.826000000000000000e+03,3.097580629400908947e-04
3.827000000000000000e+03,3.096579457633197308e-04
3.828000000000000000e+03,3.095570427831262350e-04
3.829000000000000000e+03,3.095196734648197889e-04
3.830000000000000000e+03,3.094632993452250957e-04
3.831000000000000000e+03,3.094161511398851871e-04
3.832000000000000000e+03,3.093889681622385979e-04
3.833000000000000000e+03,3.093548293691128492e-04
3.834000000000000000e+03,3.093924024142324924e-04
3.835000000000000000e+03,3.093281411565840244e-04
3.836000000000000000e+03,3.092613478656858206e-04
3.837000000000000000e+03,3.091122198384255171e-04
3.838000000000000000e+03,3.090075333602726460e-04
3.839000000000000000e+03,3.090082027483731508e-04
3.840000000000000000e+03,3.089578531216830015e-04
3.841000000000000000e+03,3.088897210545837879e-04
3.842000000000000000e+03,3.088168159592896700e-04
3.843000000000000000e+03,3.087377990595996380e-04
3.844000000000000000e+03,3.086534561589360237e-04
3.845000000000000000e+03,3.085536300204694271e-04
3.846000000000000000e+03,3.084850904997438192e-04
3.847000000000000000e+03,3.085614589508622885e-04
3.848000000000000000e+03,3.084586060140281916e-04
3.849000000000000000e+03,3.084123018197715282e-04
3.850000000000000000e+03,3.083293850068002939e-04
3.851000000000000000e+03,3.082676557824015617e-04
3.852000000000000000e+03,3.083248157054185867e-04
3.853000000000000000e+03,3.082318289671093225e-04
3.854000000000000000e+03,3.081549366470426321e-04
3.855000000000000000e+03,3.081052855122834444e-04
3.856000000000000000e+03,3.080603200942277908e-04
3.857000000000000000e+03,3.079853195231407881e-04
3.858000000000000000e+03,3.078783338423818350e-04
3.859000000000000000e+03,3.077885485254228115e-04
3.860000000000000000e+03,3.077119472436606884e-04
3.861000000000000000e+03,3.076663415413349867e-04
3.862000000000000000e+03,3.076185239478945732e-04
3.863000000000000000e+03,3.075908753089606762e-04
3.864000000000000000e+03,3.075476270169019699e-04
3.865000000000000000e+03,3.075128188356757164e-04
3.866000000000000000e+03,3.074769047088921070e-04
3.867000000000000000e+03,3.074111300520598888e-04
3.868000000000000000e+03,3.073854313697665930e-04
3.869000000000000000e+03,3.073448606301099062e-04
3.870000000000000000e+03,3.073174448218196630e-04
3.871000000000000000e+03,3.072877298109233379e-04
3.872000000000000000e+03,3.072295803576707840e-04
3.873000000000000000e+03,3.071411920245736837e-04
3.874000000000000000e+03,3.071894752793014050e-04
3.875000000000000000e+03,3.070941311307251453e-04
3.876000000000000000e+03,3.070281818509101868e-04
3.877000000000000000e+03,3.069952945224940777e-04
3.878000000000000000e+03,3.069707017857581377e-04
3.879000000000000000e+03,3.069296071771532297e-04
3.880000000000000000e+03,3.068611549679189920e-04
3.881000000000000000e+03,3.067859215661883354e-04
3.882000000000000000e+03,3.074825799558311701e-04
3.883000000000000000e+03,3.067269863095134497e-04
3.884000000000000000e+03,3.066454373765736818e-04
3.885000000000000000e+03,3.066054487135261297e-04
3.886000000000000000e+03,3.065657510887831450e-04
3.887000000000000000e+03,3.065233177039772272e-04
3.888000000000000000e+03,3.064828342758119106e-04
3.889000000000000000e+03,3.064175543840974569e-04
3.890000000000000000e+03,3.063581825699657202e-04
3.891000000000000000e+03,3.062981995753943920e-04
3.892000000000000000e+03,3.062407486140727997e-04
3.893000000000000000e+03,3.061787574551999569e-04
3.894000000000000000e+03,3.060969465877860785e-04
3.895000000000000000e+03,3.060379240196198225e-04
3.896000000000000000e+03,3.059530572500079870e-04
3.897000000000000000e+03,3.058600996155291796e-04
3.898000000000000000e+03,3.057784342672675848e-04
3.899000000000000000e+03,3.056981659028679132e-04
3.900000000000000000e+03,3.056566929444670677e-04
3.901000000000000000e+03,3.055839915759861469e-04
3.902000000000000000e+03,3.054924891330301762e-04
3.903000000000000000e+03,3.055178967770189047e-04
3.904000000000000000e+03,3.054340486414730549e-04
3.905000000000000000e+03,3.053671680390834808e-04
3.906000000000000000e+03,3.053012478630989790e-04
3.907000000000000000e+03,3.052709798794239759e-04
3.908000000000000000e+03,3.052133542951196432e-04
3.909000000000000000e+03,3.051726089324802160e-04
3.910000000000000000e+03,3.051228413823992014e-04
3.911000000000000000e+03,3.051740350201725960e-04
3.912000000000000000e+03,3.050953964702785015e-04
3.913000000000000000e+03,3.050234226975589991e-04
3.914000000000000000e+03,3.049800579901784658e-04
3.915000000000000000e+03,3.049079386983066797e-04
3.916000000000000000e+03,3.048518556170165539e-04
3.917000000000000000e+03,3.048068319912999868e-04
3.918000000000000000e+03,3.048089274670928717e-04
3.919000000000000000e+03,3.047765349037945271e-04
3.920000000000000000e+03,3.047468198928982019e-04
3.921000000000000000e+03,3.047172504011541605e-04
3.922000000000000000e+03,3.046877973247319460e-04
3.923000000000000000e+03,3.054600965697318316e-04
3.924000000000000000e+03,3.046766796614974737e-04
3.925000000000000000e+03,3.046287747565656900e-04
3.926000000000000000e+03,3.045614575967192650e-04
3.927000000000000000e+03,3.044435870833694935e-04
3.928000000000000000e+03,3.043748729396611452e-04
3.929000000000000000e+03,3.043081669602543116e-04
3.930000000000000000e+03,3.042638709302991629e-04
3.931000000000000000e+03,3.042268217541277409e-04
3.932000000000000000e+03,3.041877935174852610e-04
3.933000000000000000e+03,3.041483869310468435e-04
3.934000000000000000e+03,3.040790325030684471e-04
3.935000000000000000e+03,3.040082519873976707e-04
3.936000000000000000e+03,3.039255971089005470e-04
3.937000000000000000e+03,3.038141294382512569e-04
3.938000000000000000e+03,3.037388669326901436e-04
3.939000000000000000e+03,3.036923299077898264e-04
3.940000000000000000e+03,3.036290872842073441e-04
3.941000000000000000e+03,3.035467525478452444e-04
3.942000000000000000e+03,3.034620021935552359e-04
3.943000000000000000e+03,3.033713437616825104e-04
3.944000000000000000e+03,3.032830136362463236e-04
3.945000000000000000e+03,3.032418026123195887e-04
3.946000000000000000e+03,3.031569067388772964e-04
3.947000000000000000e+03,3.031013475265353918e-04
3.948000000000000000e+03,3.030780935660004616e-04
3.949000000000000000e+03,3.029855142813175917e-04
3.950000000000000000e+03,3.029170038644224405e-04
3.951000000000000000e+03,3.028318460565060377e-04
3.952000000000000000e+03,3.027366765309125185e-04
3.953000000000000000e+03,3.026701451744884253e-04
3.954000000000000000e+03,3.025236364919692278e-04
3.955000000000000000e+03,3.024273610208183527e-04
3.956000000000000000e+03,3.023138269782066345e-04
3.957000000000000000e+03,3.022843739017844200e-04
3.958000000000000000e+03,3.022518649231642485e-04
3.959000000000000000e+03,3.023253811988979578e-04
3.960000000000000000e+03,3.022230521310120821e-04
3.961000000000000000e+03,3.021886222995817661e-04
3.962000000000000000e+03,3.021417651325464249e-04
3.963000000000000000e+03,3.020969452336430550e-04
3.964000000000000000e+03,3.020275325980037451e-04
3.965000000000000000e+03,3.019392606802284718e-04
3.966000000000000000e+03,3.018253191839903593e-04
3.967000000000000000e+03,3.017411800101399422e-04
3.968000000000000000e+03,3.016578557435423136e-04
3.969000000000000000e+03,3.015902475453913212e-04
3.970000000000000000e+03,3.015080001205205917e-04
3.971000000000000000e+03,3.014173125848174095e-04
3.972000000000000000e+03,3.013296227436512709e-04
3.973000000000000000e+03,3.012378583662211895e-04
3.974000000000000000e+03,3.011399821843951941e-04
3.975000000000000000e+03,3.010894579347223043e-04
3.976000000000000000e+03,3.010260115843266249e-04
3.977000000000000000e+03,3.024460456799715757e-04
3.978000000000000000e+03,3.010171349160373211e-04
3.979000000000000000e+03,3.009678039234131575e-04
3.980000000000000000e+03,3.009386418852955103e-04
3.981000000000000000e+03,3.008877392858266830e-04
3.982000000000000000e+03,3.008184430655092001e-04
3.983000000000000000e+03,3.007455961778759956e-04
3.984000000000000000e+03,3.006816259585320950e-04
3.985000000000000000e+03,3.006437909789383411e-04
3.986000000000000000e+03,3.006108745466917753e-04
3.987000000000000000e+03,3.005745820701122284e-04
3.988000000000000000e+03,3.004987665917724371e-04
3.989000000000000000e+03,3.004521713592112064e-04
3.990000000000000000e+03,3.003754827659577131e-04
3.991000000000000000e+03,3.002918674610555172e-04
3.992000000000000000e+03,3.002159937750548124e-04
3.993000000000000000e+03,3.001399745699018240e-04
3.994000000000000000e+03,3.000708529725670815e-04
3.995000000000000000e+03,2.999909629579633474e-04
3.996000000000000000e+03,2.999386342708021402e-04
3.997000000000000000e+03,2.998631680384278297e-04
3.998000000000000000e+03,2.997711126226931810e-04
3.999000000000000000e+03,2.997234696522355080e-04
4.000000000000000000e+03,2.996973926201462746e-04
4.001000000000000000e+03,2.996175899170339108e-04
4.002000000000000000e+03,2.995841205120086670e-04
4.003000000000000000e+03,2.995463728439062834e-04
4.004000000000000000e+03,2.995044633280485868e-04
4.005000000000000000e+03,2.994273090735077858e-04
4.006000000000000000e+03,2.992591762449592352e-04
4.007000000000000000e+03,2.991793735418468714e-04
4.008000000000000000e+03,2.992084482684731483e-04
4.009000000000000000e+03,2.991375513374805450e-04
4.010000000000000000e+03,2.992252411786466837e-04
4.011000000000000000e+03,2.990583307109773159e-04
4.012000000000000000e+03,2.989736385643482208e-04
4.013000000000000000e+03,2.988987253047525883e-04
4.014000000000000000e+03,2.988730557262897491e-04
4.015000000000000000e+03,2.987981133628636599e-04
4.016000000000000000e+03,2.987027401104569435e-04
4.017000000000000000e+03,2.986495383083820343e-04
4.018000000000000000e+03,2.985996252391487360e-04
4.019000000000000000e+03,2.984975290019065142e-04
4.020000000000000000e+03,2.984081220347434282e-04
4.021000000000000000e+03,2.982934820465743542e-04
4.022000000000000000e+03,2.981899015139788389e-04
4.023000000000000000e+03,2.981061115860939026e-04
4.024000000000000000e+03,2.980043936986476183e-04
4.025000000000000000e+03,2.979374548885971308e-04
4.026000000000000000e+03,2.978710981551557779e-04
4.027000000000000000e+03,2.978260454256087542e-04
4.028000000000000000e+03,2.977987169288098812e-04
4.029000000000000000e+03,2.977839903905987740e-04
4.030000000000000000e+03,2.977629774250090122e-04
4.031000000000000000e+03,2.979136479552835226e-04
4.032000000000000000e+03,2.977469121105968952e-04
4.033000000000000000e+03,2.977145777549594641e-04
4.034000000000000000e+03,2.976819814648479223e-04
4.035000000000000000e+03,2.976352116093039513e-04
4.036000000000000000e+03,2.975970273837447166e-04
4.037000000000000000e+03,2.975651877932250500e-04
4.038000000000000000e+03,2.975206298287957907e-04
4.039000000000000000e+03,2.974570379592478275e-04
4.040000000000000000e+03,2.974224044010043144e-04
4.041000000000000000e+03,2.973821538034826517e-04
4.042000000000000000e+03,2.973444643430411816e-04
4.043000000000000000e+03,2.972786314785480499e-04
4.044000000000000000e+03,2.972528454847633839e-04
4.045000000000000000e+03,2.972120710182934999e-04
4.046000000000000000e+03,2.971535723190754652e-04
4.047000000000000000e+03,2.971158537548035383e-04
4.048000000000000000e+03,2.970370405819267035e-04
4.049000000000000000e+03,2.974485978484153748e-04
4.050000000000000000e+03,2.969672204926609993e-04
4.051000000000000000e+03,2.968595072161406279e-04
4.052000000000000000e+03,2.967900945805013180e-04
4.053000000000000000e+03,2.967387554235756397e-04
4.054000000000000000e+03,2.966920728795230389e-04
4.055000000000000000e+03,2.966497559100389481e-04
4.056000000000000000e+03,2.966374740935862064e-04
4.057000000000000000e+03,2.965838939417153597e-04
4.058000000000000000e+03,2.965643361676484346e-04
4.059000000000000000e+03,2.965414605569094419e-04
4.060000000000000000e+03,2.965186722576618195e-04
4.061000000000000000e+03,2.964987652376294136e-04
4.062000000000000000e+03,2.965012681670486927e-04
4.063000000000000000e+03,2.964481245726346970e-04
4.064000000000000000e+03,2.963980077765882015e-04
4.065000000000000000e+03,2.963419537991285324e-04
4.066000000000000000e+03,2.962954167742282152e-04
4.067000000000000000e+03,2.962309808935970068e-04
4.068000000000000000e+03,2.961322315968573093e-04
4.069000000000000000e+03,2.960225101560354233e-04
4.070000000000000000e+03,2.959414850920438766e-04
4.071000000000000000e+03,2.958672994282096624e-04
4.072000000000000000e+03,2.957950637210160494e-04
4.073000000000000000e+03,2.956883108709007502e-04
4.074000000000000000e+03,2.956096141133457422e-04
4.075000000000000000e+03,2.955653180833905935e-04
4.076000000000000000e+03,2.955188392661511898e-04
4.077000000000000000e+03,2.953832736238837242e-04
4.078000000000000000e+03,2.954160154331475496e-04
4.079000000000000000e+03,2.953489020001143217e-04
4.080000000000000000e+03,2.952789072878658772e-04
4.081000000000000000e+03,2.951779752038419247e-04
4.082000000000000000e+03,2.951257629320025444e-04
4.083000000000000000e+03,2.950904308818280697e-04
4.084000000000000000e+03,2.954034425783902407e-04
4.085000000000000000e+03,2.950752677861601114e-04
4.086000000000000000e+03,2.950521884486079216e-04
4.087000000000000000e+03,2.950308262370526791e-04
4.088000000000000000e+03,2.950132766272872686e-04
4.089000000000000000e+03,2.950486377812922001e-04
4.090000000000000000e+03,2.949994523078203201e-04
4.091000000000000000e+03,2.949703193735331297e-04
4.092000000000000000e+03,2.949215995613485575e-04
4.093000000000000000e+03,2.948809997178614140e-04
4.094000000000000000e+03,2.948459004983305931e-04
4.095000000000000000e+03,2.947948523797094822e-04
4.096000000000000000e+03,2.947826869785785675e-04
4.097000000000000000e+03,2.947374596260488033e-04
4.098000000000000000e+03,2.947198518086224794e-04
4.099000000000000000e+03,2.946933382190763950e-04
4.100000000000000000e+03,2.946465101558715105e-04
4.101000000000000000e+03,2.946060558315366507e-04
4.102000000000000000e+03,2.945704909507185221e-04
4.103000000000000000e+03,2.945506712421774864e-04
4.104000000000000000e+03,2.945204323623329401e-04
4.105000000000000000e+03,2.944802399724721909e-04
4.106000000000000000e+03,2.944306470453739166e-04
4.107000000000000000e+03,2.943927247542887926e-04
4.108000000000000000e+03,2.943665895145386457e-04
4.109000000000000000e+03,2.943034050986170769e-04
4.110000000000000000e+03,2.942697028629481792e-04
4.111000000000000000e+03,2.942391438409686089e-04
4.112000000000000000e+03,2.942039864137768745e-04
4.113000000000000000e+03,2.941847196780145168e-04
4.114000000000000000e+03,2.941497950814664364e-04
4.115000000000000000e+03,2.941226994153112173e-04
4.116000000000000000e+03,2.940699050668627024e-04
4.117000000000000000e+03,2.940062258858233690e-04
4.118000000000000000e+03,2.939305850304663181e-04
4.119000000000000000e+03,2.938972029369324446e-04
4.120000000000000000e+03,2.938696998171508312e-04
4.121000000000000000e+03,2.938420220743864775e-04
4.122000000000000000e+03,2.937983954325318336e-04
4.123000000000000000e+03,2.937918179668486118e-04
4.124000000000000000e+03,2.937304379884153605e-04
4.125000000000000000e+03,2.937004319392144680e-04
4.126000000000000000e+03,2.936544478870928288e-04
4.127000000000000000e+03,2.935947559308260679e-04
4.128000000000000000e+03,2.935281081590801477e-04
4.129000000000000000e+03,2.934680960606783628e-04
4.130000000000000000e+03,2.933946962002664804e-04
4.131000000000000000e+03,2.933370124083012342e-04
4.132000000000000000e+03,2.932605566456913948e-04
4.133000000000000000e+03,2.932533679995685816e-04
4.134000000000000000e+03,2.931536582764238119e-04
4.135000000000000000e+03,2.931276394519954920e-04
4.136000000000000000e+03,2.930893388111144304e-04
4.137000000000000000e+03,2.930524351540952921e-04
4.138000000000000000e+03,2.930173941422253847e-04
4.139000000000000000e+03,2.930147747974842787e-04
4.140000000000000000e+03,2.929750480689108372e-04
4.141000000000000000e+03,2.929555485025048256e-04
4.142000000000000000e+03,2.929340407717972994e-04
4.143000000000000000e+03,2.930103219114243984e-04
4.144000000000000000e+03,2.929141046479344368e-04
4.145000000000000000e+03,2.928757749032229185e-04
4.146000000000000000e+03,2.928523754235357046e-04
4.147000000000000000e+03,2.928138419520109892e-04
4.148000000000000000e+03,2.927686728071421385e-04
4.149000000000000000e+03,2.927221357822418213e-04
4.150000000000000000e+03,2.927019086200743914e-04
4.151000000000000000e+03,2.926556626334786415e-04
4.152000000000000000e+03,2.926289162132889032e-04
4.153000000000000000e+03,2.925929438788443804e-04
4.154000000000000000e+03,2.925470762420445681e-04
4.155000000000000000e+03,2.927010646089911461e-04
4.156000000000000000e+03,2.925308363046497107e-04
4.157000000000000000e+03,2.924888976849615574e-04
4.158000000000000000e+03,2.924359287135303020e-04
4.159000000000000000e+03,2.927658497355878353e-04
4.160000000000000000e+03,2.924200671259313822e-04
4.161000000000000000e+03,2.923918946180492640e-04
4.162000000000000000e+03,2.923266147263348103e-04
4.163000000000000000e+03,2.922738203778862953e-04
4.164000000000000000e+03,2.922264102380722761e-04
4.165000000000000000e+03,2.921916893683373928e-04
4.166000000000000000e+03,2.921640116255730391e-04
4.167000000000000000e+03,2.921150298789143562e-04
4.168000000000000000e+03,2.920766710303723812e-04
4.169000000000000000e+03,2.923359279520809650e-04
4.170000000000000000e+03,2.920620318036526442e-04
4.171000000000000000e+03,2.920343540608882904e-04
4.172000000000000000e+03,2.919917460530996323e-04
4.173000000000000000e+03,2.919638645835220814e-04
4.174000000000000000e+03,2.921769046224653721e-04
4.175000000000000000e+03,2.919325488619506359e-04
4.176000000000000000e+03,2.918804239016026258e-04
4.177000000000000000e+03,2.918190148193389177e-04
4.178000000000000000e+03,2.917716046795248985e-04
4.179000000000000000e+03,2.916908124461770058e-04
4.180000000000000000e+03,2.916576340794563293e-04
4.181000000000000000e+03,2.916255325544625521e-04
4.182000000000000000e+03,2.915902878157794476e-04
4.183000000000000000e+03,2.915610093623399734e-04
4.184000000000000000e+03,2.914963115472346544e-04
4.185000000000000000e+03,2.914645592682063580e-04
4.186000000000000000e+03,2.914398210123181343e-04
4.187000000000000000e+03,2.914156939368695021e-04
4.188000000000000000e+03,2.913893258664757013e-04
4.189000000000000000e+03,2.913282951340079308e-04
4.190000000000000000e+03,2.912952913902699947e-04
4.191000000000000000e+03,2.913108328357338905e-04
4.192000000000000000e+03,2.912777417805045843e-04
4.193000000000000000e+03,2.912442723754793406e-04
4.194000000000000000e+03,2.912177587859332561e-04
4.195000000000000000e+03,2.911797782871872187e-04
4.196000000000000000e+03,2.911389747168868780e-04
4.197000000000000000e+03,2.917518140748143196e-04
4.198000000000000000e+03,2.911322808358818293e-04
4.199000000000000000e+03,2.910980547312647104e-04
4.200000000000000000e+03,2.910561161115765572e-04
4.201000000000000000e+03,2.910243638325482607e-04
4.202000000000000000e+03,2.910710754804313183e-04
4.203000000000000000e+03,2.910072507802397013e-04
4.204000000000000000e+03,2.909729955717921257e-04
4.205000000000000000e+03,2.909235772676765919e-04
4.206000000000000000e+03,2.908232563640922308e-04
4.207000000000000000e+03,2.907523594330996275e-04
4.208000000000000000e+03,2.906911831814795732e-04
4.209000000000000000e+03,2.906432491727173328e-04
4.210000000000000000e+03,2.905910660047084093e-04
4.211000000000000000e+03,2.904992725234478712e-04
4.212000000000000000e+03,2.904411521740257740e-04
4.213000000000000000e+03,2.903974673245102167e-04
4.214000000000000000e+03,2.903563436120748520e-04
4.215000000000000000e+03,2.903197309933602810e-04
4.216000000000000000e+03,2.902912092395126820e-04
4.217000000000000000e+03,2.902653359342366457e-04
4.218000000000000000e+03,2.902298583649098873e-04
4.219000000000000000e+03,2.902196720242500305e-04
4.220000000000000000e+03,2.901818079408258200e-04
4.221000000000000000e+03,2.901616971939802170e-04
4.222000000000000000e+03,2.901330590248107910e-04
4.223000000000000000e+03,2.900729887187480927e-04
4.224000000000000000e+03,2.899969986174255610e-04
4.225000000000000000e+03,2.899840474128723145e-04
4.226000000000000000e+03,2.898838138207793236e-04
4.227000000000000000e+03,2.898722304962575436e-04
4.228000000000000000e+03,2.898412349168211222e-04
4.229000000000000000e+03,2.898189995903521776e-04
4.230000000000000000e+03,2.897860540542751551e-04
4.231000000000000000e+03,2.897520607803016901e-04
4.232000000000000000e+03,2.897098893299698830e-04
4.233000000000000000e+03,2.896785154007375240e-04
4.234000000000000000e+03,2.896386722568422556e-04
4.235000000000000000e+03,2.896081423386931419e-04
4.236000000000000000e+03,2.895633806474506855e-04
4.237000000000000000e+03,2.895390498451888561e-04
4.238000000000000000e+03,2.894920762628316879e-04
4.239000000000000000e+03,2.894370700232684612e-04
4.240000000000000000e+03,2.893905038945376873e-04
4.241000000000000000e+03,2.893635828513652086e-04
4.242000000000000000e+03,2.893181808758527040e-04
4.243000000000000000e+03,2.892630000133067369e-04
4.244000000000000000e+03,2.892658812925219536e-04
4.245000000000000000e+03,2.892275806516408920e-04
4.246000000000000000e+03,2.891886397264897823e-04
4.247000000000000000e+03,2.891515614464879036e-04
4.248000000000000000e+03,2.891289768740534782e-04
4.249000000000000000e+03,2.890928881242871284e-04
4.250000000000000000e+03,2.890560717787593603e-04
4.251000000000000000e+03,2.889868337661027908e-04
4.252000000000000000e+03,2.889313327614217997e-04
4.253000000000000000e+03,2.888634044211357832e-04
4.254000000000000000e+03,2.888340968638658524e-04
4.255000000000000000e+03,2.888021408580243587e-04
4.256000000000000000e+03,2.887680893763899803e-04
4.257000000000000000e+03,2.887471055146306753e-04
4.258000000000000000e+03,2.887245791498571634e-04
4.259000000000000000e+03,2.886977745220065117e-04
4.260000000000000000e+03,2.886425936594605446e-04
4.261000000000000000e+03,2.885738504119217396e-04
4.262000000000000000e+03,2.885224530473351479e-04
4.263000000000000000e+03,2.884453861042857170e-04
4.264000000000000000e+03,2.884182904381304979e-04
4.265000000000000000e+03,2.883836568798869848e-04
4.266000000000000000e+03,2.883425331674516201e-04
4.267000000000000000e+03,2.883022243622690439e-04
4.268000000000000000e+03,2.882536791730672121e-04
4.269000000000000000e+03,2.882315311580896378e-04
4.270000000000000000e+03,2.882011758629232645e-04
4.271000000000000000e+03,2.881812106352299452e-04
4.272000000000000000e+03,2.881556283682584763e-04
4.273000000000000000e+03,2.883156412281095982e-04
4.274000000000000000e+03,2.881452965084463358e-04
4.275000000000000000e+03,2.881175896618515253e-04
4.276000000000000000e+03,2.880574029404670000e-04
4.277000000000000000e+03,2.880121755879372358e-04
4.278000000000000000e+03,2.879676758311688900e-04
4.279000000000000000e+03,2.878715749830007553e-04
4.280000000000000000e+03,2.878049272112548351e-04
4.281000000000000000e+03,2.877677616197615862e-04
4.282000000000000000e+03,2.879937528632581234e-04
4.283000000000000000e+03,2.877435472328215837e-04
4.284000000000000000e+03,2.877037914004176855e-04
4.285000000000000000e+03,2.876709040720015764e-04
4.286000000000000000e+03,2.876304206438362598e-04
4.287000000000000000e+03,2.876000071410089731e-04
4.288000000000000000e+03,2.875753270927816629e-04
4.289000000000000000e+03,2.875207574106752872e-04
4.290000000000000000e+03,2.874798956327140331e-04
4.291000000000000000e+03,2.874385390896350145e-04
4.292000000000000000e+03,2.874145866371691227e-04
4.293000000000000000e+03,2.873718622140586376e-04
4.294000000000000000e+03,2.873255580198019743e-04
4.295000000000000000e+03,2.873168850783258677e-04
4.296000000000000000e+03,2.872626646421849728e-04
4.297000000000000000e+03,2.872277400456368923e-04
4.298000000000000000e+03,2.871764299925416708e-04
4.299000000000000000e+03,2.871375181712210178e-04
4.300000000000000000e+03,2.870438620448112488e-04
4.301000000000000000e+03,2.869283780455589294e-04
4.302000000000000000e+03,2.868406882043927908e-04
4.303000000000000000e+03,2.868184237740933895e-04
4.304000000000000000e+03,2.867497969418764114e-04
4.305000000000000000e+03,2.867296570912003517e-04
4.306000000000000000e+03,2.866981958504766226e-04
4.307000000000000000e+03,2.866571303457021713e-04
4.308000000000000000e+03,2.866259019356220961e-04
4.309000000000000000e+03,2.865853311959654093e-04
4.310000000000000000e+03,2.865560527425259352e-04
4.311000000000000000e+03,2.865120768547058105e-04
4.312000000000000000e+03,2.864478738047182560e-04
4.313000000000000000e+03,2.864195266738533974e-04
4.314000000000000000e+03,2.863794215954840183e-04
4.315000000000000000e+03,2.863463305402547121e-04
4.316000000000000000e+03,2.863311383407562971e-04
4.317000000000000000e+03,2.863014815375208855e-04
4.318000000000000000e+03,2.863198460545390844e-04
4.319000000000000000e+03,2.862475230358541012e-04
4.320000000000000000e+03,2.861822722479701042e-04
4.321000000000000000e+03,2.861457178369164467e-04
4.322000000000000000e+03,2.861001412384212017e-04
4.323000000000000000e+03,2.860468521248549223e-04
4.324000000000000000e+03,2.875071659218519926e-04
4.325000000000000000e+03,2.860280219465494156e-04
4.326000000000000000e+03,2.859943488147109747e-04
4.327000000000000000e+03,2.859724627342075109e-04
4.328000000000000000e+03,2.859500818885862827e-04
4.329000000000000000e+03,2.860815438907593489e-04
4.330000000000000000e+03,2.859334636013954878e-04
4.331000000000000000e+03,2.858949883375316858e-04
4.332000000000000000e+03,2.858523803297430277e-04
4.333000000000000000e+03,2.858045918401330709e-04
4.334000000000000000e+03,2.857518265955150127e-04
4.335000000000000000e+03,2.857052895706146955e-04
4.336000000000000000e+03,2.856030478142201900e-04
4.337000000000000000e+03,2.855627681128680706e-04
4.338000000000000000e+03,2.855040074791759253e-04
4.339000000000000000e+03,2.854650665540248156e-04
4.340000000000000000e+03,2.855345665011554956e-04
4.341000000000000000e+03,2.854441408999264240e-04
4.342000000000000000e+03,2.854010090231895447e-04
4.343000000000000000e+03,2.853321493603289127e-04
4.344000000000000000e+03,2.852955367416143417e-04
4.345000000000000000e+03,2.852724574040621519e-04
4.346000000000000000e+03,2.852208272088319063e-04
4.347000000000000000e+03,2.851814206223934889e-04
4.348000000000000000e+03,2.851560711860656738e-04
4.349000000000000000e+03,2.850765304174274206e-04
4.350000000000000000e+03,2.850402379408478737e-04
4.351000000000000000e+03,2.849883749149739742e-04
4.352000000000000000e+03,2.849705633707344532e-04
4.353000000000000000e+03,2.849520242307335138e-04
4.354000000000000000e+03,2.849267912097275257e-04
4.355000000000000000e+03,2.848765871021896601e-04
4.356000000000000000e+03,2.852777543012052774e-04
4.357000000000000000e+03,2.848660806193947792e-04
4.358000000000000000e+03,2.848182339221239090e-04
4.359000000000000000e+03,2.847434079740196466e-04
4.360000000000000000e+03,2.847136056516319513e-04
4.361000000000000000e+03,2.848140429705381393e-04
4.362000000000000000e+03,2.846946590580046177e-04
4.363000000000000000e+03,2.846554853022098541e-04
4.364000000000000000e+03,2.846126444637775421e-04
4.365000000000000000e+03,2.845574053935706615e-04
4.366000000000000000e+03,2.847073192242532969e-04
4.367000000000000000e+03,2.845481503754854202e-04
4.368000000000000000e+03,2.845249837264418602e-04
4.369000000000000000e+03,2.844839182216674089e-04
4.370000000000000000e+03,2.844403788913041353e-04
4.371000000000000000e+03,2.843839756678789854e-04
4.372000000000000000e+03,2.843221591319888830e-04
4.373000000000000000e+03,2.842578978743404150e-04
4.374000000000000000e+03,2.843865077011287212e-04
4.375000000000000000e+03,2.842347603291273117e-04
4.376000000000000000e+03,2.842055691871792078e-04
4.377000000000000000e+03,2.841645618900656700e-04
4.378000000000000000e+03,2.841276291292160749e-04
4.379000000000000000e+03,2.857528743334114552e-04
4.380000000000000000e+03,2.841168025042861700e-04
4.381000000000000000e+03,2.840779197867959738e-04
4.382000000000000000e+03,2.839832741301506758e-04
4.383000000000000000e+03,2.839314111042767763e-04
4.384000000000000000e+03,2.840215165633708239e-04
4.385000000000000000e+03,2.839064982254058123e-04
4.386000000000000000e+03,2.838594664353877306e-04
4.387000000000000000e+03,2.837881620507687330e-04
4.388000000000000000e+03,2.837428473867475986e-04
4.389000000000000000e+03,2.836994244717061520e-04
4.390000000000000000e+03,2.836375206243246794e-04
4.391000000000000000e+03,2.835958730429410934e-04
4.392000000000000000e+03,2.835495688486844301e-04
4.393000000000000000e+03,2.835033519659191370e-04
4.394000000000000000e+03,2.834183978848159313e-04
4.395000000000000000e+03,2.833584439940750599e-04
4.396000000000000000e+03,2.833009930327534676e-04
4.397000000000000000e+03,2.832480531651526690e-04
4.398000000000000000e+03,2.831952297128736973e-04
4.399000000000000000e+03,2.831135352607816458e-04
4.400000000000000000e+03,2.830319572240114212e-04
4.401000000000000000e+03,2.829695586115121841e-04
4.402000000000000000e+03,2.829158329404890537e-04
4.403000000000000000e+03,2.828610304277390242e-04
4.404000000000000000e+03,2.830782614182680845e-04
4.405000000000000000e+03,2.828445285558700562e-04
4.406000000000000000e+03,2.827888529282063246e-04
4.407000000000000000e+03,2.827387652359902859e-04
4.408000000000000000e+03,2.826721756719052792e-04
4.409000000000000000e+03,2.826029667630791664e-04
4.410000000000000000e+03,2.824912662617862225e-04
4.411000000000000000e+03,2.824125404004007578e-04
4.412000000000000000e+03,2.823190297931432724e-04
4.413000000000000000e+03,2.822594251483678818e-04
4.414000000000000000e+03,2.822967653628438711e-04
4.415000000000000000e+03,2.821745292749255896e-04
4.416000000000000000e+03,2.821040106937289238e-04
4.417000000000000000e+03,2.820542140398174524e-04
4.418000000000000000e+03,2.820077061187475920e-04
4.419000000000000000e+03,2.819225192070007324e-04
4.420000000000000000e+03,2.818211505655199289e-04
4.421000000000000000e+03,2.817624190356582403e-04
4.422000000000000000e+03,2.817310160025954247e-04
4.423000000000000000e+03,2.816746127791702747e-04
4.424000000000000000e+03,2.816056658048182726e-04
4.425000000000000000e+03,2.818575594574213028e-04
4.426000000000000000e+03,2.815863117575645447e-04
4.427000000000000000e+03,2.815355255734175444e-04
4.428000000000000000e+03,2.814675390254706144e-04
4.429000000000000000e+03,2.814038889482617378e-04
4.430000000000000000e+03,2.813262399286031723e-04
4.431000000000000000e+03,2.816925989463925362e-04
4.432000000000000000e+03,2.813129976857453585e-04
4.433000000000000000e+03,2.812867751345038414e-04
4.434000000000000000e+03,2.812458551488816738e-04
4.435000000000000000e+03,2.811914891935884953e-04
4.436000000000000000e+03,2.817201893776655197e-04
4.437000000000000000e+03,2.811822341755032539e-04
4.438000000000000000e+03,2.811402664519846439e-04
4.439000000000000000e+03,2.810711448546499014e-04
4.440000000000000000e+03,2.810063015203922987e-04
4.441000000000000000e+03,2.809606958180665970e-04
4.442000000000000000e+03,2.809189900290220976e-04
4.443000000000000000e+03,2.808870922308415174e-04
4.444000000000000000e+03,2.808633726090192795e-04
4.445000000000000000e+03,2.808131102938205004e-04
4.446000000000000000e+03,2.807640412356704473e-04
4.447000000000000000e+03,2.807370328810065985e-04
4.448000000000000000e+03,2.807069395203143358e-04
4.449000000000000000e+03,2.806609845720231533e-04
4.450000000000000000e+03,2.805832482408732176e-04
4.451000000000000000e+03,2.805116237141191959e-04
4.452000000000000000e+03,2.804166870191693306e-04
4.453000000000000000e+03,2.804195974022150040e-04
4.454000000000000000e+03,2.803616225719451904e-04
4.455000000000000000e+03,2.802872040774673223e-04
4.456000000000000000e+03,2.802212839014828205e-04
4.457000000000000000e+03,2.801455848384648561e-04
4.458000000000000000e+03,2.800443617161363363e-04
4.459000000000000000e+03,2.799564972519874573e-04
4.460000000000000000e+03,2.798598725348711014e-04
4.461000000000000000e+03,2.797973575070500374e-04
4.462000000000000000e+03,2.797543129418045282e-04
4.463000000000000000e+03,2.796957560349255800e-04
4.464000000000000000e+03,2.796466869767755270e-04
4.465000000000000000e+03,2.795931359287351370e-04
4.466000000000000000e+03,2.794681640807539225e-04
4.467000000000000000e+03,2.796025364659726620e-04
4.468000000000000000e+03,2.794308529701083899e-04
4.469000000000000000e+03,2.793922321870923042e-04
4.470000000000000000e+03,2.792959276121109724e-04
4.471000000000000000e+03,2.792516606859862804e-04
4.472000000000000000e+03,2.792084123939275742e-04
4.473000000000000000e+03,2.791770384646952152e-04
4.474000000000000000e+03,2.791403676383197308e-04
4.475000000000000000e+03,2.790853905025869608e-04
4.476000000000000000e+03,2.790096623357385397e-04
4.477000000000000000e+03,2.791130391415208578e-04
4.478000000000000000e+03,2.789879217743873596e-04
4.479000000000000000e+03,2.789268619380891323e-04
4.480000000000000000e+03,2.788733982015401125e-04
4.481000000000000000e+03,2.788422862067818642e-04
4.482000000000000000e+03,2.788074198178946972e-04
4.483000000000000000e+03,2.787457779049873352e-04
4.484000000000000000e+03,2.787069242913275957e-04
4.485000000000000000e+03,2.786681579891592264e-04
4.486000000000000000e+03,2.786242112051695585e-04
4.487000000000000000e+03,2.801693335641175508e-04
4.488000000000000000e+03,2.786162076517939568e-04
4.489000000000000000e+03,2.785625110846012831e-04
4.490000000000000000e+03,2.785044780466705561e-04
4.491000000000000000e+03,2.784787793643772602e-04
4.492000000000000000e+03,2.784567477647215128e-04
4.493000000000000000e+03,2.784638782031834126e-04
4.494000000000000000e+03,2.784368407446891069e-04
4.495000000000000000e+03,2.784144016914069653e-04
4.496000000000000000e+03,2.783867530524730682e-04
4.497000000000000000e+03,2.783522650133818388e-04
4.498000000000000000e+03,2.782946103252470493e-04
4.499000000000000000e+03,2.782961237244307995e-04
4.500000000000000000e+03,2.782627998385578394e-04
4.501000000000000000e+03,2.781946677714586258e-04
4.502000000000000000e+03,2.781279035843908787e-04
4.503000000000000000e+03,2.780797367449849844e-04
4.504000000000000000e+03,2.780047943815588951e-04
4.505000000000000000e+03,2.780459763016551733e-04
4.506000000000000000e+03,2.779762435238808393e-04
4.507000000000000000e+03,2.779097703751176596e-04
4.508000000000000000e+03,2.778431517072021961e-04
4.509000000000000000e+03,2.777914342004805803e-04
4.510000000000000000e+03,2.776677720248699188e-04
4.511000000000000000e+03,2.776290057227015495e-04
4.512000000000000000e+03,2.775112225208431482e-04
4.513000000000000000e+03,2.774703607428818941e-04
4.514000000000000000e+03,2.774473105091601610e-04
4.515000000000000000e+03,2.773963788058608770e-04
4.516000000000000000e+03,2.773179148789495230e-04
4.517000000000000000e+03,2.773337764665484428e-04
4.518000000000000000e+03,2.772723091766238213e-04
4.519000000000000000e+03,2.772156149148941040e-04
4.520000000000000000e+03,2.771471627056598663e-04
4.521000000000000000e+03,2.771569706965237856e-04
4.522000000000000000e+03,2.771197760012000799e-04
4.523000000000000000e+03,2.770733262877911329e-04
4.524000000000000000e+03,2.770324354059994221e-04
4.525000000000000000e+03,2.769906423054635525e-04
4.526000000000000000e+03,2.769388665910810232e-04
4.527000000000000000e+03,2.768753038253635168e-04
4.528000000000000000e+03,2.768225094769150019e-04
4.529000000000000000e+03,2.767930855043232441e-04
4.530000000000000000e+03,2.767598489299416542e-04
4.531000000000000000e+03,2.767267287708818913e-04
4.532000000000000000e+03,2.767593832686543465e-04
4.533000000000000000e+03,2.766912220977246761e-04
4.534000000000000000e+03,2.767599071376025677e-04
4.535000000000000000e+03,2.766622637864202261e-04
4.536000000000000000e+03,2.766180841717869043e-04
4.537000000000000000e+03,2.765341778285801411e-04
4.538000000000000000e+03,2.764753007795661688e-04
4.539000000000000000e+03,2.763964876066893339e-04
4.540000000000000000e+03,2.762462536338716745e-04
4.541000000000000000e+03,2.761691575869917870e-04
4.542000000000000000e+03,2.761260839179158211e-04
4.543000000000000000e+03,2.760936040431261063e-04
4.544000000000000000e+03,2.760243951342999935e-04
4.545000000000000000e+03,2.762156364042311907e-04
4.546000000000000000e+03,2.759928756859153509e-04
4.547000000000000000e+03,2.759446506388485432e-04
4.548000000000000000e+03,2.758944756351411343e-04
4.549000000000000000e+03,2.758741029538214207e-04
4.550000000000000000e+03,2.758554473984986544e-04
4.551000000000000000e+03,2.758232294581830502e-04
4.552000000000000000e+03,2.758290793281048536e-04
4.553000000000000000e+03,2.758034097496420145e-04
4.554000000000000000e+03,2.757741312962025404e-04
4.555000000000000000e+03,2.757268666755408049e-04
4.556000000000000000e+03,2.756525645963847637e-04
4.557000000000000000e+03,2.755990135483443737e-04
4.558000000000000000e+03,2.755456080194562674e-04
4.559000000000000000e+03,2.754929009824991226e-04
4.560000000000000000e+03,2.755432506091892719e-04
4.561000000000000000e+03,2.754743036348372698e-04
4.562000000000000000e+03,2.754324523266404867e-04
4.563000000000000000e+03,2.753628650680184364e-04
4.564000000000000000e+03,2.753007283899933100e-04
4.565000000000000000e+03,2.753191220108419657e-04
4.566000000000000000e+03,2.752543368842452765e-04
4.567000000000000000e+03,2.752252912614494562e-04
4.568000000000000000e+03,2.752080326899886131e-04
4.569000000000000000e+03,2.751642023213207722e-04
4.570000000000000000e+03,2.750758430920541286e-04
4.571000000000000000e+03,2.749953418970108032e-04
4.572000000000000000e+03,2.749291015788912773e-04
4.573000000000000000e+03,2.748903352767229080e-04
4.574000000000000000e+03,2.748382394202053547e-04
4.575000000000000000e+03,2.748049155343323946e-04
4.576000000000000000e+03,2.747786638792604208e-04
4.577000000000000000e+03,2.747529943007975817e-04
4.578000000000000000e+03,2.747111720964312553e-04
4.579000000000000000e+03,2.746791287790983915e-04
4.580000000000000000e+03,2.750233688857406378e-04
4.581000000000000000e+03,2.746675745584070683e-04
4.582000000000000000e+03,2.746368409134447575e-04
4.583000000000000000e+03,2.745999954640865326e-04
4.584000000000000000e+03,2.745618694461882114e-04
4.585000000000000000e+03,2.745187375694513321e-04
4.586000000000000000e+03,2.744382072705775499e-04
4.587000000000000000e+03,2.745262172538787127e-04
4.588000000000000000e+03,2.744082885328680277e-04
4.589000000000000000e+03,2.743551740422844887e-04
4.590000000000000000e+03,2.743345394264906645e-04
4.591000000000000000e+03,2.743099466897547245e-04
4.592000000000000000e+03,2.742851502262055874e-04
4.593000000000000000e+03,2.742427750490605831e-04
4.594000000000000000e+03,2.741858770605176687e-04
4.595000000000000000e+03,2.741245552897453308e-04
4.596000000000000000e+03,2.740859636105597019e-04
4.597000000000000000e+03,2.740458876360207796e-04
4.598000000000000000e+03,2.739868359640240669e-04
4.599000000000000000e+03,2.761599607765674591e-04
4.600000000000000000e+03,2.739750198088586330e-04
4.601000000000000000e+03,2.739190822467207909e-04
4.602000000000000000e+03,2.738642506301403046e-04
4.603000000000000000e+03,2.737924514804035425e-04
4.604000000000000000e+03,2.738622133620083332e-04
4.605000000000000000e+03,2.737464965321123600e-04
4.606000000000000000e+03,2.736899768933653831e-04
4.607000000000000000e+03,2.736404421739280224e-04
4.608000000000000000e+03,2.737740287557244301e-04
4.609000000000000000e+03,2.736292954068630934e-04
4.610000000000000000e+03,2.736025780905038118e-04
4.611000000000000000e+03,2.735664311330765486e-04
4.612000000000000000e+03,2.735292364377528429e-04
4.613000000000000000e+03,2.736300812102854252e-04
4.614000000000000000e+03,2.735193120315670967e-04
4.615000000000000000e+03,2.734938170760869980e-04
4.616000000000000000e+03,2.734607260208576918e-04
4.617000000000000000e+03,2.734304580371826887e-04
4.618000000000000000e+03,2.733876171987503767e-04
4.619000000000000000e+03,2.732603461481630802e-04
4.620000000000000000e+03,2.732428838498890400e-04
4.621000000000000000e+03,2.730585110839456320e-04
4.622000000000000000e+03,2.729834523051977158e-04
4.623000000000000000e+03,2.729187253862619400e-04
4.624000000000000000e+03,2.729040570557117462e-04
4.625000000000000000e+03,2.728327235672622919e-04
4.626000000000000000e+03,2.727872924879193306e-04
4.627000000000000000e+03,2.727264363784343004e-04
4.628000000000000000e+03,2.726326056290417910e-04
4.629000000000000000e+03,2.726930833887308836e-04
4.630000000000000000e+03,2.725805097725242376e-04
4.631000000000000000e+03,2.725142112467437983e-04
4.632000000000000000e+03,2.724495425354689360e-04
4.633000000000000000e+03,2.723881916608661413e-04
4.634000000000000000e+03,2.722825447563081980e-04
4.635000000000000000e+03,2.721643832046538591e-04
4.636000000000000000e+03,2.720830088946968317e-04
4.637000000000000000e+03,2.720277407206594944e-04
4.638000000000000000e+03,2.720019838307052851e-04
4.639000000000000000e+03,2.719445619732141495e-04
4.640000000000000000e+03,2.719007898122072220e-04
4.641000000000000000e+03,2.718659816309809685e-04
4.642000000000000000e+03,2.718195319175720215e-04
4.643000000000000000e+03,2.717542520258575678e-04
4.644000000000000000e+03,2.716960443649441004e-04
4.645000000000000000e+03,2.716444432735443115e-04
4.646000000000000000e+03,2.716012822929769754e-04
4.647000000000000000e+03,2.715759910643100739e-04
4.648000000000000000e+03,2.715340815484523773e-04
4.649000000000000000e+03,2.715032314881682396e-04
4.650000000000000000e+03,2.714825095608830452e-04
4.651000000000000000e+03,2.714332658797502518e-04
4.652000000000000000e+03,2.713998255785554647e-04
4.653000000000000000e+03,2.713439462240785360e-04
4.654000000000000000e+03,2.712612913455814123e-04
4.655000000000000000e+03,2.711976994760334492e-04
4.656000000000000000e+03,2.711545384954661131e-04
4.657000000000000000e+03,2.711334673222154379e-04
4.658000000000000000e+03,2.711162669584155083e-04
4.659000000000000000e+03,2.710968547035008669e-04
4.660000000000000000e+03,2.711603592615574598e-04
4.661000000000000000e+03,2.710695844143629074e-04
4.662000000000000000e+03,2.709872787818312645e-04
4.663000000000000000e+03,2.708942920435220003e-04
4.664000000000000000e+03,2.708419924601912498e-04
4.665000000000000000e+03,2.708248503040522337e-04
4.666000000000000000e+03,2.707765670493245125e-04
4.667000000000000000e+03,2.707363746594637632e-04
4.668000000000000000e+03,2.706621889956295490e-04
4.669000000000000000e+03,2.710071275942027569e-04
4.670000000000000000e+03,2.706366649363189936e-04
4.671000000000000000e+03,2.705849474295973778e-04
4.672000000000000000e+03,2.705023507587611675e-04
4.673000000000000000e+03,2.704082289710640907e-04
4.674000000000000000e+03,2.703247009776532650e-04
4.675000000000000000e+03,2.709114924073219299e-04
4.676000000000000000e+03,2.703009522520005703e-04
4.677000000000000000e+03,2.702635247260332108e-04
4.678000000000000000e+03,2.702308993320912123e-04
4.679000000000000000e+03,2.701935591176152229e-04
4.680000000000000000e+03,2.701592457015067339e-04
4.681000000000000000e+03,2.701273479033261538e-04
4.682000000000000000e+03,2.700921613723039627e-04
4.683000000000000000e+03,2.700609329622238874e-04
4.684000000000000000e+03,2.700353506952524185e-04
4.685000000000000000e+03,2.699719334486871958e-04
4.686000000000000000e+03,2.699335454963147640e-04
4.687000000000000000e+03,2.698728931136429310e-04
4.688000000000000000e+03,2.698518219403922558e-04
4.689000000000000000e+03,2.698235912248492241e-04
4.690000000000000000e+03,2.697942836675792933e-04
4.691000000000000000e+03,2.697451272979378700e-04
4.692000000000000000e+03,2.696352894417941570e-04
4.693000000000000000e+03,2.696121810004115105e-04
4.694000000000000000e+03,2.695808070711791515e-04
4.695000000000000000e+03,2.695496077649295330e-04
4.696000000000000000e+03,2.695200091693550348e-04
4.697000000000000000e+03,2.694885770324617624e-04
4.698000000000000000e+03,2.694409922696650028e-04
4.699000000000000000e+03,2.693904098123311996e-04
4.700000000000000000e+03,2.693445130717009306e-04
4.701000000000000000e+03,2.693107235245406628e-04
4.702000000000000000e+03,2.692663692869246006e-04
4.703000000000000000e+03,2.692198613658547401e-04
4.704000000000000000e+03,2.691756235435605049e-04
4.705000000000000000e+03,2.691079571377485991e-04
4.706000000000000000e+03,2.690348192118108273e-04
4.707000000000000000e+03,2.689909015316516161e-04
4.708000000000000000e+03,2.689197426661849022e-04
4.709000000000000000e+03,2.689020184334367514e-04
4.710000000000000000e+03,2.688688400667160749e-04
4.711000000000000000e+03,2.688521053642034531e-04
4.712000000000000000e+03,2.688179083634167910e-04
4.713000000000000000e+03,2.687807427719235420e-04
4.714000000000000000e+03,2.688449167180806398e-04
4.715000000000000000e+03,2.687572559807449579e-04
4.716000000000000000e+03,2.687100495677441359e-04
4.717000000000000000e+03,2.686627267394214869e-04
4.718000000000000000e+03,2.686388907022774220e-04
4.719000000000000000e+03,2.686064981389790773e-04
4.720000000000000000e+03,2.685836225282400846e-04
4.721000000000000000e+03,2.685467479750514030e-04
4.722000000000000000e+03,2.684990176931023598e-04
4.723000000000000000e+03,2.684584178496152163e-04
4.724000000000000000e+03,2.684989885892719030e-04
4.725000000000000000e+03,2.684098435565829277e-04
4.726000000000000000e+03,2.683718339540064335e-04
4.727000000000000000e+03,2.683076309040188789e-04
4.728000000000000000e+03,2.682572230696678162e-04
4.729000000000000000e+03,2.682084741536527872e-04
4.730000000000000000e+03,2.681725891306996346e-04
4.731000000000000000e+03,2.681156620383262634e-04
4.732000000000000000e+03,2.681043697521090508e-04
4.733000000000000000e+03,2.680842007976025343e-04
4.734000000000000000e+03,2.680535835679620504e-04
4.735000000000000000e+03,2.680135366972535849e-04
4.736000000000000000e+03,2.680809411685913801e-04
4.737000000000000000e+03,2.679902536328881979e-04
4.738000000000000000e+03,2.679437748156487942e-04
4.739000000000000000e+03,2.679125755093991756e-04
4.740000000000000000e+03,2.678867895156145096e-04
4.741000000000000000e+03,2.678404853213578463e-04
4.742000000000000000e+03,2.681676705833524466e-04
4.743000000000000000e+03,2.678252931218594313e-04
4.744000000000000000e+03,2.677744487300515175e-04
4.745000000000000000e+03,2.677029115147888660e-04
4.746000000000000000e+03,2.676658914424479008e-04
4.747000000000000000e+03,2.676274161785840988e-04
4.748000000000000000e+03,2.675813157111406326e-04
4.749000000000000000e+03,2.675364667084068060e-04
4.750000000000000000e+03,2.675264258868992329e-04
4.751000000000000000e+03,2.674566349014639854e-04
4.752000000000000000e+03,2.674395509529858828e-04
4.753000000000000000e+03,2.674081479199230671e-04
4.754000000000000000e+03,2.673691196832805872e-04
4.755000000000000000e+03,2.673162380233407021e-04
4.756000000000000000e+03,2.673280832823365927e-04
4.757000000000000000e+03,2.672867558430880308e-04
4.758000000000000000e+03,2.672410919331014156e-04
4.759000000000000000e+03,2.671820984687656164e-04
4.760000000000000000e+03,2.671150141395628452e-04
4.761000000000000000e+03,2.671243564691394567e-04
4.762000000000000000e+03,2.670906542334705591e-04
4.763000000000000000e+03,2.670514222700148821e-04
4.764000000000000000e+03,2.669944369699805975e-04
4.765000000000000000e+03,2.669261011760681868e-04
4.766000000000000000e+03,2.668496163096278906e-04
4.767000000000000000e+03,2.668095112312585115e-04
4.768000000000000000e+03,2.667553198989480734e-04
4.769000000000000000e+03,2.667207736521959305e-04
4.770000000000000000e+03,2.666751970537006855e-04
4.771000000000000000e+03,2.666339278221130371e-04
4.772000000000000000e+03,2.665783395059406757e-04
4.773000000000000000e+03,2.665435604285448790e-04
4.774000000000000000e+03,2.665038628038018942e-04
4.775000000000000000e+03,2.664635248947888613e-04
4.776000000000000000e+03,2.664337225724011660e-04
4.777000000000000000e+03,2.663808409124612808e-04
4.778000000000000000e+03,2.663353516254574060e-04
4.779000000000000000e+03,2.662797633092850447e-04
4.780000000000000000e+03,2.662409970071166754e-04
4.781000000000000000e+03,2.662188198883086443e-04
4.782000000000000000e+03,2.661873004399240017e-04
4.783000000000000000e+03,2.661631151568144560e-04
4.784000000000000000e+03,2.661781909409910440e-04
4.785000000000000000e+03,2.661354956217110157e-04
4.786000000000000000e+03,2.660997852217406034e-04
4.787000000000000000e+03,2.660507161635905504e-04
4.788000000000000000e+03,2.660044410731643438e-04
4.789000000000000000e+03,2.659616584423929453e-04
4.790000000000000000e+03,2.659054298419505358e-04
4.791000000000000000e+03,2.658723969943821430e-04
4.792000000000000000e+03,2.659553429111838341e-04
4.793000000000000000e+03,2.658487064763903618e-04
4.794000000000000000e+03,2.657995210029184818e-04
4.795000000000000000e+03,2.657650911714881659e-04
4.796000000000000000e+03,2.656950091477483511e-04
4.797000000000000000e+03,2.656397700775414705e-04
4.798000000000000000e+03,2.655975695233792067e-04
4.799000000000000000e+03,2.655551070347428322e-04
4.800000000000000000e+03,2.655253920238465071e-04
4.801000000000000000e+03,2.654821728356182575e-04
4.802000000000000000e+03,2.654510608408600092e-04
4.803000000000000000e+03,2.653915144037455320e-04
4.804000000000000000e+03,2.653452975209802389e-04
4.805000000000000000e+03,2.653006522450596094e-04
4.806000000000000000e+03,2.652572584338486195e-04
4.807000000000000000e+03,2.652083348948508501e-04
4.808000000000000000e+03,2.651741961017251015e-04
4.809000000000000000e+03,2.651056274771690369e-04
4.810000000000000000e+03,2.650487003847956657e-04
4.811000000000000000e+03,2.649951493367552757e-04
4.812000000000000000e+03,2.649391244631260633e-04
4.813000000000000000e+03,2.648827794473618269e-04
4.814000000000000000e+03,2.648153167683631182e-04
4.815000000000000000e+03,2.647608343977481127e-04
4.816000000000000000e+03,2.646749780979007483e-04
4.817000000000000000e+03,2.647062647156417370e-04
4.818000000000000000e+03,2.646491921041160822e-04
4.819000000000000000e+03,2.645987551659345627e-04
4.820000000000000000e+03,2.645307686179876328e-04
4.821000000000000000e+03,2.644979394972324371e-04
4.822000000000000000e+03,2.644650521688163280e-04
4.823000000000000000e+03,2.644204651005566120e-04
4.824000000000000000e+03,2.643873740453273058e-04
4.825000000000000000e+03,2.643529442138969898e-04
4.826000000000000000e+03,2.642768376972526312e-04
4.827000000000000000e+03,2.642316394485533237e-04
4.828000000000000000e+03,2.642015751916915178e-04
4.829000000000000000e+03,2.641811734065413475e-04
4.830000000000000000e+03,2.641463652253150940e-04
4.831000000000000000e+03,2.641087921801954508e-04
4.832000000000000000e+03,2.641351602505892515e-04
4.833000000000000000e+03,2.640768361743539572e-04
4.834000000000000000e+03,2.640263119246810675e-04
4.835000000000000000e+03,2.640098100528120995e-04
4.836000000000000000e+03,2.639790473040193319e-04
4.837000000000000000e+03,2.639495651237666607e-04
4.838000000000000000e+03,2.639174053911119699e-04
4.839000000000000000e+03,2.638720325194299221e-04
4.840000000000000000e+03,2.638614096213132143e-04
4.841000000000000000e+03,2.638057922013103962e-04
4.842000000000000000e+03,2.637602738104760647e-04
4.843000000000000000e+03,2.636776480358093977e-04
4.844000000000000000e+03,2.636179560795426369e-04
4.845000000000000000e+03,2.635421988088637590e-04
4.846000000000000000e+03,2.634883276186883450e-04
4.847000000000000000e+03,2.634453703649342060e-04
4.848000000000000000e+03,2.634064294397830963e-04
4.849000000000000000e+03,2.633687399793416262e-04
4.850000000000000000e+03,2.633350959513336420e-04
4.851000000000000000e+03,2.633064868859946728e-04
4.852000000000000000e+03,2.632400137372314930e-04
4.853000000000000000e+03,2.631975221447646618e-04
4.854000000000000000e+03,2.632248797453939915e-04
4.855000000000000000e+03,2.631633833516389132e-04
4.856000000000000000e+03,2.631133538670837879e-04
4.857000000000000000e+03,2.630573872011154890e-04
4.858000000000000000e+03,2.630216185934841633e-04
4.859000000000000000e+03,2.629787777550518513e-04
4.860000000000000000e+03,2.629301452543586493e-04
4.861000000000000000e+03,2.662354090716689825e-04
4.862000000000000000e+03,2.629230439197272062e-04
4.863000000000000000e+03,2.628758375067263842e-04
4.864000000000000000e+03,2.628377405926585197e-04
4.865000000000000000e+03,2.627372741699218750e-04
4.866000000000000000e+03,2.626728673931211233e-04
4.867000000000000000e+03,2.626137284096330404e-04
4.868000000000000000e+03,2.625473425723612309e-04
4.869000000000000000e+03,2.624946937430649996e-04
4.870000000000000000e+03,2.624491753522306681e-04
4.871000000000000000e+03,2.624054905027151108e-04
4.872000000000000000e+03,2.623471082188189030e-04
4.873000000000000000e+03,2.622738247737288475e-04
4.874000000000000000e+03,2.622412575874477625e-04
4.875000000000000000e+03,2.621884341351687908e-04
4.876000000000000000e+03,2.621006569825112820e-04
4.877000000000000000e+03,2.620376180857419968e-04
4.878000000000000000e+03,2.627574431244283915e-04
4.879000000000000000e+03,2.620236482471227646e-04
4.880000000000000000e+03,2.619926235638558865e-04
4.881000000000000000e+03,2.619361039251089096e-04
4.882000000000000000e+03,2.619097649585455656e-04
4.883000000000000000e+03,2.620154700707644224e-04
4.884000000000000000e+03,2.618942817207425833e-04
4.885000000000000000e+03,2.618729195091873407e-04
4.886000000000000000e+03,2.618541766423732042e-04
4.887000000000000000e+03,2.618195139802992344e-04
4.888000000000000000e+03,2.617540594656020403e-04
4.889000000000000000e+03,2.619308943394571543e-04
4.890000000000000000e+03,2.617049321997910738e-04
4.891000000000000000e+03,2.616331912577152252e-04
4.892000000000000000e+03,2.615819103084504604e-04
4.893000000000000000e+03,2.618060389067977667e-04
4.894000000000000000e+03,2.615459961816668510e-04
4.895000000000000000e+03,2.615172998048365116e-04
4.896000000000000000e+03,2.614856348372995853e-04
4.897000000000000000e+03,2.614400291349738836e-04
4.898000000000000000e+03,2.614011755213141441e-04
4.899000000000000000e+03,2.613354299683123827e-04
4.900000000000000000e+03,2.612631360534578562e-04
4.901000000000000000e+03,2.612245443742722273e-04
4.902000000000000000e+03,2.611944801174104214e-04
4.903000000000000000e+03,2.611677336972206831e-04
4.904000000000000000e+03,2.611198578961193562e-04
4.905000000000000000e+03,2.611901727505028248e-04
4.906000000000000000e+03,2.611065865494310856e-04
4.907000000000000000e+03,2.610840892884880304e-04
4.908000000000000000e+03,2.610540250316262245e-04
4.909000000000000000e+03,2.610254741739481688e-04
4.910000000000000000e+03,2.609409566503018141e-04
4.911000000000000000e+03,2.608905779197812080e-04
4.912000000000000000e+03,2.608467184472829103e-04
4.913000000000000000e+03,2.607832429930567741e-04
4.914000000000000000e+03,2.607435744721442461e-04
4.915000000000000000e+03,2.607147616799920797e-04
4.916000000000000000e+03,2.606479683890938759e-04
4.917000000000000000e+03,2.605977642815560102e-04
4.918000000000000000e+03,2.605624322313815355e-04
4.919000000000000000e+03,2.605167101137340069e-04
4.920000000000000000e+03,2.604814653750509024e-04
4.921000000000000000e+03,2.604284381959587336e-04
4.922000000000000000e+03,2.603610046207904816e-04
4.923000000000000000e+03,2.603149623610079288e-04
4.924000000000000000e+03,2.602864406071603298e-04
4.925000000000000000e+03,2.602417371235787868e-04
4.926000000000000000e+03,2.602069289423525333e-04
4.927000000000000000e+03,2.601505257189273834e-04
4.928000000000000000e+03,2.600997104309499264e-04
4.929000000000000000e+03,2.600885054562240839e-04
4.930000000000000000e+03,2.600677835289388895e-04
4.931000000000000000e+03,2.600504958536475897e-04
4.932000000000000000e+03,2.600337320473045111e-04
4.933000000000000000e+03,2.599952276796102524e-04
4.934000000000000000e+03,2.600176376290619373e-04
4.935000000000000000e+03,2.599412109702825546e-04
4.936000000000000000e+03,2.598983410280197859e-04
4.937000000000000000e+03,2.598688006401062012e-04
4.938000000000000000e+03,2.598449937067925930e-04
4.939000000000000000e+03,2.598287537693977356e-04
4.940000000000000000e+03,2.598378341645002365e-04
4.941000000000000000e+03,2.598171704448759556e-04
4.942000000000000000e+03,2.597924321889877319e-04
4.943000000000000000e+03,2.597016282379627228e-04
4.944000000000000000e+03,2.596176927909255028e-04
4.945000000000000000e+03,2.595160913188010454e-04
4.946000000000000000e+03,2.594626857899129391e-04
4.947000000000000000e+03,2.594155666884034872e-04
4.948000000000000000e+03,2.593568933662027121e-04
4.949000000000000000e+03,2.593318931758403778e-04
4.950000000000000000e+03,2.592767123132944107e-04
4.951000000000000000e+03,2.592554956208914518e-04
4.952000000000000000e+03,2.592169039417058229e-04
4.953000000000000000e+03,2.591621014289557934e-04
4.954000000000000000e+03,2.591219963505864143e-04
4.955000000000000000e+03,2.591448137536644936e-04
4.956000000000000000e+03,2.591042430140078068e-04
4.957000000000000000e+03,2.590833173599094152e-04
4.958000000000000000e+03,2.590515359770506620e-04
4.959000000000000000e+03,2.590018848422914743e-04
4.960000000000000000e+03,2.589534851722419262e-04
4.961000000000000000e+03,2.589250216260552406e-04
4.962000000000000000e+03,2.589048526715487242e-04
4.963000000000000000e+03,2.588821807876229286e-04
4.964000000000000000e+03,2.588632924016565084e-04
4.965000000000000000e+03,2.588245260994881392e-04
4.966000000000000000e+03,2.587875642348080873e-04
4.967000000000000000e+03,2.588077331893146038e-04
4.968000000000000000e+03,2.587595081422477961e-04
4.969000000000000000e+03,2.587208873592317104e-04
4.970000000000000000e+03,2.586898626759648323e-04
4.971000000000000000e+03,2.586403279565274715e-04
4.972000000000000000e+03,2.585840120445936918e-04
4.973000000000000000e+03,2.585476031526923180e-04
4.974000000000000000e+03,2.584976900834590197e-04
4.975000000000000000e+03,2.584473986644297838e-04
4.976000000000000000e+03,2.584035973995923996e-04
4.977000000000000000e+03,2.584016183391213417e-04
4.978000000000000000e+03,2.583594759926199913e-04
4.979000000000000000e+03,2.582944580353796482e-04
4.980000000000000000e+03,2.582354936748743057e-04
4.981000000000000000e+03,2.581793232820928097e-04
4.982000000000000000e+03,2.581023145467042923e-04
4.983000000000000000e+03,2.580148284323513508e-04
4.984000000000000000e+03,2.579478896223008633e-04
4.985000000000000000e+03,2.579266438260674477e-04
4.986000000000000000e+03,2.578602288849651814e-04
4.987000000000000000e+03,2.578331914264708757e-04
4.988000000000000000e+03,2.578170679043978453e-04
4.989000000000000000e+03,2.577947161626070738e-04
4.990000000000000000e+03,2.577618870418518782e-04
4.991000000000000000e+03,2.577401755843311548e-04
4.992000000000000000e+03,2.577012055553495884e-04
4.993000000000000000e+03,2.576585975475609303e-04
4.994000000000000000e+03,2.576399419922381639e-04
4.995000000000000000e+03,2.576143306214362383e-04
4.996000000000000000e+03,2.577521663624793291e-04
4.997000000000000000e+03,2.576065890025347471e-04
4.998000000000000000e+03,2.575806283857673407e-04
4.999000000000000000e+03,2.575669786892831326e-04
5.000000000000000000e+03,2.575425023678690195e-04
5.001000000000000000e+03,2.575035614427179098e-04
5.002000000000000000e+03,2.574338286649435759e-04
5.003000000000000000e+03,2.573580131866037846e-04
5.004000000000000000e+03,2.572860976215451956e-04
5.005000000000000000e+03,2.572562079876661301e-04
5.006000000000000000e+03,2.572305093053728342e-04
5.007000000000000000e+03,2.572138328105211258e-04
5.008000000000000000e+03,2.571801887825131416e-04
5.009000000000000000e+03,2.571268123574554920e-04
5.010000000000000000e+03,2.570763463154435158e-04
5.011000000000000000e+03,2.570055949036031961e-04
5.012000000000000000e+03,2.569322532508522272e-04
5.013000000000000000e+03,2.568612981121987104e-04
5.014000000000000000e+03,2.568098425399512053e-04
5.015000000000000000e+03,2.567805349826812744e-04
5.016000000000000000e+03,2.567626943346112967e-04
5.017000000000000000e+03,2.567398187238723040e-04
5.018000000000000000e+03,2.567023911979049444e-04
5.019000000000000000e+03,2.566438342910259962e-04
5.020000000000000000e+03,2.566219773143529892e-04
5.021000000000000000e+03,2.565699687693268061e-04
5.022000000000000000e+03,2.565557369962334633e-04
5.023000000000000000e+03,2.565292525105178356e-04
5.024000000000000000e+03,2.565230242908000946e-04
5.025000000000000000e+03,2.564952883403748274e-04
5.026000000000000000e+03,2.564486640039831400e-04
5.027000000000000000e+03,2.563518646638840437e-04
5.028000000000000000e+03,2.562983136158436537e-04
5.029000000000000000e+03,2.562445006333291531e-04
5.030000000000000000e+03,2.561974979471415281e-04
5.031000000000000000e+03,2.561641158536076546e-04
5.032000000000000000e+03,2.561369328759610653e-04
5.033000000000000000e+03,2.560897555667907000e-04
5.034000000000000000e+03,2.559865824878215790e-04
5.035000000000000000e+03,2.559256972745060921e-04
5.036000000000000000e+03,2.558646374382078648e-04
5.037000000000000000e+03,2.558125415816903114e-04
5.038000000000000000e+03,2.557748812250792980e-04
5.039000000000000000e+03,2.557270927354693413e-04
5.040000000000000000e+03,2.556764229666441679e-04
5.041000000000000000e+03,2.556402178015559912e-04
5.042000000000000000e+03,2.556703402660787106e-04
5.043000000000000000e+03,2.556285471655428410e-04
5.044000000000000000e+03,2.556057588662952185e-04
5.045000000000000000e+03,2.555729297455400229e-04
5.046000000000000000e+03,2.555469109211117029e-04
5.047000000000000000e+03,2.555241226218640804e-04
5.048000000000000000e+03,2.554998791310936213e-04
5.049000000000000000e+03,2.554847160354256630e-04
5.050000000000000000e+03,2.554599195718765259e-04
5.051000000000000000e+03,2.554224629420787096e-04
5.052000000000000000e+03,2.554050588514655828e-04
5.053000000000000000e+03,2.553766826167702675e-04
5.054000000000000000e+03,2.553555823396891356e-04
5.055000000000000000e+03,2.553397789597511292e-04
5.056000000000000000e+03,2.552985970396548510e-04
5.057000000000000000e+03,2.552130317781120539e-04
5.058000000000000000e+03,2.551610814407467842e-04
5.059000000000000000e+03,2.551174256950616837e-04
5.060000000000000000e+03,2.550914650782942772e-04
5.061000000000000000e+03,2.550749923102557659e-04
5.062000000000000000e+03,2.550408826209604740e-04
5.063000000000000000e+03,2.550042117945849895e-04
5.064000000000000000e+03,2.549726341385394335e-04
5.065000000000000000e+03,2.549265336710959673e-04
5.066000000000000000e+03,2.548842458054423332e-04
5.067000000000000000e+03,2.548569755163043737e-04
5.068000000000000000e+03,2.548253687564283609e-04
5.069000000000000000e+03,2.548061020206660032e-04
5.070000000000000000e+03,2.547876501921564341e-04
5.071000000000000000e+03,2.547594194766134024e-04
5.072000000000000000e+03,2.547322656027972698e-04
5.073000000000000000e+03,2.546967589296400547e-04
5.074000000000000000e+03,2.548488846514374018e-04
5.075000000000000000e+03,2.546897449064999819e-04
5.076000000000000000e+03,2.546632895246148109e-04
5.077000000000000000e+03,2.546704199630767107e-04
5.078000000000000000e+03,2.546314208302646875e-04
5.079000000000000000e+03,2.546030154917389154e-04
5.080000000000000000e+03,2.545833704061806202e-04
5.081000000000000000e+03,2.545435272622853518e-04
5.082000000000000000e+03,2.545095921959728003e-04
5.083000000000000000e+03,2.544875023886561394e-04
5.084000000000000000e+03,2.544494054745882750e-04
5.085000000000000000e+03,2.544239105191081762e-04
5.086000000000000000e+03,2.544128219597041607e-04
5.087000000000000000e+03,2.543772279750555754e-04
5.088000000000000000e+03,2.543416630942374468e-04
5.089000000000000000e+03,2.543088921811431646e-04
5.090000000000000000e+03,2.542796428315341473e-04
5.091000000000000000e+03,2.542225120123475790e-04
5.092000000000000000e+03,2.541707654017955065e-04
5.093000000000000000e+03,2.541133435443043709e-04
5.094000000000000000e+03,2.540539135225117207e-04
5.095000000000000000e+03,2.540559216868132353e-04
5.096000000000000000e+03,2.540251298341900110e-04
5.097000000000000000e+03,2.539939887356013060e-04
5.098000000000000000e+03,2.539679990150034428e-04
5.099000000000000000e+03,2.539356646593660116e-04
5.100000000000000000e+03,2.539945126045495272e-04
5.101000000000000000e+03,2.539102861192077398e-04
5.102000000000000000e+03,2.538739645387977362e-04
5.103000000000000000e+03,2.538499829825013876e-04
5.104000000000000000e+03,2.538271946832537651e-04
5.105000000000000000e+03,2.538116532377898693e-04
5.106000000000000000e+03,2.537914551794528961e-04
5.107000000000000000e+03,2.538765547797083855e-04
5.108000000000000000e+03,2.537627296987921000e-04
5.109000000000000000e+03,2.537347318138927221e-04
5.110000000000000000e+03,2.536910178605467081e-04
5.111000000000000000e+03,2.536486717872321606e-04
5.112000000000000000e+03,2.536237589083611965e-04
5.113000000000000000e+03,2.535750390961766243e-04
5.114000000000000000e+03,2.535331586841493845e-04
5.115000000000000000e+03,2.535247185733169317e-04
5.116000000000000000e+03,2.534820523578673601e-04
5.117000000000000000e+03,2.534607192501425743e-04
5.118000000000000000e+03,2.534343511797487736e-04
5.119000000000000000e+03,2.533898223191499710e-04
5.120000000000000000e+03,2.533313236199319363e-04
5.121000000000000000e+03,2.533401420805603266e-04
5.122000000000000000e+03,2.532803628128021955e-04
5.123000000000000000e+03,2.532238722778856754e-04
5.124000000000000000e+03,2.531850768718868494e-04
5.125000000000000000e+03,2.532116195652633905e-04
5.126000000000000000e+03,2.531640930101275444e-04
5.127000000000000000e+03,2.531316713429987431e-04
5.128000000000000000e+03,2.531087375245988369e-04
5.129000000000000000e+03,2.530822239350527525e-04
5.130000000000000000e+03,2.530456695239990950e-04
5.131000000000000000e+03,2.530099591240286827e-04
5.132000000000000000e+03,2.532038197387009859e-04
5.133000000000000000e+03,2.529982884880155325e-04
5.134000000000000000e+03,2.529766061343252659e-04
5.135000000000000000e+03,2.529596094973385334e-04
5.136000000000000000e+03,2.529360353946685791e-04
5.137000000000000000e+03,2.528974146116524935e-04
5.138000000000000000e+03,2.533384249545633793e-04
5.139000000000000000e+03,2.528844925109297037e-04
5.140000000000000000e+03,2.528351324144750834e-04
5.141000000000000000e+03,2.527678152546286583e-04
5.142000000000000000e+03,2.527357428334653378e-04
5.143000000000000000e+03,2.526855387259274721e-04
5.144000000000000000e+03,2.526598982512950897e-04
5.145000000000000000e+03,2.526362368371337652e-04
5.146000000000000000e+03,2.526002062950283289e-04
5.147000000000000000e+03,2.525478776078671217e-04
5.148000000000000000e+03,2.524699084460735321e-04
5.149000000000000000e+03,2.524162700865417719e-04
5.150000000000000000e+03,2.523664152249693871e-04
5.151000000000000000e+03,2.523332950659096241e-04
5.152000000000000000e+03,2.522788126952946186e-04
5.153000000000000000e+03,2.522189170122146606e-04
5.154000000000000000e+03,2.521548885852098465e-04
5.155000000000000000e+03,2.520984271541237831e-04
5.156000000000000000e+03,2.520399575587362051e-04
5.157000000000000000e+03,2.520007546991109848e-04
5.158000000000000000e+03,2.519680128898471594e-04
5.159000000000000000e+03,2.520163543522357941e-04
5.160000000000000000e+03,2.519531117286533117e-04
5.161000000000000000e+03,2.519323315937072039e-04
5.162000000000000000e+03,2.519050030969083309e-04
5.163000000000000000e+03,2.518680994398891926e-04
5.164000000000000000e+03,2.518281980883330107e-04
5.165000000000000000e+03,2.517841057851910591e-04
5.166000000000000000e+03,2.517665270715951920e-04
5.167000000000000000e+03,2.517115790396928787e-04
5.168000000000000000e+03,2.517202519811689854e-04
5.169000000000000000e+03,2.516924287192523479e-04
5.170000000000000000e+03,2.516612585168331861e-04
5.171000000000000000e+03,2.516308741178363562e-04
5.172000000000000000e+03,2.516021777410060167e-04
5.173000000000000000e+03,2.515595988370478153e-04
5.174000000000000000e+03,2.515430096536874771e-04
5.175000000000000000e+03,2.514843363314867020e-04
5.176000000000000000e+03,2.514473453629761934e-04
5.177000000000000000e+03,2.514218213036656380e-04
5.178000000000000000e+03,2.513891668058931828e-04
5.179000000000000000e+03,2.513371873646974564e-04
5.180000000000000000e+03,2.513034851290285587e-04
5.181000000000000000e+03,2.512865758035331964e-04
5.182000000000000000e+03,2.512540959287434816e-04
5.183000000000000000e+03,2.512353821657598019e-04
5.184000000000000000e+03,2.512088103685528040e-04
5.185000000000000000e+03,2.511859347578138113e-04
5.186000000000000000e+03,2.511281345505267382e-04
5.187000000000000000e+03,2.511187340132892132e-04
5.188000000000000000e+03,2.510913182049989700e-04
5.189000000000000000e+03,2.510772901587188244e-04
5.190000000000000000e+03,2.512175997253507376e-04
5.191000000000000000e+03,2.510655904188752174e-04
5.192000000000000000e+03,2.510369231458753347e-04
5.193000000000000000e+03,2.509835758246481419e-04
5.194000000000000000e+03,2.509315090719610453e-04
5.195000000000000000e+03,2.508751931600272655e-04
5.196000000000000000e+03,2.508041216060519218e-04
5.197000000000000000e+03,2.507388708181679249e-04
5.198000000000000000e+03,2.507070603314787149e-04
5.199000000000000000e+03,2.506707096472382545e-04
5.200000000000000000e+03,2.506353775970637798e-04
5.201000000000000000e+03,2.505828742869198322e-04
5.202000000000000000e+03,2.508173347450792789e-04
5.203000000000000000e+03,2.505560405552387238e-04
5.204000000000000000e+03,2.504992298781871796e-04
5.205000000000000000e+03,2.504619187675416470e-04
5.206000000000000000e+03,2.504099393263459206e-04
5.207000000000000000e+03,2.503767609596252441e-04
5.208000000000000000e+03,2.503229479771107435e-04
5.209000000000000000e+03,2.502700663171708584e-04
5.210000000000000000e+03,2.502159331925213337e-04
5.211000000000000000e+03,2.501577255316078663e-04
5.212000000000000000e+03,2.501315902918577194e-04
5.213000000000000000e+03,2.501004782970994711e-04
5.214000000000000000e+03,2.500573755241930485e-04
5.215000000000000000e+03,2.500338305253535509e-04
5.216000000000000000e+03,2.500089758541435003e-04
5.217000000000000000e+03,2.499844413250684738e-04
5.218000000000000000e+03,2.499473339412361383e-04
5.219000000000000000e+03,2.499231195542961359e-04
5.220000000000000000e+03,2.500918344594538212e-04
5.221000000000000000e+03,2.499105175957083702e-04
5.222000000000000000e+03,2.498762332834303379e-04
5.223000000000000000e+03,2.498562680557370186e-04
5.224000000000000000e+03,2.498409012332558632e-04
5.225000000000000000e+03,2.498179965186864138e-04
5.226000000000000000e+03,2.498005051165819168e-04
5.227000000000000000e+03,2.497636305633932352e-04
5.228000000000000000e+03,2.497336245141923428e-04
5.229000000000000000e+03,2.497051609680056572e-04
5.230000000000000000e+03,2.496961096767336130e-04
5.231000000000000000e+03,2.496294910088181496e-04
5.232000000000000000e+03,2.496001834515482187e-04
5.233000000000000000e+03,2.495692751836031675e-04
5.234000000000000000e+03,2.495500666555017233e-04
5.235000000000000000e+03,2.495254157111048698e-04
5.236000000000000000e+03,2.494890941306948662e-04
5.237000000000000000e+03,2.501546987332403660e-04
5.238000000000000000e+03,2.494847867637872696e-04
5.239000000000000000e+03,2.494539367035031319e-04
5.240000000000000000e+03,2.494516083970665932e-04
5.241000000000000000e+03,2.494263171683996916e-04
5.242000000000000000e+03,2.494047221262007952e-04
5.243000000000000000e+03,2.495635999366641045e-04
5.244000000000000000e+03,2.493916254024952650e-04
5.245000000000000000e+03,2.493562351446598768e-04
5.246000000000000000e+03,2.494412474334239960e-04
5.247000000000000000e+03,2.493302745278924704e-04
5.248000000000000000e+03,2.492923231329768896e-04
5.249000000000000000e+03,2.492736384738236666e-04
5.250000000000000000e+03,2.492490166332572699e-04
5.251000000000000000e+03,2.491988707333803177e-04
5.252000000000000000e+03,2.491390332579612732e-04
5.253000000000000000e+03,2.490878396201878786e-04
5.254000000000000000e+03,2.490807673893868923e-04
5.255000000000000000e+03,2.490591432433575392e-04
5.256000000000000000e+03,2.490342594683170319e-04
5.257000000000000000e+03,2.489900507498532534e-04
5.258000000000000000e+03,2.489536418579518795e-04
5.259000000000000000e+03,2.488923491910099983e-04
5.260000000000000000e+03,2.488114696461707354e-04
5.261000000000000000e+03,2.487394376657903194e-04
5.262000000000000000e+03,2.487001765985041857e-04
5.263000000000000000e+03,2.486644370947033167e-04
5.264000000000000000e+03,2.486442681401968002e-04
5.265000000000000000e+03,2.486208977643400431e-04
5.266000000000000000e+03,2.485931909177452326e-04
5.267000000000000000e+03,2.485816366970539093e-04
5.268000000000000000e+03,2.485232835169881582e-04
5.269000000000000000e+03,2.484938013367354870e-04
5.270000000000000000e+03,2.484566648490726948e-04
5.271000000000000000e+03,2.484074502717703581e-04
5.272000000000000000e+03,2.484454016666859388e-04
5.273000000000000000e+03,2.483752614352852106e-04
5.274000000000000000e+03,2.483197313267737627e-04
5.275000000000000000e+03,2.482924901414662600e-04
5.276000000000000000e+03,2.482377458363771439e-04
5.277000000000000000e+03,2.481790143065154552e-04
5.278000000000000000e+03,2.481184783391654491e-04
5.279000000000000000e+03,2.485949371475726366e-04
5.280000000000000000e+03,2.481068950146436691e-04
5.281000000000000000e+03,2.480874536558985710e-04
5.282000000000000000e+03,2.480552066117525101e-04
5.283000000000000000e+03,2.480173716321587563e-04
5.284000000000000000e+03,2.479776157997548580e-04
5.285000000000000000e+03,2.479274407960474491e-04
5.286000000000000000e+03,2.478952519595623016e-04
5.287000000000000000e+03,2.478568057995289564e-04
5.288000000000000000e+03,2.478097449056804180e-04
5.289000000000000000e+03,2.477387024555355310e-04
5.290000000000000000e+03,2.476810768712311983e-04
5.291000000000000000e+03,2.476529334671795368e-04
5.292000000000000000e+03,2.476215013302862644e-04
5.293000000000000000e+03,2.475874789524823427e-04
5.294000000000000000e+03,2.475551737006753683e-04
5.295000000000000000e+03,2.490532351657748222e-04
5.296000000000000000e+03,2.475500223226845264e-04
5.297000000000000000e+03,2.475185028742998838e-04
5.298000000000000000e+03,2.474968496244400740e-04
5.299000000000000000e+03,2.474547945894300938e-04
5.300000000000000000e+03,2.474368957336992025e-04
5.301000000000000000e+03,2.474009525030851364e-04
5.302000000000000000e+03,2.474518842063844204e-04
5.303000000000000000e+03,2.473788335919380188e-04
5.304000000000000000e+03,2.473371569067239761e-04
5.305000000000000000e+03,2.473001368343830109e-04
5.306000000000000000e+03,2.472721680533140898e-04
5.307000000000000000e+03,2.472376800142228603e-04
5.308000000000000000e+03,2.471796178724616766e-04
5.309000000000000000e+03,2.471413172315806150e-04
5.310000000000000000e+03,2.470941981300711632e-04
5.311000000000000000e+03,2.470385516062378883e-04
5.312000000000000000e+03,2.469992614351212978e-04
5.313000000000000000e+03,2.469593018759042025e-04
5.314000000000000000e+03,2.469324972480535507e-04
5.315000000000000000e+03,2.469033934175968170e-04
5.316000000000000000e+03,2.468408492859452963e-04
5.317000000000000000e+03,2.467979502398520708e-04
5.318000000000000000e+03,2.467219019308686256e-04
5.319000000000000000e+03,2.466703590471297503e-04
5.320000000000000000e+03,2.466369478497654200e-04
5.321000000000000000e+03,2.466167497914284468e-04
5.322000000000000000e+03,2.465786819811910391e-04
5.323000000000000000e+03,2.465136640239506960e-04
5.324000000000000000e+03,2.464891877025365829e-04
5.325000000000000000e+03,2.464384015183895826e-04
5.326000000000000000e+03,2.464076387695968151e-04
5.327000000000000000e+03,2.463806595187634230e-04
5.328000000000000000e+03,2.463597629684954882e-04
5.329000000000000000e+03,2.463402342982590199e-04
5.330000000000000000e+03,2.463088021613657475e-04
5.331000000000000000e+03,2.462672127876430750e-04
5.332000000000000000e+03,2.462335105519741774e-04
5.333000000000000000e+03,2.462071133777499199e-04
5.334000000000000000e+03,2.461791154928505421e-04
5.335000000000000000e+03,2.461570256855338812e-04
5.336000000000000000e+03,2.461360709276050329e-04
5.337000000000000000e+03,2.460931718815118074e-04
5.338000000000000000e+03,2.460771647747606039e-04
5.339000000000000000e+03,2.460427931509912014e-04
5.340000000000000000e+03,2.459989918861538172e-04
5.341000000000000000e+03,2.459635143168270588e-04
5.342000000000000000e+03,2.459218376316130161e-04
5.343000000000000000e+03,2.458840026520192623e-04
5.344000000000000000e+03,2.458519884385168552e-04
5.345000000000000000e+03,2.458207891322672367e-04
5.346000000000000000e+03,2.457953523844480515e-04
5.347000000000000000e+03,2.457545197103172541e-04
5.348000000000000000e+03,2.457312948536127806e-04
5.349000000000000000e+03,2.457141818013042212e-04
5.350000000000000000e+03,2.458146191202104092e-04
5.351000000000000000e+03,2.457096707075834274e-04
5.352000000000000000e+03,2.456964866723865271e-04
5.353000000000000000e+03,2.456822257954627275e-04
5.354000000000000000e+03,2.456733782310038805e-04
5.355000000000000000e+03,2.456282963976264000e-04
5.356000000000000000e+03,2.456048096064478159e-04
5.357000000000000000e+03,2.455527719575911760e-04
5.358000000000000000e+03,2.455243666190654039e-04
5.359000000000000000e+03,2.454859204590320587e-04
5.360000000000000000e+03,2.454459317959845066e-04
5.361000000000000000e+03,2.454218629281967878e-04
5.362000000000000000e+03,2.453921188134700060e-04
5.363000000000000000e+03,2.453557099215686321e-04
5.364000000000000000e+03,2.453226188663393259e-04
5.365000000000000000e+03,2.452593762427568436e-04
5.366000000000000000e+03,2.452199114486575127e-04
5.367000000000000000e+03,2.451711043249815702e-04
5.368000000000000000e+03,2.451295440550893545e-04
5.369000000000000000e+03,2.450976462569087744e-04
5.370000000000000000e+03,2.450692409183830023e-04
5.371000000000000000e+03,2.450261090416461229e-04
5.372000000000000000e+03,2.449613821227103472e-04
5.373000000000000000e+03,2.449355961289256811e-04
5.374000000000000000e+03,2.448771847411990166e-04
5.375000000000000000e+03,2.448183950036764145e-04
5.376000000000000000e+03,2.447515144012868404e-04
5.377000000000000000e+03,2.446499711368232965e-04
5.378000000000000000e+03,2.445502905175089836e-04
5.379000000000000000e+03,2.444770361762493849e-04
5.380000000000000000e+03,2.444261044729501009e-04
5.381000000000000000e+03,2.444005222059786320e-04
5.382000000000000000e+03,2.443673147354274988e-04
5.383000000000000000e+03,2.443423436488956213e-04
5.384000000000000000e+03,2.443092816974967718e-04
5.385000000000000000e+03,2.442724653519690037e-04
5.386000000000000000e+03,2.442277909722179174e-04
5.387000000000000000e+03,2.442010736558586359e-04
5.388000000000000000e+03,2.441674878355115652e-04
5.389000000000000000e+03,2.441119722789153457e-04
5.390000000000000000e+03,2.440802345518022776e-04
5.391000000000000000e+03,2.440496027702465653e-04
5.392000000000000000e+03,2.440160751575604081e-04
5.393000000000000000e+03,2.439793170196935534e-04
5.394000000000000000e+03,2.439386589685454965e-04
5.395000000000000000e+03,2.438912342768162489e-04
5.396000000000000000e+03,2.438587252981960773e-04
5.397000000000000000e+03,2.438436495140194893e-04
5.398000000000000000e+03,2.438050723867490888e-04
5.399000000000000000e+03,2.445677819196134806e-04
5.400000000000000000e+03,2.437880320940166712e-04
5.401000000000000000e+03,2.437255316181108356e-04
5.402000000000000000e+03,2.436859795125201344e-04
5.403000000000000000e+03,2.437001676298677921e-04
5.404000000000000000e+03,2.436721842968836427e-04
5.405000000000000000e+03,2.436477225273847580e-04
5.406000000000000000e+03,2.436065406072884798e-04
5.407000000000000000e+03,2.435674250591546297e-04
5.408000000000000000e+03,2.435601782053709030e-04
5.409000000000000000e+03,2.434884518152102828e-04
5.410000000000000000e+03,2.434707857901230454e-04
5.411000000000000000e+03,2.434491179883480072e-04
5.412000000000000000e+03,2.434149064356461167e-04
5.413000000000000000e+03,2.440366079099476337e-04
5.414000000000000000e+03,2.434058842482045293e-04
5.415000000000000000e+03,2.433766057947650552e-04
5.416000000000000000e+03,2.433474292047321796e-04
5.417000000000000000e+03,2.433225163258612156e-04
5.418000000000000000e+03,2.432901819702237844e-04
5.419000000000000000e+03,2.432534238323569298e-04
5.420000000000000000e+03,2.431991742923855782e-04
5.421000000000000000e+03,2.431711181998252869e-04
5.422000000000000000e+03,2.431503962725400925e-04
5.423000000000000000e+03,2.431126631563529372e-04
5.424000000000000000e+03,2.430866734357550740e-04
5.425000000000000000e+03,2.430025779176503420e-04
5.426000000000000000e+03,2.429684100206941366e-04
5.427000000000000000e+03,2.429586893413215876e-04
5.428000000000000000e+03,2.428969601169228554e-04
5.429000000000000000e+03,2.428741718176752329e-04
5.430000000000000000e+03,2.428535517537966371e-04
5.431000000000000000e+03,2.428187435725703835e-04
5.432000000000000000e+03,2.428668958600610495e-04
5.433000000000000000e+03,2.427622384857386351e-04
5.434000000000000000e+03,2.426964492769911885e-04
5.435000000000000000e+03,2.426667633699253201e-04
5.436000000000000000e+03,2.426440041745081544e-04
5.437000000000000000e+03,2.426082355668768287e-04
5.438000000000000000e+03,2.425928105367347598e-04
5.439000000000000000e+03,2.425751154078170657e-04
5.440000000000000000e+03,2.425511775072664022e-04
5.441000000000000000e+03,2.425312268314883113e-04
5.442000000000000000e+03,2.424991398584097624e-04
5.443000000000000000e+03,2.424572885502129793e-04
5.444000000000000000e+03,2.423779515083879232e-04
5.445000000000000000e+03,2.423780242679640651e-04
5.446000000000000000e+03,2.423370315227657557e-04
5.447000000000000000e+03,2.422865363769233227e-04
5.448000000000000000e+03,2.422561374260112643e-04
5.449000000000000000e+03,2.422378020128235221e-04
5.450000000000000000e+03,2.422097459202632308e-04
5.451000000000000000e+03,2.422185934847220778e-04
5.452000000000000000e+03,2.421661920379847288e-04
5.453000000000000000e+03,2.421519020572304726e-04
5.454000000000000000e+03,2.421037206659093499e-04
5.455000000000000000e+03,2.420754462946206331e-04
5.456000000000000000e+03,2.420482342131435871e-04
5.457000000000000000e+03,2.419852971797809005e-04
5.458000000000000000e+03,2.424156409688293934e-04
5.459000000000000000e+03,2.419583615846931934e-04
5.460000000000000000e+03,2.419106021989136934e-04
5.461000000000000000e+03,2.419099619146436453e-04
5.462000000000000000e+03,2.418930962448939681e-04
5.463000000000000000e+03,2.418615622445940971e-04
5.464000000000000000e+03,2.418394142296165228e-04
5.465000000000000000e+03,2.417669311398640275e-04
5.466000000000000000e+03,2.417886280454695225e-04
5.467000000000000000e+03,2.417360374238342047e-04
5.468000000000000000e+03,2.416860370431095362e-04
5.469000000000000000e+03,2.416399220237508416e-04
5.470000000000000000e+03,2.415750204818323255e-04
5.471000000000000000e+03,2.415094349998980761e-04
5.472000000000000000e+03,2.413916081422939897e-04
5.473000000000000000e+03,2.413656184216961265e-04
5.474000000000000000e+03,2.413150796201080084e-04
5.475000000000000000e+03,2.412841131445020437e-04
5.476000000000000000e+03,2.412427711533382535e-04
5.477000000000000000e+03,2.411979367025196552e-04
5.478000000000000000e+03,2.411495224805548787e-04
5.479000000000000000e+03,2.411151945125311613e-04
5.480000000000000000e+03,2.410871966276317835e-04
5.481000000000000000e+03,2.412127505522221327e-04
5.482000000000000000e+03,2.410641609458252788e-04
5.483000000000000000e+03,2.410375891486182809e-04
5.484000000000000000e+03,2.409999869996681809e-04
5.485000000000000000e+03,2.409384178463369608e-04
5.486000000000000000e+03,2.408606087556108832e-04
5.487000000000000000e+03,2.408783911960199475e-04
5.488000000000000000e+03,2.408225118415430188e-04
5.489000000000000000e+03,2.407501742709428072e-04
5.490000000000000000e+03,2.407039573881775141e-04
5.491000000000000000e+03,2.406549465376883745e-04
5.492000000000000000e+03,2.409358276054263115e-04
5.493000000000000000e+03,2.406330168014392257e-04
5.494000000000000000e+03,2.405920531600713730e-04
5.495000000000000000e+03,2.405505365459248424e-04
5.496000000000000000e+03,2.405108389211818576e-04
5.497000000000000000e+03,2.405908599030226469e-04
5.498000000000000000e+03,2.404901752015575767e-04
5.499000000000000000e+03,2.404620900051668286e-04
5.500000000000000000e+03,2.404316473985090852e-04
5.501000000000000000e+03,2.403887338005006313e-04
5.502000000000000000e+03,2.403477847110480070e-04
5.503000000000000000e+03,2.402981044724583626e-04
5.504000000000000000e+03,2.402590471319854259e-04
5.505000000000000000e+03,2.402259997325018048e-04
5.506000000000000000e+03,2.402038080617785454e-04
5.507000000000000000e+03,2.401862584520131350e-04
5.508000000000000000e+03,2.401523815933614969e-04
5.509000000000000000e+03,2.401179372100159526e-04
5.510000000000000000e+03,2.400666271569207311e-04
5.511000000000000000e+03,2.400298835709691048e-04
5.512000000000000000e+03,2.400037774350494146e-04
5.513000000000000000e+03,2.399484365014359355e-04
5.514000000000000000e+03,2.398903889115899801e-04
5.515000000000000000e+03,2.398286305833607912e-04
5.516000000000000000e+03,2.399120130576193333e-04
5.517000000000000000e+03,2.398026699665933847e-04
5.518000000000000000e+03,2.397581556579098105e-04
5.519000000000000000e+03,2.397168136667460203e-04
5.520000000000000000e+03,2.396716590737923980e-04
5.521000000000000000e+03,2.396317722741514444e-04
5.522000000000000000e+03,2.396023774053901434e-04
5.523000000000000000e+03,2.395602641627192497e-04
5.524000000000000000e+03,2.395626070210710168e-04
5.525000000000000000e+03,2.395301562501117587e-04
5.526000000000000000e+03,2.394931798335164785e-04
5.527000000000000000e+03,2.394532202742993832e-04
5.528000000000000000e+03,2.394316252321004868e-04
5.529000000000000000e+03,2.393989561824128032e-04
5.530000000000000000e+03,2.393379400018602610e-04
5.531000000000000000e+03,2.392950264038518071e-04
5.532000000000000000e+03,2.392351452726870775e-04
5.533000000000000000e+03,2.391709276707842946e-04
5.534000000000000000e+03,2.391153830103576183e-04
5.535000000000000000e+03,2.390218432992696762e-04
5.536000000000000000e+03,2.389782894169911742e-04
5.537000000000000000e+03,2.389207365922629833e-04
5.538000000000000000e+03,2.388763386989012361e-04
5.539000000000000000e+03,2.388620341662317514e-04
5.540000000000000000e+03,2.388158609392121434e-04
5.541000000000000000e+03,2.387717249803245068e-04
5.542000000000000000e+03,2.387380664004012942e-04
5.543000000000000000e+03,2.386950072832405567e-04
5.544000000000000000e+03,2.386555133853107691e-04
5.545000000000000000e+03,2.386101987212896347e-04
5.546000000000000000e+03,2.385863335803151131e-04
5.547000000000000000e+03,2.385587285971269011e-04
5.548000000000000000e+03,2.385257248533889651e-04
5.549000000000000000e+03,2.385156112723052502e-04
5.550000000000000000e+03,2.384540130151435733e-04
5.551000000000000000e+03,2.384251856710761786e-04
5.552000000000000000e+03,2.383987448411062360e-04
5.553000000000000000e+03,2.383805549470707774e-04
5.554000000000000000e+03,2.383524843025952578e-04
5.555000000000000000e+03,2.383007522439584136e-04
5.556000000000000000e+03,2.382693055551499128e-04
5.557000000000000000e+03,2.382498205406591296e-04
5.558000000000000000e+03,2.382087695877999067e-04
5.559000000000000000e+03,2.382860402576625347e-04
5.560000000000000000e+03,2.381977101322263479e-04
5.561000000000000000e+03,2.381779195275157690e-04
5.562000000000000000e+03,2.381462982157245278e-04
5.563000000000000000e+03,2.380929508944973350e-04
5.564000000000000000e+03,2.380390942562371492e-04
5.565000000000000000e+03,2.382057718932628632e-04
5.566000000000000000e+03,2.380255173193290830e-04
5.567000000000000000e+03,2.379911602474749088e-04
5.568000000000000000e+03,2.379607904003933072e-04
5.569000000000000000e+03,2.379416982876136899e-04
5.570000000000000000e+03,2.379219076829031110e-04
5.571000000000000000e+03,2.378966310061514378e-04
5.572000000000000000e+03,2.378680219408124685e-04
5.573000000000000000e+03,2.378418430453166366e-04
5.574000000000000000e+03,2.378189092269167304e-04
5.575000000000000000e+03,2.377920609433203936e-04
5.576000000000000000e+03,2.377785858698189259e-04
5.577000000000000000e+03,2.377385098952800035e-04
5.578000000000000000e+03,2.377114578848704696e-04
5.579000000000000000e+03,2.376830525463446975e-04
5.580000000000000000e+03,2.376620832365006208e-04
5.581000000000000000e+03,2.376338961767032743e-04
5.582000000000000000e+03,2.376098564127460122e-04
5.583000000000000000e+03,2.375873300479725003e-04
5.584000000000000000e+03,2.375585027039051056e-04
5.585000000000000000e+03,2.375343756284564734e-04
5.586000000000000000e+03,2.374824252910912037e-04
5.587000000000000000e+03,2.374502219026908278e-04
5.588000000000000000e+03,2.373966417508199811e-04
5.589000000000000000e+03,2.375215553911402822e-04
5.590000000000000000e+03,2.373815514147281647e-04
5.591000000000000000e+03,2.373640600126236677e-04
5.592000000000000000e+03,2.373324387008324265e-04
5.593000000000000000e+03,2.373003226239234209e-04
5.594000000000000000e+03,2.372692542849108577e-04
5.595000000000000000e+03,2.372275048401206732e-04
5.596000000000000000e+03,2.371775626670569181e-04
5.597000000000000000e+03,2.371603477513417602e-04
5.598000000000000000e+03,2.371218724874779582e-04
5.599000000000000000e+03,2.370885340496897697e-04
5.600000000000000000e+03,2.370589500060304999e-04
5.601000000000000000e+03,2.370336587773635983e-04
5.602000000000000000e+03,2.370080474065616727e-04
5.603000000000000000e+03,2.369751891819760203e-04
5.604000000000000000e+03,2.369472931604832411e-04
5.605000000000000000e+03,2.369277935940772295e-04
5.606000000000000000e+03,2.369075809838250279e-04
5.607000000000000000e+03,2.368909772485494614e-04
5.608000000000000000e+03,2.370315341977402568e-04
5.609000000000000000e+03,2.368833957007154822e-04
5.610000000000000000e+03,2.368663554079830647e-04
5.611000000000000000e+03,2.368343411944806576e-04
5.612000000000000000e+03,2.368142886552959681e-04
5.613000000000000000e+03,2.367782144574448466e-04
5.614000000000000000e+03,2.367438282817602158e-04
5.615000000000000000e+03,2.367123088333755732e-04
5.616000000000000000e+03,2.366771659580990672e-04
5.617000000000000000e+03,2.366397384321317077e-04
5.618000000000000000e+03,2.365951804677024484e-04
5.619000000000000000e+03,2.365570253459736705e-04
5.620000000000000000e+03,2.365367690799757838e-04
5.621000000000000000e+03,2.365134278079494834e-04
5.622000000000000000e+03,2.364912943448871374e-04
5.623000000000000000e+03,2.364541578572243452e-04
5.624000000000000000e+03,2.364025567658245564e-04
5.625000000000000000e+03,2.363689418416470289e-04
5.626000000000000000e+03,2.363161038374528289e-04
5.627000000000000000e+03,2.362869563512504101e-04
5.628000000000000000e+03,2.362551167607307434e-04
5.629000000000000000e+03,2.362243103561922908e-04
5.630000000000000000e+03,2.362015220569446683e-04
5.631000000000000000e+03,2.362144005019217730e-04
5.632000000000000000e+03,2.361903898417949677e-04
5.633000000000000000e+03,2.361734659643843770e-04
5.634000000000000000e+03,2.361459482926875353e-04
5.635000000000000000e+03,2.361259394092485309e-04
5.636000000000000000e+03,2.361078077228739858e-04
5.637000000000000000e+03,2.360774233238771558e-04
5.638000000000000000e+03,2.360450307605788112e-04
5.639000000000000000e+03,2.360164216952398419e-04
5.640000000000000000e+03,2.359779609832912683e-04
5.641000000000000000e+03,2.359381614951416850e-04
5.642000000000000000e+03,2.359062491450458765e-04
5.643000000000000000e+03,2.359376230742782354e-04
5.644000000000000000e+03,2.358903584536164999e-04
5.645000000000000000e+03,2.358709607506170869e-04
5.646000000000000000e+03,2.358341735089197755e-04
5.647000000000000000e+03,2.358060883125290275e-04
5.648000000000000000e+03,2.357793564442545176e-04
5.649000000000000000e+03,2.357576304348185658e-04
5.650000000000000000e+03,2.357385383220389485e-04
5.651000000000000000e+03,2.357231423957273364e-04
5.652000000000000000e+03,2.357053308514878154e-04
5.653000000000000000e+03,2.356816548854112625e-04
5.654000000000000000e+03,2.356546174269169569e-04
5.655000000000000000e+03,2.356230252189561725e-04
5.656000000000000000e+03,2.355801116209477186e-04
5.657000000000000000e+03,2.355209871893748641e-04
5.658000000000000000e+03,2.354974276386201382e-04
5.659000000000000000e+03,2.354361495235934854e-04
5.660000000000000000e+03,2.354176540393382311e-04
5.661000000000000000e+03,2.354035386815667152e-04
5.662000000000000000e+03,2.353862219024449587e-04
5.663000000000000000e+03,2.354824828216806054e-04
5.664000000000000000e+03,2.353798336116597056e-04
5.665000000000000000e+03,2.353587187826633453e-04
5.666000000000000000e+03,2.353265736019238830e-04
5.667000000000000000e+03,2.353039308218285441e-04
5.668000000000000000e+03,2.352856099605560303e-04
5.669000000000000000e+03,2.352563315071165562e-04
5.670000000000000000e+03,2.352497540414333344e-04
5.671000000000000000e+03,2.352307346882298589e-04
5.672000000000000000e+03,2.352159062866121531e-04
5.673000000000000000e+03,2.351948205614462495e-04
5.674000000000000000e+03,2.351754665141925216e-04
5.675000000000000000e+03,2.351687871851027012e-04
5.676000000000000000e+03,2.351269649807363749e-04
5.677000000000000000e+03,2.351187722524628043e-04
5.678000000000000000e+03,2.351246657781302929e-04
5.679000000000000000e+03,2.351013681618496776e-04
5.680000000000000000e+03,2.350853465031832457e-04
5.681000000000000000e+03,2.350528957322239876e-04
5.682000000000000000e+03,2.350071736145764589e-04
5.683000000000000000e+03,2.350367140024900436e-04
5.684000000000000000e+03,2.349888527533039451e-04
5.685000000000000000e+03,2.349739079363644123e-04
5.686000000000000000e+03,2.349519199924543500e-04
5.687000000000000000e+03,2.349260757910087705e-04
5.688000000000000000e+03,2.348934212932363153e-04
5.689000000000000000e+03,2.348701673327013850e-04
5.690000000000000000e+03,2.348455018363893032e-04
5.691000000000000000e+03,2.348231791984289885e-04
5.692000000000000000e+03,2.348066773265600204e-04
5.693000000000000000e+03,2.347513654967769980e-04
5.694000000000000000e+03,2.347146946704015136e-04
5.695000000000000000e+03,2.346651599509641528e-04
5.696000000000000000e+03,2.346130786463618279e-04
5.697000000000000000e+03,2.345536777283996344e-04
5.698000000000000000e+03,2.345051761949434876e-04
5.699000000000000000e+03,2.345738903386518359e-04
5.700000000000000000e+03,2.344814274692907929e-04
5.701000000000000000e+03,2.344502427149564028e-04
5.702000000000000000e+03,2.344202075619250536e-04
5.703000000000000000e+03,2.343935484532266855e-04
5.704000000000000000e+03,2.343685628147795796e-04
5.705000000000000000e+03,2.343272644793614745e-04
5.706000000000000000e+03,2.342928346479311585e-04
5.707000000000000000e+03,2.343405503779649734e-04
5.708000000000000000e+03,2.342837542528286576e-04
5.709000000000000000e+03,2.342657098779454827e-04
5.710000000000000000e+03,2.342321095056831837e-04
5.711000000000000000e+03,2.342071238672360778e-04
5.712000000000000000e+03,2.341688668821007013e-04
5.713000000000000000e+03,2.341441577300429344e-04
5.714000000000000000e+03,2.340940263820812106e-04
5.715000000000000000e+03,2.340968640055507421e-04
5.716000000000000000e+03,2.340663922950625420e-04
5.717000000000000000e+03,2.340413047932088375e-04
5.718000000000000000e+03,2.340896608075127006e-04
5.719000000000000000e+03,2.340205683140084147e-04
5.720000000000000000e+03,2.339989441679790616e-04
5.721000000000000000e+03,2.339756756555289030e-04
5.722000000000000000e+03,2.339405764359980822e-04
5.723000000000000000e+03,2.339056081837043166e-04
5.724000000000000000e+03,2.338549093110486865e-04
5.725000000000000000e+03,2.346568653592839837e-04
5.726000000000000000e+03,2.338448539376258850e-04
5.727000000000000000e+03,2.338196500204503536e-04
5.728000000000000000e+03,2.337862970307469368e-04
5.729000000000000000e+03,2.337335608899593353e-04
5.730000000000000000e+03,2.336990146432071924e-04
5.731000000000000000e+03,2.337207552045583725e-04
5.732000000000000000e+03,2.336743636988103390e-04
5.733000000000000000e+03,2.336540201213210821e-04
5.734000000000000000e+03,2.336406760150566697e-04
5.735000000000000000e+03,2.336270263185724616e-04
5.736000000000000000e+03,2.336068573640659451e-04
5.737000000000000000e+03,2.337628393433988094e-04
5.738000000000000000e+03,2.335980680072680116e-04
5.739000000000000000e+03,2.335703175049275160e-04
5.740000000000000000e+03,2.335314784431830049e-04
5.741000000000000000e+03,2.335099998163059354e-04
5.742000000000000000e+03,2.335515309823676944e-04
5.743000000000000000e+03,2.335032913833856583e-04
5.744000000000000000e+03,2.334864111617207527e-04
5.745000000000000000e+03,2.334557357244193554e-04
5.746000000000000000e+03,2.334334421902894974e-04
5.747000000000000000e+03,2.334002929273992777e-04
5.748000000000000000e+03,2.335903409402817488e-04
5.749000000000000000e+03,2.333860174985602498e-04
5.750000000000000000e+03,2.333624433958902955e-04
5.751000000000000000e+03,2.333437441848218441e-04
5.752000000000000000e+03,2.333281445316970348e-04
5.753000000000000000e+03,2.332787553314119577e-04
5.754000000000000000e+03,2.332359727006405592e-04
5.755000000000000000e+03,2.331790747120976448e-04
5.756000000000000000e+03,2.331517753191292286e-04
5.757000000000000000e+03,2.331076684640720487e-04
5.758000000000000000e+03,2.330640127183869481e-04
5.759000000000000000e+03,2.330176794202998281e-04
5.760000000000000000e+03,2.329941344214603305e-04
5.761000000000000000e+03,2.329704730072990060e-04
5.762000000000000000e+03,2.329566486878320575e-04
5.763000000000000000e+03,2.329393319087103009e-04
5.764000000000000000e+03,2.329234412172809243e-04
5.765000000000000000e+03,2.328681875951588154e-04
5.766000000000000000e+03,2.328299015061929822e-04
5.767000000000000000e+03,2.327891852473840117e-04
5.768000000000000000e+03,2.327719266759231687e-04
5.769000000000000000e+03,2.327768597751855850e-04
5.770000000000000000e+03,2.327578986296430230e-04
5.771000000000000000e+03,2.327328984392806888e-04
5.772000000000000000e+03,2.327040419913828373e-04
5.773000000000000000e+03,2.326653921045362949e-04
5.774000000000000000e+03,2.326157555216923356e-04
5.775000000000000000e+03,2.325802342966198921e-04
5.776000000000000000e+03,2.325491950614377856e-04
5.777000000000000000e+03,2.325255627511069179e-04
5.778000000000000000e+03,2.325002424186095595e-04
5.779000000000000000e+03,2.324796369066461921e-04
5.780000000000000000e+03,2.324591914657503366e-04
5.781000000000000000e+03,2.324413799215108156e-04
5.782000000000000000e+03,2.324233500985428691e-04
5.783000000000000000e+03,2.323968656128272414e-04
5.784000000000000000e+03,2.324383240193128586e-04
5.785000000000000000e+03,2.323840890312567353e-04
5.786000000000000000e+03,2.323587250430136919e-04
5.787000000000000000e+03,2.323315129615366459e-04
5.788000000000000000e+03,2.323114167666062713e-04
5.789000000000000000e+03,2.323672524653375149e-04
5.790000000000000000e+03,2.323008957318961620e-04
5.791000000000000000e+03,2.322787331650033593e-04
5.792000000000000000e+03,2.322512154933065176e-04
5.793000000000000000e+03,2.322233485756441951e-04
5.794000000000000000e+03,2.321999345440417528e-04
5.795000000000000000e+03,2.321588108316063881e-04
5.796000000000000000e+03,2.321208885405212641e-04
5.797000000000000000e+03,2.320727799087762833e-04
5.798000000000000000e+03,2.320287894690409303e-04
5.799000000000000000e+03,2.319847990293055773e-04
5.800000000000000000e+03,2.319429913768544793e-04
5.801000000000000000e+03,2.319209597771987319e-04
5.802000000000000000e+03,2.318871993338689208e-04
5.803000000000000000e+03,2.318551123607903719e-04
5.804000000000000000e+03,2.318320766789838672e-04
5.805000000000000000e+03,2.318051410838961601e-04
5.806000000000000000e+03,2.317782345926389098e-04
5.807000000000000000e+03,2.317509351996704936e-04
5.808000000000000000e+03,2.317172475159168243e-04
5.809000000000000000e+03,2.316780592082068324e-04
5.810000000000000000e+03,2.316544996574521065e-04
5.811000000000000000e+03,2.316137833986431360e-04
5.812000000000000000e+03,2.315647143404930830e-04
5.813000000000000000e+03,2.315291349077597260e-04
5.814000000000000000e+03,2.315504971193149686e-04
5.815000000000000000e+03,2.315218007424846292e-04
5.816000000000000000e+03,2.315104502486065030e-04
5.817000000000000000e+03,2.314868470421060920e-04
5.818000000000000000e+03,2.314677694812417030e-04
5.819000000000000000e+03,2.314374432899057865e-04
5.820000000000000000e+03,2.314006123924627900e-04
5.821000000000000000e+03,2.314327284693717957e-04
5.822000000000000000e+03,2.313810546183958650e-04
5.823000000000000000e+03,2.313539444003254175e-04
5.824000000000000000e+03,2.313285367563366890e-04
5.825000000000000000e+03,2.313333534402772784e-04
5.826000000000000000e+03,2.313092409167438745e-04
5.827000000000000000e+03,2.312766591785475612e-04
5.828000000000000000e+03,2.312458527740091085e-04
5.829000000000000000e+03,2.312244469067081809e-04
5.830000000000000000e+03,2.311875286977738142e-04
5.831000000000000000e+03,2.311535354238003492e-04
5.832000000000000000e+03,2.311318676220253110e-04
5.833000000000000000e+03,2.310836134711280465e-04
5.834000000000000000e+03,2.310491108801215887e-04
5.835000000000000000e+03,2.310135896550491452e-04
5.836000000000000000e+03,2.309844421688467264e-04
5.837000000000000000e+03,2.309633273398503661e-04
5.838000000000000000e+03,2.309349074494093657e-04
5.839000000000000000e+03,2.309029805473983288e-04
5.840000000000000000e+03,2.308657130924984813e-04
5.841000000000000000e+03,2.308648108737543225e-04
5.842000000000000000e+03,2.308419643668457866e-04
5.843000000000000000e+03,2.308046823600307107e-04
5.844000000000000000e+03,2.307719259988516569e-04
5.845000000000000000e+03,2.307419490534812212e-04
5.846000000000000000e+03,2.307052200194448233e-04
5.847000000000000000e+03,2.306756505277007818e-04
5.848000000000000000e+03,2.306283422512933612e-04
5.849000000000000000e+03,2.305591769982129335e-04
5.850000000000000000e+03,2.305238303961232305e-04
5.851000000000000000e+03,2.304925001226365566e-04
5.852000000000000000e+03,2.304591180291026831e-04
5.853000000000000000e+03,2.304242079844698310e-04
5.854000000000000000e+03,2.303855872014537454e-04
5.855000000000000000e+03,2.303818473592400551e-04
5.856000000000000000e+03,2.303615037817507982e-04
5.857000000000000000e+03,2.303443179698660970e-04
5.858000000000000000e+03,2.303152141394093633e-04
5.859000000000000000e+03,2.302869543200358748e-04
5.860000000000000000e+03,2.302577777300029993e-04
5.861000000000000000e+03,2.302181674167513847e-04
5.862000000000000000e+03,2.301806962350383401e-04
5.863000000000000000e+03,2.301386848557740450e-04
5.864000000000000000e+03,2.300852065673097968e-04
5.865000000000000000e+03,2.300513297086581588e-04
5.866000000000000000e+03,2.300281339557841420e-04
5.867000000000000000e+03,2.299937768839299679e-04
5.868000000000000000e+03,2.299369807587936521e-04
5.869000000000000000e+03,2.298821200383827090e-04
5.870000000000000000e+03,2.298531471751630306e-04
5.871000000000000000e+03,2.298046165378764272e-04
5.872000000000000000e+03,2.297952887602150440e-04
5.873000000000000000e+03,2.297990286024287343e-04
5.874000000000000000e+03,2.297804603585973382e-04
5.875000000000000000e+03,2.297428873134776950e-04
5.876000000000000000e+03,2.296906168339774013e-04
5.877000000000000000e+03,2.296395250596106052e-04
5.878000000000000000e+03,2.296016173204407096e-04
5.879000000000000000e+03,2.295559388585388660e-04
5.880000000000000000e+03,2.295393496751785278e-04
5.881000000000000000e+03,2.295171725563704967e-04
5.882000000000000000e+03,2.295025769853964448e-04
5.883000000000000000e+03,2.294888981850817800e-04
5.884000000000000000e+03,2.294614387210458517e-04
5.885000000000000000e+03,2.294167934451252222e-04
5.886000000000000000e+03,2.294865553267300129e-04
5.887000000000000000e+03,2.293716388521715999e-04
5.888000000000000000e+03,2.293192810611799359e-04
5.889000000000000000e+03,2.292573481099680066e-04
5.890000000000000000e+03,2.292092831339687109e-04
5.891000000000000000e+03,2.291529672220349312e-04
5.892000000000000000e+03,2.291140117449685931e-04
5.893000000000000000e+03,2.290834381710737944e-04
5.894000000000000000e+03,2.290484699187800288e-04
5.895000000000000000e+03,2.294453879585489631e-04
5.896000000000000000e+03,2.290369011461734772e-04
5.897000000000000000e+03,2.290025295224040747e-04
5.898000000000000000e+03,2.289834956172853708e-04
5.899000000000000000e+03,2.289716940140351653e-04
5.900000000000000000e+03,2.289550320710986853e-04
5.901000000000000000e+03,2.289283002028241754e-04
5.902000000000000000e+03,2.289072726853191853e-04
5.903000000000000000e+03,2.288671967107802629e-04
5.904000000000000000e+03,2.288262912770733237e-04
5.905000000000000000e+03,2.287787501700222492e-04
5.906000000000000000e+03,2.287668903591111302e-04
5.907000000000000000e+03,2.287250972585752606e-04
5.908000000000000000e+03,2.286945818923413754e-04
5.909000000000000000e+03,2.286517119500786066e-04
5.910000000000000000e+03,2.286243397975340486e-04
5.911000000000000000e+03,2.285820519318804145e-04
5.912000000000000000e+03,2.285600494360551238e-04
5.913000000000000000e+03,2.285333903273567557e-04
5.914000000000000000e+03,2.284958900418132544e-04
5.915000000000000000e+03,2.285176451550796628e-04
5.916000000000000000e+03,2.284834918100386858e-04
5.917000000000000000e+03,2.284653601236641407e-04
5.918000000000000000e+03,2.284408983541652560e-04
5.919000000000000000e+03,2.284188813064247370e-04
5.920000000000000000e+03,2.283736685058102012e-04
5.921000000000000000e+03,2.283226203871890903e-04
5.922000000000000000e+03,2.282793720951303840e-04
5.923000000000000000e+03,2.282393979839980602e-04
5.924000000000000000e+03,2.282230852870270610e-04
5.925000000000000000e+03,2.282087807543575764e-04
5.926000000000000000e+03,2.282401546835899353e-04
5.927000000000000000e+03,2.281920606037601829e-04
5.928000000000000000e+03,2.281638880958780646e-04
5.929000000000000000e+03,2.281478809891268611e-04
5.930000000000000000e+03,2.281249326188117266e-04
5.931000000000000000e+03,2.280912449350580573e-04
5.932000000000000000e+03,2.280765038449317217e-04
5.933000000000000000e+03,2.280529006384313107e-04
5.934000000000000000e+03,2.280260086990892887e-04
5.935000000000000000e+03,2.280070766573771834e-04
5.936000000000000000e+03,2.279820473631843925e-04
5.937000000000000000e+03,2.279700711369514465e-04
5.938000000000000000e+03,2.279531472595408559e-04
5.939000000000000000e+03,2.282580680912360549e-04
5.940000000000000000e+03,2.279413747601211071e-04
5.941000000000000000e+03,2.279188192915171385e-04
5.942000000000000000e+03,2.278981992276385427e-04
5.943000000000000000e+03,2.278711617691442370e-04
5.944000000000000000e+03,2.278561150887981057e-04
5.945000000000000000e+03,2.278314059367403388e-04
5.946000000000000000e+03,2.278018946526572108e-04
5.947000000000000000e+03,2.277760941069573164e-04
5.948000000000000000e+03,2.277519233757629991e-04
5.949000000000000000e+03,2.277234743814915419e-04
5.950000000000000000e+03,2.276962331961840391e-04
5.951000000000000000e+03,2.276881277794018388e-04
5.952000000000000000e+03,2.276760060340166092e-04
5.953000000000000000e+03,2.276674204040318727e-04
5.954000000000000000e+03,2.276580780744552612e-04
5.955000000000000000e+03,2.276466402690857649e-04
5.956000000000000000e+03,2.278134779771789908e-04
5.957000000000000000e+03,2.276396699016913772e-04
5.958000000000000000e+03,2.276088198414072394e-04
5.959000000000000000e+03,2.275789447594434023e-04
5.960000000000000000e+03,2.275544684380292892e-04
5.961000000000000000e+03,2.275260194437578321e-04
5.962000000000000000e+03,2.274824073538184166e-04
5.963000000000000000e+03,2.274366852361708879e-04
5.964000000000000000e+03,2.274050057167187333e-04
5.965000000000000000e+03,2.273706631967797875e-04
5.966000000000000000e+03,2.274417347507551312e-04
5.967000000000000000e+03,2.273562713526189327e-04
5.968000000000000000e+03,2.273425634484738111e-04
5.969000000000000000e+03,2.273148129461333156e-04
5.970000000000000000e+03,2.272959536639973521e-04
5.971000000000000000e+03,2.272619021823629737e-04
5.972000000000000000e+03,2.273982972837984562e-04
5.973000000000000000e+03,2.272545389132574201e-04
5.974000000000000000e+03,2.272345591336488724e-04
5.975000000000000000e+03,2.272116689709946513e-04
5.976000000000000000e+03,2.271868725074455142e-04
5.977000000000000000e+03,2.271269331686198711e-04
5.978000000000000000e+03,2.270908298669382930e-04
5.979000000000000000e+03,2.273126156069338322e-04
5.980000000000000000e+03,2.270812547067180276e-04
5.981000000000000000e+03,2.270529948873445392e-04
5.982000000000000000e+03,2.270168333780020475e-04
5.983000000000000000e+03,2.270002296427264810e-04
5.984000000000000000e+03,2.269987890031188726e-04
5.985000000000000000e+03,2.269710239488631487e-04
5.986000000000000000e+03,2.269497927045449615e-04
5.987000000000000000e+03,2.269279502797871828e-04
5.988000000000000000e+03,2.268997632199898362e-04
5.989000000000000000e+03,2.268532261950895190e-04
5.990000000000000000e+03,2.268204261781647801e-04
5.991000000000000000e+03,2.267881936859339476e-04
5.992000000000000000e+03,2.268678945256397128e-04
5.993000000000000000e+03,2.267812233185395598e-04
5.994000000000000000e+03,2.267685486003756523e-04
5.995000000000000000e+03,2.267507807118818164e-04
5.996000000000000000e+03,2.267253585159778595e-04
5.997000000000000000e+03,2.266672381665557623e-04
5.998000000000000000e+03,2.266416558995842934e-04
5.999000000000000000e+03,2.266050869366154075e-04
6.000000000000000000e+03,2.265830989927053452e-04
6.001000000000000000e+03,2.265645453007891774e-04
6.002000000000000000e+03,2.265144285047426820e-04
6.003000000000000000e+03,2.265100192744284868e-04
6.004000000000000000e+03,2.264807699248194695e-04
6.005000000000000000e+03,2.264388313051313162e-04
6.006000000000000000e+03,2.264140057377517223e-04
6.007000000000000000e+03,2.263710193801671267e-04
6.008000000000000000e+03,2.263591304654255509e-04
6.009000000000000000e+03,2.263163041789084673e-04
6.010000000000000000e+03,2.263025089632719755e-04
6.011000000000000000e+03,2.262889320263639092e-04
6.012000000000000000e+03,2.262681955471634865e-04
6.013000000000000000e+03,2.262722991872578859e-04
6.014000000000000000e+03,2.262464986415579915e-04
6.015000000000000000e+03,2.262224879814311862e-04
6.016000000000000000e+03,2.261996560264378786e-04
6.017000000000000000e+03,2.261824556626379490e-04
6.018000000000000000e+03,2.261583285871893167e-04
6.019000000000000000e+03,2.261450281366705894e-04
6.020000000000000000e+03,2.261144109070301056e-04
6.021000000000000000e+03,2.260993933305144310e-04
6.022000000000000000e+03,2.260822366224601865e-04
6.023000000000000000e+03,2.260560577269643545e-04
6.024000000000000000e+03,2.260922483401373029e-04
6.025000000000000000e+03,2.260464971186593175e-04
6.026000000000000000e+03,2.260276378365233541e-04
6.027000000000000000e+03,2.259953471366316080e-04
6.028000000000000000e+03,2.259756583953276277e-04
6.029000000000000000e+03,2.259602479171007872e-04
6.030000000000000000e+03,2.259396133013069630e-04
6.031000000000000000e+03,2.259251050418242812e-04
6.032000000000000000e+03,2.259157627122476697e-04
6.033000000000000000e+03,2.258909225929528475e-04
6.034000000000000000e+03,2.258434251416474581e-04
6.035000000000000000e+03,2.258090535178780556e-04
6.036000000000000000e+03,2.257821615785360336e-04
6.037000000000000000e+03,2.257526648463681340e-04
6.038000000000000000e+03,2.257447195006534457e-04
6.039000000000000000e+03,2.257068408653140068e-04
6.040000000000000000e+03,2.256895095342770219e-04
6.041000000000000000e+03,2.256670268252491951e-04
6.042000000000000000e+03,2.283719513798132539e-04
6.043000000000000000e+03,2.256636071251705289e-04
6.044000000000000000e+03,2.256479929201304913e-04
6.045000000000000000e+03,2.256228617625311017e-04
6.046000000000000000e+03,2.255970757687464356e-04
6.047000000000000000e+03,2.255639847135171294e-04
6.048000000000000000e+03,2.256273292005062103e-04
6.049000000000000000e+03,2.255603321827948093e-04
6.050000000000000000e+03,2.255458821309730411e-04
6.051000000000000000e+03,2.255275758216157556e-04
6.052000000000000000e+03,2.255101135233417153e-04
6.053000000000000000e+03,2.254811697639524937e-04
6.054000000000000000e+03,2.254503488074988127e-04
6.055000000000000000e+03,2.254256251035258174e-04
6.056000000000000000e+03,2.254147111671045423e-04
6.057000000000000000e+03,2.253905840916559100e-04
6.058000000000000000e+03,2.253702696179971099e-04
6.059000000000000000e+03,2.253488055430352688e-04
6.060000000000000000e+03,2.253235870739445090e-04
6.061000000000000000e+03,2.253030834253877401e-04
6.062000000000000000e+03,2.252759441034868360e-04
6.063000000000000000e+03,2.252412086818367243e-04
6.064000000000000000e+03,2.252579142805188894e-04
6.065000000000000000e+03,2.252299309475347400e-04
6.066000000000000000e+03,2.252154372399672866e-04
6.067000000000000000e+03,2.252028643852099776e-04
6.068000000000000000e+03,2.251944097224622965e-04
6.069000000000000000e+03,2.251678670290857553e-04
6.070000000000000000e+03,2.251985133625566959e-04
6.071000000000000000e+03,2.251524856546893716e-04
6.072000000000000000e+03,2.251303230877965689e-04
6.073000000000000000e+03,2.251050027552992105e-04
6.074000000000000000e+03,2.250865218229591846e-04
6.075000000000000000e+03,2.250636171083897352e-04
6.076000000000000000e+03,2.250694087706506252e-04
6.077000000000000000e+03,2.250297256978228688e-04
6.078000000000000000e+03,2.250129764433950186e-04
6.079000000000000000e+03,2.249878598377108574e-04
6.080000000000000000e+03,2.249698591185733676e-04
6.081000000000000000e+03,2.249478275189176202e-04
6.082000000000000000e+03,2.249430108349770308e-04
6.083000000000000000e+03,2.249210810987278819e-04
6.084000000000000000e+03,2.249133540317416191e-04
6.085000000000000000e+03,2.249009849037975073e-04
6.086000000000000000e+03,2.248893724754452705e-04
6.087000000000000000e+03,2.249715762445703149e-04
6.088000000000000000e+03,2.248820965178310871e-04
6.089000000000000000e+03,2.248684468213468790e-04
6.090000000000000000e+03,2.248579985462129116e-04
6.091000000000000000e+03,2.248418313683941960e-04
6.092000000000000000e+03,2.248259552288800478e-04
6.093000000000000000e+03,2.247909724246710539e-04
6.094000000000000000e+03,2.247705415356904268e-04
6.095000000000000000e+03,2.247384982183575630e-04
6.096000000000000000e+03,2.247158117825165391e-04
6.097000000000000000e+03,2.247281518066301942e-04
6.098000000000000000e+03,2.246878575533628464e-04
6.099000000000000000e+03,2.246564399683848023e-04
6.100000000000000000e+03,2.246449876111000776e-04
6.101000000000000000e+03,2.246146032121032476e-04
6.102000000000000000e+03,2.246000804007053375e-04
6.103000000000000000e+03,2.245820942334830761e-04
6.104000000000000000e+03,2.245765208499506116e-04
6.105000000000000000e+03,2.246445656055584550e-04
6.106000000000000000e+03,2.245666546514257789e-04
6.107000000000000000e+03,2.245451905764639378e-04
6.108000000000000000e+03,2.245192008558660746e-04
6.109000000000000000e+03,2.245036157546564937e-04
6.110000000000000000e+03,2.244757197331637144e-04
6.111000000000000000e+03,2.244245551992207766e-04
6.112000000000000000e+03,2.243896742584183812e-04
6.113000000000000000e+03,2.243605849798768759e-04
6.114000000000000000e+03,2.243388153146952391e-04
6.115000000000000000e+03,2.243087801616638899e-04
6.116000000000000000e+03,2.242331538582220674e-04
6.117000000000000000e+03,2.241918118670582771e-04
6.118000000000000000e+03,2.241543261334300041e-04
6.119000000000000000e+03,2.242914197267964482e-04
6.120000000000000000e+03,2.241100737592205405e-04
6.121000000000000000e+03,2.240329777123406529e-04
6.122000000000000000e+03,2.240069879917427897e-04
6.123000000000000000e+03,2.239866735180839896e-04
6.124000000000000000e+03,2.239678142359480262e-04
6.125000000000000000e+03,2.240679314127191901e-04
6.126000000000000000e+03,2.239578316221013665e-04
6.127000000000000000e+03,2.239402820123359561e-04
6.128000000000000000e+03,2.239225577795878053e-04
6.129000000000000000e+03,2.239053719677031040e-04
6.130000000000000000e+03,2.238961751572787762e-04
6.131000000000000000e+03,2.238872548332437873e-04
6.132000000000000000e+03,2.238599263364449143e-04
6.133000000000000000e+03,2.238369197584688663e-04
6.134000000000000000e+03,2.238097222289070487e-04
6.135000000000000000e+03,2.237502631032839417e-04
6.136000000000000000e+03,2.243700000690296292e-04
6.137000000000000000e+03,2.237185690319165587e-04
6.138000000000000000e+03,2.236781147075816989e-04
6.139000000000000000e+03,2.236100262962281704e-04
6.140000000000000000e+03,2.235739666502922773e-04
6.141000000000000000e+03,2.235197316622361541e-04
6.142000000000000000e+03,2.234920975752174854e-04
6.143000000000000000e+03,2.234558778582140803e-04
6.144000000000000000e+03,2.234256680821999907e-04
6.145000000000000000e+03,2.234072162536904216e-04
6.146000000000000000e+03,2.233882260043174028e-04
6.147000000000000000e+03,2.233664999948814511e-04
6.148000000000000000e+03,2.233431296190246940e-04
6.149000000000000000e+03,2.233177219750359654e-04
6.150000000000000000e+03,2.232855622423812747e-04
6.151000000000000000e+03,2.232346305390819907e-04
6.152000000000000000e+03,2.232177212135866284e-04
6.153000000000000000e+03,2.232020342489704490e-04
6.154000000000000000e+03,2.231743565062060952e-04
6.155000000000000000e+03,2.231371472589671612e-04
6.156000000000000000e+03,2.231186808785423636e-04
6.157000000000000000e+03,2.230453974334523082e-04
6.158000000000000000e+03,2.230339014204218984e-04
6.159000000000000000e+03,2.230155660072341561e-04
6.160000000000000000e+03,2.230064128525555134e-04
6.161000000000000000e+03,2.229821257060393691e-04
6.162000000000000000e+03,2.229649835499003530e-04
6.163000000000000000e+03,2.229378151241689920e-04
6.164000000000000000e+03,2.229014935437589884e-04
6.165000000000000000e+03,2.228653465863317251e-04
6.166000000000000000e+03,2.231882099295035005e-04
6.167000000000000000e+03,2.228493685834109783e-04
6.168000000000000000e+03,2.228136290796101093e-04
6.169000000000000000e+03,2.227589575340971351e-04
6.170000000000000000e+03,2.227311633760109544e-04
6.171000000000000000e+03,2.226890501333400607e-04
6.172000000000000000e+03,2.226543729193508625e-04
6.173000000000000000e+03,2.226468786830082536e-04
6.174000000000000000e+03,2.226076176157221198e-04
6.175000000000000000e+03,2.225963107775896788e-04
6.176000000000000000e+03,2.225860080216079950e-04
6.177000000000000000e+03,2.225770003860816360e-04
6.178000000000000000e+03,2.225461939815431833e-04
6.179000000000000000e+03,2.225141943199560046e-04
6.180000000000000000e+03,2.224876661784946918e-04
6.181000000000000000e+03,2.224550553364679217e-04
6.182000000000000000e+03,2.224374475190415978e-04
6.183000000000000000e+03,2.224074851255863905e-04
6.184000000000000000e+03,2.223867195425555110e-04
6.185000000000000000e+03,2.223659976152703166e-04
6.186000000000000000e+03,2.223556948592886329e-04
6.187000000000000000e+03,2.223311603302136064e-04
6.188000000000000000e+03,2.223077317466959357e-04
6.189000000000000000e+03,2.222862531198188663e-04
6.190000000000000000e+03,2.222731127403676510e-04
6.191000000000000000e+03,2.222362963948398829e-04
6.192000000000000000e+03,2.222180337412282825e-04
6.193000000000000000e+03,2.222034963779151440e-04
6.194000000000000000e+03,2.222009352408349514e-04
6.195000000000000000e+03,2.221837930846959352e-04
6.196000000000000000e+03,2.221767354058101773e-04
6.197000000000000000e+03,2.221639151684939861e-04
6.198000000000000000e+03,2.221391187049448490e-04
6.199000000000000000e+03,2.221087925136089325e-04
6.200000000000000000e+03,2.220770402345806360e-04
6.201000000000000000e+03,2.220550522906705737e-04
6.202000000000000000e+03,2.220298774773254991e-04
6.203000000000000000e+03,2.220023452537134290e-04
6.204000000000000000e+03,2.219611196778714657e-04
6.205000000000000000e+03,2.219424786744639277e-04
6.206000000000000000e+03,2.218961308244615793e-04
6.207000000000000000e+03,2.218538720626384020e-04
6.208000000000000000e+03,2.218649897258728743e-04
6.209000000000000000e+03,2.218255103798583150e-04
6.210000000000000000e+03,2.218025474576279521e-04
6.211000000000000000e+03,2.217854780610650778e-04
6.212000000000000000e+03,2.217794826719909906e-04
6.213000000000000000e+03,2.217686123913154006e-04
6.214000000000000000e+03,2.217459696112200618e-04
6.215000000000000000e+03,2.216881694039329886e-04
6.216000000000000000e+03,2.216507709817960858e-04
6.217000000000000000e+03,2.216145949205383658e-04
6.218000000000000000e+03,2.215817949036136270e-04
6.219000000000000000e+03,2.215592103311792016e-04
6.220000000000000000e+03,2.215262938989326358e-04
6.221000000000000000e+03,2.214766573160886765e-04
6.222000000000000000e+03,2.214454434579238296e-04
6.223000000000000000e+03,2.214309497503563762e-04
6.224000000000000000e+03,2.214020787505432963e-04
6.225000000000000000e+03,2.213778498116880655e-04
6.226000000000000000e+03,2.213559200754389167e-04
6.227000000000000000e+03,2.213398984167724848e-04
6.228000000000000000e+03,2.213213010691106319e-04
6.229000000000000000e+03,2.213020343333482742e-04
6.230000000000000000e+03,2.212763356510549784e-04
6.231000000000000000e+03,2.213290281360968947e-04
6.232000000000000000e+03,2.212691615568473935e-04
6.233000000000000000e+03,2.212550607509911060e-04
6.234000000000000000e+03,2.212389954365789890e-04
6.235000000000000000e+03,2.212234539911150932e-04
6.236000000000000000e+03,2.212180406786501408e-04
6.237000000000000000e+03,2.212035178672522306e-04
6.238000000000000000e+03,2.211822720710188150e-04
6.239000000000000000e+03,2.211749524576589465e-04
6.240000000000000000e+03,2.211614191764965653e-04
6.241000000000000000e+03,2.211472747148945928e-04
6.242000000000000000e+03,2.211253595305606723e-04
6.243000000000000000e+03,2.211137471022084355e-04
6.244000000000000000e+03,2.210996608482673764e-04
6.245000000000000000e+03,2.210898092016577721e-04
6.246000000000000000e+03,2.210630482295528054e-04
6.247000000000000000e+03,2.210340462625026703e-04
6.248000000000000000e+03,2.210136444773525000e-04
6.249000000000000000e+03,2.210303355241194367e-04
6.250000000000000000e+03,2.210023812949657440e-04
6.251000000000000000e+03,2.209875092376023531e-04
6.252000000000000000e+03,2.209652011515572667e-04
6.253000000000000000e+03,2.209497470175847411e-04
6.254000000000000000e+03,2.209254744229838252e-04
6.255000000000000000e+03,2.209268859587609768e-04
6.256000000000000000e+03,2.209170343121513724e-04
6.257000000000000000e+03,2.209002705058082938e-04
6.258000000000000000e+03,2.208793448517099023e-04
6.259000000000000000e+03,2.208501391578465700e-04
6.260000000000000000e+03,2.208232472185045481e-04
6.261000000000000000e+03,2.208091318607330322e-04
6.262000000000000000e+03,2.207795914728194475e-04
6.263000000000000000e+03,2.207614452345296741e-04
6.264000000000000000e+03,2.207452052971348166e-04
6.265000000000000000e+03,2.207437064498662949e-04
6.266000000000000000e+03,2.207369834650307894e-04
6.267000000000000000e+03,2.207244688179343939e-04
6.268000000000000000e+03,2.207102515967562795e-04
6.269000000000000000e+03,2.207008801633492112e-04
6.270000000000000000e+03,2.206623612437397242e-04
6.271000000000000000e+03,2.206255012424662709e-04
6.272000000000000000e+03,2.205980126745998859e-04
6.273000000000000000e+03,2.205750643042847514e-04
6.274000000000000000e+03,2.205399941885843873e-04
6.275000000000000000e+03,2.205116325058043003e-04
6.276000000000000000e+03,2.204825432272627950e-04
6.277000000000000000e+03,2.204585616709664464e-04
6.278000000000000000e+03,2.204310876550152898e-04
6.279000000000000000e+03,2.203963813371956348e-04
6.280000000000000000e+03,2.203650219598785043e-04
6.281000000000000000e+03,2.203486510552465916e-04
6.282000000000000000e+03,2.203128387918695807e-04
6.283000000000000000e+03,2.202739415224641562e-04
6.284000000000000000e+03,2.202374453190714121e-04
6.285000000000000000e+03,2.202067116741091013e-04
6.286000000000000000e+03,2.201834868174046278e-04
6.287000000000000000e+03,2.201719471486285329e-04
6.288000000000000000e+03,2.201561437686905265e-04
6.289000000000000000e+03,2.201380702899768949e-04
6.290000000000000000e+03,2.206615026807412505e-04
6.291000000000000000e+03,2.201337774749845266e-04
6.292000000000000000e+03,2.201165189035236835e-04
6.293000000000000000e+03,2.200996095780283213e-04
6.294000000000000000e+03,2.200888411607593298e-04
6.295000000000000000e+03,2.204261254519224167e-04
6.296000000000000000e+03,2.200846647610887885e-04
6.297000000000000000e+03,2.200648741563782096e-04
6.298000000000000000e+03,2.200476592406630516e-04
6.299000000000000000e+03,2.200292074121534824e-04
6.300000000000000000e+03,2.200125745730474591e-04
6.301000000000000000e+03,2.199982118327170610e-04
6.302000000000000000e+03,2.199639129685238004e-04
6.303000000000000000e+03,2.199424488935619593e-04
6.304000000000000000e+03,2.199142181780189276e-04
6.305000000000000000e+03,2.198760048486292362e-04
6.306000000000000000e+03,2.199457230744883418e-04
6.307000000000000000e+03,2.198617730755358934e-04
6.308000000000000000e+03,2.198311267420649529e-04
6.309000000000000000e+03,2.198152360506355762e-04
6.310000000000000000e+03,2.197947760578244925e-04
6.311000000000000000e+03,2.197552239522337914e-04
6.312000000000000000e+03,2.197221328970044851e-04
6.313000000000000000e+03,2.196830755565315485e-04
6.314000000000000000e+03,2.196239947807043791e-04
6.315000000000000000e+03,2.195709676016122103e-04
6.316000000000000000e+03,2.195380657212808728e-04
6.317000000000000000e+03,2.195042616222053766e-04
6.318000000000000000e+03,2.194353146478533745e-04
6.319000000000000000e+03,2.193907712353393435e-04
6.320000000000000000e+03,2.193353429902344942e-04
6.321000000000000000e+03,2.192954561905935407e-04
6.322000000000000000e+03,2.192569663748145103e-04
6.323000000000000000e+03,2.192178217228502035e-04
6.324000000000000000e+03,2.191800158470869064e-04
6.325000000000000000e+03,2.191461971960961819e-04
6.326000000000000000e+03,2.190925588365644217e-04
6.327000000000000000e+03,2.190418308600783348e-04
6.328000000000000000e+03,2.189952792832627892e-04
6.329000000000000000e+03,2.189519873354583979e-04
6.330000000000000000e+03,2.189137449022382498e-04
6.331000000000000000e+03,2.188779326388612390e-04
6.332000000000000000e+03,2.188507496612146497e-04
6.333000000000000000e+03,2.188068319810554385e-04
6.334000000000000000e+03,2.189924271078780293e-04
6.335000000000000000e+03,2.187978097936138511e-04
6.336000000000000000e+03,2.187743957620114088e-04
6.337000000000000000e+03,2.187451318604871631e-04
6.338000000000000000e+03,2.187274512834846973e-04
6.339000000000000000e+03,2.186771453125402331e-04
6.340000000000000000e+03,2.186475467169657350e-04
6.341000000000000000e+03,2.186025085393339396e-04
6.342000000000000000e+03,2.185839402955025434e-04
6.343000000000000000e+03,2.185620978707447648e-04
6.344000000000000000e+03,2.185462944908067584e-04
6.345000000000000000e+03,2.185447228839620948e-04
6.346000000000000000e+03,2.185108605772256851e-04
6.347000000000000000e+03,2.184928453061729670e-04
6.348000000000000000e+03,2.184770128224045038e-04
6.349000000000000000e+03,2.185022312914952636e-04
6.350000000000000000e+03,2.184699551435187459e-04
6.351000000000000000e+03,2.184523764299228787e-04
6.352000000000000000e+03,2.184247423429042101e-04
6.353000000000000000e+03,2.184065378969535232e-04
6.354000000000000000e+03,2.183668111683800817e-04
6.355000000000000000e+03,2.183719625463709235e-04
6.356000000000000000e+03,2.183402102673426270e-04
6.357000000000000000e+03,2.183195610996335745e-04
6.358000000000000000e+03,2.182921452913433313e-04
6.359000000000000000e+03,2.182672760682180524e-04
6.360000000000000000e+03,2.182502212235704064e-04
6.361000000000000000e+03,2.182178432121872902e-04
6.362000000000000000e+03,2.181920717703178525e-04
6.363000000000000000e+03,2.181545278290286660e-04
6.364000000000000000e+03,2.181280142394825816e-04
6.365000000000000000e+03,2.180830924771726131e-04
6.366000000000000000e+03,2.180331939598545432e-04
6.367000000000000000e+03,2.179534931201487780e-04
6.368000000000000000e+03,2.187597710872069001e-04
6.369000000000000000e+03,2.179217844968661666e-04
6.370000000000000000e+03,2.178630529670044780e-04
6.371000000000000000e+03,2.178167342208325863e-04
6.372000000000000000e+03,2.177686692448332906e-04
6.373000000000000000e+03,2.177311398554593325e-04
6.374000000000000000e+03,2.177001733798533678e-04
6.375000000000000000e+03,2.176781126763671637e-04
6.376000000000000000e+03,2.176644338760524988e-04
6.377000000000000000e+03,2.176338166464120150e-04
6.378000000000000000e+03,2.179472503485158086e-04
6.379000000000000000e+03,2.176217385567724705e-04
6.380000000000000000e+03,2.175971021642908454e-04
6.381000000000000000e+03,2.175223344238474965e-04
6.382000000000000000e+03,2.174628316424787045e-04
6.383000000000000000e+03,2.174171968363225460e-04
6.384000000000000000e+03,2.173203538404777646e-04
6.385000000000000000e+03,2.172639360651373863e-04
6.386000000000000000e+03,2.172128733946010470e-04
6.387000000000000000e+03,2.172560634789988399e-04
6.388000000000000000e+03,2.171919768443331122e-04
6.389000000000000000e+03,2.171689993701875210e-04
6.390000000000000000e+03,2.171324013033881783e-04
6.391000000000000000e+03,2.170912775909528136e-04
6.392000000000000000e+03,2.170910302083939314e-04
6.393000000000000000e+03,2.170757798012346029e-04
6.394000000000000000e+03,2.170382940676063299e-04
6.395000000000000000e+03,2.169921936001628637e-04
6.396000000000000000e+03,2.169705840060487390e-04
6.397000000000000000e+03,2.169417857658118010e-04
6.398000000000000000e+03,2.168724604416638613e-04
6.399000000000000000e+03,2.168108039768412709e-04
6.400000000000000000e+03,2.167394122807309031e-04
6.401000000000000000e+03,2.167840284528210759e-04
6.402000000000000000e+03,2.167198108509182930e-04
6.403000000000000000e+03,2.166773629141971469e-04
6.404000000000000000e+03,2.166540652979165316e-04
6.405000000000000000e+03,2.166402846341952682e-04
6.406000000000000000e+03,2.166375634260475636e-04
6.407000000000000000e+03,2.166070189559832215e-04
6.408000000000000000e+03,2.165915211662650108e-04
6.409000000000000000e+03,2.165700861951336265e-04
6.410000000000000000e+03,2.165480109397321939e-04
6.411000000000000000e+03,2.168965584132820368e-04
6.412000000000000000e+03,2.165387559216469526e-04
6.413000000000000000e+03,2.165204932680353522e-04
6.414000000000000000e+03,2.164981851819902658e-04
6.415000000000000000e+03,2.164650650229305029e-04
6.416000000000000000e+03,2.164743636967614293e-04
6.417000000000000000e+03,2.164476609323173761e-04
6.418000000000000000e+03,2.164206962333992124e-04
6.419000000000000000e+03,2.163948520319536328e-04
6.420000000000000000e+03,2.163736353395506740e-04
6.421000000000000000e+03,2.163481403840705752e-04
6.422000000000000000e+03,2.163199969800189137e-04
6.423000000000000000e+03,2.162892342312261462e-04
6.424000000000000000e+03,2.162573073292151093e-04
6.425000000000000000e+03,2.162369491998106241e-04
6.426000000000000000e+03,2.162137243431061506e-04
6.427000000000000000e+03,2.161802840419113636e-04
6.428000000000000000e+03,2.162037417292594910e-04
6.429000000000000000e+03,2.161388838430866599e-04
6.430000000000000000e+03,2.160880103474482894e-04
6.431000000000000000e+03,2.160417498089373112e-04
6.432000000000000000e+03,2.160037111025303602e-04
6.433000000000000000e+03,2.159499126719310880e-04
6.434000000000000000e+03,2.159747382393106818e-04
6.435000000000000000e+03,2.159356081392616034e-04
6.436000000000000000e+03,2.159164869226515293e-04
6.437000000000000000e+03,2.159003779524937272e-04
6.438000000000000000e+03,2.158677089028060436e-04
6.439000000000000000e+03,2.158192801289260387e-04
6.440000000000000000e+03,2.157844573957845569e-04
6.441000000000000000e+03,2.157892740797251463e-04
6.442000000000000000e+03,2.157711569452658296e-04
6.443000000000000000e+03,2.157525304937735200e-04
6.444000000000000000e+03,2.157213748432695866e-04
6.445000000000000000e+03,2.156861737603321671e-04
6.446000000000000000e+03,2.156515547540038824e-04
6.447000000000000000e+03,2.156262926291674376e-04
6.448000000000000000e+03,2.155991969630122185e-04
6.449000000000000000e+03,2.156583359465003014e-04
6.450000000000000000e+03,2.155644906451925635e-04
6.451000000000000000e+03,2.155948459403589368e-04
6.452000000000000000e+03,2.155527618015184999e-04
6.453000000000000000e+03,2.155282563762739301e-04
6.454000000000000000e+03,2.154970134142786264e-04
6.455000000000000000e+03,2.154654939658939838e-04
6.456000000000000000e+03,2.154404937755316496e-04
6.457000000000000000e+03,2.154408866772428155e-04
6.458000000000000000e+03,2.154257817892357707e-04
6.459000000000000000e+03,2.154040994355455041e-04
6.460000000000000000e+03,2.153787354473024607e-04
6.461000000000000000e+03,2.153578243451192975e-04
6.462000000000000000e+03,2.153254463337361813e-04
6.463000000000000000e+03,2.153157256543636322e-04
6.464000000000000000e+03,2.152723318431526423e-04
6.465000000000000000e+03,2.152545202989131212e-04
6.466000000000000000e+03,2.152330416720360518e-04
6.467000000000000000e+03,2.152273373212665319e-04
6.468000000000000000e+03,2.152047381969168782e-04
6.469000000000000000e+03,2.151924127247184515e-04
6.470000000000000000e+03,2.151829685317352414e-04
6.471000000000000000e+03,2.151709340978413820e-04
6.472000000000000000e+03,2.151742955902591348e-04
6.473000000000000000e+03,2.151615190086886287e-04
6.474000000000000000e+03,2.151353837689384818e-04
6.475000000000000000e+03,2.151145017705857754e-04
6.476000000000000000e+03,2.150992804672569036e-04
6.477000000000000000e+03,2.151559601770713925e-04
6.478000000000000000e+03,2.150949731003493071e-04
6.479000000000000000e+03,2.150833170162513852e-04
6.480000000000000000e+03,2.150539366994053125e-04
6.481000000000000000e+03,2.150213695131242275e-04
6.482000000000000000e+03,2.150003419956192374e-04
6.483000000000000000e+03,2.149514621123671532e-04
6.484000000000000000e+03,2.149302890757098794e-04
6.485000000000000000e+03,2.149066422134637833e-04
6.486000000000000000e+03,2.148863859474658966e-04
6.487000000000000000e+03,2.148454950656741858e-04
6.488000000000000000e+03,2.148108760593459010e-04
6.489000000000000000e+03,2.147767081623896956e-04
6.490000000000000000e+03,2.147497434634715319e-04
6.491000000000000000e+03,2.147630730178207159e-04
6.492000000000000000e+03,2.147221093764528632e-04
6.493000000000000000e+03,2.146821934729814529e-04
6.494000000000000000e+03,2.146501501556485891e-04
6.495000000000000000e+03,2.146155311493203044e-04
6.496000000000000000e+03,2.146012848243117332e-04
6.497000000000000000e+03,2.145720500266179442e-04
6.498000000000000000e+03,2.145407197531312704e-04
6.499000000000000000e+03,2.144952741218730807e-04
6.500000000000000000e+03,2.144730533473193645e-04
6.501000000000000000e+03,2.144351456081494689e-04
6.502000000000000000e+03,2.144113532267510891e-04
6.503000000000000000e+03,2.143949095625430346e-04
6.504000000000000000e+03,2.143736637663096189e-04
6.505000000000000000e+03,2.143467136193066835e-04
6.506000000000000000e+03,2.143148158211261034e-04
6.507000000000000000e+03,2.143021119991317391e-04
6.508000000000000000e+03,2.142530429409816861e-04
6.509000000000000000e+03,2.142370649380609393e-04
6.510000000000000000e+03,2.142121811630204320e-04
6.511000000000000000e+03,2.141907170880585909e-04
6.512000000000000000e+03,2.141620207112282515e-04
6.513000000000000000e+03,2.141334116458892822e-04
6.514000000000000000e+03,2.140859141945838928e-04
6.515000000000000000e+03,2.140522701665759087e-04
6.516000000000000000e+03,2.140216092811897397e-04
6.517000000000000000e+03,2.139687567250803113e-04
6.518000000000000000e+03,2.139282296411693096e-04
6.519000000000000000e+03,2.138869313057512045e-04
6.520000000000000000e+03,2.138325216947123408e-04
6.521000000000000000e+03,2.150696236640214920e-04
6.522000000000000000e+03,2.138253476005047560e-04
6.523000000000000000e+03,2.137854171451181173e-04
6.524000000000000000e+03,2.137573028448969126e-04
6.525000000000000000e+03,2.137632400263100863e-04
6.526000000000000000e+03,2.137479023076593876e-04
6.527000000000000000e+03,2.137299306923523545e-04
6.528000000000000000e+03,2.137145929737016559e-04
6.529000000000000000e+03,2.136960683856159449e-04
6.530000000000000000e+03,2.136465045623481274e-04
6.531000000000000000e+03,2.135899121640250087e-04
6.532000000000000000e+03,2.135597169399261475e-04
6.533000000000000000e+03,2.135403192369267344e-04
6.534000000000000000e+03,2.135154791176319122e-04
6.535000000000000000e+03,2.135203394573181868e-04
6.536000000000000000e+03,2.134949754690751433e-04
6.537000000000000000e+03,2.134567766916006804e-04
6.538000000000000000e+03,2.134080859832465649e-04
6.539000000000000000e+03,2.133775706170126796e-04
6.540000000000000000e+03,2.133450325345620513e-04
6.541000000000000000e+03,2.133151574525982141e-04
6.542000000000000000e+03,2.132944646291434765e-04
6.543000000000000000e+03,2.132688096025958657e-04
6.544000000000000000e+03,2.131960354745388031e-04
6.545000000000000000e+03,2.131571236532181501e-04
6.546000000000000000e+03,2.131303335772827268e-04
6.547000000000000000e+03,2.130997163476422429e-04
6.548000000000000000e+03,2.130723441950976849e-04
6.549000000000000000e+03,2.130485227098688483e-04
6.550000000000000000e+03,2.130190841853618622e-04
6.551000000000000000e+03,2.130068023689091206e-04
6.552000000000000000e+03,2.129809581674635410e-04
6.553000000000000000e+03,2.129470522049814463e-04
6.554000000000000000e+03,2.129047206835821271e-04
6.555000000000000000e+03,2.134235401172190905e-04
6.556000000000000000e+03,2.128869964508339763e-04
6.557000000000000000e+03,2.128534542862325907e-04
6.558000000000000000e+03,2.127889165421947837e-04
6.559000000000000000e+03,2.127734187524765730e-04
6.560000000000000000e+03,2.127048501279205084e-04
6.561000000000000000e+03,2.126837498508393764e-04
6.562000000000000000e+03,2.126588806277140975e-04
6.563000000000000000e+03,2.126592153217643499e-04
6.564000000000000000e+03,2.126426697941496968e-04
6.565000000000000000e+03,2.126153412973508239e-04
6.566000000000000000e+03,2.125929604517295957e-04
6.567000000000000000e+03,2.125803875969722867e-04
6.568000000000000000e+03,2.125347091350704432e-04
6.569000000000000000e+03,2.124870370607823133e-04
6.570000000000000000e+03,2.124412712873890996e-04
6.571000000000000000e+03,2.124109305441379547e-04
6.572000000000000000e+03,2.123748708982020617e-04
6.573000000000000000e+03,2.123554440913721919e-04
6.574000000000000000e+03,2.123443555319681764e-04
6.575000000000000000e+03,2.123163285432383418e-04
6.576000000000000000e+03,2.122810838045552373e-04
6.577000000000000000e+03,2.122449805028736591e-04
6.578000000000000000e+03,2.122395089827477932e-04
6.579000000000000000e+03,2.122106088791042566e-04
6.580000000000000000e+03,2.121961297234520316e-04
6.581000000000000000e+03,2.121883153449743986e-04
6.582000000000000000e+03,2.121734578395262361e-04
6.583000000000000000e+03,2.121513389283791184e-04
6.584000000000000000e+03,2.121372672263532877e-04
6.585000000000000000e+03,2.121135039487853646e-04
6.586000000000000000e+03,2.120909048244357109e-04
6.587000000000000000e+03,2.120696299243718386e-04
6.588000000000000000e+03,2.120595454471185803e-04
6.589000000000000000e+03,2.120462886523455381e-04
6.590000000000000000e+03,2.120108547387644649e-04
6.591000000000000000e+03,2.119808632414788008e-04
6.592000000000000000e+03,2.119544224115088582e-04
6.593000000000000000e+03,2.119324199156835675e-04
6.594000000000000000e+03,2.119115815730765462e-04
6.595000000000000000e+03,2.118901029461994767e-04
6.596000000000000000e+03,2.118648117175325751e-04
6.597000000000000000e+03,2.118366246577352285e-04
6.598000000000000000e+03,2.117648109560832381e-04
6.599000000000000000e+03,2.117430994985625148e-04
6.600000000000000000e+03,2.116946707246825099e-04
6.601000000000000000e+03,2.116699906764551997e-04
6.602000000000000000e+03,2.116507967002689838e-04
6.603000000000000000e+03,2.116241957992315292e-04
6.604000000000000000e+03,2.115880924975499511e-04
6.605000000000000000e+03,2.115594834322109818e-04
6.606000000000000000e+03,2.115329261869192123e-04
6.607000000000000000e+03,2.115100796800106764e-04
6.608000000000000000e+03,2.114744711434468627e-04
6.609000000000000000e+03,2.114452800014987588e-04
6.610000000000000000e+03,2.114214148605242372e-04
6.611000000000000000e+03,2.113907830789685249e-04
6.612000000000000000e+03,2.113677910529077053e-04
6.613000000000000000e+03,2.113392547471448779e-04
6.614000000000000000e+03,2.112930233124643564e-04
6.615000000000000000e+03,2.112740767188370228e-04
6.616000000000000000e+03,2.112471120199188590e-04
6.617000000000000000e+03,2.112317743012681603e-04
6.618000000000000000e+03,2.112094807671383023e-04
6.619000000000000000e+03,2.111907670041546226e-04
6.620000000000000000e+03,2.111695939674973488e-04
6.621000000000000000e+03,2.111511275870725513e-04
6.622000000000000000e+03,2.111475769197568297e-04
6.623000000000000000e+03,2.111295762006193399e-04
6.624000000000000000e+03,2.110958594130352139e-04
6.625000000000000000e+03,2.110697241732850671e-04
6.626000000000000000e+03,2.110514615196734667e-04
6.627000000000000000e+03,2.110314089804887772e-04
6.628000000000000000e+03,2.110084024025127292e-04
6.629000000000000000e+03,2.109836641466245055e-04
6.630000000000000000e+03,2.109699998982250690e-04
6.631000000000000000e+03,2.109347406076267362e-04
6.632000000000000000e+03,2.109006454702466726e-04
6.633000000000000000e+03,2.108701301040127873e-04
6.634000000000000000e+03,2.108492626575753093e-04
6.635000000000000000e+03,2.108497865265235305e-04
6.636000000000000000e+03,2.108384651364758611e-04
6.637000000000000000e+03,2.108125190716236830e-04
6.638000000000000000e+03,2.107953041559085250e-04
6.639000000000000000e+03,2.107748732669278979e-04
6.640000000000000000e+03,2.107670734403654933e-04
6.641000000000000000e+03,2.107467880705371499e-04
6.642000000000000000e+03,2.107396576320752501e-04
6.643000000000000000e+03,2.107279724441468716e-04
6.644000000000000000e+03,2.107071341015398502e-04
6.645000000000000000e+03,2.107153413817286491e-04
6.646000000000000000e+03,2.106770698446780443e-04
6.647000000000000000e+03,2.106538740918040276e-04
6.648000000000000000e+03,2.106068568537011743e-04
6.649000000000000000e+03,2.105891908286139369e-04
6.650000000000000000e+03,2.105563617078587413e-04
6.651000000000000000e+03,2.105314488289877772e-04
6.652000000000000000e+03,2.105118037434294820e-04
6.653000000000000000e+03,2.104809973388910294e-04
6.654000000000000000e+03,2.104512241203337908e-04
6.655000000000000000e+03,2.104326995322480798e-04
6.656000000000000000e+03,2.103903098031878471e-04
6.657000000000000000e+03,2.103577135130763054e-04
6.658000000000000000e+03,2.103128936141729355e-04
6.659000000000000000e+03,2.102782746078446507e-04
6.660000000000000000e+03,2.102491853293031454e-04
6.661000000000000000e+03,2.102245052810758352e-04
6.662000000000000000e+03,2.101569116348400712e-04
6.663000000000000000e+03,2.100862766383215785e-04
6.664000000000000000e+03,2.100551064359024167e-04
6.665000000000000000e+03,2.100260317092761397e-04
6.666000000000000000e+03,2.100013080053031445e-04
6.667000000000000000e+03,2.099771809298545122e-04
6.668000000000000000e+03,2.099470439134165645e-04
6.669000000000000000e+03,2.099745761370286345e-04
6.670000000000000000e+03,2.099322300637140870e-04
6.671000000000000000e+03,2.099069097312167287e-04
6.672000000000000000e+03,2.098775439662858844e-04
6.673000000000000000e+03,2.098527475027367473e-04
6.674000000000000000e+03,2.098309050779789686e-04
6.675000000000000000e+03,2.097981632687151432e-04
6.676000000000000000e+03,2.097771357512101531e-04
6.677000000000000000e+03,2.097607793984934688e-04
6.678000000000000000e+03,2.097425895044580102e-04
6.679000000000000000e+03,2.097245451295748353e-04
6.680000000000000000e+03,2.096872340189293027e-04
6.681000000000000000e+03,2.096631942549720407e-04
6.682000000000000000e+03,2.096474636346101761e-04
6.683000000000000000e+03,2.096240496030077338e-04
6.684000000000000000e+03,2.096051175612956285e-04
6.685000000000000000e+03,2.095752715831622481e-04
6.686000000000000000e+03,2.095578238368034363e-04
6.687000000000000000e+03,2.095269737765192986e-04
6.688000000000000000e+03,2.095088711939752102e-04
6.689000000000000000e+03,2.094650262733921409e-04
6.690000000000000000e+03,2.094634983222931623e-04
6.691000000000000000e+03,2.094484079862013459e-04
6.692000000000000000e+03,2.094259689329192042e-04
6.693000000000000000e+03,2.094016526825726032e-04
6.694000000000000000e+03,2.093742368742823601e-04
6.695000000000000000e+03,2.093610964948311448e-04
6.696000000000000000e+03,2.093382645398378372e-04
6.697000000000000000e+03,2.093142975354567170e-04
6.698000000000000000e+03,2.092896465910598636e-04
6.699000000000000000e+03,2.092560316668823361e-04
6.700000000000000000e+03,2.092354843625798821e-04
6.701000000000000000e+03,2.092209761030972004e-04
6.702000000000000000e+03,2.092003414873033762e-04
6.703000000000000000e+03,2.091588976327329874e-04
6.704000000000000000e+03,2.091358182951807976e-04
6.705000000000000000e+03,2.091726782964542508e-04
6.706000000000000000e+03,2.091186324832960963e-04
6.707000000000000000e+03,2.090992493322119117e-04
6.708000000000000000e+03,2.090867055812850595e-04
6.709000000000000000e+03,2.090641792165115476e-04
6.710000000000000000e+03,2.090382331516593695e-04
6.711000000000000000e+03,2.090363559545949101e-04
6.712000000000000000e+03,2.090022317133843899e-04
6.713000000000000000e+03,2.089738845825195312e-04
6.714000000000000000e+03,2.089510380756109953e-04
6.715000000000000000e+03,2.089298795908689499e-04
6.716000000000000000e+03,2.089167537633329630e-04
6.717000000000000000e+03,2.088967594318091869e-04
6.718000000000000000e+03,2.088822657242417336e-04
6.719000000000000000e+03,2.088705805363133550e-04
6.720000000000000000e+03,2.088440232910215855e-04
6.721000000000000000e+03,2.088205801555886865e-04
6.722000000000000000e+03,2.087980101350694895e-04
6.723000000000000000e+03,2.087728498736396432e-04
6.724000000000000000e+03,2.087548054987564683e-04
6.725000000000000000e+03,2.088185283355414867e-04
6.726000000000000000e+03,2.087459579342976213e-04
6.727000000000000000e+03,2.087211614707484841e-04
6.728000000000000000e+03,2.086896420223638415e-04
6.729000000000000000e+03,2.086539316223934293e-04
6.730000000000000000e+03,2.086315362248569727e-04
6.731000000000000000e+03,2.085975575027987361e-04
6.732000000000000000e+03,2.085779706249013543e-04
6.733000000000000000e+03,2.085500891553238034e-04
6.734000000000000000e+03,2.085327141685411334e-04
6.735000000000000000e+03,2.085096784867346287e-04
6.736000000000000000e+03,2.084854640997946262e-04
6.737000000000000000e+03,2.084702427964657545e-04
6.738000000000000000e+03,2.084428851958364248e-04
6.739000000000000000e+03,2.084294974338263273e-04
6.740000000000000000e+03,2.084137959172949195e-04
6.741000000000000000e+03,2.083972503896802664e-04
6.742000000000000000e+03,2.083902654703706503e-04
6.743000000000000000e+03,2.083890140056610107e-04
6.744000000000000000e+03,2.083738363580778241e-04
6.745000000000000000e+03,2.083541912725195289e-04
6.746000000000000000e+03,2.083323779515922070e-04
6.747000000000000000e+03,2.083230210701003671e-04
6.748000000000000000e+03,2.082703140331432223e-04
6.749000000000000000e+03,2.082459395751357079e-04
6.750000000000000000e+03,2.082173887174576521e-04
6.751000000000000000e+03,2.082024293486028910e-04
6.752000000000000000e+03,2.083277213387191296e-04
6.753000000000000000e+03,2.081950224237516522e-04
6.754000000000000000e+03,2.081724815070629120e-04
6.755000000000000000e+03,2.081482380162924528e-04
6.756000000000000000e+03,2.081273123621940613e-04
6.757000000000000000e+03,2.081085694953799248e-04
6.758000000000000000e+03,2.080627455143257976e-04
6.759000000000000000e+03,2.080414124066010118e-04
6.760000000000000000e+03,2.080100966850295663e-04
6.761000000000000000e+03,2.079951955238357186e-04
6.762000000000000000e+03,2.079747209791094065e-04
6.763000000000000000e+03,2.079533151118084788e-04
6.764000000000000000e+03,2.079220721498131752e-04
6.765000000000000000e+03,2.078852703562006354e-04
6.766000000000000000e+03,2.078349352814257145e-04
6.767000000000000000e+03,2.078005345538258553e-04
6.768000000000000000e+03,2.077642857329919934e-04
6.769000000000000000e+03,2.077227545669302344e-04
6.770000000000000000e+03,2.076867531286552548e-04
6.771000000000000000e+03,2.076645323541015387e-04
6.772000000000000000e+03,2.076390810543671250e-04
6.773000000000000000e+03,2.076185919577255845e-04
6.774000000000000000e+03,2.075980155495926738e-04
6.775000000000000000e+03,2.075684024021029472e-04
6.776000000000000000e+03,2.075269439956173301e-04
6.777000000000000000e+03,2.074902731692418456e-04
6.778000000000000000e+03,2.074571821140125394e-04
6.779000000000000000e+03,2.075504307867959142e-04
6.780000000000000000e+03,2.074508374789729714e-04
6.781000000000000000e+03,2.074318908853456378e-04
6.782000000000000000e+03,2.074130024993792176e-04
6.783000000000000000e+03,2.073993236990645528e-04
6.784000000000000000e+03,2.073754585580900311e-04
6.785000000000000000e+03,2.073613140964880586e-04
6.786000000000000000e+03,2.073498471872881055e-04
6.787000000000000000e+03,2.073343785014003515e-04
6.788000000000000000e+03,2.073189243674278259e-04
6.789000000000000000e+03,2.073013019980862737e-04
6.790000000000000000e+03,2.072798961307853460e-04
6.791000000000000000e+03,2.072644274448975921e-04
6.792000000000000000e+03,2.072240895358845592e-04
6.793000000000000000e+03,2.071976923616603017e-04
6.794000000000000000e+03,2.071628987323492765e-04
6.795000000000000000e+03,2.071545604849234223e-04
6.796000000000000000e+03,2.071423514280468225e-04
6.797000000000000000e+03,2.071306662401184440e-04
6.798000000000000000e+03,2.071057388093322515e-04
6.799000000000000000e+03,2.070713526336476207e-04
6.800000000000000000e+03,2.070504415314644575e-04
6.801000000000000000e+03,2.070056507363915443e-04
6.802000000000000000e+03,2.069953625323250890e-04
6.803000000000000000e+03,2.069583861157298088e-04
6.804000000000000000e+03,2.069374604616314173e-04
6.805000000000000000e+03,2.069103211397305131e-04
6.806000000000000000e+03,2.068688190774992108e-04
6.807000000000000000e+03,2.068526810035109520e-04
6.808000000000000000e+03,2.068197209155187011e-04
6.809000000000000000e+03,2.068071771645918489e-04
6.810000000000000000e+03,2.067810128210112453e-04
6.811000000000000000e+03,2.067435707431286573e-04
6.812000000000000000e+03,2.067161840386688709e-04
6.813000000000000000e+03,2.066887100227177143e-04
6.814000000000000000e+03,2.066683227894827724e-04
6.815000000000000000e+03,2.066466840915381908e-04
6.816000000000000000e+03,2.066271263174712658e-04
6.817000000000000000e+03,2.065926382783800364e-04
6.818000000000000000e+03,2.065609442070126534e-04
6.819000000000000000e+03,2.065201988443732262e-04
6.820000000000000000e+03,2.064797154162079096e-04
6.821000000000000000e+03,2.065644221147522330e-04
6.822000000000000000e+03,2.064676227746531367e-04
6.823000000000000000e+03,2.064430736936628819e-04
6.824000000000000000e+03,2.064179861918091774e-04
6.825000000000000000e+03,2.063965803245082498e-04
6.826000000000000000e+03,2.063694992102682590e-04
6.827000000000000000e+03,2.063426945824176073e-04
6.828000000000000000e+03,2.063343563349917531e-04
6.829000000000000000e+03,2.063139399979263544e-04
6.830000000000000000e+03,2.062837156699970365e-04
6.831000000000000000e+03,2.062655985355377197e-04
6.832000000000000000e+03,2.063300198642536998e-04
6.833000000000000000e+03,2.062605199171230197e-04
6.834000000000000000e+03,2.062443672912195325e-04
6.835000000000000000e+03,2.062347630271688104e-04
6.836000000000000000e+03,2.062142302747815847e-04
6.837000000000000000e+03,2.061979466816410422e-04
6.838000000000000000e+03,2.061830309685319662e-04
6.839000000000000000e+03,2.061522682197391987e-04
6.840000000000000000e+03,2.061258128378540277e-04
6.841000000000000000e+03,2.060897386400029063e-04
6.842000000000000000e+03,2.062807616312056780e-04
6.843000000000000000e+03,2.060836268356069922e-04
6.844000000000000000e+03,2.060729457298293710e-04
6.845000000000000000e+03,2.060520928353071213e-04
6.846000000000000000e+03,2.060340339085087180e-04
6.847000000000000000e+03,2.060045226244255900e-04
6.848000000000000000e+03,2.060055703623220325e-04
6.849000000000000000e+03,2.059890684904530644e-04
6.850000000000000000e+03,2.059762045973911881e-04
6.851000000000000000e+03,2.059482503682374954e-04
6.852000000000000000e+03,2.059266116702929139e-04
6.853000000000000000e+03,2.058923273580148816e-04
6.854000000000000000e+03,2.058706741081550717e-04
6.855000000000000000e+03,2.058345271507278085e-04
6.856000000000000000e+03,2.058148820651695132e-04
6.857000000000000000e+03,2.057980600511655211e-04
6.858000000000000000e+03,2.057751698885113001e-04
6.859000000000000000e+03,2.057318197330459952e-04
6.860000000000000000e+03,2.057463134406134486e-04
6.861000000000000000e+03,2.057060482911765575e-04
6.862000000000000000e+03,2.056520024780184031e-04
6.863000000000000000e+03,2.056298690149560571e-04
6.864000000000000000e+03,2.056012162938714027e-04
6.865000000000000000e+03,2.056343801086768508e-04
6.866000000000000000e+03,2.055861405096948147e-04
6.867000000000000000e+03,2.055503427982330322e-04
6.868000000000000000e+03,2.055248041870072484e-04
6.869000000000000000e+03,2.054981159744784236e-04
6.870000000000000000e+03,2.054771612165495753e-04
6.871000000000000000e+03,2.054533542832359672e-04
6.872000000000000000e+03,2.054358774330466986e-04
6.873000000000000000e+03,2.054185897577553988e-04
6.874000000000000000e+03,2.053928183158859611e-04
6.875000000000000000e+03,2.053580101346597075e-04
6.876000000000000000e+03,2.053362841252237558e-04
6.877000000000000000e+03,2.053092903224751353e-04
6.878000000000000000e+03,2.052711060969159007e-04
6.879000000000000000e+03,2.052295167231932282e-04
6.880000000000000000e+03,2.052022464340552688e-04
6.881000000000000000e+03,2.051803603535518050e-04
6.882000000000000000e+03,2.051434712484478951e-04
6.883000000000000000e+03,2.051295305136591196e-04
6.884000000000000000e+03,2.051059709629043937e-04
6.885000000000000000e+03,2.050813200185075402e-04
6.886000000000000000e+03,2.050674956990405917e-04
6.887000000000000000e+03,2.050351176876574755e-04
6.888000000000000000e+03,2.052093914244323969e-04
6.889000000000000000e+03,2.050297189271077514e-04
6.890000000000000000e+03,2.050155599135905504e-04
6.891000000000000000e+03,2.049953036475926638e-04
6.892000000000000000e+03,2.049695904133841395e-04
6.893000000000000000e+03,2.049375034403055906e-04
6.894000000000000000e+03,2.048956812359392643e-04
6.895000000000000000e+03,2.048690075753256679e-04
6.896000000000000000e+03,2.048451424343511462e-04
6.897000000000000000e+03,2.048098103841766715e-04
6.898000000000000000e+03,2.047905145445838571e-04
6.899000000000000000e+03,2.047688903985545039e-04
6.900000000000000000e+03,2.047519665211439133e-04
6.901000000000000000e+03,2.047277957899495959e-04
6.902000000000000000e+03,2.047100570052862167e-04
6.903000000000000000e+03,2.052634226856753230e-04
6.904000000000000000e+03,2.047066664090380073e-04
6.905000000000000000e+03,2.046928711934015155e-04
6.906000000000000000e+03,2.046724257525056601e-04
6.907000000000000000e+03,2.046541630988940597e-04
6.908000000000000000e+03,2.046022855211049318e-04
6.909000000000000000e+03,2.045754372375085950e-04
6.910000000000000000e+03,2.045555884251371026e-04
6.911000000000000000e+03,2.045359142357483506e-04
6.912000000000000000e+03,2.045158908003941178e-04
6.913000000000000000e+03,2.044975262833759189e-04
6.914000000000000000e+03,2.044641005340963602e-04
6.915000000000000000e+03,2.044289140030741692e-04
6.916000000000000000e+03,2.044453576672822237e-04
6.917000000000000000e+03,2.044053835561499000e-04
6.918000000000000000e+03,2.043611020781099796e-04
6.919000000000000000e+03,2.043326385319232941e-04
6.920000000000000000e+03,2.043050772044807673e-04
6.921000000000000000e+03,2.042811393039301038e-04
6.922000000000000000e+03,2.042548148892819881e-04
6.923000000000000000e+03,2.042315900325775146e-04
6.924000000000000000e+03,2.042055130004882812e-04
6.925000000000000000e+03,2.041758125415071845e-04
6.926000000000000000e+03,2.043107961071655154e-04
6.927000000000000000e+03,2.041608386207371950e-04
6.928000000000000000e+03,2.041422849288210273e-04
6.929000000000000000e+03,2.041252446360886097e-04
6.930000000000000000e+03,2.041074476437643170e-04
6.931000000000000000e+03,2.040945983026176691e-04
6.932000000000000000e+03,2.040711406152695417e-04
6.933000000000000000e+03,2.040476392721757293e-04
6.934000000000000000e+03,2.040342515101656318e-04
6.935000000000000000e+03,2.040066028712317348e-04
6.936000000000000000e+03,2.039912214968353510e-04
6.937000000000000000e+03,2.039696264546364546e-04
6.938000000000000000e+03,2.039560786215588450e-04
6.939000000000000000e+03,2.039334358414635062e-04
6.940000000000000000e+03,2.042161941062659025e-04
6.941000000000000000e+03,2.039270184468477964e-04
6.942000000000000000e+03,2.039006649283692241e-04
6.943000000000000000e+03,2.038655948126688600e-04
6.944000000000000000e+03,2.038229431491345167e-04
6.945000000000000000e+03,2.038370148511603475e-04
6.946000000000000000e+03,2.038140810327604413e-04
6.947000000000000000e+03,2.037999656749889255e-04
6.948000000000000000e+03,2.037699450738728046e-04
6.949000000000000000e+03,2.037190424744039774e-04
6.950000000000000000e+03,2.036651130765676498e-04
6.951000000000000000e+03,2.036381920333951712e-04
6.952000000000000000e+03,2.036145160673186183e-04
6.953000000000000000e+03,2.035609213635325432e-04
6.954000000000000000e+03,2.035031357081606984e-04
6.955000000000000000e+03,2.035681245615705848e-04
6.956000000000000000e+03,2.034803328569978476e-04
6.957000000000000000e+03,2.034502977039664984e-04
6.958000000000000000e+03,2.034174394793808460e-04
6.959000000000000000e+03,2.033869241131469607e-04
6.960000000000000000e+03,2.037749218288809061e-04
6.961000000000000000e+03,2.033781493082642555e-04
6.962000000000000000e+03,2.033543860306963325e-04
6.963000000000000000e+03,2.033375203609466553e-04
6.964000000000000000e+03,2.033007913269102573e-04
6.965000000000000000e+03,2.032710763160139322e-04
6.966000000000000000e+03,2.032169577432796359e-04
6.967000000000000000e+03,2.031950425589457154e-04
6.968000000000000000e+03,2.031671756412833929e-04
6.969000000000000000e+03,2.031236945185810328e-04
6.970000000000000000e+03,2.030892355833202600e-04
6.971000000000000000e+03,2.030533360084518790e-04
6.972000000000000000e+03,2.030141331488266587e-04
6.973000000000000000e+03,2.029737224802374840e-04
6.974000000000000000e+03,2.029329334618523717e-04
6.975000000000000000e+03,2.028886374318972230e-04
6.976000000000000000e+03,2.028610470006242394e-04
6.977000000000000000e+03,2.028295712079852819e-04
6.978000000000000000e+03,2.030028845183551311e-04
6.979000000000000000e+03,2.028233575401827693e-04
6.980000000000000000e+03,2.027993177762255073e-04
6.981000000000000000e+03,2.027682057814672589e-04
6.982000000000000000e+03,2.027379232458770275e-04
6.983000000000000000e+03,2.027074078796431422e-04
6.984000000000000000e+03,2.026779839070513844e-04
6.985000000000000000e+03,2.026548900175839663e-04
6.986000000000000000e+03,2.026283327722921968e-04
6.987000000000000000e+03,2.026134025072678924e-04
6.988000000000000000e+03,2.025875583058223128e-04
6.989000000000000000e+03,2.025506692007184029e-04
6.990000000000000000e+03,2.025316061917692423e-04
6.991000000000000000e+03,2.025064168265089393e-04
6.992000000000000000e+03,2.024796995101496577e-04
6.993000000000000000e+03,2.024411223828792572e-04
6.994000000000000000e+03,2.023922861553728580e-04
6.995000000000000000e+03,2.023575507337227464e-04
6.996000000000000000e+03,2.023585257120430470e-04
6.997000000000000000e+03,2.023210108745843172e-04
6.998000000000000000e+03,2.022756525548174977e-04
6.999000000000000000e+03,2.022333210334181786e-04
7.000000000000000000e+03,2.021980471909046173e-04
7.001000000000000000e+03,2.025559224421158433e-04
7.002000000000000000e+03,2.021934342337772250e-04
7.003000000000000000e+03,2.021729742409661412e-04
7.004000000000000000e+03,2.021122636506333947e-04
7.005000000000000000e+03,2.020675165113061666e-04
7.006000000000000000e+03,2.020035026362165809e-04
7.007000000000000000e+03,2.020162646658718586e-04
7.008000000000000000e+03,2.019763051066547632e-04
7.009000000000000000e+03,2.019294479396194220e-04
7.010000000000000000e+03,2.018908562604337931e-04
7.011000000000000000e+03,2.018632949329912663e-04
7.012000000000000000e+03,2.018294762820005417e-04
7.013000000000000000e+03,2.017968217842280865e-04
7.014000000000000000e+03,2.017746737692505121e-04
7.015000000000000000e+03,2.017515653278678656e-04
7.016000000000000000e+03,2.017948572756722569e-04
7.017000000000000000e+03,2.017374499700963497e-04
7.018000000000000000e+03,2.017026854446157813e-04
7.019000000000000000e+03,2.016739890677854419e-04
7.020000000000000000e+03,2.016479265876114368e-04
7.021000000000000000e+03,2.016249200096353889e-04
7.022000000000000000e+03,2.015884820139035583e-04
7.023000000000000000e+03,2.015522186411544681e-04
7.024000000000000000e+03,2.015827485593035817e-04
7.025000000000000000e+03,2.015382779063656926e-04
7.026000000000000000e+03,2.015174832195043564e-04
7.027000000000000000e+03,2.014914061874151230e-04
7.028000000000000000e+03,2.014692290686070919e-04
7.029000000000000000e+03,2.014330675592646003e-04
7.030000000000000000e+03,2.014098135987296700e-04
7.031000000000000000e+03,2.013792254729196429e-04
7.032000000000000000e+03,2.013551275013014674e-04
7.033000000000000000e+03,2.013358607655391097e-04
7.034000000000000000e+03,2.012949262280017138e-04
7.035000000000000000e+03,2.013268967857584357e-04
7.036000000000000000e+03,2.012830955209210515e-04
7.037000000000000000e+03,2.012624318012967706e-04
7.038000000000000000e+03,2.012396871577948332e-04
7.039000000000000000e+03,2.012138429563492537e-04
7.040000000000000000e+03,2.011870092246681452e-04
7.041000000000000000e+03,2.011602191487327218e-04
7.042000000000000000e+03,2.011304168263450265e-04
7.043000000000000000e+03,2.011121978284791112e-04
7.044000000000000000e+03,2.010924072237685323e-04
7.045000000000000000e+03,2.010670723393559456e-04
7.046000000000000000e+03,2.010301541304215789e-04
7.047000000000000000e+03,2.010015450650826097e-04
7.048000000000000000e+03,2.009981108130887151e-04
7.049000000000000000e+03,2.009746531257405877e-04
7.050000000000000000e+03,2.009632298722863197e-04
7.051000000000000000e+03,2.009503805311396718e-04
7.052000000000000000e+03,2.009339805226773024e-04
7.053000000000000000e+03,2.009257295867428184e-04
7.054000000000000000e+03,2.009094896493479609e-04
7.055000000000000000e+03,2.009017480304464698e-04
7.056000000000000000e+03,2.008946903515607119e-04
7.057000000000000000e+03,2.008805313380435109e-04
7.058000000000000000e+03,2.008860756177455187e-04
7.059000000000000000e+03,2.008745650527998805e-04
7.060000000000000000e+03,2.008656738325953484e-04
7.061000000000000000e+03,2.008465235121548176e-04
7.062000000000000000e+03,2.008220471907407045e-04
7.063000000000000000e+03,2.007900475291535258e-04
7.064000000000000000e+03,2.007547445828095078e-04
7.065000000000000000e+03,2.007426519412547350e-04
7.066000000000000000e+03,2.007172151934355497e-04
7.067000000000000000e+03,2.006966824410483241e-04
7.068000000000000000e+03,2.006746508413925767e-04
7.069000000000000000e+03,2.006426802836358547e-04
7.070000000000000000e+03,2.006243739742785692e-04
7.071000000000000000e+03,2.006455906666815281e-04
7.072000000000000000e+03,2.006189170060679317e-04
7.073000000000000000e+03,2.006068971240893006e-04
7.074000000000000000e+03,2.005796413868665695e-04
7.075000000000000000e+03,2.005803835345432162e-04
7.076000000000000000e+03,2.005655551329255104e-04
7.077000000000000000e+03,2.005479036597535014e-04
7.078000000000000000e+03,2.005305577768012881e-04
7.079000000000000000e+03,2.005233836825937033e-04
7.080000000000000000e+03,2.005065471166744828e-04
7.081000000000000000e+03,2.004581474466249347e-04
7.082000000000000000e+03,2.004333218792453408e-04
7.083000000000000000e+03,2.004188281716778874e-04
7.084000000000000000e+03,2.003853587666526437e-04
7.085000000000000000e+03,2.003521221922710538e-04
7.086000000000000000e+03,2.003223926294595003e-04
7.087000000000000000e+03,2.002979308599606156e-04
7.088000000000000000e+03,2.002833789447322488e-04
7.089000000000000000e+03,2.002708497457206249e-04
7.090000000000000000e+03,2.002552064368501306e-04
7.091000000000000000e+03,2.002323599299415946e-04
7.092000000000000000e+03,2.002191613428294659e-04
7.093000000000000000e+03,2.002059482038021088e-04
7.094000000000000000e+03,2.001934772124513984e-04
7.095000000000000000e+03,2.001743850996717811e-04
7.096000000000000000e+03,2.001538814511150122e-04
7.097000000000000000e+03,2.002618275582790375e-04
7.098000000000000000e+03,2.001340908464044333e-04
7.099000000000000000e+03,2.001053362619131804e-04
7.100000000000000000e+03,2.000549575313925743e-04
7.101000000000000000e+03,2.000256790779531002e-04
7.102000000000000000e+03,1.999984669964760542e-04
7.103000000000000000e+03,1.999737287405878305e-04
7.104000000000000000e+03,1.999515516217797995e-04
7.105000000000000000e+03,1.999278319999575615e-04
7.106000000000000000e+03,1.999171799980103970e-04
7.107000000000000000e+03,1.998759107664227486e-04
7.108000000000000000e+03,1.998629304580390453e-04
7.109000000000000000e+03,1.998439111048355699e-04
7.110000000000000000e+03,1.998396037379279733e-04
7.111000000000000000e+03,1.998177322093397379e-04
7.112000000000000000e+03,1.998053048737347126e-04
7.113000000000000000e+03,1.997965155169367790e-04
7.114000000000000000e+03,1.997948857024312019e-04
7.115000000000000000e+03,1.997803337872028351e-04
7.116000000000000000e+03,1.997714571189135313e-04
7.117000000000000000e+03,1.997610379476100206e-04
7.118000000000000000e+03,1.997520157601684332e-04
7.119000000000000000e+03,1.997274375753477216e-04
7.120000000000000000e+03,1.997517101699486375e-04
7.121000000000000000e+03,1.997075014514848590e-04
7.122000000000000000e+03,1.996933278860524297e-04
7.123000000000000000e+03,1.996637292904779315e-04
7.124000000000000000e+03,1.996515929931774735e-04
7.125000000000000000e+03,1.996349601540714502e-04
7.126000000000000000e+03,1.996117935050278902e-04
7.127000000000000000e+03,1.995839411392807961e-04
7.128000000000000000e+03,1.995697530219331384e-04
7.129000000000000000e+03,1.998914667638018727e-04
7.130000000000000000e+03,1.995618076762184501e-04
7.131000000000000000e+03,1.995524653466418386e-04
7.132000000000000000e+03,1.995297061512246728e-04
7.133000000000000000e+03,1.995140191866084933e-04
7.134000000000000000e+03,1.995358616113662720e-04
7.135000000000000000e+03,1.995081693166866899e-04
7.136000000000000000e+03,1.994951453525573015e-04
7.137000000000000000e+03,1.994869671761989594e-04
7.138000000000000000e+03,1.994693011511117220e-04
7.139000000000000000e+03,1.994586054934188724e-04
7.140000000000000000e+03,1.994415506487712264e-04
7.141000000000000000e+03,1.994105259655043483e-04
7.142000000000000000e+03,1.994223275687545538e-04
7.143000000000000000e+03,1.994000485865399241e-04
7.144000000000000000e+03,1.993845653487369418e-04
7.145000000000000000e+03,1.993746991502121091e-04
7.146000000000000000e+03,1.993573241634294391e-04
7.147000000000000000e+03,1.993336045416072011e-04
7.148000000000000000e+03,1.993683690670877695e-04
7.149000000000000000e+03,1.993255427805706859e-04
7.150000000000000000e+03,1.993053010664880276e-04
7.151000000000000000e+03,1.992890756810083985e-04
7.152000000000000000e+03,1.992698234971612692e-04
7.153000000000000000e+03,1.992413017433136702e-04
7.154000000000000000e+03,1.992264442378655076e-04
7.155000000000000000e+03,1.991892349906265736e-04
7.156000000000000000e+03,1.991707977140322328e-04
7.157000000000000000e+03,1.991468743653967977e-04
7.158000000000000000e+03,1.991168537642806768e-04
7.159000000000000000e+03,1.990953314816579223e-04
7.160000000000000000e+03,1.990725431824102998e-04
7.161000000000000000e+03,1.990517339436337352e-04
7.162000000000000000e+03,1.990237069549039006e-04
7.163000000000000000e+03,1.989996671909466386e-04
7.164000000000000000e+03,1.989703305298462510e-04
7.165000000000000000e+03,1.989553711609914899e-04
7.166000000000000000e+03,1.989347947528585792e-04
7.167000000000000000e+03,1.993071491597220302e-04
7.168000000000000000e+03,1.989281590795144439e-04
7.169000000000000000e+03,1.989125303225591779e-04
7.170000000000000000e+03,1.988979056477546692e-04
7.171000000000000000e+03,1.988813601201400161e-04
7.172000000000000000e+03,1.988678268389776349e-04
7.173000000000000000e+03,1.988636940950527787e-04
7.174000000000000000e+03,1.988362782867625356e-04
7.175000000000000000e+03,1.988235162571072578e-04
7.176000000000000000e+03,1.988114527193829417e-04
7.177000000000000000e+03,1.987983268918469548e-04
7.178000000000000000e+03,1.987831637961789966e-04
7.179000000000000000e+03,1.987605064641684294e-04
7.180000000000000000e+03,1.987388386623933911e-04
7.181000000000000000e+03,1.987191353691741824e-04
7.182000000000000000e+03,1.986965653486549854e-04
7.183000000000000000e+03,1.986846473300829530e-04
7.184000000000000000e+03,1.986562128877267241e-04
7.185000000000000000e+03,1.986361166927963495e-04
7.186000000000000000e+03,1.987028081202879548e-04
7.187000000000000000e+03,1.986267016036435962e-04
7.188000000000000000e+03,1.986125425901263952e-04
7.189000000000000000e+03,1.985835842788219452e-04
7.190000000000000000e+03,1.985642884392291307e-04
7.191000000000000000e+03,1.985400012927129865e-04
7.192000000000000000e+03,1.985166018130257726e-04
7.193000000000000000e+03,1.984914124477654696e-04
7.194000000000000000e+03,1.986172719625756145e-04
7.195000000000000000e+03,1.984848640859127045e-04
7.196000000000000000e+03,1.984640111913904548e-04
7.197000000000000000e+03,1.984187256311997771e-04
7.198000000000000000e+03,1.983920519705861807e-04
7.199000000000000000e+03,1.983735273825004697e-04
7.200000000000000000e+03,1.983600523089990020e-04
7.201000000000000000e+03,1.983501715585589409e-04
7.202000000000000000e+03,1.983397669391706586e-04
7.203000000000000000e+03,1.983319234568625689e-04
7.204000000000000000e+03,1.983107358682900667e-04
7.205000000000000000e+03,1.982951653189957142e-04
7.206000000000000000e+03,1.982704707188531756e-04
7.207000000000000000e+03,1.983883557841181755e-04
7.208000000000000000e+03,1.982444809982553124e-04
7.209000000000000000e+03,1.982193789444863796e-04
7.210000000000000000e+03,1.982022222364321351e-04
7.211000000000000000e+03,1.981742097996175289e-04
7.212000000000000000e+03,1.981618261197581887e-04
7.213000000000000000e+03,1.981284876819700003e-04
7.214000000000000000e+03,1.981065724976360798e-04
7.215000000000000000e+03,1.980793458642438054e-04
7.216000000000000000e+03,1.980369270313531160e-04
7.217000000000000000e+03,1.979824010049924254e-04
7.218000000000000000e+03,1.979524968191981316e-04
7.219000000000000000e+03,1.979300723178312182e-04
7.220000000000000000e+03,1.979085645871236920e-04
7.221000000000000000e+03,1.978837826754897833e-04
7.222000000000000000e+03,1.980038359761238098e-04
7.223000000000000000e+03,1.978789805434644222e-04
7.224000000000000000e+03,1.978606305783614516e-04
7.225000000000000000e+03,1.978356885956600308e-04
7.226000000000000000e+03,1.978111249627545476e-04
7.227000000000000000e+03,1.977773499675095081e-04
7.228000000000000000e+03,1.977688370971009135e-04
7.229000000000000000e+03,1.977736974367871881e-04
7.230000000000000000e+03,1.977526408154517412e-04
7.231000000000000000e+03,1.977345236809924245e-04
7.232000000000000000e+03,1.977266656467691064e-04
7.233000000000000000e+03,1.977194187929853797e-04
7.234000000000000000e+03,1.977054052986204624e-04
7.235000000000000000e+03,1.976785133592784405e-04
7.236000000000000000e+03,1.976515341084450483e-04
7.237000000000000000e+03,1.976365601876750588e-04
7.238000000000000000e+03,1.976200874196365476e-04
7.239000000000000000e+03,1.976023486349731684e-04
7.240000000000000000e+03,1.975833001779392362e-04
7.241000000000000000e+03,1.976830535568296909e-04
7.242000000000000000e+03,1.975603954633697867e-04
7.243000000000000000e+03,1.975833583856001496e-04
7.244000000000000000e+03,1.975432387553155422e-04
7.245000000000000000e+03,1.975172490347176790e-04
7.246000000000000000e+03,1.974900951609015465e-04
7.247000000000000000e+03,1.974689512280747294e-04
7.248000000000000000e+03,1.974388142116367817e-04
7.249000000000000000e+03,1.974214828805997968e-04
7.250000000000000000e+03,1.973892358364537358e-04
7.251000000000000000e+03,1.973667385755106807e-04
7.252000000000000000e+03,1.973551261471584439e-04
7.253000000000000000e+03,1.973342150449752808e-04
7.254000000000000000e+03,1.973165344679728150e-04
7.255000000000000000e+03,1.973012986127287149e-04
7.256000000000000000e+03,1.972879690583795309e-04
7.257000000000000000e+03,1.972530299099162221e-04
7.258000000000000000e+03,1.972466707229614258e-04
7.259000000000000000e+03,1.972165773622691631e-04
7.260000000000000000e+03,1.972020836547017097e-04
7.261000000000000000e+03,1.971849123947322369e-04
7.262000000000000000e+03,1.971534220501780510e-04
7.263000000000000000e+03,1.971775782294571400e-04
7.264000000000000000e+03,1.971381716430187225e-04
7.265000000000000000e+03,1.971174060599878430e-04
7.266000000000000000e+03,1.971062738448381424e-04
7.267000000000000000e+03,1.970975572476163507e-04
7.268000000000000000e+03,1.970752928173169494e-04
7.269000000000000000e+03,1.970470184460282326e-04
7.270000000000000000e+03,1.970295852515846491e-04
7.271000000000000000e+03,1.970112061826512218e-04
7.272000000000000000e+03,1.969743461813777685e-04
7.273000000000000000e+03,1.969460427062585950e-04
7.274000000000000000e+03,1.969099539564922452e-04
7.275000000000000000e+03,1.968904252862557769e-04
7.276000000000000000e+03,1.968629512703046203e-04
7.277000000000000000e+03,1.968346186913549900e-04
7.278000000000000000e+03,1.968189171748235822e-04
7.279000000000000000e+03,1.967994903679937124e-04
7.280000000000000000e+03,1.967835123650729656e-04
7.281000000000000000e+03,1.967617718037217855e-04
7.282000000000000000e+03,1.967392890946939588e-04
7.283000000000000000e+03,1.967151620192453265e-04
7.284000000000000000e+03,1.966962299775332212e-04
7.285000000000000000e+03,1.966718555195257068e-04
7.286000000000000000e+03,1.966637937584891915e-04
7.287000000000000000e+03,1.966492854990065098e-04
7.288000000000000000e+03,1.966292329598218203e-04
7.289000000000000000e+03,1.965937262866646051e-04
7.290000000000000000e+03,1.965654664672911167e-04
7.291000000000000000e+03,1.965412520803511143e-04
7.292000000000000000e+03,1.965181145351380110e-04
7.293000000000000000e+03,1.965078117791563272e-04
7.294000000000000000e+03,1.964926195796579123e-04
7.295000000000000000e+03,1.964761904673650861e-04
7.296000000000000000e+03,1.964585826499387622e-04
7.297000000000000000e+03,1.964220136869698763e-04
7.298000000000000000e+03,1.963750546565279365e-04
7.299000000000000000e+03,1.963546383194625378e-04
7.300000000000000000e+03,1.963140675798058510e-04
7.301000000000000000e+03,1.963014656212180853e-04
7.302000000000000000e+03,1.962750247912481427e-04
7.303000000000000000e+03,1.962286041816696525e-04
7.304000000000000000e+03,1.961889065569266677e-04
7.305000000000000000e+03,1.961729576578363776e-04
7.306000000000000000e+03,1.961487287189811468e-04
7.307000000000000000e+03,1.961343223229050636e-04
7.308000000000000000e+03,1.961191446753218770e-04
7.309000000000000000e+03,1.961011003004387021e-04
7.310000000000000000e+03,1.960828085429966450e-04
7.311000000000000000e+03,1.960581139428541064e-04
7.312000000000000000e+03,1.960425433935597539e-04
7.313000000000000000e+03,1.960370136657729745e-04
7.314000000000000000e+03,1.960327062988653779e-04
7.315000000000000000e+03,1.960228401003405452e-04
7.316000000000000000e+03,1.960135123226791620e-04
7.317000000000000000e+03,1.959921646630391479e-04
7.318000000000000000e+03,1.959767105290666223e-04
7.319000000000000000e+03,1.959643850568681955e-04
7.320000000000000000e+03,1.959377259481698275e-04
7.321000000000000000e+03,1.959056244231760502e-04
7.322000000000000000e+03,1.958759239641949534e-04
7.323000000000000000e+03,1.958582433871924877e-04
7.324000000000000000e+03,1.958375214599072933e-04
7.325000000000000000e+03,1.958223292604088783e-04
7.326000000000000000e+03,1.958070497494190931e-04
7.327000000000000000e+03,1.957905187737196684e-04
7.328000000000000000e+03,1.957712229341268539e-04
7.329000000000000000e+03,1.957597705768421292e-04
7.330000000000000000e+03,1.957332569872960448e-04
7.331000000000000000e+03,1.957177155418321490e-04
7.332000000000000000e+03,1.957047643372789025e-04
7.333000000000000000e+03,1.956954220077022910e-04
7.334000000000000000e+03,1.956703199539333582e-04
7.335000000000000000e+03,1.956430205609649420e-04
7.336000000000000000e+03,1.956839114427566528e-04
7.337000000000000000e+03,1.956350024556741118e-04
7.338000000000000000e+03,1.956201595021411777e-04
7.339000000000000000e+03,1.956030755536630750e-04
7.340000000000000000e+03,1.955847546923905611e-04
7.341000000000000000e+03,1.955629413714632392e-04
7.342000000000000000e+03,1.955356274265795946e-04
7.343000000000000000e+03,1.955181942321360111e-04
7.344000000000000000e+03,1.954741019289940596e-04
7.345000000000000000e+03,1.954972976818680763e-04
7.346000000000000000e+03,1.954505714820697904e-04
7.347000000000000000e+03,1.954121544258669019e-04
7.348000000000000000e+03,1.953798055183142424e-04
7.349000000000000000e+03,1.953392784344032407e-04
7.350000000000000000e+03,1.953209284693002701e-04
7.351000000000000000e+03,1.952859893208369613e-04
7.352000000000000000e+03,1.952435268322005868e-04
7.353000000000000000e+03,1.952320308191701770e-04
7.354000000000000000e+03,1.952043239725753665e-04
7.355000000000000000e+03,1.951887534232810140e-04
7.356000000000000000e+03,1.951699960045516491e-04
7.357000000000000000e+03,1.951280137291178107e-04
7.358000000000000000e+03,1.950719888554885983e-04
7.359000000000000000e+03,1.950711448444053531e-04
7.360000000000000000e+03,1.950543228304013610e-04
7.361000000000000000e+03,1.950350706465542316e-04
7.362000000000000000e+03,1.950127771124243736e-04
7.363000000000000000e+03,1.949946599779650569e-04
7.364000000000000000e+03,1.949681463884189725e-04
7.365000000000000000e+03,1.949404104379937053e-04
7.366000000000000000e+03,1.948883000295609236e-04
7.367000000000000000e+03,1.948972640093415976e-04
7.368000000000000000e+03,1.948610297404229641e-04
7.369000000000000000e+03,1.948206045199185610e-04
7.370000000000000000e+03,1.947986165760084987e-04
7.371000000000000000e+03,1.947529381141066551e-04
7.372000000000000000e+03,1.947215641848742962e-04
7.373000000000000000e+03,1.947032869793474674e-04
7.374000000000000000e+03,1.946910197148099542e-04
7.375000000000000000e+03,1.946778793353587389e-04
7.376000000000000000e+03,1.946636475622653961e-04
7.377000000000000000e+03,1.946362317539751530e-04
7.378000000000000000e+03,1.946467673406004906e-04
7.379000000000000000e+03,1.946183183463290334e-04
7.380000000000000000e+03,1.945902768056839705e-04
7.381000000000000000e+03,1.945586700458079576e-04
7.382000000000000000e+03,1.945331314345821738e-04
7.383000000000000000e+03,1.945250987773761153e-04
7.384000000000000000e+03,1.945100520970299840e-04
7.385000000000000000e+03,1.945043331943452358e-04
7.386000000000000000e+03,1.944977848324924707e-04
7.387000000000000000e+03,1.944804971572011709e-04
7.388000000000000000e+03,1.944457617355510592e-04
7.389000000000000000e+03,1.943916431628167629e-04
7.390000000000000000e+03,1.943466340890154243e-04
7.391000000000000000e+03,1.943279494298622012e-04
7.392000000000000000e+03,1.943016104632988572e-04
7.393000000000000000e+03,1.942927628988400102e-04
7.394000000000000000e+03,1.942857197718694806e-04
7.395000000000000000e+03,1.942745002452284098e-04
7.396000000000000000e+03,1.942670351127162576e-04
7.397000000000000000e+03,1.942277740454301238e-04
7.398000000000000000e+03,1.941959199029952288e-04
7.399000000000000000e+03,1.941760710906237364e-04
7.400000000000000000e+03,1.941442315001040697e-04
7.401000000000000000e+03,1.941047230502590537e-04
7.402000000000000000e+03,1.940738729899749160e-04
7.403000000000000000e+03,1.940552174346521497e-04
7.404000000000000000e+03,1.940393267432227731e-04
7.405000000000000000e+03,1.940294459927827120e-04
7.406000000000000000e+03,1.939964276971295476e-04
7.407000000000000000e+03,1.939484791364520788e-04
7.408000000000000000e+03,1.939177600434049964e-04
7.409000000000000000e+03,1.939310604939237237e-04
7.410000000000000000e+03,1.938906061695888638e-04
7.411000000000000000e+03,1.938747445819899440e-04
7.412000000000000000e+03,1.938496134243905544e-04
7.413000000000000000e+03,1.938172790687531233e-04
7.414000000000000000e+03,1.937775814440101385e-04
7.415000000000000000e+03,1.939654321176931262e-04
7.416000000000000000e+03,1.937654160428792238e-04
7.417000000000000000e+03,1.937416964210569859e-04
7.418000000000000000e+03,1.937285414896905422e-04
7.419000000000000000e+03,1.937110791914165020e-04
7.420000000000000000e+03,1.936783519340679049e-04
7.421000000000000000e+03,1.936342887347564101e-04
7.422000000000000000e+03,1.935955369845032692e-04
7.423000000000000000e+03,1.935825130203738809e-04
7.424000000000000000e+03,1.935494365170598030e-04
7.425000000000000000e+03,1.935359468916431069e-04
7.426000000000000000e+03,1.935239124577492476e-04
7.427000000000000000e+03,1.935064501594752073e-04
7.428000000000000000e+03,1.934878528118133545e-04
7.429000000000000000e+03,1.934692118084058166e-04
7.430000000000000000e+03,1.934437750605866313e-04
7.431000000000000000e+03,1.934177125804126263e-04
7.432000000000000000e+03,1.933855528477579355e-04
7.433000000000000000e+03,1.933587336679920554e-04
7.434000000000000000e+03,1.933403837028890848e-04
7.435000000000000000e+03,1.933252642629668117e-04
7.436000000000000000e+03,1.932962622959166765e-04
7.437000000000000000e+03,1.932769664563238621e-04
7.438000000000000000e+03,1.932828163262456656e-04
7.439000000000000000e+03,1.932640298036858439e-04
7.440000000000000000e+03,1.932441227836534381e-04
7.441000000000000000e+03,1.932276209117844701e-04
7.442000000000000000e+03,1.932001759996637702e-04
7.443000000000000000e+03,1.931734004756435752e-04
7.444000000000000000e+03,1.931377191795036197e-04
7.445000000000000000e+03,1.930939906742423773e-04
7.446000000000000000e+03,1.932535815285518765e-04
7.447000000000000000e+03,1.930812286445870996e-04
7.448000000000000000e+03,1.930555445142090321e-04
7.449000000000000000e+03,1.930291909957304597e-04
7.450000000000000000e+03,1.930133294081315398e-04
7.451000000000000000e+03,1.929946884047240019e-04
7.452000000000000000e+03,1.930271391756832600e-04
7.453000000000000000e+03,1.929626596393063664e-04
7.454000000000000000e+03,1.929460704559460282e-04
7.455000000000000000e+03,1.928951824083924294e-04
7.456000000000000000e+03,1.928788115037605166e-04
7.457000000000000000e+03,1.928250712808221579e-04
7.458000000000000000e+03,1.927972771227359772e-04
7.459000000000000000e+03,1.927718694787472486e-04
7.460000000000000000e+03,1.927490957314148545e-04
7.461000000000000000e+03,1.927310659084469080e-04
7.462000000000000000e+03,1.927117118611931801e-04
7.463000000000000000e+03,1.926891418406739831e-04
7.464000000000000000e+03,1.926512486534193158e-04
7.465000000000000000e+03,1.926146505866199732e-04
7.466000000000000000e+03,1.925866672536358237e-04
7.467000000000000000e+03,1.925625838339328766e-04
7.468000000000000000e+03,1.925344404298812151e-04
7.469000000000000000e+03,1.925134711200371385e-04
7.470000000000000000e+03,1.924920798046514392e-04
7.471000000000000000e+03,1.925474352901801467e-04
7.472000000000000000e+03,1.924822281580418348e-04
7.473000000000000000e+03,1.924603275256231427e-04
7.474000000000000000e+03,1.924362877616658807e-04
7.475000000000000000e+03,1.924169337144121528e-04
7.476000000000000000e+03,1.924025709740817547e-04
7.477000000000000000e+03,1.923612289829179645e-04
7.478000000000000000e+03,1.923189556691795588e-04
7.479000000000000000e+03,1.922814408317208290e-04
7.480000000000000000e+03,1.922446972457692027e-04
7.481000000000000000e+03,1.922029186971485615e-04
7.482000000000000000e+03,1.921562216011807323e-04
7.483000000000000000e+03,1.921065268106758595e-04
7.484000000000000000e+03,1.921197836054489017e-04
7.485000000000000000e+03,1.920819195220246911e-04
7.486000000000000000e+03,1.920410722959786654e-04
7.487000000000000000e+03,1.920096256071701646e-04
7.488000000000000000e+03,1.919119822559878230e-04
7.489000000000000000e+03,1.920152135426178575e-04
7.490000000000000000e+03,1.918875641422346234e-04
7.491000000000000000e+03,1.918313791975378990e-04
7.492000000000000000e+03,1.917976187542080879e-04
7.493000000000000000e+03,1.917711924761533737e-04
7.494000000000000000e+03,1.917203480843454599e-04
7.495000000000000000e+03,1.918057241709902883e-04
7.496000000000000000e+03,1.917057234095409513e-04
7.497000000000000000e+03,1.916806213557720184e-04
7.498000000000000000e+03,1.916366745717823505e-04
7.499000000000000000e+03,1.915961329359561205e-04
7.500000000000000000e+03,1.915736938826739788e-04
7.501000000000000000e+03,1.915466127684339881e-04
7.502000000000000000e+03,1.915234752232208848e-04
7.503000000000000000e+03,1.915030006784945726e-04
7.504000000000000000e+03,1.914722379297018051e-04
7.505000000000000000e+03,1.914361637318506837e-04
7.506000000000000000e+03,1.915428729262202978e-04
7.507000000000000000e+03,1.914177846629172564e-04
7.508000000000000000e+03,1.913854357553645968e-04
7.509000000000000000e+03,1.913496525958180428e-04
7.510000000000000000e+03,1.914083550218492746e-04
7.511000000000000000e+03,1.913343730848282576e-04
7.512000000000000000e+03,1.913113374030217528e-04
7.513000000000000000e+03,1.912881125463172793e-04
7.514000000000000000e+03,1.912735751830041409e-04
7.515000000000000000e+03,1.912337029352784157e-04
7.516000000000000000e+03,1.912071165861561894e-04
7.517000000000000000e+03,1.911838480737060308e-04
7.518000000000000000e+03,1.911768922582268715e-04
7.519000000000000000e+03,1.911286817630752921e-04
7.520000000000000000e+03,1.911046711029484868e-04
7.521000000000000000e+03,1.910818828037008643e-04
7.522000000000000000e+03,1.910613063955679536e-04
7.523000000000000000e+03,1.917242479976266623e-04
7.524000000000000000e+03,1.910531864268705249e-04
7.525000000000000000e+03,1.910306018544360995e-04
7.526000000000000000e+03,1.909998682094737887e-04
7.527000000000000000e+03,1.909620768856257200e-04
7.528000000000000000e+03,1.909311977215111256e-04
7.529000000000000000e+03,1.908846315927803516e-04
7.530000000000000000e+03,1.908712438307702541e-04
7.531000000000000000e+03,1.908459962578490376e-04
7.532000000000000000e+03,1.908243575599044561e-04
7.533000000000000000e+03,1.908073609229177237e-04
7.534000000000000000e+03,1.907900150399655104e-04
7.535000000000000000e+03,1.907710247905924916e-04
7.536000000000000000e+03,1.909673883346840739e-04
7.537000000000000000e+03,1.907366095110774040e-04
7.538000000000000000e+03,1.906951802084222436e-04
7.539000000000000000e+03,1.906712714117020369e-04
7.540000000000000000e+03,1.906459656311199069e-04
7.541000000000000000e+03,1.906131947180256248e-04
7.542000000000000000e+03,1.905762183014303446e-04
7.543000000000000000e+03,1.905552198877558112e-04
7.544000000000000000e+03,1.905287499539554119e-04
7.545000000000000000e+03,1.905022800201550126e-04
7.546000000000000000e+03,1.904751552501693368e-04
7.547000000000000000e+03,1.904539094539359212e-04
7.548000000000000000e+03,1.904381206259131432e-04
7.549000000000000000e+03,1.904219680000096560e-04
7.550000000000000000e+03,1.903901866171509027e-04
7.551000000000000000e+03,1.903768134070560336e-04
7.552000000000000000e+03,1.903616357594728470e-04
7.553000000000000000e+03,1.903705124277621508e-04
7.554000000000000000e+03,1.903543161461129785e-04
7.555000000000000000e+03,1.903367228806018829e-04
7.556000000000000000e+03,1.903183438116684556e-04
7.557000000000000000e+03,1.903096272144466639e-04
7.558000000000000000e+03,1.902919611893594265e-04
7.559000000000000000e+03,1.902684016386047006e-04
7.560000000000000000e+03,1.902254152810201049e-04
7.561000000000000000e+03,1.901962532429024577e-04
7.562000000000000000e+03,1.901743380585685372e-04
7.563000000000000000e+03,1.901345531223341823e-04
7.564000000000000000e+03,1.901177893159911036e-04
7.565000000000000000e+03,1.900898641906678677e-04
7.566000000000000000e+03,1.900602655950933695e-04
7.567000000000000000e+03,1.900748902698978782e-04
7.568000000000000000e+03,1.900345814647153020e-04
7.569000000000000000e+03,1.900030329125002027e-04
7.570000000000000000e+03,1.899703493108972907e-04
7.571000000000000000e+03,1.899461785797029734e-04
7.572000000000000000e+03,1.899075577966868877e-04
7.573000000000000000e+03,1.898420159704983234e-04
7.574000000000000000e+03,1.898094487842172384e-04
7.575000000000000000e+03,1.897885813377797604e-04
7.576000000000000000e+03,1.897477486636489630e-04
7.577000000000000000e+03,1.897186448331922293e-04
7.578000000000000000e+03,1.896715548355132341e-04
7.579000000000000000e+03,1.896433532238006592e-04
7.580000000000000000e+03,1.896260801004245877e-04
7.581000000000000000e+03,1.895931782200932503e-04
7.582000000000000000e+03,1.895614695968106389e-04
7.583000000000000000e+03,1.895445166155695915e-04
7.584000000000000000e+03,1.895204040920361876e-04
7.585000000000000000e+03,1.894758024718612432e-04
7.586000000000000000e+03,1.896391622722148895e-04
7.587000000000000000e+03,1.894559973152354360e-04
7.588000000000000000e+03,1.894312881631776690e-04
7.589000000000000000e+03,1.894056622404605150e-04
7.590000000000000000e+03,1.893837907118722796e-04
7.591000000000000000e+03,1.893557637231424451e-04
7.592000000000000000e+03,1.893294102046638727e-04
7.593000000000000000e+03,1.892957661766558886e-04
7.594000000000000000e+03,1.892624131869524717e-04
7.595000000000000000e+03,1.892475265776738524e-04
7.596000000000000000e+03,1.892245782073587179e-04
7.597000000000000000e+03,1.892078871605917811e-04
7.598000000000000000e+03,1.891805586637929082e-04
7.599000000000000000e+03,1.891649590106680989e-04
7.600000000000000000e+03,1.891391002573072910e-04
7.601000000000000000e+03,1.891104038804769516e-04
7.602000000000000000e+03,1.890633284347131848e-04
7.603000000000000000e+03,1.890263811219483614e-04
7.604000000000000000e+03,1.889784180093556643e-04
7.605000000000000000e+03,1.889577106339856982e-04
7.606000000000000000e+03,1.889243139885365963e-04
7.607000000000000000e+03,1.888970145955681801e-04
7.608000000000000000e+03,1.888815168058499694e-04
7.609000000000000000e+03,1.888692204374819994e-04
7.610000000000000000e+03,1.888579863589257002e-04
7.611000000000000000e+03,1.888372789835557342e-04
7.612000000000000000e+03,1.888205442810431123e-04
7.613000000000000000e+03,1.887989928945899010e-04
7.614000000000000000e+03,1.887514081317931414e-04
7.615000000000000000e+03,1.887157704913988709e-04
7.616000000000000000e+03,1.887837715912610292e-04
7.617000000000000000e+03,1.887078251456841826e-04
7.618000000000000000e+03,1.886836107587441802e-04
7.619000000000000000e+03,1.886626268969848752e-04
7.620000000000000000e+03,1.886460959212854505e-04
7.621000000000000000e+03,1.886340614873915911e-04
7.622000000000000000e+03,1.886075478978455067e-04
7.623000000000000000e+03,1.885760575532913208e-04
7.624000000000000000e+03,1.885479578049853444e-04
7.625000000000000000e+03,1.885195524664595723e-04
7.626000000000000000e+03,1.885045494418591261e-04
7.627000000000000000e+03,1.884635858004912734e-04
7.628000000000000000e+03,1.884413504740223289e-04
7.629000000000000000e+03,1.884424709714949131e-04
7.630000000000000000e+03,1.884318335214629769e-04
7.631000000000000000e+03,1.884134253486990929e-04
7.632000000000000000e+03,1.883931836346164346e-04
7.633000000000000000e+03,1.883717486634850502e-04
7.634000000000000000e+03,1.883170189103111625e-04
7.635000000000000000e+03,1.882791111711412668e-04
7.636000000000000000e+03,1.882594078779220581e-04
7.637000000000000000e+03,1.882341894088312984e-04
7.638000000000000000e+03,1.882195647340267897e-04
7.639000000000000000e+03,1.882056822068989277e-04
7.640000000000000000e+03,1.882889773696660995e-04
7.641000000000000000e+03,1.881942444015294313e-04
7.642000000000000000e+03,1.881712814792990685e-04
7.643000000000000000e+03,1.881428033811971545e-04
7.644000000000000000e+03,1.880872441688552499e-04
7.645000000000000000e+03,1.880526542663574219e-04
7.646000000000000000e+03,1.880136696854606271e-04
7.647000000000000000e+03,1.879897899925708771e-04
7.648000000000000000e+03,1.879713963717222214e-04
7.649000000000000000e+03,1.879537303466349840e-04
7.650000000000000000e+03,1.879276824183762074e-04
7.651000000000000000e+03,1.885303499875590205e-04
7.652000000000000000e+03,1.879168557934463024e-04
7.653000000000000000e+03,1.878690527519211173e-04
7.654000000000000000e+03,1.878594193840399384e-04
7.655000000000000000e+03,1.878158509498462081e-04
7.656000000000000000e+03,1.878019393188878894e-04
7.657000000000000000e+03,1.877832692116498947e-04
7.658000000000000000e+03,1.877647446235641837e-04
7.659000000000000000e+03,1.877397589851170778e-04
7.660000000000000000e+03,1.877036847872659564e-04
7.661000000000000000e+03,1.876895839814096689e-04
7.662000000000000000e+03,1.876697642728686333e-04
7.663000000000000000e+03,1.877588074421510100e-04
7.664000000000000000e+03,1.876568567240610719e-04
7.665000000000000000e+03,1.876358146546408534e-04
7.666000000000000000e+03,1.876015885500237346e-04
7.667000000000000000e+03,1.875797461252659559e-04
7.668000000000000000e+03,1.875552843557670712e-04
7.669000000000000000e+03,1.875199668575078249e-04
7.670000000000000000e+03,1.874730514828115702e-04
7.671000000000000000e+03,1.874061999842524529e-04
7.672000000000000000e+03,1.873546862043440342e-04
7.673000000000000000e+03,1.874483132269233465e-04
7.674000000000000000e+03,1.873278524726629257e-04
7.675000000000000000e+03,1.872959546744823456e-04
7.676000000000000000e+03,1.872713328339159489e-04
7.677000000000000000e+03,1.872215507319197059e-04
7.678000000000000000e+03,1.871816202765330672e-04
7.679000000000000000e+03,1.871653221314772964e-04
7.680000000000000000e+03,1.871190324891358614e-04
7.681000000000000000e+03,1.870963023975491524e-04
7.682000000000000000e+03,1.870355190476402640e-04
7.683000000000000000e+03,1.869773695943877101e-04
7.684000000000000000e+03,1.869403495220467448e-04
7.685000000000000000e+03,1.869086700025945902e-04
7.686000000000000000e+03,1.868798426585271955e-04
7.687000000000000000e+03,1.868638064479455352e-04
7.688000000000000000e+03,1.868496910901740193e-04
7.689000000000000000e+03,1.868341641966253519e-04
7.690000000000000000e+03,1.868176041170954704e-04
7.691000000000000000e+03,1.867886312538757920e-04
7.692000000000000000e+03,1.867562386905774474e-04
7.693000000000000000e+03,1.867427054094150662e-04
7.694000000000000000e+03,1.866851380327716470e-04
7.695000000000000000e+03,1.866515085566788912e-04
7.696000000000000000e+03,1.866257516667246819e-04
7.697000000000000000e+03,1.866089296527206898e-04
7.698000000000000000e+03,1.865843514678999782e-04
7.699000000000000000e+03,1.865592930698767304e-04
7.700000000000000000e+03,1.865453377831727266e-04
7.701000000000000000e+03,1.865109225036576390e-04
7.702000000000000000e+03,1.864686200860887766e-04
7.703000000000000000e+03,1.864375371951609850e-04
7.704000000000000000e+03,1.864166697487235069e-04
7.705000000000000000e+03,1.863808865891769528e-04
7.706000000000000000e+03,1.863627694547176361e-04
7.707000000000000000e+03,1.863420911831781268e-04
7.708000000000000000e+03,1.863168290583416820e-04
7.709000000000000000e+03,1.864422811195254326e-04
7.710000000000000000e+03,1.863084762590005994e-04
7.711000000000000000e+03,1.862860226538032293e-04
7.712000000000000000e+03,1.862596545834094286e-04
7.713000000000000000e+03,1.862085919128730893e-04
7.714000000000000000e+03,1.861671771621331573e-04
7.715000000000000000e+03,1.861612981883808970e-04
7.716000000000000000e+03,1.861263008322566748e-04
7.717000000000000000e+03,1.861048513092100620e-04
7.718000000000000000e+03,1.860821939771994948e-04
7.719000000000000000e+03,1.860542397480458021e-04
7.720000000000000000e+03,1.860237098298966885e-04
7.721000000000000000e+03,1.859981712186709046e-04
7.722000000000000000e+03,1.859876210801303387e-04
7.723000000000000000e+03,1.859689218690618873e-04
7.724000000000000000e+03,1.859304175013676286e-04
7.725000000000000000e+03,1.858953182818368077e-04
7.726000000000000000e+03,1.858651812653988600e-04
7.727000000000000000e+03,1.858343748608604074e-04
7.728000000000000000e+03,1.858229225035756826e-04
7.729000000000000000e+03,1.857923052739351988e-04
7.730000000000000000e+03,1.857722818385809660e-04
7.731000000000000000e+03,1.857354363892227411e-04
7.732000000000000000e+03,1.857098395703360438e-04
7.733000000000000000e+03,1.856806775322183967e-04
7.734000000000000000e+03,1.856672606663778424e-04
7.735000000000000000e+03,1.856137823779135942e-04
7.736000000000000000e+03,1.855827140389010310e-04
7.737000000000000000e+03,1.855516165960580111e-04
7.738000000000000000e+03,1.855261070886626840e-04
7.739000000000000000e+03,1.854663132689893246e-04
7.740000000000000000e+03,1.854318688856437802e-04
7.741000000000000000e+03,1.854316797107458115e-04
7.742000000000000000e+03,1.854170550359413028e-04
7.743000000000000000e+03,1.853988651419058442e-04
7.744000000000000000e+03,1.853696157922968268e-04
7.745000000000000000e+03,1.853499124990776181e-04
7.746000000000000000e+03,1.853323046816512942e-04
7.747000000000000000e+03,1.852931309258565307e-04
7.748000000000000000e+03,1.852683199103921652e-04
7.749000000000000000e+03,1.852343848440796137e-04
7.750000000000000000e+03,1.851894339779391885e-04
7.751000000000000000e+03,1.853770809248089790e-04
7.752000000000000000e+03,1.851751585491001606e-04
7.753000000000000000e+03,1.851262786658480763e-04
7.754000000000000000e+03,1.851010456448420882e-04
7.755000000000000000e+03,1.850740954978391528e-04
7.756000000000000000e+03,1.851183333201333880e-04
7.757000000000000000e+03,1.850564440246671438e-04
7.758000000000000000e+03,1.850308617576956749e-04
7.759000000000000000e+03,1.850086846388876438e-04
7.760000000000000000e+03,1.849907712312415242e-04
7.761000000000000000e+03,1.849883556133136153e-04
7.762000000000000000e+03,1.849750260589644313e-04
7.763000000000000000e+03,1.849482359830290079e-04
7.764000000000000000e+03,1.849148393375799060e-04
7.765000000000000000e+03,1.848901447374373674e-04
7.766000000000000000e+03,1.849573018262162805e-04
7.767000000000000000e+03,1.848801912274211645e-04
7.768000000000000000e+03,1.848527899710461497e-04
7.769000000000000000e+03,1.848245883593335748e-04
7.770000000000000000e+03,1.847933599492534995e-04
7.771000000000000000e+03,1.847624953370541334e-04
7.772000000000000000e+03,1.847327948780730367e-04
7.773000000000000000e+03,1.847018284024670720e-04
7.774000000000000000e+03,1.846566883614286780e-04
7.775000000000000000e+03,1.846412196755409241e-04
7.776000000000000000e+03,1.846284576458856463e-04
7.777000000000000000e+03,1.846524974098429084e-04
7.778000000000000000e+03,1.846208760980516672e-04
7.779000000000000000e+03,1.846082159318029881e-04
7.780000000000000000e+03,1.845970982685685158e-04
7.781000000000000000e+03,1.845735096139833331e-04
7.782000000000000000e+03,1.845534134190529585e-04
7.783000000000000000e+03,1.845347578637301922e-04
7.784000000000000000e+03,1.845045917434617877e-04
7.785000000000000000e+03,1.845091173890978098e-04
7.786000000000000000e+03,1.844897342380136251e-04
7.787000000000000000e+03,1.845497463364154100e-04
7.788000000000000000e+03,1.844809885369613767e-04
7.789000000000000000e+03,1.844628714025020599e-04
7.790000000000000000e+03,1.844400103436782956e-04
7.791000000000000000e+03,1.844191428972408175e-04
7.792000000000000000e+03,1.843773643486201763e-04
7.793000000000000000e+03,1.843411446316167712e-04
7.794000000000000000e+03,1.843077916419133544e-04
7.795000000000000000e+03,1.842823985498398542e-04
7.796000000000000000e+03,1.842524798121303320e-04
7.797000000000000000e+03,1.842184719862416387e-04
7.798000000000000000e+03,1.841808843892067671e-04
7.799000000000000000e+03,1.841533230617642403e-04
7.800000000000000000e+03,1.841271296143531799e-04
7.801000000000000000e+03,1.840978657128289342e-04
7.802000000000000000e+03,1.840817712945863605e-04
7.803000000000000000e+03,1.840556506067514420e-04
7.804000000000000000e+03,1.840383338276296854e-04
7.805000000000000000e+03,1.839982578530907631e-04
7.806000000000000000e+03,1.839709293562918901e-04
7.807000000000000000e+03,1.839429314713925123e-04
7.808000000000000000e+03,1.839075848693028092e-04
7.809000000000000000e+03,1.838792231865227222e-04
7.810000000000000000e+03,1.838488969951868057e-04
7.811000000000000000e+03,1.838281459640711546e-04
7.812000000000000000e+03,1.837910822359845042e-04
7.813000000000000000e+03,1.837739837355911732e-04
7.814000000000000000e+03,1.837289310060441494e-04
7.815000000000000000e+03,1.837056333897635341e-04
7.816000000000000000e+03,1.836781739257276058e-04
7.817000000000000000e+03,1.836514711612835526e-04
7.818000000000000000e+03,1.836274022934958339e-04
7.819000000000000000e+03,1.836142037063837051e-04
7.820000000000000000e+03,1.835977745940908790e-04
7.821000000000000000e+03,1.835763396229594946e-04
7.822000000000000000e+03,1.836385781643912196e-04
7.823000000000000000e+03,1.835691655287519097e-04
7.824000000000000000e+03,1.835525035858154297e-04
7.825000000000000000e+03,1.835223374655470252e-04
7.826000000000000000e+03,1.834980212152004242e-04
7.827000000000000000e+03,1.834711874835193157e-04
7.828000000000000000e+03,1.834547583712264895e-04
7.829000000000000000e+03,1.834294234868139029e-04
7.830000000000000000e+03,1.833972928579896688e-04
7.831000000000000000e+03,1.834508875617757440e-04
7.832000000000000000e+03,1.833757705753669143e-04
7.833000000000000000e+03,1.833459828048944473e-04
7.834000000000000000e+03,1.833280111895874143e-04
7.835000000000000000e+03,1.833123969845473766e-04
7.836000000000000000e+03,1.832957059377804399e-04
7.837000000000000000e+03,1.832851994549855590e-04
7.838000000000000000e+03,1.832777052186429501e-04
7.839000000000000000e+03,1.832619600463658571e-04
7.840000000000000000e+03,1.832357083912938833e-04
7.841000000000000000e+03,1.832056150306016207e-04
7.842000000000000000e+03,1.831836707424372435e-04
7.843000000000000000e+03,1.831625995691865683e-04
7.844000000000000000e+03,1.831496774684637785e-04
7.845000000000000000e+03,1.831274130381643772e-04
7.846000000000000000e+03,1.831195986596867442e-04
7.847000000000000000e+03,1.831018307711929083e-04
7.848000000000000000e+03,1.830713299568742514e-04
7.849000000000000000e+03,1.830331893870607018e-04
7.850000000000000000e+03,1.829883985919877887e-04
7.851000000000000000e+03,1.829495740821585059e-04
7.852000000000000000e+03,1.829024549806490541e-04
7.853000000000000000e+03,1.828598033171147108e-04
7.854000000000000000e+03,1.828289532568305731e-04
7.855000000000000000e+03,1.828426175052300096e-04
7.856000000000000000e+03,1.828177046263590455e-04
7.857000000000000000e+03,1.828095264500007033e-04
7.858000000000000000e+03,1.827927917474880815e-04
7.859000000000000000e+03,1.827671512728556991e-04
7.860000000000000000e+03,1.827480591600760818e-04
7.861000000000000000e+03,1.827292726375162601e-04
7.862000000000000000e+03,1.827029773266986012e-04
7.863000000000000000e+03,1.826843945309519768e-04
7.864000000000000000e+03,1.826674706535413861e-04
7.865000000000000000e+03,1.826520019676536322e-04
7.866000000000000000e+03,1.826250809244811535e-04
7.867000000000000000e+03,1.826143707148730755e-04
7.868000000000000000e+03,1.826058723963797092e-04
7.869000000000000000e+03,1.825988147174939513e-04
7.870000000000000000e+03,1.825900253606960177e-04
7.871000000000000000e+03,1.825745566748082638e-04
7.872000000000000000e+03,1.825648214435204864e-04
7.873000000000000000e+03,1.825513609219342470e-04
7.874000000000000000e+03,1.825342769734561443e-04
7.875000000000000000e+03,1.825235376600176096e-04
7.876000000000000000e+03,1.824979553930461407e-04
7.877000000000000000e+03,1.826420775614678860e-04
7.878000000000000000e+03,1.824805804062634706e-04
7.879000000000000000e+03,1.824578357627615333e-04
7.880000000000000000e+03,1.824299397412687540e-04
7.881000000000000000e+03,1.824061473598703742e-04
7.882000000000000000e+03,1.823766069719567895e-04
7.883000000000000000e+03,1.823455822886899114e-04
7.884000000000000000e+03,1.823200000217184424e-04
7.885000000000000000e+03,1.822893682401627302e-04
7.886000000000000000e+03,1.823611091822385788e-04
7.887000000000000000e+03,1.822749181883409619e-04
7.888000000000000000e+03,1.822513149818405509e-04
7.889000000000000000e+03,1.822276535676792264e-04
7.890000000000000000e+03,1.822081248974427581e-04
7.891000000000000000e+03,1.824338978622108698e-04
7.892000000000000000e+03,1.822040067054331303e-04
7.893000000000000000e+03,1.821849000407382846e-04
7.894000000000000000e+03,1.821619371185079217e-04
7.895000000000000000e+03,1.821468904381617904e-04
7.896000000000000000e+03,1.821254409151151776e-04
7.897000000000000000e+03,1.820982288336381316e-04
7.898000000000000000e+03,1.820681500248610973e-04
7.899000000000000000e+03,1.820310426410287619e-04
7.900000000000000000e+03,1.820052711991593242e-04
7.901000000000000000e+03,1.819796452764421701e-04
7.902000000000000000e+03,1.819597819121554494e-04
7.903000000000000000e+03,1.819342141970992088e-04
7.904000000000000000e+03,1.818966848077252507e-04
7.905000000000000000e+03,1.818615564843639731e-04
7.906000000000000000e+03,1.818404271034523845e-04
7.907000000000000000e+03,1.818243326852098107e-04
7.908000000000000000e+03,1.818104065023362637e-04
7.909000000000000000e+03,1.817937154555693269e-04
7.910000000000000000e+03,1.817742595449090004e-04
7.911000000000000000e+03,1.818880409700796008e-04
7.912000000000000000e+03,1.817550655687227845e-04
7.913000000000000000e+03,1.817116426536813378e-04
7.914000000000000000e+03,1.816946605686098337e-04
7.915000000000000000e+03,1.816664444049820304e-04
7.916000000000000000e+03,1.816413569031283259e-04
7.917000000000000000e+03,1.816112926462665200e-04
7.918000000000000000e+03,1.815990981413051486e-04
7.919000000000000000e+03,1.815829455154016614e-04
7.920000000000000000e+03,1.815647556213662028e-04
7.921000000000000000e+03,1.815179566619917750e-04
7.922000000000000000e+03,1.815684227040037513e-04
7.923000000000000000e+03,1.815140713006258011e-04
7.924000000000000000e+03,1.815067371353507042e-04
7.925000000000000000e+03,1.814962888602167368e-04
7.926000000000000000e+03,1.814780262066051364e-04
7.927000000000000000e+03,1.814675924833863974e-04
7.928000000000000000e+03,1.814475981518626213e-04
7.929000000000000000e+03,1.814423012547194958e-04
7.930000000000000000e+03,1.814047136576846242e-04
7.931000000000000000e+03,1.813914714148268104e-04
7.932000000000000000e+03,1.813817216316238046e-04
7.933000000000000000e+03,1.813667768146842718e-04
7.934000000000000000e+03,1.813767448766157031e-04
7.935000000000000000e+03,1.813433627830818295e-04
7.936000000000000000e+03,1.813353446777909994e-04
7.937000000000000000e+03,1.813167473301291466e-04
7.938000000000000000e+03,1.813048438634723425e-04
7.939000000000000000e+03,1.812834671000018716e-04
7.940000000000000000e+03,1.812841510400176048e-04
7.941000000000000000e+03,1.812720729503780603e-04
7.942000000000000000e+03,1.812506234273314476e-04
7.943000000000000000e+03,1.812375994632020593e-04
7.944000000000000000e+03,1.812281407183036208e-04
7.945000000000000000e+03,1.812177652027457952e-04
7.946000000000000000e+03,1.811993424780666828e-04
7.947000000000000000e+03,1.811813854146748781e-04
7.948000000000000000e+03,1.811534457374364138e-04
7.949000000000000000e+03,1.811404217733070254e-04
7.950000000000000000e+03,1.811286056181415915e-04
7.951000000000000000e+03,1.811105321394279599e-04
7.952000000000000000e+03,1.810896646929904819e-04
7.953000000000000000e+03,1.813406270230188966e-04
7.954000000000000000e+03,1.810846733860671520e-04
7.955000000000000000e+03,1.810707035474479198e-04
7.956000000000000000e+03,1.810581306926906109e-04
7.957000000000000000e+03,1.810432149795815349e-04
7.958000000000000000e+03,1.810287212720140815e-04
7.959000000000000000e+03,1.809978857636451721e-04
7.960000000000000000e+03,1.809717650758102536e-04
7.961000000000000000e+03,1.809495443012565374e-04
7.962000000000000000e+03,1.809337554732337594e-04
7.963000000000000000e+03,1.809181558201089501e-04
7.964000000000000000e+03,1.809019595384597778e-04
7.965000000000000000e+03,1.808899105526506901e-04
7.966000000000000000e+03,1.808730012271553278e-04
7.967000000000000000e+03,1.808569941204041243e-04
7.968000000000000000e+03,1.808348024496808648e-04
7.969000000000000000e+03,1.808202941901981831e-04
7.970000000000000000e+03,1.808048255043104291e-04
7.971000000000000000e+03,1.807907392503693700e-04
7.972000000000000000e+03,1.807774242479354143e-04
7.973000000000000000e+03,1.807586959330365062e-04
7.974000000000000000e+03,1.807411754271015525e-04
7.975000000000000000e+03,1.807108346838504076e-04
7.976000000000000000e+03,1.806846412364393473e-04
7.977000000000000000e+03,1.806748186936601996e-04
7.978000000000000000e+03,1.806654181564226747e-04
7.979000000000000000e+03,1.806595391826704144e-04
7.980000000000000000e+03,1.806533691706135869e-04
7.981000000000000000e+03,1.806474901968613267e-04
7.982000000000000000e+03,1.806377113098278642e-04
7.983000000000000000e+03,1.806456421036273241e-04
7.984000000000000000e+03,1.806302607292309403e-04
7.985000000000000000e+03,1.806205837056040764e-04
7.986000000000000000e+03,1.806067157303914428e-04
7.987000000000000000e+03,1.805875363061204553e-04
7.988000000000000000e+03,1.805685460567474365e-04
7.989000000000000000e+03,1.805469510145485401e-04
7.990000000000000000e+03,1.805254141800105572e-04
7.991000000000000000e+03,1.805240462999790907e-04
7.992000000000000000e+03,1.805145002435892820e-04
7.993000000000000000e+03,1.804968778742477298e-04
7.994000000000000000e+03,1.804616040317341685e-04
7.995000000000000000e+03,1.805328356567770243e-04
7.996000000000000000e+03,1.804497442208230495e-04
7.997000000000000000e+03,1.804316707421094179e-04
7.998000000000000000e+03,1.804166095098480582e-04
7.999000000000000000e+03,1.804062339942902327e-04
8.000000000000000000e+03,1.803932827897369862e-04
8.001000000000000000e+03,1.803775812732055783e-04
8.002000000000000000e+03,1.803658815333619714e-04
8.003000000000000000e+03,1.803495106287300587e-04
8.004000000000000000e+03,1.804029452614486217e-04
8.005000000000000000e+03,1.803408085834234953e-04
8.006000000000000000e+03,1.803192863008007407e-04
8.007000000000000000e+03,1.803007471607998013e-04
8.008000000000000000e+03,1.802793849492445588e-04
8.009000000000000000e+03,1.802595070330426097e-04
8.010000000000000000e+03,1.803462801035493612e-04
8.011000000000000000e+03,1.802535116439685225e-04
8.012000000000000000e+03,1.802392653189599514e-04
8.013000000000000000e+03,1.802049810066819191e-04
8.014000000000000000e+03,1.802296610549092293e-04
8.015000000000000000e+03,1.801874459488317370e-04
8.016000000000000000e+03,1.801533944671973586e-04
8.017000000000000000e+03,1.801316393539309502e-04
8.018000000000000000e+03,1.801047474145889282e-04
8.019000000000000000e+03,1.800777972675859928e-04
8.020000000000000000e+03,1.800399477360770106e-04
8.021000000000000000e+03,1.799935562303289771e-04
8.022000000000000000e+03,1.799766469048336148e-04
8.023000000000000000e+03,1.799728343030437827e-04
8.024000000000000000e+03,1.799393940018489957e-04
8.025000000000000000e+03,1.799228193704038858e-04
8.026000000000000000e+03,1.799030724214389920e-04
8.027000000000000000e+03,1.798830489860847592e-04
8.028000000000000000e+03,1.798910379875451326e-04
8.029000000000000000e+03,1.798673911252990365e-04
8.030000000000000000e+03,1.798426674213260412e-04
8.031000000000000000e+03,1.798253797460347414e-04
8.032000000000000000e+03,1.798079319996759295e-04
8.033000000000000000e+03,1.797872682800516486e-04
8.034000000000000000e+03,1.797875447664409876e-04
8.035000000000000000e+03,1.797724253265187144e-04
8.036000000000000000e+03,1.797580480342730880e-04
8.037000000000000000e+03,1.797362638171762228e-04
8.038000000000000000e+03,1.797311124391853809e-04
8.039000000000000000e+03,1.797165896277874708e-04
8.040000000000000000e+03,1.797063596313819289e-04
8.041000000000000000e+03,1.796965079847723246e-04
8.042000000000000000e+03,1.796815486159175634e-04
8.043000000000000000e+03,1.797129662008956075e-04
8.044000000000000000e+03,1.796728756744414568e-04
8.045000000000000000e+03,1.796608121367171407e-04
8.046000000000000000e+03,1.796507567632943392e-04
8.047000000000000000e+03,1.796366850612685084e-04
8.048000000000000000e+03,1.796253636712208390e-04
8.049000000000000000e+03,1.795921270968392491e-04
8.050000000000000000e+03,1.795520511223003268e-04
8.051000000000000000e+03,1.795368007151409984e-04
8.052000000000000000e+03,1.795217249309644103e-04
8.053000000000000000e+03,1.795467687770724297e-04
8.054000000000000000e+03,1.795133866835385561e-04
8.055000000000000000e+03,1.794953568605706096e-04
8.056000000000000000e+03,1.794684940250590444e-04
8.057000000000000000e+03,1.794484851416200399e-04
8.058000000000000000e+03,1.794561685528606176e-04
8.059000000000000000e+03,1.794403797248378396e-04
8.060000000000000000e+03,1.794239506125450134e-04
8.061000000000000000e+03,1.794105046428740025e-04
8.062000000000000000e+03,1.793922128854319453e-04
8.063000000000000000e+03,1.793828414520248771e-04
8.064000000000000000e+03,1.793852425180375576e-04
8.065000000000000000e+03,1.793767296476289630e-04
8.066000000000000000e+03,1.793669216567650437e-04
8.067000000000000000e+03,1.793557021301239729e-04
8.068000000000000000e+03,1.793387637007981539e-04
8.069000000000000000e+03,1.793255651136860251e-04
8.070000000000000000e+03,1.793023984646424651e-04
8.071000000000000000e+03,1.792861003195866942e-04
8.072000000000000000e+03,1.792719413060694933e-04
8.073000000000000000e+03,1.792576804291456938e-04
8.074000000000000000e+03,1.792318216757848859e-04
8.075000000000000000e+03,1.792202674550935626e-04
8.076000000000000000e+03,1.792058319551870227e-04
8.077000000000000000e+03,1.791904796846210957e-04
8.078000000000000000e+03,1.791726390365511179e-04
8.079000000000000000e+03,1.791593385860323906e-04
8.080000000000000000e+03,1.791446993593126535e-04
8.081000000000000000e+03,1.791197719285264611e-04
8.082000000000000000e+03,1.791057875379920006e-04
8.083000000000000000e+03,1.790842943591997027e-04
8.084000000000000000e+03,1.790659152902662754e-04
8.085000000000000000e+03,1.790533278835937381e-04
8.086000000000000000e+03,1.790394308045506477e-04
8.087000000000000000e+03,1.790223905118182302e-04
8.088000000000000000e+03,1.790095993783324957e-04
8.089000000000000000e+03,1.790012029232457280e-04
8.090000000000000000e+03,1.789868838386610150e-04
8.091000000000000000e+03,1.789896341506391764e-04
8.092000000000000000e+03,1.789788657333701849e-04
8.093000000000000000e+03,1.789675297914072871e-04
8.094000000000000000e+03,1.789554371498525143e-04
8.095000000000000000e+03,1.789520465536043048e-04
8.096000000000000000e+03,1.789327216101810336e-04
8.097000000000000000e+03,1.789182133506983519e-04
8.098000000000000000e+03,1.788986992323771119e-04
8.099000000000000000e+03,1.788891386240720749e-04
8.100000000000000000e+03,1.788651716196909547e-04
8.101000000000000000e+03,1.788523368304595351e-04
8.102000000000000000e+03,1.788555819075554609e-04
8.103000000000000000e+03,1.788418594514951110e-04
8.104000000000000000e+03,1.788254448911175132e-04
8.105000000000000000e+03,1.788108784239739180e-04
8.106000000000000000e+03,1.787956571206450462e-04
8.107000000000000000e+03,1.787657092791050673e-04
8.108000000000000000e+03,1.787379442248493433e-04
8.109000000000000000e+03,1.787155924830585718e-04
8.110000000000000000e+03,1.786898355931043625e-04
8.111000000000000000e+03,1.786662323866039515e-04
8.112000000000000000e+03,1.786347856977954507e-04
8.113000000000000000e+03,1.786196517059579492e-04
8.114000000000000000e+03,1.786036300472915173e-04
8.115000000000000000e+03,1.785910135367885232e-04
8.116000000000000000e+03,1.785796921467408538e-04
8.117000000000000000e+03,1.785695494618266821e-04
8.118000000000000000e+03,1.785480417311191559e-04
8.119000000000000000e+03,1.787486980902031064e-04
8.120000000000000000e+03,1.785422500688582659e-04
8.121000000000000000e+03,1.785270142136141658e-04
8.122000000000000000e+03,1.785067142918705940e-04
8.123000000000000000e+03,1.784838968887925148e-04
8.124000000000000000e+03,1.784728083293884993e-04
8.125000000000000000e+03,1.784564374247565866e-04
8.126000000000000000e+03,1.784467167453840375e-04
8.127000000000000000e+03,1.784288469934836030e-04
8.128000000000000000e+03,1.784138876246288419e-04
8.129000000000000000e+03,1.783965417416766286e-04
8.130000000000000000e+03,1.784356572898104787e-04
8.131000000000000000e+03,1.783865736797451973e-04
8.132000000000000000e+03,1.783755869837477803e-04
8.133000000000000000e+03,1.783560292096808553e-04
8.134000000000000000e+03,1.783388870535418391e-04
8.135000000000000000e+03,1.783602056093513966e-04
8.136000000000000000e+03,1.783160405466333032e-04
8.137000000000000000e+03,1.782883919076994061e-04
8.138000000000000000e+03,1.782644103514030576e-04
8.139000000000000000e+03,1.782486506272107363e-04
8.140000000000000000e+03,1.782321633072569966e-04
8.141000000000000000e+03,1.782193139661103487e-04
8.142000000000000000e+03,1.782117906259372830e-04
8.143000000000000000e+03,1.782015024218708277e-04
8.144000000000000000e+03,1.781931787263602018e-04
8.145000000000000000e+03,1.781859755283221602e-04
8.146000000000000000e+03,1.781713508535176516e-04
8.147000000000000000e+03,1.783530606189742684e-04
8.148000000000000000e+03,1.781644532456994057e-04
8.149000000000000000e+03,1.781495084287598729e-04
8.150000000000000000e+03,1.781356404535472393e-04
8.151000000000000000e+03,1.781252212822437286e-04
8.152000000000000000e+03,1.781036116881296039e-04
8.153000000000000000e+03,1.780864840839058161e-04
8.154000000000000000e+03,1.780748571036383510e-04
8.155000000000000000e+03,1.780620805220678449e-04
8.156000000000000000e+03,1.780505408532917500e-04
8.157000000000000000e+03,1.780439779395237565e-04
8.158000000000000000e+03,1.780334714567288756e-04
8.159000000000000000e+03,1.780113525455817580e-04
8.160000000000000000e+03,1.779696467565372586e-04
8.161000000000000000e+03,1.779927260940894485e-04
8.162000000000000000e+03,1.779581507435068488e-04
8.163000000000000000e+03,1.779415324563160539e-04
8.164000000000000000e+03,1.779255399014800787e-04
8.165000000000000000e+03,1.779109443305060267e-04
8.166000000000000000e+03,1.778882724465802312e-04
8.167000000000000000e+03,1.778734877007082105e-04
8.168000000000000000e+03,1.778512523742392659e-04
8.169000000000000000e+03,1.778319710865616798e-04
8.170000000000000000e+03,1.778328005457296968e-04
8.171000000000000000e+03,1.778225851012393832e-04
8.172000000000000000e+03,1.778130535967648029e-04
8.173000000000000000e+03,1.777763682184740901e-04
8.174000000000000000e+03,1.777668658178299665e-04
8.175000000000000000e+03,1.777446013875305653e-04
8.176000000000000000e+03,1.777334982762113214e-04
8.177000000000000000e+03,1.777205470716580749e-04
8.178000000000000000e+03,1.777025463525205851e-04
8.179000000000000000e+03,1.776834687916561961e-04
8.180000000000000000e+03,1.776638673618435860e-04
8.181000000000000000e+03,1.776825520209968090e-04
8.182000000000000000e+03,1.776602439349517226e-04
8.183000000000000000e+03,1.776548888301476836e-04
8.184000000000000000e+03,1.776415592757984996e-04
8.185000000000000000e+03,1.776199787855148315e-04
8.186000000000000000e+03,1.775909477146342397e-04
8.187000000000000000e+03,1.775753771653398871e-04
8.188000000000000000e+03,1.775334822013974190e-04
8.189000000000000000e+03,1.775118726072832942e-04
8.190000000000000000e+03,1.774985139491036534e-04
8.191000000000000000e+03,1.774771517375484109e-04
8.192000000000000000e+03,1.774622360244393349e-04
8.193000000000000000e+03,1.774548290995880961e-04
8.194000000000000000e+03,1.774408301571384072e-04
8.195000000000000000e+03,1.774263073457404971e-04
8.196000000000000000e+03,1.774109696270897985e-04
8.197000000000000000e+03,1.773967524059116840e-04
8.198000000000000000e+03,1.773833791958168149e-04
8.199000000000000000e+03,1.773743861122056842e-04
8.200000000000000000e+03,1.773652329575270414e-04
8.201000000000000000e+03,1.773526164470240474e-04
8.202000000000000000e+03,1.773405383573845029e-04
8.203000000000000000e+03,1.773275871528312564e-04
8.204000000000000000e+03,1.773119874997064471e-04
8.205000000000000000e+03,1.772947580320760608e-04
8.206000000000000000e+03,1.772939285729080439e-04
8.207000000000000000e+03,1.772865361999720335e-04
8.208000000000000000e+03,1.772752584656700492e-04
8.209000000000000000e+03,1.772602699929848313e-04
8.210000000000000000e+03,1.772523391991853714e-04
8.211000000000000000e+03,1.772372052073478699e-04
8.212000000000000000e+03,1.772228133631870151e-04
8.213000000000000000e+03,1.772079413058236241e-04
8.214000000000000000e+03,1.771899987943470478e-04
8.215000000000000000e+03,1.771720708347856998e-04
8.216000000000000000e+03,1.771452662069350481e-04
8.217000000000000000e+03,1.771166134858503938e-04
8.218000000000000000e+03,1.770889066392555833e-04
8.219000000000000000e+03,1.770725357346236706e-04
8.220000000000000000e+03,1.770536182448267937e-04
8.221000000000000000e+03,1.770275412127375603e-04
8.222000000000000000e+03,1.770051312632858753e-04
8.223000000000000000e+03,1.769845548551529646e-04
8.224000000000000000e+03,1.769752561813220382e-04
8.225000000000000000e+03,1.772757677827030420e-04
8.226000000000000000e+03,1.769713126122951508e-04
8.227000000000000000e+03,1.769608497852459550e-04
8.228000000000000000e+03,1.769475493347272277e-04
8.229000000000000000e+03,1.769327936926856637e-04
8.230000000000000000e+03,1.769024529494345188e-04
8.231000000000000000e+03,1.768931979313492775e-04
8.232000000000000000e+03,1.768699876265600324e-04
8.233000000000000000e+03,1.768628280842676759e-04
8.234000000000000000e+03,1.768542715581133962e-04
8.235000000000000000e+03,1.768469519447535276e-04
8.236000000000000000e+03,1.768364018062129617e-04
8.237000000000000000e+03,1.768261427059769630e-04
8.238000000000000000e+03,1.768145739333704114e-04
8.239000000000000000e+03,1.767943904269486666e-04
8.240000000000000000e+03,1.767755748005583882e-04
8.241000000000000000e+03,1.767627109074965119e-04
8.242000000000000000e+03,1.767436333466321230e-04
8.243000000000000000e+03,1.767269859556108713e-04
8.244000000000000000e+03,1.766999484971165657e-04
8.245000000000000000e+03,1.766836794558912516e-04
8.246000000000000000e+03,1.766673376550897956e-04
8.247000000000000000e+03,1.766440109349787235e-04
8.248000000000000000e+03,1.766168425092473626e-04
8.249000000000000000e+03,1.766009663697332144e-04
8.250000000000000000e+03,1.765840279404073954e-04
8.251000000000000000e+03,1.765756896929815412e-04
8.252000000000000000e+03,1.765646738931536674e-04
8.253000000000000000e+03,1.765482593327760696e-04
8.254000000000000000e+03,1.765287597663700581e-04
8.255000000000000000e+03,1.765144406817853451e-04
8.256000000000000000e+03,1.765007764333859086e-04
8.257000000000000000e+03,1.764908083714544773e-04
8.258000000000000000e+03,1.764716580510139465e-04
8.259000000000000000e+03,1.764495682436972857e-04
8.260000000000000000e+03,1.764283952070400119e-04
8.261000000000000000e+03,1.765577180776745081e-04
8.262000000000000000e+03,1.764230255503207445e-04
8.263000000000000000e+03,1.764108601491898298e-04
8.264000000000000000e+03,1.763969630701467395e-04
8.265000000000000000e+03,1.763835607562214136e-04
8.266000000000000000e+03,1.763725449563935399e-04
8.267000000000000000e+03,1.763436011970043182e-04
8.268000000000000000e+03,1.763332693371921778e-04
8.269000000000000000e+03,1.763183827279135585e-04
8.270000000000000000e+03,1.763098407536745071e-04
8.271000000000000000e+03,1.763019827194511890e-04
8.272000000000000000e+03,1.762967876857146621e-04
8.273000000000000000e+03,1.762902538757771254e-04
8.274000000000000000e+03,1.762737083481624722e-04
8.275000000000000000e+03,1.762541505740955472e-04
8.276000000000000000e+03,1.762472093105316162e-04
8.277000000000000000e+03,1.762187021085992455e-04
8.278000000000000000e+03,1.762085157679393888e-04
8.279000000000000000e+03,1.761973253451287746e-04
8.280000000000000000e+03,1.761912280926480889e-04
8.281000000000000000e+03,1.761834719218313694e-04
8.282000000000000000e+03,1.761662715580314398e-04
8.283000000000000000e+03,1.761376042850315571e-04
8.284000000000000000e+03,1.761229796102270484e-04
8.285000000000000000e+03,1.761117164278402925e-04
8.286000000000000000e+03,1.761044113663956523e-04
8.287000000000000000e+03,1.760883023962378502e-04
8.288000000000000000e+03,1.760852755978703499e-04
8.289000000000000000e+03,1.760571612976491451e-04
8.290000000000000000e+03,1.760516606736928225e-04
8.291000000000000000e+03,1.760450977599248290e-04
8.292000000000000000e+03,1.760392187861725688e-04
8.293000000000000000e+03,1.760317099979147315e-04
8.294000000000000000e+03,1.760264131007716060e-04
8.295000000000000000e+03,1.760099403327330947e-04
8.296000000000000000e+03,1.759967271937057376e-04
8.297000000000000000e+03,1.759896986186504364e-04
8.298000000000000000e+03,1.759753067744895816e-04
8.299000000000000000e+03,1.759622537065297365e-04
8.300000000000000000e+03,1.759481092449277639e-04
8.301000000000000000e+03,1.759357692208141088e-04
8.302000000000000000e+03,1.759665028657764196e-04
8.303000000000000000e+03,1.759317383402958512e-04
8.304000000000000000e+03,1.759235310601070523e-04
8.305000000000000000e+03,1.759164151735603809e-04
8.306000000000000000e+03,1.759089791448786855e-04
8.307000000000000000e+03,1.759003935148939490e-04
8.308000000000000000e+03,1.759019069140776992e-04
8.309000000000000000e+03,1.758871803758665919e-04
8.310000000000000000e+03,1.758719445206224918e-04
8.311000000000000000e+03,1.758625730872154236e-04
8.312000000000000000e+03,1.758370926836505532e-04
8.313000000000000000e+03,1.758171129040420055e-04
8.314000000000000000e+03,1.757996797095984221e-04
8.315000000000000000e+03,1.757611025823280215e-04
8.316000000000000000e+03,1.757563150022178888e-04
8.317000000000000000e+03,1.757289865054190159e-04
8.318000000000000000e+03,1.757132704369723797e-04
8.319000000000000000e+03,1.756958517944440246e-04
8.320000000000000000e+03,1.756715500960126519e-04
8.321000000000000000e+03,1.756390847731381655e-04
8.322000000000000000e+03,1.756387355271726847e-04
8.323000000000000000e+03,1.756058627506718040e-04
8.324000000000000000e+03,1.755949342623353004e-04
8.325000000000000000e+03,1.755845005391165614e-04
8.326000000000000000e+03,1.755703851813450456e-04
8.327000000000000000e+03,1.756302663125097752e-04
8.328000000000000000e+03,1.755589910317212343e-04
8.329000000000000000e+03,1.755409757606685162e-04
8.330000000000000000e+03,1.755300909280776978e-04
8.331000000000000000e+03,1.755083503667265177e-04
8.332000000000000000e+03,1.754851837176829576e-04
8.333000000000000000e+03,1.757410791469737887e-04
8.334000000000000000e+03,1.754824479576200247e-04
8.335000000000000000e+03,1.754727854859083891e-04
8.336000000000000000e+03,1.754589029587805271e-04
8.337000000000000000e+03,1.754459663061425090e-04
8.338000000000000000e+03,1.754323020577430725e-04
8.339000000000000000e+03,1.754187251208350062e-04
8.340000000000000000e+03,1.754036493366584182e-04
8.341000000000000000e+03,1.754124095896258950e-04
8.342000000000000000e+03,1.753982505761086941e-04
8.343000000000000000e+03,1.753903925418853760e-04
8.344000000000000000e+03,1.753673714119940996e-04
8.345000000000000000e+03,1.753505785018205643e-04
8.346000000000000000e+03,1.754415279719978571e-04
8.347000000000000000e+03,1.753443357301875949e-04
8.348000000000000000e+03,1.753277174429967999e-04
8.349000000000000000e+03,1.753128162818029523e-04
8.350000000000000000e+03,1.753037795424461365e-04
8.351000000000000000e+03,1.752818061504513025e-04
8.352000000000000000e+03,1.752523967297747731e-04
8.353000000000000000e+03,1.752589014358818531e-04
8.354000000000000000e+03,1.752378157107159495e-04
8.355000000000000000e+03,1.752272364683449268e-04
8.356000000000000000e+03,1.752090902300551534e-04
8.357000000000000000e+03,1.751977688400074840e-04
8.358000000000000000e+03,1.751888485159724951e-04
8.359000000000000000e+03,1.751683594193309546e-04
8.360000000000000000e+03,1.751530362525954843e-04
8.361000000000000000e+03,1.751356903696432710e-04
8.362000000000000000e+03,1.751246745698153973e-04
8.363000000000000000e+03,1.751180243445560336e-04
8.364000000000000000e+03,1.751094387145712972e-04
8.365000000000000000e+03,1.751115196384489536e-04
8.366000000000000000e+03,1.751036179484799504e-04
8.367000000000000000e+03,1.750854717101901770e-04
8.368000000000000000e+03,1.750712690409272909e-04
8.369000000000000000e+03,1.750597293721511960e-04
8.370000000000000000e+03,1.750285446178168058e-04
8.371000000000000000e+03,1.750449009705334902e-04
8.372000000000000000e+03,1.750114606693387032e-04
8.373000000000000000e+03,1.749883522279560566e-04
8.374000000000000000e+03,1.749635994201526046e-04
8.375000000000000000e+03,1.749432849464938045e-04
8.376000000000000000e+03,1.749264047248288989e-04
8.377000000000000000e+03,1.749590446706861258e-04
8.378000000000000000e+03,1.749148359522223473e-04
8.379000000000000000e+03,1.749028306221589446e-04
8.380000000000000000e+03,1.748885842971503735e-04
8.381000000000000000e+03,1.748718495946377516e-04
8.382000000000000000e+03,1.748434733599424362e-04
8.383000000000000000e+03,1.751062809489667416e-04
8.384000000000000000e+03,1.748377253534272313e-04
8.385000000000000000e+03,1.748142531141638756e-04
8.386000000000000000e+03,1.747897185850888491e-04
8.387000000000000000e+03,1.747694768710061908e-04
8.388000000000000000e+03,1.747473288560286164e-04
8.389000000000000000e+03,1.747236092342063785e-04
8.390000000000000000e+03,1.747060450725257397e-04
8.391000000000000000e+03,1.746906782500445843e-04
8.392000000000000000e+03,1.746829075273126364e-04
8.393000000000000000e+03,1.746739872032776475e-04
8.394000000000000000e+03,1.746656926115974784e-04
8.395000000000000000e+03,1.746507186908274889e-04
8.396000000000000000e+03,1.746322814142331481e-04
8.397000000000000000e+03,1.746172638377174735e-04
8.398000000000000000e+03,1.745920162647962570e-04
8.399000000000000000e+03,1.745730842230841517e-04
8.400000000000000000e+03,1.745525078149512410e-04
8.401000000000000000e+03,1.745358458720147610e-04
8.402000000000000000e+03,1.745221234159544110e-04
8.403000000000000000e+03,1.745285699144005775e-04
8.404000000000000000e+03,1.745170156937092543e-04
8.405000000000000000e+03,1.745076297083869576e-04
8.406000000000000000e+03,1.744916662573814392e-04
8.407000000000000000e+03,1.744766486808657646e-04
8.408000000000000000e+03,1.744591572787612677e-04
8.409000000000000000e+03,1.744361798046156764e-04
8.410000000000000000e+03,1.744698820402845740e-04
8.411000000000000000e+03,1.744305918691679835e-04
8.412000000000000000e+03,1.744140317896381021e-04
8.413000000000000000e+03,1.743822213029488921e-04
8.414000000000000000e+03,1.743659522617235780e-04
8.415000000000000000e+03,1.743416069075465202e-04
8.416000000000000000e+03,1.743004104355350137e-04
8.417000000000000000e+03,1.742587046464905143e-04
8.418000000000000000e+03,1.742308668326586485e-04
8.419000000000000000e+03,1.742132881190627813e-04
8.420000000000000000e+03,1.742000749800354242e-04
8.421000000000000000e+03,1.741895684972405434e-04
8.422000000000000000e+03,1.741698361001908779e-04
8.423000000000000000e+03,1.741621963446959853e-04
8.424000000000000000e+03,1.741510350257158279e-04
8.425000000000000000e+03,1.741441519698128104e-04
8.426000000000000000e+03,1.741351443342864513e-04
8.427000000000000000e+03,1.741123123792931437e-04
8.428000000000000000e+03,1.740979641908779740e-04
8.429000000000000000e+03,1.740753214107826352e-04
8.430000000000000000e+03,1.740561419865116477e-04
8.431000000000000000e+03,1.740433217491954565e-04
8.432000000000000000e+03,1.740153966238722205e-04
8.433000000000000000e+03,1.739927101880311966e-04
8.434000000000000000e+03,1.739784638630226254e-04
8.435000000000000000e+03,1.739542349241673946e-04
8.436000000000000000e+03,1.739368162816390395e-04
8.437000000000000000e+03,1.739559811539947987e-04
8.438000000000000000e+03,1.739211875246837735e-04
8.439000000000000000e+03,1.738919527269899845e-04
8.440000000000000000e+03,1.738740975270047784e-04
8.441000000000000000e+03,1.738605060381814837e-04
8.442000000000000000e+03,1.738401042530313134e-04
8.443000000000000000e+03,1.738110149744898081e-04
8.444000000000000000e+03,1.737877901177853346e-04
8.445000000000000000e+03,1.737717393552884459e-04
8.446000000000000000e+03,1.737602869980037212e-04
8.447000000000000000e+03,1.737397979013621807e-04
8.448000000000000000e+03,1.737055281409993768e-04
8.449000000000000000e+03,1.741127198329195380e-04
8.450000000000000000e+03,1.736898411763831973e-04
8.451000000000000000e+03,1.736569392960518599e-04
8.452000000000000000e+03,1.736252015689387918e-04
8.453000000000000000e+03,1.735948462737724185e-04
8.454000000000000000e+03,1.735534897306933999e-04
8.455000000000000000e+03,1.735343248583376408e-04
8.456000000000000000e+03,1.735117984935641289e-04
8.457000000000000000e+03,1.734938123263418674e-04
8.458000000000000000e+03,1.734734250931069255e-04
8.459000000000000000e+03,1.735047844704240561e-04
8.460000000000000000e+03,1.734520483296364546e-04
8.461000000000000000e+03,1.734311517793685198e-04
8.462000000000000000e+03,1.734211400616914034e-04
8.463000000000000000e+03,1.734101824695244431e-04
8.464000000000000000e+03,1.733964163577184081e-04
8.465000000000000000e+03,1.733845419948920608e-04
8.466000000000000000e+03,1.733594253892078996e-04
8.467000000000000000e+03,1.733351236907765269e-04
8.468000000000000000e+03,1.732820528559386730e-04
8.469000000000000000e+03,1.732514210743829608e-04
8.470000000000000000e+03,1.732197997625917196e-04
8.471000000000000000e+03,1.731999218463897705e-04
8.472000000000000000e+03,1.731804804876446724e-04
8.473000000000000000e+03,1.731663651298731565e-04
8.474000000000000000e+03,1.731469383230432868e-04
8.475000000000000000e+03,1.731779484543949366e-04
8.476000000000000000e+03,1.731337833916768432e-04
8.477000000000000000e+03,1.731121737975627184e-04
8.478000000000000000e+03,1.731040683807805181e-04
8.479000000000000000e+03,1.730918593239039183e-04
8.480000000000000000e+03,1.730855001369491220e-04
8.481000000000000000e+03,1.730778167257085443e-04
8.482000000000000000e+03,1.730562216835096478e-04
8.483000000000000000e+03,1.730676449369639158e-04
8.484000000000000000e+03,1.730476942611858249e-04
8.485000000000000000e+03,1.730229269014671445e-04
8.486000000000000000e+03,1.730099611449986696e-04
8.487000000000000000e+03,1.729925716063007712e-04
8.488000000000000000e+03,1.729821233311668038e-04
8.489000000000000000e+03,1.729699870338663459e-04
8.490000000000000000e+03,1.729575160425156355e-04
8.491000000000000000e+03,1.729407813400030136e-04
8.492000000000000000e+03,1.729284558678045869e-04
8.493000000000000000e+03,1.729118666844442487e-04
8.494000000000000000e+03,1.728914940031245351e-04
8.495000000000000000e+03,1.728673669276759028e-04
8.496000000000000000e+03,1.728439819999039173e-04
8.497000000000000000e+03,1.728182396618649364e-04
8.498000000000000000e+03,1.727915805531665683e-04
8.499000000000000000e+03,1.727726630633696914e-04
8.500000000000000000e+03,1.727561175357550383e-04
8.501000000000000000e+03,1.727385824779048562e-04
8.502000000000000000e+03,1.727191120153293014e-04
8.503000000000000000e+03,1.727028866298496723e-04
8.504000000000000000e+03,1.726817863527685404e-04
8.505000000000000000e+03,1.726569316815584898e-04
8.506000000000000000e+03,1.726121408864855766e-04
8.507000000000000000e+03,1.725988986436277628e-04
8.508000000000000000e+03,1.725777983665466309e-04
8.509000000000000000e+03,1.725651090964674950e-04
8.510000000000000000e+03,1.725548063404858112e-04
8.511000000000000000e+03,1.725430629448965192e-04
8.512000000000000000e+03,1.725244947010651231e-04
8.513000000000000000e+03,1.725015608826652169e-04
8.514000000000000000e+03,1.724960020510479808e-04
8.515000000000000000e+03,1.724709291011095047e-04
8.516000000000000000e+03,1.724582252791151404e-04
8.517000000000000000e+03,1.724453904898837209e-04
8.518000000000000000e+03,1.724331668810918927e-04
8.519000000000000000e+03,1.724586763884872198e-04
8.520000000000000000e+03,1.724261237541213632e-04
8.521000000000000000e+03,1.724155154079198837e-04
8.522000000000000000e+03,1.724033354548737407e-04
8.523000000000000000e+03,1.723859022604301572e-04
8.524000000000000000e+03,1.723715540720149875e-04
8.525000000000000000e+03,1.723605819279327989e-04
8.526000000000000000e+03,1.723455934552475810e-04
8.527000000000000000e+03,1.723298337310552597e-04
8.528000000000000000e+03,1.723050663713365793e-04
8.529000000000000000e+03,1.722868619253858924e-04
8.530000000000000000e+03,1.722670567687600851e-04
8.531000000000000000e+03,1.722530141705647111e-04
8.532000000000000000e+03,1.722363958833739161e-04
8.533000000000000000e+03,1.722240267554298043e-04
8.534000000000000000e+03,1.722182787489145994e-04
8.535000000000000000e+03,1.722097804304212332e-04
8.536000000000000000e+03,1.721961016301065683e-04
8.537000000000000000e+03,1.721846056170761585e-04
8.538000000000000000e+03,1.721724693197757006e-04
8.539000000000000000e+03,1.721563749015331268e-04
8.540000000000000000e+03,1.721405278658494353e-04
8.541000000000000000e+03,1.721452426863834262e-04
8.542000000000000000e+03,1.721307053230702877e-04
8.543000000000000000e+03,1.721099688438698649e-04
8.544000000000000000e+03,1.720853761071339250e-04
8.545000000000000000e+03,1.720732107060030103e-04
8.546000000000000000e+03,1.720470900181680918e-04
8.547000000000000000e+03,1.720406580716371536e-04
8.548000000000000000e+03,1.720106665743514895e-04
8.549000000000000000e+03,1.720012660371139646e-04
8.550000000000000000e+03,1.719890569802373648e-04
8.551000000000000000e+03,1.719886204227805138e-04
8.552000000000000000e+03,1.719772262731567025e-04
8.553000000000000000e+03,1.719578722259029746e-04
8.554000000000000000e+03,1.719426363706588745e-04
8.555000000000000000e+03,1.719291467452421784e-04
8.556000000000000000e+03,1.719100691843777895e-04
8.557000000000000000e+03,1.718734274618327618e-04
8.558000000000000000e+03,1.718545681796967983e-04
8.559000000000000000e+03,1.718428247841075063e-04
8.560000000000000000e+03,1.718253915896639228e-04
8.561000000000000000e+03,1.718183339107781649e-04
8.562000000000000000e+03,1.718044804874807596e-04
8.563000000000000000e+03,1.717901177471503615e-04
8.564000000000000000e+03,1.717754639685153961e-04
8.565000000000000000e+03,1.717615377856418490e-04
8.566000000000000000e+03,1.717455743346363306e-04
8.567000000000000000e+03,1.717331615509465337e-04
8.568000000000000000e+03,1.717180421110242605e-04
8.569000000000000000e+03,1.717098930384963751e-04
8.570000000000000000e+03,1.716875849524512887e-04
8.571000000000000000e+03,1.716714177746325731e-04
8.572000000000000000e+03,1.716583501547574997e-04
8.573000000000000000e+03,1.716456463327631354e-04
8.574000000000000000e+03,1.716319529805332422e-04
8.575000000000000000e+03,1.716256811050698161e-04
8.576000000000000000e+03,1.716121187200769782e-04
8.577000000000000000e+03,1.715888502076268196e-04
8.578000000000000000e+03,1.715726684778928757e-04
8.579000000000000000e+03,1.715585240162909031e-04
8.580000000000000000e+03,1.715448306640610099e-04
8.581000000000000000e+03,1.715334947220981121e-04
8.582000000000000000e+03,1.715096732368692756e-04
8.583000000000000000e+03,1.714919635560363531e-04
8.584000000000000000e+03,1.714715035632252693e-04
8.585000000000000000e+03,1.714809186523780227e-04
8.586000000000000000e+03,1.714591926429420710e-04
8.587000000000000000e+03,1.714432291919365525e-04
8.588000000000000000e+03,1.714337849989533424e-04
8.589000000000000000e+03,1.714151148917153478e-04
8.590000000000000000e+03,1.714036479825153947e-04
8.591000000000000000e+03,1.713923556962981820e-04
8.592000000000000000e+03,1.713802485028281808e-04
8.593000000000000000e+03,1.713662932161241770e-04
8.594000000000000000e+03,1.713484089123085141e-04
8.595000000000000000e+03,1.713314559310674667e-04
8.596000000000000000e+03,1.713584642857313156e-04
8.597000000000000000e+03,1.713284436846151948e-04
8.598000000000000000e+03,1.713227102300152183e-04
8.599000000000000000e+03,1.713138044578954577e-04
8.600000000000000000e+03,1.713075034786015749e-04
8.601000000000000000e+03,1.712899684207513928e-04
8.602000000000000000e+03,1.712793746264651418e-04
8.603000000000000000e+03,1.712701341602951288e-04
8.604000000000000000e+03,1.712619268801063299e-04
8.605000000000000000e+03,1.712539378786459565e-04
8.606000000000000000e+03,1.712437078822404146e-04
8.607000000000000000e+03,1.712341763777658343e-04
8.608000000000000000e+03,1.712169760139659047e-04
8.609000000000000000e+03,1.712062658043578267e-04
8.610000000000000000e+03,1.711958175292238593e-04
8.611000000000000000e+03,1.711708464426919818e-04
8.612000000000000000e+03,1.711679651634767652e-04
8.613000000000000000e+03,1.711558434180915356e-04
8.614000000000000000e+03,1.711365912342444062e-04
8.615000000000000000e+03,1.711162331048399210e-04
8.616000000000000000e+03,1.711069198790937662e-04
8.617000000000000000e+03,1.710976357571780682e-04
8.618000000000000000e+03,1.710747310426086187e-04
8.619000000000000000e+03,1.710697542876005173e-04
8.620000000000000000e+03,1.710621581878513098e-04
8.621000000000000000e+03,1.710509532131254673e-04
8.622000000000000000e+03,1.710424839984625578e-04
8.623000000000000000e+03,1.710279029794037342e-04
8.624000000000000000e+03,1.710182696115225554e-04
8.625000000000000000e+03,1.710120850475504994e-04
8.626000000000000000e+03,1.710035139694809914e-04
8.627000000000000000e+03,1.709869538899511099e-04
8.628000000000000000e+03,1.710229116724804044e-04
8.629000000000000000e+03,1.709805655991658568e-04
8.630000000000000000e+03,1.709697680780664086e-04
8.631000000000000000e+03,1.709636708255857229e-04
8.632000000000000000e+03,1.709567586658522487e-04
8.633000000000000000e+03,1.709519565338268876e-04
8.634000000000000000e+03,1.709326024865731597e-04
8.635000000000000000e+03,1.709181960904970765e-04
8.636000000000000000e+03,1.709055941319093108e-04
8.637000000000000000e+03,1.708786294329911470e-04
8.638000000000000000e+03,1.708530908217653632e-04
8.639000000000000000e+03,1.708221971057355404e-04
8.640000000000000000e+03,1.708021882222965360e-04
8.641000000000000000e+03,1.708272175164893270e-04
8.642000000000000000e+03,1.707985356915742159e-04
8.643000000000000000e+03,1.707872288534417748e-04
8.644000000000000000e+03,1.707690680632367730e-04
8.645000000000000000e+03,1.707414194243028760e-04
8.646000000000000000e+03,1.707385090412572026e-04
8.647000000000000000e+03,1.707115297904238105e-04
8.648000000000000000e+03,1.706984912743791938e-04
8.649000000000000000e+03,1.706877228571102023e-04
8.650000000000000000e+03,1.706776383798569441e-04
8.651000000000000000e+03,1.706479961285367608e-04
8.652000000000000000e+03,1.706703478703275323e-04
8.653000000000000000e+03,1.706328475847840309e-04
8.654000000000000000e+03,1.706177135929465294e-04
8.655000000000000000e+03,1.706063630990684032e-04
8.656000000000000000e+03,1.705919130472466350e-04
8.657000000000000000e+03,1.705722825136035681e-04
8.658000000000000000e+03,1.705755566945299506e-04
8.659000000000000000e+03,1.705618196865543723e-04
8.660000000000000000e+03,1.705502509139478207e-04
8.661000000000000000e+03,1.705421746009960771e-04
8.662000000000000000e+03,1.705353788565844297e-04
8.663000000000000000e+03,1.705235190456733108e-04
8.664000000000000000e+03,1.705457689240574837e-04
8.665000000000000000e+03,1.705169415799900889e-04
8.666000000000000000e+03,1.704991154838353395e-04
8.667000000000000000e+03,1.704878523014485836e-04
8.668000000000000000e+03,1.704723108559846878e-04
8.669000000000000000e+03,1.704583555692806840e-04
8.670000000000000000e+03,1.704392198007553816e-04
8.671000000000000000e+03,1.704152673482894897e-04
8.672000000000000000e+03,1.703916350379586220e-04
8.673000000000000000e+03,1.703982125036418438e-04
8.674000000000000000e+03,1.703793677734211087e-04
8.675000000000000000e+03,1.703604939393699169e-04
8.676000000000000000e+03,1.703189482213929296e-04
8.677000000000000000e+03,1.703510788502171636e-04
8.678000000000000000e+03,1.703133893897756934e-04
8.679000000000000000e+03,1.703008892945945263e-04
8.680000000000000000e+03,1.702857698546722531e-04
8.681000000000000000e+03,1.702750741969794035e-04
8.682000000000000000e+03,1.702595618553459644e-04
8.683000000000000000e+03,1.702407607808709145e-04
8.684000000000000000e+03,1.702262379694730043e-04
8.685000000000000000e+03,1.702173904050141573e-04
8.686000000000000000e+03,1.701973233139142394e-04
8.687000000000000000e+03,1.701924775261431932e-04
8.688000000000000000e+03,1.701859000604599714e-04
8.689000000000000000e+03,1.701789587968960404e-04
8.690000000000000000e+03,1.701983710518106818e-04
8.691000000000000000e+03,1.701740984572097659e-04
8.692000000000000000e+03,1.701625878922641277e-04
8.693000000000000000e+03,1.701448636595159769e-04
8.694000000000000000e+03,1.701427390798926353e-04
8.695000000000000000e+03,1.701247092569246888e-04
8.696000000000000000e+03,1.701151340967044234e-04
8.697000000000000000e+03,1.700998254818841815e-04
8.698000000000000000e+03,1.700889552012085915e-04
8.699000000000000000e+03,1.701059081824496388e-04
8.700000000000000000e+03,1.700798311503604054e-04
8.701000000000000000e+03,1.700653956504538655e-04
8.702000000000000000e+03,1.700567227089777589e-04
8.703000000000000000e+03,1.700423017609864473e-04
8.704000000000000000e+03,1.700260472716763616e-04
8.705000000000000000e+03,1.700048887869343162e-04
8.706000000000000000e+03,1.699934364296495914e-04
8.707000000000000000e+03,1.699827262200415134e-04
8.708000000000000000e+03,1.699719869066029787e-04
8.709000000000000000e+03,1.699602871667593718e-04
8.710000000000000000e+03,1.699457643553614616e-04
8.711000000000000000e+03,1.699865388218313456e-04
8.712000000000000000e+03,1.699384447420015931e-04
8.713000000000000000e+03,1.699265412753447890e-04
8.714000000000000000e+03,1.699053536867722869e-04
8.715000000000000000e+03,1.698768901405856013e-04
8.716000000000000000e+03,1.698607229627668858e-04
8.717000000000000000e+03,1.698447158560156822e-04
8.718000000000000000e+03,1.698256382951512933e-04
8.719000000000000000e+03,1.698106352705508471e-04
8.720000000000000000e+03,1.697970583336427808e-04
8.721000000000000000e+03,1.697800325928255916e-04
8.722000000000000000e+03,1.697721891105175018e-04
8.723000000000000000e+03,1.697593979770317674e-04
8.724000000000000000e+03,1.697498373687267303e-04
8.725000000000000000e+03,1.697416300885379314e-04
8.726000000000000000e+03,1.697286352282389998e-04
8.727000000000000000e+03,1.697128464002162218e-04
8.728000000000000000e+03,1.696891122264787555e-04
8.729000000000000000e+03,1.696754479780793190e-04
8.730000000000000000e+03,1.696634717518463731e-04
8.731000000000000000e+03,1.696538092801347375e-04
8.732000000000000000e+03,1.696408289717510343e-04
8.733000000000000000e+03,1.699140411801636219e-04
8.734000000000000000e+03,1.696378894848749042e-04
8.735000000000000000e+03,1.696289691608399153e-04
8.736000000000000000e+03,1.696174003882333636e-04
8.737000000000000000e+03,1.696074759820476174e-04
8.738000000000000000e+03,1.695999526418745518e-04
8.739000000000000000e+03,1.695863320492208004e-04
8.740000000000000000e+03,1.695725368335843086e-04
8.741000000000000000e+03,1.695661776466295123e-04
8.742000000000000000e+03,1.695498503977432847e-04
8.743000000000000000e+03,1.695437385933473706e-04
8.744000000000000000e+03,1.695348473731428385e-04
8.745000000000000000e+03,1.695196842774748802e-04
8.746000000000000000e+03,1.695081737125292420e-04
8.747000000000000000e+03,1.694950769888237119e-04
8.748000000000000000e+03,1.694812526693567634e-04
8.749000000000000000e+03,1.694704842520877719e-04
8.750000000000000000e+03,1.694608217803761363e-04
8.751000000000000000e+03,1.694477978162467480e-04
8.752000000000000000e+03,1.694834936643019319e-04
8.753000000000000000e+03,1.694404636509716511e-04
8.754000000000000000e+03,1.694338134257122874e-04
8.755000000000000000e+03,1.694261736702173948e-04
8.756000000000000000e+03,1.694209495326504111e-04
8.757000000000000000e+03,1.694152160780504346e-04
8.758000000000000000e+03,1.694082020549103618e-04
8.759000000000000000e+03,1.694037928245961666e-04
8.760000000000000000e+03,1.693941303528845310e-04
8.761000000000000000e+03,1.693845697445794940e-04
8.762000000000000000e+03,1.693775411695241928e-04
8.763000000000000000e+03,1.693639351287856698e-04
8.764000000000000000e+03,1.693505328148603439e-04
8.765000000000000000e+03,1.693369558779522777e-04
8.766000000000000000e+03,1.693309750407934189e-04
8.767000000000000000e+03,1.693256344879046082e-04
8.768000000000000000e+03,1.693217345746234059e-04
8.769000000000000000e+03,1.693122321739792824e-04
8.770000000000000000e+03,1.693071535555645823e-04
8.771000000000000000e+03,1.693021040409803391e-04
8.772000000000000000e+03,1.692964142421260476e-04
8.773000000000000000e+03,1.692856749286875129e-04
8.774000000000000000e+03,1.692703517619520426e-04
8.775000000000000000e+03,1.692565856501460075e-04
8.776000000000000000e+03,1.692489749984815717e-04
8.777000000000000000e+03,1.692390214884653687e-04
8.778000000000000000e+03,1.692203222773969173e-04
8.779000000000000000e+03,1.692107907729223371e-04
8.780000000000000000e+03,1.691886136541143060e-04
8.781000000000000000e+03,1.691644429229199886e-04
8.782000000000000000e+03,1.691369106993079185e-04
8.783000000000000000e+03,1.691190409474074841e-04
8.784000000000000000e+03,1.691069046501070261e-04
8.785000000000000000e+03,1.690983481239527464e-04
8.786000000000000000e+03,1.690891367616131902e-04
8.787000000000000000e+03,1.694229140412062407e-04
8.788000000000000000e+03,1.690856006462126970e-04
8.789000000000000000e+03,1.690709177637472749e-04
8.790000000000000000e+03,1.690525823505595326e-04
8.791000000000000000e+03,1.690555218374356627e-04
8.792000000000000000e+03,1.690398057689890265e-04
8.793000000000000000e+03,1.690195058472454548e-04
8.794000000000000000e+03,1.689967466518282890e-04
8.795000000000000000e+03,1.689736527623608708e-04
8.796000000000000000e+03,1.689559139776974916e-04
8.797000000000000000e+03,1.689572527538985014e-04
8.798000000000000000e+03,1.689430209808051586e-04
8.799000000000000000e+03,1.689357741270214319e-04
8.800000000000000000e+03,1.689254713710397482e-04
8.801000000000000000e+03,1.689166529104113579e-04
8.802000000000000000e+03,1.689107593847438693e-04
8.803000000000000000e+03,1.689031632849946618e-04
8.804000000000000000e+03,1.688978663878515363e-04
8.805000000000000000e+03,1.688802440185099840e-04
8.806000000000000000e+03,1.688546617515385151e-04
8.807000000000000000e+03,1.688442280283197761e-04
8.808000000000000000e+03,1.688411575742065907e-04
8.809000000000000000e+03,1.688274642219766974e-04
8.810000000000000000e+03,1.688188494881615043e-04
8.811000000000000000e+03,1.688149495748803020e-04
8.812000000000000000e+03,1.688055344857275486e-04
8.813000000000000000e+03,1.687867188593372703e-04
8.814000000000000000e+03,1.687797339400276542e-04
8.815000000000000000e+03,1.687678741291165352e-04
8.816000000000000000e+03,1.687562617007642984e-04
8.817000000000000000e+03,1.687321637291461229e-04
8.818000000000000000e+03,1.687144831521436572e-04
8.819000000000000000e+03,1.686939067440107465e-04
8.820000000000000000e+03,1.686815230641514063e-04
8.821000000000000000e+03,1.686656760284677148e-04
8.822000000000000000e+03,1.686512550804764032e-04
8.823000000000000000e+03,1.686371397227048874e-04
8.824000000000000000e+03,1.686243340373039246e-04
8.825000000000000000e+03,1.686164905549958348e-04
8.826000000000000000e+03,1.686036703176796436e-04
8.827000000000000000e+03,1.685855822870507836e-04
8.828000000000000000e+03,1.685557363089174032e-04
8.829000000000000000e+03,1.686125469859689474e-04
8.830000000000000000e+03,1.685477764112874866e-04
8.831000000000000000e+03,1.685350871412083507e-04
8.832000000000000000e+03,1.685274473857134581e-04
8.833000000000000000e+03,1.685193856246769428e-04
8.834000000000000000e+03,1.685023744357749820e-04
8.835000000000000000e+03,1.684848975855857134e-04
8.836000000000000000e+03,1.684736780589446425e-04
8.837000000000000000e+03,1.684633607510477304e-04
8.838000000000000000e+03,1.684433227637782693e-04
8.839000000000000000e+03,1.684262824710458517e-04
8.840000000000000000e+03,1.683981972746551037e-04
8.841000000000000000e+03,1.684099115664139390e-04
8.842000000000000000e+03,1.683889859123155475e-04
8.843000000000000000e+03,1.683743903413414955e-04
8.844000000000000000e+03,1.683599984971806407e-04
8.845000000000000000e+03,1.683504960965365171e-04
8.846000000000000000e+03,1.683412847341969609e-04
8.847000000000000000e+03,1.683329319348558784e-04
8.848000000000000000e+03,1.683240698184818029e-04
8.849000000000000000e+03,1.683048467384651303e-04
8.850000000000000000e+03,1.682935107965022326e-04
8.851000000000000000e+03,1.682735892245545983e-04
8.852000000000000000e+03,1.682588044786825776e-04
8.853000000000000000e+03,1.682429137872532010e-04
8.854000000000000000e+03,1.682263100519776344e-04
8.855000000000000000e+03,1.682109432294964790e-04
8.856000000000000000e+03,1.681969879427924752e-04
8.857000000000000000e+03,1.681835128692910075e-04
8.858000000000000000e+03,1.681682188063859940e-04
8.859000000000000000e+03,1.681567227933555841e-04
8.860000000000000000e+03,1.681599387666210532e-04
8.861000000000000000e+03,1.681471767369657755e-04
8.862000000000000000e+03,1.681331341387704015e-04
8.863000000000000000e+03,1.681233843555673957e-04
8.864000000000000000e+03,1.681270805420354009e-04
8.865000000000000000e+03,1.681143621681258082e-04
8.866000000000000000e+03,1.681003632256761193e-04
8.867000000000000000e+03,1.680891291471198201e-04
8.868000000000000000e+03,1.680760324234142900e-04
8.869000000000000000e+03,1.680625427979975939e-04
8.870000000000000000e+03,1.680520363152027130e-04
8.871000000000000000e+03,1.680382702033966780e-04
8.872000000000000000e+03,1.680301211308687925e-04
8.873000000000000000e+03,1.680052955634891987e-04
8.874000000000000000e+03,1.679779525147750974e-04
8.875000000000000000e+03,1.679441484156996012e-04
8.876000000000000000e+03,1.679807464824989438e-04
8.877000000000000000e+03,1.679302949924021959e-04
8.878000000000000000e+03,1.679132255958393216e-04
8.879000000000000000e+03,1.679028500802814960e-04
8.880000000000000000e+03,1.678968837950378656e-04
8.881000000000000000e+03,1.678875269135460258e-04
8.882000000000000000e+03,1.678806875133886933e-04
8.883000000000000000e+03,1.678755943430587649e-04
8.884000000000000000e+03,1.678630069363862276e-04
8.885000000000000000e+03,1.678523840382695198e-04
8.886000000000000000e+03,1.678445114521309733e-04
8.887000000000000000e+03,1.678384578553959727e-04
8.888000000000000000e+03,1.678284461377188563e-04
8.889000000000000000e+03,1.678221888141706586e-04
8.890000000000000000e+03,1.678119006101042032e-04
8.891000000000000000e+03,1.678028784226626158e-04
8.892000000000000000e+03,1.677867985563352704e-04
8.893000000000000000e+03,1.677653635852038860e-04
8.894000000000000000e+03,1.677549589658156037e-04
8.895000000000000000e+03,1.677413674769923091e-04
8.896000000000000000e+03,1.677541440585628152e-04
8.897000000000000000e+03,1.677270920481532812e-04
8.898000000000000000e+03,1.677140971878543496e-04
8.899000000000000000e+03,1.676983665674924850e-04
8.900000000000000000e+03,1.676831452641636133e-04
8.901000000000000000e+03,1.676686079008504748e-04
8.902000000000000000e+03,1.676595566095784307e-04
8.903000000000000000e+03,1.676504907663911581e-04
8.904000000000000000e+03,1.676366518950089812e-04
8.905000000000000000e+03,1.676621905062347651e-04
8.906000000000000000e+03,1.676221290836110711e-04
8.907000000000000000e+03,1.676090905675664544e-04
8.908000000000000000e+03,1.675967650953680277e-04
8.909000000000000000e+03,1.675835810601711273e-04
8.910000000000000000e+03,1.675658713793382049e-04
8.911000000000000000e+03,1.675392995821312070e-04
8.912000000000000000e+03,1.675123203312978148e-04
8.913000000000000000e+03,1.675213279668241739e-04
8.914000000000000000e+03,1.675070961937308311e-04
8.915000000000000000e+03,1.674926315899938345e-04
8.916000000000000000e+03,1.674708182690665126e-04
8.917000000000000000e+03,1.674549566814675927e-04
8.918000000000000000e+03,1.674365048529580235e-04
8.919000000000000000e+03,1.674190571065992117e-04
8.920000000000000000e+03,1.674006052780896425e-04
8.921000000000000000e+03,1.674226805334910750e-04
8.922000000000000000e+03,1.673930673860013485e-04
8.923000000000000000e+03,1.673857623245567083e-04
8.924000000000000000e+03,1.673661899985745549e-04
8.925000000000000000e+03,1.673453371040523052e-04
8.926000000000000000e+03,1.673208171268925071e-04
8.927000000000000000e+03,1.673160586506128311e-04
8.928000000000000000e+03,1.672745420364663005e-04
8.929000000000000000e+03,1.672614889685064554e-04
8.930000000000000000e+03,1.672470971243456006e-04
8.931000000000000000e+03,1.672299404162913561e-04
8.932000000000000000e+03,1.673936058068647981e-04
8.933000000000000000e+03,1.672254438744857907e-04
8.934000000000000000e+03,1.672099606366828084e-04
8.935000000000000000e+03,1.671890204306691885e-04
8.936000000000000000e+03,1.671781064942479134e-04
8.937000000000000000e+03,1.672029029577970505e-04
8.938000000000000000e+03,1.671694335527718067e-04
8.939000000000000000e+03,1.671512727625668049e-04
8.940000000000000000e+03,1.671373320277780294e-04
8.941000000000000000e+03,1.671196514507755637e-04
8.942000000000000000e+03,1.671223435550928116e-04
8.943000000000000000e+03,1.671127538429573178e-04
8.944000000000000000e+03,1.671027857810258865e-04
8.945000000000000000e+03,1.670793571975082159e-04
8.946000000000000000e+03,1.670668716542422771e-04
8.947000000000000000e+03,1.670547935646027327e-04
8.948000000000000000e+03,1.670465717324987054e-04
8.949000000000000000e+03,1.670384226599708200e-04
8.950000000000000000e+03,1.670297497184947133e-04
8.951000000000000000e+03,1.670119818300008774e-04
8.952000000000000000e+03,1.669932098593562841e-04
8.953000000000000000e+03,1.669749472057446837e-04
8.954000000000000000e+03,1.669560733716934919e-04
8.955000000000000000e+03,1.669447374297305942e-04
8.956000000000000000e+03,1.669194753048941493e-04
8.957000000000000000e+03,1.668937329668551683e-04
8.958000000000000000e+03,1.668917830102145672e-04
8.959000000000000000e+03,1.668815675657242537e-04
8.960000000000000000e+03,1.668612239882349968e-04
8.961000000000000000e+03,1.668497570790350437e-04
8.962000000000000000e+03,1.668405893724411726e-04
8.963000000000000000e+03,1.668245240580290556e-04
8.964000000000000000e+03,1.668322220211848617e-04
8.965000000000000000e+03,1.668157783569768071e-04
8.966000000000000000e+03,1.668020704528316855e-04
8.967000000000000000e+03,1.667732431087642908e-04
8.968000000000000000e+03,1.667602045927196741e-04
8.969000000000000000e+03,1.667497272137552500e-04
8.970000000000000000e+03,1.667338510742411017e-04
8.971000000000000000e+03,1.667223841650411487e-04
8.972000000000000000e+03,1.666987227508798242e-04
8.973000000000000000e+03,1.666869939072057605e-04
8.974000000000000000e+03,1.666660828050225973e-04
8.975000000000000000e+03,1.666453608777374029e-04
8.976000000000000000e+03,1.666150055825710297e-04
8.977000000000000000e+03,1.666090975049883127e-04
8.978000000000000000e+03,1.665787276579067111e-04
8.979000000000000000e+03,1.665657036937773228e-04
8.980000000000000000e+03,1.665494928602129221e-04
8.981000000000000000e+03,1.665341842453926802e-04
8.982000000000000000e+03,1.675745152169838548e-04
8.983000000000000000e+03,1.665287854848429561e-04
8.984000000000000000e+03,1.665117742959409952e-04
8.985000000000000000e+03,1.664949231781065464e-04
8.986000000000000000e+03,1.664797600824385881e-04
8.987000000000000000e+03,1.664547889959067106e-04
8.988000000000000000e+03,1.664313895162194967e-04
8.989000000000000000e+03,1.663992152316495776e-04
8.990000000000000000e+03,1.663842704147100449e-04
8.991000000000000000e+03,1.663705334067344666e-04
8.992000000000000000e+03,1.663551374804228544e-04
8.993000000000000000e+03,1.663465955061838031e-04
8.994000000000000000e+03,1.663223083596676588e-04
8.995000000000000000e+03,1.662988797761499882e-04
8.996000000000000000e+03,1.663261209614574909e-04
8.997000000000000000e+03,1.662915456108748913e-04
8.998000000000000000e+03,1.662766444496810436e-04
8.999000000000000000e+03,1.662658760324120522e-04
9.000000000000000000e+03,1.662534632487222552e-04
9.001000000000000000e+03,1.662389258854091167e-04
9.002000000000000000e+03,1.662256836425513029e-04
9.003000000000000000e+03,1.662180438870564103e-04
9.004000000000000000e+03,1.662105496507138014e-04
9.005000000000000000e+03,1.662056019995361567e-04
9.006000000000000000e+03,1.661950227571651340e-04
9.007000000000000000e+03,1.661699207033962011e-04
9.008000000000000000e+03,1.661536662140861154e-04
9.009000000000000000e+03,1.661400601733475924e-04
9.010000000000000000e+03,1.661181740928441286e-04
9.011000000000000000e+03,1.661033311393111944e-04
9.012000000000000000e+03,1.660950219957157969e-04
9.013000000000000000e+03,1.660825073486194015e-04
9.014000000000000000e+03,1.660746056586503983e-04
9.015000000000000000e+03,1.660683628870174289e-04
9.016000000000000000e+03,1.660628186073154211e-04
9.017000000000000000e+03,1.660556445131078362e-04
9.018000000000000000e+03,1.660468697082251310e-04
9.019000000000000000e+03,1.660508860368281603e-04
9.020000000000000000e+03,1.660348352743312716e-04
9.021000000000000000e+03,1.660207344684749842e-04
9.022000000000000000e+03,1.660045672906562686e-04
9.023000000000000000e+03,1.659945264691486955e-04
9.024000000000000000e+03,1.659635454416275024e-04
9.025000000000000000e+03,1.659429399296641350e-04
9.026000000000000000e+03,1.659307454247027636e-04
9.027000000000000000e+03,1.659220288274809718e-04
9.028000000000000000e+03,1.659107947489246726e-04
9.029000000000000000e+03,1.658967521507292986e-04
9.030000000000000000e+03,1.658731925999745727e-04
9.031000000000000000e+03,1.658466062508523464e-04
9.032000000000000000e+03,1.658352557569742203e-04
9.033000000000000000e+03,1.658578403294086456e-04
9.034000000000000000e+03,1.658286055317148566e-04
9.035000000000000000e+03,1.658164110267534852e-04
9.036000000000000000e+03,1.657989487284794450e-04
9.037000000000000000e+03,1.657873363001272082e-04
9.038000000000000000e+03,1.657802786212414503e-04
9.039000000000000000e+03,1.657727989368140697e-04
9.040000000000000000e+03,1.657600514590740204e-04
9.041000000000000000e+03,1.657405227888375521e-04
9.042000000000000000e+03,1.657140965107828379e-04
9.043000000000000000e+03,1.656918320804834366e-04
9.044000000000000000e+03,1.656762906350195408e-04
9.045000000000000000e+03,1.656625972827896476e-04
9.046000000000000000e+03,1.656517270021140575e-04
9.047000000000000000e+03,1.656722743064165115e-04
9.048000000000000000e+03,1.656432141317054629e-04
9.049000000000000000e+03,1.656304521020501852e-04
9.050000000000000000e+03,1.656170934438705444e-04
9.051000000000000000e+03,1.656082022236660123e-04
9.052000000000000000e+03,1.658568071434274316e-04
9.053000000000000000e+03,1.656034291954711080e-04
9.054000000000000000e+03,1.655943342484533787e-04
9.055000000000000000e+03,1.655731612117961049e-04
9.056000000000000000e+03,1.655535888858139515e-04
9.057000000000000000e+03,1.655753148952499032e-04
9.058000000000000000e+03,1.655454689171165228e-04
9.059000000000000000e+03,1.655300147831439972e-04
9.060000000000000000e+03,1.655183732509613037e-04
9.061000000000000000e+03,1.655002706684172153e-04
9.062000000000000000e+03,1.654823281569406390e-04
9.063000000000000000e+03,1.654833322390913963e-04
9.064000000000000000e+03,1.654686930123716593e-04
9.065000000000000000e+03,1.654540101299062371e-04
9.066000000000000000e+03,1.654372754273936152e-04
9.067000000000000000e+03,1.654269726714119315e-04
9.068000000000000000e+03,1.654124789638444781e-04
9.069000000000000000e+03,1.654017687542364001e-04
9.070000000000000000e+03,1.653911895118653774e-04
9.071000000000000000e+03,1.653844665270298719e-04
9.072000000000000000e+03,1.653658691793680191e-04
9.073000000000000000e+03,1.655394589761272073e-04
9.074000000000000000e+03,1.653605431783944368e-04
9.075000000000000000e+03,1.653365325182676315e-04
9.076000000000000000e+03,1.653223152970895171e-04
9.077000000000000000e+03,1.652977953199297190e-04
9.078000000000000000e+03,1.652700302656739950e-04
9.079000000000000000e+03,1.652497303439304233e-04
9.080000000000000000e+03,1.652327191550284624e-04
9.081000000000000000e+03,1.652105856919661164e-04
9.082000000000000000e+03,1.651864731684327126e-04
9.083000000000000000e+03,1.651703787501901388e-04
9.084000000000000000e+03,1.651510247029364109e-04
9.085000000000000000e+03,1.651388593018054962e-04
9.086000000000000000e+03,1.651290513109415770e-04
9.087000000000000000e+03,1.651166676310822368e-04
9.088000000000000000e+03,1.650990889174863696e-04
9.089000000000000000e+03,1.650796475587412715e-04
9.090000000000000000e+03,1.650551130296662450e-04
9.091000000000000000e+03,1.650391786824911833e-04
9.092000000000000000e+03,1.650204794714227319e-04
9.093000000000000000e+03,1.649924088269472122e-04
9.094000000000000000e+03,1.649733603699132800e-04
9.095000000000000000e+03,1.649573678150773048e-04
9.096000000000000000e+03,1.649461482884362340e-04
9.097000000000000000e+03,1.649391924729570746e-04
9.098000000000000000e+03,1.649316254770383239e-04
9.099000000000000000e+03,1.649245095904916525e-04
9.100000000000000000e+03,1.649080513743683696e-04
9.101000000000000000e+03,1.649008045205846429e-04
9.102000000000000000e+03,1.648864708840847015e-04
9.103000000000000000e+03,1.648732722969725728e-04
9.104000000000000000e+03,1.648633915465325117e-04
9.105000000000000000e+03,1.650119957048445940e-04
9.106000000000000000e+03,1.648598699830472469e-04
9.107000000000000000e+03,1.648460165597498417e-04
9.108000000000000000e+03,1.648367906454950571e-04
9.109000000000000000e+03,1.648290344746783376e-04
9.110000000000000000e+03,1.648210163693875074e-04
9.111000000000000000e+03,1.648155448492616415e-04
9.112000000000000000e+03,1.648069446673616767e-04
9.113000000000000000e+03,1.647961034905165434e-04
9.114000000000000000e+03,1.647833123570308089e-04
9.115000000000000000e+03,1.647615135880187154e-04
9.116000000000000000e+03,1.647470780881121755e-04
9.117000000000000000e+03,1.647304598009213805e-04
9.118000000000000000e+03,1.647164463065564632e-04
9.119000000000000000e+03,1.647086610319092870e-04
9.120000000000000000e+03,1.646922755753621459e-04
9.121000000000000000e+03,1.646737800911068916e-04
9.122000000000000000e+03,1.646966265980154276e-04
9.123000000000000000e+03,1.646660530241206288e-04
9.124000000000000000e+03,1.646487944526597857e-04
9.125000000000000000e+03,1.646373275434598327e-04
9.126000000000000000e+03,1.646283199079334736e-04
9.127000000000000000e+03,1.646190212341025472e-04
9.128000000000000000e+03,1.646135206101462245e-04
9.129000000000000000e+03,1.646026503294706345e-04
9.130000000000000000e+03,1.645947486395016313e-04
9.131000000000000000e+03,1.645881420699879527e-04
9.132000000000000000e+03,1.645753654884174466e-04
9.133000000000000000e+03,1.645578158786520362e-04
9.134000000000000000e+03,1.645339507376775146e-04
9.135000000000000000e+03,1.645050506340339780e-04
9.136000000000000000e+03,1.644838193897157907e-04
9.137000000000000000e+03,1.644569420022889972e-04
9.138000000000000000e+03,1.644437143113464117e-04
9.139000000000000000e+03,1.644141157157719135e-04
9.140000000000000000e+03,1.643991272430866957e-04
9.141000000000000000e+03,1.643856958253309131e-04
9.142000000000000000e+03,1.643674331717193127e-04
9.143000000000000000e+03,1.643461000639945269e-04
9.144000000000000000e+03,1.643279392737895250e-04
9.145000000000000000e+03,1.643088617129251361e-04
9.146000000000000000e+03,1.642837742110714316e-04
9.147000000000000000e+03,1.642573333811014891e-04
9.148000000000000000e+03,1.642444549361243844e-04
9.149000000000000000e+03,1.642400166019797325e-04
9.150000000000000000e+03,1.642306015128269792e-04
9.151000000000000000e+03,1.642229617573320866e-04
9.152000000000000000e+03,1.642150164116173983e-04
9.153000000000000000e+03,1.642016140976920724e-04
9.154000000000000000e+03,1.641895360080525279e-04
9.155000000000000000e+03,1.641774142626672983e-04
9.156000000000000000e+03,1.641705312067642808e-04
9.157000000000000000e+03,1.641573908273130655e-04
9.158000000000000000e+03,1.641478593228384852e-04
9.159000000000000000e+03,1.641263806959614158e-04
9.160000000000000000e+03,1.641074632061645389e-04
9.161000000000000000e+03,1.645784941501915455e-04
9.162000000000000000e+03,1.641050766920670867e-04
9.163000000000000000e+03,1.640937553020194173e-04
9.164000000000000000e+03,1.640880072955042124e-04
9.165000000000000000e+03,1.640810078242793679e-04
9.166000000000000000e+03,1.640746631892398000e-04
9.167000000000000000e+03,1.640574919292703271e-04
9.168000000000000000e+03,1.640724512981250882e-04
9.169000000000000000e+03,1.640496193431317806e-04
9.170000000000000000e+03,1.640424889046698809e-04
9.171000000000000000e+03,1.640308764763176441e-04
9.172000000000000000e+03,1.640232803765684366e-04
9.173000000000000000e+03,1.640124537516385317e-04
9.174000000000000000e+03,1.640020200284197927e-04
9.175000000000000000e+03,1.639915717532858253e-04
9.176000000000000000e+03,1.639785623410716653e-04
9.177000000000000000e+03,1.639648544369265437e-04
9.178000000000000000e+03,1.639511174289509654e-04
9.179000000000000000e+03,1.639422116568312049e-04
9.180000000000000000e+03,1.639365073060616851e-04
9.181000000000000000e+03,1.639232941670343280e-04
9.182000000000000000e+03,1.639169058762490749e-04
9.183000000000000000e+03,1.638929388718679547e-04
9.184000000000000000e+03,1.638865651329979300e-04
9.185000000000000000e+03,1.638822286622598767e-04
9.186000000000000000e+03,1.638746034586802125e-04
9.187000000000000000e+03,1.638644462218508124e-04
9.188000000000000000e+03,1.638726243982091546e-04
9.189000000000000000e+03,1.638542598811909556e-04
9.190000000000000000e+03,1.638270623516291380e-04
9.191000000000000000e+03,1.638070534681901336e-04
9.192000000000000000e+03,1.637809327803552151e-04
9.193000000000000000e+03,1.637779932934790850e-04
9.194000000000000000e+03,1.637458626646548510e-04
9.195000000000000000e+03,1.637321402085945010e-04
9.196000000000000000e+03,1.637139794183894992e-04
9.197000000000000000e+03,1.636958186281844974e-04
9.198000000000000000e+03,1.637339737499132752e-04
9.199000000000000000e+03,1.636857341509312391e-04
9.200000000000000000e+03,1.636679953662678599e-04
9.201000000000000000e+03,1.636534288991242647e-04
9.202000000000000000e+03,1.636425004107877612e-04
9.203000000000000000e+03,1.636214146856218576e-04
9.204000000000000000e+03,1.636091328691691160e-04
9.205000000000000000e+03,1.636000233702361584e-04
9.206000000000000000e+03,1.635823427932336926e-04
9.207000000000000000e+03,1.635568914934992790e-04
9.208000000000000000e+03,1.635434455238282681e-04
9.209000000000000000e+03,1.635291118873283267e-04
9.210000000000000000e+03,1.635174266993999481e-04
9.211000000000000000e+03,1.635079097468405962e-04
9.212000000000000000e+03,1.634857471799477935e-04
9.213000000000000000e+03,1.634603540878742933e-04
9.214000000000000000e+03,1.634485088288784027e-04
9.215000000000000000e+03,1.634239451959729195e-04
9.216000000000000000e+03,1.634085347177460790e-04
9.217000000000000000e+03,1.634013606235384941e-04
9.218000000000000000e+03,1.633913052501156926e-04
9.219000000000000000e+03,1.633811916690319777e-04
9.220000000000000000e+03,1.633709471207112074e-04
9.221000000000000000e+03,1.633508945815265179e-04
9.222000000000000000e+03,1.633284991839900613e-04
9.223000000000000000e+03,1.633077190490439534e-04
9.224000000000000000e+03,1.632939820410683751e-04
9.225000000000000000e+03,1.632824860280379653e-04
9.226000000000000000e+03,1.632657949812710285e-04
9.227000000000000000e+03,1.632549683563411236e-04
9.228000000000000000e+03,1.632376515772193670e-04
9.229000000000000000e+03,1.632237981539219618e-04
9.230000000000000000e+03,1.631953491596505046e-04
9.231000000000000000e+03,1.631824852665886283e-04
9.232000000000000000e+03,1.631723862374201417e-04
9.233000000000000000e+03,1.631568447919562459e-04
9.234000000000000000e+03,1.631408667890354991e-04
9.235000000000000000e+03,1.631202758289873600e-04
9.236000000000000000e+03,1.680945424595847726e-04
9.237000000000000000e+03,1.631166524020954967e-04
9.238000000000000000e+03,1.631006743991747499e-04
9.239000000000000000e+03,1.630762999411672354e-04
9.240000000000000000e+03,1.630600163480266929e-04
9.241000000000000000e+03,1.630453771213069558e-04
9.242000000000000000e+03,1.630146580282598734e-04
9.243000000000000000e+03,1.630473416298627853e-04
9.244000000000000000e+03,1.629871840123087168e-04
9.245000000000000000e+03,1.629558973945677280e-04
9.246000000000000000e+03,1.629313919693231583e-04
9.247000000000000000e+03,1.629167963983491063e-04
9.248000000000000000e+03,1.628828031243756413e-04
9.249000000000000000e+03,1.630408660275861621e-04
9.250000000000000000e+03,1.628671889193356037e-04
9.251000000000000000e+03,1.628314057597890496e-04
9.252000000000000000e+03,1.628067111596465111e-04
9.253000000000000000e+03,1.627892779652029276e-04
9.254000000000000000e+03,1.627561287023127079e-04
9.255000000000000000e+03,1.628602913115173578e-04
9.256000000000000000e+03,1.627449091756716371e-04
9.257000000000000000e+03,1.627175079192966223e-04
9.258000000000000000e+03,1.626799057703465223e-04
9.259000000000000000e+03,1.634243235457688570e-04
9.260000000000000000e+03,1.626714220037683845e-04
9.261000000000000000e+03,1.626561424927785993e-04
9.262000000000000000e+03,1.626334124011918902e-04
9.263000000000000000e+03,1.626074372325092554e-04
9.264000000000000000e+03,1.625674922252073884e-04
9.265000000000000000e+03,1.625545846763998270e-04
9.266000000000000000e+03,1.625189033802598715e-04
9.267000000000000000e+03,1.624960132176056504e-04
9.268000000000000000e+03,1.624721771804615855e-04
9.269000000000000000e+03,1.624562137294560671e-04
9.270000000000000000e+03,1.624356082174926996e-04
9.271000000000000000e+03,1.624277356313541532e-04
9.272000000000000000e+03,1.624179567443206906e-04
9.273000000000000000e+03,1.624069991521537304e-04
9.274000000000000000e+03,1.623970165383070707e-04
9.275000000000000000e+03,1.623849384486675262e-04
9.276000000000000000e+03,1.623705320525914431e-04
9.277000000000000000e+03,1.623603748157620430e-04
9.278000000000000000e+03,1.623389398446306586e-04
9.279000000000000000e+03,1.623201387701556087e-04
9.280000000000000000e+03,1.623014686629176140e-04
9.281000000000000000e+03,1.622912095626816154e-04
9.282000000000000000e+03,1.622878917260095477e-04
9.283000000000000000e+03,1.622749114176258445e-04
9.284000000000000000e+03,1.622678828425705433e-04
9.285000000000000000e+03,1.622621057322248816e-04
9.286000000000000000e+03,1.622517302166670561e-04
9.287000000000000000e+03,1.622377894818782806e-04
9.288000000000000000e+03,1.622375712031498551e-04
9.289000000000000000e+03,1.622279232833534479e-04
9.290000000000000000e+03,1.622201234567910433e-04
9.291000000000000000e+03,1.622011041035875678e-04
9.292000000000000000e+03,1.621751725906506181e-04
9.293000000000000000e+03,1.621611590962857008e-04
9.294000000000000000e+03,1.622533309273421764e-04
9.295000000000000000e+03,1.621518895262852311e-04
9.296000000000000000e+03,1.621366682229563594e-04
9.297000000000000000e+03,1.621272094780579209e-04
9.298000000000000000e+03,1.621216506464406848e-04
9.299000000000000000e+03,1.620999828446656466e-04
9.300000000000000000e+03,1.620756374904885888e-04
9.301000000000000000e+03,1.620600960450246930e-04
9.302000000000000000e+03,1.620416442165151238e-04
9.303000000000000000e+03,1.621558767510578036e-04
9.304000000000000000e+03,1.620329712750390172e-04
9.305000000000000000e+03,1.620230905245989561e-04
9.306000000000000000e+03,1.620033872313797474e-04
9.307000000000000000e+03,1.619899558136239648e-04
9.308000000000000000e+03,1.619760005269199610e-04
9.309000000000000000e+03,1.619560935068875551e-04
9.310000000000000000e+03,1.619402028154581785e-04
9.311000000000000000e+03,1.619162940187379718e-04
9.312000000000000000e+03,1.618936803424730897e-04
9.313000000000000000e+03,1.618787355255335569e-04
9.314000000000000000e+03,1.618582027731463313e-04
9.315000000000000000e+03,1.618578389752656221e-04
9.316000000000000000e+03,1.618510723346844316e-04
9.317000000000000000e+03,1.618391397641971707e-04
9.318000000000000000e+03,1.618296955712139606e-04
9.319000000000000000e+03,1.617992820683866739e-04
9.320000000000000000e+03,1.617748202988877892e-04
9.321000000000000000e+03,1.617443340364843607e-04
9.322000000000000000e+03,1.617343368707224727e-04
9.323000000000000000e+03,1.617116795387119055e-04
9.324000000000000000e+03,1.617010129848495126e-04
9.325000000000000000e+03,1.616881345398724079e-04
9.326000000000000000e+03,1.616830413695424795e-04
9.327000000000000000e+03,1.616590016055852175e-04
9.328000000000000000e+03,1.616491790628060699e-04
9.329000000000000000e+03,1.616321969777345657e-04
9.330000000000000000e+03,1.616200461285188794e-04
9.331000000000000000e+03,1.616090885363519192e-04
9.332000000000000000e+03,1.616026711417362094e-04
9.333000000000000000e+03,1.615954824956133962e-04
9.334000000000000000e+03,1.615852379472926259e-04
9.335000000000000000e+03,1.615669752936810255e-04
9.336000000000000000e+03,1.615543296793475747e-04
9.337000000000000000e+03,1.615407527424395084e-04
9.338000000000000000e+03,1.615321671124547720e-04
9.339000000000000000e+03,1.616105582797899842e-04
9.340000000000000000e+03,1.615297805983573198e-04
9.341000000000000000e+03,1.615180080989375710e-04
9.342000000000000000e+03,1.615031069377437234e-04
9.343000000000000000e+03,1.614828652236610651e-04
9.344000000000000000e+03,1.614726206753402948e-04
9.345000000000000000e+03,1.614528009667992592e-04
9.346000000000000000e+03,1.614316424820572138e-04
9.347000000000000000e+03,1.614125794731080532e-04
9.348000000000000000e+03,1.613813947187736630e-04
9.349000000000000000e+03,1.618638489162549376e-04
9.350000000000000000e+03,1.613775675650686026e-04
9.351000000000000000e+03,1.613646745681762695e-04
9.352000000000000000e+03,1.613543718121945858e-04
9.353000000000000000e+03,1.613468921277672052e-04
9.354000000000000000e+03,1.613276399439200759e-04
9.355000000000000000e+03,1.613300264580175281e-04
9.356000000000000000e+03,1.613211643416434526e-04
9.357000000000000000e+03,1.613133499631658196e-04
9.358000000000000000e+03,1.613016065675765276e-04
9.359000000000000000e+03,1.612793275853618979e-04
9.360000000000000000e+03,1.612627966096624732e-04
9.361000000000000000e+03,1.614762004464864731e-04
9.362000000000000000e+03,1.612572959857061505e-04
9.363000000000000000e+03,1.612448686501011252e-04
9.364000000000000000e+03,1.612300111446529627e-04
9.365000000000000000e+03,1.612159976502880454e-04
9.366000000000000000e+03,1.612017513252794743e-04
9.367000000000000000e+03,1.611985208000987768e-04
9.368000000000000000e+03,1.611730403965339065e-04
9.369000000000000000e+03,1.611581974430009723e-04
9.370000000000000000e+03,1.611416519153863192e-04
9.371000000000000000e+03,1.611150655662640929e-04
9.372000000000000000e+03,1.610982435522601008e-04
9.373000000000000000e+03,1.610811450518667698e-04
9.374000000000000000e+03,1.610701729077845812e-04
9.375000000000000000e+03,1.610548788448795676e-04
9.376000000000000000e+03,1.610385370440781116e-04
9.377000000000000000e+03,1.610229228390380740e-04
9.378000000000000000e+03,1.610136678209528327e-04
9.379000000000000000e+03,1.610003673704341054e-04
9.380000000000000000e+03,1.609922910574823618e-04
9.381000000000000000e+03,1.609811006346717477e-04
9.382000000000000000e+03,1.609787868801504374e-04
9.383000000000000000e+03,1.609601313248276711e-04
9.384000000000000000e+03,1.609467435628175735e-04
9.385000000000000000e+03,1.609332102816551924e-04
9.386000000000000000e+03,1.609278842806816101e-04
9.387000000000000000e+03,1.609134196769446135e-04
9.388000000000000000e+03,1.609092869330197573e-04
9.389000000000000000e+03,1.609001046745106578e-04
9.390000000000000000e+03,1.608879538252949715e-04
9.391000000000000000e+03,1.608802849659696221e-04
9.392000000000000000e+03,1.608535967534407973e-04
9.393000000000000000e+03,1.608437014510855079e-04
9.394000000000000000e+03,1.608342718100175261e-04
9.395000000000000000e+03,1.608253514859825373e-04
9.396000000000000000e+03,1.608468446647748351e-04
9.397000000000000000e+03,1.608216698514297605e-04
9.398000000000000000e+03,1.608168386155739427e-04
9.399000000000000000e+03,1.608123275218531489e-04
9.400000000000000000e+03,1.608083694009110332e-04
9.401000000000000000e+03,1.608047314221039414e-04
9.402000000000000000e+03,1.607967424206435680e-04
9.403000000000000000e+03,1.607914455235004425e-04
9.404000000000000000e+03,1.607799349585548043e-04
9.405000000000000000e+03,1.607711019460111856e-04
9.406000000000000000e+03,1.607646117918193340e-04
9.407000000000000000e+03,1.607571757631376386e-04
9.408000000000000000e+03,1.607507001608610153e-04
9.409000000000000000e+03,1.607450540177524090e-04
9.410000000000000000e+03,1.607331505510956049e-04
9.411000000000000000e+03,1.607193407835438848e-04
9.412000000000000000e+03,1.607095910003408790e-04
9.413000000000000000e+03,1.606916775926947594e-04
9.414000000000000000e+03,1.606800069566816092e-04
9.415000000000000000e+03,1.606672594789415598e-04
9.416000000000000000e+03,1.606531150173395872e-04
9.417000000000000000e+03,1.606347068445757031e-04
9.418000000000000000e+03,1.606176519999280572e-04
9.419000000000000000e+03,1.606045698281377554e-04
9.420000000000000000e+03,1.605835277587175369e-04
9.421000000000000000e+03,1.605946308700367808e-04
9.422000000000000000e+03,1.605727593414485455e-04
9.423000000000000000e+03,1.605507422937080264e-04
9.424000000000000000e+03,1.605301076779142022e-04
9.425000000000000000e+03,1.605155703146010637e-04
9.426000000000000000e+03,1.605018915142863989e-04
9.427000000000000000e+03,1.604964490979909897e-04
9.428000000000000000e+03,1.604800636414438486e-04
9.429000000000000000e+03,1.604724820936098695e-04
9.430000000000000000e+03,1.604650024091824889e-04
9.431000000000000000e+03,1.604563003638759255e-04
9.432000000000000000e+03,1.604425924597308040e-04
9.433000000000000000e+03,1.604226854396983981e-04
9.434000000000000000e+03,1.604005810804665089e-04
9.435000000000000000e+03,1.603932323632761836e-04
9.436000000000000000e+03,1.603684358997270465e-04
9.437000000000000000e+03,1.603509444976225495e-04
9.438000000000000000e+03,1.603353739483281970e-04
9.439000000000000000e+03,1.603175478521734476e-04
9.440000000000000000e+03,1.602995180292055011e-04
9.441000000000000000e+03,1.602870324859395623e-04
9.442000000000000000e+03,1.602767297299578786e-04
9.443000000000000000e+03,1.602523116162046790e-04
9.444000000000000000e+03,1.602287229616194963e-04
9.445000000000000000e+03,1.602114789420738816e-04
9.446000000000000000e+03,1.602000702405348420e-04
9.447000000000000000e+03,1.601882977411150932e-04
9.448000000000000000e+03,1.601778494659811258e-04
9.449000000000000000e+03,1.601668191142380238e-04
9.450000000000000000e+03,1.601519179530441761e-04
9.451000000000000000e+03,1.601370604475960135e-04
9.452000000000000000e+03,1.601271069375798106e-04
9.453000000000000000e+03,1.601095864316448569e-04
9.454000000000000000e+03,1.601016701897606254e-04
9.455000000000000000e+03,1.600960968062281609e-04
9.456000000000000000e+03,1.601208641659468412e-04
9.457000000000000000e+03,1.600925170350819826e-04
9.458000000000000000e+03,1.600828691152855754e-04
9.459000000000000000e+03,1.600728428456932306e-04
9.460000000000000000e+03,1.600649702595546842e-04
9.461000000000000000e+03,1.600522809894755483e-04
9.462000000000000000e+03,1.600370596861466765e-04
9.463000000000000000e+03,1.600299001438543200e-04
9.464000000000000000e+03,1.600112009327858686e-04
9.465000000000000000e+03,1.600579998921602964e-04
9.466000000000000000e+03,1.600016548763960600e-04
9.467000000000000000e+03,1.599888782948255539e-04
9.468000000000000000e+03,1.599754323251545429e-04
9.469000000000000000e+03,1.599460083525627851e-04
9.470000000000000000e+03,1.599337992956861854e-04
9.471000000000000000e+03,1.599169772816821933e-04
9.472000000000000000e+03,1.598994422238320112e-04
9.473000000000000000e+03,1.598681992618367076e-04
9.474000000000000000e+03,1.598477538209408522e-04
9.475000000000000000e+03,1.598352246219292283e-04
9.476000000000000000e+03,1.598263188498094678e-04
9.477000000000000000e+03,1.598188828211277723e-04
9.478000000000000000e+03,1.598052185727283359e-04
9.479000000000000000e+03,1.597947411937639117e-04
9.480000000000000000e+03,1.597873633727431297e-04
9.481000000000000000e+03,1.597681839484721422e-04
9.482000000000000000e+03,1.597538503119722009e-04
9.483000000000000000e+03,1.597427326487377286e-04
9.484000000000000000e+03,1.597128575667738914e-04
9.485000000000000000e+03,1.596939982846379280e-04
9.486000000000000000e+03,1.596738584339618683e-04
9.487000000000000000e+03,1.596664224052801728e-04
9.488000000000000000e+03,1.596575893927365541e-04
9.489000000000000000e+03,1.596416987013071775e-04
9.490000000000000000e+03,1.596279325895011425e-04
9.491000000000000000e+03,1.596084766788408160e-04
9.492000000000000000e+03,1.596109214005991817e-04
9.493000000000000000e+03,1.595970388734713197e-04
9.494000000000000000e+03,1.595831563463434577e-04
9.495000000000000000e+03,1.595692156115546823e-04
9.496000000000000000e+03,1.595512148924171925e-04
9.497000000000000000e+03,1.595353533048182726e-04
9.498000000000000000e+03,1.595121284481137991e-04
9.499000000000000000e+03,1.594940404174849391e-04
9.500000000000000000e+03,1.594827481312677264e-04
9.501000000000000000e+03,1.594737259438261390e-04
9.502000000000000000e+03,1.594500790815800428e-04
9.503000000000000000e+03,1.594333880348131061e-04
9.504000000000000000e+03,1.594195346115157008e-04
9.505000000000000000e+03,1.594058558112010360e-04
9.506000000000000000e+03,1.593822235008701682e-04
9.507000000000000000e+03,1.593617344042286277e-04
9.508000000000000000e+03,1.593710912857204676e-04
9.509000000000000000e+03,1.593551569385454059e-04
9.510000000000000000e+03,1.593441265868023038e-04
9.511000000000000000e+03,1.593178603798151016e-04
9.512000000000000000e+03,1.593021443113684654e-04
9.513000000000000000e+03,1.592844055267050862e-04
9.514000000000000000e+03,1.592675980646163225e-04
9.515000000000000000e+03,1.592810876900330186e-04
9.516000000000000000e+03,1.592624903423711658e-04
9.517000000000000000e+03,1.592573389643803239e-04
9.518000000000000000e+03,1.592486078152433038e-04
9.519000000000000000e+03,1.592421322129666805e-04
9.520000000000000000e+03,1.592322660144418478e-04
9.521000000000000000e+03,1.592340559000149369e-04
9.522000000000000000e+03,1.592198386788368225e-04
9.523000000000000000e+03,1.592016342328861356e-04
9.524000000000000000e+03,1.591874897712841630e-04
9.525000000000000000e+03,1.591730397194623947e-04
9.526000000000000000e+03,1.591569307493045926e-04
9.527000000000000000e+03,1.591375330463051796e-04
9.528000000000000000e+03,1.591118634678423405e-04
9.529000000000000000e+03,1.590963074704632163e-04
9.530000000000000000e+03,1.590861065778881311e-04
9.531000000000000000e+03,1.590764004504308105e-04
9.532000000000000000e+03,1.590697502251714468e-04
9.533000000000000000e+03,1.590521569596603513e-04
9.534000000000000000e+03,1.590463944012299180e-04
9.535000000000000000e+03,1.590094325365498662e-04
9.536000000000000000e+03,1.589910971233621240e-04
9.537000000000000000e+03,1.589778403285890818e-04
9.538000000000000000e+03,1.589679304743185639e-04
9.539000000000000000e+03,1.589542662259191275e-04
9.540000000000000000e+03,1.589351595612242818e-04
9.541000000000000000e+03,1.589779567439109087e-04
9.542000000000000000e+03,1.589279127074405551e-04
9.543000000000000000e+03,1.589167077327147126e-04
9.544000000000000000e+03,1.589043095009401441e-04
9.545000000000000000e+03,1.588966697454452515e-04
9.546000000000000000e+03,1.588802115293219686e-04
9.547000000000000000e+03,1.588512532180175185e-04
9.548000000000000000e+03,1.588379818713292480e-04
9.549000000000000000e+03,1.588267041370272636e-04
9.550000000000000000e+03,1.588015438755974174e-04
9.551000000000000000e+03,1.587801525602117181e-04
9.552000000000000000e+03,1.587664155522361398e-04
9.553000000000000000e+03,1.587589504197239876e-04
9.554000000000000000e+03,1.587516599101945758e-04
9.555000000000000000e+03,1.587406877661123872e-04
9.556000000000000000e+03,1.587315782671794295e-04
9.557000000000000000e+03,1.587198930792510509e-04
9.558000000000000000e+03,1.587063015904277563e-04
9.559000000000000000e+03,1.586921716807410121e-04
9.560000000000000000e+03,1.586606667842715979e-04
9.561000000000000000e+03,1.586402358952909708e-04
9.562000000000000000e+03,1.586178259458392859e-04
9.563000000000000000e+03,1.586098223924636841e-04
9.564000000000000000e+03,1.586002181284129620e-04
9.565000000000000000e+03,1.585923891980201006e-04
9.566000000000000000e+03,1.585825375514104962e-04
9.567000000000000000e+03,1.585680438438430429e-04
9.568000000000000000e+03,1.585690770298242569e-04
9.569000000000000000e+03,1.585572172189131379e-04
9.570000000000000000e+03,1.585489080753177404e-04
9.571000000000000000e+03,1.585395511938259006e-04
9.572000000000000000e+03,1.585302961757406592e-04
9.573000000000000000e+03,1.585179561516270041e-04
9.574000000000000000e+03,1.585084828548133373e-04
9.575000000000000000e+03,1.584953570272773504e-04
9.576000000000000000e+03,1.584798883413895965e-04
9.577000000000000000e+03,1.584559504408389330e-04
9.578000000000000000e+03,1.584428100613877177e-04
9.579000000000000000e+03,1.584318088134750724e-04
9.580000000000000000e+03,1.584157434990629554e-04
9.581000000000000000e+03,1.584064448252320290e-04
9.582000000000000000e+03,1.583902630954980850e-04
9.583000000000000000e+03,1.583791599841788411e-04
9.584000000000000000e+03,1.583693083375692368e-04
9.585000000000000000e+03,1.583532866789028049e-04
9.586000000000000000e+03,1.583431294420734048e-04
9.587000000000000000e+03,1.583351404406130314e-04
9.588000000000000000e+03,1.583239500178024173e-04
9.589000000000000000e+03,1.583150005899369717e-04
9.590000000000000000e+03,1.583010889589786530e-04
9.591000000000000000e+03,1.582956756465137005e-04
9.592000000000000000e+03,1.582711411174386740e-04
9.593000000000000000e+03,1.582627883180975914e-04
9.594000000000000000e+03,1.582501135999336839e-04
9.595000000000000000e+03,1.582487602718174458e-04
9.596000000000000000e+03,1.582418917678296566e-04
9.597000000000000000e+03,1.582325203344225883e-04
9.598000000000000000e+03,1.582258264534175396e-04
9.599000000000000000e+03,1.582160184625536203e-04
9.600000000000000000e+03,1.582042459631338716e-04
9.601000000000000000e+03,1.581891556270420551e-04
9.602000000000000000e+03,1.581837714184075594e-04
9.603000000000000000e+03,1.581648830324411392e-04
9.604000000000000000e+03,1.581510005053132772e-04
9.605000000000000000e+03,1.581403630552813411e-04
9.606000000000000000e+03,1.581296237418428063e-04
9.607000000000000000e+03,1.581179094500839710e-04
9.608000000000000000e+03,1.581114047439768910e-04
9.609000000000000000e+03,1.581074320711195469e-04
9.610000000000000000e+03,1.580898679094389081e-04
9.611000000000000000e+03,1.580821553943678737e-04
9.612000000000000000e+03,1.580774405738338828e-04
9.613000000000000000e+03,1.580728858243674040e-04
9.614000000000000000e+03,1.580543757881969213e-04
9.615000000000000000e+03,1.580392126925289631e-04
9.616000000000000000e+03,1.580266252858564258e-04
9.617000000000000000e+03,1.580207463121041656e-04
9.618000000000000000e+03,1.580570387886837125e-04
9.619000000000000000e+03,1.580171228852123022e-04
9.620000000000000000e+03,1.580110983923077583e-04
9.621000000000000000e+03,1.579936651978641748e-04
9.622000000000000000e+03,1.579836534801870584e-04
9.623000000000000000e+03,1.579705422045662999e-04
9.624000000000000000e+03,1.579555682837963104e-04
9.625000000000000000e+03,1.579437084728851914e-04
9.626000000000000000e+03,1.579369127284735441e-04
9.627000000000000000e+03,1.579248637426644564e-04
9.628000000000000000e+03,1.579093077452853322e-04
9.629000000000000000e+03,1.580052194185554981e-04
9.630000000000000000e+03,1.578992378199473023e-04
9.631000000000000000e+03,1.578848896315321326e-04
9.632000000000000000e+03,1.578613009769469500e-04
9.633000000000000000e+03,1.578514202265068889e-04
9.634000000000000000e+03,1.578426163177937269e-04
9.635000000000000000e+03,1.578314986545592546e-04
9.636000000000000000e+03,1.578168594278395176e-04
9.637000000000000000e+03,1.577977964188903570e-04
9.638000000000000000e+03,1.577811781316995621e-04
9.639000000000000000e+03,1.577637885930016637e-04
9.640000000000000000e+03,1.577488583279773593e-04
9.641000000000000000e+03,1.577912480570375919e-04
9.642000000000000000e+03,1.577370712766423821e-04
9.643000000000000000e+03,1.577181392349302769e-04
9.644000000000000000e+03,1.577069197082892060e-04
9.645000000000000000e+03,1.576893846504390240e-04
9.646000000000000000e+03,1.576653012307360768e-04
9.647000000000000000e+03,1.578374649398028851e-04
9.648000000000000000e+03,1.576570066390559077e-04
9.649000000000000000e+03,1.576323702465742826e-04
9.650000000000000000e+03,1.576003996888175607e-04
9.651000000000000000e+03,1.576289214426651597e-04
9.652000000000000000e+03,1.575899077579379082e-04
9.653000000000000000e+03,1.575662317918613553e-04
9.654000000000000000e+03,1.575491914991289377e-04
9.655000000000000000e+03,1.575298520037904382e-04
9.656000000000000000e+03,1.575126225361600518e-04
9.657000000000000000e+03,1.574915368109941483e-04
9.658000000000000000e+03,1.574781344970688224e-04
9.659000000000000000e+03,1.574614288983866572e-04
9.660000000000000000e+03,1.574377238284796476e-04
9.661000000000000000e+03,1.574216148583218455e-04
9.662000000000000000e+03,1.574009947944432497e-04
9.663000000000000000e+03,1.574033231008797884e-04
9.664000000000000000e+03,1.573905028635635972e-04
9.665000000000000000e+03,1.573777408339083195e-04
9.666000000000000000e+03,1.573607150930911303e-04
9.667000000000000000e+03,1.573510089656338096e-04
9.668000000000000000e+03,1.574322814121842384e-04
9.669000000000000000e+03,1.573475310578942299e-04
9.670000000000000000e+03,1.573422487126663327e-04
9.671000000000000000e+03,1.573334884596988559e-04
9.672000000000000000e+03,1.573221234139055014e-04
9.673000000000000000e+03,1.573157787788659334e-04
9.674000000000000000e+03,1.572970213601365685e-04
9.675000000000000000e+03,1.572904147906228900e-04
9.676000000000000000e+03,1.572809414938092232e-04
9.677000000000000000e+03,1.572841429151594639e-04
9.678000000000000000e+03,1.572714827489107847e-04
9.679000000000000000e+03,1.572572946315631270e-04
9.680000000000000000e+03,1.572476612636819482e-04
9.681000000000000000e+03,1.572331239003688097e-04
9.682000000000000000e+03,1.572216569911688566e-04
9.683000000000000000e+03,1.572060864418745041e-04
9.684000000000000000e+03,1.571954198880121112e-04
9.685000000000000000e+03,1.571829488966614008e-04
9.686000000000000000e+03,1.571702450746670365e-04
9.687000000000000000e+03,1.571444299770519137e-04
9.688000000000000000e+03,1.571139582665637136e-04
9.689000000000000000e+03,1.571006287122145295e-04
9.690000000000000000e+03,1.570856111356988549e-04
9.691000000000000000e+03,1.573250629007816315e-04
9.692000000000000000e+03,1.570810854900628328e-04
9.693000000000000000e+03,1.570676104165613651e-04
9.694000000000000000e+03,1.570439198985695839e-04
9.695000000000000000e+03,1.570322492625564337e-04
9.696000000000000000e+03,1.570219465065747499e-04
9.697000000000000000e+03,1.570141030242666602e-04
9.698000000000000000e+03,1.570078165968880057e-04
9.699000000000000000e+03,1.570004096720367670e-04
9.700000000000000000e+03,1.569772284710779786e-04
9.701000000000000000e+03,1.569573651067912579e-04
9.702000000000000000e+03,1.569487503729760647e-04
9.703000000000000000e+03,1.569380256114527583e-04
9.704000000000000000e+03,1.569302257848903537e-04
9.705000000000000000e+03,1.569221494719386101e-04
9.706000000000000000e+03,1.569118321640416980e-04
9.707000000000000000e+03,1.568965381011366844e-04
9.708000000000000000e+03,1.568786829011514783e-04
9.709000000000000000e+03,1.568652805872261524e-04
9.710000000000000000e+03,1.568532461533322930e-04
9.711000000000000000e+03,1.568337756907567382e-04
9.712000000000000000e+03,1.568217412568628788e-04
9.713000000000000000e+03,1.568097941344603896e-04
9.714000000000000000e+03,1.567953731864690781e-04
9.715000000000000000e+03,1.567841536598280072e-04
9.716000000000000000e+03,1.567678700666874647e-04
9.717000000000000000e+03,1.567530562169849873e-04
9.718000000000000000e+03,1.567606232129037380e-04
9.719000000000000000e+03,1.567458384670317173e-04
9.720000000000000000e+03,1.567369181429967284e-04
9.721000000000000000e+03,1.567284634802490473e-04
9.722000000000000000e+03,1.567186700413003564e-04
9.723000000000000000e+03,1.567115250509232283e-04
9.724000000000000000e+03,1.567004364915192127e-04
9.725000000000000000e+03,1.566910650581121445e-04
9.726000000000000000e+03,1.566752034705132246e-04
9.727000000000000000e+03,1.566610153531655669e-04
9.728000000000000000e+03,1.566387072671204805e-04
9.729000000000000000e+03,1.567223953315988183e-04
9.730000000000000000e+03,1.566314895171672106e-04
9.731000000000000000e+03,1.566152641316875815e-04
9.732000000000000000e+03,1.565976417623460293e-04
9.733000000000000000e+03,1.565948477946221828e-04
9.734000000000000000e+03,1.565665152156725526e-04
9.735000000000000000e+03,1.565572456456720829e-04
9.736000000000000000e+03,1.565474958624690771e-04
9.737000000000000000e+03,1.565421116538345814e-04
9.738000000000000000e+03,1.565302372910082340e-04
9.739000000000000000e+03,1.565206330269575119e-04
9.740000000000000000e+03,1.565132843097671866e-04
9.741000000000000000e+03,1.565071288496255875e-04
9.742000000000000000e+03,1.569214800838381052e-04
9.743000000000000000e+03,1.565028942422941327e-04
9.744000000000000000e+03,1.564961130497977138e-04
9.745000000000000000e+03,1.564843987580388784e-04
9.746000000000000000e+03,1.564704143675044179e-04
9.747000000000000000e+03,1.564527483424171805e-04
9.748000000000000000e+03,1.564459671499207616e-04
9.749000000000000000e+03,1.564295525895431638e-04
9.750000000000000000e+03,1.564205595059320331e-04
9.751000000000000000e+03,1.564140256959944963e-04
9.752000000000000000e+03,1.564040430821478367e-04
9.753000000000000000e+03,1.563910918775945902e-04
9.754000000000000000e+03,1.563698315294459462e-04
9.755000000000000000e+03,1.563585828989744186e-04
9.756000000000000000e+03,1.563463883940130472e-04
9.757000000000000000e+03,1.563425612403079867e-04
9.758000000000000000e+03,1.563364057801663876e-04
9.759000000000000000e+03,1.563324040034785867e-04
9.760000000000000000e+03,1.563276018714532256e-04
9.761000000000000000e+03,1.563225960126146674e-04
9.762000000000000000e+03,1.563099649501964450e-04
9.763000000000000000e+03,1.563152472954243422e-04
9.764000000000000000e+03,1.563012192491441965e-04
9.765000000000000000e+03,1.562913676025345922e-04
9.766000000000000000e+03,1.562796969665214419e-04
9.767000000000000000e+03,1.562703400850296021e-04
9.768000000000000000e+03,1.562483812449499965e-04
9.769000000000000000e+03,1.562380057293921709e-04
9.770000000000000000e+03,1.562149263918399811e-04
9.771000000000000000e+03,1.562032412039116025e-04
9.772000000000000000e+03,1.561896060593426228e-04
9.773000000000000000e+03,1.561794924782589078e-04
9.774000000000000000e+03,1.561679819133132696e-04
9.775000000000000000e+03,1.561574026709422469e-04
9.776000000000000000e+03,1.561478129588067532e-04
9.777000000000000000e+03,1.561392855364829302e-04
9.778000000000000000e+03,1.561199605930596590e-04
9.779000000000000000e+03,1.561130775371566415e-04
9.780000000000000000e+03,1.561035314807668328e-04
9.781000000000000000e+03,1.560915407026186585e-04
9.782000000000000000e+03,1.560772216180339456e-04
9.783000000000000000e+03,1.560740347485989332e-04
9.784000000000000000e+03,1.560659584356471896e-04
9.785000000000000000e+03,1.560613309266045690e-04
9.786000000000000000e+03,1.560551754664629698e-04
9.787000000000000000e+03,1.560451200930401683e-04
9.788000000000000000e+03,1.560322270961478353e-04
9.789000000000000000e+03,1.560213131597265601e-04
9.790000000000000000e+03,1.560048840474337339e-04
9.791000000000000000e+03,1.559885713504627347e-04
9.792000000000000000e+03,1.559738302603363991e-04
9.793000000000000000e+03,1.559549418743699789e-04
9.794000000000000000e+03,1.559295342303812504e-04
9.795000000000000000e+03,1.559104712214320898e-04
9.796000000000000000e+03,1.558937365189194679e-04
9.797000000000000000e+03,1.558811345603317022e-04
9.798000000000000000e+03,1.558685471536591649e-04
9.799000000000000000e+03,1.558599033160135150e-04
9.800000000000000000e+03,1.558397489134222269e-04
9.801000000000000000e+03,1.558272633701562881e-04
9.802000000000000000e+03,1.558157382532954216e-04
9.803000000000000000e+03,1.558058429509401321e-04
9.804000000000000000e+03,1.557926152599975467e-04
9.805000000000000000e+03,1.557796640554443002e-04
9.806000000000000000e+03,1.557654904900118709e-04
9.807000000000000000e+03,1.557483628857880831e-04
9.808000000000000000e+03,1.557384530315175653e-04
9.809000000000000000e+03,1.557257928652688861e-04
9.810000000000000000e+03,1.557084469823166728e-04
9.811000000000000000e+03,1.557000796310603619e-04
9.812000000000000000e+03,1.556911302031949162e-04
9.813000000000000000e+03,1.556861680001020432e-04
9.814000000000000000e+03,1.556801144033670425e-04
9.815000000000000000e+03,1.556748175062239170e-04
9.816000000000000000e+03,1.556704519316554070e-04
9.817000000000000000e+03,1.556600327603518963e-04
9.818000000000000000e+03,1.556454371893778443e-04
9.819000000000000000e+03,1.556350471219047904e-04
9.820000000000000000e+03,1.556203060317784548e-04
9.821000000000000000e+03,1.556057104608044028e-04
9.822000000000000000e+03,1.555922790430486202e-04
9.823000000000000000e+03,1.555780909257009625e-04
9.824000000000000000e+03,1.555691997054964304e-04
9.825000000000000000e+03,1.555538474349305034e-04
9.826000000000000000e+03,1.555462367832660675e-04
9.827000000000000000e+03,1.555331400595605373e-04
9.828000000000000000e+03,1.555200869916006923e-04
9.829000000000000000e+03,1.555104681756347418e-04
9.830000000000000000e+03,1.555504859425127506e-04
9.831000000000000000e+03,1.555041380925104022e-04
9.832000000000000000e+03,1.554930495331063867e-04
9.833000000000000000e+03,1.554800546728074551e-04
9.834000000000000000e+03,1.554658811073750257e-04
9.835000000000000000e+03,1.554552582092583179e-04
9.836000000000000000e+03,1.554467744426801801e-04
9.837000000000000000e+03,1.554352493258193135e-04
9.838000000000000000e+03,1.554208720335736871e-04
9.839000000000000000e+03,1.554291229695081711e-04
9.840000000000000000e+03,1.554132759338244796e-04
9.841000000000000000e+03,1.554008631501346827e-04
9.842000000000000000e+03,1.553915935801342130e-04
9.843000000000000000e+03,1.553813635837286711e-04
9.844000000000000000e+03,1.553749025333672762e-04
9.845000000000000000e+03,1.553652691654860973e-04
9.846000000000000000e+03,1.553441252326592803e-04
9.847000000000000000e+03,1.553350593894720078e-04
9.848000000000000000e+03,1.553115871502086520e-04
9.849000000000000000e+03,1.553033071104437113e-04
9.850000000000000000e+03,1.552945323055610061e-04
9.851000000000000000e+03,1.552902976982295513e-04
9.852000000000000000e+03,1.552699104649946094e-04
9.853000000000000000e+03,1.552571484353393316e-04
9.854000000000000000e+03,1.552452740725129843e-04
9.855000000000000000e+03,1.552334724692627788e-04
9.856000000000000000e+03,1.554275222588330507e-04
9.857000000000000000e+03,1.552270405227318406e-04
9.858000000000000000e+03,1.552026515128090978e-04
9.859000000000000000e+03,1.551978202769532800e-04
9.860000000000000000e+03,1.551845780340954661e-04
9.861000000000000000e+03,1.551806199131533504e-04
9.862000000000000000e+03,1.551733439555391669e-04
9.863000000000000000e+03,1.551643945276737213e-04
9.864000000000000000e+03,1.551500608911737800e-04
9.865000000000000000e+03,1.551366149215027690e-04
9.866000000000000000e+03,1.551193272462114692e-04
9.867000000000000000e+03,1.550958841107785702e-04
9.868000000000000000e+03,1.550803863210603595e-04
9.869000000000000000e+03,1.550775341456755996e-04
9.870000000000000000e+03,1.550673914607614279e-04
9.871000000000000000e+03,1.550597953610122204e-04
9.872000000000000000e+03,1.550531887914985418e-04
9.873000000000000000e+03,1.550364977447316051e-04
9.874000000000000000e+03,1.550207525724545121e-04
9.875000000000000000e+03,1.550195011077448726e-04
9.876000000000000000e+03,1.550097222207114100e-04
9.877000000000000000e+03,1.549974404042586684e-04
9.878000000000000000e+03,1.549867884023115039e-04
9.879000000000000000e+03,1.549757726024836302e-04
9.880000000000000000e+03,1.549670414533466101e-04
9.881000000000000000e+03,1.549619482830166817e-04
9.882000000000000000e+03,1.549645094200968742e-04
9.883000000000000000e+03,1.549488952150568366e-04
9.884000000000000000e+03,1.549340813653543591e-04
9.885000000000000000e+03,1.549261069158092141e-04
9.886000000000000000e+03,1.549165899632498622e-04
9.887000000000000000e+03,1.549067819723859429e-04
9.888000000000000000e+03,1.548985601402819157e-04
9.889000000000000000e+03,1.548924774397164583e-04
9.890000000000000000e+03,1.548845757497474551e-04
9.891000000000000000e+03,1.548767759231850505e-04
9.892000000000000000e+03,1.548776926938444376e-04
9.893000000000000000e+03,1.548686850583180785e-04
9.894000000000000000e+03,1.548613508930429816e-04
9.895000000000000000e+03,1.548521686345338821e-04
9.896000000000000000e+03,1.548419822938740253e-04
9.897000000000000000e+03,1.548273867228999734e-04
9.898000000000000000e+03,1.548114814795553684e-04
9.899000000000000000e+03,1.547927240608260036e-04
9.900000000000000000e+03,1.547811989439651370e-04
9.901000000000000000e+03,1.547672291053459048e-04
9.902000000000000000e+03,1.547565771033987403e-04
9.903000000000000000e+03,1.547349384054541588e-04
9.904000000000000000e+03,1.547185966046527028e-04
9.905000000000000000e+03,1.547058054711669683e-04
9.906000000000000000e+03,1.546999701531603932e-04
9.907000000000000000e+03,1.546887942822650075e-04
9.908000000000000000e+03,1.546788989799097180e-04
9.909000000000000000e+03,1.546731655253097415e-04
9.910000000000000000e+03,1.546604325994849205e-04
9.911000000000000000e+03,1.546536805108189583e-04
9.912000000000000000e+03,1.546445128042250872e-04
9.913000000000000000e+03,1.546311541460454464e-04
9.914000000000000000e+03,1.548286381876096129e-04
9.915000000000000000e+03,1.546272251289337873e-04
9.916000000000000000e+03,1.546128914924338460e-04
9.917000000000000000e+03,1.545929844724014401e-04
9.918000000000000000e+03,1.545833802083507180e-04
9.919000000000000000e+03,1.545715786051005125e-04
9.920000000000000000e+03,1.545546110719442368e-04
9.921000000000000000e+03,1.545419509056955576e-04
9.922000000000000000e+03,1.545212871860712767e-04
9.923000000000000000e+03,1.545044069644063711e-04
9.924000000000000000e+03,1.544879487482830882e-04
9.925000000000000000e+03,1.544758124509826303e-04
9.926000000000000000e+03,1.544734550407156348e-04
9.927000000000000000e+03,1.544594415463507175e-04
9.928000000000000000e+03,1.544540864415466785e-04
9.929000000000000000e+03,1.544456754345446825e-04
9.930000000000000000e+03,1.544333645142614841e-04
9.931000000000000000e+03,1.544146070955321193e-04
9.932000000000000000e+03,1.547229185234755278e-04
9.933000000000000000e+03,1.544088299851864576e-04
9.934000000000000000e+03,1.543917605886235833e-04
9.935000000000000000e+03,1.547625870443880558e-04
9.936000000000000000e+03,1.543866092106327415e-04
9.937000000000000000e+03,1.543694233987480402e-04
9.938000000000000000e+03,1.543605467304587364e-04
9.939000000000000000e+03,1.543509279144927859e-04
9.940000000000000000e+03,1.543359394418075681e-04
9.941000000000000000e+03,1.543397956993430853e-04
9.942000000000000000e+03,1.543259131722152233e-04
9.943000000000000000e+03,1.543130783829838037e-04
9.944000000000000000e+03,1.547181745991110802e-04
9.945000000000000000e+03,1.543072867207229137e-04
9.946000000000000000e+03,1.542938553029671311e-04
9.947000000000000000e+03,1.542855170555412769e-04
9.948000000000000000e+03,1.542742247693240643e-04
9.949000000000000000e+03,1.542611571494489908e-04
9.950000000000000000e+03,1.542433747090399265e-04
9.951000000000000000e+03,1.542279933346435428e-04
9.952000000000000000e+03,1.542201644042506814e-04
9.953000000000000000e+03,1.542035315651446581e-04
9.954000000000000000e+03,1.541714736958965659e-04
9.955000000000000000e+03,1.545939448988065124e-04
9.956000000000000000e+03,1.541666570119559765e-04
9.957000000000000000e+03,1.541505043860524893e-04
9.958000000000000000e+03,1.541371166240423918e-04
9.959000000000000000e+03,1.541278761578723788e-04
9.960000000000000000e+03,1.541173987789079547e-04
9.961000000000000000e+03,1.541015080874785781e-04
9.962000000000000000e+03,1.540883822599425912e-04
9.963000000000000000e+03,1.540655357530340552e-04
9.964000000000000000e+03,1.540533121442422271e-04
9.965000000000000000e+03,1.540380908409133554e-04
9.966000000000000000e+03,1.540195662528276443e-04
9.967000000000000000e+03,1.540032099001109600e-04
9.968000000000000000e+03,1.539979275548830628e-04
9.969000000000000000e+03,1.539857330499216914e-04
9.970000000000000000e+03,1.539757067803293467e-04
9.971000000000000000e+03,1.539697695989161730e-04
9.972000000000000000e+03,1.539548538858070970e-04
9.973000000000000000e+03,1.539703516755253077e-04
9.974000000000000000e+03,1.539438962936401367e-04
9.975000000000000000e+03,1.539262884762138128e-04
9.976000000000000000e+03,1.539138320367783308e-04
9.977000000000000000e+03,1.539008080726489425e-04
9.978000000000000000e+03,1.538921642350032926e-04
9.979000000000000000e+03,1.538791111670434475e-04
9.980000000000000000e+03,1.538690266897901893e-04
9.981000000000000000e+03,1.538550422992557287e-04
9.982000000000000000e+03,1.540195662528276443e-04
9.983000000000000000e+03,1.538499200250953436e-04
9.984000000000000000e+03,1.538334036013111472e-04
9.985000000000000000e+03,1.538208744022995234e-04
9.986000000000000000e+03,1.538026554044336081e-04
9.987000000000000000e+03,1.537946518510580063e-04
9.988000000000000000e+03,1.537775824544951320e-04
9.989000000000000000e+03,1.537556381663307548e-04
9.990000000000000000e+03,1.537485222797840834e-04
9.991000000000000000e+03,1.537292700959369540e-04
9.992000000000000000e+03,1.537181087769567966e-04
9.993000000000000000e+03,1.537072967039421201e-04
9.994000000000000000e+03,1.537480566184967756e-04
9.995000000000000000e+03,1.537028292659670115e-04
9.996000000000000000e+03,1.536901982035487890e-04
9.997000000000000000e+03,1.536729687359184027e-04
9.998000000000000000e+03,1.536579366074874997e-04
9.999000000000000000e+03,1.536479394417256117e-04
1.000000000000000000e+04,1.536382042104378343e-04
1.000100000000000000e+04,1.536542695248499513e-04
1.000200000000000000e+04,1.536346680950373411e-04
1.000300000000000000e+04,1.536270283395424485e-04
1.000400000000000000e+04,1.536123891128227115e-04
1.000500000000000000e+04,1.536032359581440687e-04
1.000600000000000000e+04,1.535877236165106297e-04
1.000700000000000000e+04,1.536184136057272553e-04
1.000800000000000000e+04,1.535843184683471918e-04
1.000900000000000000e+04,1.535760093247517943e-04
1.001000000000000000e+04,1.535572810098528862e-04
1.001100000000000000e+04,1.535446208436042070e-04
1.001200000000000000e+04,1.535235933260992169e-04
1.001300000000000000e+04,1.535275223432108760e-04
1.001400000000000000e+04,1.535072224214673042e-04
1.001500000000000000e+04,1.534915645606815815e-04
1.001600000000000000e+04,1.534853508928790689e-04
1.001700000000000000e+04,1.534753828309476376e-04
1.001800000000000000e+04,1.534644688945263624e-04
1.001900000000000000e+04,1.534490875201299787e-04
1.002000000000000000e+04,1.534313196316361427e-04
1.002100000000000000e+04,1.534074544906616211e-04
1.002200000000000000e+04,1.533813192509114742e-04
1.002300000000000000e+04,1.533609611215069890e-04
1.002400000000000000e+04,1.533581671537831426e-04
1.002500000000000000e+04,1.533353788545355201e-04
1.002600000000000000e+04,1.533272006781771779e-04
1.002700000000000000e+04,1.533201284473761916e-04
1.002800000000000000e+04,1.533102476969361305e-04
1.002900000000000000e+04,1.533018948975950480e-04
1.003000000000000000e+04,1.532905007479712367e-04
1.003100000000000000e+04,1.532816677354276180e-04
1.003200000000000000e+04,1.532746537122875452e-04
1.003300000000000000e+04,1.532657770439982414e-04
1.003400000000000000e+04,1.532505266368389130e-04
1.003500000000000000e+04,1.532337919343262911e-04
1.003600000000000000e+04,1.532246824353933334e-04
1.003700000000000000e+04,1.532033638795837760e-04
1.003800000000000000e+04,1.531872694613412023e-04
1.003900000000000000e+04,1.531711168354377151e-04
1.004000000000000000e+04,1.531608868390321732e-04
1.004100000000000000e+04,1.532199385110288858e-04
1.004200000000000000e+04,1.531561138108372688e-04
1.004300000000000000e+04,1.531483430881053209e-04
1.004400000000000000e+04,1.531383459223434329e-04
1.004500000000000000e+04,1.531234447611495852e-04
1.004600000000000000e+04,1.531104935565963387e-04
1.004700000000000000e+04,1.530870940769091249e-04
1.004800000000000000e+04,1.530746958451345563e-04
1.004900000000000000e+04,1.530528388684615493e-04
1.005000000000000000e+04,1.530401641502976418e-04
1.005100000000000000e+04,1.530263252789154649e-04
1.005200000000000000e+04,1.530122244730591774e-04
1.005300000000000000e+04,1.529981818748638034e-04
1.005400000000000000e+04,1.529841538285836577e-04
1.005500000000000000e+04,1.529680739622563124e-04
1.005600000000000000e+04,1.529560395283624530e-04
1.005700000000000000e+04,1.529408036731183529e-04
1.005800000000000000e+04,1.529335277155041695e-04
1.005900000000000000e+04,1.529140281490981579e-04
1.006000000000000000e+04,1.529065775685012341e-04
1.006100000000000000e+04,1.528763095848262310e-04
1.006200000000000000e+04,1.528700522612780333e-04
1.006300000000000000e+04,1.528622087789699435e-04
1.006400000000000000e+04,1.528561406303197145e-04
1.006500000000000000e+04,1.528477878309786320e-04
1.006600000000000000e+04,1.528335560578852892e-04
1.006700000000000000e+04,1.528735301690176129e-04
1.006800000000000000e+04,1.528290886199101806e-04
1.006900000000000000e+04,1.528155989944934845e-04
1.007000000000000000e+04,1.527942658867686987e-04
1.007100000000000000e+04,1.527731947135180235e-04
1.007200000000000000e+04,1.527487620478495955e-04
1.007300000000000000e+04,1.527396234450861812e-04
1.007400000000000000e+04,1.527093118056654930e-04
1.007500000000000000e+04,1.526989508420228958e-04
1.007600000000000000e+04,1.526860287413001060e-04
1.007700000000000000e+04,1.526614651083946228e-04
1.007800000000000000e+04,1.526731939520686865e-04
1.007900000000000000e+04,1.526527194073423743e-04
1.008000000000000000e+04,1.526394189568236470e-04
1.008100000000000000e+04,1.526250998722389340e-04
1.008200000000000000e+04,1.526092819403856993e-04
1.008300000000000000e+04,1.525902625871822238e-04
1.008400000000000000e+04,1.525736006442457438e-04
1.008500000000000000e+04,1.525920815765857697e-04
1.008600000000000000e+04,1.525637198938056827e-04
1.008700000000000000e+04,1.525561383459717035e-04
1.008800000000000000e+04,1.525412080809473991e-04
1.008900000000000000e+04,1.525474799564108253e-04
1.009000000000000000e+04,1.525350817246362567e-04
1.009100000000000000e+04,1.525277330074459314e-04
1.009200000000000000e+04,1.525174448033794761e-04
1.009300000000000000e+04,1.525078259874135256e-04
1.009400000000000000e+04,1.524929102743044496e-04
1.009500000000000000e+04,1.524810068076476455e-04
1.009600000000000000e+04,1.524573599454015493e-04
1.009700000000000000e+04,1.524466788396239281e-04
1.009800000000000000e+04,1.524315011920407414e-04
1.009900000000000000e+04,1.524376857560127974e-04
1.010000000000000000e+04,1.524240215076133609e-04
1.010100000000000000e+04,1.524102117400616407e-04
1.010200000000000000e+04,1.523922692285850644e-04
1.010300000000000000e+04,1.523838145658373833e-04
1.010400000000000000e+04,1.523694227216765285e-04
1.010500000000000000e+04,1.523612882010638714e-04
1.010600000000000000e+04,1.523469982203096151e-04
1.010700000000000000e+04,1.523332612123340368e-04
1.010800000000000000e+04,1.523240498499944806e-04
1.010900000000000000e+04,1.523164683021605015e-04
1.011000000000000000e+04,1.523052487755194306e-04
1.011100000000000000e+04,1.522903621662408113e-04
1.011200000000000000e+04,1.526576379546895623e-04
1.011300000000000000e+04,1.522851962363347411e-04
1.011400000000000000e+04,1.522722741356119514e-04
1.011500000000000000e+04,1.522563252365216613e-04
1.011600000000000000e+04,1.522354432381689548e-04
1.011700000000000000e+04,1.522208476671949029e-04
1.011800000000000000e+04,1.521998929092660546e-04
1.011900000000000000e+04,1.521860103821381927e-04
1.012000000000000000e+04,1.521799422334879637e-04
1.012100000000000000e+04,1.521726808277890086e-04
1.012200000000000000e+04,1.521655503893271089e-04
1.012300000000000000e+04,1.521563390269875526e-04
1.012400000000000000e+04,1.521449594292789698e-04
1.012500000000000000e+04,1.521567755844444036e-04
1.012600000000000000e+04,1.521382801001891494e-04
1.012700000000000000e+04,1.521213562227785587e-04
1.012800000000000000e+04,1.521032099844887853e-04
1.012900000000000000e+04,1.520924561191350222e-04
1.013000000000000000e+04,1.520692894700914621e-04
1.013100000000000000e+04,1.520474615972489119e-04
1.013200000000000000e+04,1.520228688605129719e-04
1.013300000000000000e+04,1.520068472018465400e-04
1.013400000000000000e+04,1.519875222584232688e-04
1.013500000000000000e+04,1.519607030786573887e-04
1.013600000000000000e+04,1.519571087555959821e-04
1.013700000000000000e+04,1.519240177003666759e-04
1.013800000000000000e+04,1.519102515885606408e-04
1.013900000000000000e+04,1.518898206995800138e-04
1.014000000000000000e+04,1.518703938927501440e-04
1.014100000000000000e+04,1.518504868727177382e-04
1.014200000000000000e+04,1.518378558102995157e-04
1.014300000000000000e+04,1.518275239504873753e-04
1.014400000000000000e+04,1.518078061053529382e-04
1.014500000000000000e+04,1.517910714028403163e-04
1.014600000000000000e+04,1.517814671387895942e-04
1.014700000000000000e+04,1.517702621640637517e-04
1.014800000000000000e+04,1.517521595815196633e-04
1.014900000000000000e+04,1.517273631179705262e-04
1.015000000000000000e+04,1.517536729807034135e-04
1.015100000000000000e+04,1.517128257546573877e-04
1.015200000000000000e+04,1.516960473963990808e-04
1.015300000000000000e+04,1.516823540441691875e-04
1.015400000000000000e+04,1.516721385996788740e-04
1.015500000000000000e+04,1.516440242994576693e-04
1.015600000000000000e+04,1.522383972769603133e-04
1.015700000000000000e+04,1.516410848125815392e-04
1.015800000000000000e+04,1.516274933237582445e-04
1.015900000000000000e+04,1.516120682936161757e-04
1.016000000000000000e+04,1.516015327069908381e-04
1.016100000000000000e+04,1.515878248028457165e-04
1.016200000000000000e+04,1.515887997811660171e-04
1.016300000000000000e+04,1.515792391728609800e-04
1.016400000000000000e+04,1.515647600172087550e-04
1.016500000000000000e+04,1.515560579719021916e-04
1.016600000000000000e+04,1.515497424406930804e-04
1.016700000000000000e+04,1.515359472250565886e-04
1.016800000000000000e+04,1.515217009000480175e-04
1.016900000000000000e+04,1.514962496003136039e-04
1.017000000000000000e+04,1.514852338004857302e-04
1.017100000000000000e+04,1.514675386715680361e-04
1.017200000000000000e+04,1.514418836450204253e-04
1.017300000000000000e+04,1.514323666924610734e-04
1.017400000000000000e+04,1.513945753686130047e-04
1.017500000000000000e+04,1.513781462563201785e-04
1.017600000000000000e+04,1.513597235316410661e-04
1.017700000000000000e+04,1.513526513008400798e-04
1.017800000000000000e+04,1.513272727606818080e-04
1.017900000000000000e+04,1.513142342446371913e-04
1.018000000000000000e+04,1.513036986580118537e-04
1.018100000000000000e+04,1.513362221885472536e-04
1.018200000000000000e+04,1.512990711489692330e-04
1.018300000000000000e+04,1.512886956334114075e-04
1.018400000000000000e+04,1.512778108008205891e-04
1.018500000000000000e+04,1.512648304924368858e-04
1.018600000000000000e+04,1.512480812380090356e-04
1.018700000000000000e+04,1.512309536337852478e-04
1.018800000000000000e+04,1.512133021606132388e-04
1.018900000000000000e+04,1.511930895503610373e-04
1.019000000000000000e+04,1.511664740974083543e-04
1.019100000000000000e+04,1.511460723122581840e-04
1.019200000000000000e+04,1.511327573098242283e-04
1.019300000000000000e+04,1.511198643129318953e-04
1.019400000000000000e+04,1.511117006884887815e-04
1.019500000000000000e+04,1.510956935817375779e-04
1.019600000000000000e+04,1.510781003162264824e-04
1.019700000000000000e+04,1.510555448476225138e-04
1.019800000000000000e+04,1.510403380962088704e-04
1.019900000000000000e+04,1.510253641754388809e-04
1.020000000000000000e+04,1.510089932708069682e-04
1.020100000000000000e+04,1.510010624770075083e-04
1.020200000000000000e+04,1.509882713435217738e-04
1.020300000000000000e+04,1.509737485321238637e-04
1.020400000000000000e+04,1.509641588199883699e-04
1.020500000000000000e+04,1.509503781562671065e-04
1.020600000000000000e+04,1.509381836513057351e-04
1.020700000000000000e+04,1.509277208242565393e-04
1.020800000000000000e+04,1.509152207290753722e-04
1.020900000000000000e+04,1.509031135356053710e-04
1.021000000000000000e+04,1.508936693426221609e-04
1.021100000000000000e+04,1.508829736849293113e-04
1.021200000000000000e+04,1.508714485680684447e-04
1.021300000000000000e+04,1.508580753579735756e-04
1.021400000000000000e+04,1.508419663878157735e-04
1.021500000000000000e+04,1.508304121671244502e-04
1.021600000000000000e+04,1.508224522694945335e-04
1.021700000000000000e+04,1.508112472947686911e-04
1.021800000000000000e+04,1.508053828729316592e-04
1.021900000000000000e+04,1.508001732872799039e-04
1.022000000000000000e+04,1.507926936028525233e-04
1.022100000000000000e+04,1.507768029114231467e-04
1.022200000000000000e+04,1.507628912804648280e-04
1.022300000000000000e+04,1.507533306721597910e-04
1.022400000000000000e+04,1.507417910033836961e-04
1.022500000000000000e+04,1.507316774222999811e-04
1.022600000000000000e+04,1.507428678451105952e-04
1.022700000000000000e+04,1.507226406829431653e-04
1.022800000000000000e+04,1.507080596638843417e-04
1.022900000000000000e+04,1.506926782894879580e-04
1.023000000000000000e+04,1.506873086327686906e-04
1.023100000000000000e+04,1.506803091615438461e-04
1.023200000000000000e+04,1.506732514826580882e-04
1.023300000000000000e+04,1.506638218415901065e-04
1.023400000000000000e+04,1.506581320427358150e-04
1.023500000000000000e+04,1.506525732111185789e-04
1.023600000000000000e+04,1.506708649685606360e-04
1.023700000000000000e+04,1.506493863416835666e-04
1.023800000000000000e+04,1.506418630015105009e-04
1.023900000000000000e+04,1.506332482676953077e-04
1.024000000000000000e+04,1.506230764789506793e-04
1.024100000000000000e+04,1.506120170233771205e-04
1.024200000000000000e+04,1.505976106273010373e-04
1.024300000000000000e+04,1.505819091107696295e-04
1.024400000000000000e+04,1.505745603935793042e-04
1.024500000000000000e+04,1.505674445070326328e-04
1.024600000000000000e+04,1.505588297732174397e-04
1.024700000000000000e+04,1.505485561210662127e-04
1.024800000000000000e+04,1.505385152995586395e-04
1.024900000000000000e+04,1.505266845924779773e-04
1.025000000000000000e+04,1.505124964751303196e-04
1.025100000000000000e+04,1.504977408330887556e-04
1.025200000000000000e+04,1.504832762293517590e-04
1.025300000000000000e+04,1.504669926362112164e-04
1.025400000000000000e+04,1.504551619291305542e-04
1.025500000000000000e+04,1.504355022916570306e-04
1.025600000000000000e+04,1.504171232227236032e-04
1.025700000000000000e+04,1.504027750343084335e-04
1.025800000000000000e+04,1.507553970441222191e-04
1.025900000000000000e+04,1.503903622506186366e-04
1.026000000000000000e+04,1.503811072325333953e-04
1.026100000000000000e+04,1.503648381913080812e-04
1.026200000000000000e+04,1.503546664025634527e-04
1.026300000000000000e+04,1.503402017988264561e-04
1.026400000000000000e+04,1.503360253991559148e-04
1.026500000000000000e+04,1.503185922047123313e-04
1.026600000000000000e+04,1.503120001871138811e-04
1.026700000000000000e+04,1.503039384260773659e-04
1.026800000000000000e+04,1.502945378888398409e-04
1.026900000000000000e+04,1.502782397437840700e-04
1.027000000000000000e+04,1.502695668023079634e-04
1.027100000000000000e+04,1.502725208410993218e-04
1.027200000000000000e+04,1.502628874732181430e-04
1.027300000000000000e+04,1.502556988270953298e-04
1.027400000000000000e+04,1.502466184319928288e-04
1.027500000000000000e+04,1.502373634139075875e-04
1.027600000000000000e+04,1.502386148786172271e-04
1.027700000000000000e+04,1.502283848822116852e-04
1.027800000000000000e+04,1.502211089245975018e-04
1.027900000000000000e+04,1.502125232946127653e-04
1.028000000000000000e+04,1.502067316323518753e-04
1.028100000000000000e+04,1.501966617070138454e-04
1.028200000000000000e+04,1.501753285992890596e-04
1.028300000000000000e+04,1.501606457168236375e-04
1.028400000000000000e+04,1.501531223766505718e-04
1.028500000000000000e+04,1.501429214840754867e-04
1.028600000000000000e+04,1.501326332800090313e-04
1.028700000000000000e+04,1.501251535955816507e-04
1.028800000000000000e+04,1.501400547567754984e-04
1.028900000000000000e+04,1.501209917478263378e-04
1.029000000000000000e+04,1.501131482655182481e-04
1.029100000000000000e+04,1.501090300735086203e-04
1.029200000000000000e+04,1.501139922766014934e-04
1.029300000000000000e+04,1.501051447121426463e-04
1.029400000000000000e+04,1.500987564213573933e-04
1.029500000000000000e+04,1.500936486991122365e-04
1.029600000000000000e+04,1.500855869380757213e-04
1.029700000000000000e+04,1.500756916357204318e-04
1.029800000000000000e+04,1.500742364441975951e-04
1.029900000000000000e+04,1.500561775173991919e-04
1.030000000000000000e+04,1.500462240073829889e-04
1.030100000000000000e+04,1.500362122897058725e-04
1.030200000000000000e+04,1.500237412983551621e-04
1.030300000000000000e+04,1.500130019849166274e-04
1.030400000000000000e+04,1.499962527304887772e-04
1.030500000000000000e+04,1.499802892794832587e-04
1.030600000000000000e+04,1.499763166066259146e-04
1.030700000000000000e+04,1.499612553743645549e-04
1.030800000000000000e+04,1.499568461440503597e-04
1.030900000000000000e+04,1.499536447227001190e-04
1.031000000000000000e+04,1.499493519077077508e-04
1.031100000000000000e+04,1.499390928074717522e-04
1.031200000000000000e+04,1.499186328146606684e-04
1.031300000000000000e+04,1.499483478255569935e-04
1.031400000000000000e+04,1.499009376857429743e-04
1.031500000000000000e+04,1.498846831964328885e-04
1.031600000000000000e+04,1.498741912655532360e-04
1.031700000000000000e+04,1.498628844274207950e-04
1.031800000000000000e+04,1.498524216003715992e-04
1.031900000000000000e+04,1.498424535384401679e-04
1.032000000000000000e+04,1.498284254921600223e-04
1.032100000000000000e+04,1.498120400356128812e-04
1.032200000000000000e+04,1.497955818194895983e-04
1.032300000000000000e+04,1.497826597187668085e-04
1.032400000000000000e+04,1.498055062256753445e-04
1.032500000000000000e+04,1.497751654824241996e-04
1.032600000000000000e+04,1.497651828685775399e-04
1.032700000000000000e+04,1.497582852607592940e-04
1.032800000000000000e+04,1.497457706136628985e-04
1.032900000000000000e+04,1.497443154221400619e-04
1.033000000000000000e+04,1.497317134635522962e-04
1.033100000000000000e+04,1.497249904787167907e-04
1.033200000000000000e+04,1.497181365266442299e-04
1.033300000000000000e+04,1.497168559581041336e-04
1.033400000000000000e+04,1.497234334237873554e-04
1.033500000000000000e+04,1.497087941970676184e-04
1.033600000000000000e+04,1.496938057243824005e-04
1.033700000000000000e+04,1.496849581599235535e-04
1.033800000000000000e+04,1.496618788223713636e-04
1.033900000000000000e+04,1.496529876021668315e-04
1.034000000000000000e+04,1.496457407483831048e-04
1.034100000000000000e+04,1.496289769420400262e-04
1.034200000000000000e+04,1.496176410000771284e-04
1.034300000000000000e+04,1.496025652159005404e-04
1.034400000000000000e+04,1.495863980380818248e-04
1.034500000000000000e+04,1.495751203037798405e-04
1.034600000000000000e+04,1.495687174610793591e-04
1.034700000000000000e+04,1.495592296123504639e-04
1.034800000000000000e+04,1.495493488619104028e-04
1.034900000000000000e+04,1.495429314672946930e-04
1.035000000000000000e+04,1.495327014708891511e-04
1.035100000000000000e+04,1.495235192123800516e-04
1.035200000000000000e+04,1.496228214818984270e-04
1.035300000000000000e+04,1.495205360697582364e-04
1.035400000000000000e+04,1.495118776801973581e-04
1.035500000000000000e+04,1.495060714660212398e-04
1.035600000000000000e+04,1.494938042014837265e-04
1.035700000000000000e+04,1.494559983257204294e-04
1.035800000000000000e+04,1.494408643338829279e-04
1.035900000000000000e+04,1.494250755058601499e-04
1.036000000000000000e+04,1.494149473728612065e-04
1.036100000000000000e+04,1.493957242928445339e-04
1.036200000000000000e+04,1.493930030846968293e-04
1.036300000000000000e+04,1.493839081376791000e-04
1.036400000000000000e+04,1.493768650107085705e-04
1.036500000000000000e+04,1.493697927799075842e-04
1.036600000000000000e+04,1.493619929533451796e-04
1.036700000000000000e+04,1.493425806984305382e-04
1.036800000000000000e+04,1.493206218583509326e-04
1.036900000000000000e+04,1.493000891059637070e-04
1.037000000000000000e+04,1.492888404754921794e-04
1.037100000000000000e+04,1.492759911343455315e-04
1.037200000000000000e+04,1.492662413511425257e-04
1.037300000000000000e+04,1.492570590926334262e-04
1.037400000000000000e+04,1.492457085987553000e-04
1.037500000000000000e+04,1.492253504693508148e-04
1.037600000000000000e+04,1.492121664341539145e-04
1.037700000000000000e+04,1.492086448706686497e-04
1.037800000000000000e+04,1.491977600380778313e-04
1.037900000000000000e+04,1.491926232120022178e-04
1.038000000000000000e+04,1.491810980951413512e-04
1.038100000000000000e+04,1.491685979999601841e-04
1.038200000000000000e+04,1.491628936491906643e-04
1.038300000000000000e+04,1.491553121013566852e-04
1.038400000000000000e+04,1.491519942646846175e-04
1.038500000000000000e+04,1.491486036684364080e-04
1.038600000000000000e+04,1.491506554884836078e-04
1.038700000000000000e+04,1.491424627602100372e-04
1.038800000000000000e+04,1.491347356932237744e-04
1.038900000000000000e+04,1.491283765062689781e-04
1.039000000000000000e+04,1.491256698500365019e-04
1.039100000000000000e+04,1.491211733082309365e-04
1.039200000000000000e+04,1.491146831540390849e-04
1.039300000000000000e+04,1.491075963713228703e-04
1.039400000000000000e+04,1.490961294621229172e-04
1.039500000000000000e+04,1.490896247560158372e-04
1.039600000000000000e+04,1.490847353124991059e-04
1.039700000000000000e+04,1.490848662797361612e-04
1.039800000000000000e+04,1.490777940489351749e-04
1.039900000000000000e+04,1.490695285610854626e-04
1.040000000000000000e+04,1.490515423938632011e-04
1.040100000000000000e+04,1.490281429141759872e-04
1.040200000000000000e+04,1.490677386755123734e-04
1.040300000000000000e+04,1.490208087489008904e-04
1.040400000000000000e+04,1.490133727202191949e-04
1.040500000000000000e+04,1.490044378442689776e-04
1.040600000000000000e+04,1.489968126406893134e-04
1.040700000000000000e+04,1.489880523877218366e-04
1.040800000000000000e+04,1.489947026129812002e-04
1.040900000000000000e+04,1.489780115662142634e-04
1.041000000000000000e+04,1.489631104050204158e-04
1.041100000000000000e+04,1.489486749051138759e-04
1.041200000000000000e+04,1.489332207711413503e-04
1.041300000000000000e+04,1.489165006205439568e-04
1.041400000000000000e+04,1.489000860601663589e-04
1.041500000000000000e+04,1.488940470153465867e-04
1.041600000000000000e+04,1.488786656409502029e-04
1.041700000000000000e+04,1.489748538006097078e-04
1.041800000000000000e+04,1.488720445195212960e-04
1.041900000000000000e+04,1.488616253482177854e-04
1.042000000000000000e+04,1.488542184233665466e-04
1.042100000000000000e+04,1.488487177994102240e-04
1.042200000000000000e+04,1.488272973801940680e-04
1.042300000000000000e+04,1.488088309997692704e-04
1.042400000000000000e+04,1.488047710154205561e-04
1.042500000000000000e+04,1.487879926571622491e-04
1.042600000000000000e+04,1.487823028583079576e-04
1.042700000000000000e+04,1.487717090640217066e-04
1.042800000000000000e+04,1.487588597228750587e-04
1.042900000000000000e+04,1.487496629124507308e-04
1.043000000000000000e+04,1.487429108237847686e-04
1.043100000000000000e+04,1.487345871282741427e-04
1.043200000000000000e+04,1.487264526076614857e-04
1.043300000000000000e+04,1.487180998083204031e-04
1.043400000000000000e+04,1.487041736254468560e-04
1.043500000000000000e+04,1.486859837314113975e-04
1.043600000000000000e+04,1.486741239205002785e-04
1.043700000000000000e+04,1.486615656176581979e-04
1.043800000000000000e+04,1.486497349105775356e-04
1.043900000000000000e+04,1.486373803345486522e-04
1.044000000000000000e+04,1.486282999394461513e-04
1.044100000000000000e+04,1.486188120907172561e-04
1.044200000000000000e+04,1.486041292082518339e-04
1.044300000000000000e+04,1.485963148297742009e-04
1.044400000000000000e+04,1.485826796852052212e-04
1.044500000000000000e+04,1.485732500441372395e-04
1.044600000000000000e+04,1.485638204030692577e-04
1.044700000000000000e+04,1.485517277615144849e-04
1.044800000000000000e+04,1.485487446188926697e-04
1.044900000000000000e+04,1.485246175434440374e-04
1.045000000000000000e+04,1.485143729951232672e-04
1.045100000000000000e+04,1.485019020037725568e-04
1.045200000000000000e+04,1.484945823904126883e-04
1.045300000000000000e+04,1.484819949837401509e-04
1.045400000000000000e+04,1.484622916905209422e-04
1.045500000000000000e+04,1.484460080973803997e-04
1.045600000000000000e+04,1.484296808484941721e-04
1.045700000000000000e+04,1.487917470512911677e-04
1.045800000000000000e+04,1.484257663832977414e-04
1.045900000000000000e+04,1.484133535996079445e-04
1.046000000000000000e+04,1.483981322962790728e-04
1.046100000000000000e+04,1.483845990151166916e-04
1.046200000000000000e+04,1.483788073528558016e-04
1.046300000000000000e+04,1.483517553424462676e-04
1.046400000000000000e+04,1.483441592426970601e-04
1.046500000000000000e+04,1.483325904700905085e-04
1.046600000000000000e+04,1.483210071455687284e-04
1.046700000000000000e+04,1.483039668528363109e-04
1.046800000000000000e+04,1.482820225646719337e-04
1.046900000000000000e+04,1.482631196267902851e-04
1.047000000000000000e+04,1.482536172261461616e-04
1.047100000000000000e+04,1.482466759625822306e-04
1.047200000000000000e+04,1.482336811022832990e-04
1.047300000000000000e+04,1.482245570514351130e-04
1.047400000000000000e+04,1.482168008806183934e-04
1.047500000000000000e+04,1.482098741689696908e-04
1.047600000000000000e+04,1.481930667068809271e-04
1.047700000000000000e+04,1.483664527768269181e-04
1.047800000000000000e+04,1.481875515310093760e-04
1.047900000000000000e+04,1.481741783209145069e-04
1.048000000000000000e+04,1.481569051975384355e-04
1.048100000000000000e+04,1.481426734244450927e-04
1.048200000000000000e+04,1.481596264056861401e-04
1.048300000000000000e+04,1.481368526583537459e-04
1.048400000000000000e+04,1.481263607274740934e-04
1.048500000000000000e+04,1.481053623137995601e-04
1.048600000000000000e+04,1.480918872402980924e-04
1.048700000000000000e+04,1.480787323089316487e-04
1.048800000000000000e+04,1.480614737374708056e-04
1.048900000000000000e+04,1.480417558923363686e-04
1.049000000000000000e+04,1.480284990975633264e-04
1.049100000000000000e+04,1.480340142734348774e-04
1.049200000000000000e+04,1.480190549045801163e-04
1.049300000000000000e+04,1.480106584494933486e-04
1.049400000000000000e+04,1.480014616390690207e-04
1.049500000000000000e+04,1.480020582675933838e-04
1.049600000000000000e+04,1.479965721955522895e-04
1.049700000000000000e+04,1.479867496527731419e-04
1.049800000000000000e+04,1.479705970268696547e-04
1.049900000000000000e+04,1.479590719100087881e-04
1.050000000000000000e+04,1.479421189287677407e-04
1.050100000000000000e+04,1.479437923990190029e-04
1.050200000000000000e+04,1.479308411944657564e-04
1.050300000000000000e+04,1.479105412727221847e-04
1.050400000000000000e+04,1.479011552873998880e-04
1.050500000000000000e+04,1.478942576795816422e-04
1.050600000000000000e+04,1.478867488913238049e-04
1.050700000000000000e+04,1.478799531469121575e-04
1.050800000000000000e+04,1.478694903198629618e-04
1.050900000000000000e+04,1.478562044212594628e-04
1.051000000000000000e+04,1.478492922615259886e-04
1.051100000000000000e+04,1.478311023674905300e-04
1.051200000000000000e+04,1.478321355534717441e-04
1.051300000000000000e+04,1.478220510762184858e-04
1.051400000000000000e+04,1.478076737839728594e-04
1.051500000000000000e+04,1.477928599342703819e-04
1.051600000000000000e+04,1.477849873481318355e-04
1.051700000000000000e+04,1.477736368542537093e-04
1.051800000000000000e+04,1.477635669289156795e-04
1.051900000000000000e+04,1.477544574299827218e-04
1.052000000000000000e+04,1.477478217566385865e-04
1.052100000000000000e+04,1.477414189139381051e-04
1.052200000000000000e+04,1.477338082622736692e-04
1.052300000000000000e+04,1.477269106544554234e-04
1.052400000000000000e+04,1.477164041716605425e-04
1.052500000000000000e+04,1.477044424973428249e-04
1.052600000000000000e+04,1.476947654737159610e-04
1.052700000000000000e+04,1.476830075262114406e-04
1.052800000000000000e+04,1.476706966059282422e-04
1.052900000000000000e+04,1.476612960686907172e-04
1.053000000000000000e+04,1.476493780501186848e-04
1.053100000000000000e+04,1.476423931308090687e-04
1.053200000000000000e+04,1.476348697906360030e-04
1.053300000000000000e+04,1.476211618864908814e-04
1.053400000000000000e+04,1.476044562878087163e-04
1.053500000000000000e+04,1.475943572586402297e-04
1.053600000000000000e+04,1.475731842219829559e-04
1.053700000000000000e+04,1.475538156228139997e-04
1.053800000000000000e+04,1.475334574934095144e-04
1.053900000000000000e+04,1.475485041737556458e-04
1.054000000000000000e+04,1.475279714213684201e-04
1.054100000000000000e+04,1.475189928896725178e-04
1.054200000000000000e+04,1.475068711442872882e-04
1.054300000000000000e+04,1.474862801842391491e-04
1.054400000000000000e+04,1.474670425523072481e-04
1.054500000000000000e+04,1.474770251661539078e-04
1.054600000000000000e+04,1.474572054576128721e-04
1.054700000000000000e+04,1.474418095313012600e-04
1.054800000000000000e+04,1.474324963055551052e-04
1.054900000000000000e+04,1.474189193686470389e-04
1.055000000000000000e+04,1.474052696721628308e-04
1.055100000000000000e+04,1.474018645239993930e-04
1.055200000000000000e+04,1.473879819968715310e-04
1.055300000000000000e+04,1.473819429520517588e-04
1.055400000000000000e+04,1.473766606068238616e-04
1.055500000000000000e+04,1.474612654419615865e-04
1.055600000000000000e+04,1.473734446335583925e-04
1.055700000000000000e+04,1.473687589168548584e-04
1.055800000000000000e+04,1.473622251069173217e-04
1.055900000000000000e+04,1.473532465752214193e-04
1.056000000000000000e+04,1.473454030929133296e-04
1.056100000000000000e+04,1.473362644901499152e-04
1.056200000000000000e+04,1.473262673243880272e-04
1.056300000000000000e+04,1.473200536565855145e-04
1.056400000000000000e+04,1.473113516112789512e-04
1.056500000000000000e+04,1.473037409596145153e-04
1.056600000000000000e+04,1.472957083024084568e-04
1.056700000000000000e+04,1.472846779506653547e-04
1.056800000000000000e+04,1.472729927627369761e-04
1.056900000000000000e+04,1.472631556680426002e-04
1.057000000000000000e+04,1.472517469665035605e-04
1.057100000000000000e+04,1.472602161811664701e-04
1.057200000000000000e+04,1.472392905270680785e-04
1.057300000000000000e+04,1.472219009883701801e-04
1.057400000000000000e+04,1.472130970796570182e-04
1.057500000000000000e+04,1.472038275096565485e-04
1.057600000000000000e+04,1.472136791562661529e-04
1.057700000000000000e+04,1.472008443670347333e-04
1.057800000000000000e+04,1.471966679673641920e-04
1.057900000000000000e+04,1.471915893489494920e-04
1.058000000000000000e+04,1.471853611292317510e-04
1.058100000000000000e+04,1.471785508329048753e-04
1.058200000000000000e+04,1.471681316616013646e-04
1.058300000000000000e+04,1.471601717639714479e-04
1.058400000000000000e+04,1.471473660785704851e-04
1.058500000000000000e+04,1.471371797379106283e-04
1.058600000000000000e+04,1.471292198402807117e-04
1.058700000000000000e+04,1.473345328122377396e-04
1.058800000000000000e+04,1.471270952606573701e-04
1.058900000000000000e+04,1.471159193897619843e-04
1.059000000000000000e+04,1.471073628636077046e-04
1.059100000000000000e+04,1.470944698667153716e-04
1.059200000000000000e+04,1.470814604545012116e-04
1.059300000000000000e+04,1.470666611567139626e-04
1.059400000000000000e+04,1.470484567107632756e-04
1.059500000000000000e+04,1.470336865168064833e-04
1.059600000000000000e+04,1.470211573177948594e-04
1.059700000000000000e+04,1.470069109927862883e-04
1.059800000000000000e+04,1.469877752242609859e-04
1.059900000000000000e+04,1.469744165660813451e-04
1.060000000000000000e+04,1.469635462854057550e-04
1.060100000000000000e+04,1.469510025344789028e-04
1.060200000000000000e+04,1.469380367780104280e-04
1.060300000000000000e+04,1.469259004807099700e-04
1.060400000000000000e+04,1.469197013648226857e-04
1.060500000000000000e+04,1.469080889364704490e-04
1.060600000000000000e+04,1.468947739340364933e-04
1.060700000000000000e+04,1.469083363190293312e-04
1.060800000000000000e+04,1.468861300963908434e-04
1.060900000000000000e+04,1.468783739255741239e-04
1.061000000000000000e+04,1.468711998313665390e-04
1.061100000000000000e+04,1.468650734750553966e-04
1.061200000000000000e+04,1.469524868298321962e-04
1.061300000000000000e+04,1.468630798626691103e-04
1.061400000000000000e+04,1.468523405492305756e-04
1.061500000000000000e+04,1.468428963562473655e-04
1.061600000000000000e+04,1.468355476390570402e-04
1.061700000000000000e+04,1.468240807298570871e-04
1.061800000000000000e+04,1.468376431148499250e-04
1.061900000000000000e+04,1.468192640459164977e-04
1.062000000000000000e+04,1.468133996240794659e-04
1.062100000000000000e+04,1.468064292566850781e-04
1.062200000000000000e+04,1.467971014790236950e-04
1.062300000000000000e+04,1.467884576413780451e-04
1.062400000000000000e+04,1.467732945457100868e-04
1.062500000000000000e+04,1.467594556743279099e-04
1.062600000000000000e+04,1.467476395191624761e-04
1.062700000000000000e+04,1.467388210585340858e-04
1.062800000000000000e+04,1.467326655983924866e-04
1.062900000000000000e+04,1.467231340939179063e-04
1.063000000000000000e+04,1.467166730435565114e-04
1.063100000000000000e+04,1.467051770305261016e-04
1.063200000000000000e+04,1.466937537770718336e-04
1.063300000000000000e+04,1.466862013330683112e-04
1.063400000000000000e+04,1.466764806536957622e-04
1.063500000000000000e+04,1.466661633457988501e-04
1.063600000000000000e+04,1.466595713282003999e-04
1.063700000000000000e+04,1.466448011342436075e-04
1.063800000000000000e+04,1.466377143515273929e-04
1.063900000000000000e+04,1.466308895032852888e-04
1.064000000000000000e+04,1.466222747694700956e-04
1.064100000000000000e+04,1.466089015593752265e-04
1.064200000000000000e+04,1.465952227590605617e-04
1.064300000000000000e+04,1.465844688937067986e-04
1.064400000000000000e+04,1.465874811401590705e-04
1.064500000000000000e+04,1.465753739466890693e-04
1.064600000000000000e+04,1.465620007365942001e-04
1.064700000000000000e+04,1.465560781070962548e-04
1.064800000000000000e+04,1.465421955799683928e-04
1.064900000000000000e+04,1.465326495235785842e-04
1.065000000000000000e+04,1.465154055040329695e-04
1.065100000000000000e+04,1.465034874854609370e-04
1.065200000000000000e+04,1.464907254558056593e-04
1.065300000000000000e+04,1.464810193283483386e-04
1.065400000000000000e+04,1.464636588934808969e-04
1.065500000000000000e+04,1.464415254304185510e-04
1.065600000000000000e+04,1.464179513277485967e-04
1.065700000000000000e+04,1.463955122744664550e-04
1.065800000000000000e+04,1.463799271732568741e-04
1.065900000000000000e+04,1.463614607928320765e-04
1.066000000000000000e+04,1.464248489355668426e-04
1.066100000000000000e+04,1.463518419768661261e-04
1.066200000000000000e+04,1.463354419684037566e-04
1.066300000000000000e+04,1.463225635234266520e-04
1.066400000000000000e+04,1.463177322875708342e-04
1.066500000000000000e+04,1.463012449676170945e-04
1.066600000000000000e+04,1.462898071622475982e-04
1.066700000000000000e+04,1.462776417611166835e-04
1.066800000000000000e+04,1.462653453927487135e-04
1.066900000000000000e+04,1.462566142436116934e-04
1.067000000000000000e+04,1.462460641050711274e-04
1.067100000000000000e+04,1.462395885027945042e-04
1.067200000000000000e+04,1.462189393350854516e-04
1.067300000000000000e+04,1.461896172259002924e-04
1.067400000000000000e+04,1.461711653973907232e-04
1.067500000000000000e+04,1.461658685002475977e-04
1.067600000000000000e+04,1.461264037061482668e-04
1.067700000000000000e+04,1.461185456719249487e-04
1.067800000000000000e+04,1.461062493035569787e-04
1.067900000000000000e+04,1.460968051105737686e-04
1.068000000000000000e+04,1.460933272028341889e-04
1.068100000000000000e+04,1.460830535506829619e-04
1.068200000000000000e+04,1.460791827412322164e-04
1.068300000000000000e+04,1.460705680074170232e-04
1.068400000000000000e+04,1.460599742131307721e-04
1.068500000000000000e+04,1.460584753658622503e-04
1.068600000000000000e+04,1.460451603634282947e-04
1.068700000000000000e+04,1.460386556573212147e-04
1.068800000000000000e+04,1.460284547647461295e-04
1.068900000000000000e+04,1.460149942431598902e-04
1.069000000000000000e+04,1.460033527109771967e-04
1.069100000000000000e+04,1.459983614040538669e-04
1.069200000000000000e+04,1.459828636143356562e-04
1.069300000000000000e+04,1.459732593502849340e-04
1.069400000000000000e+04,1.459600898670032620e-04
1.069500000000000000e+04,1.459429768146947026e-04
1.069600000000000000e+04,1.459294871892780066e-04
1.069700000000000000e+04,1.459201885154470801e-04
1.069800000000000000e+04,1.459162012906745076e-04
1.069900000000000000e+04,1.459129998693242669e-04
1.070000000000000000e+04,1.459076884202659130e-04
1.070100000000000000e+04,1.459027116652578115e-04
1.070200000000000000e+04,1.458967308280989528e-04
1.070300000000000000e+04,1.458926271880045533e-04
1.070400000000000000e+04,1.458863698644563556e-04
1.070500000000000000e+04,1.458779588574543595e-04
1.070600000000000000e+04,1.458619371987879276e-04
1.070700000000000000e+04,1.458564802305772901e-04
1.070800000000000000e+04,1.458461920265108347e-04
1.070900000000000000e+04,1.458584301872178912e-04
1.071000000000000000e+04,1.458424376323819160e-04
1.071100000000000000e+04,1.458329643355682492e-04
1.071200000000000000e+04,1.458243641536682844e-04
1.071300000000000000e+04,1.458183687645941973e-04
1.071400000000000000e+04,1.458080805605277419e-04
1.071500000000000000e+04,1.458143524359911680e-04
1.071600000000000000e+04,1.458034821553155780e-04
1.071700000000000000e+04,1.457974140066653490e-04
1.071800000000000000e+04,1.457882026443257928e-04
1.071900000000000000e+04,1.457821927033364773e-04
1.072000000000000000e+04,1.457763573853299022e-04
1.072100000000000000e+04,1.457694452255964279e-04
1.072200000000000000e+04,1.457569887861609459e-04
1.072300000000000000e+04,1.457533071516081691e-04
1.072400000000000000e+04,1.457371545257046819e-04
1.072500000000000000e+04,1.457299804314970970e-04
1.072600000000000000e+04,1.457139296690002084e-04
1.072700000000000000e+04,1.456976606277748942e-04
1.072800000000000000e+04,1.456838799640536308e-04
1.072900000000000000e+04,1.456705504097044468e-04
1.073000000000000000e+04,1.456608006265014410e-04
1.073100000000000000e+04,1.456327736377716064e-04
1.073200000000000000e+04,1.456188183510676026e-04
1.073300000000000000e+04,1.455932215321809053e-04
1.073400000000000000e+04,1.456987374695017934e-04
1.073500000000000000e+04,1.455859601264819503e-04
1.073600000000000000e+04,1.455759047530591488e-04
1.073700000000000000e+04,1.455582678318023682e-04
1.073800000000000000e+04,1.455454475944861770e-04
1.073900000000000000e+04,1.455332239856943488e-04
1.074000000000000000e+04,1.455144374631345272e-04
1.074100000000000000e+04,1.454916637158021331e-04
1.074200000000000000e+04,1.454734738217666745e-04
1.074300000000000000e+04,1.454563316656276584e-04
1.074400000000000000e+04,1.454408920835703611e-04
1.074500000000000000e+04,1.454207667848095298e-04
1.074600000000000000e+04,1.454059238312765956e-04
1.074700000000000000e+04,1.453960721846669912e-04
1.074800000000000000e+04,1.453765871701762080e-04
1.074900000000000000e+04,1.453619770472869277e-04
1.075000000000000000e+04,1.453545264666900039e-04
1.075100000000000000e+04,1.453486765967682004e-04
1.075200000000000000e+04,1.453448057873174548e-04
1.075300000000000000e+04,1.453353470424190164e-04
1.075400000000000000e+04,1.453147997381165624e-04
1.075500000000000000e+04,1.453134027542546391e-04
1.075600000000000000e+04,1.452964788768440485e-04
1.075700000000000000e+04,1.452883007004857063e-04
1.075800000000000000e+04,1.452794094802811742e-04
1.075900000000000000e+04,1.452736178180202842e-04
1.076000000000000000e+04,1.452720753150060773e-04
1.076100000000000000e+04,1.452596479794010520e-04
1.076200000000000000e+04,1.452519209124147892e-04
1.076300000000000000e+04,1.452379510737955570e-04
1.076400000000000000e+04,1.452199649065732956e-04
1.076500000000000000e+04,1.452258002245798707e-04
1.076600000000000000e+04,1.452113938285037875e-04
1.076700000000000000e+04,1.451928110327571630e-04
1.076800000000000000e+04,1.451779244234785438e-04
1.076900000000000000e+04,1.451534772058948874e-04
1.077000000000000000e+04,1.451561838621273637e-04
1.077100000000000000e+04,1.451485732104629278e-04
1.077200000000000000e+04,1.451376592740416527e-04
1.077300000000000000e+04,1.451231655664741993e-04
1.077400000000000000e+04,1.451090211048722267e-04
1.077500000000000000e+04,1.450785202905535698e-04
1.077600000000000000e+04,1.450555282644927502e-04
1.077700000000000000e+04,1.450405397918075323e-04
1.077800000000000000e+04,1.450310228392481804e-04
1.077900000000000000e+04,1.450188283342868090e-04
1.078000000000000000e+04,1.450058043701574206e-04
1.078100000000000000e+04,1.449857663828879595e-04
1.078200000000000000e+04,1.449667033739387989e-04
1.078300000000000000e+04,1.449505507480353117e-04
1.078400000000000000e+04,1.449411356588825583e-04
1.078500000000000000e+04,1.449362025596201420e-04
1.078600000000000000e+04,1.449239207431674004e-04
1.078700000000000000e+04,1.449132978450506926e-04
1.078800000000000000e+04,1.449031988158822060e-04
1.078900000000000000e+04,1.448927214369177818e-04
1.079000000000000000e+04,1.448757393518462777e-04
1.079100000000000000e+04,1.448583789169788361e-04
1.079200000000000000e+04,1.448453404009342194e-04
1.079300000000000000e+04,1.448343682568520308e-04
1.079400000000000000e+04,1.448174298275262117e-04
1.079500000000000000e+04,1.448120019631460309e-04
1.079600000000000000e+04,1.447999966330826283e-04
1.079700000000000000e+04,1.448002731194719672e-04
1.079800000000000000e+04,1.447954855393618345e-04
1.079900000000000000e+04,1.447872782591730356e-04
1.080000000000000000e+04,1.447736431146040559e-04
1.080100000000000000e+04,1.447618415113538504e-04
