0.000000000000000000e+00,6.969641447067260742e-01
1.000000000000000000e+00,1.121933937072753906e+01
2.000000000000000000e+00,6.370540261268615723e-01
3.000000000000000000e+00,4.120766520500183105e-01
4.000000000000000000e+00,3.796694874763488770e-01
5.000000000000000000e+00,3.515107333660125732e-01
6.000000000000000000e+00,3.352812826633453369e-01
7.000000000000000000e+00,3.132288455963134766e-01
8.000000000000000000e+00,2.879513800144195557e-01
9.000000000000000000e+00,4.210731387138366699e-01
1.000000000000000000e+01,2.743412554264068604e-01
1.100000000000000000e+01,2.678324580192565918e-01
1.200000000000000000e+01,2.578087449073791504e-01
1.300000000000000000e+01,2.433030009269714355e-01
1.400000000000000000e+01,2.315445542335510254e-01
1.500000000000000000e+01,2.112835645675659180e-01
1.600000000000000000e+01,2.019213587045669556e-01
1.700000000000000000e+01,1.867872327566146851e-01
1.800000000000000000e+01,1.777999997138977051e-01
1.900000000000000000e+01,1.654587984085083008e-01
2.000000000000000000e+01,1.499201655387878418e-01
2.100000000000000000e+01,1.370869874954223633e-01
2.200000000000000000e+01,1.289544254541397095e-01
2.300000000000000000e+01,1.191993877291679382e-01
2.400000000000000000e+01,1.087995246052742004e-01
2.500000000000000000e+01,9.893720597028732300e-02
2.600000000000000000e+01,9.405172616243362427e-02
2.700000000000000000e+01,8.951631188392639160e-02
2.800000000000000000e+01,8.267584443092346191e-02
2.900000000000000000e+01,7.356236129999160767e-02
3.000000000000000000e+01,6.905970722436904907e-02
3.100000000000000000e+01,6.299211084842681885e-02
3.200000000000000000e+01,6.096288934350013733e-02
3.300000000000000000e+01,5.715026706457138062e-02
3.400000000000000000e+01,5.324589833617210388e-02
3.500000000000000000e+01,4.927218705415725708e-02
3.600000000000000000e+01,4.560579359531402588e-02
3.700000000000000000e+01,4.387028142809867859e-02
3.800000000000000000e+01,4.115885123610496521e-02
3.900000000000000000e+01,3.857857361435890198e-02
4.000000000000000000e+01,3.505501896142959595e-02
4.100000000000000000e+01,3.257435932755470276e-02
4.200000000000000000e+01,3.109591081738471985e-02
4.300000000000000000e+01,2.911174856126308441e-02
4.400000000000000000e+01,2.792038023471832275e-02
4.500000000000000000e+01,2.644339948892593384e-02
4.600000000000000000e+01,2.480440586805343628e-02
4.700000000000000000e+01,2.348045632243156433e-02
4.800000000000000000e+01,2.237041294574737549e-02
4.900000000000000000e+01,2.139969728887081146e-02
5.000000000000000000e+01,2.036981284618377686e-02
5.100000000000000000e+01,1.931696571409702301e-02
5.200000000000000000e+01,1.828832738101482391e-02
5.300000000000000000e+01,1.703622192144393921e-02
5.400000000000000000e+01,1.586789265275001526e-02
5.500000000000000000e+01,1.524947769939899445e-02
5.600000000000000000e+01,1.479585841298103333e-02
5.700000000000000000e+01,1.432670932263135910e-02
5.800000000000000000e+01,1.400263328105211258e-02
5.900000000000000000e+01,1.359284017235040665e-02
6.000000000000000000e+01,1.283133681863546371e-02
6.100000000000000000e+01,1.221454329788684845e-02
6.200000000000000000e+01,1.166994404047727585e-02
6.300000000000000000e+01,1.117116492241621017e-02
6.400000000000000000e+01,1.058749575167894363e-02
6.500000000000000000e+01,1.021741889417171478e-02
6.600000000000000000e+01,9.954027831554412842e-03
6.700000000000000000e+01,9.748736396431922913e-03
6.800000000000000000e+01,9.517234750092029572e-03
6.900000000000000000e+01,9.228393435478210449e-03
7.000000000000000000e+01,8.881697431206703186e-03
7.100000000000000000e+01,8.524937555193901062e-03
7.200000000000000000e+01,8.305482566356658936e-03
7.300000000000000000e+01,8.118340745568275452e-03
7.400000000000000000e+01,7.934515364468097687e-03
7.500000000000000000e+01,7.731327787041664124e-03
7.600000000000000000e+01,7.464875932782888412e-03
7.700000000000000000e+01,7.300319615751504898e-03
7.800000000000000000e+01,7.142259273678064346e-03
7.900000000000000000e+01,7.008370943367481232e-03
8.000000000000000000e+01,6.861232221126556396e-03
8.100000000000000000e+01,6.679515819996595383e-03
8.200000000000000000e+01,6.342824548482894897e-03
8.300000000000000000e+01,6.131086032837629318e-03
8.400000000000000000e+01,5.935955792665481567e-03
8.500000000000000000e+01,5.736243445426225662e-03
8.600000000000000000e+01,5.549761466681957245e-03
8.700000000000000000e+01,5.356779322028160095e-03
8.800000000000000000e+01,5.225537344813346863e-03
8.900000000000000000e+01,5.083017516881227493e-03
9.000000000000000000e+01,4.971640650182962418e-03
9.100000000000000000e+01,4.897312261164188385e-03
9.200000000000000000e+01,4.822643473744392395e-03
9.300000000000000000e+01,4.737982992082834244e-03
9.400000000000000000e+01,4.633132368326187134e-03
9.500000000000000000e+01,4.517066758126020432e-03
9.600000000000000000e+01,4.408556036651134491e-03
9.700000000000000000e+01,4.291655030101537704e-03
9.800000000000000000e+01,4.205960780382156372e-03
9.900000000000000000e+01,4.093389492481946945e-03
1.000000000000000000e+02,4.001439083367586136e-03
1.010000000000000000e+02,3.929174039512872696e-03
1.020000000000000000e+02,3.826277563348412514e-03
1.030000000000000000e+02,3.729583695530891418e-03
1.040000000000000000e+02,3.645310644060373306e-03
1.050000000000000000e+02,3.575884737074375153e-03
1.060000000000000000e+02,3.481131047010421753e-03
1.070000000000000000e+02,3.441019449383020401e-03
1.080000000000000000e+02,3.339793067425489426e-03
1.090000000000000000e+02,3.279498312622308731e-03
1.100000000000000000e+02,3.230175469070672989e-03
1.110000000000000000e+02,3.166978247463703156e-03
1.120000000000000000e+02,3.114014165475964546e-03
1.130000000000000000e+02,3.078355686739087105e-03
1.140000000000000000e+02,3.044396638870239258e-03
1.150000000000000000e+02,3.011117456480860710e-03
1.160000000000000000e+02,2.967252628877758980e-03
1.170000000000000000e+02,2.923752646893262863e-03
1.180000000000000000e+02,2.889128867536783218e-03
1.190000000000000000e+02,2.856553765013813972e-03
1.200000000000000000e+02,2.820919035002589226e-03
1.210000000000000000e+02,2.768436446785926819e-03
1.220000000000000000e+02,2.716510090976953506e-03
1.230000000000000000e+02,2.673472743481397629e-03
1.240000000000000000e+02,2.644767286255955696e-03
1.250000000000000000e+02,2.600089181214570999e-03
1.260000000000000000e+02,2.547238254919648170e-03
1.270000000000000000e+02,2.500772941857576370e-03
1.280000000000000000e+02,2.464955439791083336e-03
1.290000000000000000e+02,2.435575472190976143e-03
1.300000000000000000e+02,2.392021939158439636e-03
1.310000000000000000e+02,2.346385968849062920e-03
1.320000000000000000e+02,2.307104179635643959e-03
1.330000000000000000e+02,2.263426547870039940e-03
1.340000000000000000e+02,2.219358924776315689e-03
1.350000000000000000e+02,2.166392980143427849e-03
1.360000000000000000e+02,2.121702535077929497e-03
1.370000000000000000e+02,2.078952267765998840e-03
1.380000000000000000e+02,2.044573891907930374e-03
1.390000000000000000e+02,2.004262991249561310e-03
1.400000000000000000e+02,1.967734890058636665e-03
1.410000000000000000e+02,1.951606711372733116e-03
1.420000000000000000e+02,1.929738442413508892e-03
1.430000000000000000e+02,1.898404327221214771e-03
1.440000000000000000e+02,1.867220271378755569e-03
1.450000000000000000e+02,1.845193444751203060e-03
1.460000000000000000e+02,1.807669876143336296e-03
1.470000000000000000e+02,1.764538581483066082e-03
1.480000000000000000e+02,1.737747807055711746e-03
1.490000000000000000e+02,1.701579429209232330e-03
1.500000000000000000e+02,1.686013420112431049e-03
1.510000000000000000e+02,1.670536235906183720e-03
1.520000000000000000e+02,1.644209260120987892e-03
1.530000000000000000e+02,1.614069333299994469e-03
1.540000000000000000e+02,1.587626291438937187e-03
1.550000000000000000e+02,1.557405688799917698e-03
1.560000000000000000e+02,1.596136251464486122e-03
1.570000000000000000e+02,1.540786004625260830e-03
1.580000000000000000e+02,1.521701575256884098e-03
1.590000000000000000e+02,1.491967239417135715e-03
1.600000000000000000e+02,1.469078240916132927e-03
1.610000000000000000e+02,1.446279347874224186e-03
1.620000000000000000e+02,1.410307362675666809e-03
1.630000000000000000e+02,1.393432612530887127e-03
1.640000000000000000e+02,1.375504885800182819e-03
1.650000000000000000e+02,1.359950634650886059e-03
1.660000000000000000e+02,1.333566382527351379e-03
1.670000000000000000e+02,1.316586276516318321e-03
1.680000000000000000e+02,1.289022620767354965e-03
1.690000000000000000e+02,1.276038121432065964e-03
1.700000000000000000e+02,1.257871859706938267e-03
1.710000000000000000e+02,1.259761629626154900e-03
1.720000000000000000e+02,1.245238352566957474e-03
1.730000000000000000e+02,1.228653709404170513e-03
1.740000000000000000e+02,1.214204239659011364e-03
1.750000000000000000e+02,1.197891077026724815e-03
1.760000000000000000e+02,1.177306985482573509e-03
1.770000000000000000e+02,1.158258877694606781e-03
1.780000000000000000e+02,1.143006840720772743e-03
1.790000000000000000e+02,1.125388196669518948e-03
1.800000000000000000e+02,1.116628875024616718e-03
1.810000000000000000e+02,1.104991766624152660e-03
1.820000000000000000e+02,1.089057186618447304e-03
1.830000000000000000e+02,1.069745980203151703e-03
1.840000000000000000e+02,1.058857771568000317e-03
1.850000000000000000e+02,1.051286468282341957e-03
1.860000000000000000e+02,1.038701040670275688e-03
1.870000000000000000e+02,1.007771934382617474e-03
1.880000000000000000e+02,9.907933417707681656e-04
1.890000000000000000e+02,9.694802574813365936e-04
1.900000000000000000e+02,9.542929474264383316e-04
1.910000000000000000e+02,9.444582974538207054e-04
1.920000000000000000e+02,9.250177536159753799e-04
1.930000000000000000e+02,9.271947783417999744e-04
1.940000000000000000e+02,9.187172981910407543e-04
1.950000000000000000e+02,9.110006503760814667e-04
1.960000000000000000e+02,9.070415399037301540e-04
1.970000000000000000e+02,8.980602142401039600e-04
1.980000000000000000e+02,8.876079809851944447e-04
1.990000000000000000e+02,8.797954651527106762e-04
2.000000000000000000e+02,8.715850999578833580e-04
2.010000000000000000e+02,8.667901856824755669e-04
2.020000000000000000e+02,8.628009818494319916e-04
2.030000000000000000e+02,8.572232909500598907e-04
2.040000000000000000e+02,8.494262583553791046e-04
2.050000000000000000e+02,8.450153400190174580e-04
2.060000000000000000e+02,8.398439385928213596e-04
2.070000000000000000e+02,8.310121484100818634e-04
2.080000000000000000e+02,8.243405609391629696e-04
2.090000000000000000e+02,8.133285446092486382e-04
2.100000000000000000e+02,8.066990994848310947e-04
2.110000000000000000e+02,7.965741096995770931e-04
2.120000000000000000e+02,7.852169801481068134e-04
2.130000000000000000e+02,7.757319835945963860e-04
2.140000000000000000e+02,7.682559662498533726e-04
2.150000000000000000e+02,7.608302403241395950e-04
2.160000000000000000e+02,7.545812404714524746e-04
2.170000000000000000e+02,7.438248721882700920e-04
2.180000000000000000e+02,7.345990161411464214e-04
2.190000000000000000e+02,7.304188911803066730e-04
2.200000000000000000e+02,7.264552405104041100e-04
2.210000000000000000e+02,7.208261522464454174e-04
2.220000000000000000e+02,7.270593196153640747e-04
2.230000000000000000e+02,7.164678536355495453e-04
2.240000000000000000e+02,7.094736793078482151e-04
2.250000000000000000e+02,7.051139837130904198e-04
2.260000000000000000e+02,6.992446142248809338e-04
2.270000000000000000e+02,6.919063162058591843e-04
2.280000000000000000e+02,6.872715894132852554e-04
2.290000000000000000e+02,6.767651066184043884e-04
2.300000000000000000e+02,6.703794351778924465e-04
2.310000000000000000e+02,6.646550027653574944e-04
2.320000000000000000e+02,6.580114131793379784e-04
2.330000000000000000e+02,6.504928460344672203e-04
2.340000000000000000e+02,6.438766140490770340e-04
2.350000000000000000e+02,6.583023350685834885e-04
2.360000000000000000e+02,6.413445225916802883e-04
2.370000000000000000e+02,6.370208575390279293e-04
2.380000000000000000e+02,6.320819957181811333e-04
2.390000000000000000e+02,6.261860835365951061e-04
2.400000000000000000e+02,6.217532209120690823e-04
2.410000000000000000e+02,6.172037101350724697e-04
2.420000000000000000e+02,6.105639622546732426e-04
2.430000000000000000e+02,6.020308355800807476e-04
2.440000000000000000e+02,5.997380940243601799e-04
2.450000000000000000e+02,5.923571297898888588e-04
2.460000000000000000e+02,5.881650722585618496e-04
2.470000000000000000e+02,5.825328407809138298e-04
2.480000000000000000e+02,5.782702937722206116e-04
2.490000000000000000e+02,5.736948223784565926e-04
2.500000000000000000e+02,5.701775662600994110e-04
2.510000000000000000e+02,5.673769046552479267e-04
2.520000000000000000e+02,5.629023653455078602e-04
2.530000000000000000e+02,5.605191108770668507e-04
2.540000000000000000e+02,5.562996957451105118e-04
2.550000000000000000e+02,5.544235464185476303e-04
2.560000000000000000e+02,5.503185675479471684e-04
2.570000000000000000e+02,5.469215102493762970e-04
2.580000000000000000e+02,5.390656297095119953e-04
2.590000000000000000e+02,5.362694500945508480e-04
2.600000000000000000e+02,5.319954943843185902e-04
2.610000000000000000e+02,5.280918558128178120e-04
2.620000000000000000e+02,5.231212708167731762e-04
2.630000000000000000e+02,5.223051412031054497e-04
2.640000000000000000e+02,5.166249466128647327e-04
2.650000000000000000e+02,5.143871530890464783e-04
2.660000000000000000e+02,5.109282792545855045e-04
2.670000000000000000e+02,5.054068751633167267e-04
2.680000000000000000e+02,5.147795891389250755e-04
2.690000000000000000e+02,5.025258287787437439e-04
2.700000000000000000e+02,4.976782947778701782e-04
2.710000000000000000e+02,4.948718706145882607e-04
2.720000000000000000e+02,4.919044440612196922e-04
2.730000000000000000e+02,4.886929527856409550e-04
2.740000000000000000e+02,4.840932961087673903e-04
2.750000000000000000e+02,4.800111637450754642e-04
2.760000000000000000e+02,4.762384342029690742e-04
2.770000000000000000e+02,4.727897758129984140e-04
2.780000000000000000e+02,4.717466945294290781e-04
2.790000000000000000e+02,4.655472876038402319e-04
2.800000000000000000e+02,4.639510589186102152e-04
2.810000000000000000e+02,4.615724610630422831e-04
2.820000000000000000e+02,4.575252532958984375e-04
2.830000000000000000e+02,4.527007986325770617e-04
2.840000000000000000e+02,4.480447678361088037e-04
2.850000000000000000e+02,4.454125883057713509e-04
2.860000000000000000e+02,4.429528198670595884e-04
2.870000000000000000e+02,4.399955796543508768e-04
2.880000000000000000e+02,4.358747391961514950e-04
2.890000000000000000e+02,4.316065751481801271e-04
2.900000000000000000e+02,4.289944772608578205e-04
2.910000000000000000e+02,4.266651230864226818e-04
2.920000000000000000e+02,4.237728135194629431e-04
2.930000000000000000e+02,4.200818075332790613e-04
2.940000000000000000e+02,4.188673628959804773e-04
2.950000000000000000e+02,4.159220261499285698e-04
2.960000000000000000e+02,4.140110977459698915e-04
2.970000000000000000e+02,4.112545866519212723e-04
2.980000000000000000e+02,4.078902129549533129e-04
2.990000000000000000e+02,4.037106409668922424e-04
3.000000000000000000e+02,3.993612190242856741e-04
3.010000000000000000e+02,3.971838741563260555e-04
3.020000000000000000e+02,3.958383458666503429e-04
3.030000000000000000e+02,3.927732177544385195e-04
3.040000000000000000e+02,3.889713843818753958e-04
3.050000000000000000e+02,3.869555075652897358e-04
3.060000000000000000e+02,3.874116519000381231e-04
3.070000000000000000e+02,3.860464203171432018e-04
3.080000000000000000e+02,3.843609010800719261e-04
3.090000000000000000e+02,3.826270694844424725e-04
3.100000000000000000e+02,3.812297945842146873e-04
3.110000000000000000e+02,3.797652607318013906e-04
3.120000000000000000e+02,3.846846229862421751e-04
3.130000000000000000e+02,3.791697963606566191e-04
3.140000000000000000e+02,3.778415266424417496e-04
3.150000000000000000e+02,3.766853478737175465e-04
3.160000000000000000e+02,3.756343794520944357e-04
3.170000000000000000e+02,3.744015702977776527e-04
3.180000000000000000e+02,3.722064720932394266e-04
3.190000000000000000e+02,3.705221170093864202e-04
3.200000000000000000e+02,3.684847615659236908e-04
3.210000000000000000e+02,3.670080041047185659e-04
3.220000000000000000e+02,3.652081941254436970e-04
3.230000000000000000e+02,3.662343369796872139e-04
3.240000000000000000e+02,3.640208451543003321e-04
3.250000000000000000e+02,3.618085465859621763e-04
3.260000000000000000e+02,3.595173475332558155e-04
3.270000000000000000e+02,3.574053407646715641e-04
3.280000000000000000e+02,3.548997046891599894e-04
3.290000000000000000e+02,3.561704652383923531e-04
3.300000000000000000e+02,3.533097624313086271e-04
3.310000000000000000e+02,3.515771240927278996e-04
3.320000000000000000e+02,3.500826715026050806e-04
3.330000000000000000e+02,3.490248345769941807e-04
3.340000000000000000e+02,3.465510962996631861e-04
3.350000000000000000e+02,3.468853537924587727e-04
3.360000000000000000e+02,3.454806283116340637e-04
3.370000000000000000e+02,3.438061685301363468e-04
3.380000000000000000e+02,3.427161427680402994e-04
3.390000000000000000e+02,3.414379607420414686e-04
3.400000000000000000e+02,3.395724634174257517e-04
3.410000000000000000e+02,3.390628553461283445e-04
3.420000000000000000e+02,3.348307218402624130e-04
3.430000000000000000e+02,3.335261717438697815e-04
3.440000000000000000e+02,3.321097756270319223e-04
3.450000000000000000e+02,3.305069403722882271e-04
3.460000000000000000e+02,3.328926104586571455e-04
3.470000000000000000e+02,3.288358566351234913e-04
3.480000000000000000e+02,3.253060276620090008e-04
3.490000000000000000e+02,3.229617723263800144e-04
3.500000000000000000e+02,3.211442672181874514e-04
3.510000000000000000e+02,3.202678053639829159e-04
3.520000000000000000e+02,3.191806317772716284e-04
3.530000000000000000e+02,3.180412750225514174e-04
3.540000000000000000e+02,3.175405145157128572e-04
3.550000000000000000e+02,3.163621877320110798e-04
3.560000000000000000e+02,3.171258722431957722e-04
3.570000000000000000e+02,3.155192825943231583e-04
3.580000000000000000e+02,3.143290814477950335e-04
3.590000000000000000e+02,3.139369364362210035e-04
3.600000000000000000e+02,3.121606132481247187e-04
3.610000000000000000e+02,3.113655839115381241e-04
3.620000000000000000e+02,3.099952591583132744e-04
3.630000000000000000e+02,3.088504308834671974e-04
3.640000000000000000e+02,3.074749547522515059e-04
3.650000000000000000e+02,3.063136246055364609e-04
3.660000000000000000e+02,3.050380328204482794e-04
3.670000000000000000e+02,3.040509473066776991e-04
3.680000000000000000e+02,3.024367906618863344e-04
3.690000000000000000e+02,3.003459714818745852e-04
3.700000000000000000e+02,3.064829215873032808e-04
3.710000000000000000e+02,2.995809772983193398e-04
3.720000000000000000e+02,2.986791660077869892e-04
3.730000000000000000e+02,2.978306438308209181e-04
3.740000000000000000e+02,2.967407053802162409e-04
3.750000000000000000e+02,2.953091170638799667e-04
3.760000000000000000e+02,2.941703423857688904e-04
3.770000000000000000e+02,2.922867424786090851e-04
3.780000000000000000e+02,2.911209012381732464e-04
3.790000000000000000e+02,2.896449004765599966e-04
3.800000000000000000e+02,2.879187231883406639e-04
3.810000000000000000e+02,2.860453969333320856e-04
3.820000000000000000e+02,2.848668955266475677e-04
3.830000000000000000e+02,2.841319073922932148e-04
3.840000000000000000e+02,2.831928723026067019e-04
3.850000000000000000e+02,2.812661696225404739e-04
3.860000000000000000e+02,2.811976009979844093e-04
3.870000000000000000e+02,2.805445110425353050e-04
3.880000000000000000e+02,2.796616172417998314e-04
3.890000000000000000e+02,2.785930118989199400e-04
3.900000000000000000e+02,2.775346220005303621e-04
3.910000000000000000e+02,2.759711642283946276e-04
3.920000000000000000e+02,2.744509256444871426e-04
3.930000000000000000e+02,2.726944221649318933e-04
3.940000000000000000e+02,2.709008695092052221e-04
3.950000000000000000e+02,2.701444609556347132e-04
3.960000000000000000e+02,2.692476555239409208e-04
3.970000000000000000e+02,2.680605393834412098e-04
3.980000000000000000e+02,2.668457163963466883e-04
3.990000000000000000e+02,2.645845816005021334e-04
4.000000000000000000e+02,2.729640109464526176e-04
4.010000000000000000e+02,2.639537851791828871e-04
4.020000000000000000e+02,2.621069434098899364e-04
4.030000000000000000e+02,2.605704939924180508e-04
4.040000000000000000e+02,2.590083458926528692e-04
4.050000000000000000e+02,2.597475540824234486e-04
4.060000000000000000e+02,2.585223701316863298e-04
4.070000000000000000e+02,2.579991705715656281e-04
4.080000000000000000e+02,2.574247482698410749e-04
4.090000000000000000e+02,2.566907787695527077e-04
4.100000000000000000e+02,2.554387610871344805e-04
4.110000000000000000e+02,2.543481532484292984e-04
4.120000000000000000e+02,2.534464874770492315e-04
4.130000000000000000e+02,2.522501163184642792e-04
4.140000000000000000e+02,2.513407671358436346e-04
4.150000000000000000e+02,2.521291025914251804e-04
4.160000000000000000e+02,2.505448937881737947e-04
4.170000000000000000e+02,2.492424391675740480e-04
4.180000000000000000e+02,2.484314609318971634e-04
4.190000000000000000e+02,2.477524685673415661e-04
4.200000000000000000e+02,2.471252810209989548e-04
4.210000000000000000e+02,2.463155251462012529e-04
4.220000000000000000e+02,2.461109252180904150e-04
4.230000000000000000e+02,2.455991343595087528e-04
4.240000000000000000e+02,2.452047774568200111e-04
4.250000000000000000e+02,2.446384169161319733e-04
4.260000000000000000e+02,2.438771189190447330e-04
4.270000000000000000e+02,2.426987193757668138e-04
4.280000000000000000e+02,2.441349497530609369e-04
4.290000000000000000e+02,2.419733500573784113e-04
4.300000000000000000e+02,2.408645668765529990e-04
4.310000000000000000e+02,2.398848009761422873e-04
4.320000000000000000e+02,2.390520530752837658e-04
4.330000000000000000e+02,2.375496405875310302e-04
4.340000000000000000e+02,2.359625359531491995e-04
4.350000000000000000e+02,2.349076676182448864e-04
4.360000000000000000e+02,2.338838385185226798e-04
4.370000000000000000e+02,2.324331289855763316e-04
4.380000000000000000e+02,2.343733794987201691e-04
4.390000000000000000e+02,2.315433084731921554e-04
4.400000000000000000e+02,2.297580649610608816e-04
4.410000000000000000e+02,2.285339578520506620e-04
4.420000000000000000e+02,2.281308843521401286e-04
4.430000000000000000e+02,2.268350071972236037e-04
4.440000000000000000e+02,2.263114874949678779e-04
4.450000000000000000e+02,2.254785067634657025e-04
4.460000000000000000e+02,2.247394149890169501e-04
4.470000000000000000e+02,2.252505801152437925e-04
4.480000000000000000e+02,2.243958442704752088e-04
4.490000000000000000e+02,2.239374443888664246e-04
4.500000000000000000e+02,2.233957784483209252e-04
4.510000000000000000e+02,2.229304809588938951e-04
4.520000000000000000e+02,2.223171904915943742e-04
4.530000000000000000e+02,2.212418621638789773e-04
4.540000000000000000e+02,2.223438204964622855e-04
4.550000000000000000e+02,2.205592609243467450e-04
4.560000000000000000e+02,2.190903614973649383e-04
4.570000000000000000e+02,2.177220303565263748e-04
4.580000000000000000e+02,2.162052114726975560e-04
4.590000000000000000e+02,2.150680520571768284e-04
4.600000000000000000e+02,2.141743607353419065e-04
4.610000000000000000e+02,2.132167137460783124e-04
4.620000000000000000e+02,2.121897268807515502e-04
4.630000000000000000e+02,2.121399447787553072e-04
4.640000000000000000e+02,2.113959781127050519e-04
4.650000000000000000e+02,2.102531143464148045e-04
4.660000000000000000e+02,2.095482341246679425e-04
4.670000000000000000e+02,2.088089531753212214e-04
4.680000000000000000e+02,2.079308469546958804e-04
4.690000000000000000e+02,2.068228204734623432e-04
4.700000000000000000e+02,2.057836536550894380e-04
4.710000000000000000e+02,2.046240260824561119e-04
4.720000000000000000e+02,2.033197379205375910e-04
4.730000000000000000e+02,2.025167050305753946e-04
4.740000000000000000e+02,2.014446217799559236e-04
4.750000000000000000e+02,2.006828726734966040e-04
4.760000000000000000e+02,2.002272813115268946e-04
4.770000000000000000e+02,1.994089980144053698e-04
4.780000000000000000e+02,1.991024764720350504e-04
4.790000000000000000e+02,1.985702692763879895e-04
4.800000000000000000e+02,1.982457615667954087e-04
4.810000000000000000e+02,1.978285581571981311e-04
4.820000000000000000e+02,1.972383470274507999e-04
4.830000000000000000e+02,1.967509597307071090e-04
4.840000000000000000e+02,1.956914493348449469e-04
4.850000000000000000e+02,1.949643192347139120e-04
4.860000000000000000e+02,1.940551737789064646e-04
4.870000000000000000e+02,1.936275075422599912e-04
4.880000000000000000e+02,1.926716504385694861e-04
4.890000000000000000e+02,1.923602685565128922e-04
4.900000000000000000e+02,1.913601299747824669e-04
4.910000000000000000e+02,1.910233986563980579e-04
4.920000000000000000e+02,1.904963137349113822e-04
4.930000000000000000e+02,1.897868642117828131e-04
4.940000000000000000e+02,1.884701487142592669e-04
4.950000000000000000e+02,1.932011509779840708e-04
4.960000000000000000e+02,1.879587071016430855e-04
4.970000000000000000e+02,1.871168788056820631e-04
4.980000000000000000e+02,1.866600068751722574e-04
4.990000000000000000e+02,1.861963100964203477e-04
5.000000000000000000e+02,1.855489244917407632e-04
5.010000000000000000e+02,1.847960957093164325e-04
5.020000000000000000e+02,1.839199248934164643e-04
5.030000000000000000e+02,1.832430716603994370e-04
5.040000000000000000e+02,1.826792722567915916e-04
5.050000000000000000e+02,1.820094621507450938e-04
5.060000000000000000e+02,1.808639499358832836e-04
5.070000000000000000e+02,1.800848549464717507e-04
5.080000000000000000e+02,1.794957934180274606e-04
5.090000000000000000e+02,1.796506694518029690e-04
5.100000000000000000e+02,1.792005641618743539e-04
5.110000000000000000e+02,1.787561632227152586e-04
5.120000000000000000e+02,1.780491875251755118e-04
5.130000000000000000e+02,1.772538380464538932e-04
5.140000000000000000e+02,1.761428138706833124e-04
5.150000000000000000e+02,1.750174851622432470e-04
5.160000000000000000e+02,1.741640735417604446e-04
5.170000000000000000e+02,1.733526296447962523e-04
5.180000000000000000e+02,1.727734197629615664e-04
5.190000000000000000e+02,1.717599952826276422e-04
5.200000000000000000e+02,1.708697527647018433e-04
5.210000000000000000e+02,1.699939020909368992e-04
5.220000000000000000e+02,1.695891987765207887e-04
5.230000000000000000e+02,1.691630168352276087e-04
5.240000000000000000e+02,1.687117764959111810e-04
5.250000000000000000e+02,1.680399727774783969e-04
5.260000000000000000e+02,1.678181433817371726e-04
5.270000000000000000e+02,1.672899961704388261e-04
5.280000000000000000e+02,1.669911580393090844e-04
5.290000000000000000e+02,1.665411546127870679e-04
5.300000000000000000e+02,1.658691908232867718e-04
5.310000000000000000e+02,1.652138307690620422e-04
5.320000000000000000e+02,1.664360461290925741e-04
5.330000000000000000e+02,1.649730402277782559e-04
5.340000000000000000e+02,1.647111930651590228e-04
5.350000000000000000e+02,1.643200375838205218e-04
5.360000000000000000e+02,1.637694949749857187e-04
5.370000000000000000e+02,1.630730839679017663e-04
5.380000000000000000e+02,1.626468147151172161e-04
5.390000000000000000e+02,1.622095296625047922e-04
5.400000000000000000e+02,1.618425303604453802e-04
5.410000000000000000e+02,1.615550281712785363e-04
5.420000000000000000e+02,1.608383900020271540e-04
5.430000000000000000e+02,1.600788964424282312e-04
5.440000000000000000e+02,1.597905647940933704e-04
5.450000000000000000e+02,1.589520397828891873e-04
5.460000000000000000e+02,1.584485726198181510e-04
5.470000000000000000e+02,1.577674120198935270e-04
5.480000000000000000e+02,1.568230363773182034e-04
5.490000000000000000e+02,1.572299515828490257e-04
5.500000000000000000e+02,1.561976241646334529e-04
5.510000000000000000e+02,1.554971240693703294e-04
5.520000000000000000e+02,1.548750151414424181e-04
5.530000000000000000e+02,1.542414975119754672e-04
5.540000000000000000e+02,1.533914619358256459e-04
5.550000000000000000e+02,1.528631401015445590e-04
5.560000000000000000e+02,1.523938699392601848e-04
5.570000000000000000e+02,1.517395430710166693e-04
5.580000000000000000e+02,1.511132431915029883e-04
5.590000000000000000e+02,1.503632229287177324e-04
5.600000000000000000e+02,1.498444180469959974e-04
5.610000000000000000e+02,1.493691233918070793e-04
5.620000000000000000e+02,1.487760600866749883e-04
5.630000000000000000e+02,1.488642155891284347e-04
5.640000000000000000e+02,1.482514635426923633e-04
5.650000000000000000e+02,1.478259073337540030e-04
5.660000000000000000e+02,1.475578319514170289e-04
5.670000000000000000e+02,1.470035349484533072e-04
5.680000000000000000e+02,1.460821658838540316e-04
5.690000000000000000e+02,1.466536050429567695e-04
5.700000000000000000e+02,1.455552264815196395e-04
5.710000000000000000e+02,1.448553084628656507e-04
5.720000000000000000e+02,1.439049083273857832e-04
5.730000000000000000e+02,1.437463215552270412e-04
5.740000000000000000e+02,1.427848183084279299e-04
5.750000000000000000e+02,1.422029454261064529e-04
5.760000000000000000e+02,1.415077422279864550e-04
5.770000000000000000e+02,1.408346142852678895e-04
5.780000000000000000e+02,1.405010698363184929e-04
5.790000000000000000e+02,1.394608843838796020e-04
5.800000000000000000e+02,1.391802506987005472e-04
5.810000000000000000e+02,1.388812524965032935e-04
5.820000000000000000e+02,1.384778006467968225e-04
5.830000000000000000e+02,1.376685395371168852e-04
5.840000000000000000e+02,1.372548576910048723e-04
5.850000000000000000e+02,1.366578071611002088e-04
5.860000000000000000e+02,1.363238552585244179e-04
5.870000000000000000e+02,1.360548922093585134e-04
5.880000000000000000e+02,1.356565480818971992e-04
5.890000000000000000e+02,1.352438412141054869e-04
5.900000000000000000e+02,1.347991055808961391e-04
5.910000000000000000e+02,1.343064068350940943e-04
5.920000000000000000e+02,1.339943410130217671e-04
5.930000000000000000e+02,1.336707064183428884e-04
5.940000000000000000e+02,1.333473046543076634e-04
5.950000000000000000e+02,1.331585226580500603e-04
5.960000000000000000e+02,1.326320198131725192e-04
5.970000000000000000e+02,1.319873263128101826e-04
5.980000000000000000e+02,1.312957901973277330e-04
5.990000000000000000e+02,1.311549858655780554e-04
6.000000000000000000e+02,1.303821190958842635e-04
6.010000000000000000e+02,1.300419826293364167e-04
6.020000000000000000e+02,1.296303817071020603e-04
6.030000000000000000e+02,1.288918138016015291e-04
6.040000000000000000e+02,1.285307953367009759e-04
6.050000000000000000e+02,1.280051365029066801e-04
6.060000000000000000e+02,1.277270930586382747e-04
6.070000000000000000e+02,1.273782254429534078e-04
6.080000000000000000e+02,1.269634522031992674e-04
6.090000000000000000e+02,1.264822785742580891e-04
6.100000000000000000e+02,1.260291610378772020e-04
6.110000000000000000e+02,1.256230025319382548e-04
6.120000000000000000e+02,1.252763031516224146e-04
6.130000000000000000e+02,1.247640029760077596e-04
6.140000000000000000e+02,1.244341547135263681e-04
6.150000000000000000e+02,1.242292346432805061e-04
6.160000000000000000e+02,1.237191609106957912e-04
6.170000000000000000e+02,1.235547097167000175e-04
6.180000000000000000e+02,1.226540189236402512e-04
6.190000000000000000e+02,1.223375147674232721e-04
6.200000000000000000e+02,1.216689124703407288e-04
6.210000000000000000e+02,1.211596754728816450e-04
6.220000000000000000e+02,1.205423104693181813e-04
6.230000000000000000e+02,1.195981749333441257e-04
6.240000000000000000e+02,1.189236136269755661e-04
6.250000000000000000e+02,1.175057768705300987e-04
6.260000000000000000e+02,1.176176083390600979e-04
6.270000000000000000e+02,1.168623348348774016e-04
6.280000000000000000e+02,1.161285181296989322e-04
6.290000000000000000e+02,1.156769430963322520e-04
6.300000000000000000e+02,1.153237317339517176e-04
6.310000000000000000e+02,1.147248040069825947e-04
6.320000000000000000e+02,1.143441695603542030e-04
6.330000000000000000e+02,1.136798891820944846e-04
6.340000000000000000e+02,1.133409750764258206e-04
6.350000000000000000e+02,1.129668598878197372e-04
6.360000000000000000e+02,1.121393215726129711e-04
6.370000000000000000e+02,1.109934237319976091e-04
6.380000000000000000e+02,1.104247712646611035e-04
6.390000000000000000e+02,1.099896544474177063e-04
6.400000000000000000e+02,1.096419728128239512e-04
6.410000000000000000e+02,1.091316444217227399e-04
6.420000000000000000e+02,1.090660662157461047e-04
6.430000000000000000e+02,1.087798955268226564e-04
6.440000000000000000e+02,1.082872186088934541e-04
6.450000000000000000e+02,1.078724890248849988e-04
6.460000000000000000e+02,1.073703897418454289e-04
6.470000000000000000e+02,1.071746082743629813e-04
6.480000000000000000e+02,1.064354801201261580e-04
6.490000000000000000e+02,1.061642615240998566e-04
6.500000000000000000e+02,1.056022883858531713e-04
6.510000000000000000e+02,1.048374688252806664e-04
6.520000000000000000e+02,1.040627685142681003e-04
6.530000000000000000e+02,1.031609499477781355e-04
6.540000000000000000e+02,1.028394108288921416e-04
6.550000000000000000e+02,1.019231058307923377e-04
6.560000000000000000e+02,1.016785827232524753e-04
6.570000000000000000e+02,1.014558292808942497e-04
6.580000000000000000e+02,1.008797262329608202e-04
6.590000000000000000e+02,1.008037070278078318e-04
6.600000000000000000e+02,1.001959535642527044e-04
6.610000000000000000e+02,9.988609235733747482e-05
6.620000000000000000e+02,9.954829147318378091e-05
6.630000000000000000e+02,9.907507046591490507e-05
6.640000000000000000e+02,9.869397035799920559e-05
6.650000000000000000e+02,9.830393537413328886e-05
6.660000000000000000e+02,9.813168435357511044e-05
6.670000000000000000e+02,9.798249811865389347e-05
6.680000000000000000e+02,9.775953367352485657e-05
6.690000000000000000e+02,9.743548434926196933e-05
6.700000000000000000e+02,9.690018487162888050e-05
6.710000000000000000e+02,9.631459397496655583e-05
6.720000000000000000e+02,9.650993888499215245e-05
6.730000000000000000e+02,9.601389319868758321e-05
6.740000000000000000e+02,9.572771523380652070e-05
6.750000000000000000e+02,9.546250657876953483e-05
6.760000000000000000e+02,9.516702266409993172e-05
6.770000000000000000e+02,9.493427205597981811e-05
6.780000000000000000e+02,9.447272896068170667e-05
6.790000000000000000e+02,9.421254071639850736e-05
6.800000000000000000e+02,9.400301496498286724e-05
6.810000000000000000e+02,9.368150494992733002e-05
6.820000000000000000e+02,9.311720350524410605e-05
6.830000000000000000e+02,9.285945998271927238e-05
6.840000000000000000e+02,9.238812344847247005e-05
6.850000000000000000e+02,9.218268678523600101e-05
6.860000000000000000e+02,9.187161049339920282e-05
6.870000000000000000e+02,9.186194074572995305e-05
6.880000000000000000e+02,9.169827535515651107e-05
6.890000000000000000e+02,9.140423208009451628e-05
6.900000000000000000e+02,9.122006304096430540e-05
6.910000000000000000e+02,9.093026164919137955e-05
6.920000000000000000e+02,9.067499922821298242e-05
6.930000000000000000e+02,9.045039769262075424e-05
6.940000000000000000e+02,9.028868225868791342e-05
6.950000000000000000e+02,8.992850052891299129e-05
6.960000000000000000e+02,8.961436833487823606e-05
6.970000000000000000e+02,8.931293268688023090e-05
6.980000000000000000e+02,8.905861614039167762e-05
6.990000000000000000e+02,8.879377855919301510e-05
7.000000000000000000e+02,8.841899398248642683e-05
7.010000000000000000e+02,8.867027645464986563e-05
7.020000000000000000e+02,8.821964001981541514e-05
7.030000000000000000e+02,8.791643631411716342e-05
7.040000000000000000e+02,8.775404421612620354e-05
7.050000000000000000e+02,8.745308150537312031e-05
7.060000000000000000e+02,8.716910087969154119e-05
7.070000000000000000e+02,8.726586384000256658e-05
7.080000000000000000e+02,8.694730058778077364e-05
7.090000000000000000e+02,8.657448051963001490e-05
7.100000000000000000e+02,8.633202378405258060e-05
7.110000000000000000e+02,8.607993368059396744e-05
7.120000000000000000e+02,8.576875552535057068e-05
7.130000000000000000e+02,8.579342102166265249e-05
7.140000000000000000e+02,8.555890963179990649e-05
7.150000000000000000e+02,8.522770076524466276e-05
7.160000000000000000e+02,8.500517287757247686e-05
7.170000000000000000e+02,8.479692041873931885e-05
7.180000000000000000e+02,8.466796862194314599e-05
7.190000000000000000e+02,8.443375554634258151e-05
7.200000000000000000e+02,8.425112901022657752e-05
7.210000000000000000e+02,8.409537986153736711e-05
7.220000000000000000e+02,8.388290734728798270e-05
7.230000000000000000e+02,8.366273686988279223e-05
7.240000000000000000e+02,8.349186828127130866e-05
7.250000000000000000e+02,8.333463483722880483e-05
7.260000000000000000e+02,8.321700443048030138e-05
7.270000000000000000e+02,8.296846499433740973e-05
7.280000000000000000e+02,8.266941586043685675e-05
7.290000000000000000e+02,8.235182758653536439e-05
7.300000000000000000e+02,8.214903209591284394e-05
7.310000000000000000e+02,8.203216566471382976e-05
7.320000000000000000e+02,8.186967170331627131e-05
7.330000000000000000e+02,8.165464532794430852e-05
7.340000000000000000e+02,8.223482291214168072e-05
7.350000000000000000e+02,8.158178388839587569e-05
7.360000000000000000e+02,8.142136357491835952e-05
7.370000000000000000e+02,8.125403837766498327e-05
7.380000000000000000e+02,8.096607780316844583e-05
7.390000000000000000e+02,8.068838360486552119e-05
7.400000000000000000e+02,8.040727698244154453e-05
7.410000000000000000e+02,8.016707579372450709e-05
7.420000000000000000e+02,7.999348599696531892e-05
7.430000000000000000e+02,7.982504030223935843e-05
7.440000000000000000e+02,7.967896090121939778e-05
7.450000000000000000e+02,7.949435530463233590e-05
7.460000000000000000e+02,7.933495362522080541e-05
7.470000000000000000e+02,7.916309550637379289e-05
7.480000000000000000e+02,7.893403380876407027e-05
7.490000000000000000e+02,7.879909389885142446e-05
7.500000000000000000e+02,7.864694634918123484e-05
7.510000000000000000e+02,7.853189890738576651e-05
7.520000000000000000e+02,7.835730502847582102e-05
7.530000000000000000e+02,7.819826714694499969e-05
7.540000000000000000e+02,7.791481039021164179e-05
7.550000000000000000e+02,7.760977314319461584e-05
7.560000000000000000e+02,7.748146890662610531e-05
7.570000000000000000e+02,7.739081047475337982e-05
7.580000000000000000e+02,7.733586244285106659e-05
7.590000000000000000e+02,7.726625335635617375e-05
7.600000000000000000e+02,7.707218901487067342e-05
7.610000000000000000e+02,7.700556307099759579e-05
7.620000000000000000e+02,7.676058885408565402e-05
7.630000000000000000e+02,7.743481546640396118e-05
7.640000000000000000e+02,7.663135329494252801e-05
7.650000000000000000e+02,7.647264283150434494e-05
7.660000000000000000e+02,7.619697862537577748e-05
7.670000000000000000e+02,7.592335896333679557e-05
7.680000000000000000e+02,7.605247083120048046e-05
7.690000000000000000e+02,7.577746146125718951e-05
7.700000000000000000e+02,7.552448369096964598e-05
7.710000000000000000e+02,7.531013397965580225e-05
7.720000000000000000e+02,7.505575194954872131e-05
7.730000000000000000e+02,7.474885205738246441e-05
7.740000000000000000e+02,7.461120549123734236e-05
7.750000000000000000e+02,7.434131839545443654e-05
7.760000000000000000e+02,7.422294584102928638e-05
7.770000000000000000e+02,7.404760253848508000e-05
7.780000000000000000e+02,7.426632510032504797e-05
7.790000000000000000e+02,7.395190914394333959e-05
7.800000000000000000e+02,7.374588312814012170e-05
7.810000000000000000e+02,7.353794353548437357e-05
7.820000000000000000e+02,7.331078086281195283e-05
7.830000000000000000e+02,7.311430817935615778e-05
7.840000000000000000e+02,7.294759416254237294e-05
7.850000000000000000e+02,7.283373270183801651e-05
7.860000000000000000e+02,7.268905756063759327e-05
7.870000000000000000e+02,7.252878276631236076e-05
7.880000000000000000e+02,7.224045111797749996e-05
7.890000000000000000e+02,7.197759987320750952e-05
7.900000000000000000e+02,7.170780008891597390e-05
7.910000000000000000e+02,7.149724115151911974e-05
7.920000000000000000e+02,7.128680590540170670e-05
7.930000000000000000e+02,7.100543734850361943e-05
7.940000000000000000e+02,7.051025022519752383e-05
7.950000000000000000e+02,7.028468826320022345e-05
7.960000000000000000e+02,7.001213816693052649e-05
7.970000000000000000e+02,6.987170490901917219e-05
7.980000000000000000e+02,6.972144183237105608e-05
7.990000000000000000e+02,6.962005136301741004e-05
8.000000000000000000e+02,6.950700480956584215e-05
8.010000000000000000e+02,6.944796768948435783e-05
8.020000000000000000e+02,6.936953286640346050e-05
8.030000000000000000e+02,6.919111910974606872e-05
8.040000000000000000e+02,6.961730832699686289e-05
8.050000000000000000e+02,6.911923992447555065e-05
8.060000000000000000e+02,6.893023237353190780e-05
8.070000000000000000e+02,6.873266829643398523e-05
8.080000000000000000e+02,6.851537182228639722e-05
8.090000000000000000e+02,6.830393976997584105e-05
8.100000000000000000e+02,6.809803016949445009e-05
8.110000000000000000e+02,6.790790212107822299e-05
8.120000000000000000e+02,6.777101953048259020e-05
8.130000000000000000e+02,6.765518628526479006e-05
8.140000000000000000e+02,6.747360021108761430e-05
8.150000000000000000e+02,6.730960740242153406e-05
8.160000000000000000e+02,6.721450336044654250e-05
8.170000000000000000e+02,6.706990097882226110e-05
8.180000000000000000e+02,6.692419265164062381e-05
8.190000000000000000e+02,6.685925472993403673e-05
8.200000000000000000e+02,6.675195618299767375e-05
8.210000000000000000e+02,6.668138667009770870e-05
8.220000000000000000e+02,6.661567749688401818e-05
8.230000000000000000e+02,6.648804992437362671e-05
8.240000000000000000e+02,6.671994924545288086e-05
8.250000000000000000e+02,6.641769141424447298e-05
8.260000000000000000e+02,6.626282993238419294e-05
8.270000000000000000e+02,6.610558921238407493e-05
8.280000000000000000e+02,6.599476182600483298e-05
8.290000000000000000e+02,6.588528049178421497e-05
8.300000000000000000e+02,6.579278124263510108e-05
8.310000000000000000e+02,6.569193647010251880e-05
8.320000000000000000e+02,6.552675768034532666e-05
8.330000000000000000e+02,6.546708027599379420e-05
8.340000000000000000e+02,6.531055987579748034e-05
8.350000000000000000e+02,6.524975469801574945e-05
8.360000000000000000e+02,6.516675057355314493e-05
8.370000000000000000e+02,6.500657764263451099e-05
8.380000000000000000e+02,6.485771882580593228e-05
8.390000000000000000e+02,6.463838508352637291e-05
8.400000000000000000e+02,6.455062975874170661e-05
8.410000000000000000e+02,6.446985935326665640e-05
8.420000000000000000e+02,6.435628893086686730e-05
8.430000000000000000e+02,6.433450471377000213e-05
8.440000000000000000e+02,6.412143557099625468e-05
8.450000000000000000e+02,6.405668682418763638e-05
8.460000000000000000e+02,6.394804222509264946e-05
8.470000000000000000e+02,6.377501267706975341e-05
8.480000000000000000e+02,6.348261376842856407e-05
8.490000000000000000e+02,6.344481516862288117e-05
8.500000000000000000e+02,6.312692858045920730e-05
8.510000000000000000e+02,6.303898408077657223e-05
8.520000000000000000e+02,6.291294266702607274e-05
8.530000000000000000e+02,6.284207483986392617e-05
8.540000000000000000e+02,6.270675658015534282e-05
8.550000000000000000e+02,6.258611392695456743e-05
8.560000000000000000e+02,6.248060526559129357e-05
8.570000000000000000e+02,6.235943146748468280e-05
8.580000000000000000e+02,6.218646740308031440e-05
8.590000000000000000e+02,6.206909165484830737e-05
8.600000000000000000e+02,6.196100730448961258e-05
8.610000000000000000e+02,6.186121754581108689e-05
8.620000000000000000e+02,6.175942689878866076e-05
8.630000000000000000e+02,6.162877980386838317e-05
8.640000000000000000e+02,6.155431037768721581e-05
8.650000000000000000e+02,6.147887324914336205e-05
8.660000000000000000e+02,6.140298501122742891e-05
8.670000000000000000e+02,6.134038267191499472e-05
8.680000000000000000e+02,6.125101208453997970e-05
8.690000000000000000e+02,6.113691051723435521e-05
8.700000000000000000e+02,6.106532237026840448e-05
8.710000000000000000e+02,6.099021993577480316e-05
8.720000000000000000e+02,6.089874659664928913e-05
8.730000000000000000e+02,6.080849198042415082e-05
8.740000000000000000e+02,6.067783760954625905e-05
8.750000000000000000e+02,6.058965300326235592e-05
8.760000000000000000e+02,6.048432624083943665e-05
8.770000000000000000e+02,6.040152948116883636e-05
8.780000000000000000e+02,6.029573705745860934e-05
8.790000000000000000e+02,6.009748540236614645e-05
8.800000000000000000e+02,5.983340815873816609e-05
8.810000000000000000e+02,5.986072937957942486e-05
8.820000000000000000e+02,5.970338679617270827e-05
8.830000000000000000e+02,5.959913687547668815e-05
8.840000000000000000e+02,5.953857908025383949e-05
8.850000000000000000e+02,5.946973033132962883e-05
8.860000000000000000e+02,5.931282066740095615e-05
8.870000000000000000e+02,6.013056190568022430e-05
8.880000000000000000e+02,5.926488665863871574e-05
8.890000000000000000e+02,5.915133806411176920e-05
8.900000000000000000e+02,5.905467696720734239e-05
8.910000000000000000e+02,5.896664879401214421e-05
8.920000000000000000e+02,5.883968333364464343e-05
8.930000000000000000e+02,5.903008423047140241e-05
8.940000000000000000e+02,5.877482908545061946e-05
8.950000000000000000e+02,5.866118590347468853e-05
8.960000000000000000e+02,5.857098585693165660e-05
8.970000000000000000e+02,5.847650754731148481e-05
8.980000000000000000e+02,5.830948430229909718e-05
8.990000000000000000e+02,5.828310895594768226e-05
9.000000000000000000e+02,5.803301246487535536e-05
9.010000000000000000e+02,5.795418474008329213e-05
9.020000000000000000e+02,5.785701796412467957e-05
9.030000000000000000e+02,5.772513759438879788e-05
9.040000000000000000e+02,5.757367034675553441e-05
9.050000000000000000e+02,5.764298475696705282e-05
9.060000000000000000e+02,5.749813499278388917e-05
9.070000000000000000e+02,5.740859342040494084e-05
9.080000000000000000e+02,5.730629709432832897e-05
9.090000000000000000e+02,5.721955312765203416e-05
9.100000000000000000e+02,5.712579513783566654e-05
9.110000000000000000e+02,5.703722126781940460e-05
9.120000000000000000e+02,5.692910053767263889e-05
9.130000000000000000e+02,5.682347546098753810e-05
9.140000000000000000e+02,5.671309190802276134e-05
9.150000000000000000e+02,5.661578688886947930e-05
9.160000000000000000e+02,5.652570689562708139e-05
9.170000000000000000e+02,5.644391785608604550e-05
9.180000000000000000e+02,5.633082400890998542e-05
9.190000000000000000e+02,5.621809395961463451e-05
9.200000000000000000e+02,5.612941458821296692e-05
9.210000000000000000e+02,5.599845826509408653e-05
9.220000000000000000e+02,5.587444320553913713e-05
9.230000000000000000e+02,5.571456131292507052e-05
9.240000000000000000e+02,5.563788363360799849e-05
9.250000000000000000e+02,5.552800939767621458e-05
9.260000000000000000e+02,5.547063847188837826e-05
9.270000000000000000e+02,5.540081110666505992e-05
9.280000000000000000e+02,5.534032607101835310e-05
9.290000000000000000e+02,5.528292240342125297e-05
9.300000000000000000e+02,5.516684177564457059e-05
9.310000000000000000e+02,5.522138962987810373e-05
9.320000000000000000e+02,5.510655682883225381e-05
9.330000000000000000e+02,5.500547194969840348e-05
9.340000000000000000e+02,5.493770731845870614e-05
9.350000000000000000e+02,5.486711961566470563e-05
9.360000000000000000e+02,5.479255924001336098e-05
9.370000000000000000e+02,5.465658978209830821e-05
9.380000000000000000e+02,5.458401938085444272e-05
9.390000000000000000e+02,5.450829848996363580e-05
9.400000000000000000e+02,5.445238275569863617e-05
9.410000000000000000e+02,5.438473090180195868e-05
9.420000000000000000e+02,5.432318357634358108e-05
9.430000000000000000e+02,5.420625893748365343e-05
9.440000000000000000e+02,5.424250412033870816e-05
9.450000000000000000e+02,5.414165934780612588e-05
9.460000000000000000e+02,5.407242133514955640e-05
9.470000000000000000e+02,5.400519512477330863e-05
9.480000000000000000e+02,5.395263360696844757e-05
9.490000000000000000e+02,5.390594742493703961e-05
9.500000000000000000e+02,5.380257425713352859e-05
9.510000000000000000e+02,5.377324850996956229e-05
9.520000000000000000e+02,5.373179737944155931e-05
9.530000000000000000e+02,5.367765334085561335e-05
9.540000000000000000e+02,5.355458779376931489e-05
9.550000000000000000e+02,5.404224430094473064e-05
9.560000000000000000e+02,5.351679283194243908e-05
9.570000000000000000e+02,5.343700104276649654e-05
9.580000000000000000e+02,5.338447590474970639e-05
9.590000000000000000e+02,5.331873762770555913e-05
9.600000000000000000e+02,5.320531272445805371e-05
9.610000000000000000e+02,5.320184209267608821e-05
9.620000000000000000e+02,5.314668305800296366e-05
9.630000000000000000e+02,5.305269223754294217e-05
9.640000000000000000e+02,5.298868563841097057e-05
9.650000000000000000e+02,5.291200795909389853e-05
9.660000000000000000e+02,5.288394822855480015e-05
9.670000000000000000e+02,5.281224366626702249e-05
9.680000000000000000e+02,5.276131560094654560e-05
9.690000000000000000e+02,5.272031921776942909e-05
9.700000000000000000e+02,5.265621075523085892e-05
9.710000000000000000e+02,5.254399729892611504e-05
9.720000000000000000e+02,5.266866719466634095e-05
9.730000000000000000e+02,5.249701644061133265e-05
9.740000000000000000e+02,5.242745828581973910e-05
9.750000000000000000e+02,5.237832738202996552e-05
9.760000000000000000e+02,5.230908936937339604e-05
9.770000000000000000e+02,5.225615677773021162e-05
9.780000000000000000e+02,5.215964483795687556e-05
9.790000000000000000e+02,5.211502866586670280e-05
9.800000000000000000e+02,5.206853165873326361e-05
9.810000000000000000e+02,5.201792737352661788e-05
9.820000000000000000e+02,5.193766992306336761e-05
9.830000000000000000e+02,5.185476402402855456e-05
9.840000000000000000e+02,5.178493302082642913e-05
9.850000000000000000e+02,5.171485099708661437e-05
9.860000000000000000e+02,5.154617974767461419e-05
9.870000000000000000e+02,5.143233647686429322e-05
9.880000000000000000e+02,5.133757440489716828e-05
9.890000000000000000e+02,5.123940718476660550e-05
9.900000000000000000e+02,5.116828106110915542e-05
9.910000000000000000e+02,5.121885624248534441e-05
9.920000000000000000e+02,5.109411358716897666e-05
9.930000000000000000e+02,5.101789065520279109e-05
9.940000000000000000e+02,5.095847154734656215e-05
9.950000000000000000e+02,5.084811346023343503e-05
9.960000000000000000e+02,5.083825453766621649e-05
9.970000000000000000e+02,5.079681795905344188e-05
9.980000000000000000e+02,5.070932093076407909e-05
9.990000000000000000e+02,5.065451114205643535e-05
1.000000000000000000e+03,5.056929512647911906e-05
1.001000000000000000e+03,5.046780643169768155e-05
1.002000000000000000e+03,5.035560025135055184e-05
1.003000000000000000e+03,5.024236452300101519e-05
1.004000000000000000e+03,5.014749694964848459e-05
1.005000000000000000e+03,5.008674270357005298e-05
1.006000000000000000e+03,5.003144906368106604e-05
1.007000000000000000e+03,5.001184399588964880e-05
1.008000000000000000e+03,4.995920608052983880e-05
1.009000000000000000e+03,4.992133108316920698e-05
1.010000000000000000e+03,4.986522981198504567e-05
1.011000000000000000e+03,4.980685844202525914e-05
1.012000000000000000e+03,4.970191730535589159e-05
1.013000000000000000e+03,4.980814628652296960e-05
1.014000000000000000e+03,4.963467290508560836e-05
1.015000000000000000e+03,4.955393524141982198e-05
1.016000000000000000e+03,4.949602953274734318e-05
1.017000000000000000e+03,4.941873703501187265e-05
1.018000000000000000e+03,4.924276800011284649e-05
1.019000000000000000e+03,4.904524757876060903e-05
1.020000000000000000e+03,4.894773519481532276e-05
1.021000000000000000e+03,4.884359805146232247e-05
1.022000000000000000e+03,4.880323467659763992e-05
1.023000000000000000e+03,4.875342347077094018e-05
1.024000000000000000e+03,4.874962178291752934e-05
1.025000000000000000e+03,4.870693010161630809e-05
1.026000000000000000e+03,4.861986599280498922e-05
1.027000000000000000e+03,4.854795406572520733e-05
1.028000000000000000e+03,4.846620140597224236e-05
1.029000000000000000e+03,4.837128290091641247e-05
1.030000000000000000e+03,4.871988130616955459e-05
1.031000000000000000e+03,4.833573620999231935e-05
1.032000000000000000e+03,4.826231452170759439e-05
1.033000000000000000e+03,4.819637615582905710e-05
1.034000000000000000e+03,4.809098390978761017e-05
1.035000000000000000e+03,4.817772060050629079e-05
1.036000000000000000e+03,4.804259515367448330e-05
1.037000000000000000e+03,4.799957241630181670e-05
1.038000000000000000e+03,4.792491017724387348e-05
1.039000000000000000e+03,4.785470810020342469e-05
1.040000000000000000e+03,4.785695273312740028e-05
1.041000000000000000e+03,4.780168455909006298e-05
1.042000000000000000e+03,4.769892257172614336e-05
1.043000000000000000e+03,4.764036566484719515e-05
1.044000000000000000e+03,4.757159331347793341e-05
1.045000000000000000e+03,4.748959690914489329e-05
1.046000000000000000e+03,4.737816925626248121e-05
1.047000000000000000e+03,4.727375926449894905e-05
1.048000000000000000e+03,4.721873847302049398e-05
1.049000000000000000e+03,4.714912211056798697e-05
1.050000000000000000e+03,4.715568866231478751e-05
1.051000000000000000e+03,4.711241854238323867e-05
1.052000000000000000e+03,4.705562969320453703e-05
1.053000000000000000e+03,4.692450602306053042e-05
1.054000000000000000e+03,4.680450729210861027e-05
1.055000000000000000e+03,4.659812475438229740e-05
1.056000000000000000e+03,4.648468529921956360e-05
1.057000000000000000e+03,4.637631718651391566e-05
1.058000000000000000e+03,4.630980038200505078e-05
1.059000000000000000e+03,4.626107329386286438e-05
1.060000000000000000e+03,4.621309562935493886e-05
1.061000000000000000e+03,4.612630073097534478e-05
1.062000000000000000e+03,4.607241498888470232e-05
1.063000000000000000e+03,4.601290493155829608e-05
1.064000000000000000e+03,4.594287383952178061e-05
1.065000000000000000e+03,4.584226189763285220e-05
1.066000000000000000e+03,4.578009975375607610e-05
1.067000000000000000e+03,4.575221828417852521e-05
1.068000000000000000e+03,4.569265365717001259e-05
1.069000000000000000e+03,4.565754716168157756e-05
1.070000000000000000e+03,4.558202635962516069e-05
1.071000000000000000e+03,4.550836820271797478e-05
1.072000000000000000e+03,4.542587703326717019e-05
1.073000000000000000e+03,4.539125438896007836e-05
1.074000000000000000e+03,4.534093022812157869e-05
1.075000000000000000e+03,4.531906961346976459e-05
1.076000000000000000e+03,4.528621866484172642e-05
1.077000000000000000e+03,4.523891038843430579e-05
1.078000000000000000e+03,4.517025809036567807e-05
1.079000000000000000e+03,4.507078119786456227e-05
1.080000000000000000e+03,4.562891263049095869e-05
1.081000000000000000e+03,4.503738091443665326e-05
1.082000000000000000e+03,4.495298708206973970e-05
1.083000000000000000e+03,4.488085687626153231e-05
1.084000000000000000e+03,4.479010021896101534e-05
1.085000000000000000e+03,4.476949470699764788e-05
1.086000000000000000e+03,4.469856503419578075e-05
1.087000000000000000e+03,4.467185863177292049e-05
1.088000000000000000e+03,4.464247103896923363e-05
1.089000000000000000e+03,4.460153650143183768e-05
1.090000000000000000e+03,4.454920417629182339e-05
1.091000000000000000e+03,4.448282561497762799e-05
1.092000000000000000e+03,4.445108424988575280e-05
1.093000000000000000e+03,4.440558404894545674e-05
1.094000000000000000e+03,4.436362360138446093e-05
1.095000000000000000e+03,4.434512084117159247e-05
1.096000000000000000e+03,4.424684811965562403e-05
1.097000000000000000e+03,4.421109042596071959e-05
1.098000000000000000e+03,4.418070966494269669e-05
1.099000000000000000e+03,4.413153874338604510e-05
1.100000000000000000e+03,4.401260594022460282e-05
1.101000000000000000e+03,4.413686474435962737e-05
1.102000000000000000e+03,4.394737334223464131e-05
1.103000000000000000e+03,4.387199805933050811e-05
1.104000000000000000e+03,4.380182144814170897e-05
1.105000000000000000e+03,4.373356205178424716e-05
1.106000000000000000e+03,4.362588515505194664e-05
1.107000000000000000e+03,4.352193354861810803e-05
1.108000000000000000e+03,4.343850741861388087e-05
1.109000000000000000e+03,4.335002449806779623e-05
1.110000000000000000e+03,4.329619332565926015e-05
1.111000000000000000e+03,4.321978121879510581e-05
1.112000000000000000e+03,4.314403122407384217e-05
1.113000000000000000e+03,4.307195558794774115e-05
1.114000000000000000e+03,4.296379847801290452e-05
1.115000000000000000e+03,4.300803993828594685e-05
1.116000000000000000e+03,4.290348442737013102e-05
1.117000000000000000e+03,4.284233727958053350e-05
1.118000000000000000e+03,4.276955951354466379e-05
1.119000000000000000e+03,4.271092620911076665e-05
1.120000000000000000e+03,4.259747220203280449e-05
1.121000000000000000e+03,4.262863876647315919e-05
1.122000000000000000e+03,4.254076338838785887e-05
1.123000000000000000e+03,4.248408731655217707e-05
1.124000000000000000e+03,4.243484727339819074e-05
1.125000000000000000e+03,4.245992749929428101e-05
1.126000000000000000e+03,4.240413181832991540e-05
1.127000000000000000e+03,4.235921369399875402e-05
1.128000000000000000e+03,4.223544601700268686e-05
1.129000000000000000e+03,4.218230969854630530e-05
1.130000000000000000e+03,4.213299325783737004e-05
1.131000000000000000e+03,4.207565143587999046e-05
1.132000000000000000e+03,4.203393837087787688e-05
1.133000000000000000e+03,4.195527435513213277e-05
1.134000000000000000e+03,4.181756958132609725e-05
1.135000000000000000e+03,4.197942325845360756e-05
1.136000000000000000e+03,4.175286449026316404e-05
1.137000000000000000e+03,4.163116318522952497e-05
1.138000000000000000e+03,4.161304241279140115e-05
1.139000000000000000e+03,4.153608097112737596e-05
1.140000000000000000e+03,4.150544918957166374e-05
1.141000000000000000e+03,4.144291960983537138e-05
1.142000000000000000e+03,4.135989001952111721e-05
1.143000000000000000e+03,4.142042962484993041e-05
1.144000000000000000e+03,4.131318928557448089e-05
1.145000000000000000e+03,4.123631879338063300e-05
1.146000000000000000e+03,4.119219011045061052e-05
1.147000000000000000e+03,4.113914837944321334e-05
1.148000000000000000e+03,4.105110929231159389e-05
1.149000000000000000e+03,4.120651283301413059e-05
1.150000000000000000e+03,4.099860962014645338e-05
1.151000000000000000e+03,4.089025242137722671e-05
1.152000000000000000e+03,4.081174847669899464e-05
1.153000000000000000e+03,4.069003989570774138e-05
1.154000000000000000e+03,4.056646139360964298e-05
1.155000000000000000e+03,4.049943163408897817e-05
1.156000000000000000e+03,4.039629857288673520e-05
1.157000000000000000e+03,4.035945676150731742e-05
1.158000000000000000e+03,4.031876960652880371e-05
1.159000000000000000e+03,4.019991320092231035e-05
1.160000000000000000e+03,4.010654811281710863e-05
1.161000000000000000e+03,4.004321090178564191e-05
1.162000000000000000e+03,3.995551378466188908e-05
1.163000000000000000e+03,3.990695404354482889e-05
1.164000000000000000e+03,3.985834700870327652e-05
1.165000000000000000e+03,3.977965388912707567e-05
1.166000000000000000e+03,3.974101855419576168e-05
1.167000000000000000e+03,3.966388976550661027e-05
1.168000000000000000e+03,3.962917253375053406e-05
1.169000000000000000e+03,3.958840534323826432e-05
1.170000000000000000e+03,3.954691419494338334e-05
1.171000000000000000e+03,3.947040022467263043e-05
1.172000000000000000e+03,3.941078830393962562e-05
1.173000000000000000e+03,3.936963184969499707e-05
1.174000000000000000e+03,3.932545223506167531e-05
1.175000000000000000e+03,3.927589932573027909e-05
1.176000000000000000e+03,3.924072734662331641e-05
1.177000000000000000e+03,3.916920104529708624e-05
1.178000000000000000e+03,3.912596002919599414e-05
1.179000000000000000e+03,3.906850906787440181e-05
1.180000000000000000e+03,3.902489333995617926e-05
1.181000000000000000e+03,3.899016519426368177e-05
1.182000000000000000e+03,3.896080670529045165e-05
1.183000000000000000e+03,3.892554013873450458e-05
1.184000000000000000e+03,3.888902574544772506e-05
1.185000000000000000e+03,3.887451748596504331e-05
1.186000000000000000e+03,3.883676617988385260e-05
1.187000000000000000e+03,3.880265285260975361e-05
1.188000000000000000e+03,3.877415656461380422e-05
1.189000000000000000e+03,3.873412788379937410e-05
1.190000000000000000e+03,3.870208456646651030e-05
1.191000000000000000e+03,3.861516233882866800e-05
1.192000000000000000e+03,3.857511910609900951e-05
1.193000000000000000e+03,3.850140274153091013e-05
1.194000000000000000e+03,3.847237894660793245e-05
1.195000000000000000e+03,3.843861850327812135e-05
1.196000000000000000e+03,3.839540659100748599e-05
1.197000000000000000e+03,3.837077747448347509e-05
1.198000000000000000e+03,3.828608168987557292e-05
1.199000000000000000e+03,3.826186730293557048e-05
1.200000000000000000e+03,3.822705184575170279e-05
1.201000000000000000e+03,3.817560718744061887e-05
1.202000000000000000e+03,3.821212521870620549e-05
1.203000000000000000e+03,3.813354851445183158e-05
1.204000000000000000e+03,3.807834218605421484e-05
1.205000000000000000e+03,3.805070082307793200e-05
1.206000000000000000e+03,3.801421917160041630e-05
1.207000000000000000e+03,3.793903306359425187e-05
1.208000000000000000e+03,3.790259506786242127e-05
1.209000000000000000e+03,3.779818871407769620e-05
1.210000000000000000e+03,3.775104778469540179e-05
1.211000000000000000e+03,3.770391413127072155e-05
1.212000000000000000e+03,3.763709901249967515e-05
1.213000000000000000e+03,3.759675018955022097e-05
1.214000000000000000e+03,3.747115624719299376e-05
1.215000000000000000e+03,3.743949127965606749e-05
1.216000000000000000e+03,3.741230466403067112e-05
1.217000000000000000e+03,3.737434599315747619e-05
1.218000000000000000e+03,3.730614844243973494e-05
1.219000000000000000e+03,3.727607327164150774e-05
1.220000000000000000e+03,3.716947321663610637e-05
1.221000000000000000e+03,3.713334808708168566e-05
1.222000000000000000e+03,3.709994780365377665e-05
1.223000000000000000e+03,3.706174538820050657e-05
1.224000000000000000e+03,3.708227450260892510e-05
1.225000000000000000e+03,3.702642425196245313e-05
1.226000000000000000e+03,3.696126441354863346e-05
1.227000000000000000e+03,3.692559039336629212e-05
1.228000000000000000e+03,3.687324715428985655e-05
1.229000000000000000e+03,3.681638918351382017e-05
1.230000000000000000e+03,3.674691470223478973e-05
1.231000000000000000e+03,3.669140278361737728e-05
1.232000000000000000e+03,3.662711242213845253e-05
1.233000000000000000e+03,3.659129652078263462e-05
1.234000000000000000e+03,3.653815292636863887e-05
1.235000000000000000e+03,3.647256016847677529e-05
1.236000000000000000e+03,3.644281605374999344e-05
1.237000000000000000e+03,3.640948125394061208e-05
1.238000000000000000e+03,3.638941780081950128e-05
1.239000000000000000e+03,3.632060179370455444e-05
1.240000000000000000e+03,3.630163701018318534e-05
1.241000000000000000e+03,3.623933298513293266e-05
1.242000000000000000e+03,3.621149153332225978e-05
1.243000000000000000e+03,3.616758840507827699e-05
1.244000000000000000e+03,3.610199200920760632e-05
1.245000000000000000e+03,3.615741297835484147e-05
1.246000000000000000e+03,3.605770325521007180e-05
1.247000000000000000e+03,3.599040428525768220e-05
1.248000000000000000e+03,3.595088855945505202e-05
1.249000000000000000e+03,3.592425491660833359e-05
1.250000000000000000e+03,3.588693653000518680e-05
1.251000000000000000e+03,3.583609941415488720e-05
1.252000000000000000e+03,3.575217851903289557e-05
1.253000000000000000e+03,3.591895438148640096e-05
1.254000000000000000e+03,3.572649802663363516e-05
1.255000000000000000e+03,3.566278974176384509e-05
1.256000000000000000e+03,3.562247729860246181e-05
1.257000000000000000e+03,3.557002492016181350e-05
1.258000000000000000e+03,3.552375346771441400e-05
1.259000000000000000e+03,3.547476444509811699e-05
1.260000000000000000e+03,3.541197293088771403e-05
1.261000000000000000e+03,3.535868381732143462e-05
1.262000000000000000e+03,3.526745786075480282e-05
1.263000000000000000e+03,3.527551234583370388e-05
1.264000000000000000e+03,3.523567283991724253e-05
1.265000000000000000e+03,3.519142410368658602e-05
1.266000000000000000e+03,3.516602373565547168e-05
1.267000000000000000e+03,3.513408591970801353e-05
1.268000000000000000e+03,3.506297798594459891e-05
1.269000000000000000e+03,3.504034248180687428e-05
1.270000000000000000e+03,3.494564589345827699e-05
1.271000000000000000e+03,3.491675670375116169e-05
1.272000000000000000e+03,3.487471258267760277e-05
1.273000000000000000e+03,3.481743988231755793e-05
1.274000000000000000e+03,3.474470213404856622e-05
1.275000000000000000e+03,3.467209535301662982e-05
1.276000000000000000e+03,3.461834057816304266e-05
1.277000000000000000e+03,3.456684498814865947e-05
1.278000000000000000e+03,3.452926466707140207e-05
1.279000000000000000e+03,3.448703137109987438e-05
1.280000000000000000e+03,3.440061118453741074e-05
1.281000000000000000e+03,3.439669308136217296e-05
1.282000000000000000e+03,3.436549741309136152e-05
1.283000000000000000e+03,3.430809010751545429e-05
1.284000000000000000e+03,3.425362592679448426e-05
1.285000000000000000e+03,3.419772110646590590e-05
1.286000000000000000e+03,3.411430589039810002e-05
1.287000000000000000e+03,3.413271770114079118e-05
1.288000000000000000e+03,3.405532333999872208e-05
1.289000000000000000e+03,3.395504973013885319e-05
1.290000000000000000e+03,3.389571793377399445e-05
1.291000000000000000e+03,3.384517549420706928e-05
1.292000000000000000e+03,3.380991984158754349e-05
1.293000000000000000e+03,3.376503445906564593e-05
1.294000000000000000e+03,3.374260995769873261e-05
1.295000000000000000e+03,3.370829290361143649e-05
1.296000000000000000e+03,3.366755481692962348e-05
1.297000000000000000e+03,3.364230724400840700e-05
1.298000000000000000e+03,3.358603134984150529e-05
1.299000000000000000e+03,3.377709072083234787e-05
1.300000000000000000e+03,3.356272645760327578e-05
1.301000000000000000e+03,3.351240957272239029e-05
1.302000000000000000e+03,3.346223820699378848e-05
1.303000000000000000e+03,3.342225681990385056e-05
1.304000000000000000e+03,3.337611997267231345e-05
1.305000000000000000e+03,3.329996980028226972e-05
1.306000000000000000e+03,3.338273018016479909e-05
1.307000000000000000e+03,3.326511796331033111e-05
1.308000000000000000e+03,3.322803968330845237e-05
1.309000000000000000e+03,3.319878305774182081e-05
1.310000000000000000e+03,3.315584035590291023e-05
1.311000000000000000e+03,3.308521991129964590e-05
1.312000000000000000e+03,3.319991083117201924e-05
1.313000000000000000e+03,3.305740392534062266e-05
1.314000000000000000e+03,3.300154276075772941e-05
1.315000000000000000e+03,3.296484646853059530e-05
1.316000000000000000e+03,3.294533962616696954e-05
1.317000000000000000e+03,3.291561006335541606e-05
1.318000000000000000e+03,3.288433799752965569e-05
1.319000000000000000e+03,3.285833736299537122e-05
1.320000000000000000e+03,3.282937177573330700e-05
1.321000000000000000e+03,3.282613761257380247e-05
1.322000000000000000e+03,3.280898454249836504e-05
1.323000000000000000e+03,3.277621726738288999e-05
1.324000000000000000e+03,3.275183553341776133e-05
1.325000000000000000e+03,3.271231253165751696e-05
1.326000000000000000e+03,3.265473424107767642e-05
1.327000000000000000e+03,3.259644654463045299e-05
1.328000000000000000e+03,3.253057730034925044e-05
1.329000000000000000e+03,3.249210567446425557e-05
1.330000000000000000e+03,3.238672070438042283e-05
1.331000000000000000e+03,3.229116555303335190e-05
1.332000000000000000e+03,3.222330269636586308e-05
1.333000000000000000e+03,3.216630648239515722e-05
1.334000000000000000e+03,3.212559022358618677e-05
1.335000000000000000e+03,3.209214628441259265e-05
1.336000000000000000e+03,3.204539825674146414e-05
1.337000000000000000e+03,3.200782884960062802e-05
1.338000000000000000e+03,3.193004158674739301e-05
1.339000000000000000e+03,3.191735231666825712e-05
1.340000000000000000e+03,3.182323416694998741e-05
1.341000000000000000e+03,3.179127816110849380e-05
1.342000000000000000e+03,3.174538142047822475e-05
1.343000000000000000e+03,3.167360409861430526e-05
1.344000000000000000e+03,3.163982546539045870e-05
1.345000000000000000e+03,3.155245940433815122e-05
1.346000000000000000e+03,3.152835415676236153e-05
1.347000000000000000e+03,3.149347321595996618e-05
1.348000000000000000e+03,3.147253300994634628e-05
1.349000000000000000e+03,3.141627166769467294e-05
1.350000000000000000e+03,3.136855957563966513e-05
1.351000000000000000e+03,3.135001315968111157e-05
1.352000000000000000e+03,3.132324854959733784e-05
1.353000000000000000e+03,3.129749165964312851e-05
1.354000000000000000e+03,3.125807052128948271e-05
1.355000000000000000e+03,3.121333065791986883e-05
1.356000000000000000e+03,3.129604738205671310e-05
1.357000000000000000e+03,3.119732718914747238e-05
1.358000000000000000e+03,3.116121661150828004e-05
1.359000000000000000e+03,3.113323327852413058e-05
1.360000000000000000e+03,3.109185854555107653e-05
1.361000000000000000e+03,3.103697599726729095e-05
1.362000000000000000e+03,3.105288124061189592e-05
1.363000000000000000e+03,3.099785317317582667e-05
1.364000000000000000e+03,3.092756742262281477e-05
1.365000000000000000e+03,3.088780431426130235e-05
1.366000000000000000e+03,3.082395051023922861e-05
1.367000000000000000e+03,3.077326618949882686e-05
1.368000000000000000e+03,3.070771344937384129e-05
1.369000000000000000e+03,3.065166310989297926e-05
1.370000000000000000e+03,3.058381116716191173e-05
1.371000000000000000e+03,3.054588887607678771e-05
1.372000000000000000e+03,3.048590042453724891e-05
1.373000000000000000e+03,3.044297409360297024e-05
1.374000000000000000e+03,3.038756040041334927e-05
1.375000000000000000e+03,3.030621337529737502e-05
1.376000000000000000e+03,3.026760532520711422e-05
1.377000000000000000e+03,3.022444798261858523e-05
1.378000000000000000e+03,3.020921940333209932e-05
1.379000000000000000e+03,3.018852476088795811e-05
1.380000000000000000e+03,3.014075082319322973e-05
1.381000000000000000e+03,3.010186810570303351e-05
1.382000000000000000e+03,3.006947008543647826e-05
1.383000000000000000e+03,3.003809433721471578e-05
1.384000000000000000e+03,2.999858770635910332e-05
1.385000000000000000e+03,2.995863542309962213e-05
1.386000000000000000e+03,2.989428867294918746e-05
1.387000000000000000e+03,2.983645754284225404e-05
1.388000000000000000e+03,2.979990313178859651e-05
1.389000000000000000e+03,2.976492396555840969e-05
1.390000000000000000e+03,2.970488640130497515e-05
1.391000000000000000e+03,2.965351268358062953e-05
1.392000000000000000e+03,2.960974052257370204e-05
1.393000000000000000e+03,2.956893149530515075e-05
1.394000000000000000e+03,2.952583417936693877e-05
1.395000000000000000e+03,2.949544250441249460e-05
1.396000000000000000e+03,2.945432061096653342e-05
1.397000000000000000e+03,2.939675141533371061e-05
1.398000000000000000e+03,2.934231451945379376e-05
1.399000000000000000e+03,2.924731415987480432e-05
1.400000000000000000e+03,2.916305129474494606e-05
1.401000000000000000e+03,2.910857801907695830e-05
1.402000000000000000e+03,2.904059329011943191e-05
1.403000000000000000e+03,2.898172715504188091e-05
1.404000000000000000e+03,2.891570875362958759e-05
1.405000000000000000e+03,2.885868525481782854e-05
1.406000000000000000e+03,2.881892942241393030e-05
1.407000000000000000e+03,2.879424027923960239e-05
1.408000000000000000e+03,2.875028803828172386e-05
1.409000000000000000e+03,2.868965566449332982e-05
1.410000000000000000e+03,2.862917244783602655e-05
1.411000000000000000e+03,2.858801417460199445e-05
1.412000000000000000e+03,2.850500095519237220e-05
1.413000000000000000e+03,2.842430694727227092e-05
1.414000000000000000e+03,2.836188650690019131e-05
1.415000000000000000e+03,2.826457057381048799e-05
1.416000000000000000e+03,2.823741488100495189e-05
1.417000000000000000e+03,2.820499503286555409e-05
1.418000000000000000e+03,2.816933374560903758e-05
1.419000000000000000e+03,2.811124068102799356e-05
1.420000000000000000e+03,2.806016163958702236e-05
1.421000000000000000e+03,2.801387017825618386e-05
1.422000000000000000e+03,2.798527202685363591e-05
1.423000000000000000e+03,2.793230487441178411e-05
1.424000000000000000e+03,2.850074088200926781e-05
1.425000000000000000e+03,2.791905353660695255e-05
1.426000000000000000e+03,2.787856465147342533e-05
1.427000000000000000e+03,2.782674346235580742e-05
1.428000000000000000e+03,2.775679786282125860e-05
1.429000000000000000e+03,2.771700019366107881e-05
1.430000000000000000e+03,2.764642158581409603e-05
1.431000000000000000e+03,2.761011455731932074e-05
1.432000000000000000e+03,2.757921902230009437e-05
1.433000000000000000e+03,2.754470369836781174e-05
1.434000000000000000e+03,2.774213862721808255e-05
1.435000000000000000e+03,2.752788714133203030e-05
1.436000000000000000e+03,2.748166298260912299e-05
1.437000000000000000e+03,2.745532765402458608e-05
1.438000000000000000e+03,2.740482341323513538e-05
1.439000000000000000e+03,2.737989962042775005e-05
1.440000000000000000e+03,2.734371082624420524e-05
1.441000000000000000e+03,2.731651875365059823e-05
1.442000000000000000e+03,2.729201878537423909e-05
1.443000000000000000e+03,2.723742727539502084e-05
1.444000000000000000e+03,2.727735591179225594e-05
1.445000000000000000e+03,2.720813245105091482e-05
1.446000000000000000e+03,2.716447124839760363e-05
1.447000000000000000e+03,2.713028516154736280e-05
1.448000000000000000e+03,2.709101136133540422e-05
1.449000000000000000e+03,2.703567952266894281e-05
1.450000000000000000e+03,2.700027835089713335e-05
1.451000000000000000e+03,2.694610702747013420e-05
1.452000000000000000e+03,2.692388261493761092e-05
1.453000000000000000e+03,2.687480446184054017e-05
1.454000000000000000e+03,2.680845318536739796e-05
1.455000000000000000e+03,2.688485983526334167e-05
1.456000000000000000e+03,2.676901567610912025e-05
1.457000000000000000e+03,2.671486799954436719e-05
1.458000000000000000e+03,2.668271008587908000e-05
1.459000000000000000e+03,2.664916428329888731e-05
1.460000000000000000e+03,2.660850623215083033e-05
1.461000000000000000e+03,2.656551623658742756e-05
1.462000000000000000e+03,2.652822513482533395e-05
1.463000000000000000e+03,2.649188718351069838e-05
1.464000000000000000e+03,2.644074629643000662e-05
1.465000000000000000e+03,2.636971112224273384e-05
1.466000000000000000e+03,2.632395080581773072e-05
1.467000000000000000e+03,2.627961293910630047e-05
1.468000000000000000e+03,2.624427725095301867e-05
1.469000000000000000e+03,2.619487895572092384e-05
1.470000000000000000e+03,2.611019590403884649e-05
1.471000000000000000e+03,2.607491660455707461e-05
1.472000000000000000e+03,2.600222796900197864e-05
1.473000000000000000e+03,2.597154161776416004e-05
1.474000000000000000e+03,2.592878990981262177e-05
1.475000000000000000e+03,2.591597512946464121e-05
1.476000000000000000e+03,2.583780224085785449e-05
1.477000000000000000e+03,2.580720502010080963e-05
1.478000000000000000e+03,2.577414488769136369e-05
1.479000000000000000e+03,2.573646816017571837e-05
1.480000000000000000e+03,2.577023587946314365e-05
1.481000000000000000e+03,2.571236473158933222e-05
1.482000000000000000e+03,2.568349918874446303e-05
1.483000000000000000e+03,2.566044895502272993e-05
1.484000000000000000e+03,2.561310611781664193e-05
1.485000000000000000e+03,2.560177745181135833e-05
1.486000000000000000e+03,2.557519655965734273e-05
1.487000000000000000e+03,2.556387153163086623e-05
1.488000000000000000e+03,2.552969453972764313e-05
1.489000000000000000e+03,2.548357224441133440e-05
1.490000000000000000e+03,2.543992741266265512e-05
1.491000000000000000e+03,2.540446257626172155e-05
1.492000000000000000e+03,2.536600914027076215e-05
1.493000000000000000e+03,2.532717371650505811e-05
1.494000000000000000e+03,2.525300988054368645e-05
1.495000000000000000e+03,2.521778878872282803e-05
1.496000000000000000e+03,2.516342465241905302e-05
1.497000000000000000e+03,2.514876723580528051e-05
1.498000000000000000e+03,2.512596802262123674e-05
1.499000000000000000e+03,2.508917532395571470e-05
1.500000000000000000e+03,2.504285839677322656e-05
1.501000000000000000e+03,2.498227331670932472e-05
1.502000000000000000e+03,2.495333319529891014e-05
1.503000000000000000e+03,2.492615931259933859e-05
1.504000000000000000e+03,2.490376391506288201e-05
1.505000000000000000e+03,2.486605626472737640e-05
1.506000000000000000e+03,2.483431308064609766e-05
1.507000000000000000e+03,2.481685260136146098e-05
1.508000000000000000e+03,2.478356873325537890e-05
1.509000000000000000e+03,2.475609107932541519e-05
1.510000000000000000e+03,2.472488813509698957e-05
1.511000000000000000e+03,2.469717219355516136e-05
1.512000000000000000e+03,2.466149089741520584e-05
1.513000000000000000e+03,2.462962038407567888e-05
1.514000000000000000e+03,2.460658470226917416e-05
1.515000000000000000e+03,2.458494418533518910e-05
1.516000000000000000e+03,2.457240225339774042e-05
1.517000000000000000e+03,2.455606954754330218e-05
1.518000000000000000e+03,2.453813976899255067e-05
1.519000000000000000e+03,2.456843321851920336e-05
1.520000000000000000e+03,2.452686203469056636e-05
1.521000000000000000e+03,2.450246574881020933e-05
1.522000000000000000e+03,2.447606857458595186e-05
1.523000000000000000e+03,2.443747143843211234e-05
1.524000000000000000e+03,2.439746640447992831e-05
1.525000000000000000e+03,2.437028706481214613e-05
1.526000000000000000e+03,2.431598659313749522e-05
1.527000000000000000e+03,2.429848973406478763e-05
1.528000000000000000e+03,2.426964056212455034e-05
1.529000000000000000e+03,2.424012927804142237e-05
1.530000000000000000e+03,2.435440001136157662e-05
1.531000000000000000e+03,2.422347279207315296e-05
1.532000000000000000e+03,2.419467637082561851e-05
1.533000000000000000e+03,2.416895586065948009e-05
1.534000000000000000e+03,2.414717346255201846e-05
1.535000000000000000e+03,2.413224501651711762e-05
1.536000000000000000e+03,2.411013156233821064e-05
1.537000000000000000e+03,2.409456828900147229e-05
1.538000000000000000e+03,2.406224848527926952e-05
1.539000000000000000e+03,2.406493149464949965e-05
1.540000000000000000e+03,2.404414408374577761e-05
1.541000000000000000e+03,2.400937592028640211e-05
1.542000000000000000e+03,2.398699143668636680e-05
1.543000000000000000e+03,2.395561568846460432e-05
1.544000000000000000e+03,2.391242378507740796e-05
1.545000000000000000e+03,2.403512007731478661e-05
1.546000000000000000e+03,2.389839210081845522e-05
1.547000000000000000e+03,2.386414598731789738e-05
1.548000000000000000e+03,2.384543040534481406e-05
1.549000000000000000e+03,2.381363265158142895e-05
1.550000000000000000e+03,2.377577948209363967e-05
1.551000000000000000e+03,2.372912240389268845e-05
1.552000000000000000e+03,2.376109296164941043e-05
1.553000000000000000e+03,2.371003574808128178e-05
1.554000000000000000e+03,2.367785054957494140e-05
1.555000000000000000e+03,2.365520958846900612e-05
1.556000000000000000e+03,2.362287887081038207e-05
1.557000000000000000e+03,2.358775418542791158e-05
1.558000000000000000e+03,2.365788168390281498e-05
1.559000000000000000e+03,2.357195080548990518e-05
1.560000000000000000e+03,2.353988384129479527e-05
1.561000000000000000e+03,2.351418697799090296e-05
1.562000000000000000e+03,2.346933797525707632e-05
1.563000000000000000e+03,2.345624307054094970e-05
1.564000000000000000e+03,2.341173421882558614e-05
1.565000000000000000e+03,2.339355160074774176e-05
1.566000000000000000e+03,2.337111800443381071e-05
1.567000000000000000e+03,2.334995406272355467e-05
1.568000000000000000e+03,2.332107214897405356e-05
1.569000000000000000e+03,2.327809124835766852e-05
1.570000000000000000e+03,2.325333116459660232e-05
1.571000000000000000e+03,2.323396438441704959e-05
1.572000000000000000e+03,2.321159445273224264e-05
1.573000000000000000e+03,2.319874147360678762e-05
1.574000000000000000e+03,2.316140853508841246e-05
1.575000000000000000e+03,2.314496305189095438e-05
1.576000000000000000e+03,2.310738273081369698e-05
1.577000000000000000e+03,2.309265801159199327e-05
1.578000000000000000e+03,2.307593604200519621e-05
1.579000000000000000e+03,2.306376336491666734e-05
1.580000000000000000e+03,2.304255031049251556e-05
1.581000000000000000e+03,2.302339089510496706e-05
1.582000000000000000e+03,2.300516644027084112e-05
1.583000000000000000e+03,2.297110404470004141e-05
1.584000000000000000e+03,2.297210812685079873e-05
1.585000000000000000e+03,2.294803925906307995e-05
1.586000000000000000e+03,2.292505632794927806e-05
1.587000000000000000e+03,2.290222982992418110e-05
1.588000000000000000e+03,2.288827636220958084e-05
1.589000000000000000e+03,2.286743801960255951e-05
1.590000000000000000e+03,2.284840957145206630e-05
1.591000000000000000e+03,2.283425055793486536e-05
1.592000000000000000e+03,2.280526678077876568e-05
1.593000000000000000e+03,2.283041249029338360e-05
1.594000000000000000e+03,2.278419924550689757e-05
1.595000000000000000e+03,2.275706901855301112e-05
1.596000000000000000e+03,2.272765414090827107e-05
1.597000000000000000e+03,2.269763717777095735e-05
1.598000000000000000e+03,2.267606396344490349e-05
1.599000000000000000e+03,2.266225237690377980e-05
1.600000000000000000e+03,2.265233160869684070e-05
1.601000000000000000e+03,2.263823989778757095e-05
1.602000000000000000e+03,2.261345980514306575e-05
1.603000000000000000e+03,2.263509122713003308e-05
1.604000000000000000e+03,2.259875873278360814e-05
1.605000000000000000e+03,2.257292908325325698e-05
1.606000000000000000e+03,2.254984974570106715e-05
1.607000000000000000e+03,2.252957710879854858e-05
1.608000000000000000e+03,2.250949910376220942e-05
1.609000000000000000e+03,2.248810960736591369e-05
1.610000000000000000e+03,2.246826443297322839e-05
1.611000000000000000e+03,2.244775896542705595e-05
1.612000000000000000e+03,2.242466143798083067e-05
1.613000000000000000e+03,2.240013418486341834e-05
1.614000000000000000e+03,2.238153865619096905e-05
1.615000000000000000e+03,2.236547516076825559e-05
1.616000000000000000e+03,2.234727071481756866e-05
1.617000000000000000e+03,2.231450707768090069e-05
1.618000000000000000e+03,2.231080179626587778e-05
1.619000000000000000e+03,2.229520760010927916e-05
1.620000000000000000e+03,2.226761898782569915e-05
1.621000000000000000e+03,2.224720992671791464e-05
1.622000000000000000e+03,2.222662624262738973e-05
1.623000000000000000e+03,2.220349233539309353e-05
1.624000000000000000e+03,2.218294139311183244e-05
1.625000000000000000e+03,2.216728171333670616e-05
1.626000000000000000e+03,2.214781125076115131e-05
1.627000000000000000e+03,2.213169682363513857e-05
1.628000000000000000e+03,2.211197352153249085e-05
1.629000000000000000e+03,2.210337152064312249e-05
1.630000000000000000e+03,2.209508966188877821e-05
1.631000000000000000e+03,2.208062505815178156e-05
1.632000000000000000e+03,2.205242708441801369e-05
1.633000000000000000e+03,2.201328061346430331e-05
1.634000000000000000e+03,2.197669164161197841e-05
1.635000000000000000e+03,2.196348395955283195e-05
1.636000000000000000e+03,2.194480293837841600e-05
1.637000000000000000e+03,2.193615000578574836e-05
1.638000000000000000e+03,2.191992643929552287e-05
1.639000000000000000e+03,2.190252598666120321e-05
1.640000000000000000e+03,2.188102007494308054e-05
1.641000000000000000e+03,2.194956505263689905e-05
1.642000000000000000e+03,2.187301834055688232e-05
1.643000000000000000e+03,2.185422999900765717e-05
1.644000000000000000e+03,2.183856850024312735e-05
1.645000000000000000e+03,2.182476782763842493e-05
1.646000000000000000e+03,2.181128184020053595e-05
1.647000000000000000e+03,2.179657531087286770e-05
1.648000000000000000e+03,2.175884401367511600e-05
1.649000000000000000e+03,2.173432767449412495e-05
1.650000000000000000e+03,2.170748120988719165e-05
1.651000000000000000e+03,2.168392711610067636e-05
1.652000000000000000e+03,2.166568992834072560e-05
1.653000000000000000e+03,2.172907079511787742e-05
1.654000000000000000e+03,2.165098339901305735e-05
1.655000000000000000e+03,2.163451063097454607e-05
1.656000000000000000e+03,2.160808980988804251e-05
1.657000000000000000e+03,2.156508162443060428e-05
1.658000000000000000e+03,2.154445246560499072e-05
1.659000000000000000e+03,2.151593616872560233e-05
1.660000000000000000e+03,2.150133514078333974e-05
1.661000000000000000e+03,2.148080238839611411e-05
1.662000000000000000e+03,2.147008490283042192e-05
1.663000000000000000e+03,2.145699181710369885e-05
1.664000000000000000e+03,2.142644734703935683e-05
1.665000000000000000e+03,2.141038203262723982e-05
1.666000000000000000e+03,2.138348463631700724e-05
1.667000000000000000e+03,2.137144110747613013e-05
1.668000000000000000e+03,2.135372415068559349e-05
1.669000000000000000e+03,2.134518399543594569e-05
1.670000000000000000e+03,2.130980828951578587e-05
1.671000000000000000e+03,2.129727909050416201e-05
1.672000000000000000e+03,2.127906373061705381e-05
1.673000000000000000e+03,2.125163518940098584e-05
1.674000000000000000e+03,2.126741128449793905e-05
1.675000000000000000e+03,2.123504600604064763e-05
1.676000000000000000e+03,2.121281613653991371e-05
1.677000000000000000e+03,2.120339377142954618e-05
1.678000000000000000e+03,2.119275995937641710e-05
1.679000000000000000e+03,2.118267366313375533e-05
1.680000000000000000e+03,2.115848292305599898e-05
1.681000000000000000e+03,2.114330163749400526e-05
1.682000000000000000e+03,2.113166920025832951e-05
1.683000000000000000e+03,2.111922549374867231e-05
1.684000000000000000e+03,2.111126377712935209e-05
1.685000000000000000e+03,2.109952765749767423e-05
1.686000000000000000e+03,2.107078762492164969e-05
1.687000000000000000e+03,2.111503999913111329e-05
1.688000000000000000e+03,2.105722160195000470e-05
1.689000000000000000e+03,2.102712824125774205e-05
1.690000000000000000e+03,2.100616620737127960e-05
1.691000000000000000e+03,2.099187804560642689e-05
1.692000000000000000e+03,2.097559081448707730e-05
1.693000000000000000e+03,2.096379284921567887e-05
1.694000000000000000e+03,2.094269984809216112e-05
1.695000000000000000e+03,2.092656177410390228e-05
1.696000000000000000e+03,2.094009141728747636e-05
1.697000000000000000e+03,2.091243550239596516e-05
1.698000000000000000e+03,2.088899600494187325e-05
1.699000000000000000e+03,2.087654138449579477e-05
1.700000000000000000e+03,2.086220229102764279e-05
1.701000000000000000e+03,2.084661900880746543e-05
1.702000000000000000e+03,2.084653169731609523e-05
1.703000000000000000e+03,2.083418257825542241e-05
1.704000000000000000e+03,2.081896673189476132e-05
1.705000000000000000e+03,2.080563899653498083e-05
1.706000000000000000e+03,2.078966826957184821e-05
1.707000000000000000e+03,2.076789860439021140e-05
1.708000000000000000e+03,2.074904659821186215e-05
1.709000000000000000e+03,2.073535142699256539e-05
1.710000000000000000e+03,2.071380004053935409e-05
1.711000000000000000e+03,2.070841401291545480e-05
1.712000000000000000e+03,2.069094625767320395e-05
1.713000000000000000e+03,2.067343484668526798e-05
1.714000000000000000e+03,2.066128581645898521e-05
1.715000000000000000e+03,2.063958163489587605e-05
1.716000000000000000e+03,2.060450242424849421e-05
1.717000000000000000e+03,2.057943675026763231e-05
1.718000000000000000e+03,2.055074037343729287e-05
1.719000000000000000e+03,2.052787567663472146e-05
1.720000000000000000e+03,2.051342198683414608e-05
1.721000000000000000e+03,2.048568057944066823e-05
1.722000000000000000e+03,2.047756242973264307e-05
1.723000000000000000e+03,2.045616929535754025e-05
1.724000000000000000e+03,2.044070060946978629e-05
1.725000000000000000e+03,2.041945117525756359e-05
1.726000000000000000e+03,2.038967249973211437e-05
1.727000000000000000e+03,2.039319770119618624e-05
1.728000000000000000e+03,2.037205922533757985e-05
1.729000000000000000e+03,2.034932003880385309e-05
1.730000000000000000e+03,2.033094824582803994e-05
1.731000000000000000e+03,2.029917595791630447e-05
1.732000000000000000e+03,2.026421134360134602e-05
1.733000000000000000e+03,2.022843727900180966e-05
1.734000000000000000e+03,2.020087777054868639e-05
1.735000000000000000e+03,2.018005034187808633e-05
1.736000000000000000e+03,2.016519283642992377e-05
1.737000000000000000e+03,2.014910205616615713e-05
1.738000000000000000e+03,2.011831020354293287e-05
1.739000000000000000e+03,2.010137723118532449e-05
1.740000000000000000e+03,2.015059362747706473e-05
1.741000000000000000e+03,2.008914088946767151e-05
1.742000000000000000e+03,2.005860369536094368e-05
1.743000000000000000e+03,2.004191082960460335e-05
1.744000000000000000e+03,2.001441134780179709e-05
1.745000000000000000e+03,1.998676270886790007e-05
1.746000000000000000e+03,1.995070306293200701e-05
1.747000000000000000e+03,1.992627221625298262e-05
1.748000000000000000e+03,1.990589589695446193e-05
1.749000000000000000e+03,1.989238262467551976e-05
1.750000000000000000e+03,1.987486211874056607e-05
1.751000000000000000e+03,1.985821836569812149e-05
1.752000000000000000e+03,1.983248512260615826e-05
1.753000000000000000e+03,1.980642809940036386e-05
1.754000000000000000e+03,1.981046989385504276e-05
1.755000000000000000e+03,1.979021180886775255e-05
1.756000000000000000e+03,1.977007377718109637e-05
1.757000000000000000e+03,1.975290433620102704e-05
1.758000000000000000e+03,1.973815960809588432e-05
1.759000000000000000e+03,1.972223253687843680e-05
1.760000000000000000e+03,1.970645644178148359e-05
1.761000000000000000e+03,1.968909600691404194e-05
1.762000000000000000e+03,1.967682328540831804e-05
1.763000000000000000e+03,1.965854244190268219e-05
1.764000000000000000e+03,1.964218245120719075e-05
1.765000000000000000e+03,1.962204805749934167e-05
1.766000000000000000e+03,1.960628469532821327e-05
1.767000000000000000e+03,1.959286055353004485e-05
1.768000000000000000e+03,1.962221176654566079e-05
1.769000000000000000e+03,1.958209213626105338e-05
1.770000000000000000e+03,1.956686719495337456e-05
1.771000000000000000e+03,1.954243271029554307e-05
1.772000000000000000e+03,1.952986167452763766e-05
1.773000000000000000e+03,1.950419027707539499e-05
1.774000000000000000e+03,1.950950354512315243e-05
1.775000000000000000e+03,1.949308898474555463e-05
1.776000000000000000e+03,1.947275995917152613e-05
1.777000000000000000e+03,1.945424446603283286e-05
1.778000000000000000e+03,1.942760354722850025e-05
1.779000000000000000e+03,1.939838512043934315e-05
1.780000000000000000e+03,1.937157503562048078e-05
1.781000000000000000e+03,1.935264117491897196e-05
1.782000000000000000e+03,1.933932071551680565e-05
1.783000000000000000e+03,1.933129715325776488e-05
1.784000000000000000e+03,1.931698898260947317e-05
1.785000000000000000e+03,1.930137841554824263e-05
1.786000000000000000e+03,1.928469828271772712e-05
1.787000000000000000e+03,1.926331606227904558e-05
1.788000000000000000e+03,1.924822572618722916e-05
1.789000000000000000e+03,1.919650821946561337e-05
1.790000000000000000e+03,1.924551361298654228e-05
1.791000000000000000e+03,1.917425470310263336e-05
1.792000000000000000e+03,1.913612140924669802e-05
1.793000000000000000e+03,1.910587889142334461e-05
1.794000000000000000e+03,1.909263846755493432e-05
1.795000000000000000e+03,1.906576289911754429e-05
1.796000000000000000e+03,1.904457167256623507e-05
1.797000000000000000e+03,1.901994073705282062e-05
1.798000000000000000e+03,1.904808050312567502e-05
1.799000000000000000e+03,1.900953975564334542e-05
1.800000000000000000e+03,1.899007293104659766e-05
1.801000000000000000e+03,1.896573849080596119e-05
1.802000000000000000e+03,1.893806438602041453e-05
1.803000000000000000e+03,1.890698513307143003e-05
1.804000000000000000e+03,1.885733945528045297e-05
1.805000000000000000e+03,1.889399572974070907e-05
1.806000000000000000e+03,1.883540244307368994e-05
1.807000000000000000e+03,1.881155367300380021e-05
1.808000000000000000e+03,1.879638330137822777e-05
1.809000000000000000e+03,1.878352486528456211e-05
1.810000000000000000e+03,1.874743247753940523e-05
1.811000000000000000e+03,1.870353298727422953e-05
1.812000000000000000e+03,1.868315302999690175e-05
1.813000000000000000e+03,1.863728175521828234e-05
1.814000000000000000e+03,1.862300450738985091e-05
1.815000000000000000e+03,1.862734825408551842e-05
1.816000000000000000e+03,1.861491182353347540e-05
1.817000000000000000e+03,1.860455631685908884e-05
1.818000000000000000e+03,1.857966344687156379e-05
1.819000000000000000e+03,1.856128801591694355e-05
1.820000000000000000e+03,1.853497269621584564e-05
1.821000000000000000e+03,1.850065200414974242e-05
1.822000000000000000e+03,1.847143539634998888e-05
1.823000000000000000e+03,1.844460894062649459e-05
1.824000000000000000e+03,1.842439087340608239e-05
1.825000000000000000e+03,1.840271033870521933e-05
1.826000000000000000e+03,1.841055745899211615e-05
1.827000000000000000e+03,1.838705793488770723e-05
1.828000000000000000e+03,1.837140371208079159e-05
1.829000000000000000e+03,1.836084265960380435e-05
1.830000000000000000e+03,1.834515933296643198e-05
1.831000000000000000e+03,1.831935878726653755e-05
1.832000000000000000e+03,1.832630368880927563e-05
1.833000000000000000e+03,1.830415203585289419e-05
1.834000000000000000e+03,1.829053508117794991e-05
1.835000000000000000e+03,1.827523374231532216e-05
1.836000000000000000e+03,1.826036532293073833e-05
1.837000000000000000e+03,1.821993646444752812e-05
1.838000000000000000e+03,1.818187774915713817e-05
1.839000000000000000e+03,1.814259303500875831e-05
1.840000000000000000e+03,1.811927540984470397e-05
1.841000000000000000e+03,1.809756395232398063e-05
1.842000000000000000e+03,1.808127126423642039e-05
1.843000000000000000e+03,1.806028740247711539e-05
1.844000000000000000e+03,1.802136830519884825e-05
1.845000000000000000e+03,1.800740574253723025e-05
1.846000000000000000e+03,1.798546327336225659e-05
1.847000000000000000e+03,1.794748095562681556e-05
1.848000000000000000e+03,1.792864532035309821e-05
1.849000000000000000e+03,1.787847031664568931e-05
1.850000000000000000e+03,1.795705247786827385e-05
1.851000000000000000e+03,1.785991116776131094e-05
1.852000000000000000e+03,1.782945946615654975e-05
1.853000000000000000e+03,1.780688944563735276e-05
1.854000000000000000e+03,1.777852230588905513e-05
1.855000000000000000e+03,1.777424949978012592e-05
1.856000000000000000e+03,1.773649091774132103e-05
1.857000000000000000e+03,1.772427822288591415e-05
1.858000000000000000e+03,1.771236020431388170e-05
1.859000000000000000e+03,1.770143535395618528e-05
1.860000000000000000e+03,1.768738911778200418e-05
1.861000000000000000e+03,1.766599052643869072e-05
1.862000000000000000e+03,1.765872002579271793e-05
1.863000000000000000e+03,1.763994623615872115e-05
1.864000000000000000e+03,1.762856663845013827e-05
1.865000000000000000e+03,1.760812483553308994e-05
1.866000000000000000e+03,1.757728387019596994e-05
1.867000000000000000e+03,1.753290598571766168e-05
1.868000000000000000e+03,1.754151344357524067e-05
1.869000000000000000e+03,1.751317540765739977e-05
1.870000000000000000e+03,1.748465183482039720e-05
1.871000000000000000e+03,1.746485577314160764e-05
1.872000000000000000e+03,1.744207111187279224e-05
1.873000000000000000e+03,1.750513183651492000e-05
1.874000000000000000e+03,1.743119173625018448e-05
1.875000000000000000e+03,1.740496918500866741e-05
1.876000000000000000e+03,1.737846105243079364e-05
1.877000000000000000e+03,1.735338264552410692e-05
1.878000000000000000e+03,1.733044155116658658e-05
1.879000000000000000e+03,1.730979056446813047e-05
1.880000000000000000e+03,1.729298492136877030e-05
1.881000000000000000e+03,1.727443850541021675e-05
1.882000000000000000e+03,1.726120353851001710e-05
1.883000000000000000e+03,1.722713932394981384e-05
1.884000000000000000e+03,1.721366606943774968e-05
1.885000000000000000e+03,1.719382998999208212e-05
1.886000000000000000e+03,1.718579915177542716e-05
1.887000000000000000e+03,1.716762199066579342e-05
1.888000000000000000e+03,1.714117206574883312e-05
1.889000000000000000e+03,1.712485027383081615e-05
1.890000000000000000e+03,1.710575452307239175e-05
1.891000000000000000e+03,1.709428761387243867e-05
1.892000000000000000e+03,1.708165655145421624e-05
1.893000000000000000e+03,1.704797978163696826e-05
1.894000000000000000e+03,1.707825322228018194e-05
1.895000000000000000e+03,1.703305133560206741e-05
1.896000000000000000e+03,1.700126631476450711e-05
1.897000000000000000e+03,1.698053165455348790e-05
1.898000000000000000e+03,1.696011349849868566e-05
1.899000000000000000e+03,1.693650483503006399e-05
1.900000000000000000e+03,1.693770718702580780e-05
1.901000000000000000e+03,1.691804573056288064e-05
1.902000000000000000e+03,1.689222881395835429e-05
1.903000000000000000e+03,1.687268195382785052e-05
1.904000000000000000e+03,1.685374991211574525e-05
1.905000000000000000e+03,1.683238588157109916e-05
1.906000000000000000e+03,1.680943023529835045e-05
1.907000000000000000e+03,1.678788430581334978e-05
1.908000000000000000e+03,1.677138607192318887e-05
1.909000000000000000e+03,1.676018473517615348e-05
1.910000000000000000e+03,1.671347854426130652e-05
1.911000000000000000e+03,1.668041659286245704e-05
1.912000000000000000e+03,1.667966898821759969e-05
1.913000000000000000e+03,1.665886156843043864e-05
1.914000000000000000e+03,1.663347211433574557e-05
1.915000000000000000e+03,1.662133581703528762e-05
1.916000000000000000e+03,1.661041460465639830e-05
1.917000000000000000e+03,1.660005000303499401e-05
1.918000000000000000e+03,1.657700522628147155e-05
1.919000000000000000e+03,1.655158666835632175e-05
1.920000000000000000e+03,1.652471109991893172e-05
1.921000000000000000e+03,1.649889964028261602e-05
1.922000000000000000e+03,1.648672150622587651e-05
1.923000000000000000e+03,1.647096542001236230e-05
1.924000000000000000e+03,1.645913471293170005e-05
1.925000000000000000e+03,1.642771894694305956e-05
1.926000000000000000e+03,1.646603050176054239e-05
1.927000000000000000e+03,1.641077142267022282e-05
1.928000000000000000e+03,1.637548484723083675e-05
1.929000000000000000e+03,1.634176078368909657e-05
1.930000000000000000e+03,1.632691055419854820e-05
1.931000000000000000e+03,1.630007682251743972e-05
1.932000000000000000e+03,1.628394784347619861e-05
1.933000000000000000e+03,1.626426637812983245e-05
1.934000000000000000e+03,1.624567448743619025e-05
1.935000000000000000e+03,1.621987757971510291e-05
1.936000000000000000e+03,1.620760303921997547e-05
1.937000000000000000e+03,1.618444912310224026e-05
1.938000000000000000e+03,1.617223642824683338e-05
1.939000000000000000e+03,1.615551991562824696e-05
1.940000000000000000e+03,1.613486347196158022e-05
1.941000000000000000e+03,1.612147570995148271e-05
1.942000000000000000e+03,1.610259641893208027e-05
1.943000000000000000e+03,1.609347054909449071e-05
1.944000000000000000e+03,1.608307138667441905e-05
1.945000000000000000e+03,1.605301986273843795e-05
1.946000000000000000e+03,1.601743315404746681e-05
1.947000000000000000e+03,1.598680864844936877e-05
1.948000000000000000e+03,1.597283517185132951e-05
1.949000000000000000e+03,1.596203765075188130e-05
1.950000000000000000e+03,1.595004869159311056e-05
1.951000000000000000e+03,1.592104490555357188e-05
1.952000000000000000e+03,1.593484194017946720e-05
1.953000000000000000e+03,1.590664032846689224e-05
1.954000000000000000e+03,1.588789018569514155e-05
1.955000000000000000e+03,1.587129372637718916e-05
1.956000000000000000e+03,1.585659629199653864e-05
1.957000000000000000e+03,1.582748882356099784e-05
1.958000000000000000e+03,1.583648918312974274e-05
1.959000000000000000e+03,1.581124888616614044e-05
1.960000000000000000e+03,1.578098454046994448e-05
1.961000000000000000e+03,1.575815622345544398e-05
1.962000000000000000e+03,1.573827285028528422e-05
1.963000000000000000e+03,1.571905158925801516e-05
1.964000000000000000e+03,1.570232598169241101e-05
1.965000000000000000e+03,1.568712104926817119e-05
1.966000000000000000e+03,1.567633808008395135e-05
1.967000000000000000e+03,1.565826278238091618e-05
1.968000000000000000e+03,1.563756995892617851e-05
1.969000000000000000e+03,1.561881072120741010e-05
1.970000000000000000e+03,1.560314922244288027e-05
1.971000000000000000e+03,1.558978874527383596e-05
1.972000000000000000e+03,1.558713847771286964e-05
1.973000000000000000e+03,1.556592360429931432e-05
1.974000000000000000e+03,1.555184462631586939e-05
1.975000000000000000e+03,1.553950096422340721e-05
1.976000000000000000e+03,1.552903813717421144e-05
1.977000000000000000e+03,1.552417961647734046e-05
1.978000000000000000e+03,1.549550324853044003e-05
1.979000000000000000e+03,1.548358522995840758e-05
1.980000000000000000e+03,1.545359737065155059e-05
1.981000000000000000e+03,1.542270183563232422e-05
1.982000000000000000e+03,1.541657366033177823e-05
1.983000000000000000e+03,1.538928336231037974e-05
1.984000000000000000e+03,1.537988100608345121e-05
1.985000000000000000e+03,1.536970739834941924e-05
1.986000000000000000e+03,1.535815317765809596e-05
1.987000000000000000e+03,1.534095645183697343e-05
1.988000000000000000e+03,1.531851921754423529e-05
1.989000000000000000e+03,1.529401197331026196e-05
1.990000000000000000e+03,1.527787753730081022e-05
1.991000000000000000e+03,1.526687992736697197e-05
1.992000000000000000e+03,1.525699190096929669e-05
1.993000000000000000e+03,1.524582239653682336e-05
1.994000000000000000e+03,1.521390367997810245e-05
1.995000000000000000e+03,1.523541777714854106e-05
1.996000000000000000e+03,1.520093974249903113e-05
1.997000000000000000e+03,1.518534463684773073e-05
1.998000000000000000e+03,1.517120290372986346e-05
1.999000000000000000e+03,1.516010343038942665e-05
2.000000000000000000e+03,1.512967082817340270e-05
2.001000000000000000e+03,1.513667393737705424e-05
2.002000000000000000e+03,1.511724894953658804e-05
2.003000000000000000e+03,1.508924651716370136e-05
2.004000000000000000e+03,1.506443277321523055e-05
2.005000000000000000e+03,1.504209376435028389e-05
2.006000000000000000e+03,1.501733095210511237e-05
2.007000000000000000e+03,1.498906021879520267e-05
2.008000000000000000e+03,1.498863821325358003e-05
2.009000000000000000e+03,1.497384437243454158e-05
2.010000000000000000e+03,1.495787182648200542e-05
2.011000000000000000e+03,1.494086518505355343e-05
2.012000000000000000e+03,1.491779130446957424e-05
2.013000000000000000e+03,1.488354064349550754e-05
2.014000000000000000e+03,1.486808378103887662e-05
2.015000000000000000e+03,1.485557731939479709e-05
2.016000000000000000e+03,1.484552012698259205e-05
2.017000000000000000e+03,1.482955212850356475e-05
2.018000000000000000e+03,1.480747141613392159e-05
2.019000000000000000e+03,1.478864214732311666e-05
2.020000000000000000e+03,1.477209025324555114e-05
2.021000000000000000e+03,1.475957378715975210e-05
2.022000000000000000e+03,1.474813234381144866e-05
2.023000000000000000e+03,1.472559233661741018e-05
2.024000000000000000e+03,1.472238272981485352e-05
2.025000000000000000e+03,1.469405287934932858e-05
2.026000000000000000e+03,1.468454047426348552e-05
2.027000000000000000e+03,1.466402409278089181e-05
2.028000000000000000e+03,1.464754950575297698e-05
2.029000000000000000e+03,1.462340696889441460e-05
2.030000000000000000e+03,1.460904513805871829e-05
2.031000000000000000e+03,1.458943825127789751e-05
2.032000000000000000e+03,1.456944664823822677e-05
2.033000000000000000e+03,1.457177131669595838e-05
2.034000000000000000e+03,1.454911853215890005e-05
2.035000000000000000e+03,1.451767820981331170e-05
2.036000000000000000e+03,1.449840965506155044e-05
2.037000000000000000e+03,1.447804697818355635e-05
2.038000000000000000e+03,1.445982343284413218e-05
2.039000000000000000e+03,1.444424106011865661e-05
2.040000000000000000e+03,1.443014753021998331e-05
2.041000000000000000e+03,1.441884978703455999e-05
2.042000000000000000e+03,1.440139385522343218e-05
2.043000000000000000e+03,1.437860737496521324e-05
2.044000000000000000e+03,1.435540889360709116e-05
2.045000000000000000e+03,1.434413479728391394e-05
2.046000000000000000e+03,1.433328088751295581e-05
2.047000000000000000e+03,1.432305271009681746e-05
2.048000000000000000e+03,1.430419342796085402e-05
2.049000000000000000e+03,1.428494124411372468e-05
2.050000000000000000e+03,1.427258575859013945e-05
2.051000000000000000e+03,1.426000017090700567e-05
2.052000000000000000e+03,1.425302889401791617e-05
2.053000000000000000e+03,1.423400317435152829e-05
2.054000000000000000e+03,1.420621902070706710e-05
2.055000000000000000e+03,1.418098781869048253e-05
2.056000000000000000e+03,1.417044586560223252e-05
2.057000000000000000e+03,1.415315909980563447e-05
2.058000000000000000e+03,1.414569942426169291e-05
2.059000000000000000e+03,1.413684185536112636e-05
2.060000000000000000e+03,1.412221172358840704e-05
2.061000000000000000e+03,1.409960532328113914e-05
2.062000000000000000e+03,1.409978267474798486e-05
2.063000000000000000e+03,1.408427488058805466e-05
2.064000000000000000e+03,1.406599585607182235e-05
2.065000000000000000e+03,1.405364128004293889e-05
2.066000000000000000e+03,1.404036538588115945e-05
2.067000000000000000e+03,1.401216559315798804e-05
2.068000000000000000e+03,1.412463461747393012e-05
2.069000000000000000e+03,1.399835309712216258e-05
2.070000000000000000e+03,1.396442621626192704e-05
2.071000000000000000e+03,1.393854290654417127e-05
2.072000000000000000e+03,1.391554360452573746e-05
2.073000000000000000e+03,1.389827139064436778e-05
2.074000000000000000e+03,1.387423435517121106e-05
2.075000000000000000e+03,1.387046540912706405e-05
2.076000000000000000e+03,1.384975348628358915e-05
2.077000000000000000e+03,1.384165716444840655e-05
2.078000000000000000e+03,1.383016387990210205e-05
2.079000000000000000e+03,1.381824040436185896e-05
2.080000000000000000e+03,1.380880348733626306e-05
2.081000000000000000e+03,1.379578679916448891e-05
2.082000000000000000e+03,1.378794058837229386e-05
2.083000000000000000e+03,1.377356329612666741e-05
2.084000000000000000e+03,1.382356003887252882e-05
2.085000000000000000e+03,1.376768977934261784e-05
2.086000000000000000e+03,1.375813189952168614e-05
2.087000000000000000e+03,1.374302973999874666e-05
2.088000000000000000e+03,1.373166014673188329e-05
2.089000000000000000e+03,1.371376492897979915e-05
2.090000000000000000e+03,1.369514302496099845e-05
2.091000000000000000e+03,1.367608274449594319e-05
2.092000000000000000e+03,1.366069955111015588e-05
2.093000000000000000e+03,1.364991931041004136e-05
2.094000000000000000e+03,1.363678893540054560e-05
2.095000000000000000e+03,1.362464172416366637e-05
2.096000000000000000e+03,1.360899204883025959e-05
2.097000000000000000e+03,1.360686383122811094e-05
2.098000000000000000e+03,1.359699854219797999e-05
2.099000000000000000e+03,1.359155157842906192e-05
2.100000000000000000e+03,1.358514236926566809e-05
2.101000000000000000e+03,1.357780365651706234e-05
2.102000000000000000e+03,1.355900440103141591e-05
2.103000000000000000e+03,1.373909981339238584e-05
2.104000000000000000e+03,1.355449876427883282e-05
2.105000000000000000e+03,1.353597326669842005e-05
2.106000000000000000e+03,1.352535218757111579e-05
2.107000000000000000e+03,1.351791888737352565e-05
2.108000000000000000e+03,1.350993807136546820e-05
2.109000000000000000e+03,1.350385718978941441e-05
2.110000000000000000e+03,1.349749527435051277e-05
2.111000000000000000e+03,1.348954174318350852e-05
2.112000000000000000e+03,1.347521993011469021e-05
2.113000000000000000e+03,1.348454316030256450e-05
2.114000000000000000e+03,1.346909084531944245e-05
2.115000000000000000e+03,1.345334476354764774e-05
2.116000000000000000e+03,1.344363408861681819e-05
2.117000000000000000e+03,1.343432541034417227e-05
2.118000000000000000e+03,1.342487303190864623e-05
2.119000000000000000e+03,1.340482504019746557e-05
2.120000000000000000e+03,1.338938182016136125e-05
2.121000000000000000e+03,1.336038985755294561e-05
2.122000000000000000e+03,1.333970703853992745e-05
2.123000000000000000e+03,1.331566909357206896e-05
2.124000000000000000e+03,1.329497990809613839e-05
2.125000000000000000e+03,1.327468271483667195e-05
2.126000000000000000e+03,1.326138226431794465e-05
2.127000000000000000e+03,1.324152071902062744e-05
2.128000000000000000e+03,1.322730167885310948e-05
2.129000000000000000e+03,1.320698902418371290e-05
2.130000000000000000e+03,1.318901649938197806e-05
2.131000000000000000e+03,1.317393525823717937e-05
2.132000000000000000e+03,1.315840017923619598e-05
2.133000000000000000e+03,1.313778193434700370e-05
2.134000000000000000e+03,1.311825781158404425e-05
2.135000000000000000e+03,1.310442985413828865e-05
2.136000000000000000e+03,1.308656010223785415e-05
2.137000000000000000e+03,1.306156354985432699e-05
2.138000000000000000e+03,1.317020087299169973e-05
2.139000000000000000e+03,1.305690420849714428e-05
2.140000000000000000e+03,1.303998215007595718e-05
2.141000000000000000e+03,1.302601503994083032e-05
2.142000000000000000e+03,1.300950953009305522e-05
2.143000000000000000e+03,1.299054292758228257e-05
2.144000000000000000e+03,1.298047027376014739e-05
2.145000000000000000e+03,1.296401660511037335e-05
2.146000000000000000e+03,1.294520825467770919e-05
2.147000000000000000e+03,1.294132744078524411e-05
2.148000000000000000e+03,1.291527132707415149e-05
2.149000000000000000e+03,1.290677937504369766e-05
2.150000000000000000e+03,1.289120609726523980e-05
2.151000000000000000e+03,1.287074974243296310e-05
2.152000000000000000e+03,1.288574003410758451e-05
2.153000000000000000e+03,1.285901362280128524e-05
2.154000000000000000e+03,1.284240624954691157e-05
2.155000000000000000e+03,1.283006349694915116e-05
2.156000000000000000e+03,1.285221605940023437e-05
2.157000000000000000e+03,1.282310677197529003e-05
2.158000000000000000e+03,1.280811920878477395e-05
2.159000000000000000e+03,1.278941181226400658e-05
2.160000000000000000e+03,1.278317449759924784e-05
2.161000000000000000e+03,1.277220235351705924e-05
2.162000000000000000e+03,1.276803141081472859e-05
2.163000000000000000e+03,1.275125305255642161e-05
2.164000000000000000e+03,1.275795239052968100e-05
2.165000000000000000e+03,1.274342503165826201e-05
2.166000000000000000e+03,1.273329871764872223e-05
2.167000000000000000e+03,1.272505505767185241e-05
2.168000000000000000e+03,1.271457676921272650e-05
2.169000000000000000e+03,1.269398762815399095e-05
2.170000000000000000e+03,1.278717809327645227e-05
2.171000000000000000e+03,1.268779487872961909e-05
2.172000000000000000e+03,1.267687366635072976e-05
2.173000000000000000e+03,1.266559684154344723e-05
2.174000000000000000e+03,1.265638911718269810e-05
2.175000000000000000e+03,1.263874764845240861e-05
2.176000000000000000e+03,1.261975739907938987e-05
2.177000000000000000e+03,1.260288354387739673e-05
2.178000000000000000e+03,1.258848897123243660e-05
2.179000000000000000e+03,1.257854819414205849e-05
2.180000000000000000e+03,1.256842460861662403e-05
2.181000000000000000e+03,1.254410108231240883e-05
2.182000000000000000e+03,1.252488982572685927e-05
2.183000000000000000e+03,1.251144112757174298e-05
2.184000000000000000e+03,1.249967954208841547e-05
2.185000000000000000e+03,1.248984153789933771e-05
2.186000000000000000e+03,1.248040462087374181e-05
2.187000000000000000e+03,1.246864303539041430e-05
2.188000000000000000e+03,1.244778468389995396e-05
2.189000000000000000e+03,1.243762653757585213e-05
2.190000000000000000e+03,1.242554390046279877e-05
2.191000000000000000e+03,1.241118116013240069e-05
2.192000000000000000e+03,1.240173151018097997e-05
2.193000000000000000e+03,1.238803906744578853e-05
2.194000000000000000e+03,1.237305787071818486e-05
2.195000000000000000e+03,1.240551046066684648e-05
2.196000000000000000e+03,1.236790103575913236e-05
2.197000000000000000e+03,1.235535546584287658e-05
2.198000000000000000e+03,1.234418141393689439e-05
2.199000000000000000e+03,1.232718750543426722e-05
2.200000000000000000e+03,1.231986698257969692e-05
2.201000000000000000e+03,1.231003443535882980e-05
2.202000000000000000e+03,1.230128691531717777e-05
2.203000000000000000e+03,1.229355166287859902e-05
2.204000000000000000e+03,1.228392466146033257e-05
2.205000000000000000e+03,1.226987205882323906e-05
2.206000000000000000e+03,1.226277527166530490e-05
2.207000000000000000e+03,1.225379764946410432e-05
2.208000000000000000e+03,1.224862535309512168e-05
2.209000000000000000e+03,1.223374601977411658e-05
2.210000000000000000e+03,1.221110233018407598e-05
2.211000000000000000e+03,1.220205740537494421e-05
2.212000000000000000e+03,1.218470424646511674e-05
2.213000000000000000e+03,1.217700264533050358e-05
2.214000000000000000e+03,1.216784858115715906e-05
2.215000000000000000e+03,1.217105000250739977e-05
2.216000000000000000e+03,1.216460623254533857e-05
2.217000000000000000e+03,1.215783322550123557e-05
2.218000000000000000e+03,1.215025986311957240e-05
2.219000000000000000e+03,1.214478925248840824e-05
2.220000000000000000e+03,1.215241263707866892e-05
2.221000000000000000e+03,1.214184794662287459e-05
2.222000000000000000e+03,1.213517316500656307e-05
2.223000000000000000e+03,1.212822644447442144e-05
2.224000000000000000e+03,1.212040024256566539e-05
2.225000000000000000e+03,1.211254402733175084e-05
2.226000000000000000e+03,1.211968174175126478e-05
2.227000000000000000e+03,1.210793288919376209e-05
2.228000000000000000e+03,1.209565289173042402e-05
2.229000000000000000e+03,1.208595040225191042e-05
2.230000000000000000e+03,1.207442892336985096e-05
2.231000000000000000e+03,1.206219076266279444e-05
2.232000000000000000e+03,1.204940508614527062e-05
2.233000000000000000e+03,1.204261207021772861e-05
2.234000000000000000e+03,1.203623378387419507e-05
2.235000000000000000e+03,1.202957628265721723e-05
2.236000000000000000e+03,1.202154089696705341e-05
2.237000000000000000e+03,1.201004124595783651e-05
2.238000000000000000e+03,1.199636244564317167e-05
2.239000000000000000e+03,1.198188328999094665e-05
2.240000000000000000e+03,1.196838184114312753e-05
2.241000000000000000e+03,1.195542790810577571e-05
2.242000000000000000e+03,1.193482148664770648e-05
2.243000000000000000e+03,1.192034142150077969e-05
2.244000000000000000e+03,1.190609600598691031e-05
2.245000000000000000e+03,1.189527029055170715e-05
2.246000000000000000e+03,1.188585429190425202e-05
2.247000000000000000e+03,1.187339603347936645e-05
2.248000000000000000e+03,1.186054942081682384e-05
2.249000000000000000e+03,1.184482607641257346e-05
2.250000000000000000e+03,1.183040421892656013e-05
2.251000000000000000e+03,1.182242522190790623e-05
2.252000000000000000e+03,1.182011055789189413e-05
2.253000000000000000e+03,1.180718663817970082e-05
2.254000000000000000e+03,1.180312301585217938e-05
2.255000000000000000e+03,1.179205264634219930e-05
2.256000000000000000e+03,1.178930142486933619e-05
2.257000000000000000e+03,1.177937247121008113e-05
2.258000000000000000e+03,1.177153626485960558e-05
2.259000000000000000e+03,1.176235673483461142e-05
2.260000000000000000e+03,1.175006673292955384e-05
2.261000000000000000e+03,1.173092823592014611e-05
2.262000000000000000e+03,1.172015709016704932e-05
2.263000000000000000e+03,1.170358336821664125e-05
2.264000000000000000e+03,1.169548795587616041e-05
2.265000000000000000e+03,1.168555445474339649e-05
2.266000000000000000e+03,1.166144193120999262e-05
2.267000000000000000e+03,1.167066875495947897e-05
2.268000000000000000e+03,1.164598506875336170e-05
2.269000000000000000e+03,1.161749059974681586e-05
2.270000000000000000e+03,1.160260308097349480e-05
2.271000000000000000e+03,1.161176078312564641e-05
2.272000000000000000e+03,1.159569092124002054e-05
2.273000000000000000e+03,1.158711802418110892e-05
2.274000000000000000e+03,1.157913538918364793e-05
2.275000000000000000e+03,1.156651705969125032e-05
2.276000000000000000e+03,1.155816426035016775e-05
2.277000000000000000e+03,1.155143218056764454e-05
2.278000000000000000e+03,1.154563597083324566e-05
2.279000000000000000e+03,1.153321591118583456e-05
2.280000000000000000e+03,1.151304240920580924e-05
2.281000000000000000e+03,1.153502034867415205e-05
2.282000000000000000e+03,1.150524803961161524e-05
2.283000000000000000e+03,1.148816772911231965e-05
2.284000000000000000e+03,1.147523471445310861e-05
2.285000000000000000e+03,1.146483464253833517e-05
2.286000000000000000e+03,1.144908037531422451e-05
2.287000000000000000e+03,1.142273140430916101e-05
2.288000000000000000e+03,1.148360115621471778e-05
2.289000000000000000e+03,1.141563370765652508e-05
2.290000000000000000e+03,1.139828600571490824e-05
2.291000000000000000e+03,1.138860716309864074e-05
2.292000000000000000e+03,1.137754316005157307e-05
2.293000000000000000e+03,1.136795253842137754e-05
2.294000000000000000e+03,1.135556249209912494e-05
2.295000000000000000e+03,1.134390640800120309e-05
2.296000000000000000e+03,1.132125453295884654e-05
2.297000000000000000e+03,1.131125463871285319e-05
2.298000000000000000e+03,1.128566327679436654e-05
2.299000000000000000e+03,1.127288214775035158e-05
2.300000000000000000e+03,1.126317420130362734e-05
2.301000000000000000e+03,1.125039307225961238e-05
2.302000000000000000e+03,1.124021491705207154e-05
2.303000000000000000e+03,1.121969853556947783e-05
2.304000000000000000e+03,1.120927208830835298e-05
2.305000000000000000e+03,1.119574153563007712e-05
2.306000000000000000e+03,1.117929241445381194e-05
2.307000000000000000e+03,1.121207696996862069e-05
2.308000000000000000e+03,1.116975636250572279e-05
2.309000000000000000e+03,1.115125269279815257e-05
2.310000000000000000e+03,1.113859434553887695e-05
2.311000000000000000e+03,1.113592406909447163e-05
2.312000000000000000e+03,1.112011705117765814e-05
2.313000000000000000e+03,1.111347046389710158e-05
2.314000000000000000e+03,1.110416633309796453e-05
2.315000000000000000e+03,1.109340792027069256e-05
2.316000000000000000e+03,1.112316294893389568e-05
2.317000000000000000e+03,1.108539890992688015e-05
2.318000000000000000e+03,1.106583295040763915e-05
2.319000000000000000e+03,1.105302908399607986e-05
2.320000000000000000e+03,1.103608792618615553e-05
2.321000000000000000e+03,1.102235000871587545e-05
2.322000000000000000e+03,1.100215922633651644e-05
2.323000000000000000e+03,1.098147640732349828e-05
2.324000000000000000e+03,1.096644427889259532e-05
2.325000000000000000e+03,1.093579339794814587e-05
2.326000000000000000e+03,1.093082755687646568e-05
2.327000000000000000e+03,1.090172827389324084e-05
2.328000000000000000e+03,1.089554552891058847e-05
2.329000000000000000e+03,1.088911631086375564e-05
2.330000000000000000e+03,1.087755390472011641e-05
2.331000000000000000e+03,1.086857264454010874e-05
2.332000000000000000e+03,1.086660086002666503e-05
2.333000000000000000e+03,1.085007806977955624e-05
2.334000000000000000e+03,1.084540144802303985e-05
2.335000000000000000e+03,1.083520692191086709e-05
2.336000000000000000e+03,1.082395920093404129e-05
2.337000000000000000e+03,1.082967992260819301e-05
2.338000000000000000e+03,1.081693881133105606e-05
2.339000000000000000e+03,1.080438960343599319e-05
2.340000000000000000e+03,1.079730282071977854e-05
2.341000000000000000e+03,1.078541572496760637e-05
2.342000000000000000e+03,1.077876913768704981e-05
2.343000000000000000e+03,1.076275111699942499e-05
2.344000000000000000e+03,1.075279760698322207e-05
2.345000000000000000e+03,1.074640749720856547e-05
2.346000000000000000e+03,1.073805015039397404e-05
2.347000000000000000e+03,1.072442591976141557e-05
2.348000000000000000e+03,1.071746737579815090e-05
2.349000000000000000e+03,1.070538019121158868e-05
2.350000000000000000e+03,1.069866084435489029e-05
2.351000000000000000e+03,1.069052177626872435e-05
2.352000000000000000e+03,1.067428820533677936e-05
2.353000000000000000e+03,1.067461107595590875e-05
2.354000000000000000e+03,1.066313416231423616e-05
2.355000000000000000e+03,1.064503885572776198e-05
2.356000000000000000e+03,1.064532352756941691e-05
2.357000000000000000e+03,1.063874333340208977e-05
2.358000000000000000e+03,1.063124727807007730e-05
2.359000000000000000e+03,1.062399405782343820e-05
2.360000000000000000e+03,1.061569582816446200e-05
2.361000000000000000e+03,1.060191425494849682e-05
2.362000000000000000e+03,1.059100486600073054e-05
2.363000000000000000e+03,1.057869758369633928e-05
2.364000000000000000e+03,1.056464952853275463e-05
2.365000000000000000e+03,1.055394204740878195e-05
2.366000000000000000e+03,1.054443600878585130e-05
2.367000000000000000e+03,1.052513835020363331e-05
2.368000000000000000e+03,1.051788331096759066e-05
2.369000000000000000e+03,1.051084655045997351e-05
2.370000000000000000e+03,1.049625006999121979e-05
2.371000000000000000e+03,1.047772730089491233e-05
2.372000000000000000e+03,1.047418936650501564e-05
2.373000000000000000e+03,1.046493525791447610e-05
2.374000000000000000e+03,1.046151010086759925e-05
2.375000000000000000e+03,1.045690987666603178e-05
2.376000000000000000e+03,1.044917735271155834e-05
2.377000000000000000e+03,1.044316195475403219e-05
2.378000000000000000e+03,1.042821804730920121e-05
2.379000000000000000e+03,1.042038365994812921e-05
2.380000000000000000e+03,1.041376435750862584e-05
2.381000000000000000e+03,1.040539973473642021e-05
2.382000000000000000e+03,1.039741982822306454e-05
2.383000000000000000e+03,1.038462505675852299e-05
2.384000000000000000e+03,1.038041136780520901e-05
2.385000000000000000e+03,1.037392030411865562e-05
2.386000000000000000e+03,1.036568482959410176e-05
2.387000000000000000e+03,1.035685727401869372e-05
2.388000000000000000e+03,1.035311288433149457e-05
2.389000000000000000e+03,1.033991520671406761e-05
2.390000000000000000e+03,1.033553326124092564e-05
2.391000000000000000e+03,1.032324325933586806e-05
2.392000000000000000e+03,1.032130694511579350e-05
2.393000000000000000e+03,1.030809835356194526e-05
2.394000000000000000e+03,1.030270868795923889e-05
2.395000000000000000e+03,1.029335089697269723e-05
2.396000000000000000e+03,1.027941289066802710e-05
2.397000000000000000e+03,1.030061866913456470e-05
2.398000000000000000e+03,1.027438611345132813e-05
2.399000000000000000e+03,1.026584868668578565e-05
2.400000000000000000e+03,1.026042991725262254e-05
2.401000000000000000e+03,1.024915491143474355e-05
2.402000000000000000e+03,1.024048924591625109e-05
2.403000000000000000e+03,1.023488312057452276e-05
2.404000000000000000e+03,1.022332617139909416e-05
2.405000000000000000e+03,1.021834123093867674e-05
2.406000000000000000e+03,1.021024218061938882e-05
2.407000000000000000e+03,1.020014860841911286e-05
2.408000000000000000e+03,1.019187857309589162e-05
2.409000000000000000e+03,1.018244893202790990e-05
2.410000000000000000e+03,1.017822160065406933e-05
2.411000000000000000e+03,1.017538943415274844e-05
2.412000000000000000e+03,1.016824080579681322e-05
2.413000000000000000e+03,1.016453461488708854e-05
2.414000000000000000e+03,1.015542784443823621e-05
2.415000000000000000e+03,1.014735880744410679e-05
2.416000000000000000e+03,1.013644123304402456e-05
2.417000000000000000e+03,1.012740449368720874e-05
2.418000000000000000e+03,1.011722088151145726e-05
2.419000000000000000e+03,1.010273535939631984e-05
2.420000000000000000e+03,1.008925028145313263e-05
2.421000000000000000e+03,1.007785340334521607e-05
2.422000000000000000e+03,1.007247465167893097e-05
2.423000000000000000e+03,1.006833008432295173e-05
2.424000000000000000e+03,1.006381262413924560e-05
2.425000000000000000e+03,1.005872036330401897e-05
2.426000000000000000e+03,1.005235208140220493e-05
2.427000000000000000e+03,1.004727619147161022e-05
2.428000000000000000e+03,1.004293244477594271e-05
2.429000000000000000e+03,1.003528086584992707e-05
2.430000000000000000e+03,1.002735189103987068e-05
2.431000000000000000e+03,1.001908458420075476e-05
2.432000000000000000e+03,1.001327473204582930e-05
2.433000000000000000e+03,1.000507745629874989e-05
2.434000000000000000e+03,9.998512723541352898e-06
2.435000000000000000e+03,9.985346878238487989e-06
2.436000000000000000e+03,9.974813110602553934e-06
2.437000000000000000e+03,9.967951882572378963e-06
2.438000000000000000e+03,9.959565431927330792e-06
2.439000000000000000e+03,9.952828804671298712e-06
2.440000000000000000e+03,9.936768947227392346e-06
2.441000000000000000e+03,9.937942195392679423e-06
2.442000000000000000e+03,9.928661711455788463e-06
2.443000000000000000e+03,9.921316632244270295e-06
2.444000000000000000e+03,9.912640962284058332e-06
2.445000000000000000e+03,9.911349479807540774e-06
2.446000000000000000e+03,9.905928891384974122e-06
2.447000000000000000e+03,9.901976227411068976e-06
2.448000000000000000e+03,9.896536539599765092e-06
2.449000000000000000e+03,9.890173714666161686e-06
2.450000000000000000e+03,9.879999197437427938e-06
2.451000000000000000e+03,9.900900295178871602e-06
2.452000000000000000e+03,9.876500371319707483e-06
2.453000000000000000e+03,9.872421287582255900e-06
2.454000000000000000e+03,9.868160304904449731e-06
2.455000000000000000e+03,9.861681974143721163e-06
2.456000000000000000e+03,9.852232324192300439e-06
2.457000000000000000e+03,9.888783097267150879e-06
2.458000000000000000e+03,9.849544767348561436e-06
2.459000000000000000e+03,9.841772225627209991e-06
2.460000000000000000e+03,9.837270226853433996e-06
2.461000000000000000e+03,9.832857358560431749e-06
2.462000000000000000e+03,9.827683243202045560e-06
2.463000000000000000e+03,9.816269084694795310e-06
2.464000000000000000e+03,9.835834134719334543e-06
2.465000000000000000e+03,9.811201380216516554e-06
2.466000000000000000e+03,9.802859494811855257e-06
2.467000000000000000e+03,9.796932317840401083e-06
2.468000000000000000e+03,9.789707291929516941e-06
2.469000000000000000e+03,9.779733773029875010e-06
2.470000000000000000e+03,9.769069038156885654e-06
2.471000000000000000e+03,9.760862667462788522e-06
2.472000000000000000e+03,9.752437108545564115e-06
2.473000000000000000e+03,9.747488547873217613e-06
2.474000000000000000e+03,9.731765203468967229e-06
2.475000000000000000e+03,9.733406841405667365e-06
2.476000000000000000e+03,9.723663424665573984e-06
2.477000000000000000e+03,9.714664884086232632e-06
2.478000000000000000e+03,9.705248885438777506e-06
2.479000000000000000e+03,9.696644156065303832e-06
2.480000000000000000e+03,9.684415090305265039e-06
2.481000000000000000e+03,9.675182809587568045e-06
2.482000000000000000e+03,9.667509402788709849e-06
2.483000000000000000e+03,9.663498531153891236e-06
2.484000000000000000e+03,9.657763257564511150e-06
2.485000000000000000e+03,9.649773346609435976e-06
2.486000000000000000e+03,9.637959010433405638e-06
2.487000000000000000e+03,9.630549357098061591e-06
2.488000000000000000e+03,9.623448931961320341e-06
2.489000000000000000e+03,9.617130672268103808e-06
2.490000000000000000e+03,9.610838787921238691e-06
2.491000000000000000e+03,9.604756996850483119e-06
2.492000000000000000e+03,9.598899850971065462e-06
2.493000000000000000e+03,9.596374184184242040e-06
2.494000000000000000e+03,9.592824426363222301e-06
2.495000000000000000e+03,9.590497938916087151e-06
2.496000000000000000e+03,9.587391105014830828e-06
2.497000000000000000e+03,9.581366612110286951e-06
2.498000000000000000e+03,9.572674571245443076e-06
2.499000000000000000e+03,9.564297215547412634e-06
2.500000000000000000e+03,9.556509212416131049e-06
2.501000000000000000e+03,9.549585229251533747e-06
2.502000000000000000e+03,9.551249604555778205e-06
2.503000000000000000e+03,9.546050932840444148e-06
2.504000000000000000e+03,9.539857273921370506e-06
2.505000000000000000e+03,9.529226190352346748e-06
2.506000000000000000e+03,9.523520930088125169e-06
2.507000000000000000e+03,9.514715202385559678e-06
2.508000000000000000e+03,9.502855391474440694e-06
2.509000000000000000e+03,9.497958672000095248e-06
2.510000000000000000e+03,9.483982466917950660e-06
2.511000000000000000e+03,9.479414984525647014e-06
2.512000000000000000e+03,9.471191333432216197e-06
2.513000000000000000e+03,9.473266800341662019e-06
2.514000000000000000e+03,9.466863048146478832e-06
2.515000000000000000e+03,9.461396984988823533e-06
2.516000000000000000e+03,9.455159670324064791e-06
2.517000000000000000e+03,9.447787306271493435e-06
2.518000000000000000e+03,9.434174899070058018e-06
2.519000000000000000e+03,9.425885764358099550e-06
2.520000000000000000e+03,9.414548003405798227e-06
2.521000000000000000e+03,9.407388461113441736e-06
2.522000000000000000e+03,9.401963325217366219e-06
2.523000000000000000e+03,9.396536370331887156e-06
2.524000000000000000e+03,9.386219062434975058e-06
2.525000000000000000e+03,9.379319635627325624e-06
2.526000000000000000e+03,9.372802196594420820e-06
2.527000000000000000e+03,9.366668564325664192e-06
2.528000000000000000e+03,9.356390364700928330e-06
2.529000000000000000e+03,9.349409083370119333e-06
2.530000000000000000e+03,9.336041330243460834e-06
2.531000000000000000e+03,9.333625712315551937e-06
2.532000000000000000e+03,9.315276656707283109e-06
2.533000000000000000e+03,9.309332199336495250e-06
2.534000000000000000e+03,9.302520993514917791e-06
2.535000000000000000e+03,9.294519259128719568e-06
2.536000000000000000e+03,9.284920452046208084e-06
2.537000000000000000e+03,9.276621312892530113e-06
2.538000000000000000e+03,9.272324859921354800e-06
2.539000000000000000e+03,9.268769645132124424e-06
2.540000000000000000e+03,9.264716027246322483e-06
2.541000000000000000e+03,9.258728823624551296e-06
2.542000000000000000e+03,9.250865332433022559e-06
2.543000000000000000e+03,9.236544428858906031e-06
2.544000000000000000e+03,9.271423550671897829e-06
2.545000000000000000e+03,9.230442628904711455e-06
2.546000000000000000e+03,9.222892003890592605e-06
2.547000000000000000e+03,9.218240847985725850e-06
2.548000000000000000e+03,9.213413250108715147e-06
2.549000000000000000e+03,9.208670235238969326e-06
2.550000000000000000e+03,9.201233297062572092e-06
2.551000000000000000e+03,9.196559403790161014e-06
2.552000000000000000e+03,9.191231583827175200e-06
2.553000000000000000e+03,9.186117495119106025e-06
2.554000000000000000e+03,9.173762919090222567e-06
2.555000000000000000e+03,9.167486496153287590e-06
2.556000000000000000e+03,9.157515705737750977e-06
2.557000000000000000e+03,9.153470273304264992e-06
2.558000000000000000e+03,9.150344340014271438e-06
2.559000000000000000e+03,9.146891898126341403e-06
2.560000000000000000e+03,9.137613233178853989e-06
2.561000000000000000e+03,9.132108061749022454e-06
2.562000000000000000e+03,9.126643817580770701e-06
2.563000000000000000e+03,9.121130460698623210e-06
2.564000000000000000e+03,9.118170055444352329e-06
2.565000000000000000e+03,9.112217412621248513e-06
2.566000000000000000e+03,9.107657206186559051e-06
2.567000000000000000e+03,9.101906471187248826e-06
2.568000000000000000e+03,9.092563232115935534e-06
2.569000000000000000e+03,9.085497367777861655e-06
2.570000000000000000e+03,9.078385119209997356e-06
2.571000000000000000e+03,9.072931788978166878e-06
2.572000000000000000e+03,9.066866368812043220e-06
2.573000000000000000e+03,9.055624104803428054e-06
2.574000000000000000e+03,9.053129360836464912e-06
2.575000000000000000e+03,9.041763405548408628e-06
2.576000000000000000e+03,9.037581548909656703e-06
2.577000000000000000e+03,9.031633453560061753e-06
2.578000000000000000e+03,9.021142432175111026e-06
2.579000000000000000e+03,9.046654668054543436e-06
2.580000000000000000e+03,9.016786862048320472e-06
2.581000000000000000e+03,9.004821549751795828e-06
2.582000000000000000e+03,8.998828889161814004e-06
2.583000000000000000e+03,8.992456969281192869e-06
2.584000000000000000e+03,8.985732165456283838e-06
2.585000000000000000e+03,8.977531251730397344e-06
2.586000000000000000e+03,8.968127076514065266e-06
2.587000000000000000e+03,8.963939762907102704e-06
2.588000000000000000e+03,8.957077625382225960e-06
2.589000000000000000e+03,8.951717973104678094e-06
2.590000000000000000e+03,8.945299668994266540e-06
2.591000000000000000e+03,8.936681297200266272e-06
2.592000000000000000e+03,8.933717253967188299e-06
2.593000000000000000e+03,8.922805136535316706e-06
2.594000000000000000e+03,8.918405001168139279e-06
2.595000000000000000e+03,8.912390512705314904e-06
2.596000000000000000e+03,8.905498361855279654e-06
2.597000000000000000e+03,8.897357474779710174e-06
2.598000000000000000e+03,8.890512617654167116e-06
2.599000000000000000e+03,8.887724106898531318e-06
2.600000000000000000e+03,8.884764611138962209e-06
2.601000000000000000e+03,8.879359484126325697e-06
2.602000000000000000e+03,8.875238563632592559e-06
2.603000000000000000e+03,8.869536031852476299e-06
2.604000000000000000e+03,8.861951755534391850e-06
2.605000000000000000e+03,8.857113243720959872e-06
2.606000000000000000e+03,8.848950528772547841e-06
2.607000000000000000e+03,8.844634976412635297e-06
2.608000000000000000e+03,8.833378160488791764e-06
2.609000000000000000e+03,8.837431778374593705e-06
2.610000000000000000e+03,8.829651960695628077e-06
2.611000000000000000e+03,8.824131327855866402e-06
2.612000000000000000e+03,8.820794391795061529e-06
2.613000000000000000e+03,8.816597983241081238e-06
2.614000000000000000e+03,8.809652172203641385e-06
2.615000000000000000e+03,8.800130672170780599e-06
2.616000000000000000e+03,8.793459528533276170e-06
2.617000000000000000e+03,8.789871571934781969e-06
2.618000000000000000e+03,8.784930287220049649e-06
2.619000000000000000e+03,8.783557859715074301e-06
2.620000000000000000e+03,8.775811693340074271e-06
2.621000000000000000e+03,8.771800821705255657e-06
2.622000000000000000e+03,8.766734936216380447e-06
2.623000000000000000e+03,8.758061994740273803e-06
2.624000000000000000e+03,8.758051990298554301e-06
2.625000000000000000e+03,8.752352187002543360e-06
2.626000000000000000e+03,8.745501872908789665e-06
2.627000000000000000e+03,8.740791599848307669e-06
2.628000000000000000e+03,8.730720765015576035e-06
2.629000000000000000e+03,8.719406650925520808e-06
2.630000000000000000e+03,8.764204721956048161e-06
2.631000000000000000e+03,8.716137926967348903e-06
2.632000000000000000e+03,8.709497706149704754e-06
2.633000000000000000e+03,8.704888387001119554e-06
2.634000000000000000e+03,8.697261364432051778e-06
2.635000000000000000e+03,8.691549737704917789e-06
2.636000000000000000e+03,8.683651685714721680e-06
2.637000000000000000e+03,8.679097845742944628e-06
2.638000000000000000e+03,8.674385753693059087e-06
2.639000000000000000e+03,8.670841452840249985e-06
2.640000000000000000e+03,8.661169886181596667e-06
2.641000000000000000e+03,8.657002581458073109e-06
2.642000000000000000e+03,8.648328730487264693e-06
2.643000000000000000e+03,8.643513865536078811e-06
2.644000000000000000e+03,8.639025509182829410e-06
2.645000000000000000e+03,8.635703125037252903e-06
2.646000000000000000e+03,8.630338015791494399e-06
2.647000000000000000e+03,8.626827366242650896e-06
2.648000000000000000e+03,8.623565918242093176e-06
2.649000000000000000e+03,8.618471838417463005e-06
2.650000000000000000e+03,8.613954378233756870e-06
2.651000000000000000e+03,8.607028576079756021e-06
2.652000000000000000e+03,8.603860806033480912e-06
2.653000000000000000e+03,8.598844942753203213e-06
2.654000000000000000e+03,8.595625331508927047e-06
2.655000000000000000e+03,8.591355253884103149e-06
2.656000000000000000e+03,8.583874659962020814e-06
2.657000000000000000e+03,8.580368557886686176e-06
2.658000000000000000e+03,8.572889782954007387e-06
2.659000000000000000e+03,8.579743735026568174e-06
2.660000000000000000e+03,8.568826160626485944e-06
2.661000000000000000e+03,8.563998562749475241e-06
2.662000000000000000e+03,8.559659363527316600e-06
2.663000000000000000e+03,8.555163731216453016e-06
2.664000000000000000e+03,8.548347068426664919e-06
2.665000000000000000e+03,8.543577678210567683e-06
2.666000000000000000e+03,8.540059752704109997e-06
2.667000000000000000e+03,8.536422683391720057e-06
2.668000000000000000e+03,8.531815183232538402e-06
2.669000000000000000e+03,8.523018550476990640e-06
2.670000000000000000e+03,8.527520549250766635e-06
2.671000000000000000e+03,8.518733920936938375e-06
2.672000000000000000e+03,8.513933607900980860e-06
2.673000000000000000e+03,8.507702659699134529e-06
2.674000000000000000e+03,8.501623597112484276e-06
2.675000000000000000e+03,8.499067007505800575e-06
2.676000000000000000e+03,8.489491847285535187e-06
2.677000000000000000e+03,8.486071237712167203e-06
2.678000000000000000e+03,8.483000783598981798e-06
2.679000000000000000e+03,8.478189556626603007e-06
2.680000000000000000e+03,8.466865438094828278e-06
2.681000000000000000e+03,8.492039341945201159e-06
2.682000000000000000e+03,8.463611266051884741e-06
2.683000000000000000e+03,8.456819159619044513e-06
2.684000000000000000e+03,8.452600013697519898e-06
2.685000000000000000e+03,8.447672371403314173e-06
2.686000000000000000e+03,8.440454621450044215e-06
2.687000000000000000e+03,8.433303264610003680e-06
2.688000000000000000e+03,8.427055036008823663e-06
2.689000000000000000e+03,8.422340215474832803e-06
2.690000000000000000e+03,8.417217941314447671e-06
2.691000000000000000e+03,8.412273928115610033e-06
2.692000000000000000e+03,8.406381311942823231e-06
2.693000000000000000e+03,8.397948477067984641e-06
2.694000000000000000e+03,8.390395123569760472e-06
2.695000000000000000e+03,8.379208338737953454e-06
2.696000000000000000e+03,8.369950592168606818e-06
2.697000000000000000e+03,8.362437256437260658e-06
2.698000000000000000e+03,8.355905265489127487e-06
2.699000000000000000e+03,8.349902600457426161e-06
2.700000000000000000e+03,8.344430170836858451e-06
2.701000000000000000e+03,8.341684406332205981e-06
2.702000000000000000e+03,8.324855116370599717e-06
2.703000000000000000e+03,8.318843356391880661e-06
2.704000000000000000e+03,8.311586498166434467e-06
2.705000000000000000e+03,8.303098184114787728e-06
2.706000000000000000e+03,8.334447556990198791e-06
2.707000000000000000e+03,8.299136425193864852e-06
2.708000000000000000e+03,8.291149242722894996e-06
2.709000000000000000e+03,8.287734999612439424e-06
2.710000000000000000e+03,8.281408554466906935e-06
2.711000000000000000e+03,8.278050700027961284e-06
2.712000000000000000e+03,8.272670129372272640e-06
2.713000000000000000e+03,8.266582881333306432e-06
2.714000000000000000e+03,8.263107702077832073e-06
2.715000000000000000e+03,8.257794434030074626e-06
2.716000000000000000e+03,8.252460247604176402e-06
2.717000000000000000e+03,8.247976438724435866e-06
2.718000000000000000e+03,8.243492629844695330e-06
2.719000000000000000e+03,8.241434443334583193e-06
2.720000000000000000e+03,8.237396286858711392e-06
2.721000000000000000e+03,8.232946129282936454e-06
2.722000000000000000e+03,8.228970727941486984e-06
2.723000000000000000e+03,8.221112693718168885e-06
2.724000000000000000e+03,8.216351488954387605e-06
2.725000000000000000e+03,8.208538929466158152e-06
2.726000000000000000e+03,8.199733201763592660e-06
2.727000000000000000e+03,8.194893780455458909e-06
2.728000000000000000e+03,8.188068022718653083e-06
2.729000000000000000e+03,8.181275006791111082e-06
2.730000000000000000e+03,8.177117706509307027e-06
2.731000000000000000e+03,8.167596206476446241e-06
2.732000000000000000e+03,8.164685823430772871e-06
2.733000000000000000e+03,8.158576747518964112e-06
2.734000000000000000e+03,8.147433618432842195e-06
2.735000000000000000e+03,8.159263416018802673e-06
2.736000000000000000e+03,8.142540536937303841e-06
2.737000000000000000e+03,8.132406037475448102e-06
2.738000000000000000e+03,8.123981388052925467e-06
2.739000000000000000e+03,8.111167517199646682e-06
2.740000000000000000e+03,8.097999852907378227e-06
2.741000000000000000e+03,8.151119800459127873e-06
2.742000000000000000e+03,8.095803423202596605e-06
2.743000000000000000e+03,8.089527909760363400e-06
2.744000000000000000e+03,8.085460649454034865e-06
2.745000000000000000e+03,8.077012353169266135e-06
2.746000000000000000e+03,8.080087354755960405e-06
2.747000000000000000e+03,8.074158358795102686e-06
2.748000000000000000e+03,8.068877832556609064e-06
2.749000000000000000e+03,8.062057531788013875e-06
2.750000000000000000e+03,8.057677405304275453e-06
2.751000000000000000e+03,8.051581971812993288e-06
2.752000000000000000e+03,8.047828487178776413e-06
2.753000000000000000e+03,8.036824510782025754e-06
2.754000000000000000e+03,8.031086508708540350e-06
2.755000000000000000e+03,8.025036549952346832e-06
2.756000000000000000e+03,8.021541361813433468e-06
2.757000000000000000e+03,8.016729225346352905e-06
2.758000000000000000e+03,8.011474164959508926e-06
2.759000000000000000e+03,8.007726137293502688e-06
2.760000000000000000e+03,7.999669833225198090e-06
2.761000000000000000e+03,8.009367775230202824e-06
2.762000000000000000e+03,7.995183295861352235e-06
2.763000000000000000e+03,7.985715456015896052e-06
2.764000000000000000e+03,7.979552719916682690e-06
2.765000000000000000e+03,7.973389074322767556e-06
2.766000000000000000e+03,7.968204045027960092e-06
2.767000000000000000e+03,7.962124072946608067e-06
2.768000000000000000e+03,7.973151696205604821e-06
2.769000000000000000e+03,7.957674824865534902e-06
2.770000000000000000e+03,7.952615305839572102e-06
2.771000000000000000e+03,7.943698619783390313e-06
2.772000000000000000e+03,7.936188922030851245e-06
2.773000000000000000e+03,7.931357686175033450e-06
2.774000000000000000e+03,7.924167221062816679e-06
2.775000000000000000e+03,7.920661118987482041e-06
2.776000000000000000e+03,7.911805369076319039e-06
2.777000000000000000e+03,7.908901352493558079e-06
2.778000000000000000e+03,7.900984201114624739e-06
2.779000000000000000e+03,7.896805982454679906e-06
2.780000000000000000e+03,7.892017492849845439e-06
2.781000000000000000e+03,7.885136255936231464e-06
2.782000000000000000e+03,7.876056770328432322e-06
2.783000000000000000e+03,7.880384146119467914e-06
2.784000000000000000e+03,7.871262823755387217e-06
2.785000000000000000e+03,7.867196472943760455e-06
2.786000000000000000e+03,7.862952770665287971e-06
2.787000000000000000e+03,7.859589459258131683e-06
2.788000000000000000e+03,7.852722774259746075e-06
2.789000000000000000e+03,7.847445886000059545e-06
2.790000000000000000e+03,7.843898856663145125e-06
2.791000000000000000e+03,7.840601028874516487e-06
2.792000000000000000e+03,7.836128133931197226e-06
2.793000000000000000e+03,7.826177352399099618e-06
2.794000000000000000e+03,7.863053724577184767e-06
2.795000000000000000e+03,7.823357009328901768e-06
2.796000000000000000e+03,7.817085133865475655e-06
2.797000000000000000e+03,7.812317562638781965e-06
2.798000000000000000e+03,7.806777830410283059e-06
2.799000000000000000e+03,7.801287210895679891e-06
2.800000000000000000e+03,7.795877536409534514e-06
2.801000000000000000e+03,7.792509677528869361e-06
2.802000000000000000e+03,7.789103619870729744e-06
2.803000000000000000e+03,7.786316018609795719e-06
2.804000000000000000e+03,7.783022738294675946e-06
2.805000000000000000e+03,7.774394362058956176e-06
2.806000000000000000e+03,7.770428965159226209e-06
2.807000000000000000e+03,7.763169378449674696e-06
2.808000000000000000e+03,7.756157174299005419e-06
2.809000000000000000e+03,7.743535206827800721e-06
2.810000000000000000e+03,7.755988917779177427e-06
2.811000000000000000e+03,7.738454769423697144e-06
2.812000000000000000e+03,7.729666322120465338e-06
2.813000000000000000e+03,7.722718692093621939e-06
2.814000000000000000e+03,7.714572348049841821e-06
2.815000000000000000e+03,7.707731128903105855e-06
2.816000000000000000e+03,7.701155482209287584e-06
2.817000000000000000e+03,7.690440725127700716e-06
2.818000000000000000e+03,7.684447155043017119e-06
2.819000000000000000e+03,7.680283488298300654e-06
2.820000000000000000e+03,7.672261745028663427e-06
2.821000000000000000e+03,7.669184014957863837e-06
2.822000000000000000e+03,7.665402335987892002e-06
2.823000000000000000e+03,7.655886292923241854e-06
2.824000000000000000e+03,7.640884177817497402e-06
2.825000000000000000e+03,7.650297447980847210e-06
2.826000000000000000e+03,7.634106623299885541e-06
2.827000000000000000e+03,7.625888429174665362e-06
2.828000000000000000e+03,7.618922154506435618e-06
2.829000000000000000e+03,7.612036370119312778e-06
2.830000000000000000e+03,7.620130418217740953e-06
2.831000000000000000e+03,7.607565294165397063e-06
2.832000000000000000e+03,7.597973763040499762e-06
2.833000000000000000e+03,7.592891961394343525e-06
2.834000000000000000e+03,7.587565505673410371e-06
2.835000000000000000e+03,7.579767043353058398e-06
2.836000000000000000e+03,7.586354058730648831e-06
2.837000000000000000e+03,7.575377821922302246e-06
2.838000000000000000e+03,7.566075964859919623e-06
2.839000000000000000e+03,7.560307494713924825e-06
2.840000000000000000e+03,7.552482202299870551e-06
2.841000000000000000e+03,7.549910151283256710e-06
2.842000000000000000e+03,7.543534593423828483e-06
2.843000000000000000e+03,7.540769274783087894e-06
2.844000000000000000e+03,7.536878456448903307e-06
2.845000000000000000e+03,7.537878900620853528e-06
2.846000000000000000e+03,7.534815267717931420e-06
2.847000000000000000e+03,7.530899438279448077e-06
2.848000000000000000e+03,7.525000000896397978e-06
2.849000000000000000e+03,7.519765404140343890e-06
2.850000000000000000e+03,7.515072866226546466e-06
2.851000000000000000e+03,7.507951522711664438e-06
2.852000000000000000e+03,7.499793355236761272e-06
2.853000000000000000e+03,7.494703822885639966e-06
2.854000000000000000e+03,7.491971700801514089e-06
2.855000000000000000e+03,7.488099527108715847e-06
2.856000000000000000e+03,7.485355581593466923e-06
2.857000000000000000e+03,7.479337000404484570e-06
2.858000000000000000e+03,7.477402505173813552e-06
2.859000000000000000e+03,7.471894605259876698e-06
2.860000000000000000e+03,7.469018328265519813e-06
2.861000000000000000e+03,7.464854206773452461e-06
2.862000000000000000e+03,7.459223070327425376e-06
2.863000000000000000e+03,7.488741175620816648e-06
2.864000000000000000e+03,7.456833827745867893e-06
2.865000000000000000e+03,7.451970304828137159e-06
2.866000000000000000e+03,7.447421012329868972e-06
2.867000000000000000e+03,7.442125479428796098e-06
2.868000000000000000e+03,7.436610758304595947e-06
2.869000000000000000e+03,7.432799066009465605e-06
2.870000000000000000e+03,7.424860996252391487e-06
2.871000000000000000e+03,7.421460850309813395e-06
2.872000000000000000e+03,7.417142569465795532e-06
2.873000000000000000e+03,7.412630111502949148e-06
2.874000000000000000e+03,7.407431894534965977e-06
2.875000000000000000e+03,7.397920853691175580e-06
2.876000000000000000e+03,7.391917733912123367e-06
2.877000000000000000e+03,7.381322120636468753e-06
2.878000000000000000e+03,7.382178409898187965e-06
2.879000000000000000e+03,7.376440407824702561e-06
2.880000000000000000e+03,7.372853360720910132e-06
2.881000000000000000e+03,7.369088507402921095e-06
2.882000000000000000e+03,7.365630608546780422e-06
2.883000000000000000e+03,7.361878488154616207e-06
2.884000000000000000e+03,7.358189122896874323e-06
2.885000000000000000e+03,7.353392447839723900e-06
2.886000000000000000e+03,7.351895419560605660e-06
2.887000000000000000e+03,7.348725375777576119e-06
2.888000000000000000e+03,7.347302016569301486e-06
2.889000000000000000e+03,7.345678113779285923e-06
2.890000000000000000e+03,7.344272944465046749e-06
2.891000000000000000e+03,7.342648586927680299e-06
2.892000000000000000e+03,7.339476269407896325e-06
2.893000000000000000e+03,7.354867648245999590e-06
2.894000000000000000e+03,7.338221166719449684e-06
2.895000000000000000e+03,7.334777819778537378e-06
2.896000000000000000e+03,7.331892902584513649e-06
2.897000000000000000e+03,7.327464118134230375e-06
2.898000000000000000e+03,7.323330464714672416e-06
2.899000000000000000e+03,7.323294084926601499e-06
2.900000000000000000e+03,7.319942142203217372e-06
2.901000000000000000e+03,7.314598406082950532e-06
2.902000000000000000e+03,7.312231446121586487e-06
2.903000000000000000e+03,7.309892680495977402e-06
2.904000000000000000e+03,7.306509360205382109e-06
2.905000000000000000e+03,7.301250207092380151e-06
2.906000000000000000e+03,7.294888746400829405e-06
2.907000000000000000e+03,7.290369467227719724e-06
2.908000000000000000e+03,7.287055268534459174e-06
2.909000000000000000e+03,7.283080321940360591e-06
2.910000000000000000e+03,7.280591034941608086e-06
2.911000000000000000e+03,7.277178610820556059e-06
2.912000000000000000e+03,7.275316875166026875e-06
2.913000000000000000e+03,7.273677056218730286e-06
2.914000000000000000e+03,7.270236437761923298e-06
2.915000000000000000e+03,7.265701697178883478e-06
2.916000000000000000e+03,7.262533017637906596e-06
2.917000000000000000e+03,7.258094228745903820e-06
2.918000000000000000e+03,7.255134732986334711e-06
2.919000000000000000e+03,7.251863280544057488e-06
2.920000000000000000e+03,7.248035217344295233e-06
2.921000000000000000e+03,7.244948847073828802e-06
2.922000000000000000e+03,7.242088031489402056e-06
2.923000000000000000e+03,7.236673809529747814e-06
2.924000000000000000e+03,7.231333711388288066e-06
2.925000000000000000e+03,7.226973593787988648e-06
2.926000000000000000e+03,7.223911779874470085e-06
2.927000000000000000e+03,7.220316092571010813e-06
2.928000000000000000e+03,7.214736797322984785e-06
2.929000000000000000e+03,7.210504918475635350e-06
2.930000000000000000e+03,7.200732852652436122e-06
2.931000000000000000e+03,7.196605110948439687e-06
2.932000000000000000e+03,7.191370968939736485e-06
2.933000000000000000e+03,7.188513791334116831e-06
2.934000000000000000e+03,7.184190963016590104e-06
2.935000000000000000e+03,7.184999958553817123e-06
2.936000000000000000e+03,7.181679393397644162e-06
2.937000000000000000e+03,7.178597115853335708e-06
2.938000000000000000e+03,7.175201062636915594e-06
2.939000000000000000e+03,7.172414825618034229e-06
2.940000000000000000e+03,7.169516266003483906e-06
2.941000000000000000e+03,7.168232059484580532e-06
2.942000000000000000e+03,7.165342594817047939e-06
2.943000000000000000e+03,7.164135695347795263e-06
2.944000000000000000e+03,7.161890152929117903e-06
2.945000000000000000e+03,7.160076620493782684e-06
2.946000000000000000e+03,7.156479568948270753e-06
2.947000000000000000e+03,7.152753369155107066e-06
2.948000000000000000e+03,7.150963028834667057e-06
2.949000000000000000e+03,7.146892130549531430e-06
2.950000000000000000e+03,7.145320523704867810e-06
2.951000000000000000e+03,7.140250545489834622e-06
2.952000000000000000e+03,7.138065939216176048e-06
2.953000000000000000e+03,7.134814040909986943e-06
2.954000000000000000e+03,7.131666734494501725e-06
2.955000000000000000e+03,7.130243830033577979e-06
2.956000000000000000e+03,7.127602202672278509e-06
2.957000000000000000e+03,7.125880529201822355e-06
2.958000000000000000e+03,7.123429895727895200e-06
2.959000000000000000e+03,7.118973826436558738e-06
2.960000000000000000e+03,7.119235306163318455e-06
2.961000000000000000e+03,7.116299912013346329e-06
2.962000000000000000e+03,7.111555532901547849e-06
2.963000000000000000e+03,7.108178124326514080e-06
2.964000000000000000e+03,7.104218184394994751e-06
2.965000000000000000e+03,7.102608833520207554e-06
2.966000000000000000e+03,7.099489721440477297e-06
2.967000000000000000e+03,7.095949513313826174e-06
2.968000000000000000e+03,7.093887234077556059e-06
2.969000000000000000e+03,7.091260158631484956e-06
2.970000000000000000e+03,7.085849119903286919e-06
2.971000000000000000e+03,7.095080491126282141e-06
2.972000000000000000e+03,7.083800483087543398e-06
2.973000000000000000e+03,7.079414899635594338e-06
2.974000000000000000e+03,7.076215752022108063e-06
2.975000000000000000e+03,7.073228061926783994e-06
2.976000000000000000e+03,7.075681423884816468e-06
2.977000000000000000e+03,7.071176696626935154e-06
2.978000000000000000e+03,7.068538707244442776e-06
2.979000000000000000e+03,7.064801593514857814e-06
2.980000000000000000e+03,7.063128123263595626e-06
2.981000000000000000e+03,7.058105438773054630e-06
2.982000000000000000e+03,7.049667146930005401e-06
2.983000000000000000e+03,7.064496003295062110e-06
2.984000000000000000e+03,7.046339760563569143e-06
2.985000000000000000e+03,7.039809133857488632e-06
2.986000000000000000e+03,7.036180704744765535e-06
2.987000000000000000e+03,7.031713266769656911e-06
2.988000000000000000e+03,7.026706498436396942e-06
2.989000000000000000e+03,7.020737029961310327e-06
2.990000000000000000e+03,7.017011284915497527e-06
2.991000000000000000e+03,7.014679340500151739e-06
2.992000000000000000e+03,7.009962246229406446e-06
2.993000000000000000e+03,7.007467957009794191e-06
2.994000000000000000e+03,7.004331109783379361e-06
2.995000000000000000e+03,7.001370249781757593e-06
2.996000000000000000e+03,6.999086053838254884e-06
2.997000000000000000e+03,6.999610377533826977e-06
2.998000000000000000e+03,6.996908723522210494e-06
2.999000000000000000e+03,6.993996976234484464e-06
3.000000000000000000e+03,6.991681402723770589e-06
3.001000000000000000e+03,6.988769655436044559e-06
3.002000000000000000e+03,6.985329036979237571e-06
3.003000000000000000e+03,6.985394520597765222e-06
3.004000000000000000e+03,6.983612365729641169e-06
3.005000000000000000e+03,6.981295427976874635e-06
3.006000000000000000e+03,6.979650152061367407e-06
3.007000000000000000e+03,6.978167675697477534e-06
3.008000000000000000e+03,6.974100870138499886e-06
3.009000000000000000e+03,6.977604243729729205e-06
3.010000000000000000e+03,6.972672053962014616e-06
3.011000000000000000e+03,6.969524292799178511e-06
3.012000000000000000e+03,6.966267392272129655e-06
3.013000000000000000e+03,6.961512553971260786e-06
3.014000000000000000e+03,6.959806341910734773e-06
3.015000000000000000e+03,6.955464868951821700e-06
3.016000000000000000e+03,6.952366220502881333e-06
3.017000000000000000e+03,6.949427643121453002e-06
3.018000000000000000e+03,6.944692358956672251e-06
3.019000000000000000e+03,6.944679626030847430e-06
3.020000000000000000e+03,6.941485480638220906e-06
3.021000000000000000e+03,6.936561931070173159e-06
3.022000000000000000e+03,6.933425538591109216e-06
3.023000000000000000e+03,6.927509730303427204e-06
3.024000000000000000e+03,6.921689873706782237e-06
3.025000000000000000e+03,6.919108272995799780e-06
3.026000000000000000e+03,6.913429388077929616e-06
3.027000000000000000e+03,6.911162927281111479e-06
3.028000000000000000e+03,6.908528575877426192e-06
3.029000000000000000e+03,6.900335847603855655e-06
3.030000000000000000e+03,6.890959866723278537e-06
3.031000000000000000e+03,6.933961685717804357e-06
3.032000000000000000e+03,6.887354174978099763e-06
3.033000000000000000e+03,6.883026799187064171e-06
3.034000000000000000e+03,6.880411547172116116e-06
3.035000000000000000e+03,6.879495231260079890e-06
3.036000000000000000e+03,6.876362931507173926e-06
3.037000000000000000e+03,6.873548045405186713e-06
3.038000000000000000e+03,6.869649041618686169e-06
3.039000000000000000e+03,6.866823241580277681e-06
3.040000000000000000e+03,6.859811946924310178e-06
3.041000000000000000e+03,6.855509582237573341e-06
3.042000000000000000e+03,6.851680609543109313e-06
3.043000000000000000e+03,6.847801159892696887e-06
3.044000000000000000e+03,6.843441951787099242e-06
3.045000000000000000e+03,6.835367003077408299e-06
3.046000000000000000e+03,6.840097739768680185e-06
3.047000000000000000e+03,6.831859991507371888e-06
3.048000000000000000e+03,6.825406217103591189e-06
3.049000000000000000e+03,6.821373972343280911e-06
3.050000000000000000e+03,6.816870154580101371e-06
3.051000000000000000e+03,6.811547336837975308e-06
3.052000000000000000e+03,6.803823907830519602e-06
3.053000000000000000e+03,6.795688022975809872e-06
3.054000000000000000e+03,6.788573955418542027e-06
3.055000000000000000e+03,6.784985998820047826e-06
3.056000000000000000e+03,6.781929641874739900e-06
3.057000000000000000e+03,6.778294391551753506e-06
3.058000000000000000e+03,6.775008841941598803e-06
3.059000000000000000e+03,6.772232154617086053e-06
3.060000000000000000e+03,6.775963356631109491e-06
3.061000000000000000e+03,6.770904292352497578e-06
3.062000000000000000e+03,6.768897037545684725e-06
3.063000000000000000e+03,6.765373200323665515e-06
3.064000000000000000e+03,6.761918939446331933e-06
3.065000000000000000e+03,6.757607934559928253e-06
3.066000000000000000e+03,6.758677955076564103e-06
3.067000000000000000e+03,6.754969035682734102e-06
3.068000000000000000e+03,6.752165973011869937e-06
3.069000000000000000e+03,6.748159194103209302e-06
3.070000000000000000e+03,6.743900485162157565e-06
3.071000000000000000e+03,6.737881903973175213e-06
3.072000000000000000e+03,6.750416559953009710e-06
3.073000000000000000e+03,6.736257091688457876e-06
3.074000000000000000e+03,6.733198461006395519e-06
3.075000000000000000e+03,6.730851509928470477e-06
3.076000000000000000e+03,6.727437721565365791e-06
3.077000000000000000e+03,6.723981186951277778e-06
3.078000000000000000e+03,6.721098543494008482e-06
3.079000000000000000e+03,6.718595159327378497e-06
3.080000000000000000e+03,6.715537438140017912e-06
3.081000000000000000e+03,6.712819413223769516e-06
3.082000000000000000e+03,6.706757631036452949e-06
3.083000000000000000e+03,6.740631761203985661e-06
3.084000000000000000e+03,6.705852683808188885e-06
3.085000000000000000e+03,6.701873189740581438e-06
3.086000000000000000e+03,6.698711331409867853e-06
3.087000000000000000e+03,6.694279818475479260e-06
3.088000000000000000e+03,6.690794180030934513e-06
3.089000000000000000e+03,6.687059794785454869e-06
3.090000000000000000e+03,6.683422725473064929e-06
3.091000000000000000e+03,6.680722435703501105e-06
3.092000000000000000e+03,6.678558293060632423e-06
3.093000000000000000e+03,6.676082193735055625e-06
3.094000000000000000e+03,6.673581083305180073e-06
3.095000000000000000e+03,6.670510174444643781e-06
3.096000000000000000e+03,6.668890819128137082e-06
3.097000000000000000e+03,6.666962690360378474e-06
3.098000000000000000e+03,6.663431122433394194e-06
3.099000000000000000e+03,6.656877758359769359e-06
3.100000000000000000e+03,6.650016985076945275e-06
3.101000000000000000e+03,6.645826033491175622e-06
3.102000000000000000e+03,6.640572792093735188e-06
3.103000000000000000e+03,6.638175364059861749e-06
3.104000000000000000e+03,6.635423687839647755e-06
3.105000000000000000e+03,6.634123565163463354e-06
3.106000000000000000e+03,6.628981282119639218e-06
3.107000000000000000e+03,6.626100912399124354e-06
3.108000000000000000e+03,6.623155513807432726e-06
3.109000000000000000e+03,6.619738087465520948e-06
3.110000000000000000e+03,6.616035989281954244e-06
3.111000000000000000e+03,6.612774541281396523e-06
3.112000000000000000e+03,6.610250693483976647e-06
3.113000000000000000e+03,6.607323939533671364e-06
3.114000000000000000e+03,6.612349352508317679e-06
3.115000000000000000e+03,6.604553618672071025e-06
3.116000000000000000e+03,6.600008873647311702e-06
3.117000000000000000e+03,6.600362212338950485e-06
3.118000000000000000e+03,6.598477739316876978e-06
3.119000000000000000e+03,6.596224011445883662e-06
3.120000000000000000e+03,6.592556019313633442e-06
3.121000000000000000e+03,6.588613814528798684e-06
3.122000000000000000e+03,6.584270522580482066e-06
3.123000000000000000e+03,6.588897122128400952e-06
3.124000000000000000e+03,6.582788955711293966e-06
3.125000000000000000e+03,6.580019089597044513e-06
3.126000000000000000e+03,6.576972282346105203e-06
3.127000000000000000e+03,6.572327947651501745e-06
3.128000000000000000e+03,6.569900961039820686e-06
3.129000000000000000e+03,6.567022410308709368e-06
3.130000000000000000e+03,6.564641807926818728e-06
3.131000000000000000e+03,6.561701866303337738e-06
3.132000000000000000e+03,6.558854693139437586e-06
3.133000000000000000e+03,6.554076662723673508e-06
3.134000000000000000e+03,6.549572844960493967e-06
3.135000000000000000e+03,6.545282758452231064e-06
3.136000000000000000e+03,6.542712526425020769e-06
3.137000000000000000e+03,6.539244168379809707e-06
3.138000000000000000e+03,6.535985448863357306e-06
3.139000000000000000e+03,6.537678927998058498e-06
3.140000000000000000e+03,6.534060958074405789e-06
3.141000000000000000e+03,6.530895916512235999e-06
3.142000000000000000e+03,6.528515314130345359e-06
3.143000000000000000e+03,6.526002380269346759e-06
3.144000000000000000e+03,6.521755494759418070e-06
3.145000000000000000e+03,6.522926469187950715e-06
3.146000000000000000e+03,6.518862392113078386e-06
3.147000000000000000e+03,6.514425422210479155e-06
3.148000000000000000e+03,6.510313596663763747e-06
3.149000000000000000e+03,6.508776550617767498e-06
3.150000000000000000e+03,6.505604233097983524e-06
3.151000000000000000e+03,6.503798886114964262e-06
3.152000000000000000e+03,6.501376446976792067e-06
3.153000000000000000e+03,6.498569291579769924e-06
3.154000000000000000e+03,6.495171874121297151e-06
3.155000000000000000e+03,6.492067768704146147e-06
3.156000000000000000e+03,6.488596682174829766e-06
3.157000000000000000e+03,6.485733592853648588e-06
3.158000000000000000e+03,6.476973794633522630e-06
3.159000000000000000e+03,6.484880941570736468e-06
3.160000000000000000e+03,6.473483153968118131e-06
3.161000000000000000e+03,6.467339517257642001e-06
3.162000000000000000e+03,6.460676559072453529e-06
3.163000000000000000e+03,6.454474259953713045e-06
3.164000000000000000e+03,6.448043677664827555e-06
3.165000000000000000e+03,6.440159722842508927e-06
3.166000000000000000e+03,6.434270744648529217e-06
3.167000000000000000e+03,6.427212611015420407e-06
3.168000000000000000e+03,6.422665137506555766e-06
3.169000000000000000e+03,6.417222266463795677e-06
3.170000000000000000e+03,6.412148650269955397e-06
3.171000000000000000e+03,6.407842647604411468e-06
3.172000000000000000e+03,6.402769486157922074e-06
3.173000000000000000e+03,6.401450264093000442e-06
3.174000000000000000e+03,6.396392109309090301e-06
3.175000000000000000e+03,6.394904630724340677e-06
3.176000000000000000e+03,6.392910108843352646e-06
3.177000000000000000e+03,6.390087946783751249e-06
3.178000000000000000e+03,6.385698270605644211e-06
3.179000000000000000e+03,6.469610525527969003e-06
3.180000000000000000e+03,6.384851076290942729e-06
3.181000000000000000e+03,6.382247647707117721e-06
3.182000000000000000e+03,6.380381364579079673e-06
3.183000000000000000e+03,6.378628313541412354e-06
3.184000000000000000e+03,6.375762950483476743e-06
3.185000000000000000e+03,6.372175903379684314e-06
3.186000000000000000e+03,6.366293291648617014e-06
3.187000000000000000e+03,6.362624390021665022e-06
3.188000000000000000e+03,6.359663530020043254e-06
3.189000000000000000e+03,6.358337486744858325e-06
3.190000000000000000e+03,6.356333415169501677e-06
3.191000000000000000e+03,6.354510787787148729e-06
3.192000000000000000e+03,6.349988325382582843e-06
3.193000000000000000e+03,6.347678663587430492e-06
3.194000000000000000e+03,6.345809197227936238e-06
3.195000000000000000e+03,6.343814675346948206e-06
3.196000000000000000e+03,6.343492714222520590e-06
3.197000000000000000e+03,6.339344963635085151e-06
3.198000000000000000e+03,6.337867489492055029e-06
3.199000000000000000e+03,6.334853878797730431e-06
3.200000000000000000e+03,6.330868473014561459e-06
3.201000000000000000e+03,6.324747118924278766e-06
3.202000000000000000e+03,6.323249635897809640e-06
3.203000000000000000e+03,6.318050054687773809e-06
3.204000000000000000e+03,6.316071903711417690e-06
3.205000000000000000e+03,6.313081939879339188e-06
3.206000000000000000e+03,6.310658136499114335e-06
3.207000000000000000e+03,6.307449893938610330e-06
3.208000000000000000e+03,6.304423550318460912e-06
3.209000000000000000e+03,6.301948360487585887e-06
3.210000000000000000e+03,6.299201231740880758e-06
3.211000000000000000e+03,6.297019808698678389e-06
3.212000000000000000e+03,6.295165349001763389e-06
3.213000000000000000e+03,6.292017587838927284e-06
3.214000000000000000e+03,6.287337782850954682e-06
3.215000000000000000e+03,6.282827143877511844e-06
3.216000000000000000e+03,6.277711690927390009e-06
3.217000000000000000e+03,6.274031875364016742e-06
3.218000000000000000e+03,6.271386155276559293e-06
3.219000000000000000e+03,6.266066975513240322e-06
3.220000000000000000e+03,6.263755039981333539e-06
3.221000000000000000e+03,6.260067038965644315e-06
3.222000000000000000e+03,6.268305241974303499e-06
3.223000000000000000e+03,6.258467692532576621e-06
3.224000000000000000e+03,6.255805601540487260e-06
3.225000000000000000e+03,6.251415470615029335e-06
3.226000000000000000e+03,6.246451448532752693e-06
3.227000000000000000e+03,6.247047167562413961e-06
3.228000000000000000e+03,6.244395535759394988e-06
3.229000000000000000e+03,6.240693892323179170e-06
3.230000000000000000e+03,6.238818059500772506e-06
3.231000000000000000e+03,6.235790806385921314e-06
3.232000000000000000e+03,6.232360647118184716e-06
3.233000000000000000e+03,6.231939551071263850e-06
3.234000000000000000e+03,6.230203780432930216e-06
3.235000000000000000e+03,6.226867753866827115e-06
3.236000000000000000e+03,6.224421213119057938e-06
3.237000000000000000e+03,6.221536295925034210e-06
3.238000000000000000e+03,6.215059784153709188e-06
3.239000000000000000e+03,6.221756393642863259e-06
3.240000000000000000e+03,6.212250809767283499e-06
3.241000000000000000e+03,6.208292234077816829e-06
3.242000000000000000e+03,6.206695161381503567e-06
3.243000000000000000e+03,6.205945282999891788e-06
3.244000000000000000e+03,6.203590146469650790e-06
3.245000000000000000e+03,6.201459655130747706e-06
3.246000000000000000e+03,6.199675226525869220e-06
3.247000000000000000e+03,6.196903086674865335e-06
3.248000000000000000e+03,6.194380148372147232e-06
3.249000000000000000e+03,6.191037755343131721e-06
3.250000000000000000e+03,6.189611212903400883e-06
3.251000000000000000e+03,6.187862709339242429e-06
3.252000000000000000e+03,6.185712663864251226e-06
3.253000000000000000e+03,6.183550794958136976e-06
3.254000000000000000e+03,6.180311629577772692e-06
3.255000000000000000e+03,6.178471267048735172e-06
3.256000000000000000e+03,6.173223482619505376e-06
3.257000000000000000e+03,6.169620974105782807e-06
3.258000000000000000e+03,6.166734692669706419e-06
3.259000000000000000e+03,6.162990302982507274e-06
3.260000000000000000e+03,6.161050350783625618e-06
3.261000000000000000e+03,6.157866664580069482e-06
3.262000000000000000e+03,6.154413313197437674e-06
3.263000000000000000e+03,6.150786703074118122e-06
3.264000000000000000e+03,6.147435215098084882e-06
3.265000000000000000e+03,6.144337930891197175e-06
3.266000000000000000e+03,6.141980520624201745e-06
3.267000000000000000e+03,6.138785010989522561e-06
3.268000000000000000e+03,6.135622243164107203e-06
3.269000000000000000e+03,6.133319402579218149e-06
3.270000000000000000e+03,6.126315838628215715e-06
3.271000000000000000e+03,6.138368917163461447e-06
3.272000000000000000e+03,6.124066658230731264e-06
3.273000000000000000e+03,6.118938017607433721e-06
3.274000000000000000e+03,6.114251391409197822e-06
3.275000000000000000e+03,6.109082733019022271e-06
3.276000000000000000e+03,6.104481144575402141e-06
3.277000000000000000e+03,6.101535745983710513e-06
3.278000000000000000e+03,6.097637196944560856e-06
3.279000000000000000e+03,6.095327989896759391e-06
3.280000000000000000e+03,6.093423962738597766e-06
3.281000000000000000e+03,6.090876922826282680e-06
3.282000000000000000e+03,6.087854671932291240e-06
3.283000000000000000e+03,6.086034773034043610e-06
3.284000000000000000e+03,6.083675089030293748e-06
3.285000000000000000e+03,6.081719675421481952e-06
3.286000000000000000e+03,6.079114882595604286e-06
3.287000000000000000e+03,6.076505087548866868e-06
3.288000000000000000e+03,6.072854375815950334e-06
3.289000000000000000e+03,6.068445600249106064e-06
3.290000000000000000e+03,6.066266905691009015e-06
3.291000000000000000e+03,6.063472028472460806e-06
3.292000000000000000e+03,6.060391115170205012e-06
3.293000000000000000e+03,6.064982699172105640e-06
3.294000000000000000e+03,6.058786766516277567e-06
3.295000000000000000e+03,6.054145160305779427e-06
3.296000000000000000e+03,6.050433057680493221e-06
3.297000000000000000e+03,6.042313998477766290e-06
3.298000000000000000e+03,6.092305284255417064e-06
3.299000000000000000e+03,6.041519554855767637e-06
3.300000000000000000e+03,6.039699201210169122e-06
3.301000000000000000e+03,6.037151706550503150e-06
3.302000000000000000e+03,6.034194484527688473e-06
3.303000000000000000e+03,6.035395927028730512e-06
3.304000000000000000e+03,6.032387318555265665e-06
3.305000000000000000e+03,6.029144515196094289e-06
3.306000000000000000e+03,6.026929440849926323e-06
3.307000000000000000e+03,6.025134098308626562e-06
3.308000000000000000e+03,6.023278729117009789e-06
3.309000000000000000e+03,6.019681222824146971e-06
3.310000000000000000e+03,6.034727903170278296e-06
3.311000000000000000e+03,6.018691692588618025e-06
3.312000000000000000e+03,6.015779035806190223e-06
3.313000000000000000e+03,6.013417987560387701e-06
3.314000000000000000e+03,6.010066499584354460e-06
3.315000000000000000e+03,6.005387149343732744e-06
3.316000000000000000e+03,6.018877684255130589e-06
3.317000000000000000e+03,6.003450380376307294e-06
3.318000000000000000e+03,5.999202585371676832e-06
3.319000000000000000e+03,5.996593699819641188e-06
3.320000000000000000e+03,5.993630566081264988e-06
3.321000000000000000e+03,5.989972578390734270e-06
3.322000000000000000e+03,5.987728854961460456e-06
3.323000000000000000e+03,5.982607035548426211e-06
3.324000000000000000e+03,5.980973583064042032e-06
3.325000000000000000e+03,5.977884029562119395e-06
3.326000000000000000e+03,5.991732905386015773e-06
3.327000000000000000e+03,5.976760348858078942e-06
3.328000000000000000e+03,5.974973646516446024e-06
3.329000000000000000e+03,5.972848612145753577e-06
3.330000000000000000e+03,5.971601694909622893e-06
3.331000000000000000e+03,5.969004632788710296e-06
3.332000000000000000e+03,5.973574388917768374e-06
3.333000000000000000e+03,5.967745892121456563e-06
3.334000000000000000e+03,5.965445325273321941e-06
3.335000000000000000e+03,5.963867806713096797e-06
3.336000000000000000e+03,5.961469014437170699e-06
3.337000000000000000e+03,5.958799192740116268e-06
3.338000000000000000e+03,5.956053882982814685e-06
3.339000000000000000e+03,5.953464096819516271e-06
3.340000000000000000e+03,5.950853392278077081e-06
3.341000000000000000e+03,5.949687874817755073e-06
3.342000000000000000e+03,5.948215402895584702e-06
3.343000000000000000e+03,5.946786131971748546e-06
3.344000000000000000e+03,5.945708380750147626e-06
3.345000000000000000e+03,5.943374162598047405e-06
3.346000000000000000e+03,5.944621534581528977e-06
3.347000000000000000e+03,5.941168183198897168e-06
3.348000000000000000e+03,5.938352842349559069e-06
3.349000000000000000e+03,5.936709840170806274e-06
3.350000000000000000e+03,5.934924502071226016e-06
3.351000000000000000e+03,5.932705789746250957e-06
3.352000000000000000e+03,5.929226517764618620e-06
3.353000000000000000e+03,5.925539880990982056e-06
3.354000000000000000e+03,5.926612175244372338e-06
3.355000000000000000e+03,5.923271601204760373e-06
3.356000000000000000e+03,5.920010607951553538e-06
3.357000000000000000e+03,5.917208454775391147e-06
3.358000000000000000e+03,5.915463589190039784e-06
3.359000000000000000e+03,5.913145741942571476e-06
3.360000000000000000e+03,5.910949312237789854e-06
3.361000000000000000e+03,5.905586476728785783e-06
3.362000000000000000e+03,5.905956186325056478e-06
3.363000000000000000e+03,5.904681984247872606e-06
3.364000000000000000e+03,5.903277724428335205e-06
3.365000000000000000e+03,5.901159511267906055e-06
3.366000000000000000e+03,5.898204562981845811e-06
3.367000000000000000e+03,5.893993147765286267e-06
3.368000000000000000e+03,5.887883162358775735e-06
3.369000000000000000e+03,5.885910468350630254e-06
3.370000000000000000e+03,5.879083801119122654e-06
3.371000000000000000e+03,5.877273451915243641e-06
3.372000000000000000e+03,5.874270755157340318e-06
3.373000000000000000e+03,5.871176654181908816e-06
3.374000000000000000e+03,5.866224455530755222e-06
3.375000000000000000e+03,5.862132638867478818e-06
3.376000000000000000e+03,5.859313205291982740e-06
3.377000000000000000e+03,5.855912149854702875e-06
3.378000000000000000e+03,5.852987669641152024e-06
3.379000000000000000e+03,5.849382887390675023e-06
3.380000000000000000e+03,5.846865406056167558e-06
3.381000000000000000e+03,5.841547135787550360e-06
3.382000000000000000e+03,5.838332981511484832e-06
3.383000000000000000e+03,5.834499916090862826e-06
3.384000000000000000e+03,5.838254764967132360e-06
3.385000000000000000e+03,5.833519935549702495e-06
3.386000000000000000e+03,5.832071565237129107e-06
3.387000000000000000e+03,5.829347173857968301e-06
3.388000000000000000e+03,5.826232154504396021e-06
3.389000000000000000e+03,5.824148956889985129e-06
3.390000000000000000e+03,5.821741524414392188e-06
3.391000000000000000e+03,5.820379556098487228e-06
3.392000000000000000e+03,5.818232239107601345e-06
3.393000000000000000e+03,5.815494660055264831e-06
3.394000000000000000e+03,5.821594641020055860e-06
3.395000000000000000e+03,5.814087217004271224e-06
3.396000000000000000e+03,5.811111350340070203e-06
3.397000000000000000e+03,5.808999958389904350e-06
3.398000000000000000e+03,5.805627552035730332e-06
3.399000000000000000e+03,5.811229129903949797e-06
3.400000000000000000e+03,5.804673037346219644e-06
3.401000000000000000e+03,5.802847681479761377e-06
3.402000000000000000e+03,5.801306542707607150e-06
3.403000000000000000e+03,5.799978225695667788e-06
3.404000000000000000e+03,5.799879090773174539e-06
3.405000000000000000e+03,5.798890015284996480e-06
3.406000000000000000e+03,5.796775440103374422e-06
3.407000000000000000e+03,5.794319349661236629e-06
3.408000000000000000e+03,5.790991508547449484e-06
3.409000000000000000e+03,5.788625003333436325e-06
3.410000000000000000e+03,5.786666406493168324e-06
3.411000000000000000e+03,5.784989298263099045e-06
3.412000000000000000e+03,5.783213509857887402e-06
3.413000000000000000e+03,5.783446795248892158e-06
3.414000000000000000e+03,5.782032076240284368e-06
3.415000000000000000e+03,5.780298124591354281e-06
3.416000000000000000e+03,5.778881131845992059e-06
3.417000000000000000e+03,5.780461378890322521e-06
3.418000000000000000e+03,5.777868409495567903e-06
3.419000000000000000e+03,5.776275884272763506e-06
3.420000000000000000e+03,5.773298653366509825e-06
3.421000000000000000e+03,5.771228643425274640e-06
3.422000000000000000e+03,5.768482424173271284e-06
3.423000000000000000e+03,5.766354661318473518e-06
3.424000000000000000e+03,5.764000889030285180e-06
3.425000000000000000e+03,5.761547981819603592e-06
3.426000000000000000e+03,5.759569376095896587e-06
3.427000000000000000e+03,5.756241989729460329e-06
3.428000000000000000e+03,5.756089649366913363e-06
3.429000000000000000e+03,5.754058747697854415e-06
3.430000000000000000e+03,5.751795470132492483e-06
3.431000000000000000e+03,5.749629508500220254e-06
3.432000000000000000e+03,5.746773695136653259e-06
3.433000000000000000e+03,5.740671440435107797e-06
3.434000000000000000e+03,5.746243914472870529e-06
3.435000000000000000e+03,5.738663730880944058e-06
3.436000000000000000e+03,5.734940714319236577e-06
3.437000000000000000e+03,5.732903900934616104e-06
3.438000000000000000e+03,5.730587872676551342e-06
3.439000000000000000e+03,5.726576546294381842e-06
3.440000000000000000e+03,5.726550170948030427e-06
3.441000000000000000e+03,5.723807134927483276e-06
3.442000000000000000e+03,5.720129138353513554e-06
3.443000000000000000e+03,5.717784915759693831e-06
3.444000000000000000e+03,5.714981398341478780e-06
3.445000000000000000e+03,5.712596703233430162e-06
3.446000000000000000e+03,5.709919605578761548e-06
3.447000000000000000e+03,5.707663149223662913e-06
3.448000000000000000e+03,5.706351657863706350e-06
3.449000000000000000e+03,5.702983798983041197e-06
3.450000000000000000e+03,5.698499080608598888e-06
3.451000000000000000e+03,5.695971594832371920e-06
3.452000000000000000e+03,5.693629191227955744e-06
3.453000000000000000e+03,5.691425485565559939e-06
3.454000000000000000e+03,5.688115379598457366e-06
3.455000000000000000e+03,5.685272299160715193e-06
3.456000000000000000e+03,5.682839400833472610e-06
3.457000000000000000e+03,5.677925855707144365e-06
3.458000000000000000e+03,5.709161086997482926e-06
3.459000000000000000e+03,5.677029548678547144e-06
3.460000000000000000e+03,5.673731720889918506e-06
3.461000000000000000e+03,5.670933205692563206e-06
3.462000000000000000e+03,5.667163804901065305e-06
3.463000000000000000e+03,5.671543021890101954e-06
3.464000000000000000e+03,5.666348442900925875e-06
3.465000000000000000e+03,5.664288892148761079e-06
3.466000000000000000e+03,5.661184331984259188e-06
3.467000000000000000e+03,5.657223937305388972e-06
3.468000000000000000e+03,5.654077540384605527e-06
3.469000000000000000e+03,5.649968898069346324e-06
3.470000000000000000e+03,5.647083526127971709e-06
3.471000000000000000e+03,5.642156338581116870e-06
3.472000000000000000e+03,5.641719781124265864e-06
3.473000000000000000e+03,5.638135007757227868e-06
3.474000000000000000e+03,5.636816695187008008e-06
3.475000000000000000e+03,5.634981334878830239e-06
3.476000000000000000e+03,5.633039108943194151e-06
3.477000000000000000e+03,5.631197382172103971e-06
3.478000000000000000e+03,5.628271082969149575e-06
3.479000000000000000e+03,5.626736765407258645e-06
3.480000000000000000e+03,5.623954621114535257e-06
3.481000000000000000e+03,5.627271548291901127e-06
3.482000000000000000e+03,5.623023753287270665e-06
3.483000000000000000e+03,5.621944183076266199e-06
3.484000000000000000e+03,5.618478553515160456e-06
3.485000000000000000e+03,5.614132078335387632e-06
3.486000000000000000e+03,5.617032456939341500e-06
3.487000000000000000e+03,5.612417226075194776e-06
3.488000000000000000e+03,5.608487299468833953e-06
3.489000000000000000e+03,5.605653768725460395e-06
3.490000000000000000e+03,5.601765224128030241e-06
3.491000000000000000e+03,5.597713879978982732e-06
3.492000000000000000e+03,5.593899459199747071e-06
3.493000000000000000e+03,5.591238732449710369e-06
3.494000000000000000e+03,5.589011834672419354e-06
3.495000000000000000e+03,5.586619863606756553e-06
3.496000000000000000e+03,5.581050572800450027e-06
3.497000000000000000e+03,5.589189186139265075e-06
3.498000000000000000e+03,5.578698164754314348e-06
3.499000000000000000e+03,5.574673195951618254e-06
3.500000000000000000e+03,5.571543624682817608e-06
3.501000000000000000e+03,5.568406322709051892e-06
3.502000000000000000e+03,5.576091098191682249e-06
3.503000000000000000e+03,5.567449989030137658e-06
3.504000000000000000e+03,5.565533683693502098e-06
3.505000000000000000e+03,5.563519152929075062e-06
3.506000000000000000e+03,5.560186309594428167e-06
3.507000000000000000e+03,5.556518772209528834e-06
3.508000000000000000e+03,5.561340003623627126e-06
3.509000000000000000e+03,5.554693871090421453e-06
3.510000000000000000e+03,5.550951300392625853e-06
3.511000000000000000e+03,5.548488388740224764e-06
3.512000000000000000e+03,5.543577117350650951e-06
3.513000000000000000e+03,5.538988261832855642e-06
3.514000000000000000e+03,5.555787538469303399e-06
3.515000000000000000e+03,5.537434844882227480e-06
3.516000000000000000e+03,5.533794592338381335e-06
3.517000000000000000e+03,5.530909220397006720e-06
3.518000000000000000e+03,5.528325800696620718e-06
3.519000000000000000e+03,5.526050244952784851e-06
3.520000000000000000e+03,5.524249445443274453e-06
3.521000000000000000e+03,5.521751063497504219e-06
3.522000000000000000e+03,5.520597824215656146e-06
3.523000000000000000e+03,5.517271802091272548e-06
3.524000000000000000e+03,5.532986506295856088e-06
3.525000000000000000e+03,5.516617420653346926e-06
3.526000000000000000e+03,5.514806616702117026e-06
3.527000000000000000e+03,5.513264113687910140e-06
3.528000000000000000e+03,5.511304607352940366e-06
3.529000000000000000e+03,5.508302820089738816e-06
3.530000000000000000e+03,5.504525233845924959e-06
3.531000000000000000e+03,5.500559382198844105e-06
3.532000000000000000e+03,5.497715847013751045e-06
3.533000000000000000e+03,5.494662218552548438e-06
3.534000000000000000e+03,5.493071512319147587e-06
3.535000000000000000e+03,5.490285275300266221e-06
3.536000000000000000e+03,5.488889655680395663e-06
3.537000000000000000e+03,5.487734142661793157e-06
3.538000000000000000e+03,5.485573637997731566e-06
3.539000000000000000e+03,5.481883817992638797e-06
3.540000000000000000e+03,5.484813300427049398e-06
3.541000000000000000e+03,5.480537765834014863e-06
3.542000000000000000e+03,5.477625109051587060e-06
3.543000000000000000e+03,5.475269063026644289e-06
3.544000000000000000e+03,5.472657903737854213e-06
3.545000000000000000e+03,5.470766609505517408e-06
3.546000000000000000e+03,5.469126790558220819e-06
3.547000000000000000e+03,5.467950359161477536e-06
3.548000000000000000e+03,5.466350103233708069e-06
3.549000000000000000e+03,5.463807156047550961e-06
3.550000000000000000e+03,5.467721166496630758e-06
3.551000000000000000e+03,5.462487933982629329e-06
3.552000000000000000e+03,5.459751264424994588e-06
3.553000000000000000e+03,5.457457064039772376e-06
3.554000000000000000e+03,5.455578047985909507e-06
3.555000000000000000e+03,5.453887752082664520e-06
3.556000000000000000e+03,5.451759989227866754e-06
3.557000000000000000e+03,5.449558557302225381e-06
3.558000000000000000e+03,5.447115199785912409e-06
3.559000000000000000e+03,5.443247118819272146e-06
3.560000000000000000e+03,5.444029739010147750e-06
3.561000000000000000e+03,5.441502707981271669e-06
3.562000000000000000e+03,5.438462267193244770e-06
3.563000000000000000e+03,5.436664650915190578e-06
3.564000000000000000e+03,5.434811100712977350e-06
3.565000000000000000e+03,5.432489615486701950e-06
3.566000000000000000e+03,5.430043529486283660e-06
3.567000000000000000e+03,5.426881216408219188e-06
3.568000000000000000e+03,5.425087238108972088e-06
3.569000000000000000e+03,5.420318302640225738e-06
3.570000000000000000e+03,5.415579380496637896e-06
3.571000000000000000e+03,5.410964149632491171e-06
3.572000000000000000e+03,5.406947366282111034e-06
3.573000000000000000e+03,5.402875558502273634e-06
3.574000000000000000e+03,5.404538569564465433e-06
3.575000000000000000e+03,5.400287136581027880e-06
3.576000000000000000e+03,5.397355835157213733e-06
3.577000000000000000e+03,5.394901108957128599e-06
3.578000000000000000e+03,5.392943876358913258e-06
3.579000000000000000e+03,5.390038950281450525e-06
3.580000000000000000e+03,5.387117198552004993e-06
3.581000000000000000e+03,5.386453267419710755e-06
3.582000000000000000e+03,5.383937150327255949e-06
3.583000000000000000e+03,5.383101779443677515e-06
3.584000000000000000e+03,5.381576102081453428e-06
3.585000000000000000e+03,5.378366040531545877e-06
3.586000000000000000e+03,5.376633453124668449e-06
3.587000000000000000e+03,5.371363386075245216e-06
3.588000000000000000e+03,5.369538030208786950e-06
3.589000000000000000e+03,5.366362074710195884e-06
3.590000000000000000e+03,5.366615368984639645e-06
3.591000000000000000e+03,5.364951903175096959e-06
3.592000000000000000e+03,5.362578122003469616e-06
3.593000000000000000e+03,5.359745046007446945e-06
3.594000000000000000e+03,5.356973360903793946e-06
3.595000000000000000e+03,5.353768756322097033e-06
3.596000000000000000e+03,5.351270829123677686e-06
3.597000000000000000e+03,5.347172191250137985e-06
3.598000000000000000e+03,5.343918019207194448e-06
3.599000000000000000e+03,5.341148153092944995e-06
3.600000000000000000e+03,5.338480150385294110e-06
3.601000000000000000e+03,5.336232334229862317e-06
3.602000000000000000e+03,5.334351044439245015e-06
3.603000000000000000e+03,5.332504315447295085e-06
3.604000000000000000e+03,5.329694886313518509e-06
3.605000000000000000e+03,5.324438916431972757e-06
3.606000000000000000e+03,5.321145181369502097e-06
3.607000000000000000e+03,5.317612703947816044e-06
3.608000000000000000e+03,5.315404450811911374e-06
3.609000000000000000e+03,5.312991106620756909e-06
3.610000000000000000e+03,5.310104370437329635e-06
3.611000000000000000e+03,5.308017080096760765e-06
3.612000000000000000e+03,5.304382284521125257e-06
3.613000000000000000e+03,5.302707904775161296e-06
3.614000000000000000e+03,5.300534667185274884e-06
3.615000000000000000e+03,5.298907126416452229e-06
3.616000000000000000e+03,5.296753897710004821e-06
3.617000000000000000e+03,5.295174560160376132e-06
3.618000000000000000e+03,5.293875801726244390e-06
3.619000000000000000e+03,5.292125024425331503e-06
3.620000000000000000e+03,5.290741228236583993e-06
3.621000000000000000e+03,5.288831744110211730e-06
3.622000000000000000e+03,5.287341991788707674e-06
3.623000000000000000e+03,5.285319730319315568e-06
3.624000000000000000e+03,5.283450263959821314e-06
3.625000000000000000e+03,5.281399808154674247e-06
3.626000000000000000e+03,5.279631750454427674e-06
3.627000000000000000e+03,5.277928721625357866e-06
3.628000000000000000e+03,5.275374860502779484e-06
3.629000000000000000e+03,5.277789568935986608e-06
3.630000000000000000e+03,5.274855539028067142e-06
3.631000000000000000e+03,5.274014711176278070e-06
3.632000000000000000e+03,5.271893314784392715e-06
3.633000000000000000e+03,5.268923359835753217e-06
3.634000000000000000e+03,5.267060259939171374e-06
3.635000000000000000e+03,5.264459559839451686e-06
3.636000000000000000e+03,5.263158527668565512e-06
3.637000000000000000e+03,5.261624664854025468e-06
3.638000000000000000e+03,5.260116267891135067e-06
3.639000000000000000e+03,5.257573775452328846e-06
3.640000000000000000e+03,5.255474206933286041e-06
3.641000000000000000e+03,5.253463768895016983e-06
3.642000000000000000e+03,5.252546998235629871e-06
3.643000000000000000e+03,5.250724370853276923e-06
3.644000000000000000e+03,5.253372364677488804e-06
3.645000000000000000e+03,5.250016783975297585e-06
3.646000000000000000e+03,5.248614343145163730e-06
3.647000000000000000e+03,5.246285127213923261e-06
3.648000000000000000e+03,5.244570274953730404e-06
3.649000000000000000e+03,5.241993221716256812e-06
3.650000000000000000e+03,5.238101039140019566e-06
3.651000000000000000e+03,5.245251941232709214e-06
3.652000000000000000e+03,5.236715878709219396e-06
3.653000000000000000e+03,5.234286618360783905e-06
3.654000000000000000e+03,5.232529474596958607e-06
3.655000000000000000e+03,5.230011993262451142e-06
3.656000000000000000e+03,5.231950581219280139e-06
3.657000000000000000e+03,5.228330337558872998e-06
3.658000000000000000e+03,5.224738288234220818e-06
3.659000000000000000e+03,5.222517302172491327e-06
3.660000000000000000e+03,5.219638751441380009e-06
3.661000000000000000e+03,5.216258614382240921e-06
3.662000000000000000e+03,5.212339146964950487e-06
3.663000000000000000e+03,5.208334187045693398e-06
3.664000000000000000e+03,5.204332410357892513e-06
3.665000000000000000e+03,5.200939085625577718e-06
3.666000000000000000e+03,5.196510301175294444e-06
3.667000000000000000e+03,5.192559456190792844e-06
3.668000000000000000e+03,5.188220711715985090e-06
3.669000000000000000e+03,5.193833203520625830e-06
3.670000000000000000e+03,5.186746420804411173e-06
3.671000000000000000e+03,5.184825567994266748e-06
3.672000000000000000e+03,5.182069344300543889e-06
3.673000000000000000e+03,5.179885192774236202e-06
3.674000000000000000e+03,5.176651029614731669e-06
3.675000000000000000e+03,5.173392764845630154e-06
3.676000000000000000e+03,5.170097665541106835e-06
3.677000000000000000e+03,5.165406491869362071e-06
3.678000000000000000e+03,5.161889475857606158e-06
3.679000000000000000e+03,5.159078227734426036e-06
3.680000000000000000e+03,5.154300652066012844e-06
3.681000000000000000e+03,5.155086455488344654e-06
3.682000000000000000e+03,5.152509402250871062e-06
3.683000000000000000e+03,5.150119250174611807e-06
3.684000000000000000e+03,5.147730007593054324e-06
3.685000000000000000e+03,5.145222075952915475e-06
3.686000000000000000e+03,5.142833288118708879e-06
3.687000000000000000e+03,5.141210294823395088e-06
3.688000000000000000e+03,5.139569111634045839e-06
3.689000000000000000e+03,5.138565484230639413e-06
3.690000000000000000e+03,5.137907919561257586e-06
3.691000000000000000e+03,5.135473656991962343e-06
3.692000000000000000e+03,5.132310434419196099e-06
3.693000000000000000e+03,5.132343630975810811e-06
3.694000000000000000e+03,5.130337740411050618e-06
3.695000000000000000e+03,5.127931217430159450e-06
3.696000000000000000e+03,5.126319138071266934e-06
3.697000000000000000e+03,5.125285497342702001e-06
3.698000000000000000e+03,5.124355993757490069e-06
3.699000000000000000e+03,5.122759375808527693e-06
3.700000000000000000e+03,5.120816695125540718e-06
3.701000000000000000e+03,5.118421540828421712e-06
3.702000000000000000e+03,5.117565706314053386e-06
3.703000000000000000e+03,5.115671228850260377e-06
3.704000000000000000e+03,5.114869964017998427e-06
3.705000000000000000e+03,5.113342922413721681e-06
3.706000000000000000e+03,5.111081918585114181e-06
3.707000000000000000e+03,5.107646302349166945e-06
3.708000000000000000e+03,5.128792508912738413e-06
3.709000000000000000e+03,5.106874596094712615e-06
3.710000000000000000e+03,5.105039690533885732e-06
3.711000000000000000e+03,5.103182957100216299e-06
3.712000000000000000e+03,5.100613179820356891e-06
3.713000000000000000e+03,5.097664143249858171e-06
3.714000000000000000e+03,5.094675543659832329e-06
3.715000000000000000e+03,5.092659193906001747e-06
3.716000000000000000e+03,5.090622380521381274e-06
3.717000000000000000e+03,5.088040325063047931e-06
3.718000000000000000e+03,5.083110409032087773e-06
3.719000000000000000e+03,5.085379598313011229e-06
3.720000000000000000e+03,5.081086783320643008e-06
3.721000000000000000e+03,5.078914909972809255e-06
3.722000000000000000e+03,5.076932211522944272e-06
3.723000000000000000e+03,5.075351509731262922e-06
3.724000000000000000e+03,5.071751274954294786e-06
3.725000000000000000e+03,5.069541202828986570e-06
3.726000000000000000e+03,5.066955054644495249e-06
3.727000000000000000e+03,5.064483957539778203e-06
3.728000000000000000e+03,5.063065145805012435e-06
3.729000000000000000e+03,5.060480361862573773e-06
3.730000000000000000e+03,5.057971975475084037e-06
3.731000000000000000e+03,5.056113877799361944e-06
3.732000000000000000e+03,5.053619133832398802e-06
3.733000000000000000e+03,5.052503638580674306e-06
3.734000000000000000e+03,5.050720119470497593e-06
3.735000000000000000e+03,5.049142146162921563e-06
3.736000000000000000e+03,5.047457307227887213e-06
3.737000000000000000e+03,5.044595582148758695e-06
3.738000000000000000e+03,5.052613687439588830e-06
3.739000000000000000e+03,5.043231794843450189e-06
3.740000000000000000e+03,5.040951691626105458e-06
3.741000000000000000e+03,5.038608833274338394e-06
3.742000000000000000e+03,5.037652954342775047e-06
3.743000000000000000e+03,5.035411504650255665e-06
3.744000000000000000e+03,5.034461537434253842e-06
3.745000000000000000e+03,5.033063189330277964e-06
3.746000000000000000e+03,5.031394721299875528e-06
3.747000000000000000e+03,5.029573912906926125e-06
3.748000000000000000e+03,5.027347469876985997e-06
3.749000000000000000e+03,5.025718564866110682e-06
3.750000000000000000e+03,5.022463028581114486e-06
3.751000000000000000e+03,5.022003279009368271e-06
3.752000000000000000e+03,5.020263415644876659e-06
3.753000000000000000e+03,5.018343927076784894e-06
3.754000000000000000e+03,5.016003342461772263e-06
3.755000000000000000e+03,5.014479029341600835e-06
3.756000000000000000e+03,5.012499514123192057e-06
3.757000000000000000e+03,5.008458174415864050e-06
3.758000000000000000e+03,5.007238087273435667e-06
3.759000000000000000e+03,5.004934337193844840e-06
3.760000000000000000e+03,4.999245902581606060e-06
3.761000000000000000e+03,4.994523806090001017e-06
3.762000000000000000e+03,4.992769845557631925e-06
3.763000000000000000e+03,4.989919034414924681e-06
3.764000000000000000e+03,4.986970452591776848e-06
3.765000000000000000e+03,4.984889073966769502e-06
3.766000000000000000e+03,4.982480277249123901e-06
3.767000000000000000e+03,4.979128334525739774e-06
3.768000000000000000e+03,4.991772129869787022e-06
3.769000000000000000e+03,4.978064225724665448e-06
3.770000000000000000e+03,4.975501269655069336e-06
3.771000000000000000e+03,4.973234808858251199e-06
3.772000000000000000e+03,4.969008841726463288e-06
3.773000000000000000e+03,4.965508651366690174e-06
3.774000000000000000e+03,4.962590537616051733e-06
3.775000000000000000e+03,4.960796104569453746e-06
3.776000000000000000e+03,4.959053057973505929e-06
3.777000000000000000e+03,4.957116743753431365e-06
3.778000000000000000e+03,4.954706128046382219e-06
3.779000000000000000e+03,4.952384642820106819e-06
3.780000000000000000e+03,4.949992217007093132e-06
3.781000000000000000e+03,4.948391961079323664e-06
3.782000000000000000e+03,4.946057742927223444e-06
3.783000000000000000e+03,4.944322427036240697e-06
3.784000000000000000e+03,4.941737643093802035e-06
3.785000000000000000e+03,4.940279723086860031e-06
3.786000000000000000e+03,4.937313406117027625e-06
3.787000000000000000e+03,4.934540811518672854e-06
3.788000000000000000e+03,4.932470801577437669e-06
3.789000000000000000e+03,4.930960130877792835e-06
3.790000000000000000e+03,4.928803264192538336e-06
3.791000000000000000e+03,4.927089776174398139e-06
3.792000000000000000e+03,4.924954737361986190e-06
3.793000000000000000e+03,4.921293566439999267e-06
3.794000000000000000e+03,4.919188995700096712e-06
3.795000000000000000e+03,4.914608780381968245e-06
3.796000000000000000e+03,4.913172688247868791e-06
3.797000000000000000e+03,4.912444182991748676e-06
3.798000000000000000e+03,4.910496500087901950e-06
3.799000000000000000e+03,4.909388280793791637e-06
3.800000000000000000e+03,4.907150014332728460e-06
3.801000000000000000e+03,4.904585239273728803e-06
3.802000000000000000e+03,4.898831775790313259e-06
3.803000000000000000e+03,4.909471954306354746e-06
3.804000000000000000e+03,4.897327016806229949e-06
3.805000000000000000e+03,4.894486664852593094e-06
3.806000000000000000e+03,4.892135621048510075e-06
3.807000000000000000e+03,4.889438514510402456e-06
3.808000000000000000e+03,4.885370799456723034e-06
3.809000000000000000e+03,4.889537194685544819e-06
3.810000000000000000e+03,4.883255769527750090e-06
3.811000000000000000e+03,4.880278083874145523e-06
3.812000000000000000e+03,4.878509116679197177e-06
3.813000000000000000e+03,4.876964339928235859e-06
3.814000000000000000e+03,4.875174909102497622e-06
3.815000000000000000e+03,4.873810667049838230e-06
3.816000000000000000e+03,4.872791578236501664e-06
3.817000000000000000e+03,4.872014869761187583e-06
3.818000000000000000e+03,4.869797066930914298e-06
3.819000000000000000e+03,4.873550551565131173e-06
3.820000000000000000e+03,4.868821633863262832e-06
3.821000000000000000e+03,4.866772997047519311e-06
3.822000000000000000e+03,4.864359652856364846e-06
3.823000000000000000e+03,4.862524747295537964e-06
3.824000000000000000e+03,4.860938588535645977e-06
3.825000000000000000e+03,4.859276486968155950e-06
3.826000000000000000e+03,4.857961357629392296e-06
3.827000000000000000e+03,4.856546638620784506e-06
3.828000000000000000e+03,4.855554379901150241e-06
3.829000000000000000e+03,4.852311121794627979e-06
3.830000000000000000e+03,4.849368906434392557e-06
3.831000000000000000e+03,4.846521278523141518e-06
3.832000000000000000e+03,4.844655904889805242e-06
3.833000000000000000e+03,4.842731414100853726e-06
3.834000000000000000e+03,4.842615908273728564e-06
3.835000000000000000e+03,4.841602276428602636e-06
3.836000000000000000e+03,4.840037036046851426e-06
3.837000000000000000e+03,4.836518201045691967e-06
3.838000000000000000e+03,4.834971605305327103e-06
3.839000000000000000e+03,4.832180366065585986e-06
3.840000000000000000e+03,4.829455974686425179e-06
3.841000000000000000e+03,4.826216354558710009e-06
3.842000000000000000e+03,4.823728431802010164e-06
3.843000000000000000e+03,4.821812581212725490e-06
3.844000000000000000e+03,4.819568857783451676e-06
3.845000000000000000e+03,4.817294211534317583e-06
3.846000000000000000e+03,4.815213287656661123e-06
3.847000000000000000e+03,4.812979113921755925e-06
3.848000000000000000e+03,4.810931386600714177e-06
3.849000000000000000e+03,4.809865913557587191e-06
3.850000000000000000e+03,4.808262929145712405e-06
3.851000000000000000e+03,4.805889147974085063e-06
3.852000000000000000e+03,4.806705419468926266e-06
3.853000000000000000e+03,4.803472165804123506e-06
3.854000000000000000e+03,4.799561338586499915e-06
3.855000000000000000e+03,4.797214387508574873e-06
3.856000000000000000e+03,4.795244876731885597e-06
3.857000000000000000e+03,4.793038442585384473e-06
3.858000000000000000e+03,4.789695140061667189e-06
3.859000000000000000e+03,4.787468697031727061e-06
3.860000000000000000e+03,4.786236786458175629e-06
3.861000000000000000e+03,4.783847089129267260e-06
3.862000000000000000e+03,4.781772986461874098e-06
3.863000000000000000e+03,4.779368737217737362e-06
3.864000000000000000e+03,4.775679826707346365e-06
3.865000000000000000e+03,4.774040917254751548e-06
3.866000000000000000e+03,4.768540748045779765e-06
3.867000000000000000e+03,4.766654910781653598e-06
3.868000000000000000e+03,4.764851382788037881e-06
3.869000000000000000e+03,4.768010512634646147e-06
3.870000000000000000e+03,4.764117875311058015e-06
3.871000000000000000e+03,4.763015112985158339e-06
3.872000000000000000e+03,4.760971023642923683e-06
3.873000000000000000e+03,4.758659997605718672e-06
3.874000000000000000e+03,4.756169346364913508e-06
3.875000000000000000e+03,4.753002485813340172e-06
3.876000000000000000e+03,4.751549113279907033e-06
3.877000000000000000e+03,4.748703304358059540e-06
3.878000000000000000e+03,4.747529146698070690e-06
3.879000000000000000e+03,4.745966180053073913e-06
3.880000000000000000e+03,4.742726105178007856e-06
3.881000000000000000e+03,4.738940333481878042e-06
3.882000000000000000e+03,4.739504674944328144e-06
3.883000000000000000e+03,4.737322342407424003e-06
3.884000000000000000e+03,4.735275524581084028e-06
3.885000000000000000e+03,4.733707555715227500e-06
3.886000000000000000e+03,4.731674380309414119e-06
3.887000000000000000e+03,4.728178737423149869e-06
3.888000000000000000e+03,4.733760761155281216e-06
3.889000000000000000e+03,4.726784482045331970e-06
3.890000000000000000e+03,4.724069640360539779e-06
3.891000000000000000e+03,4.721661298390245065e-06
3.892000000000000000e+03,4.719486241810955107e-06
3.893000000000000000e+03,4.718240688816877082e-06
3.894000000000000000e+03,4.715153409051708877e-06
3.895000000000000000e+03,4.710931534646078944e-06
3.896000000000000000e+03,4.716152488981606439e-06
3.897000000000000000e+03,4.708607775683049113e-06
3.898000000000000000e+03,4.704237198893679306e-06
3.899000000000000000e+03,4.702072601503459737e-06
3.900000000000000000e+03,4.700263616541633382e-06
3.901000000000000000e+03,4.697830263467039913e-06
3.902000000000000000e+03,4.695938059740001336e-06
3.903000000000000000e+03,4.693719802162377164e-06
3.904000000000000000e+03,4.691571575676789507e-06
3.905000000000000000e+03,4.689578872785205022e-06
3.906000000000000000e+03,4.686362444772385061e-06
3.907000000000000000e+03,4.684836312662810087e-06
3.908000000000000000e+03,4.683241058955900371e-06
3.909000000000000000e+03,4.679034645960200578e-06
3.910000000000000000e+03,4.683270617533707991e-06
3.911000000000000000e+03,4.677207925851689652e-06
3.912000000000000000e+03,4.674539013649336994e-06
3.913000000000000000e+03,4.673075636674184352e-06
3.914000000000000000e+03,4.671069291362073272e-06
3.915000000000000000e+03,4.669272129831369966e-06
3.916000000000000000e+03,4.665317192120710388e-06
3.917000000000000000e+03,4.662083028961205855e-06
3.918000000000000000e+03,4.659999376599444076e-06
3.919000000000000000e+03,4.657840690924786031e-06
3.920000000000000000e+03,4.656817509385291487e-06
3.921000000000000000e+03,4.655837528844131157e-06
3.922000000000000000e+03,4.654103577195201069e-06
3.923000000000000000e+03,4.651902600016910583e-06
3.924000000000000000e+03,4.649658421840285882e-06
3.925000000000000000e+03,4.646988600143231452e-06
3.926000000000000000e+03,4.651300059776986018e-06
3.927000000000000000e+03,4.646410161512903869e-06
3.928000000000000000e+03,4.645283297577407211e-06
3.929000000000000000e+03,4.643932697945274413e-06
3.930000000000000000e+03,4.641993200493743643e-06
3.931000000000000000e+03,4.639825419872067869e-06
3.932000000000000000e+03,4.637482561520300806e-06
3.933000000000000000e+03,4.636610356101300567e-06
3.934000000000000000e+03,4.634858669305685908e-06
3.935000000000000000e+03,4.634332071873359382e-06
3.936000000000000000e+03,4.633386197383515537e-06
3.937000000000000000e+03,4.631646334019023925e-06
3.938000000000000000e+03,4.628735041478648782e-06
3.939000000000000000e+03,4.630542662198422477e-06
3.940000000000000000e+03,4.627366251952480525e-06
3.941000000000000000e+03,4.625288056558929384e-06
3.942000000000000000e+03,4.624210305337328464e-06
3.943000000000000000e+03,4.622520464181434363e-06
3.944000000000000000e+03,4.620806976163294166e-06
3.945000000000000000e+03,4.618607363227056339e-06
3.946000000000000000e+03,4.616580099536804482e-06
3.947000000000000000e+03,4.615229045157320797e-06
3.948000000000000000e+03,4.613389137375634164e-06
3.949000000000000000e+03,4.612338670995086432e-06
3.950000000000000000e+03,4.610777523339493200e-06
3.951000000000000000e+03,4.610492851497838274e-06
3.952000000000000000e+03,4.608856670529348776e-06
3.953000000000000000e+03,4.608202743838774040e-06
3.954000000000000000e+03,4.606995844369521365e-06
3.955000000000000000e+03,4.605546564562246203e-06
3.956000000000000000e+03,4.605815774993970990e-06
3.957000000000000000e+03,4.604141849995357916e-06
3.958000000000000000e+03,4.601645287038991228e-06
3.959000000000000000e+03,4.600205102178733796e-06
3.960000000000000000e+03,4.598985015036305413e-06
3.961000000000000000e+03,4.597385213855886832e-06
3.962000000000000000e+03,4.595836799126118422e-06
3.963000000000000000e+03,4.593485755322035402e-06
3.964000000000000000e+03,4.592161076288903132e-06
3.965000000000000000e+03,4.590127446135738865e-06
3.966000000000000000e+03,4.588545834849355742e-06
3.967000000000000000e+03,4.586627710523316637e-06
3.968000000000000000e+03,4.584703674481716007e-06
3.969000000000000000e+03,4.583055670082103461e-06
3.970000000000000000e+03,4.581856501317815855e-06
3.971000000000000000e+03,4.580192580760922283e-06
3.972000000000000000e+03,4.579419510264415294e-06
3.973000000000000000e+03,4.577863364829681814e-06
3.974000000000000000e+03,4.578620064421556890e-06
3.975000000000000000e+03,4.576868832373293117e-06
3.976000000000000000e+03,4.575097136694239452e-06
3.977000000000000000e+03,4.573322257783729583e-06
3.978000000000000000e+03,4.571206773107405752e-06
3.979000000000000000e+03,4.569728844217024744e-06
3.980000000000000000e+03,4.567581981973489746e-06
3.981000000000000000e+03,4.566131337924161926e-06
3.982000000000000000e+03,4.564019945973996073e-06
3.983000000000000000e+03,4.563849415717413649e-06
3.984000000000000000e+03,4.561385594570310786e-06
3.985000000000000000e+03,4.559982244245475158e-06
3.986000000000000000e+03,4.558253294817404822e-06
3.987000000000000000e+03,4.555697159958072007e-06
3.988000000000000000e+03,4.555495706881629303e-06
3.989000000000000000e+03,4.554002771328669041e-06
3.990000000000000000e+03,4.551453457679599524e-06
3.991000000000000000e+03,4.550376161205349490e-06
3.992000000000000000e+03,4.547614025796065107e-06
3.993000000000000000e+03,4.544850980892078951e-06
3.994000000000000000e+03,4.542539045360172167e-06
3.995000000000000000e+03,4.540179816103773192e-06
3.996000000000000000e+03,4.538824214250780642e-06
3.997000000000000000e+03,4.537007953331340104e-06
3.998000000000000000e+03,4.535887455858755857e-06
3.999000000000000000e+03,4.533825176622485742e-06
4.000000000000000000e+03,4.532252205535769463e-06
4.001000000000000000e+03,4.530821570369880646e-06
4.002000000000000000e+03,4.528610588749870658e-06
4.003000000000000000e+03,4.527496002992847934e-06
4.004000000000000000e+03,4.525913482211763039e-06
4.005000000000000000e+03,4.524959422269603238e-06
4.006000000000000000e+03,4.523170900938566774e-06
4.007000000000000000e+03,4.521000391832785681e-06
4.008000000000000000e+03,4.524413270701188594e-06
4.009000000000000000e+03,4.520070433500222862e-06
4.010000000000000000e+03,4.518734840530669317e-06
4.011000000000000000e+03,4.517772140388842672e-06
4.012000000000000000e+03,4.516567514656344429e-06
4.013000000000000000e+03,4.515846285357838497e-06
4.014000000000000000e+03,4.514585725701181218e-06
4.015000000000000000e+03,4.513674412010004744e-06
4.016000000000000000e+03,4.513017756835324690e-06
4.017000000000000000e+03,4.511468432610854506e-06
4.018000000000000000e+03,4.509740392677485943e-06
4.019000000000000000e+03,4.510610324359731749e-06
4.020000000000000000e+03,4.508780421019764617e-06
4.021000000000000000e+03,4.507337507675401866e-06
4.022000000000000000e+03,4.506467575993156061e-06
4.023000000000000000e+03,4.505193828663323075e-06
4.024000000000000000e+03,4.503177024162141606e-06
4.025000000000000000e+03,4.502029241848504171e-06
4.026000000000000000e+03,4.498897851590299979e-06
4.027000000000000000e+03,4.497525878832675517e-06
4.028000000000000000e+03,4.495886514632729813e-06
4.029000000000000000e+03,4.494394033827120438e-06
4.030000000000000000e+03,4.493276719585992396e-06
4.031000000000000000e+03,4.492384050536202267e-06
4.032000000000000000e+03,4.491931122174719349e-06
4.033000000000000000e+03,4.490677838475676253e-06
4.034000000000000000e+03,4.488868853513849899e-06
4.035000000000000000e+03,4.487246769713237882e-06
4.036000000000000000e+03,4.485896170081105083e-06
4.037000000000000000e+03,4.484725195652572438e-06
4.038000000000000000e+03,4.483298198465490714e-06
4.039000000000000000e+03,4.484331839194055647e-06
4.040000000000000000e+03,4.482256827031960711e-06
4.041000000000000000e+03,4.480951702134916559e-06
4.042000000000000000e+03,4.479868039197754115e-06
4.043000000000000000e+03,4.479221843212144449e-06
4.044000000000000000e+03,4.477557467907899991e-06
4.045000000000000000e+03,4.489855655265273526e-06
4.046000000000000000e+03,4.477192305785138160e-06
4.047000000000000000e+03,4.475924924918217584e-06
4.048000000000000000e+03,4.474569777812575921e-06
4.049000000000000000e+03,4.472904038266278803e-06
4.050000000000000000e+03,4.471111424209084362e-06
4.051000000000000000e+03,4.472259206522721797e-06
4.052000000000000000e+03,4.469910436455393210e-06
4.053000000000000000e+03,4.467512098926817998e-06
4.054000000000000000e+03,4.465781785256695002e-06
4.055000000000000000e+03,4.463046025193762034e-06
4.056000000000000000e+03,4.478512892092112452e-06
4.057000000000000000e+03,4.462342076294589788e-06
4.058000000000000000e+03,4.460771833691978827e-06
4.059000000000000000e+03,4.458985586097696796e-06
4.060000000000000000e+03,4.456290753296343610e-06
4.061000000000000000e+03,4.455466751096537337e-06
4.062000000000000000e+03,4.453123437997419387e-06
4.063000000000000000e+03,4.452207576832734048e-06
4.064000000000000000e+03,4.450010692380601540e-06
4.065000000000000000e+03,4.447733772394713014e-06
4.066000000000000000e+03,4.446512775757582858e-06
4.067000000000000000e+03,4.443929356057196856e-06
4.068000000000000000e+03,4.443008037924300879e-06
4.069000000000000000e+03,4.441963028511963785e-06
4.070000000000000000e+03,4.441712007974274457e-06
4.071000000000000000e+03,4.439160420588450506e-06
4.072000000000000000e+03,4.438138603291008621e-06
4.073000000000000000e+03,4.436808922037016600e-06
4.074000000000000000e+03,4.435527444002218544e-06
4.075000000000000000e+03,4.433039521245518699e-06
4.076000000000000000e+03,4.431733032106421888e-06
4.077000000000000000e+03,4.429813543538330123e-06
4.078000000000000000e+03,4.428705778991570696e-06
4.079000000000000000e+03,4.427341536938911304e-06
4.080000000000000000e+03,4.425035967869916931e-06
4.081000000000000000e+03,4.422531674208585173e-06
4.082000000000000000e+03,4.420623554324265569e-06
4.083000000000000000e+03,4.418362095748307183e-06
4.084000000000000000e+03,4.417825039126910269e-06
4.085000000000000000e+03,4.416192950884578750e-06
4.086000000000000000e+03,4.415006515046115965e-06
4.087000000000000000e+03,4.413929673319216818e-06
4.088000000000000000e+03,4.412333510117605329e-06
4.089000000000000000e+03,4.411828740558121353e-06
4.090000000000000000e+03,4.408974291436607018e-06
4.091000000000000000e+03,4.407840151543496177e-06
4.092000000000000000e+03,4.406265361467376351e-06
4.093000000000000000e+03,4.404361789056565613e-06
4.094000000000000000e+03,4.406303560244850814e-06
4.095000000000000000e+03,4.403061666380381212e-06
4.096000000000000000e+03,4.400678335514385253e-06
4.097000000000000000e+03,4.399231329443864524e-06
4.098000000000000000e+03,4.397646989673376083e-06
4.099000000000000000e+03,4.396210442791925743e-06
4.100000000000000000e+03,4.393963081383844838e-06
4.101000000000000000e+03,4.392602932057343423e-06
4.102000000000000000e+03,4.390774392959428951e-06
4.103000000000000000e+03,4.389517016534227878e-06
4.104000000000000000e+03,4.388333309179870412e-06
4.105000000000000000e+03,4.387060926092090085e-06
4.106000000000000000e+03,4.384741714602569118e-06
4.107000000000000000e+03,4.383638952276669443e-06
4.108000000000000000e+03,4.381758117233403027e-06
4.109000000000000000e+03,4.380528025649255142e-06
4.110000000000000000e+03,4.378310222818981856e-06
4.111000000000000000e+03,4.375688149593770504e-06
4.112000000000000000e+03,4.376614015200175345e-06
4.113000000000000000e+03,4.374198397272266448e-06
4.114000000000000000e+03,4.372446255729300901e-06
4.115000000000000000e+03,4.371206614450784400e-06
4.116000000000000000e+03,4.370026090327883139e-06
4.117000000000000000e+03,4.368357622297480702e-06
4.118000000000000000e+03,4.366094799479469657e-06
4.119000000000000000e+03,4.363677817309508100e-06
4.120000000000000000e+03,4.362081199360545725e-06
4.121000000000000000e+03,4.360546881798654795e-06
4.122000000000000000e+03,4.359020294941728935e-06
4.123000000000000000e+03,4.355962573754368350e-06
4.124000000000000000e+03,4.353895292297238484e-06
4.125000000000000000e+03,4.358637397672282532e-06
4.126000000000000000e+03,4.353377335064578801e-06
4.127000000000000000e+03,4.352105406724149361e-06
4.128000000000000000e+03,4.351511506683891639e-06
4.129000000000000000e+03,4.350291419541463256e-06
4.130000000000000000e+03,4.348763013695133850e-06
4.131000000000000000e+03,4.345848992670653388e-06
4.132000000000000000e+03,4.345551133155822754e-06
4.133000000000000000e+03,4.343765795056242496e-06
4.134000000000000000e+03,4.340567102190107107e-06
4.135000000000000000e+03,4.338645339885260910e-06
4.136000000000000000e+03,4.336020538175944239e-06
4.137000000000000000e+03,4.336919573688646778e-06
4.138000000000000000e+03,4.335263838584069163e-06
4.139000000000000000e+03,4.333985089033376426e-06
4.140000000000000000e+03,4.332661774242296815e-06
4.141000000000000000e+03,4.331495802034623921e-06
4.142000000000000000e+03,4.328744125814409927e-06
4.143000000000000000e+03,4.328557224653195590e-06
4.144000000000000000e+03,4.326815997046651319e-06
4.145000000000000000e+03,4.324519522924674675e-06
4.146000000000000000e+03,4.322825589042622596e-06
4.147000000000000000e+03,4.320319931139238179e-06
4.148000000000000000e+03,4.316448212193790823e-06
4.149000000000000000e+03,4.317249931773403659e-06
4.150000000000000000e+03,4.314552825235296041e-06
4.151000000000000000e+03,4.312119472160702571e-06
4.152000000000000000e+03,4.310708391130901873e-06
4.153000000000000000e+03,4.309457381168613210e-06
4.154000000000000000e+03,4.308540155761875212e-06
4.155000000000000000e+03,4.307270955905551091e-06
4.156000000000000000e+03,4.305651600589044392e-06
4.157000000000000000e+03,4.303789864934515208e-06
4.158000000000000000e+03,4.301973604015074670e-06
4.159000000000000000e+03,4.301371518522500992e-06
4.160000000000000000e+03,4.298619842302286997e-06
4.161000000000000000e+03,4.298087333154398948e-06
4.162000000000000000e+03,4.297005034459289163e-06
4.163000000000000000e+03,4.295673079468542710e-06
4.164000000000000000e+03,4.292887297197012231e-06
4.165000000000000000e+03,4.289090611564461142e-06
4.166000000000000000e+03,4.286348939785966650e-06
4.167000000000000000e+03,4.284976057533640414e-06
4.168000000000000000e+03,4.283853286324301735e-06
4.169000000000000000e+03,4.281974270270438865e-06
4.170000000000000000e+03,4.278945198166184127e-06
4.171000000000000000e+03,4.276525942259468138e-06
4.172000000000000000e+03,4.273849754099501297e-06
4.173000000000000000e+03,4.272256774129346013e-06
4.174000000000000000e+03,4.271126726962393150e-06
4.175000000000000000e+03,4.268050815880997106e-06
4.176000000000000000e+03,4.264339622750412673e-06
4.177000000000000000e+03,4.264594736014259979e-06
4.178000000000000000e+03,4.261976300767855719e-06
4.179000000000000000e+03,4.259204615664202720e-06
4.180000000000000000e+03,4.257447926647728309e-06
4.181000000000000000e+03,4.255326075508492067e-06
4.182000000000000000e+03,4.252676717442227527e-06
4.183000000000000000e+03,4.250879101164173335e-06
4.184000000000000000e+03,4.249784524290589616e-06
4.185000000000000000e+03,4.248870027367956936e-06
4.186000000000000000e+03,4.247570814186474308e-06
4.187000000000000000e+03,4.245061518304282799e-06
4.188000000000000000e+03,4.242261184117523953e-06
4.189000000000000000e+03,4.240224825480254367e-06
4.190000000000000000e+03,4.238653218635590747e-06
4.191000000000000000e+03,4.237173016008455306e-06
4.192000000000000000e+03,4.236080258124275133e-06
4.193000000000000000e+03,4.233153049426618963e-06
4.194000000000000000e+03,4.231756975059397519e-06
4.195000000000000000e+03,4.228513716952875257e-06
4.196000000000000000e+03,4.227156296110479161e-06
4.197000000000000000e+03,4.225885732012102380e-06
4.198000000000000000e+03,4.224813892506062984e-06
4.199000000000000000e+03,4.223285486659733579e-06
4.200000000000000000e+03,4.221489234623732045e-06
4.201000000000000000e+03,4.220732080284506083e-06
4.202000000000000000e+03,4.219863058096962050e-06
4.203000000000000000e+03,4.217824425722938031e-06
4.204000000000000000e+03,4.220353275741217658e-06
4.205000000000000000e+03,4.216918568999972194e-06
4.206000000000000000e+03,4.214547971059801057e-06
4.207000000000000000e+03,4.212354724586475641e-06
4.208000000000000000e+03,4.211612576909828931e-06
4.209000000000000000e+03,4.209116468700813130e-06
4.210000000000000000e+03,4.207996880722930655e-06
4.211000000000000000e+03,4.206012818031013012e-06
4.212000000000000000e+03,4.203824119031196460e-06
4.213000000000000000e+03,4.203711341688176617e-06
4.214000000000000000e+03,4.202704985800664872e-06
4.215000000000000000e+03,4.201350293442374095e-06
4.216000000000000000e+03,4.200509010843234137e-06
4.217000000000000000e+03,4.198732312943320721e-06
4.218000000000000000e+03,4.196343525109114125e-06
4.219000000000000000e+03,4.194543635094305500e-06
4.220000000000000000e+03,4.193126187601592392e-06
4.221000000000000000e+03,4.192048891127342358e-06
4.222000000000000000e+03,4.190769686829298735e-06
4.223000000000000000e+03,4.189481387584237382e-06
4.224000000000000000e+03,4.187662398180691525e-06
4.225000000000000000e+03,4.186308160569751635e-06
4.226000000000000000e+03,4.183724286122014746e-06
4.227000000000000000e+03,4.180808900855481625e-06
4.228000000000000000e+03,4.178526069154031575e-06
4.229000000000000000e+03,4.176793026999803260e-06
4.230000000000000000e+03,4.174396508460631594e-06
4.231000000000000000e+03,4.171480213699396700e-06
4.232000000000000000e+03,4.170711690676398575e-06
4.233000000000000000e+03,4.168646682956023142e-06
4.234000000000000000e+03,4.167626684647984803e-06
4.235000000000000000e+03,4.166037797403987497e-06
4.236000000000000000e+03,4.164392521488480270e-06
4.237000000000000000e+03,4.172701210336526856e-06
4.238000000000000000e+03,4.163730409345589578e-06
4.239000000000000000e+03,4.162798177276272327e-06
4.240000000000000000e+03,4.161883680353639647e-06
4.241000000000000000e+03,4.160949174547567964e-06
4.242000000000000000e+03,4.159411219006869942e-06
4.243000000000000000e+03,4.157459898124216124e-06
4.244000000000000000e+03,4.156293016421841457e-06
4.245000000000000000e+03,4.154802354605635628e-06
4.246000000000000000e+03,4.153984718868741766e-06
4.247000000000000000e+03,4.153138434048742056e-06
4.248000000000000000e+03,4.151154826104175299e-06
4.249000000000000000e+03,4.149890628468710929e-06
4.250000000000000000e+03,4.148049811192322522e-06
4.251000000000000000e+03,4.147076651861425489e-06
4.252000000000000000e+03,4.145857019466347992e-06
4.253000000000000000e+03,4.148452717345207930e-06
4.254000000000000000e+03,4.145144885114859790e-06
4.255000000000000000e+03,4.143715614191023633e-06
4.256000000000000000e+03,4.142337729717837647e-06
4.257000000000000000e+03,4.141019871894968674e-06
4.258000000000000000e+03,4.138969416089821607e-06
4.259000000000000000e+03,4.135277322347974405e-06
4.260000000000000000e+03,4.141561930737225339e-06
4.261000000000000000e+03,4.134013124712510034e-06
4.262000000000000000e+03,4.131797140871640295e-06
4.263000000000000000e+03,4.130308298044838011e-06
4.264000000000000000e+03,4.128180989937391132e-06
4.265000000000000000e+03,4.126876774535048753e-06
4.266000000000000000e+03,4.123955477552954108e-06
4.267000000000000000e+03,4.122440714127151296e-06
4.268000000000000000e+03,4.121045549254631624e-06
4.269000000000000000e+03,4.119617187825497240e-06
4.270000000000000000e+03,4.117717253393493593e-06
4.271000000000000000e+03,4.115288902539759874e-06
4.272000000000000000e+03,4.114114744879771024e-06
4.273000000000000000e+03,4.113112481718417257e-06
4.274000000000000000e+03,4.112181613891152665e-06
4.275000000000000000e+03,4.109700057597365230e-06
4.276000000000000000e+03,4.112182068638503551e-06
4.277000000000000000e+03,4.108529537916183472e-06
4.278000000000000000e+03,4.106269898329628631e-06
4.279000000000000000e+03,4.104576873942278326e-06
4.280000000000000000e+03,4.104722847841912881e-06
4.281000000000000000e+03,4.103919764020247385e-06
4.282000000000000000e+03,4.102847924514207989e-06
4.283000000000000000e+03,4.101735157746588811e-06
4.284000000000000000e+03,4.100587375432951376e-06
4.285000000000000000e+03,4.099786110600689426e-06
4.286000000000000000e+03,4.099112175026675686e-06
4.287000000000000000e+03,4.097632881894242018e-06
4.288000000000000000e+03,4.096165866940282285e-06
4.289000000000000000e+03,4.094441919733071700e-06
4.290000000000000000e+03,4.093084498890675604e-06
4.291000000000000000e+03,4.091839855391299352e-06
4.292000000000000000e+03,4.090832135261734948e-06
4.293000000000000000e+03,4.089029971510171890e-06
4.294000000000000000e+03,4.088167315785540268e-06
4.295000000000000000e+03,4.086849003215320408e-06
4.296000000000000000e+03,4.085251475771656260e-06
4.297000000000000000e+03,4.083953626832226291e-06
4.298000000000000000e+03,4.082253326487261802e-06
4.299000000000000000e+03,4.079823156644124538e-06
4.300000000000000000e+03,4.078373876836849377e-06
4.301000000000000000e+03,4.076045115652959794e-06
4.302000000000000000e+03,4.074948265042621642e-06
4.303000000000000000e+03,4.074189746461343020e-06
4.304000000000000000e+03,4.073395302839344367e-06
4.305000000000000000e+03,4.072651336173294112e-06
4.306000000000000000e+03,4.071318016940494999e-06
4.307000000000000000e+03,4.071675903105642647e-06
4.308000000000000000e+03,4.070560407853918150e-06
4.309000000000000000e+03,4.069726401212392375e-06
4.310000000000000000e+03,4.068712314619915560e-06
4.311000000000000000e+03,4.068283942615380511e-06
4.312000000000000000e+03,4.067640020366525277e-06
4.313000000000000000e+03,4.066891506226966158e-06
4.314000000000000000e+03,4.066318524564849213e-06
4.315000000000000000e+03,4.065273060405161232e-06
4.316000000000000000e+03,4.063412688992684707e-06
4.317000000000000000e+03,4.061274466948816553e-06
4.318000000000000000e+03,4.059655111632309854e-06
4.319000000000000000e+03,4.058123522554524243e-06
4.320000000000000000e+03,4.057063961226958781e-06
4.321000000000000000e+03,4.056180387124186382e-06
4.322000000000000000e+03,4.055701538163702935e-06
4.323000000000000000e+03,4.053031261719297618e-06
4.324000000000000000e+03,4.052151780342683196e-06
4.325000000000000000e+03,4.050716597703285515e-06
4.326000000000000000e+03,4.050082679896149784e-06
4.327000000000000000e+03,4.048649316246155649e-06
4.328000000000000000e+03,4.047492438985500485e-06
4.329000000000000000e+03,4.046459707751637325e-06
4.330000000000000000e+03,4.044912202516570687e-06
4.331000000000000000e+03,4.042516593472100794e-06
4.332000000000000000e+03,4.040498879476217553e-06
4.333000000000000000e+03,4.039078703499399126e-06
4.334000000000000000e+03,4.037302915094187483e-06
4.335000000000000000e+03,4.036320660816272721e-06
4.336000000000000000e+03,4.035007805214263499e-06
4.337000000000000000e+03,4.033322056784527376e-06
4.338000000000000000e+03,4.032477136206580326e-06
4.339000000000000000e+03,4.030983745906269178e-06
4.340000000000000000e+03,4.029710908071137965e-06
4.341000000000000000e+03,4.028417151857865974e-06
4.342000000000000000e+03,4.026560418424196541e-06
4.343000000000000000e+03,4.026191163575276732e-06
4.344000000000000000e+03,4.023858309665229172e-06
4.345000000000000000e+03,4.023275323561392725e-06
4.346000000000000000e+03,4.022348093712935224e-06
4.347000000000000000e+03,4.022074335807701573e-06
4.348000000000000000e+03,4.021278073196299374e-06
4.349000000000000000e+03,4.021061613457277417e-06
4.350000000000000000e+03,4.020181222585961223e-06
4.351000000000000000e+03,4.018389972770819440e-06
4.352000000000000000e+03,4.016944330942351371e-06
4.353000000000000000e+03,4.015234935650369152e-06
4.354000000000000000e+03,4.014440946775721386e-06
4.355000000000000000e+03,4.013569650851422921e-06
4.356000000000000000e+03,4.012495992355979979e-06
4.357000000000000000e+03,4.010903012385824695e-06
4.358000000000000000e+03,4.009530130133498460e-06
4.359000000000000000e+03,4.008267751487437636e-06
4.360000000000000000e+03,4.007438292319420725e-06
4.361000000000000000e+03,4.006169547210447490e-06
4.362000000000000000e+03,4.003963567811297253e-06
4.363000000000000000e+03,4.002084551757434383e-06
4.364000000000000000e+03,4.003641151939518750e-06
4.365000000000000000e+03,4.001434717793017626e-06
4.366000000000000000e+03,4.000478384114103392e-06
4.367000000000000000e+03,3.999902219220530242e-06
4.368000000000000000e+03,3.999003183707827702e-06
4.369000000000000000e+03,3.997468866145936772e-06
4.370000000000000000e+03,3.995947736257221550e-06
4.371000000000000000e+03,3.993951395386829972e-06
4.372000000000000000e+03,3.992562142229871824e-06
4.373000000000000000e+03,3.990514414908830076e-06
4.374000000000000000e+03,3.987275249528465793e-06
4.375000000000000000e+03,3.985783678217558190e-06
4.376000000000000000e+03,3.982218913733959198e-06
4.377000000000000000e+03,3.981028385169338435e-06
4.378000000000000000e+03,3.979744178650435060e-06
4.379000000000000000e+03,3.978760105383116752e-06
4.380000000000000000e+03,3.977267624577507377e-06
4.381000000000000000e+03,3.975375875597819686e-06
4.382000000000000000e+03,3.974517767346696928e-06
4.383000000000000000e+03,3.971806108893360943e-06
4.384000000000000000e+03,3.969144017901271582e-06
4.385000000000000000e+03,3.967085376643808559e-06
4.386000000000000000e+03,3.965537416661391035e-06
4.387000000000000000e+03,3.963721610489301383e-06
4.388000000000000000e+03,3.962407845392590389e-06
4.389000000000000000e+03,3.961235961469355971e-06
4.390000000000000000e+03,3.959947662224294618e-06
4.391000000000000000e+03,3.957768058171495795e-06
4.392000000000000000e+03,3.955688498535891995e-06
4.393000000000000000e+03,3.953902250941609964e-06
4.394000000000000000e+03,3.952476163249230012e-06
4.395000000000000000e+03,3.950591690227156505e-06
4.396000000000000000e+03,3.949584879592293873e-06
4.397000000000000000e+03,3.946845936297904700e-06
4.398000000000000000e+03,3.949571237171767280e-06
4.399000000000000000e+03,3.946199285564944148e-06
4.400000000000000000e+03,3.945254775317152962e-06
4.401000000000000000e+03,3.943029241781914607e-06
4.402000000000000000e+03,3.943688625440699980e-06
4.403000000000000000e+03,3.942166586057282984e-06
4.404000000000000000e+03,3.940710030292393640e-06
4.405000000000000000e+03,3.939446742151631042e-06
4.406000000000000000e+03,3.937750534532824531e-06
4.407000000000000000e+03,3.934746928280219436e-06
4.408000000000000000e+03,3.941950126318261027e-06
4.409000000000000000e+03,3.933757852792041376e-06
4.410000000000000000e+03,3.931880655727582052e-06
4.411000000000000000e+03,3.930260845663724467e-06
4.412000000000000000e+03,3.928224941773805767e-06
4.413000000000000000e+03,3.925222699763253331e-06
4.414000000000000000e+03,3.921155439456924796e-06
4.415000000000000000e+03,3.916885361832100898e-06
4.416000000000000000e+03,3.914775788871338591e-06
4.417000000000000000e+03,3.913899490726180375e-06
4.418000000000000000e+03,3.912667125405278057e-06
4.419000000000000000e+03,3.911497060471447185e-06
4.420000000000000000e+03,3.909315637429244816e-06
4.421000000000000000e+03,3.911632120434660465e-06
4.422000000000000000e+03,3.908674443664494902e-06
4.423000000000000000e+03,3.907508471456822008e-06
4.424000000000000000e+03,3.906497568095801398e-06
4.425000000000000000e+03,3.904830464307451621e-06
4.426000000000000000e+03,3.903219749190611765e-06
4.427000000000000000e+03,3.905292032868601382e-06
4.428000000000000000e+03,3.902210664818994701e-06
4.429000000000000000e+03,3.900440788129344583e-06
4.430000000000000000e+03,3.898877366736996919e-06
4.431000000000000000e+03,3.897684109688270837e-06
4.432000000000000000e+03,3.896022008120780811e-06
4.433000000000000000e+03,3.893470875482307747e-06
4.434000000000000000e+03,3.890661446348531172e-06
4.435000000000000000e+03,3.889277650159783661e-06
4.436000000000000000e+03,3.887914317601826042e-06
4.437000000000000000e+03,3.887092589138774201e-06
4.438000000000000000e+03,3.885422756866319105e-06
4.439000000000000000e+03,3.883661520376335829e-06
4.440000000000000000e+03,3.881591055687749758e-06
4.441000000000000000e+03,3.879253654304193333e-06
4.442000000000000000e+03,3.875945822073845193e-06
4.443000000000000000e+03,3.872501110890880227e-06
4.444000000000000000e+03,3.869698957714717835e-06
4.445000000000000000e+03,3.867674877255922183e-06
4.446000000000000000e+03,3.865822236548410729e-06
4.447000000000000000e+03,3.864408881781855598e-06
4.448000000000000000e+03,3.862899575324263424e-06
4.449000000000000000e+03,3.860925062326714396e-06
4.450000000000000000e+03,3.859017397189745679e-06
4.451000000000000000e+03,3.858488980768015608e-06
4.452000000000000000e+03,3.856279818137409166e-06
4.453000000000000000e+03,3.855679096886888146e-06
4.454000000000000000e+03,3.854841907013906166e-06
4.455000000000000000e+03,3.853360794892068952e-06
4.456000000000000000e+03,3.851462224702117965e-06
4.457000000000000000e+03,3.850053872156422585e-06
4.458000000000000000e+03,3.848898359137820080e-06
4.459000000000000000e+03,3.847666448564268649e-06
4.460000000000000000e+03,3.845753326459089294e-06
4.461000000000000000e+03,3.842627847916446626e-06
4.462000000000000000e+03,3.839562850771471858e-06
4.463000000000000000e+03,3.837691110675223172e-06
4.464000000000000000e+03,3.836143605440156534e-06
4.465000000000000000e+03,3.835092684312257916e-06
4.466000000000000000e+03,3.833812570519512519e-06
4.467000000000000000e+03,3.831072262983070686e-06
4.468000000000000000e+03,3.828163244179449975e-06
4.469000000000000000e+03,3.836802534351591021e-06
4.470000000000000000e+03,3.827030013781040907e-06
4.471000000000000000e+03,3.825377461907919496e-06
4.472000000000000000e+03,3.823949555226135999e-06
4.473000000000000000e+03,3.822761755145620555e-06
4.474000000000000000e+03,3.821349309873767197e-06
4.475000000000000000e+03,3.819344328803708777e-06
4.476000000000000000e+03,3.818329332716530189e-06
4.477000000000000000e+03,3.819861376541666687e-06
4.478000000000000000e+03,3.817850938503397629e-06
4.479000000000000000e+03,3.816885964624816552e-06
4.480000000000000000e+03,3.815949185081990436e-06
4.481000000000000000e+03,3.814696128756622784e-06
4.482000000000000000e+03,3.813128159890766256e-06
4.483000000000000000e+03,3.811308260992518626e-06
4.484000000000000000e+03,3.809726877079810947e-06
4.485000000000000000e+03,3.808859673881670460e-06
4.486000000000000000e+03,3.807913799391826615e-06
4.487000000000000000e+03,3.807127768595819362e-06
4.488000000000000000e+03,3.805132109846454114e-06
4.489000000000000000e+03,3.816982371063204482e-06
4.490000000000000000e+03,3.804326752288034186e-06
4.491000000000000000e+03,3.802893616011715494e-06
4.492000000000000000e+03,3.801985030804644339e-06
4.493000000000000000e+03,3.801524599111871794e-06
4.494000000000000000e+03,3.800116928687202744e-06
4.495000000000000000e+03,3.799114438152173534e-06
4.496000000000000000e+03,3.797293402385548688e-06
4.497000000000000000e+03,3.795964630626258440e-06
4.498000000000000000e+03,3.794966687564738095e-06
4.499000000000000000e+03,3.793503310589585453e-06
4.500000000000000000e+03,3.792593361140461639e-06
4.501000000000000000e+03,3.790307800954906270e-06
4.502000000000000000e+03,3.789629772654734552e-06
4.503000000000000000e+03,3.788138883464853279e-06
4.504000000000000000e+03,3.786260549532016739e-06
4.505000000000000000e+03,3.785097987929475494e-06
4.506000000000000000e+03,3.783414513236493804e-06
4.507000000000000000e+03,3.782389967454946600e-06
4.508000000000000000e+03,3.780665565500385128e-06
4.509000000000000000e+03,3.780297902267193422e-06
4.510000000000000000e+03,3.778080554184271023e-06
4.511000000000000000e+03,3.777166739382664673e-06
4.512000000000000000e+03,3.776254516196786426e-06
4.513000000000000000e+03,3.775137201955658384e-06
4.514000000000000000e+03,3.774359129238291644e-06
4.515000000000000000e+03,3.772560830839211121e-06
4.516000000000000000e+03,3.771925776163698174e-06
4.517000000000000000e+03,3.770858029383816756e-06
4.518000000000000000e+03,3.769096338146482594e-06
4.519000000000000000e+03,3.767182761293952353e-06
4.520000000000000000e+03,3.765490191653952934e-06
4.521000000000000000e+03,3.763146423807484098e-06
4.522000000000000000e+03,3.761387688427930698e-06
4.523000000000000000e+03,3.759958644877769984e-06
4.524000000000000000e+03,3.758303137146867812e-06
4.525000000000000000e+03,3.757452986974385567e-06
4.526000000000000000e+03,3.755119450943311676e-06
4.527000000000000000e+03,3.752433485715300776e-06
4.528000000000000000e+03,3.756840897040092386e-06
4.529000000000000000e+03,3.751496706172474660e-06
4.530000000000000000e+03,3.749263214558595791e-06
4.531000000000000000e+03,3.747989239855087362e-06
4.532000000000000000e+03,3.746499032786232419e-06
4.533000000000000000e+03,3.750459882212453522e-06
4.534000000000000000e+03,3.745961294043809175e-06
4.535000000000000000e+03,3.745103640540037304e-06
4.536000000000000000e+03,3.744045670828199945e-06
4.537000000000000000e+03,3.743013849089038558e-06
4.538000000000000000e+03,3.741370619536610320e-06
4.539000000000000000e+03,3.738836312550120056e-06
4.540000000000000000e+03,3.745035883184755221e-06
4.541000000000000000e+03,3.738076884474139661e-06
4.542000000000000000e+03,3.736286316780024208e-06
4.543000000000000000e+03,3.734991651072050445e-06
4.544000000000000000e+03,3.732715640580863692e-06
4.545000000000000000e+03,3.733125367944012396e-06
4.546000000000000000e+03,3.732137429324211553e-06
4.547000000000000000e+03,3.731086962943663821e-06
4.548000000000000000e+03,3.730006483237957582e-06
4.549000000000000000e+03,3.728445335582364351e-06
4.550000000000000000e+03,3.726832119355094619e-06
4.551000000000000000e+03,3.725147962541086599e-06
4.552000000000000000e+03,3.726771410583751276e-06
4.553000000000000000e+03,3.724471753230318427e-06
4.554000000000000000e+03,3.723637064467766322e-06
4.555000000000000000e+03,3.722796691363328137e-06
4.556000000000000000e+03,3.721479743035160936e-06
4.557000000000000000e+03,3.720079348568106070e-06
4.558000000000000000e+03,3.718082552950363606e-06
4.559000000000000000e+03,3.717232402777881362e-06
4.560000000000000000e+03,3.716390892805065960e-06
4.561000000000000000e+03,3.715487309818854555e-06
4.562000000000000000e+03,3.713865680765593424e-06
4.563000000000000000e+03,3.713899786816909909e-06
4.564000000000000000e+03,3.712800207722466439e-06
4.565000000000000000e+03,3.711637191372574307e-06
4.566000000000000000e+03,3.709660404638270847e-06
4.567000000000000000e+03,3.707934183694305830e-06
4.568000000000000000e+03,3.708591293616336770e-06
4.569000000000000000e+03,3.706968527694698423e-06
4.570000000000000000e+03,3.705467634063097648e-06
4.571000000000000000e+03,3.704593382281018421e-06
4.572000000000000000e+03,3.703847596625564620e-06
4.573000000000000000e+03,3.702413323480868712e-06
4.574000000000000000e+03,3.704360096890013665e-06
4.575000000000000000e+03,3.701498826558236033e-06
4.576000000000000000e+03,3.700096840475453064e-06
4.577000000000000000e+03,3.698575483213062398e-06
4.578000000000000000e+03,3.697604597618919797e-06
4.579000000000000000e+03,3.696558906085556373e-06
4.580000000000000000e+03,3.695511168189113960e-06
4.581000000000000000e+03,3.694849510793574154e-06
4.582000000000000000e+03,3.694099632411962375e-06
4.583000000000000000e+03,3.693312464747577906e-06
4.584000000000000000e+03,3.692001200761296786e-06
4.585000000000000000e+03,3.691081701617804356e-06
4.586000000000000000e+03,3.689786126415128820e-06
4.587000000000000000e+03,3.688476908791926689e-06
4.588000000000000000e+03,3.687480102598783560e-06
4.589000000000000000e+03,3.687257731144200079e-06
4.590000000000000000e+03,3.685523552121594548e-06
4.591000000000000000e+03,3.684594503283733502e-06
4.592000000000000000e+03,3.683628165163099766e-06
4.593000000000000000e+03,3.681864200189011171e-06
4.594000000000000000e+03,3.682915121316909790e-06
4.595000000000000000e+03,3.680824192997533828e-06
4.596000000000000000e+03,3.679160499814315699e-06
4.597000000000000000e+03,3.678248731375788338e-06
4.598000000000000000e+03,3.676456572065944783e-06
4.599000000000000000e+03,3.674271283671259880e-06
4.600000000000000000e+03,3.672843831736827269e-06
4.601000000000000000e+03,3.671547119665774517e-06
4.602000000000000000e+03,3.670813839562470093e-06
4.603000000000000000e+03,3.670125806820578873e-06
4.604000000000000000e+03,3.668980980364722200e-06
4.605000000000000000e+03,3.667653345473809168e-06
4.606000000000000000e+03,3.666939619506592862e-06
4.607000000000000000e+03,3.665513531814212911e-06
4.608000000000000000e+03,3.664157475213869475e-06
4.609000000000000000e+03,3.662104063550941646e-06
4.610000000000000000e+03,3.661194796222844161e-06
4.611000000000000000e+03,3.659753474494209513e-06
4.612000000000000000e+03,3.658841251308331266e-06
4.613000000000000000e+03,3.657453589767101221e-06
4.614000000000000000e+03,3.655341970443259925e-06
4.615000000000000000e+03,3.663278675958281383e-06
4.616000000000000000e+03,3.654771262517897412e-06
4.617000000000000000e+03,3.653334033515420742e-06
4.618000000000000000e+03,3.652221721495152451e-06
4.619000000000000000e+03,3.650596681836759672e-06
4.620000000000000000e+03,3.649195377875003032e-06
4.621000000000000000e+03,3.647769972303649411e-06
4.622000000000000000e+03,3.645895048975944519e-06
4.623000000000000000e+03,3.644171329142409377e-06
4.624000000000000000e+03,3.643381660367595032e-06
4.625000000000000000e+03,3.642195451902807690e-06
4.626000000000000000e+03,3.640712748165242374e-06
4.627000000000000000e+03,3.640057911979965866e-06
4.628000000000000000e+03,3.638701173258596100e-06
4.629000000000000000e+03,3.637151394286775030e-06
4.630000000000000000e+03,3.638432872321573086e-06
4.631000000000000000e+03,3.636574774645850994e-06
4.632000000000000000e+03,3.634914719441439956e-06
4.633000000000000000e+03,3.633870846897480078e-06
4.634000000000000000e+03,3.632294465205632150e-06
4.635000000000000000e+03,3.630621449701720849e-06
4.636000000000000000e+03,3.629426601037266664e-06
4.637000000000000000e+03,3.628258355092839338e-06
4.638000000000000000e+03,3.627391606642049737e-06
4.639000000000000000e+03,3.626469606388127431e-06
4.640000000000000000e+03,3.624733608376118354e-06
4.641000000000000000e+03,3.623291831900132820e-06
4.642000000000000000e+03,3.621849145929445513e-06
4.643000000000000000e+03,3.620304823925835080e-06
4.644000000000000000e+03,3.618164328145212494e-06
4.645000000000000000e+03,3.615028845160850324e-06
4.646000000000000000e+03,3.619797553255921230e-06
4.647000000000000000e+03,3.613277613112586550e-06
4.648000000000000000e+03,3.611729653130169027e-06
4.649000000000000000e+03,3.609918849178939126e-06
4.650000000000000000e+03,3.609995474107563496e-06
4.651000000000000000e+03,3.609235591284232214e-06
4.652000000000000000e+03,3.607883400036371313e-06
4.653000000000000000e+03,3.605879101087339222e-06
4.654000000000000000e+03,3.603471441238070838e-06
4.655000000000000000e+03,3.600555601224186830e-06
4.656000000000000000e+03,3.597716158765251748e-06
4.657000000000000000e+03,3.597812792577315122e-06
4.658000000000000000e+03,3.596639317038352601e-06
4.659000000000000000e+03,3.595646148824016564e-06
4.660000000000000000e+03,3.594501777115510777e-06
4.661000000000000000e+03,3.593005885704769753e-06
4.662000000000000000e+03,3.590358801375259645e-06
4.663000000000000000e+03,3.589927700886619277e-06
4.664000000000000000e+03,3.587070750654675066e-06
4.665000000000000000e+03,3.586238335628877394e-06
4.666000000000000000e+03,3.585450031096115708e-06
4.667000000000000000e+03,3.584277692425530404e-06
4.668000000000000000e+03,3.582115141398389824e-06
4.669000000000000000e+03,3.580322527341195382e-06
4.670000000000000000e+03,3.577516281438875012e-06
4.671000000000000000e+03,3.575406253730761819e-06
4.672000000000000000e+03,3.574357151592266746e-06
4.673000000000000000e+03,3.572397417883621529e-06
4.674000000000000000e+03,3.571384013412171043e-06
4.675000000000000000e+03,3.570076387404697016e-06
4.676000000000000000e+03,3.568203737813746557e-06
4.677000000000000000e+03,3.565676024663844146e-06
4.678000000000000000e+03,3.568846068446873687e-06
4.679000000000000000e+03,3.564352482499089092e-06
4.680000000000000000e+03,3.563168547771056183e-06
4.681000000000000000e+03,3.561132871254812926e-06
4.682000000000000000e+03,3.559751121429144405e-06
4.683000000000000000e+03,3.557565150913433172e-06
4.684000000000000000e+03,3.555829380275099538e-06
4.685000000000000000e+03,3.554526983862160705e-06
4.686000000000000000e+03,3.553307124093407765e-06
4.687000000000000000e+03,3.552115686034085229e-06
4.688000000000000000e+03,3.550610699676326476e-06
4.689000000000000000e+03,3.549739631125703454e-06
4.690000000000000000e+03,3.548181894075241871e-06
4.691000000000000000e+03,3.546903371898224577e-06
4.692000000000000000e+03,3.545135996319004335e-06
4.693000000000000000e+03,3.544130095178843476e-06
4.694000000000000000e+03,3.542721970006823540e-06
4.695000000000000000e+03,3.541814066920778714e-06
4.696000000000000000e+03,3.540867282936233096e-06
4.697000000000000000e+03,3.539574890965013765e-06
4.698000000000000000e+03,3.540317720762686804e-06
4.699000000000000000e+03,3.538877535902429372e-06
4.700000000000000000e+03,3.538201326591661200e-06
4.701000000000000000e+03,3.536881422405713238e-06
4.702000000000000000e+03,3.535220685080275871e-06
4.703000000000000000e+03,3.533837571012554690e-06
4.704000000000000000e+03,3.531201173245790415e-06
4.705000000000000000e+03,3.530211643010261469e-06
4.706000000000000000e+03,3.529340119712287560e-06
4.707000000000000000e+03,3.528528395690955222e-06
4.708000000000000000e+03,3.527416311044362374e-06
4.709000000000000000e+03,3.526205546222627163e-06
4.710000000000000000e+03,3.525551846905727871e-06
4.711000000000000000e+03,3.524684643707587384e-06
4.712000000000000000e+03,3.523141231198678724e-06
4.713000000000000000e+03,3.521901362546486780e-06
4.714000000000000000e+03,3.520324753480963409e-06
4.715000000000000000e+03,3.519111032801447436e-06
4.716000000000000000e+03,3.517958930387976579e-06
4.717000000000000000e+03,3.517016011755913496e-06
4.718000000000000000e+03,3.516099695843877271e-06
4.719000000000000000e+03,3.515455773595022038e-06
4.720000000000000000e+03,3.514642912705312483e-06
4.721000000000000000e+03,3.514134050419670530e-06
4.722000000000000000e+03,3.511804379741079174e-06
4.723000000000000000e+03,3.509097496134927496e-06
4.724000000000000000e+03,3.506396069496986456e-06
4.725000000000000000e+03,3.504653705022064969e-06
4.726000000000000000e+03,3.502802655930281617e-06
4.727000000000000000e+03,3.501227183733135462e-06
4.728000000000000000e+03,3.498800424495129846e-06
4.729000000000000000e+03,3.496528734103776515e-06
4.730000000000000000e+03,3.495111286611063406e-06
4.731000000000000000e+03,3.493756139505421743e-06
4.732000000000000000e+03,3.492778205327340402e-06
4.733000000000000000e+03,3.490263225103262812e-06
4.734000000000000000e+03,3.489199571049539372e-06
4.735000000000000000e+03,3.488097263470990583e-06
4.736000000000000000e+03,3.487392177703441121e-06
4.737000000000000000e+03,3.486207788228057325e-06
4.738000000000000000e+03,3.485095476207789034e-06
4.739000000000000000e+03,3.484249873508815654e-06
4.740000000000000000e+03,3.482420424916199408e-06
4.741000000000000000e+03,3.480520945231546648e-06
4.742000000000000000e+03,3.479038241493981332e-06
4.743000000000000000e+03,3.478401822576415725e-06
4.744000000000000000e+03,3.477434802334755659e-06
4.745000000000000000e+03,3.475423909549135715e-06
4.746000000000000000e+03,3.474447566986782476e-06
4.747000000000000000e+03,3.471841182545176707e-06
4.748000000000000000e+03,3.470439878583420068e-06
4.749000000000000000e+03,3.468835757303168066e-06
4.750000000000000000e+03,3.466337602731073275e-06
4.751000000000000000e+03,3.468790964689105749e-06
4.752000000000000000e+03,3.464877181613701396e-06
4.753000000000000000e+03,3.462870381554239430e-06
4.754000000000000000e+03,3.462259883235674351e-06
4.755000000000000000e+03,3.460861080384347588e-06
4.756000000000000000e+03,3.458503897491027601e-06
4.757000000000000000e+03,3.456684908087481745e-06
4.758000000000000000e+03,3.454890475040883757e-06
4.759000000000000000e+03,3.454094439803157002e-06
4.760000000000000000e+03,3.452306145845795982e-06
4.761000000000000000e+03,3.451146085353684612e-06
4.762000000000000000e+03,3.449415771683561616e-06
4.763000000000000000e+03,3.448351435508811846e-06
4.764000000000000000e+03,3.446425580477807671e-06
4.765000000000000000e+03,3.443992909524240531e-06
4.766000000000000000e+03,3.443083869569818489e-06
4.767000000000000000e+03,3.441823537286836654e-06
4.768000000000000000e+03,3.441189619479700923e-06
4.769000000000000000e+03,3.440110731389722787e-06
4.770000000000000000e+03,3.438130079302936792e-06
4.771000000000000000e+03,3.478575536064454354e-06
4.772000000000000000e+03,3.437719442445086315e-06
4.773000000000000000e+03,3.435942517171497457e-06
4.774000000000000000e+03,3.434304971960955299e-06
4.775000000000000000e+03,3.432837047512293793e-06
4.776000000000000000e+03,3.431377081142272800e-06
4.777000000000000000e+03,3.429345724725862965e-06
4.778000000000000000e+03,3.427796400501392782e-06
4.779000000000000000e+03,3.426852117627277039e-06
4.780000000000000000e+03,3.425851446081651375e-06
4.781000000000000000e+03,3.424623628234257922e-06
4.782000000000000000e+03,3.426032890274655074e-06
4.783000000000000000e+03,3.423676616876036860e-06
4.784000000000000000e+03,3.421798282943200320e-06
4.785000000000000000e+03,3.420751454541459680e-06
4.786000000000000000e+03,3.419332642806693912e-06
4.787000000000000000e+03,3.418030928514781408e-06
4.788000000000000000e+03,3.417262860239134170e-06
4.789000000000000000e+03,3.415913170101703145e-06
4.790000000000000000e+03,3.415245146243250929e-06
4.791000000000000000e+03,3.413812009966932237e-06
4.792000000000000000e+03,3.412679916436900385e-06
4.793000000000000000e+03,3.411880470594041981e-06
4.794000000000000000e+03,3.410887984500732273e-06
4.795000000000000000e+03,3.409851387914386578e-06
4.796000000000000000e+03,3.412876367292483337e-06
4.797000000000000000e+03,3.409077862670528702e-06
4.798000000000000000e+03,3.407038093428127468e-06
4.799000000000000000e+03,3.405757524888031185e-06
4.800000000000000000e+03,3.404078597668558359e-06
4.801000000000000000e+03,3.402099764571175911e-06
4.802000000000000000e+03,3.401023150217952207e-06
4.803000000000000000e+03,3.399514071134035476e-06
4.804000000000000000e+03,3.398784883756889030e-06
4.805000000000000000e+03,3.397115278858109377e-06
4.806000000000000000e+03,3.395401336092618294e-06
4.807000000000000000e+03,3.393954784769448452e-06
4.808000000000000000e+03,3.392696044102194719e-06
4.809000000000000000e+03,3.392045982764102519e-06
4.810000000000000000e+03,3.391082600501249544e-06
4.811000000000000000e+03,3.389332505321362987e-06
4.812000000000000000e+03,3.387513061170466244e-06
4.813000000000000000e+03,3.386634944035904482e-06
4.814000000000000000e+03,3.384960336916265078e-06
4.815000000000000000e+03,3.384118599569774233e-06
4.816000000000000000e+03,3.383073135410086252e-06
4.817000000000000000e+03,3.386311163922073320e-06
4.818000000000000000e+03,3.382547902219812386e-06
4.819000000000000000e+03,3.381343958608340472e-06
4.820000000000000000e+03,3.380099315108964220e-06
4.821000000000000000e+03,3.378914698259904981e-06
4.822000000000000000e+03,3.377725079189985991e-06
4.823000000000000000e+03,3.376907216079416685e-06
4.824000000000000000e+03,3.375494088686536998e-06
4.825000000000000000e+03,3.374699417690862902e-06
4.826000000000000000e+03,3.372746050445130095e-06
4.827000000000000000e+03,3.370399781488231383e-06
4.828000000000000000e+03,3.371271532159880735e-06
4.829000000000000000e+03,3.369079877302283421e-06
4.830000000000000000e+03,3.367099452589172870e-06
4.831000000000000000e+03,3.366096052559441887e-06
4.832000000000000000e+03,3.364801386851468123e-06
4.833000000000000000e+03,3.363379391885246150e-06
4.834000000000000000e+03,3.360720029377262108e-06
4.835000000000000000e+03,3.361739118190598674e-06
4.836000000000000000e+03,3.359314860063022934e-06
4.837000000000000000e+03,3.357860805408563465e-06
4.838000000000000000e+03,3.355955414008349180e-06
4.839000000000000000e+03,3.354276714162551798e-06
4.840000000000000000e+03,3.352955673108226620e-06
4.841000000000000000e+03,3.350972747284686193e-06
4.842000000000000000e+03,3.349677854203036986e-06
4.843000000000000000e+03,3.348682866999297403e-06
4.844000000000000000e+03,3.345714958413736895e-06
4.845000000000000000e+03,3.350729457451961935e-06
4.846000000000000000e+03,3.344691094753216021e-06
4.847000000000000000e+03,3.342535819683689624e-06
4.848000000000000000e+03,3.341092906339326873e-06
4.849000000000000000e+03,3.340938746987376362e-06
4.850000000000000000e+03,3.340070634294534102e-06
4.851000000000000000e+03,3.338979240652406588e-06
4.852000000000000000e+03,3.337766884214943275e-06
4.853000000000000000e+03,3.336543159093707800e-06
4.854000000000000000e+03,3.336381496410467662e-06
4.855000000000000000e+03,3.335645033075707033e-06
4.856000000000000000e+03,3.334356733830645680e-06
4.857000000000000000e+03,3.333055929033434950e-06
4.858000000000000000e+03,3.331267862449749373e-06
4.859000000000000000e+03,3.329034825583221391e-06
4.860000000000000000e+03,3.336566578582278453e-06
4.861000000000000000e+03,3.328538241476053372e-06
4.862000000000000000e+03,3.327017338961013593e-06
4.863000000000000000e+03,3.326184696561540477e-06
4.864000000000000000e+03,3.324875933685689233e-06
4.865000000000000000e+03,3.323656301290611736e-06
4.866000000000000000e+03,3.323062401250354014e-06
4.867000000000000000e+03,3.321194981253938749e-06
4.868000000000000000e+03,3.320506266391021200e-06
4.869000000000000000e+03,3.319383495181682520e-06
4.870000000000000000e+03,3.317942855574074201e-06
4.871000000000000000e+03,3.316247557449969463e-06
4.872000000000000000e+03,3.315909907541936263e-06
4.873000000000000000e+03,3.314156174383242615e-06
4.874000000000000000e+03,3.313387878733919933e-06
4.875000000000000000e+03,3.311927684990223497e-06
4.876000000000000000e+03,3.310169176984345540e-06
4.877000000000000000e+03,3.308416125946678221e-06
4.878000000000000000e+03,3.307061660962062888e-06
4.879000000000000000e+03,3.306113285361789167e-06
4.880000000000000000e+03,3.305320433355518617e-06
4.881000000000000000e+03,3.303133780718781054e-06
4.882000000000000000e+03,3.301018523416132666e-06
4.883000000000000000e+03,3.299672926004859619e-06
4.884000000000000000e+03,3.298744559288024902e-06
4.885000000000000000e+03,3.297805733382119797e-06
4.886000000000000000e+03,3.295824626547982916e-06
4.887000000000000000e+03,3.307906581540009938e-06
4.888000000000000000e+03,3.295256874480401166e-06
4.889000000000000000e+03,3.293983581897919066e-06
4.890000000000000000e+03,3.292598876214469783e-06
4.891000000000000000e+03,3.290838776592863724e-06
4.892000000000000000e+03,3.289020696684019640e-06
4.893000000000000000e+03,3.288979769422439858e-06
4.894000000000000000e+03,3.288040716142859310e-06
4.895000000000000000e+03,3.287008439656347036e-06
4.896000000000000000e+03,3.285601678726379760e-06
4.897000000000000000e+03,3.283830665168352425e-06
4.898000000000000000e+03,3.281470299043576233e-06
4.899000000000000000e+03,3.288284688096609898e-06
4.900000000000000000e+03,3.280979854025645182e-06
4.901000000000000000e+03,3.279696784375119023e-06
4.902000000000000000e+03,3.278710209997370839e-06
4.903000000000000000e+03,3.277681798863341101e-06
4.904000000000000000e+03,3.276262759754899889e-06
4.905000000000000000e+03,3.275657491030870005e-06
4.906000000000000000e+03,3.274247092122095637e-06
4.907000000000000000e+03,3.273753009125357494e-06
4.908000000000000000e+03,3.273022230132482946e-06
4.909000000000000000e+03,3.272122057751403190e-06
4.910000000000000000e+03,3.270958814027835615e-06
4.911000000000000000e+03,3.269406306571909226e-06
4.912000000000000000e+03,3.268711679993430153e-06
4.913000000000000000e+03,3.266989551775623113e-06
4.914000000000000000e+03,3.265804707552888431e-06
4.915000000000000000e+03,3.264183533246978186e-06
4.916000000000000000e+03,3.263755843363469467e-06
4.917000000000000000e+03,3.262950485805049539e-06
4.918000000000000000e+03,3.262492327849031426e-06
4.919000000000000000e+03,3.261657411712803878e-06
4.920000000000000000e+03,3.260320454501197673e-06
4.921000000000000000e+03,3.257698836023337208e-06
4.922000000000000000e+03,3.259566483393427916e-06
4.923000000000000000e+03,3.256448280808399431e-06
4.924000000000000000e+03,3.254921693951473571e-06
4.925000000000000000e+03,3.253747536291484721e-06
4.926000000000000000e+03,3.252515625717933290e-06
4.927000000000000000e+03,3.250656163800158538e-06
4.928000000000000000e+03,3.252797569075482897e-06
4.929000000000000000e+03,3.249800101912114769e-06
4.930000000000000000e+03,3.247818085583276115e-06
4.931000000000000000e+03,3.245947027608053759e-06
4.932000000000000000e+03,3.243779474360053428e-06
4.933000000000000000e+03,3.241751073801424354e-06
4.934000000000000000e+03,3.243637820560252294e-06
4.935000000000000000e+03,3.240581690988619812e-06
4.936000000000000000e+03,3.238733143007266335e-06
4.937000000000000000e+03,3.237166993130813353e-06
4.938000000000000000e+03,3.235851181671023369e-06
4.939000000000000000e+03,3.234221821912797168e-06
4.940000000000000000e+03,3.233538564018090256e-06
4.941000000000000000e+03,3.231768687328440137e-06
4.942000000000000000e+03,3.230898073525168002e-06
4.943000000000000000e+03,3.229561116313561797e-06
4.944000000000000000e+03,3.228232344554271549e-06
4.945000000000000000e+03,3.226263061151257716e-06
4.946000000000000000e+03,3.225392902095336467e-06
4.947000000000000000e+03,3.224095053155906498e-06
4.948000000000000000e+03,3.222186023776885122e-06
4.949000000000000000e+03,3.221457745894440450e-06
4.950000000000000000e+03,3.219183554392657243e-06
4.951000000000000000e+03,3.218508481950266287e-06
4.952000000000000000e+03,3.217435732949525118e-06
4.953000000000000000e+03,3.215815922885667533e-06
4.954000000000000000e+03,3.213382569811074063e-06
4.955000000000000000e+03,3.212652245565550402e-06
4.956000000000000000e+03,3.209587930541601963e-06
4.957000000000000000e+03,3.208501539120334201e-06
4.958000000000000000e+03,3.207268946425756440e-06
4.959000000000000000e+03,3.205296707164961845e-06
4.960000000000000000e+03,3.203596634193672799e-06
4.961000000000000000e+03,3.202102334398659877e-06
4.962000000000000000e+03,3.200564606231637299e-06
4.963000000000000000e+03,3.198549848093534820e-06
4.964000000000000000e+03,3.199588491042959504e-06
4.965000000000000000e+03,3.197702653778833337e-06
4.966000000000000000e+03,3.196528496118844487e-06
4.967000000000000000e+03,3.195204499206738546e-06
4.968000000000000000e+03,3.193810471202596091e-06
4.969000000000000000e+03,3.191441692251828499e-06
4.970000000000000000e+03,3.189656126778572798e-06
4.971000000000000000e+03,3.187764377798885107e-06
4.972000000000000000e+03,3.186565663781948388e-06
4.973000000000000000e+03,3.185480181855382398e-06
4.974000000000000000e+03,3.184291699653840624e-06
4.975000000000000000e+03,3.183672561135608703e-06
4.976000000000000000e+03,3.182736008966458030e-06
4.977000000000000000e+03,3.181149850206566043e-06
4.978000000000000000e+03,3.178086444677319378e-06
4.979000000000000000e+03,3.181961574227898382e-06
4.980000000000000000e+03,3.177112375851720572e-06
4.981000000000000000e+03,3.175759957230184227e-06
4.982000000000000000e+03,3.174839093844639137e-06
4.983000000000000000e+03,3.174053517795982771e-06
4.984000000000000000e+03,3.172322294631158002e-06
4.985000000000000000e+03,3.170520813000621274e-06
4.986000000000000000e+03,3.168690227539627813e-06
4.987000000000000000e+03,3.167730483255581930e-06
4.988000000000000000e+03,3.167034719808725640e-06
4.989000000000000000e+03,3.166510168739478104e-06
4.990000000000000000e+03,3.165441285091219470e-06
4.991000000000000000e+03,3.164438112435163930e-06
4.992000000000000000e+03,3.163684596074745059e-06
4.993000000000000000e+03,3.162730536132585257e-06
4.994000000000000000e+03,3.162200073347776197e-06
4.995000000000000000e+03,3.160348114761291072e-06
4.996000000000000000e+03,3.160136202495777979e-06
4.997000000000000000e+03,3.157844048473634757e-06
4.998000000000000000e+03,3.157034598189056851e-06
4.999000000000000000e+03,3.156225375278154388e-06
5.000000000000000000e+03,3.155361582685145549e-06
5.001000000000000000e+03,3.154316573272808455e-06
5.002000000000000000e+03,3.152462795696919784e-06
5.003000000000000000e+03,3.152012141072191298e-06
5.004000000000000000e+03,3.150567408738425002e-06
5.005000000000000000e+03,3.149468511765007861e-06
5.006000000000000000e+03,3.147752522636437789e-06
5.007000000000000000e+03,3.146966264466755092e-06
5.008000000000000000e+03,3.145711389151983894e-06
5.009000000000000000e+03,3.144059974147239700e-06
5.010000000000000000e+03,3.141508614135091193e-06
5.011000000000000000e+03,3.139518184980261140e-06
5.012000000000000000e+03,3.138382680845097639e-06
5.013000000000000000e+03,3.137695330224232748e-06
5.014000000000000000e+03,3.136774466838687658e-06
5.015000000000000000e+03,3.135243787255603820e-06
5.016000000000000000e+03,3.134826556561165489e-06
5.017000000000000000e+03,3.132692427243455313e-06
5.018000000000000000e+03,3.131557150481967255e-06
5.019000000000000000e+03,3.130467575829243287e-06
5.020000000000000000e+03,3.130800223516416736e-06
5.021000000000000000e+03,3.129818196612177417e-06
5.022000000000000000e+03,3.129159267700742930e-06
5.023000000000000000e+03,3.128071057290071622e-06
5.024000000000000000e+03,3.126926458207890391e-06
5.025000000000000000e+03,3.125939201709115878e-06
5.026000000000000000e+03,3.124592467429465614e-06
5.027000000000000000e+03,3.124105887764017098e-06
5.028000000000000000e+03,3.123747546851518564e-06
5.029000000000000000e+03,3.122956968582002446e-06
5.030000000000000000e+03,3.121538156847236678e-06
5.031000000000000000e+03,3.120249857602175325e-06
5.032000000000000000e+03,3.118924723821692169e-06
5.033000000000000000e+03,3.117939513685996644e-06
5.034000000000000000e+03,3.116996140306582674e-06
5.035000000000000000e+03,3.116074367426335812e-06
5.036000000000000000e+03,3.115381332463584840e-06
5.037000000000000000e+03,3.113531420240178704e-06
5.038000000000000000e+03,3.114932496828259900e-06
5.039000000000000000e+03,3.112865897492156364e-06
5.040000000000000000e+03,3.111612159045762382e-06
5.041000000000000000e+03,3.110302714048884809e-06
5.042000000000000000e+03,3.108506007265532389e-06
5.043000000000000000e+03,3.106893700532964431e-06
5.044000000000000000e+03,3.105995119767612778e-06
5.045000000000000000e+03,3.104751840510289185e-06
5.046000000000000000e+03,3.104277766396990046e-06
5.047000000000000000e+03,3.103438757534604520e-06
5.048000000000000000e+03,3.101906258962117136e-06
5.049000000000000000e+03,3.101096353930188343e-06
5.050000000000000000e+03,3.099084551649866626e-06
5.051000000000000000e+03,3.098140950896777213e-06
5.052000000000000000e+03,3.096687805737019517e-06
5.053000000000000000e+03,3.096659838774939999e-06
5.054000000000000000e+03,3.095954525633715093e-06
5.055000000000000000e+03,3.095172587563865818e-06
5.056000000000000000e+03,3.101502443314529955e-06
5.057000000000000000e+03,3.094949761361931451e-06
5.058000000000000000e+03,3.094417934335069731e-06
5.059000000000000000e+03,3.093925442954059690e-06
5.060000000000000000e+03,3.092782662861282006e-06
5.061000000000000000e+03,3.092480028499267064e-06
5.062000000000000000e+03,3.091688540735049173e-06
5.063000000000000000e+03,3.090951622652937658e-06
5.064000000000000000e+03,3.090114660153631121e-06
5.065000000000000000e+03,3.089029632974416018e-06
5.066000000000000000e+03,3.087552386205061339e-06
5.067000000000000000e+03,3.086668357354938053e-06
5.068000000000000000e+03,3.085965772697818466e-06
5.069000000000000000e+03,3.085550815740134567e-06
5.070000000000000000e+03,3.084961917920736596e-06
5.071000000000000000e+03,3.083469664488802664e-06
5.072000000000000000e+03,3.081971499341307208e-06
5.073000000000000000e+03,3.080587021031533368e-06
5.074000000000000000e+03,3.079607722611399367e-06
5.075000000000000000e+03,3.078926965827122331e-06
5.076000000000000000e+03,3.078393547184532508e-06
5.077000000000000000e+03,3.077618885072297417e-06
5.078000000000000000e+03,3.076643679378321394e-06
5.079000000000000000e+03,3.075722133871749975e-06
5.080000000000000000e+03,3.074401092817424797e-06
5.081000000000000000e+03,3.073962716371170245e-06
5.082000000000000000e+03,3.072626213906914927e-06
5.083000000000000000e+03,3.072028221140499227e-06
5.084000000000000000e+03,3.071492074013804086e-06
5.085000000000000000e+03,3.070655793635523878e-06
5.086000000000000000e+03,3.071078708671848290e-06
5.087000000000000000e+03,3.070083494094433263e-06
5.088000000000000000e+03,3.068843398068565875e-06
5.089000000000000000e+03,3.067880015805712901e-06
5.090000000000000000e+03,3.066807948925998062e-06
5.091000000000000000e+03,3.065777264055213891e-06
5.092000000000000000e+03,3.064674501729314215e-06
5.093000000000000000e+03,3.062863015657057986e-06
5.094000000000000000e+03,3.062151563426596113e-06
5.095000000000000000e+03,3.061473080379073508e-06
5.096000000000000000e+03,3.060498784179799259e-06
5.097000000000000000e+03,3.060044264202588238e-06
5.098000000000000000e+03,3.059468781430041417e-06
5.099000000000000000e+03,3.058384436371852644e-06
5.100000000000000000e+03,3.057836693187709898e-06
5.101000000000000000e+03,3.056660943911992945e-06
5.102000000000000000e+03,3.056084324271068908e-06
5.103000000000000000e+03,3.055283741559833288e-06
5.104000000000000000e+03,3.054003400393412448e-06
5.105000000000000000e+03,3.053248292417265475e-06
5.106000000000000000e+03,3.051538442377932370e-06
5.107000000000000000e+03,3.050345185329206288e-06
5.108000000000000000e+03,3.049229917451157235e-06
5.109000000000000000e+03,3.047969585168175399e-06
5.110000000000000000e+03,3.047419795620953664e-06
5.111000000000000000e+03,3.046605343115516007e-06
5.112000000000000000e+03,3.046085794267128222e-06
5.113000000000000000e+03,3.045500534426537342e-06
5.114000000000000000e+03,3.044496907023130916e-06
5.115000000000000000e+03,3.042956905119353905e-06
5.116000000000000000e+03,3.041399395442567766e-06
5.117000000000000000e+03,3.040303681700606830e-06
5.118000000000000000e+03,3.039207285837619565e-06
5.119000000000000000e+03,3.038243448827415705e-06
5.120000000000000000e+03,3.036932184841134585e-06
5.121000000000000000e+03,3.035966528841527179e-06
5.122000000000000000e+03,3.034990186279173940e-06
5.123000000000000000e+03,3.033744178537745029e-06
5.124000000000000000e+03,3.031823780474951491e-06
5.125000000000000000e+03,3.029653726116521284e-06
5.126000000000000000e+03,3.027789716725237668e-06
5.127000000000000000e+03,3.025841124326689169e-06
5.128000000000000000e+03,3.024607167390058748e-06
5.129000000000000000e+03,3.023927320100483485e-06
5.130000000000000000e+03,3.022797955054556951e-06
5.131000000000000000e+03,3.021597649421892129e-06
5.132000000000000000e+03,3.019396672243601643e-06
5.133000000000000000e+03,3.018390088982414454e-06
5.134000000000000000e+03,3.016776872755144723e-06
5.135000000000000000e+03,3.016072241734946147e-06
5.136000000000000000e+03,3.015362381120212376e-06
5.137000000000000000e+03,3.014588628502679057e-06
5.138000000000000000e+03,3.013052037204033695e-06
5.139000000000000000e+03,3.014145931956591085e-06
5.140000000000000000e+03,3.012077968378434889e-06
5.141000000000000000e+03,3.010563204952632077e-06
5.142000000000000000e+03,3.008384283020859584e-06
5.143000000000000000e+03,3.007231043739011511e-06
5.144000000000000000e+03,3.005535063493880443e-06
5.145000000000000000e+03,3.005175130965653807e-06
5.146000000000000000e+03,3.003598294526454993e-06
5.147000000000000000e+03,3.002912990268669091e-06
5.148000000000000000e+03,3.001909362865262665e-06
5.149000000000000000e+03,3.000577635248191655e-06
5.150000000000000000e+03,3.000619699378148653e-06
5.151000000000000000e+03,2.999639264089637436e-06
5.152000000000000000e+03,2.998439185830648057e-06
5.153000000000000000e+03,2.997069486809778027e-06
5.154000000000000000e+03,2.996392595377983525e-06
5.155000000000000000e+03,2.996619286932400428e-06
5.156000000000000000e+03,2.995956037921132520e-06
5.157000000000000000e+03,2.995216618728591129e-06
5.158000000000000000e+03,2.994597025463008322e-06
5.159000000000000000e+03,2.993696853081928566e-06
5.160000000000000000e+03,2.992584995809011161e-06
5.161000000000000000e+03,2.990202574437716976e-06
5.162000000000000000e+03,2.989657332364004105e-06
5.163000000000000000e+03,2.987782181662623771e-06
5.164000000000000000e+03,2.987041852975380607e-06
5.165000000000000000e+03,2.986421122841420583e-06
5.166000000000000000e+03,2.985569153679534793e-06
5.167000000000000000e+03,2.984386810567229986e-06
5.168000000000000000e+03,2.982729256473248824e-06
5.169000000000000000e+03,2.980777935590595007e-06
5.170000000000000000e+03,2.979767714350600727e-06
5.171000000000000000e+03,2.978538759634830058e-06
5.172000000000000000e+03,2.977842541440622881e-06
5.173000000000000000e+03,2.976428504553041421e-06
5.174000000000000000e+03,2.974952167278388515e-06
5.175000000000000000e+03,2.973837354147690348e-06
5.176000000000000000e+03,2.972712536575272679e-06
5.177000000000000000e+03,2.972093170683365315e-06
5.178000000000000000e+03,2.971190269818180241e-06
5.179000000000000000e+03,2.968496801258879714e-06
5.180000000000000000e+03,2.966602778542437591e-06
5.181000000000000000e+03,2.965020939882379025e-06
5.182000000000000000e+03,2.963890210594399832e-06
5.183000000000000000e+03,2.962945245599257760e-06
5.184000000000000000e+03,2.962361350000719540e-06
5.185000000000000000e+03,2.961579411930870265e-06
5.186000000000000000e+03,2.960700612675282173e-06
5.187000000000000000e+03,2.960026904474943876e-06
5.188000000000000000e+03,2.958568074973300099e-06
5.189000000000000000e+03,2.957210426757228561e-06
5.190000000000000000e+03,2.955943045890307985e-06
5.191000000000000000e+03,2.955075615318492055e-06
5.192000000000000000e+03,2.954020828838110901e-06
5.193000000000000000e+03,2.953040166175924242e-06
5.194000000000000000e+03,2.953137482109013945e-06
5.195000000000000000e+03,2.952349404949927703e-06
5.196000000000000000e+03,2.951240048787440173e-06
5.197000000000000000e+03,2.950438101834151894e-06
5.198000000000000000e+03,2.948933570223744027e-06
5.199000000000000000e+03,2.947704615507973358e-06
5.200000000000000000e+03,2.946664380942820571e-06
5.201000000000000000e+03,2.945794449260574766e-06
5.202000000000000000e+03,2.945165988421649672e-06
5.203000000000000000e+03,2.944300831586588174e-06
5.204000000000000000e+03,2.942804940175847150e-06
5.205000000000000000e+03,2.941878392448415980e-06
5.206000000000000000e+03,2.940847934951307252e-06
5.207000000000000000e+03,2.939801788670592941e-06
5.208000000000000000e+03,2.938627176263253205e-06
5.209000000000000000e+03,2.938898205684381537e-06
5.210000000000000000e+03,2.937834096883307211e-06
5.211000000000000000e+03,2.936625378424650989e-06
5.212000000000000000e+03,2.935717475338606164e-06
5.213000000000000000e+03,2.934899157480685972e-06
5.214000000000000000e+03,2.933591986220562831e-06
5.215000000000000000e+03,2.930949904111912474e-06
5.216000000000000000e+03,2.929899437731364742e-06
5.217000000000000000e+03,2.927926288975868374e-06
5.218000000000000000e+03,2.927098876170930453e-06
5.219000000000000000e+03,2.926404931713477708e-06
5.220000000000000000e+03,2.925608669102075510e-06
5.221000000000000000e+03,2.923796500908792950e-06
5.222000000000000000e+03,2.921955001511378214e-06
5.223000000000000000e+03,2.920160341091104783e-06
5.224000000000000000e+03,2.919014150393195450e-06
5.225000000000000000e+03,2.918440031862701289e-06
5.226000000000000000e+03,2.917895471910014749e-06
5.227000000000000000e+03,2.916826588261756115e-06
5.228000000000000000e+03,2.915969616879010573e-06
5.229000000000000000e+03,2.914468495873734355e-06
5.230000000000000000e+03,2.916869107139063999e-06
5.231000000000000000e+03,2.913824800998554565e-06
5.232000000000000000e+03,2.912984655267791823e-06
5.233000000000000000e+03,2.912322543124901131e-06
5.234000000000000000e+03,2.911875299105304293e-06
5.235000000000000000e+03,2.910818238888168707e-06
5.236000000000000000e+03,2.909335762524278834e-06
5.237000000000000000e+03,2.908083843067288399e-06
5.238000000000000000e+03,2.906984036599169485e-06
5.239000000000000000e+03,2.906245072153978981e-06
5.240000000000000000e+03,2.905733708757907152e-06
5.241000000000000000e+03,2.905376277340110391e-06
5.242000000000000000e+03,2.904273742387886159e-06
5.243000000000000000e+03,2.902996129705570638e-06
5.244000000000000000e+03,2.902070264099165797e-06
5.245000000000000000e+03,2.901049356296425685e-06
5.246000000000000000e+03,2.900186018450767733e-06
5.247000000000000000e+03,2.899544597312342376e-06
5.248000000000000000e+03,2.898521643146523274e-06
5.249000000000000000e+03,2.897772674259613268e-06
5.250000000000000000e+03,2.896932528528850526e-06
5.251000000000000000e+03,2.896202431657002307e-06
5.252000000000000000e+03,2.894727685998077504e-06
5.253000000000000000e+03,2.893387545555015095e-06
5.254000000000000000e+03,2.892381417041178793e-06
5.255000000000000000e+03,2.891575832109083422e-06
5.256000000000000000e+03,2.890754785767057911e-06
5.257000000000000000e+03,2.889312781917396933e-06
5.258000000000000000e+03,2.888426934077870101e-06
5.259000000000000000e+03,2.887121127059799619e-06
5.260000000000000000e+03,2.885988806156092323e-06
5.261000000000000000e+03,2.884398099922691472e-06
5.262000000000000000e+03,2.883443585233180784e-06
5.263000000000000000e+03,2.881943146348930895e-06
5.264000000000000000e+03,2.880885858758119866e-06
5.265000000000000000e+03,2.880593683585175313e-06
5.266000000000000000e+03,2.879705107261543162e-06
5.267000000000000000e+03,2.879006387956906110e-06
5.268000000000000000e+03,2.878285158658400178e-06
5.269000000000000000e+03,2.876978442145627923e-06
5.270000000000000000e+03,2.875480504371807911e-06
5.271000000000000000e+03,2.874042365874629468e-06
5.272000000000000000e+03,2.872821369237499312e-06
5.273000000000000000e+03,2.872254526664619334e-06
5.274000000000000000e+03,2.871499191314796917e-06
5.275000000000000000e+03,2.869996706067468040e-06
5.276000000000000000e+03,2.868914179998682812e-06
5.277000000000000000e+03,2.867886223612003960e-06
5.278000000000000000e+03,2.867265493478043936e-06
5.279000000000000000e+03,2.866523345801397227e-06
5.280000000000000000e+03,2.865574060706421733e-06
5.281000000000000000e+03,2.863949930542730726e-06
5.282000000000000000e+03,2.873891162380459718e-06
5.283000000000000000e+03,2.863675035769119859e-06
5.284000000000000000e+03,2.862707106032758020e-06
5.285000000000000000e+03,2.861941993614891544e-06
5.286000000000000000e+03,2.861681423382833600e-06
5.287000000000000000e+03,2.861231223505456001e-06
5.288000000000000000e+03,2.860884478650405072e-06
5.289000000000000000e+03,2.860467247955966741e-06
5.290000000000000000e+03,2.859749201888917014e-06
5.291000000000000000e+03,2.860090944523108192e-06
5.292000000000000000e+03,2.859375854313839227e-06
5.293000000000000000e+03,2.858570269381743856e-06
5.294000000000000000e+03,2.858070274669444188e-06
5.295000000000000000e+03,2.857259687516489066e-06
5.296000000000000000e+03,2.856571882148273289e-06
5.297000000000000000e+03,2.855680804714211263e-06
5.298000000000000000e+03,2.854534159268951043e-06
5.299000000000000000e+03,2.853658770618494600e-06
5.300000000000000000e+03,2.851268391168559901e-06
5.301000000000000000e+03,2.855072352758725174e-06
5.302000000000000000e+03,2.850417104127700441e-06
5.303000000000000000e+03,2.849075599442585371e-06
5.304000000000000000e+03,2.847987616405589506e-06
5.305000000000000000e+03,2.846992401828174479e-06
5.306000000000000000e+03,2.845877816071151756e-06
5.307000000000000000e+03,2.844682740033022128e-06
5.308000000000000000e+03,2.843481979653006420e-06
5.309000000000000000e+03,2.842431058525107801e-06
5.310000000000000000e+03,2.840615479726693593e-06
5.311000000000000000e+03,2.838438376784324646e-06
5.312000000000000000e+03,2.839042508639977314e-06
5.313000000000000000e+03,2.837409510902944021e-06
5.314000000000000000e+03,2.836220346580375917e-06
5.315000000000000000e+03,2.835558007063809782e-06
5.316000000000000000e+03,2.834528459061402828e-06
5.317000000000000000e+03,2.833822918546502478e-06
5.318000000000000000e+03,2.832248128470382653e-06
5.319000000000000000e+03,2.831126948876772076e-06
5.320000000000000000e+03,2.830297034961404279e-06
5.321000000000000000e+03,2.829549885063897818e-06
5.322000000000000000e+03,2.828488732120604254e-06
5.323000000000000000e+03,2.827863227139459923e-06
5.324000000000000000e+03,2.827366870405967347e-06
5.325000000000000000e+03,2.826748186635086313e-06
5.326000000000000000e+03,2.825393266903120093e-06
5.327000000000000000e+03,2.823801651175017469e-06
5.328000000000000000e+03,2.822642045430256985e-06
5.329000000000000000e+03,2.821384441631380469e-06
5.330000000000000000e+03,2.821040652634110302e-06
5.331000000000000000e+03,2.820437885020510294e-06
5.332000000000000000e+03,2.819378778440295719e-06
5.333000000000000000e+03,2.820668669301085174e-06
5.334000000000000000e+03,2.818960638251155615e-06
5.335000000000000000e+03,2.818278289851150475e-06
5.336000000000000000e+03,2.817531367327319458e-06
5.337000000000000000e+03,2.816733513100189157e-06
5.338000000000000000e+03,2.815576181092183106e-06
5.339000000000000000e+03,2.814747404045192525e-06
5.340000000000000000e+03,2.814085064528626390e-06
5.341000000000000000e+03,2.813168521242914721e-06
5.342000000000000000e+03,2.812509137584129348e-06
5.343000000000000000e+03,2.811923422996187583e-06
5.344000000000000000e+03,2.810770183714339510e-06
5.345000000000000000e+03,2.810729938573786058e-06
5.346000000000000000e+03,2.810105570461018942e-06
5.347000000000000000e+03,2.809321586028090678e-06
5.348000000000000000e+03,2.808978479151846841e-06
5.349000000000000000e+03,2.808456883940380067e-06
5.350000000000000000e+03,2.808274302878999151e-06
5.351000000000000000e+03,2.807519649650203064e-06
5.352000000000000000e+03,2.806719749059993774e-06
5.353000000000000000e+03,2.805497615554486401e-06
5.354000000000000000e+03,2.804054020089097321e-06
5.355000000000000000e+03,2.803082225000252947e-06
5.356000000000000000e+03,2.802007202262757346e-06
5.357000000000000000e+03,2.804009227475035004e-06
5.358000000000000000e+03,2.801700475174584426e-06
5.359000000000000000e+03,2.801246182571048848e-06
5.360000000000000000e+03,2.800100446620490402e-06
5.361000000000000000e+03,2.799210960802156478e-06
5.362000000000000000e+03,2.799080675686127506e-06
5.363000000000000000e+03,2.797441538859857246e-06
5.364000000000000000e+03,2.796795115500572138e-06
5.365000000000000000e+03,2.796083663270110264e-06
5.366000000000000000e+03,2.795330146909691393e-06
5.367000000000000000e+03,2.793382236632169224e-06
5.368000000000000000e+03,2.793497969832969829e-06
5.369000000000000000e+03,2.792306304399971850e-06
5.370000000000000000e+03,2.790357939375098795e-06
5.371000000000000000e+03,2.789018935800413601e-06
5.372000000000000000e+03,2.787158791761612520e-06
5.373000000000000000e+03,2.785862079690559767e-06
5.374000000000000000e+03,2.784581511150463484e-06
5.375000000000000000e+03,2.783473291856353171e-06
5.376000000000000000e+03,2.782746832963312045e-06
5.377000000000000000e+03,2.781099283311050385e-06
5.378000000000000000e+03,2.781691819109255448e-06
5.379000000000000000e+03,2.780210706987418234e-06
5.380000000000000000e+03,2.778673888315097429e-06
5.381000000000000000e+03,2.777716872515156865e-06
5.382000000000000000e+03,2.776721657937741838e-06
5.383000000000000000e+03,2.775416987788048573e-06
5.384000000000000000e+03,2.774379254333325662e-06
5.385000000000000000e+03,2.772975221887463704e-06
5.386000000000000000e+03,2.772490688585094176e-06
5.387000000000000000e+03,2.771846993709914386e-06
5.388000000000000000e+03,2.770660330497776158e-06
5.389000000000000000e+03,2.769490947684971616e-06
5.390000000000000000e+03,2.768265176200657152e-06
5.391000000000000000e+03,2.767436171779991128e-06
5.392000000000000000e+03,2.766798388620372862e-06
5.393000000000000000e+03,2.765821591310668737e-06
5.394000000000000000e+03,2.764958253465010785e-06
5.395000000000000000e+03,2.763710654107853770e-06
5.396000000000000000e+03,2.762944632195285521e-06
5.397000000000000000e+03,2.762059466476785019e-06
5.398000000000000000e+03,2.761327777989208698e-06
5.399000000000000000e+03,2.760503548415726982e-06
5.400000000000000000e+03,2.759261860774131492e-06
5.401000000000000000e+03,2.763817519735312089e-06
5.402000000000000000e+03,2.758840764727210626e-06
5.403000000000000000e+03,2.757861921054427512e-06
5.404000000000000000e+03,2.756885805865749717e-06
5.405000000000000000e+03,2.755523382802493870e-06
5.406000000000000000e+03,2.754450861175428145e-06
5.407000000000000000e+03,2.753384706011274830e-06
5.408000000000000000e+03,2.752451564447255805e-06
5.409000000000000000e+03,2.751522970356745645e-06
5.410000000000000000e+03,2.749332679741200991e-06
5.411000000000000000e+03,2.749793111433973536e-06
5.412000000000000000e+03,2.748198994595441036e-06
5.413000000000000000e+03,2.747000053204828873e-06
5.414000000000000000e+03,2.745883421084727161e-06
5.415000000000000000e+03,2.745265874182223342e-06
5.416000000000000000e+03,2.744766788964625448e-06
5.417000000000000000e+03,2.742935748756281100e-06
5.418000000000000000e+03,2.740685204116743989e-06
5.419000000000000000e+03,2.738726834650151432e-06
5.420000000000000000e+03,2.737396926022483967e-06
5.421000000000000000e+03,2.736367832767427899e-06
5.422000000000000000e+03,2.735677753662457690e-06
5.423000000000000000e+03,2.734501549639389850e-06
5.424000000000000000e+03,2.732545453909551725e-06
5.425000000000000000e+03,2.732763050516950898e-06
5.426000000000000000e+03,2.731181211856892332e-06
5.427000000000000000e+03,2.728985919020487927e-06
5.428000000000000000e+03,2.727842456806683913e-06
5.429000000000000000e+03,2.726827005972154438e-06
5.430000000000000000e+03,2.725768808886641636e-06
5.431000000000000000e+03,2.724253818087163381e-06
5.432000000000000000e+03,2.722057161008706316e-06
5.433000000000000000e+03,2.720482370932586491e-06
5.434000000000000000e+03,2.719238864301587455e-06
5.435000000000000000e+03,2.717758434300776571e-06
5.436000000000000000e+03,2.717204097280045971e-06
5.437000000000000000e+03,2.716424205573275685e-06
5.438000000000000000e+03,2.716012431847047992e-06
5.439000000000000000e+03,2.715162281674565747e-06
5.440000000000000000e+03,2.714210040721809492e-06
5.441000000000000000e+03,2.713058165682014078e-06
5.442000000000000000e+03,2.712297828111331910e-06
5.443000000000000000e+03,2.710733724597957917e-06
5.444000000000000000e+03,2.709977252379758283e-06
5.445000000000000000e+03,2.709516138565959409e-06
5.446000000000000000e+03,2.708902229642262682e-06
5.447000000000000000e+03,2.708454303501639515e-06
5.448000000000000000e+03,2.707431121962144971e-06
5.449000000000000000e+03,2.706836994548211806e-06
5.450000000000000000e+03,2.705937504288158379e-06
5.451000000000000000e+03,2.704779717532801442e-06
5.452000000000000000e+03,2.708543888729764149e-06
5.453000000000000000e+03,2.704254484342527576e-06
5.454000000000000000e+03,2.703035306694800965e-06
5.455000000000000000e+03,2.702152642086730339e-06
5.456000000000000000e+03,2.701161292861797847e-06
5.457000000000000000e+03,2.700134700717171654e-06
5.458000000000000000e+03,2.700966206248267554e-06
5.459000000000000000e+03,2.699740434763953090e-06
5.460000000000000000e+03,2.698704292924958281e-06
5.461000000000000000e+03,2.698288199098897167e-06
5.462000000000000000e+03,2.697898707992862910e-06
5.463000000000000000e+03,2.697176569199655205e-06
5.464000000000000000e+03,2.696735464269295335e-06
5.465000000000000000e+03,2.696133606150397100e-06
5.466000000000000000e+03,2.695463308555190451e-06
5.467000000000000000e+03,2.693959686439484358e-06
5.468000000000000000e+03,2.694841214179177769e-06
5.469000000000000000e+03,2.693368060135981068e-06
5.470000000000000000e+03,2.692396947168163024e-06
5.471000000000000000e+03,2.691599320314708166e-06
5.472000000000000000e+03,2.690390147108701058e-06
5.473000000000000000e+03,2.689308303160942160e-06
5.474000000000000000e+03,2.688001359274494462e-06
5.475000000000000000e+03,2.688205540835042484e-06
5.476000000000000000e+03,2.687191681616241112e-06
5.477000000000000000e+03,2.686320158318267204e-06
5.478000000000000000e+03,2.685283561731921509e-06
5.479000000000000000e+03,2.684225137272733264e-06
5.480000000000000000e+03,2.682988451851997524e-06
5.481000000000000000e+03,2.681629666767548770e-06
5.482000000000000000e+03,2.680769966900697909e-06
5.483000000000000000e+03,2.680015086298226379e-06
5.484000000000000000e+03,2.679344333955668844e-06
5.485000000000000000e+03,2.679039425856899470e-06
5.486000000000000000e+03,2.678064674910274334e-06
5.487000000000000000e+03,2.676790472833090462e-06
5.488000000000000000e+03,2.675839823496062309e-06
5.489000000000000000e+03,2.675120867934310809e-06
5.490000000000000000e+03,2.674515826583956368e-06
5.491000000000000000e+03,2.674023335202946328e-06
5.492000000000000000e+03,2.673448989298776723e-06
5.493000000000000000e+03,2.671961055966676213e-06
5.494000000000000000e+03,2.671536094567272812e-06
5.495000000000000000e+03,2.670379444680293091e-06
5.496000000000000000e+03,2.670524963832576759e-06
5.497000000000000000e+03,2.669831019375124015e-06
5.498000000000000000e+03,2.669200739546795376e-06
5.499000000000000000e+03,2.668851720954990014e-06
5.500000000000000000e+03,2.668546812856220640e-06
5.501000000000000000e+03,2.668314891707268544e-06
5.502000000000000000e+03,2.667727358129923232e-06
5.503000000000000000e+03,2.666920181582099758e-06
5.504000000000000000e+03,2.666280124685727060e-06
5.505000000000000000e+03,2.664801741047995165e-06
5.506000000000000000e+03,2.664111434569349512e-06
5.507000000000000000e+03,2.663093027877039276e-06
5.508000000000000000e+03,2.662259248609188944e-06
5.509000000000000000e+03,2.661158760020043701e-06
5.510000000000000000e+03,2.660019617906073108e-06
5.511000000000000000e+03,2.659535311977379024e-06
5.512000000000000000e+03,2.659072606547852047e-06
5.513000000000000000e+03,2.658280664036283270e-06
5.514000000000000000e+03,2.657649247339577414e-06
5.515000000000000000e+03,2.656517835930571891e-06
5.516000000000000000e+03,2.656185415617073886e-06
5.517000000000000000e+03,2.654495119713828899e-06
5.518000000000000000e+03,2.653758656379068270e-06
5.519000000000000000e+03,2.653009005371131934e-06
5.520000000000000000e+03,2.652604280228842981e-06
5.521000000000000000e+03,2.651752993187983520e-06
5.522000000000000000e+03,2.650857140906737186e-06
5.523000000000000000e+03,2.650175247254082933e-06
5.524000000000000000e+03,2.649397856657742523e-06
5.525000000000000000e+03,2.649338512128451839e-06
5.526000000000000000e+03,2.648814870553906076e-06
5.527000000000000000e+03,2.647937662914046086e-06
5.528000000000000000e+03,2.647433348101912998e-06
5.529000000000000000e+03,2.646800567163154483e-06
5.530000000000000000e+03,2.646559096319833770e-06
5.531000000000000000e+03,2.645974973347620107e-06
5.532000000000000000e+03,2.645557742653181776e-06
5.533000000000000000e+03,2.645165977810393088e-06
5.534000000000000000e+03,2.644571623022784479e-06
5.535000000000000000e+03,2.643353809617110528e-06
5.536000000000000000e+03,2.642211711645359173e-06
5.537000000000000000e+03,2.640857246660743840e-06
5.538000000000000000e+03,2.639764488776563667e-06
5.539000000000000000e+03,2.638756086525972933e-06
5.540000000000000000e+03,2.637896159285446629e-06
5.541000000000000000e+03,2.636793851706897840e-06
5.542000000000000000e+03,2.635493956404388882e-06
5.543000000000000000e+03,2.634415295688086189e-06
5.544000000000000000e+03,2.633987378430902027e-06
5.545000000000000000e+03,2.632863015605835244e-06
5.546000000000000000e+03,2.632025598359177820e-06
5.547000000000000000e+03,2.631160896271467209e-06
5.548000000000000000e+03,2.630564495120779611e-06
5.549000000000000000e+03,2.630060407682321966e-06
5.550000000000000000e+03,2.629374421303509735e-06
5.551000000000000000e+03,2.629033588164020330e-06
5.552000000000000000e+03,2.628360789458383806e-06
5.553000000000000000e+03,2.627797357490635477e-06
5.554000000000000000e+03,2.627284857226186432e-06
5.555000000000000000e+03,2.626434252306353301e-06
5.556000000000000000e+03,2.625786464705015533e-06
5.557000000000000000e+03,2.624876060508540832e-06
5.558000000000000000e+03,2.625987008286756463e-06
5.559000000000000000e+03,2.624572516651824117e-06
5.560000000000000000e+03,2.624101853143656626e-06
5.561000000000000000e+03,2.623490900077740662e-06
5.562000000000000000e+03,2.622966576382168569e-06
5.563000000000000000e+03,2.622374040583963506e-06
5.564000000000000000e+03,2.622072088342974894e-06
5.565000000000000000e+03,2.621713292683125474e-06
5.566000000000000000e+03,2.621428393467795104e-06
5.567000000000000000e+03,2.621008434289251454e-06
5.568000000000000000e+03,2.620589384605409577e-06
5.569000000000000000e+03,2.620133955133496784e-06
5.570000000000000000e+03,2.619829729155753739e-06
5.571000000000000000e+03,2.619568931550020352e-06
5.572000000000000000e+03,2.619147380755748600e-06
5.573000000000000000e+03,2.619279484861181118e-06
5.574000000000000000e+03,2.618857934066909365e-06
5.575000000000000000e+03,2.618308371893363073e-06
5.576000000000000000e+03,2.617733571241842583e-06
5.577000000000000000e+03,2.617277459648903459e-06
5.578000000000000000e+03,2.616773599584121257e-06
5.579000000000000000e+03,2.616331812532735057e-06
5.580000000000000000e+03,2.615478933876147494e-06
5.581000000000000000e+03,2.614838194858748466e-06
5.582000000000000000e+03,2.614244976939517073e-06
5.583000000000000000e+03,2.613249534988426603e-06
5.584000000000000000e+03,2.612469415907980874e-06
5.585000000000000000e+03,2.611835952848196030e-06
5.586000000000000000e+03,2.611134050312102772e-06
5.587000000000000000e+03,2.610733417895971797e-06
5.588000000000000000e+03,2.610280262160813436e-06
5.589000000000000000e+03,2.609887815196998417e-06
5.590000000000000000e+03,2.608949898785795085e-06
5.591000000000000000e+03,2.608447630336740986e-06
5.592000000000000000e+03,2.607228680062689818e-06
5.593000000000000000e+03,2.606484031275613233e-06
5.594000000000000000e+03,2.605960844448418356e-06
5.595000000000000000e+03,2.605294866953045130e-06
5.596000000000000000e+03,2.604463588795624673e-06
5.597000000000000000e+03,2.603642542453599162e-06
5.598000000000000000e+03,2.603107986942632124e-06
5.599000000000000000e+03,2.602384938654722646e-06
5.600000000000000000e+03,2.601124606371740811e-06
5.601000000000000000e+03,2.599488198029575869e-06
5.602000000000000000e+03,2.598457285785116255e-06
5.603000000000000000e+03,2.597533921289141290e-06
5.604000000000000000e+03,2.596371359686600044e-06
5.605000000000000000e+03,2.595198111521312967e-06
5.606000000000000000e+03,2.593873887235531583e-06
5.607000000000000000e+03,2.595239038782892749e-06
5.608000000000000000e+03,2.593396629890776239e-06
5.609000000000000000e+03,2.592685859781340696e-06
5.610000000000000000e+03,2.591915517768939026e-06
5.611000000000000000e+03,2.590836857052636333e-06
5.612000000000000000e+03,2.589956693554995582e-06
5.613000000000000000e+03,2.589149062259821221e-06
5.614000000000000000e+03,2.588392362667946145e-06
5.615000000000000000e+03,2.588107463452615775e-06
5.616000000000000000e+03,2.587334392956108786e-06
5.617000000000000000e+03,2.586787559266667813e-06
5.618000000000000000e+03,2.585970150903449394e-06
5.619000000000000000e+03,2.585305310276453383e-06
5.620000000000000000e+03,2.584929688964621164e-06
5.621000000000000000e+03,2.583964260338689201e-06
5.622000000000000000e+03,2.584105459391139448e-06
5.623000000000000000e+03,2.583608420536620542e-06
5.624000000000000000e+03,2.583002924438915215e-06
5.625000000000000000e+03,2.582633442216319963e-06
5.626000000000000000e+03,2.582123897809651680e-06
5.627000000000000000e+03,2.581496119091752917e-06
5.628000000000000000e+03,2.581057970019173808e-06
5.629000000000000000e+03,2.580197360657621175e-06
5.630000000000000000e+03,2.579792635515332222e-06
5.631000000000000000e+03,2.579062083896133117e-06
5.632000000000000000e+03,2.577958412075531669e-06
5.633000000000000000e+03,2.577675786596955732e-06
5.634000000000000000e+03,2.576792667241534218e-06
5.635000000000000000e+03,2.576630777184618637e-06
5.636000000000000000e+03,2.576176711954758503e-06
5.637000000000000000e+03,2.575412281657918356e-06
5.638000000000000000e+03,2.574741529315360822e-06
5.639000000000000000e+03,2.574194695625919849e-06
5.640000000000000000e+03,2.573612619016785175e-06
5.641000000000000000e+03,2.573138772277161479e-06
5.642000000000000000e+03,2.572715175119810738e-06
5.643000000000000000e+03,2.572208359197247773e-06
5.644000000000000000e+03,2.571395043560187332e-06
5.645000000000000000e+03,2.570899596321396530e-06
5.646000000000000000e+03,2.570180186012294143e-06
5.647000000000000000e+03,2.569524212958640419e-06
5.648000000000000000e+03,2.568421905380091630e-06
5.649000000000000000e+03,2.567893716332037002e-06
5.650000000000000000e+03,2.567480578363756649e-06
5.651000000000000000e+03,2.566822558947023936e-06
5.652000000000000000e+03,2.566402372394804843e-06
5.653000000000000000e+03,2.565162503742612898e-06
5.654000000000000000e+03,2.564835767771000974e-06
5.655000000000000000e+03,2.564252099546138197e-06
5.656000000000000000e+03,2.563799625932006165e-06
5.657000000000000000e+03,2.563097950769588351e-06
5.658000000000000000e+03,2.562496774771716446e-06
5.659000000000000000e+03,2.562044755904935300e-06
5.660000000000000000e+03,2.561406063250615261e-06
5.661000000000000000e+03,2.561318524385569617e-06
5.662000000000000000e+03,2.560538860052474774e-06
5.663000000000000000e+03,2.560206212365301326e-06
5.664000000000000000e+03,2.559967470006085932e-06
5.665000000000000000e+03,2.559503627708181739e-06
5.666000000000000000e+03,2.559016138548031449e-06
5.667000000000000000e+03,2.558204187153023668e-06
5.668000000000000000e+03,2.557926336521632038e-06
5.669000000000000000e+03,2.557642119427327998e-06
5.670000000000000000e+03,2.557189873186871409e-06
5.671000000000000000e+03,2.555744458732078783e-06
5.672000000000000000e+03,2.557701918703969568e-06
5.673000000000000000e+03,2.555295395723078400e-06
5.674000000000000000e+03,2.554477759986184537e-06
5.675000000000000000e+03,2.553900230850558728e-06
5.676000000000000000e+03,2.553128524596104398e-06
5.677000000000000000e+03,2.552396153987501748e-06
5.678000000000000000e+03,2.552755631768377498e-06
5.679000000000000000e+03,2.552128989918855950e-06
5.680000000000000000e+03,2.551679244788829237e-06
5.681000000000000000e+03,2.551287252572365105e-06
5.682000000000000000e+03,2.550735189288388938e-06
5.683000000000000000e+03,2.550024191805277951e-06
5.684000000000000000e+03,2.549762029957491904e-06
5.685000000000000000e+03,2.549078317315434106e-06
5.686000000000000000e+03,2.548854126871447079e-06
5.687000000000000000e+03,2.548353450038121082e-06
5.688000000000000000e+03,2.547666781538282521e-06
5.689000000000000000e+03,2.547521489759674296e-06
5.690000000000000000e+03,2.546965788496891037e-06
5.691000000000000000e+03,2.546884388721082360e-06
5.692000000000000000e+03,2.546594032537541352e-06
5.693000000000000000e+03,2.546263203839771450e-06
5.694000000000000000e+03,2.545516281315940432e-06
5.695000000000000000e+03,2.544750486777047627e-06
5.696000000000000000e+03,2.544248900449019857e-06
5.697000000000000000e+03,2.543805521781905554e-06
5.698000000000000000e+03,2.543153414080734365e-06
5.699000000000000000e+03,2.543001528465538286e-06
5.700000000000000000e+03,2.542361244195490144e-06
5.701000000000000000e+03,2.542101583458133973e-06
5.702000000000000000e+03,2.541856019888655283e-06
5.703000000000000000e+03,2.541558615121175535e-06
5.704000000000000000e+03,2.540859895816538483e-06
5.705000000000000000e+03,2.543444225011626258e-06
5.706000000000000000e+03,2.540600007705506869e-06
5.707000000000000000e+03,2.539700744819128886e-06
5.708000000000000000e+03,2.538726448619854636e-06
5.709000000000000000e+03,2.538291710152407177e-06
5.710000000000000000e+03,2.537962245696689934e-06
5.711000000000000000e+03,2.537561158533208072e-06
5.712000000000000000e+03,2.537250793466228060e-06
5.713000000000000000e+03,2.536909732953063212e-06
5.714000000000000000e+03,2.536508418415905908e-06
5.715000000000000000e+03,2.536113470341661014e-06
5.716000000000000000e+03,2.535163503125659190e-06
5.717000000000000000e+03,2.534893610572908074e-06
5.718000000000000000e+03,2.533764927648007870e-06
5.719000000000000000e+03,2.533496626710984856e-06
5.720000000000000000e+03,2.533114638936240226e-06
5.721000000000000000e+03,2.532815415179356933e-06
5.722000000000000000e+03,2.532699681978556328e-06
5.723000000000000000e+03,2.532237658670055680e-06
5.724000000000000000e+03,2.531883410483715124e-06
5.725000000000000000e+03,2.531550535422866233e-06
5.726000000000000000e+03,2.531071459088707343e-06
5.727000000000000000e+03,2.530456868043984286e-06
5.728000000000000000e+03,2.529807488826918416e-06
5.729000000000000000e+03,2.529330004108487628e-06
5.730000000000000000e+03,2.528514414734672755e-06
5.731000000000000000e+03,2.528099003029637970e-06
5.732000000000000000e+03,2.527797505536000244e-06
5.733000000000000000e+03,2.527167907828697935e-06
5.734000000000000000e+03,2.526756816223496571e-06
5.735000000000000000e+03,2.526434172978042625e-06
5.736000000000000000e+03,2.526114712964044884e-06
5.737000000000000000e+03,2.525418722143513151e-06
5.738000000000000000e+03,2.529360017433646135e-06
5.739000000000000000e+03,2.525248646634281613e-06
5.740000000000000000e+03,2.524874844311852939e-06
5.741000000000000000e+03,2.524536739656468853e-06
5.742000000000000000e+03,2.523837338230805472e-06
5.743000000000000000e+03,2.523747753002680838e-06
5.744000000000000000e+03,2.523182729419204406e-06
5.745000000000000000e+03,2.522913518987479620e-06
5.746000000000000000e+03,2.522188879083842039e-06
5.747000000000000000e+03,2.521610667827189900e-06
5.748000000000000000e+03,2.520914449632982723e-06
5.749000000000000000e+03,2.521762326068710536e-06
5.750000000000000000e+03,2.520591351640177891e-06
5.751000000000000000e+03,2.519847612347803079e-06
5.752000000000000000e+03,2.519099325581919402e-06
5.753000000000000000e+03,2.517984057703870349e-06
5.754000000000000000e+03,2.517000211810227484e-06
5.755000000000000000e+03,2.517973371141124517e-06
5.756000000000000000e+03,2.516625727366772480e-06
5.757000000000000000e+03,2.516015683795558289e-06
5.758000000000000000e+03,2.515285814297385514e-06
5.759000000000000000e+03,2.514357447580550797e-06
5.760000000000000000e+03,2.512958644729224034e-06
5.761000000000000000e+03,2.513871550036128610e-06
5.762000000000000000e+03,2.512309265512158163e-06
5.763000000000000000e+03,2.511330194465699606e-06
5.764000000000000000e+03,2.510757667550933547e-06
5.765000000000000000e+03,2.510234708097414114e-06
5.766000000000000000e+03,2.509777459636097774e-06
5.767000000000000000e+03,2.508906618459150195e-06
5.768000000000000000e+03,2.507918679839349352e-06
5.769000000000000000e+03,2.506991449990891851e-06
5.770000000000000000e+03,2.505948714315309189e-06
5.771000000000000000e+03,2.504992835383745842e-06
5.772000000000000000e+03,2.503936457287636586e-06
5.773000000000000000e+03,2.503125415387330577e-06
5.774000000000000000e+03,2.501726839909679256e-06
5.775000000000000000e+03,2.503117002561339177e-06
5.776000000000000000e+03,2.501333710824837908e-06
5.777000000000000000e+03,2.500550181139260530e-06
5.778000000000000000e+03,2.499804168110131286e-06
5.779000000000000000e+03,2.499118863852345385e-06
5.780000000000000000e+03,2.498213916624081321e-06
5.781000000000000000e+03,2.499852598703000695e-06
5.782000000000000000e+03,2.497854438843205571e-06
5.783000000000000000e+03,2.497370815035537817e-06
5.784000000000000000e+03,2.496712568245129660e-06
5.785000000000000000e+03,2.496128900020266883e-06
5.786000000000000000e+03,2.495084345355280675e-06
5.787000000000000000e+03,2.495452690709498711e-06
5.788000000000000000e+03,2.494318550816387869e-06
5.789000000000000000e+03,2.493669171599321999e-06
5.790000000000000000e+03,2.493120291546802036e-06
5.791000000000000000e+03,2.492458634151262231e-06
5.792000000000000000e+03,2.491047325747786090e-06
5.793000000000000000e+03,2.493698502803454176e-06
5.794000000000000000e+03,2.490521637810161337e-06
5.795000000000000000e+03,2.489545522621483542e-06
5.796000000000000000e+03,2.488940026523778215e-06
5.797000000000000000e+03,2.488189011273789220e-06
5.798000000000000000e+03,2.487284973540226929e-06
5.799000000000000000e+03,2.486290895831189118e-06
5.800000000000000000e+03,2.485641743987798691e-06
5.801000000000000000e+03,2.484644028299953789e-06
5.802000000000000000e+03,2.483502612449228764e-06
5.803000000000000000e+03,2.483754542481619865e-06
5.804000000000000000e+03,2.482798663550056517e-06
5.805000000000000000e+03,2.481909177731722593e-06
5.806000000000000000e+03,2.481388492014957592e-06
5.807000000000000000e+03,2.480613602529047057e-06
5.808000000000000000e+03,2.479077238604077138e-06
5.809000000000000000e+03,2.479268232491449453e-06
5.810000000000000000e+03,2.478238002368016168e-06
5.811000000000000000e+03,2.477495172570343129e-06
5.812000000000000000e+03,2.477073167028720491e-06
5.813000000000000000e+03,2.476522695360472426e-06
5.814000000000000000e+03,2.475498604326276109e-06
5.815000000000000000e+03,2.478053147569880821e-06
5.816000000000000000e+03,2.474919028827571310e-06
5.817000000000000000e+03,2.473999302310403436e-06
5.818000000000000000e+03,2.473222139087738469e-06
5.819000000000000000e+03,2.472582309565041214e-06
5.820000000000000000e+03,2.471304242135374807e-06
5.821000000000000000e+03,2.470800836817943491e-06
5.822000000000000000e+03,2.469351784384343773e-06
5.823000000000000000e+03,2.468839966240921058e-06
5.824000000000000000e+03,2.467934564265306108e-06
5.825000000000000000e+03,2.466331352479755878e-06
5.826000000000000000e+03,2.465931402184651233e-06
5.827000000000000000e+03,2.463887994963442907e-06
5.828000000000000000e+03,2.463469172653276473e-06
5.829000000000000000e+03,2.462596739860600792e-06
5.830000000000000000e+03,2.462371639921911992e-06
5.831000000000000000e+03,2.461228405081783421e-06
5.832000000000000000e+03,2.460624955347157083e-06
5.833000000000000000e+03,2.459835968693369068e-06
5.834000000000000000e+03,2.458825065332348458e-06
5.835000000000000000e+03,2.460177256580209360e-06
5.836000000000000000e+03,2.458364178892225027e-06
5.837000000000000000e+03,2.457637265251833014e-06
5.838000000000000000e+03,2.457022219459759071e-06
5.839000000000000000e+03,2.455975391058018431e-06
5.840000000000000000e+03,2.460671112203272060e-06
5.841000000000000000e+03,2.455708454363048077e-06
5.842000000000000000e+03,2.454893774483934976e-06
5.843000000000000000e+03,2.453833531035343185e-06
5.844000000000000000e+03,2.452970420563360676e-06
5.845000000000000000e+03,2.452258058838197030e-06
5.846000000000000000e+03,2.451074578857515007e-06
5.847000000000000000e+03,2.452341504977084696e-06
5.848000000000000000e+03,2.450531610520556569e-06
5.849000000000000000e+03,2.449767180223716423e-06
5.850000000000000000e+03,2.449303792673163116e-06
5.851000000000000000e+03,2.448559826007112861e-06
5.852000000000000000e+03,2.448090981488348916e-06
5.853000000000000000e+03,2.447386805215501226e-06
5.854000000000000000e+03,2.446713551762513816e-06
5.855000000000000000e+03,2.446363623676006682e-06
5.856000000000000000e+03,2.445515519866603427e-06
5.857000000000000000e+03,2.445089876346173696e-06
5.858000000000000000e+03,2.444340452711912803e-06
5.859000000000000000e+03,2.443663333906442858e-06
5.860000000000000000e+03,2.443089442749624141e-06
5.861000000000000000e+03,2.442182676531956531e-06
5.862000000000000000e+03,2.441605829517357051e-06
5.863000000000000000e+03,2.440585603835643269e-06
5.864000000000000000e+03,2.440000116621376947e-06
5.865000000000000000e+03,2.438792307657422498e-06
5.866000000000000000e+03,2.437738430671743117e-06
5.867000000000000000e+03,2.437413058942183852e-06
5.868000000000000000e+03,2.436287331875064410e-06
5.869000000000000000e+03,2.435917849652469158e-06
5.870000000000000000e+03,2.435054511806811206e-06
5.871000000000000000e+03,2.433768031551153399e-06
5.872000000000000000e+03,2.436383965687127784e-06
5.873000000000000000e+03,2.433175268379272893e-06
5.874000000000000000e+03,2.432179371680831537e-06
5.875000000000000000e+03,2.431466100460966118e-06
5.876000000000000000e+03,2.430726908642100170e-06
5.877000000000000000e+03,2.429568667139392346e-06
5.878000000000000000e+03,2.429724190733395517e-06
5.879000000000000000e+03,2.429056848995969631e-06
5.880000000000000000e+03,2.428217612759908661e-06
5.881000000000000000e+03,2.427550043648807332e-06
5.882000000000000000e+03,2.426600758553831838e-06
5.883000000000000000e+03,2.425548245810205117e-06
5.884000000000000000e+03,2.424412741675041616e-06
5.885000000000000000e+03,2.423651949357008561e-06
5.886000000000000000e+03,2.423177647870033979e-06
5.887000000000000000e+03,2.422697889414848760e-06
5.888000000000000000e+03,2.421887984382919967e-06
5.889000000000000000e+03,2.421040107947192155e-06
5.890000000000000000e+03,2.420115151835489087e-06
5.891000000000000000e+03,2.418998292341711931e-06
5.892000000000000000e+03,2.418342319288058206e-06
5.893000000000000000e+03,2.417247287667123601e-06
5.894000000000000000e+03,2.416215011180611327e-06
5.895000000000000000e+03,2.415445806036586873e-06
5.896000000000000000e+03,2.414798473182599992e-06
5.897000000000000000e+03,2.414436949038645253e-06
5.898000000000000000e+03,2.414125447103288025e-06
5.899000000000000000e+03,2.412729600109742023e-06
5.900000000000000000e+03,2.411523837508866563e-06
5.901000000000000000e+03,2.410081378911854699e-06
5.902000000000000000e+03,2.410835122645949014e-06
5.903000000000000000e+03,2.409687795079662465e-06
5.904000000000000000e+03,2.408885166005347855e-06
5.905000000000000000e+03,2.408250111329834908e-06
5.906000000000000000e+03,2.407454530839459039e-06
5.907000000000000000e+03,2.406928615528158844e-06
5.908000000000000000e+03,2.406221710771205835e-06
5.909000000000000000e+03,2.405726036158739589e-06
5.910000000000000000e+03,2.405076429567998275e-06
5.911000000000000000e+03,2.404304495939868502e-06
5.912000000000000000e+03,2.402729251116397791e-06
5.913000000000000000e+03,2.403045755272614770e-06
5.914000000000000000e+03,2.402040308879804797e-06
5.915000000000000000e+03,2.401420033493195660e-06
5.916000000000000000e+03,2.400943685643142089e-06
5.917000000000000000e+03,2.400476205366430804e-06
5.918000000000000000e+03,2.399495542704244144e-06
5.919000000000000000e+03,2.398386186541756615e-06
5.920000000000000000e+03,2.397394609943148680e-06
5.921000000000000000e+03,2.396785930613987148e-06
5.922000000000000000e+03,2.395712499492219649e-06
5.923000000000000000e+03,2.394961938989581540e-06
5.924000000000000000e+03,2.394434432062553242e-06
5.925000000000000000e+03,2.393371914877207018e-06
5.926000000000000000e+03,2.394707735220436007e-06
5.927000000000000000e+03,2.392936949036084116e-06
5.928000000000000000e+03,2.392068381595890969e-06
5.929000000000000000e+03,2.391635916865197942e-06
5.930000000000000000e+03,2.390981080679921433e-06
5.931000000000000000e+03,2.390213239777949639e-06
5.932000000000000000e+03,2.389544761172146536e-06
5.933000000000000000e+03,2.388812845310894772e-06
5.934000000000000000e+03,2.387946551607456058e-06
5.935000000000000000e+03,2.386934966125409119e-06
5.936000000000000000e+03,2.386047981417505071e-06
5.937000000000000000e+03,2.384624167461879551e-06
5.938000000000000000e+03,2.383907485636882484e-06
5.939000000000000000e+03,2.382735829087323509e-06
5.940000000000000000e+03,2.381828153374954127e-06
5.941000000000000000e+03,2.380800651735626161e-06
5.942000000000000000e+03,2.379857050982536748e-06
5.943000000000000000e+03,2.378971657890360802e-06
5.944000000000000000e+03,2.378020553805981763e-06
5.945000000000000000e+03,2.377129021624568850e-06
5.946000000000000000e+03,2.376288421146455221e-06
5.947000000000000000e+03,2.375545136601431295e-06
5.948000000000000000e+03,2.374880750721786171e-06
5.949000000000000000e+03,2.374410541960969567e-06
5.950000000000000000e+03,2.373288680246332660e-06
5.951000000000000000e+03,2.373679308220744133e-06
5.952000000000000000e+03,2.372702283537364565e-06
5.953000000000000000e+03,2.372058361288509332e-06
5.954000000000000000e+03,2.371667051193071529e-06
5.955000000000000000e+03,2.371418531765812077e-06
5.956000000000000000e+03,2.370969014009460807e-06
5.957000000000000000e+03,2.369816002101288177e-06
5.958000000000000000e+03,2.371565187786472961e-06
5.959000000000000000e+03,2.369204821661696769e-06
5.960000000000000000e+03,2.368128207308473065e-06
5.961000000000000000e+03,2.366876287851482630e-06
5.962000000000000000e+03,2.365831733186496422e-06
5.963000000000000000e+03,2.364343345107045025e-06
5.964000000000000000e+03,2.380956857450655662e-06
5.965000000000000000e+03,2.364124384257593192e-06
5.966000000000000000e+03,2.363098019486642443e-06
5.967000000000000000e+03,2.362138047828921117e-06
5.968000000000000000e+03,2.360526195843704045e-06
5.969000000000000000e+03,2.359140580665552989e-06
5.970000000000000000e+03,2.358000301683205180e-06
5.971000000000000000e+03,2.356938011871534400e-06
5.972000000000000000e+03,2.356418690396822058e-06
5.973000000000000000e+03,2.355742481086053886e-06
5.974000000000000000e+03,2.354081061639590189e-06
5.975000000000000000e+03,2.352553337914287113e-06
5.976000000000000000e+03,2.351944203837774694e-06
5.977000000000000000e+03,2.350639306314405985e-06
5.978000000000000000e+03,2.350141585338860750e-06
5.979000000000000000e+03,2.349398755541187711e-06
5.980000000000000000e+03,2.348170710320118815e-06
5.981000000000000000e+03,2.347271220060065389e-06
5.982000000000000000e+03,2.346715064049931243e-06
5.983000000000000000e+03,2.346215069337631576e-06
5.984000000000000000e+03,2.345779421375482343e-06
5.985000000000000000e+03,2.344695758438319899e-06
5.986000000000000000e+03,2.344064114367938600e-06
5.987000000000000000e+03,2.343034793739207089e-06
5.988000000000000000e+03,2.341876552236499265e-06
5.989000000000000000e+03,2.341118715776246972e-06
5.990000000000000000e+03,2.340265382372308522e-06
5.991000000000000000e+03,2.339593038414022885e-06
5.992000000000000000e+03,2.339043930987827480e-06
5.993000000000000000e+03,2.338129888812545687e-06
5.994000000000000000e+03,2.337245177841396071e-06
5.995000000000000000e+03,2.336178113182540983e-06
5.996000000000000000e+03,2.334803184567135759e-06
5.997000000000000000e+03,2.334185410290956497e-06
5.998000000000000000e+03,2.333573547730338760e-06
5.999000000000000000e+03,2.332666326765320264e-06
6.000000000000000000e+03,2.331000359845347703e-06
6.001000000000000000e+03,2.333517841179855168e-06
6.002000000000000000e+03,2.330499910385697149e-06
6.003000000000000000e+03,2.329545850443537347e-06
6.004000000000000000e+03,2.328885102542699315e-06
6.005000000000000000e+03,2.328152731934096664e-06
6.006000000000000000e+03,2.327472429897170514e-06
6.007000000000000000e+03,2.326753474335419014e-06
6.008000000000000000e+03,2.326190951862372458e-06
6.009000000000000000e+03,2.325817149539943784e-06
6.010000000000000000e+03,2.325482455489691347e-06
6.011000000000000000e+03,2.325176183148869313e-06
6.012000000000000000e+03,2.324641400264226831e-06
6.013000000000000000e+03,2.323961325600976124e-06
6.014000000000000000e+03,2.323208036614232697e-06
6.015000000000000000e+03,2.322276486665941775e-06
6.016000000000000000e+03,2.321600049981498159e-06
6.017000000000000000e+03,2.320879957551369444e-06
6.018000000000000000e+03,2.321729198229149915e-06
6.019000000000000000e+03,2.320781277376227081e-06
6.020000000000000000e+03,2.320413614143035375e-06
6.021000000000000000e+03,2.319642362635931931e-06
6.022000000000000000e+03,2.318630777153884992e-06
6.023000000000000000e+03,2.318084625585470349e-06
6.024000000000000000e+03,2.318731276318430901e-06
6.025000000000000000e+03,2.317791313544148579e-06
6.026000000000000000e+03,2.317457983735948801e-06
6.027000000000000000e+03,2.316996869922149926e-06
6.028000000000000000e+03,2.316740392416249961e-06
6.029000000000000000e+03,2.315818846909678541e-06
6.030000000000000000e+03,2.314823859705938958e-06
6.031000000000000000e+03,2.314023049621027894e-06
6.032000000000000000e+03,2.313176310053677298e-06
6.033000000000000000e+03,2.312544665983295999e-06
6.034000000000000000e+03,2.311836624357965775e-06
6.035000000000000000e+03,2.311220669071190059e-06
6.036000000000000000e+03,2.310405307071050629e-06
6.037000000000000000e+03,2.309480350959347561e-06
6.038000000000000000e+03,2.308860075572738424e-06
6.039000000000000000e+03,2.308197053935145959e-06
6.040000000000000000e+03,2.307509703314281069e-06
6.041000000000000000e+03,2.306184796907473356e-06
6.042000000000000000e+03,2.308971716047381051e-06
6.043000000000000000e+03,2.305684347447822802e-06
6.044000000000000000e+03,2.304732333868741989e-06
6.045000000000000000e+03,2.304211193404626101e-06
6.046000000000000000e+03,2.303243036294588819e-06
6.047000000000000000e+03,2.302060238434933126e-06
6.048000000000000000e+03,2.300642336194869131e-06
6.049000000000000000e+03,2.299520247106556781e-06
6.050000000000000000e+03,2.298558911206782795e-06
6.051000000000000000e+03,2.298007075296482071e-06
6.052000000000000000e+03,2.297369746884214692e-06
6.053000000000000000e+03,2.296492539244354703e-06
6.054000000000000000e+03,2.295987769684870727e-06
6.055000000000000000e+03,2.295108515681931749e-06
6.056000000000000000e+03,2.294504156452603638e-06
6.057000000000000000e+03,2.293783154527773149e-06
6.058000000000000000e+03,2.293079660375951789e-06
6.059000000000000000e+03,2.292327508257585578e-06
6.060000000000000000e+03,2.291380724273039959e-06
6.061000000000000000e+03,2.290653810632647946e-06
6.062000000000000000e+03,2.289590156578924507e-06
6.063000000000000000e+03,2.289679969180724584e-06
6.064000000000000000e+03,2.289034000568790361e-06
6.065000000000000000e+03,2.288633368152659386e-06
6.066000000000000000e+03,2.288101086378446780e-06
6.067000000000000000e+03,2.287668621647753753e-06
6.068000000000000000e+03,2.286930566697265022e-06
6.069000000000000000e+03,2.286182734678732231e-06
6.070000000000000000e+03,2.285795289935776964e-06
6.071000000000000000e+03,2.285283926539705135e-06
6.072000000000000000e+03,2.284675247210543603e-06
6.073000000000000000e+03,2.284079073433531448e-06
6.074000000000000000e+03,2.283533376612467691e-06
6.075000000000000000e+03,2.283200046804267913e-06
6.076000000000000000e+03,2.282906507389270701e-06
6.077000000000000000e+03,2.282562718392000534e-06
6.078000000000000000e+03,2.282256218677503057e-06
6.079000000000000000e+03,2.281906517964671366e-06
6.080000000000000000e+03,2.281302158735343255e-06
6.081000000000000000e+03,2.280876515214913525e-06
6.082000000000000000e+03,2.280364469697815366e-06
6.083000000000000000e+03,2.279824684592313133e-06
6.084000000000000000e+03,2.278770125485607423e-06
6.085000000000000000e+03,2.277909970871405676e-06
6.086000000000000000e+03,2.277404519190895371e-06
6.087000000000000000e+03,2.276818349855602719e-06
6.088000000000000000e+03,2.276096665809745900e-06
6.089000000000000000e+03,2.275289261888246983e-06
6.090000000000000000e+03,2.274181497341487557e-06
6.091000000000000000e+03,2.277417479490395635e-06
6.092000000000000000e+03,2.273950030939886346e-06
6.093000000000000000e+03,2.273212430736748502e-06
6.094000000000000000e+03,2.272701067340676673e-06
6.095000000000000000e+03,2.272051688123610802e-06
6.096000000000000000e+03,2.271409812237834558e-06
6.097000000000000000e+03,2.271267021569656208e-06
6.098000000000000000e+03,2.270143568239291199e-06
6.099000000000000000e+03,2.269900733153917827e-06
6.100000000000000000e+03,2.269304559376905672e-06
6.101000000000000000e+03,2.268560592710855417e-06
6.102000000000000000e+03,2.268027401441941038e-06
6.103000000000000000e+03,2.267101308461860754e-06
6.104000000000000000e+03,2.266644742121570744e-06
6.105000000000000000e+03,2.265945340695907362e-06
6.106000000000000000e+03,2.266132014483446255e-06
6.107000000000000000e+03,2.265521970912232064e-06
6.108000000000000000e+03,2.265069269924424589e-06
6.109000000000000000e+03,2.264365548398927785e-06
6.110000000000000000e+03,2.263924443468567915e-06
6.111000000000000000e+03,2.263297119498020038e-06
6.112000000000000000e+03,2.262789621454430744e-06
6.113000000000000000e+03,2.261958570670685731e-06
6.114000000000000000e+03,2.261519057356053963e-06
6.115000000000000000e+03,2.261173449369380251e-06
6.116000000000000000e+03,2.260498831674340181e-06
6.117000000000000000e+03,2.261862618979648687e-06
6.118000000000000000e+03,2.260329665659810416e-06
6.119000000000000000e+03,2.259951770611223765e-06
6.120000000000000000e+03,2.259605025756172836e-06
6.121000000000000000e+03,2.259232587675796822e-06
6.122000000000000000e+03,2.258699169033206999e-06
6.123000000000000000e+03,2.258063659610343166e-06
6.124000000000000000e+03,2.257490450574550778e-06
6.125000000000000000e+03,2.256859943372546695e-06
6.126000000000000000e+03,2.256078914797399193e-06
6.127000000000000000e+03,2.255058916489360854e-06
6.128000000000000000e+03,2.255834033348946832e-06
6.129000000000000000e+03,2.254668515888624825e-06
6.130000000000000000e+03,2.253661932627437636e-06
6.131000000000000000e+03,2.253488446513074450e-06
6.132000000000000000e+03,2.253082584502408281e-06
6.133000000000000000e+03,2.252795866297674365e-06
6.134000000000000000e+03,2.252060539831290953e-06
6.135000000000000000e+03,2.251185378554509953e-06
6.136000000000000000e+03,2.252257900181575678e-06
6.137000000000000000e+03,2.250786110380431637e-06
6.138000000000000000e+03,2.249994167868862860e-06
6.139000000000000000e+03,2.249226326966891065e-06
6.140000000000000000e+03,2.248006921945489012e-06
6.141000000000000000e+03,2.246742042188998312e-06
6.142000000000000000e+03,2.246927579108159989e-06
6.143000000000000000e+03,2.245775249321013689e-06
6.144000000000000000e+03,2.244684765173587948e-06
6.145000000000000000e+03,2.244104734927532263e-06
6.146000000000000000e+03,2.243589278805302456e-06
6.147000000000000000e+03,2.243083599751116708e-06
6.148000000000000000e+03,2.242355776616022922e-06
6.149000000000000000e+03,2.242009031760971993e-06
6.150000000000000000e+03,2.241278707515448332e-06
6.151000000000000000e+03,2.240707772216410376e-06
6.152000000000000000e+03,2.240316689494648017e-06
6.153000000000000000e+03,2.239573859696974978e-06
6.154000000000000000e+03,2.238032493551145308e-06
6.155000000000000000e+03,2.238347860838985071e-06
6.156000000000000000e+03,2.237149828943074681e-06
6.157000000000000000e+03,2.235994770671823062e-06
6.158000000000000000e+03,2.234941803180845454e-06
6.159000000000000000e+03,2.234162820968776941e-06
6.160000000000000000e+03,2.233072109447675757e-06
6.161000000000000000e+03,2.232291080872528255e-06
6.162000000000000000e+03,2.231499593108310364e-06
6.163000000000000000e+03,2.230885229437262751e-06
6.164000000000000000e+03,2.230381824119831435e-06
6.165000000000000000e+03,2.229691745014861226e-06
6.166000000000000000e+03,2.228751327493228018e-06
6.167000000000000000e+03,2.228005087090423331e-06
6.168000000000000000e+03,2.227073082394781522e-06
6.169000000000000000e+03,2.226317064923932776e-06
6.170000000000000000e+03,2.225622665719129145e-06
6.171000000000000000e+03,2.224754553026286885e-06
6.172000000000000000e+03,2.224744548584567383e-06
6.173000000000000000e+03,2.224164745712187141e-06
6.174000000000000000e+03,2.223649971710983664e-06
6.175000000000000000e+03,2.222913735749898478e-06
6.176000000000000000e+03,2.223265482825809158e-06
6.177000000000000000e+03,2.222766624981886707e-06
6.178000000000000000e+03,2.222497414550161920e-06
6.179000000000000000e+03,2.221588374595739879e-06
6.180000000000000000e+03,2.220820306320092641e-06
6.181000000000000000e+03,2.220244141426519491e-06
6.182000000000000000e+03,2.219788257207255810e-06
6.183000000000000000e+03,2.219455382146406919e-06
6.184000000000000000e+03,2.218631379946600646e-06
6.185000000000000000e+03,2.217908559032366611e-06
6.186000000000000000e+03,2.219773932665702887e-06
6.187000000000000000e+03,2.217636620116536506e-06
6.188000000000000000e+03,2.217212795585510321e-06
6.189000000000000000e+03,2.217007704530260526e-06
6.190000000000000000e+03,2.216583425251883455e-06
6.191000000000000000e+03,2.215997710663941689e-06
6.192000000000000000e+03,2.215442464148509316e-06
6.193000000000000000e+03,2.214937467215349898e-06
6.194000000000000000e+03,2.214192591054597870e-06
6.195000000000000000e+03,2.213738525824737735e-06
6.196000000000000000e+03,2.213310835941229016e-06
6.197000000000000000e+03,2.212944991697440855e-06
6.198000000000000000e+03,2.212708750448655337e-06
6.199000000000000000e+03,2.212103026977274567e-06
6.200000000000000000e+03,2.211740138591267169e-06
6.201000000000000000e+03,2.210902721344609745e-06
6.202000000000000000e+03,2.210512093370198272e-06
6.203000000000000000e+03,2.209888862125808373e-06
6.204000000000000000e+03,2.209168769695679657e-06
6.205000000000000000e+03,2.208868636444094591e-06
6.206000000000000000e+03,2.207855459346319549e-06
6.207000000000000000e+03,2.207540319432155229e-06
6.208000000000000000e+03,2.206862291131983511e-06
6.209000000000000000e+03,2.206150611527846195e-06
6.210000000000000000e+03,2.205327973570092581e-06
6.211000000000000000e+03,2.204867541877320036e-06
6.212000000000000000e+03,2.204176325903972611e-06
6.213000000000000000e+03,2.203720896432059817e-06
6.214000000000000000e+03,2.202845053034252487e-06
6.215000000000000000e+03,2.202445784860174172e-06
6.216000000000000000e+03,2.201712959504220635e-06
6.217000000000000000e+03,2.200942162744468078e-06
6.218000000000000000e+03,2.200182507294812240e-06
6.219000000000000000e+03,2.199524715251754969e-06
6.220000000000000000e+03,2.198805759690003470e-06
6.221000000000000000e+03,2.198199126723920926e-06
6.222000000000000000e+03,2.197520871050073765e-06
6.223000000000000000e+03,2.197034746131976135e-06
6.224000000000000000e+03,2.196153218392282724e-06
6.225000000000000000e+03,2.195587285314104520e-06
6.226000000000000000e+03,2.194741000494104810e-06
6.227000000000000000e+03,2.194210082961944863e-06
6.228000000000000000e+03,2.193534783145878464e-06
6.229000000000000000e+03,2.193305363107356243e-06
6.230000000000000000e+03,2.192485681007383391e-06
6.231000000000000000e+03,2.192130750700016506e-06
6.232000000000000000e+03,2.191811745433369651e-06
6.233000000000000000e+03,2.191098019466153346e-06
6.234000000000000000e+03,2.190311306549119763e-06
6.235000000000000000e+03,2.189827000620425679e-06
6.236000000000000000e+03,2.189376118622021750e-06
6.237000000000000000e+03,2.188850885431747884e-06
6.238000000000000000e+03,2.188256758017814718e-06
6.239000000000000000e+03,2.187266090913908556e-06
6.240000000000000000e+03,2.192648707932676189e-06
6.241000000000000000e+03,2.187050768043263815e-06
6.242000000000000000e+03,2.186619212807272561e-06
6.243000000000000000e+03,2.186285428251721896e-06
6.244000000000000000e+03,2.185729044867912307e-06
6.245000000000000000e+03,2.185307721447315998e-06
6.246000000000000000e+03,2.184635377489030361e-06
6.247000000000000000e+03,2.184028289775596932e-06
6.248000000000000000e+03,2.183545120715280063e-06
6.249000000000000000e+03,2.184194045184995048e-06
6.250000000000000000e+03,2.183283413614844903e-06
6.251000000000000000e+03,2.183146762035903521e-06
6.252000000000000000e+03,2.182577645726269111e-06
6.253000000000000000e+03,2.182250909754657187e-06
6.254000000000000000e+03,2.181366653530858457e-06
6.255000000000000000e+03,2.180910541937919334e-06
6.256000000000000000e+03,2.180293449782766402e-06
6.257000000000000000e+03,2.180004685214953497e-06
6.258000000000000000e+03,2.179318926209816709e-06
6.259000000000000000e+03,2.178644990635802969e-06
6.260000000000000000e+03,2.177754367949091829e-06
6.261000000000000000e+03,2.177241185563616455e-06
6.262000000000000000e+03,2.176470616177539341e-06
6.263000000000000000e+03,2.175708914364804514e-06
6.264000000000000000e+03,2.175650706703891046e-06
6.265000000000000000e+03,2.175166173401521519e-06
6.266000000000000000e+03,2.174365135942935012e-06
6.267000000000000000e+03,2.173871507693547755e-06
6.268000000000000000e+03,2.173535449401242658e-06
6.269000000000000000e+03,2.173281473005772568e-06
6.270000000000000000e+03,2.172968379454687238e-06
6.271000000000000000e+03,2.172544554923661053e-06
6.272000000000000000e+03,2.172171662095934153e-06
6.273000000000000000e+03,2.171587311750045046e-06
6.274000000000000000e+03,2.171204869227949530e-06
6.275000000000000000e+03,2.170730795114650391e-06
6.276000000000000000e+03,2.170308789573027752e-06
6.277000000000000000e+03,2.169927256545634009e-06
6.278000000000000000e+03,2.169304252674919553e-06
6.279000000000000000e+03,2.168296305171679705e-06
6.280000000000000000e+03,2.167692628063377924e-06
6.281000000000000000e+03,2.166901822420186363e-06
6.282000000000000000e+03,2.166237209166865796e-06
6.283000000000000000e+03,2.165438900192384608e-06
6.284000000000000000e+03,2.164585112041095272e-06
6.285000000000000000e+03,2.163843646485474892e-06
6.286000000000000000e+03,2.163278168154647574e-06
6.287000000000000000e+03,2.162779992431751452e-06
6.288000000000000000e+03,2.163126282539451495e-06
6.289000000000000000e+03,2.162624468837748282e-06
6.290000000000000000e+03,2.162272721761837602e-06
6.291000000000000000e+03,2.161138127121375874e-06
6.292000000000000000e+03,2.160693384212208912e-06
6.293000000000000000e+03,2.160368239856325090e-06
6.294000000000000000e+03,2.159863242923165672e-06
6.295000000000000000e+03,2.159471705454052426e-06
6.296000000000000000e+03,2.158998540835455060e-06
6.297000000000000000e+03,2.158556981157744303e-06
6.298000000000000000e+03,2.158117240469437093e-06
6.299000000000000000e+03,2.157531298507819884e-06
6.300000000000000000e+03,2.157064045604784042e-06
6.301000000000000000e+03,2.156215487048029900e-06
6.302000000000000000e+03,2.155787342417170294e-06
6.303000000000000000e+03,2.155393531211302616e-06
6.304000000000000000e+03,2.154959474864881486e-06
6.305000000000000000e+03,2.154659796360647306e-06
6.306000000000000000e+03,2.154643425456015393e-06
6.307000000000000000e+03,2.153936293325386941e-06
6.308000000000000000e+03,2.153897867174237035e-06
6.309000000000000000e+03,2.153306240870733745e-06
6.310000000000000000e+03,2.152603201466263272e-06
6.311000000000000000e+03,2.151936996597214602e-06
6.312000000000000000e+03,2.150965201508370228e-06
6.313000000000000000e+03,2.150513182641589083e-06
6.314000000000000000e+03,2.150146883650450036e-06
6.315000000000000000e+03,2.149705323972739279e-06
6.316000000000000000e+03,2.149086412828182802e-06
6.317000000000000000e+03,2.148601879525813274e-06
6.318000000000000000e+03,2.148258772649569437e-06
6.319000000000000000e+03,2.147681925634969957e-06
6.320000000000000000e+03,2.146842689398908988e-06
6.321000000000000000e+03,2.146345650544390082e-06
6.322000000000000000e+03,2.145716280210763216e-06
6.323000000000000000e+03,2.145337475667474791e-06
6.324000000000000000e+03,2.144864765796228312e-06
6.325000000000000000e+03,2.144108748325379565e-06
6.326000000000000000e+03,2.143332721971091814e-06
6.327000000000000000e+03,2.142647417713305913e-06
6.328000000000000000e+03,2.141993036275380291e-06
6.329000000000000000e+03,2.141657660104101524e-06
6.330000000000000000e+03,2.141056256732554175e-06
6.331000000000000000e+03,2.140489186785998754e-06
6.332000000000000000e+03,2.139750904461834580e-06
6.333000000000000000e+03,2.139241360055166297e-06
6.334000000000000000e+03,2.138876425306079909e-06
6.335000000000000000e+03,2.138313220712007023e-06
6.336000000000000000e+03,2.137845058314269409e-06
6.337000000000000000e+03,2.137289357051486149e-06
6.338000000000000000e+03,2.136812781827757135e-06
6.339000000000000000e+03,2.136024932042346336e-06
6.340000000000000000e+03,2.135729118890594691e-06
6.341000000000000000e+03,2.135407385139842518e-06
6.342000000000000000e+03,2.135026534233475104e-06
6.343000000000000000e+03,2.135138174708117731e-06
6.344000000000000000e+03,2.134588839908246882e-06
6.345000000000000000e+03,2.134106352968956344e-06
6.346000000000000000e+03,2.133710268026334234e-06
6.347000000000000000e+03,2.133417183358687907e-06
6.348000000000000000e+03,2.132338522642385215e-06
6.349000000000000000e+03,2.132700728907366283e-06
6.350000000000000000e+03,2.131960627593798563e-06
6.351000000000000000e+03,2.131035898855770938e-06
6.352000000000000000e+03,2.130360826413379982e-06
6.353000000000000000e+03,2.129965878339135088e-06
6.354000000000000000e+03,2.129587073795846663e-06
6.355000000000000000e+03,2.129090262315003201e-06
6.356000000000000000e+03,2.128564574377378449e-06
6.357000000000000000e+03,2.128059122696868144e-06
6.358000000000000000e+03,2.127495463355444372e-06
6.359000000000000000e+03,2.127145307895261794e-06
6.360000000000000000e+03,2.126710342054138891e-06
6.361000000000000000e+03,2.126246045008883812e-06
6.362000000000000000e+03,2.126405206581694074e-06
6.363000000000000000e+03,2.126143272107583471e-06
6.364000000000000000e+03,2.125916807926842012e-06
6.365000000000000000e+03,2.125671471731038764e-06
6.366000000000000000e+03,2.125281525877653621e-06
6.367000000000000000e+03,2.124858383467653766e-06
6.368000000000000000e+03,2.124236743838991970e-06
6.369000000000000000e+03,2.123819513144553639e-06
6.370000000000000000e+03,2.123463445968809538e-06
6.371000000000000000e+03,2.123020749422721565e-06
6.372000000000000000e+03,2.122528485415386967e-06
6.373000000000000000e+03,2.122152181982528418e-06
6.374000000000000000e+03,2.121650823028176092e-06
6.375000000000000000e+03,2.121060106219374575e-06
6.376000000000000000e+03,2.120387762261088938e-06
6.377000000000000000e+03,2.119755436069681309e-06
6.378000000000000000e+03,2.119075816153781489e-06
6.379000000000000000e+03,2.118035126841277815e-06
6.380000000000000000e+03,2.117312078553368337e-06
6.381000000000000000e+03,2.116580390065792017e-06
6.382000000000000000e+03,2.116053792633465491e-06
6.383000000000000000e+03,2.115583583872648887e-06
6.384000000000000000e+03,2.115050392603734508e-06
6.385000000000000000e+03,2.114300741595798172e-06
6.386000000000000000e+03,2.113657728841644712e-06
6.387000000000000000e+03,2.113061100317281671e-06
6.388000000000000000e+03,2.112347601723740809e-06
6.389000000000000000e+03,2.111405819960054941e-06
6.390000000000000000e+03,2.110598870785906911e-06
6.391000000000000000e+03,2.109763045154977590e-06
6.392000000000000000e+03,2.109022034346708097e-06
6.393000000000000000e+03,2.108269654854666442e-06
6.394000000000000000e+03,2.109206207023817115e-06
6.395000000000000000e+03,2.108071839757030830e-06
6.396000000000000000e+03,2.107616410285118036e-06
6.397000000000000000e+03,2.106925876432796940e-06
6.398000000000000000e+03,2.105843122990336269e-06
6.399000000000000000e+03,2.105582780131953768e-06
6.400000000000000000e+03,2.104957502524484880e-06
6.401000000000000000e+03,2.104785153278498910e-06
6.402000000000000000e+03,2.104331997543340549e-06
6.403000000000000000e+03,2.103633050865028054e-06
6.404000000000000000e+03,2.104070063069229946e-06
6.405000000000000000e+03,2.103378847095882520e-06
6.406000000000000000e+03,2.102663302139262669e-06
6.407000000000000000e+03,2.102041889884276316e-06
6.408000000000000000e+03,2.101260633935453370e-06
6.409000000000000000e+03,2.101058953485335223e-06
6.410000000000000000e+03,2.100257233905722387e-06
6.411000000000000000e+03,2.099890252793557011e-06
6.412000000000000000e+03,2.099534412991488352e-06
6.413000000000000000e+03,2.098983031828538515e-06
6.414000000000000000e+03,2.098397999361623079e-06
6.415000000000000000e+03,2.097888682328630239e-06
6.416000000000000000e+03,2.097319338645320386e-06
6.417000000000000000e+03,2.096776370308361948e-06
6.418000000000000000e+03,2.096428261211258359e-06
6.419000000000000000e+03,2.095985109917819500e-06
6.420000000000000000e+03,2.095524905598722398e-06
6.421000000000000000e+03,2.095307308991323225e-06
6.422000000000000000e+03,2.094487854265025817e-06
6.423000000000000000e+03,2.093926468660356477e-06
6.424000000000000000e+03,2.093450802931329235e-06
6.425000000000000000e+03,2.093217744913999923e-06
6.426000000000000000e+03,2.092734575853683054e-06
6.427000000000000000e+03,2.092071554216090590e-06
6.428000000000000000e+03,2.091437181661603972e-06
6.429000000000000000e+03,2.090745738314581104e-06
6.430000000000000000e+03,2.090427869916311465e-06
6.431000000000000000e+03,2.089995405185618438e-06
6.432000000000000000e+03,2.088775772790540941e-06
6.433000000000000000e+03,2.088446535708499141e-06
6.434000000000000000e+03,2.087013854179531336e-06
6.435000000000000000e+03,2.087755774482502602e-06
6.436000000000000000e+03,2.086209406115813181e-06
6.437000000000000000e+03,2.085810365315410309e-06
6.438000000000000000e+03,2.085275127683416940e-06
6.439000000000000000e+03,2.084904053845093586e-06
6.440000000000000000e+03,2.084060042761848308e-06
6.441000000000000000e+03,2.083957497234223410e-06
6.442000000000000000e+03,2.083123945340048522e-06
6.443000000000000000e+03,2.082815854009822942e-06
6.444000000000000000e+03,2.082302444250672124e-06
6.445000000000000000e+03,2.081779712170828134e-06
6.446000000000000000e+03,2.080879767163423821e-06
6.447000000000000000e+03,2.080316335195675492e-06
6.448000000000000000e+03,2.079640808005933650e-06
6.449000000000000000e+03,2.079288378808996640e-06
6.450000000000000000e+03,2.078881834677304141e-06
6.451000000000000000e+03,2.078401621474768035e-06
6.452000000000000000e+03,2.077710632875096053e-06
6.453000000000000000e+03,2.077599901895155199e-06
6.454000000000000000e+03,2.077312046822044067e-06
6.455000000000000000e+03,2.076909822790184990e-06
6.456000000000000000e+03,2.076470536849228665e-06
6.457000000000000000e+03,2.075999191220034845e-06
6.458000000000000000e+03,2.075744532703538425e-06
6.459000000000000000e+03,2.075248630717396736e-06
6.460000000000000000e+03,2.074941676255548373e-06
6.461000000000000000e+03,2.074460326184635051e-06
6.462000000000000000e+03,2.073775021926849149e-06
6.463000000000000000e+03,2.072949882858665660e-06
6.464000000000000000e+03,2.071695462291245349e-06
6.465000000000000000e+03,2.071290055027930066e-06
6.466000000000000000e+03,2.070694790745619684e-06
6.467000000000000000e+03,2.070153868771740235e-06
6.468000000000000000e+03,2.069251650027581491e-06
6.469000000000000000e+03,2.068984940706286579e-06
6.470000000000000000e+03,2.068140247502014972e-06
6.471000000000000000e+03,2.067772356895147823e-06
6.472000000000000000e+03,2.067366267510806210e-06
6.473000000000000000e+03,2.067590685328468680e-06
6.474000000000000000e+03,2.067076138700940646e-06
6.475000000000000000e+03,2.066605247819097713e-06
6.476000000000000000e+03,2.066180286419694312e-06
6.477000000000000000e+03,2.065792614303063601e-06
6.478000000000000000e+03,2.065243279503192753e-06
6.479000000000000000e+03,2.065037278953241184e-06
6.480000000000000000e+03,2.064268983303918503e-06
6.481000000000000000e+03,2.064105956378625706e-06
6.482000000000000000e+03,2.063619149339501746e-06
6.483000000000000000e+03,2.062893599941162392e-06
6.484000000000000000e+03,2.064614363916916773e-06
6.485000000000000000e+03,2.062550493064918555e-06
6.486000000000000000e+03,2.062036628558416851e-06
6.487000000000000000e+03,2.061566419797600247e-06
6.488000000000000000e+03,2.061256509477971122e-06
6.489000000000000000e+03,2.060876795439980924e-06
6.490000000000000000e+03,2.060450242424849421e-06
6.491000000000000000e+03,2.060175120277563110e-06
6.492000000000000000e+03,2.059809048660099506e-06
6.493000000000000000e+03,2.059449116131872870e-06
6.494000000000000000e+03,2.059035296042566188e-06
6.495000000000000000e+03,2.058436621155124158e-06
6.496000000000000000e+03,2.057686515399836935e-06
6.497000000000000000e+03,2.057078063444350846e-06
6.498000000000000000e+03,2.056614221146446653e-06
6.499000000000000000e+03,2.056285666185431182e-06
6.500000000000000000e+03,2.056054881904856302e-06
6.501000000000000000e+03,2.055428922176361084e-06
6.502000000000000000e+03,2.054834794762427919e-06
6.503000000000000000e+03,2.054694959952030331e-06
6.504000000000000000e+03,2.054047627098043449e-06
6.505000000000000000e+03,2.053864818662987091e-06
6.506000000000000000e+03,2.053680191238527186e-06
6.507000000000000000e+03,2.053322532447054982e-06
6.508000000000000000e+03,2.052926220130757429e-06
6.509000000000000000e+03,2.052700892818393186e-06
6.510000000000000000e+03,2.052322770396131091e-06
6.511000000000000000e+03,2.051628143817652017e-06
6.512000000000000000e+03,2.051273440883960575e-06
6.513000000000000000e+03,2.050694092758931220e-06
6.514000000000000000e+03,2.050427383437636308e-06
6.515000000000000000e+03,2.049980821539065801e-06
6.516000000000000000e+03,2.049528120551258326e-06
6.517000000000000000e+03,2.049348950095009059e-06
6.518000000000000000e+03,2.048782562269479968e-06
6.519000000000000000e+03,2.048627948170178570e-06
6.520000000000000000e+03,2.048356464001699351e-06
6.521000000000000000e+03,2.047951056738384068e-06
6.522000000000000000e+03,2.047466523436014540e-06
6.523000000000000000e+03,2.046775080088991672e-06
6.524000000000000000e+03,2.046152758339303546e-06
6.525000000000000000e+03,2.045789642579620704e-06
6.526000000000000000e+03,2.045214387180749327e-06
6.527000000000000000e+03,2.044711891358019784e-06
6.528000000000000000e+03,2.044379471044521779e-06
6.529000000000000000e+03,2.044646180365816690e-06
6.530000000000000000e+03,2.044237135123694316e-06
6.531000000000000000e+03,2.043942458840319887e-06
6.532000000000000000e+03,2.043552058239583857e-06
6.533000000000000000e+03,2.043078211499960162e-06
6.534000000000000000e+03,2.042595951934345067e-06
6.535000000000000000e+03,2.043652102656778879e-06
6.536000000000000000e+03,2.042246705968864262e-06
6.537000000000000000e+03,2.041755351456231438e-06
6.538000000000000000e+03,2.041234438365790993e-06
6.539000000000000000e+03,2.040514573309337720e-06
6.540000000000000000e+03,2.040379513346124440e-06
6.541000000000000000e+03,2.039466835412895307e-06
6.542000000000000000e+03,2.039048922597430646e-06
6.543000000000000000e+03,2.038128741332911886e-06
6.544000000000000000e+03,2.037387275777291507e-06
6.545000000000000000e+03,2.037750164163298905e-06
6.546000000000000000e+03,2.036833620877587236e-06
6.547000000000000000e+03,2.036284058704040945e-06
6.548000000000000000e+03,2.035912075371015817e-06
6.549000000000000000e+03,2.035449369941488840e-06
6.550000000000000000e+03,2.035081024587270804e-06
6.551000000000000000e+03,2.034551926044514403e-06
6.552000000000000000e+03,2.034314775301027112e-06
6.553000000000000000e+03,2.033965529335546307e-06
6.554000000000000000e+03,2.033621058217249811e-06
6.555000000000000000e+03,2.033216105701285414e-06
6.556000000000000000e+03,2.032663360296282917e-06
6.557000000000000000e+03,2.031851863648626022e-06
6.558000000000000000e+03,2.034045337495626882e-06
6.559000000000000000e+03,2.031609710684278980e-06
6.560000000000000000e+03,2.031135863944655284e-06
6.561000000000000000e+03,2.030789801210630685e-06
6.562000000000000000e+03,2.030517862294800580e-06
6.563000000000000000e+03,2.030115865636616945e-06
6.564000000000000000e+03,2.029878942266805097e-06
6.565000000000000000e+03,2.029448296525515616e-06
6.566000000000000000e+03,2.029124743785359897e-06
6.567000000000000000e+03,2.028656354013946839e-06
6.568000000000000000e+03,2.028063136094715446e-06
6.569000000000000000e+03,2.028450353463995270e-06
6.570000000000000000e+03,2.027848267971421592e-06
6.571000000000000000e+03,2.027604523391346447e-06
6.572000000000000000e+03,2.027283244387945160e-06
6.573000000000000000e+03,2.026811898758751340e-06
6.574000000000000000e+03,2.026546781053184532e-06
6.575000000000000000e+03,2.026026322710094973e-06
6.576000000000000000e+03,2.025808498729020357e-06
6.577000000000000000e+03,2.025580670306226239e-06
6.578000000000000000e+03,2.025356707235914655e-06
6.579000000000000000e+03,2.024850573434378020e-06
6.580000000000000000e+03,2.024264631472760811e-06
6.581000000000000000e+03,2.023831257247366011e-06
6.582000000000000000e+03,2.023600018219440244e-06
6.583000000000000000e+03,2.023251681748661213e-06
6.584000000000000000e+03,2.022766238951589912e-06
6.585000000000000000e+03,2.022403805312933400e-06
6.586000000000000000e+03,2.022116632360848598e-06
6.587000000000000000e+03,2.021950194830424152e-06
6.588000000000000000e+03,2.021741011049016379e-06
6.589000000000000000e+03,2.021412456088000908e-06
6.590000000000000000e+03,2.021312411670805886e-06
6.591000000000000000e+03,2.021004775087931193e-06
6.592000000000000000e+03,2.020606416408554651e-06
6.593000000000000000e+03,2.020133024416281842e-06
6.594000000000000000e+03,2.020448846451472491e-06
6.595000000000000000e+03,2.019895191551768221e-06
6.596000000000000000e+03,2.019480007220408879e-06
6.597000000000000000e+03,2.019089151872321963e-06
6.598000000000000000e+03,2.018752866206341423e-06
6.599000000000000000e+03,2.018347231569350697e-06
6.600000000000000000e+03,2.018039822360151447e-06
6.601000000000000000e+03,2.017516408159281127e-06
6.602000000000000000e+03,2.017063479797798209e-06
6.603000000000000000e+03,2.016763119172537699e-06
6.604000000000000000e+03,2.015758354900754057e-06
6.605000000000000000e+03,2.014865458477288485e-06
6.606000000000000000e+03,2.014171286646160297e-06
6.607000000000000000e+03,2.013798166444757953e-06
6.608000000000000000e+03,2.013384346355451271e-06
6.609000000000000000e+03,2.012853656196966767e-06
6.610000000000000000e+03,2.012285449382034130e-06
6.611000000000000000e+03,2.011791139011620544e-06
6.612000000000000000e+03,2.011393689826945774e-06
6.613000000000000000e+03,2.010874368352233432e-06
6.614000000000000000e+03,2.010526259255129844e-06
6.615000000000000000e+03,2.009859372265054844e-06
6.616000000000000000e+03,2.009594481933163479e-06
6.617000000000000000e+03,2.009349600484711118e-06
6.618000000000000000e+03,2.008923729590605944e-06
6.619000000000000000e+03,2.008360979743883945e-06
6.620000000000000000e+03,2.007665898418053985e-06
6.621000000000000000e+03,2.007141802096157335e-06
6.622000000000000000e+03,2.006461272685555741e-06
6.623000000000000000e+03,2.006009253818774596e-06
6.624000000000000000e+03,2.005526312132133171e-06
6.625000000000000000e+03,2.005115902647958137e-06
6.626000000000000000e+03,2.004726866289274767e-06
6.627000000000000000e+03,2.004429916269145906e-06
6.628000000000000000e+03,2.004454927373444661e-06
6.629000000000000000e+03,2.004242787734256126e-06
6.630000000000000000e+03,2.004001089517259970e-06
6.631000000000000000e+03,2.003725512622622773e-06
6.632000000000000000e+03,2.003409690587432124e-06
6.633000000000000000e+03,2.002887868002289906e-06
6.634000000000000000e+03,2.003193685595761053e-06
6.635000000000000000e+03,2.002438804993289523e-06
6.636000000000000000e+03,2.001763505177223124e-06
6.637000000000000000e+03,2.001061830014805309e-06
6.638000000000000000e+03,2.000600716201006435e-06
6.639000000000000000e+03,1.999941105168545619e-06
6.640000000000000000e+03,2.000174845306901261e-06
6.641000000000000000e+03,1.999669848373741843e-06
6.642000000000000000e+03,1.999314235945348628e-06
6.643000000000000000e+03,1.998988864215789363e-06
6.644000000000000000e+03,1.998570496652973816e-06
6.645000000000000000e+03,1.998029347305418923e-06
6.646000000000000000e+03,1.998417019422049634e-06
6.647000000000000000e+03,1.997817662413581274e-06
6.648000000000000000e+03,1.997530034714145586e-06
6.649000000000000000e+03,1.997197387026972137e-06
6.650000000000000000e+03,1.997001390918740071e-06
6.651000000000000000e+03,1.996400214920868166e-06
6.652000000000000000e+03,1.995902721318998374e-06
6.653000000000000000e+03,1.995565753531991504e-06
6.654000000000000000e+03,1.995207867366843857e-06
6.655000000000000000e+03,1.994837020902195945e-06
6.656000000000000000e+03,1.994134436245076358e-06
6.657000000000000000e+03,1.993550995393889025e-06
6.658000000000000000e+03,1.992949364648666233e-06
6.659000000000000000e+03,1.992746092582819983e-06
6.660000000000000000e+03,1.992381839954759926e-06
6.661000000000000000e+03,1.992046918530832045e-06
6.662000000000000000e+03,1.991744738916167989e-06
6.663000000000000000e+03,1.991273848034325056e-06
6.664000000000000000e+03,1.991238832488306798e-06
6.665000000000000000e+03,1.990856389966211282e-06
6.666000000000000000e+03,1.990453029065974988e-06
6.667000000000000000e+03,1.990000100704492070e-06
6.668000000000000000e+03,1.989428483284427784e-06
6.669000000000000000e+03,1.988825260923476890e-06
6.670000000000000000e+03,1.988106532735400833e-06
6.671000000000000000e+03,1.987700670724734664e-06
6.672000000000000000e+03,1.987170662687276490e-06
6.673000000000000000e+03,1.986930556086008437e-06
6.674000000000000000e+03,1.986633151318528689e-06
6.675000000000000000e+03,1.986256620511994697e-06
6.676000000000000000e+03,1.985861445064074360e-06
6.677000000000000000e+03,1.985398967008222826e-06
6.678000000000000000e+03,1.984628397622145712e-06
6.679000000000000000e+03,1.984419668588088825e-06
6.680000000000000000e+03,1.983888523682253435e-06
6.681000000000000000e+03,1.983510401259991340e-06
6.682000000000000000e+03,1.983273932637530379e-06
6.683000000000000000e+03,1.982988806048524566e-06
6.684000000000000000e+03,1.982625235541490838e-06
6.685000000000000000e+03,1.982349431273178197e-06
6.686000000000000000e+03,1.981932200578739867e-06
6.687000000000000000e+03,1.981452669497230090e-06
6.688000000000000000e+03,1.980873321372200735e-06
6.689000000000000000e+03,1.980366505449637771e-06
6.690000000000000000e+03,1.979701892196317203e-06
6.691000000000000000e+03,1.979311946342932060e-06
6.692000000000000000e+03,1.978743512154323980e-06
6.693000000000000000e+03,1.978469526875414886e-06
6.694000000000000000e+03,1.978135742319864221e-06
6.695000000000000000e+03,1.977795136554050259e-06
6.696000000000000000e+03,1.977422925847349688e-06
6.697000000000000000e+03,1.977097326744114980e-06
6.698000000000000000e+03,1.976801968339714222e-06
6.699000000000000000e+03,1.976535486392094754e-06
6.700000000000000000e+03,1.976188286789692938e-06
6.701000000000000000e+03,1.976207613552105613e-06
6.702000000000000000e+03,1.976027988348505460e-06
6.703000000000000000e+03,1.975803343157167546e-06
6.704000000000000000e+03,1.975518443941837177e-06
6.705000000000000000e+03,1.975376108021009713e-06
6.706000000000000000e+03,1.975010036403546110e-06
6.707000000000000000e+03,1.974466158571885899e-06
6.708000000000000000e+03,1.974244696612004191e-06
6.709000000000000000e+03,1.974042561414535157e-06
6.710000000000000000e+03,1.973683538381010294e-06
6.711000000000000000e+03,1.972797463167808019e-06
6.712000000000000000e+03,1.972464360733283684e-06
6.713000000000000000e+03,1.971446181414648890e-06
6.714000000000000000e+03,1.971068513739737682e-06
6.715000000000000000e+03,1.970525545402779244e-06
6.716000000000000000e+03,1.969759978237561882e-06
6.717000000000000000e+03,1.968403239516192116e-06
6.718000000000000000e+03,1.968880724234622903e-06
6.719000000000000000e+03,1.968015794773236848e-06
6.720000000000000000e+03,1.967609932762570679e-06
6.721000000000000000e+03,1.967306843653204851e-06
6.722000000000000000e+03,1.967030812011216767e-06
6.723000000000000000e+03,1.966654053831007332e-06
6.724000000000000000e+03,1.966256604646332562e-06
6.725000000000000000e+03,1.965835963346762583e-06
6.726000000000000000e+03,1.965456931429798715e-06
6.727000000000000000e+03,1.964934426723630168e-06
6.728000000000000000e+03,1.964536977538955398e-06
6.729000000000000000e+03,1.964352577488170937e-06
6.730000000000000000e+03,1.964092007256112993e-06
6.731000000000000000e+03,1.963802105819922872e-06
6.732000000000000000e+03,1.963401246030116454e-06
6.733000000000000000e+03,1.962853502845973708e-06
6.734000000000000000e+03,1.963737304322421551e-06
6.735000000000000000e+03,1.962591795745538548e-06
6.736000000000000000e+03,1.962243914022110403e-06
6.737000000000000000e+03,1.961794623639434576e-06
6.738000000000000000e+03,1.961140242201508954e-06
6.739000000000000000e+03,1.960506324394373223e-06
6.740000000000000000e+03,1.959943801921326667e-06
6.741000000000000000e+03,1.959611381607828662e-06
6.742000000000000000e+03,1.959211658686399460e-06
6.743000000000000000e+03,1.958920847755507566e-06
6.744000000000000000e+03,1.958497932719183154e-06
6.745000000000000000e+03,1.958069788088323548e-06
6.746000000000000000e+03,1.957709628186421469e-06
6.747000000000000000e+03,1.957353106263326481e-06
6.748000000000000000e+03,1.956672576852724887e-06
6.749000000000000000e+03,1.956064352270914242e-06
6.750000000000000000e+03,1.955623474714229815e-06
6.751000000000000000e+03,1.955040943357744254e-06
6.752000000000000000e+03,1.954803337866906077e-06
6.753000000000000000e+03,1.954428853423451073e-06
6.754000000000000000e+03,1.953980017788126133e-06
6.755000000000000000e+03,1.954698291228851303e-06
6.756000000000000000e+03,1.953738546944805421e-06
6.757000000000000000e+03,1.953251739905681461e-06
6.758000000000000000e+03,1.952814727701479569e-06
6.759000000000000000e+03,1.952612592504010536e-06
6.760000000000000000e+03,1.952309503394644707e-06
6.761000000000000000e+03,1.952069169419701211e-06
6.762000000000000000e+03,1.951903414010303095e-06
6.763000000000000000e+03,1.951655121956719086e-06
6.764000000000000000e+03,1.951166950675542466e-06
6.765000000000000000e+03,1.950686282725655474e-06
6.766000000000000000e+03,1.950327032318455167e-06
6.767000000000000000e+03,1.949776333276531659e-06
6.768000000000000000e+03,1.949335000972496346e-06
6.769000000000000000e+03,1.948504859683453105e-06
6.770000000000000000e+03,1.948150384123437107e-06
6.771000000000000000e+03,1.947835471582948230e-06
6.772000000000000000e+03,1.947300006577279419e-06
6.773000000000000000e+03,1.946916199813131243e-06
6.774000000000000000e+03,1.946317752299364656e-06
6.775000000000000000e+03,1.945940084624453448e-06
6.776000000000000000e+03,1.945370286193792708e-06
6.777000000000000000e+03,1.945470557984663174e-06
6.778000000000000000e+03,1.945064923347672448e-06
6.779000000000000000e+03,1.944669520526076667e-06
6.780000000000000000e+03,1.944329596881289035e-06
6.781000000000000000e+03,1.943911229318473488e-06
6.782000000000000000e+03,1.943474899235297926e-06
6.783000000000000000e+03,1.943355073308339342e-06
6.784000000000000000e+03,1.942816879818565212e-06
6.785000000000000000e+03,1.942603830684674904e-06
6.786000000000000000e+03,1.942209564731456339e-06
6.787000000000000000e+03,1.941603841260075569e-06
6.788000000000000000e+03,1.941544269357109442e-06
6.789000000000000000e+03,1.941176151376566850e-06
6.790000000000000000e+03,1.940378979270462878e-06
6.791000000000000000e+03,1.940088623086921871e-06
6.792000000000000000e+03,1.939630692504579201e-06
6.793000000000000000e+03,1.938980403792811558e-06
6.794000000000000000e+03,1.938380364663316868e-06
6.795000000000000000e+03,1.937631168402731419e-06
6.796000000000000000e+03,1.937235538207460195e-06
6.797000000000000000e+03,1.936989292516955175e-06
6.798000000000000000e+03,1.936561147886095569e-06
6.799000000000000000e+03,1.935587533807847649e-06
6.800000000000000000e+03,1.935444288392318413e-06
6.801000000000000000e+03,1.934494093802641146e-06
6.802000000000000000e+03,1.934122565216966905e-06
6.803000000000000000e+03,1.933871317305602133e-06
6.804000000000000000e+03,1.933428166012163274e-06
6.805000000000000000e+03,1.932913392010959797e-06
6.806000000000000000e+03,1.932313580255140550e-06
6.807000000000000000e+03,1.932080522237811238e-06
6.808000000000000000e+03,1.931574843183625489e-06
6.809000000000000000e+03,1.931153747136704624e-06
6.810000000000000000e+03,1.932620989464339800e-06
6.811000000000000000e+03,1.930869075295049697e-06
6.812000000000000000e+03,1.930341113620670512e-06
6.813000000000000000e+03,1.929947075041127391e-06
6.814000000000000000e+03,1.929390691657317802e-06
6.815000000000000000e+03,1.928968003994668834e-06
6.816000000000000000e+03,1.928323854372138157e-06
6.817000000000000000e+03,1.927794528455706313e-06
6.818000000000000000e+03,1.927454150063567795e-06
6.819000000000000000e+03,1.926837967403116636e-06
6.820000000000000000e+03,1.926194954648963176e-06
6.821000000000000000e+03,1.926100594573654234e-06
6.822000000000000000e+03,1.925606284203240648e-06
6.823000000000000000e+03,1.925410060721333139e-06
6.824000000000000000e+03,1.925153128468082286e-06
6.825000000000000000e+03,1.924717480505933054e-06
6.826000000000000000e+03,1.924219077409361489e-06
6.827000000000000000e+03,1.923915078805293888e-06
6.828000000000000000e+03,1.923355966937378980e-06
6.829000000000000000e+03,1.922815727084525861e-06
6.830000000000000000e+03,1.922377805385622196e-06
6.831000000000000000e+03,1.921504463098244742e-06
6.832000000000000000e+03,1.921003331517567858e-06
6.833000000000000000e+03,1.920508566399803385e-06
6.834000000000000000e+03,1.920179784065112472e-06
6.835000000000000000e+03,1.919660235216724686e-06
6.836000000000000000e+03,1.919256646942812949e-06
6.837000000000000000e+03,1.918910811582463793e-06
6.838000000000000000e+03,1.918514726639841683e-06
6.839000000000000000e+03,1.918179577842238359e-06
6.840000000000000000e+03,1.917719146149465814e-06
6.841000000000000000e+03,1.916973815241362900e-06
6.842000000000000000e+03,1.916373548738192767e-06
6.843000000000000000e+03,1.915976781674544327e-06
6.844000000000000000e+03,1.915635266414028592e-06
6.845000000000000000e+03,1.915125949381035753e-06
6.846000000000000000e+03,1.914837639560573734e-06
6.847000000000000000e+03,1.914185531859402545e-06
6.848000000000000000e+03,1.914950189529918134e-06
6.849000000000000000e+03,1.913885853355168365e-06
6.850000000000000000e+03,1.913474079628940672e-06
6.851000000000000000e+03,1.912988636831869371e-06
6.852000000000000000e+03,1.912192374220467173e-06
6.853000000000000000e+03,1.911343360916362144e-06
6.854000000000000000e+03,1.910986384245916270e-06
6.855000000000000000e+03,1.909822231027646922e-06
6.856000000000000000e+03,1.909359070850769058e-06
6.857000000000000000e+03,1.909021193569060415e-06
6.858000000000000000e+03,1.908518925120006315e-06
6.859000000000000000e+03,1.908179683596245013e-06
6.860000000000000000e+03,1.907973000925267115e-06
6.861000000000000000e+03,1.907703563119866885e-06
6.862000000000000000e+03,1.906950046759448014e-06
6.863000000000000000e+03,1.906343186419690028e-06
6.864000000000000000e+03,1.905701878968102392e-06
6.865000000000000000e+03,1.905645376609754749e-06
6.866000000000000000e+03,1.905398448798223399e-06
6.867000000000000000e+03,1.904822511278325692e-06
6.868000000000000000e+03,1.904283408293849789e-06
6.869000000000000000e+03,1.903707584460789803e-06
6.870000000000000000e+03,1.903646420942095574e-06
6.871000000000000000e+03,1.903051838780811522e-06
6.872000000000000000e+03,1.902828898892039433e-06
6.873000000000000000e+03,1.902485678328957874e-06
6.874000000000000000e+03,1.901859832287300378e-06
6.875000000000000000e+03,1.901117911984329112e-06
6.876000000000000000e+03,1.900620418382459320e-06
6.877000000000000000e+03,1.900132701848633587e-06
6.878000000000000000e+03,1.899782546388451010e-06
6.879000000000000000e+03,1.899394533211307134e-06
6.880000000000000000e+03,1.898479467854485847e-06
6.881000000000000000e+03,1.900657593978394289e-06
6.882000000000000000e+03,1.898227651508932468e-06
6.883000000000000000e+03,1.897720039778505452e-06
6.884000000000000000e+03,1.897381253002095036e-06
6.885000000000000000e+03,1.897011088658473454e-06
6.886000000000000000e+03,1.896448111438076012e-06
6.887000000000000000e+03,1.895975856314180419e-06
6.888000000000000000e+03,1.895360242087917868e-06
6.889000000000000000e+03,1.895116838568355888e-06
6.890000000000000000e+03,1.894888100650859997e-06
6.891000000000000000e+03,1.894528622869984247e-06
6.892000000000000000e+03,1.893896978799602948e-06
6.893000000000000000e+03,1.893588546408864204e-06
6.894000000000000000e+03,1.893045805445581209e-06
6.895000000000000000e+03,1.892825025606725831e-06
6.896000000000000000e+03,1.892459408736613113e-06
6.897000000000000000e+03,1.891751935545471497e-06
6.898000000000000000e+03,1.892387899715686217e-06
6.899000000000000000e+03,1.891417468868894503e-06
6.900000000000000000e+03,1.890685553007642739e-06
6.901000000000000000e+03,1.890108705993043259e-06
6.902000000000000000e+03,1.889671580102003645e-06
6.903000000000000000e+03,1.889098030005698092e-06
6.904000000000000000e+03,1.888872816380171571e-06
6.905000000000000000e+03,1.888286647044878919e-06
6.906000000000000000e+03,1.887988673843210563e-06
6.907000000000000000e+03,1.887590997284860350e-06
6.908000000000000000e+03,1.886967424979957286e-06
6.909000000000000000e+03,1.886118980110040866e-06
6.910000000000000000e+03,1.885741539808805101e-06
6.911000000000000000e+03,1.885326810224796645e-06
6.912000000000000000e+03,1.885023380054917652e-06
6.913000000000000000e+03,1.884604671431588940e-06
6.914000000000000000e+03,1.885988922367687337e-06
6.915000000000000000e+03,1.884425046227988787e-06
6.916000000000000000e+03,1.883934032775869127e-06
6.917000000000000000e+03,1.883490426735079382e-06
6.918000000000000000e+03,1.883093318610917777e-06
6.919000000000000000e+03,1.882853553070162889e-06
6.920000000000000000e+03,1.882294782262761146e-06
6.921000000000000000e+03,1.882800461316946894e-06
6.922000000000000000e+03,1.881989078356127720e-06
6.923000000000000000e+03,1.881676553239230998e-06
6.924000000000000000e+03,1.881282059912336990e-06
6.925000000000000000e+03,1.880827539935125969e-06
6.926000000000000000e+03,1.880523427644220646e-06
6.927000000000000000e+03,1.880109834928589407e-06
6.928000000000000000e+03,1.879885417110926937e-06
6.929000000000000000e+03,1.879738647403428331e-06
6.930000000000000000e+03,1.879548108263406903e-06
6.931000000000000000e+03,1.879200340226816479e-06
6.932000000000000000e+03,1.878982743619417306e-06
6.933000000000000000e+03,1.878489342743705492e-06
6.934000000000000000e+03,1.878196599136572331e-06
6.935000000000000000e+03,1.877925910775957163e-06
6.936000000000000000e+03,1.877445015452394728e-06
6.937000000000000000e+03,1.876708438430796377e-06
6.938000000000000000e+03,1.879121327874599956e-06
6.939000000000000000e+03,1.876196961347886827e-06
6.940000000000000000e+03,1.875385464700229932e-06
6.941000000000000000e+03,1.874982217486831360e-06
6.942000000000000000e+03,1.874516897260036785e-06
6.943000000000000000e+03,1.874121267064765561e-06
6.944000000000000000e+03,1.873755081760464236e-06
6.945000000000000000e+03,1.873338192126539070e-06
6.946000000000000000e+03,1.872899360932933632e-06
6.947000000000000000e+03,1.872618440756923519e-06
6.948000000000000000e+03,1.871612994364113547e-06
6.949000000000000000e+03,1.870146775218017865e-06
6.950000000000000000e+03,1.869775928753369953e-06
6.951000000000000000e+03,1.868550839390081819e-06
6.952000000000000000e+03,1.868170443231065292e-06
6.953000000000000000e+03,1.867526407295372337e-06
6.954000000000000000e+03,1.867166929514496587e-06
6.955000000000000000e+03,1.866342927314690314e-06
6.956000000000000000e+03,1.865742774498357903e-06
6.957000000000000000e+03,1.865301783254835755e-06
6.958000000000000000e+03,1.864729028966394253e-06
6.959000000000000000e+03,1.863879901975451503e-06
6.960000000000000000e+03,1.864203795776120387e-06
6.961000000000000000e+03,1.863418106040626299e-06
6.962000000000000000e+03,1.862722683654283173e-06
6.963000000000000000e+03,1.862190515566908289e-06
6.964000000000000000e+03,1.861527380242478102e-06
6.965000000000000000e+03,1.860889028648671228e-06
6.966000000000000000e+03,1.860085149019141681e-06
6.967000000000000000e+03,1.859327198872051667e-06
6.968000000000000000e+03,1.858897462625463959e-06
6.969000000000000000e+03,1.858431460277643055e-06
6.970000000000000000e+03,1.858257519415928982e-06
6.971000000000000000e+03,1.857699317042715847e-06
6.972000000000000000e+03,1.857135089267103467e-06
6.973000000000000000e+03,1.856628387031378224e-06
6.974000000000000000e+03,1.855900109148933552e-06
6.975000000000000000e+03,1.855300752140465192e-06
6.976000000000000000e+03,1.854164565884275362e-06
6.977000000000000000e+03,1.853737217061279807e-06
6.978000000000000000e+03,1.853277581176371314e-06
6.979000000000000000e+03,1.852834770943445619e-06
6.980000000000000000e+03,1.852152536230278201e-06
6.981000000000000000e+03,1.852572722782497294e-06
6.982000000000000000e+03,1.851826937127043493e-06
6.983000000000000000e+03,1.851391743912245147e-06
6.984000000000000000e+03,1.851102524597081356e-06
6.985000000000000000e+03,1.850822968663123902e-06
6.986000000000000000e+03,1.850200646913435776e-06
6.987000000000000000e+03,1.850677676884515677e-06
6.988000000000000000e+03,1.849875729931227397e-06
6.989000000000000000e+03,1.849305022005864885e-06
6.990000000000000000e+03,1.848997044362477027e-06
6.991000000000000000e+03,1.848759893618989736e-06
6.992000000000000000e+03,1.848528540904226247e-06
6.993000000000000000e+03,1.848055831032979768e-06
6.994000000000000000e+03,1.847637463470164221e-06
6.995000000000000000e+03,1.847081989581056405e-06
6.996000000000000000e+03,1.849373461482173298e-06
6.997000000000000000e+03,1.847046746661362704e-06
6.998000000000000000e+03,1.846641453084885143e-06
6.999000000000000000e+03,1.846330292210041080e-06
7.000000000000000000e+03,1.846003556238429155e-06
7.001000000000000000e+03,1.845786187004705425e-06
7.002000000000000000e+03,1.846326654231233988e-06
7.003000000000000000e+03,1.845511064857419115e-06
7.004000000000000000e+03,1.845102360675809905e-06
7.005000000000000000e+03,1.844717758103797678e-06
7.006000000000000000e+03,1.844245616666739807e-06
7.007000000000000000e+03,1.843576910687261261e-06
7.008000000000000000e+03,1.842848178057465702e-06
7.009000000000000000e+03,1.842201072577154264e-06
7.010000000000000000e+03,1.841667653934564441e-06
7.011000000000000000e+03,1.841246671574481297e-06
7.012000000000000000e+03,1.840874574554618448e-06
7.013000000000000000e+03,1.840413574427657295e-06
7.014000000000000000e+03,1.840047161749680527e-06
7.015000000000000000e+03,1.839906758505094331e-06
7.016000000000000000e+03,1.839560695771069732e-06
7.017000000000000000e+03,1.839287051552673802e-06
7.018000000000000000e+03,1.838753746596921701e-06
7.019000000000000000e+03,1.838733282966131810e-06
7.020000000000000000e+03,1.838517732721811626e-06
7.021000000000000000e+03,1.838234652495884802e-06
7.022000000000000000e+03,1.837815943872556090e-06
7.023000000000000000e+03,1.837353352129866835e-06
7.024000000000000000e+03,1.836619162531860638e-06
7.025000000000000000e+03,1.836894057305471506e-06
7.026000000000000000e+03,1.836192268456215970e-06
7.027000000000000000e+03,1.835857119658612646e-06
7.028000000000000000e+03,1.835495595514657907e-06
7.029000000000000000e+03,1.835109060266404413e-06
7.030000000000000000e+03,1.834893623708921950e-06
7.031000000000000000e+03,1.834365775721380487e-06
7.032000000000000000e+03,1.833881469792686403e-06
7.033000000000000000e+03,1.833154215091781225e-06
7.034000000000000000e+03,1.833000624174019322e-06
7.035000000000000000e+03,1.832685939007205889e-06
7.036000000000000000e+03,1.832342377383611165e-06
7.037000000000000000e+03,1.831833060350618325e-06
7.038000000000000000e+03,1.831221766224189196e-06
7.039000000000000000e+03,1.830582846196193714e-06
7.040000000000000000e+03,1.830194491958536673e-06
7.041000000000000000e+03,1.829862185331876390e-06
7.042000000000000000e+03,1.829303187150799204e-06
7.043000000000000000e+03,1.828874133025237825e-06
7.044000000000000000e+03,1.828756353461358231e-06
7.045000000000000000e+03,1.828254198699141853e-06
7.046000000000000000e+03,1.828126642067218199e-06
7.047000000000000000e+03,1.827858795877546072e-06
7.048000000000000000e+03,1.827448272706533317e-06
7.049000000000000000e+03,1.826873813115525991e-06
7.050000000000000000e+03,1.827380287977575790e-06
7.051000000000000000e+03,1.826632910706393886e-06
7.052000000000000000e+03,1.826310722208290827e-06
7.053000000000000000e+03,1.826072434596426319e-06
7.054000000000000000e+03,1.825761387408419978e-06
7.055000000000000000e+03,1.825239564823277760e-06
7.056000000000000000e+03,1.824820628826273605e-06
7.057000000000000000e+03,1.824554374252329580e-06
7.058000000000000000e+03,1.824086893975618295e-06
7.059000000000000000e+03,1.823528691602405161e-06
7.060000000000000000e+03,1.823206844164815266e-06
7.061000000000000000e+03,1.822502326831454411e-06
7.062000000000000000e+03,1.822062586143147200e-06
7.063000000000000000e+03,1.821540990931680426e-06
7.064000000000000000e+03,1.820842157940205652e-06
7.065000000000000000e+03,1.820231204874289688e-06
7.066000000000000000e+03,1.819722683649160899e-06
7.067000000000000000e+03,1.819280555537261534e-06
7.068000000000000000e+03,1.818904479478078429e-06
7.069000000000000000e+03,1.818478494897135533e-06
7.070000000000000000e+03,1.818078771975706331e-06
7.071000000000000000e+03,1.817899942579970229e-06
7.072000000000000000e+03,1.817005681914451998e-06
7.073000000000000000e+03,1.816845724533777684e-06
7.074000000000000000e+03,1.816535927900986280e-06
7.075000000000000000e+03,1.815906898627872579e-06
7.076000000000000000e+03,1.815293785512039904e-06
7.077000000000000000e+03,1.814752636164485011e-06
7.078000000000000000e+03,1.814310280678910203e-06
7.079000000000000000e+03,1.813861672417260706e-06
7.080000000000000000e+03,1.812980372051242739e-06
7.081000000000000000e+03,1.812896471165004186e-06
7.082000000000000000e+03,1.812479695217916742e-06
7.083000000000000000e+03,1.811862944123276975e-06
7.084000000000000000e+03,1.811466518120141700e-06
7.085000000000000000e+03,1.811220158742798958e-06
7.086000000000000000e+03,1.810540993574250024e-06
7.087000000000000000e+03,1.810350227060553152e-06
7.088000000000000000e+03,1.809265313568175770e-06
7.089000000000000000e+03,1.809010996112192515e-06
7.090000000000000000e+03,1.808585466278600506e-06
7.091000000000000000e+03,1.808239744605089072e-06
7.092000000000000000e+03,1.807810690479527693e-06
7.093000000000000000e+03,1.807450530577625614e-06
7.094000000000000000e+03,1.806924160518974531e-06
7.095000000000000000e+03,1.806566842788015492e-06
7.096000000000000000e+03,1.806052409847325180e-06
7.097000000000000000e+03,1.805885290195874404e-06
7.098000000000000000e+03,1.805125407372543123e-06
7.099000000000000000e+03,1.804885982892301399e-06
7.100000000000000000e+03,1.804646103664708789e-06
7.101000000000000000e+03,1.804415092010458466e-06
7.102000000000000000e+03,1.803938289413054008e-06
7.103000000000000000e+03,1.803477061912417412e-06
7.104000000000000000e+03,1.804145767891895957e-06
7.105000000000000000e+03,1.803242412279359996e-06
7.106000000000000000e+03,1.802800056793785188e-06
7.107000000000000000e+03,1.802310748644231353e-06
7.108000000000000000e+03,1.801781536414637230e-06
7.109000000000000000e+03,1.801353732844290789e-06
7.110000000000000000e+03,1.800791892492270563e-06
7.111000000000000000e+03,1.800461518541851547e-06
7.112000000000000000e+03,1.800062136680935510e-06
7.113000000000000000e+03,1.799836013560707215e-06
7.114000000000000000e+03,1.799454366846475750e-06
7.115000000000000000e+03,1.799100459720648360e-06
7.116000000000000000e+03,1.798663674890121911e-06
7.117000000000000000e+03,1.798498260541236959e-06
7.118000000000000000e+03,1.797933464331435971e-06
7.119000000000000000e+03,1.797403342607140075e-06
7.120000000000000000e+03,1.797122649804805405e-06
7.121000000000000000e+03,1.796611400095571298e-06
7.122000000000000000e+03,1.796380047380807810e-06
7.123000000000000000e+03,1.796051492419792339e-06
7.124000000000000000e+03,1.795299340301426128e-06
7.125000000000000000e+03,1.794977151803323068e-06
7.126000000000000000e+03,1.793805267880088650e-06
7.127000000000000000e+03,1.793535943761526141e-06
7.128000000000000000e+03,1.793188630472286604e-06
7.129000000000000000e+03,1.792554598978313152e-06
7.130000000000000000e+03,1.792163061509199906e-06
7.131000000000000000e+03,1.791430804587434977e-06
7.132000000000000000e+03,1.791115664673270658e-06
7.133000000000000000e+03,1.790796545719786081e-06
7.134000000000000000e+03,1.790035753401753027e-06
7.135000000000000000e+03,1.791022896213689819e-06
7.136000000000000000e+03,1.789767452464730013e-06
7.137000000000000000e+03,1.789335215107712429e-06
7.138000000000000000e+03,1.788921281331568025e-06
7.139000000000000000e+03,1.788500298971484881e-06
7.140000000000000000e+03,1.787947098819131497e-06
7.141000000000000000e+03,1.787433347999467514e-06
7.142000000000000000e+03,1.786962343430786859e-06
7.143000000000000000e+03,1.786528287084365729e-06
7.144000000000000000e+03,1.785953941180196125e-06
7.145000000000000000e+03,1.784726578080153558e-06
7.146000000000000000e+03,1.784674964255827945e-06
7.147000000000000000e+03,1.783205789251951501e-06
7.148000000000000000e+03,1.782764456947916187e-06
7.149000000000000000e+03,1.782140543582499959e-06
7.150000000000000000e+03,1.781441483217349742e-06
7.151000000000000000e+03,1.780516299731971230e-06
7.152000000000000000e+03,1.779812919266987592e-06
7.153000000000000000e+03,1.779245053512568120e-06
7.154000000000000000e+03,1.778769501470378600e-06
7.155000000000000000e+03,1.778491991899500135e-06
7.156000000000000000e+03,1.778192086021590512e-06
7.157000000000000000e+03,1.777774855327152181e-06
7.158000000000000000e+03,1.777298393790260889e-06
7.159000000000000000e+03,1.776739622982859146e-06
7.160000000000000000e+03,1.777075453901488800e-06
7.161000000000000000e+03,1.776486783455766272e-06
7.162000000000000000e+03,1.776131853148399387e-06
7.163000000000000000e+03,1.775829105099546723e-06
7.164000000000000000e+03,1.775556938810041174e-06
7.165000000000000000e+03,1.774904262674681377e-06
7.166000000000000000e+03,1.776339900061429944e-06
7.167000000000000000e+03,1.774718271008168813e-06
7.168000000000000000e+03,1.774160409695468843e-06
7.169000000000000000e+03,1.773855842657212634e-06
7.170000000000000000e+03,1.773435428731318098e-06
7.171000000000000000e+03,1.774197471604566090e-06
7.172000000000000000e+03,1.773263875293196179e-06
7.173000000000000000e+03,1.773077656253008172e-06
7.174000000000000000e+03,1.772557538970431779e-06
7.175000000000000000e+03,1.772377231645805296e-06
7.176000000000000000e+03,1.771987058418744709e-06
7.177000000000000000e+03,1.771896108948567417e-06
7.178000000000000000e+03,1.771439656295115128e-06
7.179000000000000000e+03,1.771228994584816974e-06
7.180000000000000000e+03,1.770944095369486604e-06
7.181000000000000000e+03,1.770571657289110590e-06
7.182000000000000000e+03,1.770536186995741446e-06
7.183000000000000000e+03,1.769980372046120465e-06
7.184000000000000000e+03,1.769774826243519783e-06
7.185000000000000000e+03,1.769572691046050750e-06
7.186000000000000000e+03,1.769262894413259346e-06
7.187000000000000000e+03,1.769050982147746254e-06
7.188000000000000000e+03,1.768018250913883094e-06
7.189000000000000000e+03,1.767648427630774677e-06
7.190000000000000000e+03,1.767271328390052076e-06
7.191000000000000000e+03,1.766845571182784624e-06
7.192000000000000000e+03,1.767006892805511598e-06
7.193000000000000000e+03,1.766493596733198501e-06
7.194000000000000000e+03,1.765869228620431386e-06
7.195000000000000000e+03,1.765452680047019385e-06
7.196000000000000000e+03,1.764737476150912698e-06
7.197000000000000000e+03,1.764219859978766181e-06
7.198000000000000000e+03,1.763790464792691637e-06
7.199000000000000000e+03,1.763533759913116228e-06
7.200000000000000000e+03,1.763179852787288837e-06
7.201000000000000000e+03,1.762797865012544207e-06
7.202000000000000000e+03,1.762261604199011344e-06
7.203000000000000000e+03,1.762274223437998444e-06
7.204000000000000000e+03,1.762037300068186596e-06
7.205000000000000000e+03,1.761697603797074407e-06
7.206000000000000000e+03,1.761312773851386737e-06
7.207000000000000000e+03,1.760938062034256291e-06
7.208000000000000000e+03,1.760091095093230251e-06
7.209000000000000000e+03,1.760609848133753985e-06
7.210000000000000000e+03,1.759664314704423305e-06
7.211000000000000000e+03,1.759118163136008661e-06
7.212000000000000000e+03,1.758809958118945360e-06
7.213000000000000000e+03,1.758615667313279118e-06
7.214000000000000000e+03,1.758191729095415212e-06
7.215000000000000000e+03,1.757874883878685068e-06
7.216000000000000000e+03,1.757461973284080159e-06
7.217000000000000000e+03,1.757238464961119462e-06
7.218000000000000000e+03,1.757319296302739531e-06
7.219000000000000000e+03,1.757199697749456391e-06
7.220000000000000000e+03,1.757069071572914254e-06
7.221000000000000000e+03,1.756758820192771964e-06
7.222000000000000000e+03,1.756630240379308816e-06
7.223000000000000000e+03,1.756147639753180556e-06
7.224000000000000000e+03,1.757550990078016184e-06
7.225000000000000000e+03,1.755985636009427253e-06
7.226000000000000000e+03,1.755399580360972323e-06
7.227000000000000000e+03,1.754944946696923580e-06
7.228000000000000000e+03,1.754515665197686758e-06
7.229000000000000000e+03,1.754273853293852881e-06
7.230000000000000000e+03,1.753925857883587014e-06
7.231000000000000000e+03,1.753554670358425938e-06
7.232000000000000000e+03,1.753004994498041924e-06
7.233000000000000000e+03,1.752568778101704083e-06
7.234000000000000000e+03,1.752185426084906794e-06
7.235000000000000000e+03,1.751883360157080460e-06
7.236000000000000000e+03,1.751468744259909727e-06
7.237000000000000000e+03,1.751083914314222056e-06
7.238000000000000000e+03,1.750532874211785384e-06
7.239000000000000000e+03,1.749781176840770058e-06
7.240000000000000000e+03,1.748847921589913312e-06
7.241000000000000000e+03,1.748235149534593802e-06
7.242000000000000000e+03,1.747566102494602092e-06
7.243000000000000000e+03,1.746727889440080617e-06
7.244000000000000000e+03,1.746265752444742247e-06
7.245000000000000000e+03,1.745616032167163212e-06
7.246000000000000000e+03,1.745499162097985391e-06
7.247000000000000000e+03,1.744733367559092585e-06
7.248000000000000000e+03,1.744058181429863907e-06
7.249000000000000000e+03,1.744061364661320113e-06
7.250000000000000000e+03,1.743714165058918297e-06
7.251000000000000000e+03,1.743386519592604600e-06
7.252000000000000000e+03,1.743166535561613273e-06
7.253000000000000000e+03,1.742772383295232430e-06
7.254000000000000000e+03,1.742048880259972066e-06
7.255000000000000000e+03,1.741797063914418686e-06
7.256000000000000000e+03,1.741216351547336672e-06
7.257000000000000000e+03,1.741012738420977257e-06
7.258000000000000000e+03,1.740808443173591513e-06
7.259000000000000000e+03,1.740274001349462196e-06
7.260000000000000000e+03,1.740011157380649820e-06
7.261000000000000000e+03,1.739285494295472745e-06
7.262000000000000000e+03,1.739107460707600694e-06
7.263000000000000000e+03,1.738834157549717929e-06
7.264000000000000000e+03,1.738358150760177523e-06
7.265000000000000000e+03,1.737793127176701091e-06
7.266000000000000000e+03,1.737957063596695662e-06
7.267000000000000000e+03,1.737540401336445939e-06
7.268000000000000000e+03,1.737086790853936691e-06
7.269000000000000000e+03,1.736769604576693382e-06
7.270000000000000000e+03,1.736410354169493075e-06
7.271000000000000000e+03,1.735757336973620113e-06
7.272000000000000000e+03,1.735340106279181782e-06
7.273000000000000000e+03,1.735236082822666503e-06
7.274000000000000000e+03,1.734868419589474797e-06
7.275000000000000000e+03,1.734696525090839714e-06
7.276000000000000000e+03,1.734371153361280449e-06
7.277000000000000000e+03,1.734030433908628765e-06
7.278000000000000000e+03,1.733594331199128646e-06
7.279000000000000000e+03,1.733406634230050258e-06
7.280000000000000000e+03,1.732947339405654930e-06
7.281000000000000000e+03,1.732769646878296044e-06
7.282000000000000000e+03,1.732471559989789966e-06
7.283000000000000000e+03,1.732132773213379551e-06
7.284000000000000000e+03,1.732138912302616518e-06
7.285000000000000000e+03,1.731788756842433941e-06
7.286000000000000000e+03,1.731263068904809188e-06
7.287000000000000000e+03,1.730861868054489605e-06
7.288000000000000000e+03,1.730570147628895938e-06
7.289000000000000000e+03,1.730206577121862210e-06
7.290000000000000000e+03,1.729768882796633989e-06
7.291000000000000000e+03,1.729383711790433154e-06
7.292000000000000000e+03,1.729078235257475171e-06
7.293000000000000000e+03,1.728488086882862262e-06
7.294000000000000000e+03,1.728005372569896281e-06
7.295000000000000000e+03,1.729805603645218071e-06
7.296000000000000000e+03,1.727771063997352030e-06
7.297000000000000000e+03,1.727347239466325846e-06
7.298000000000000000e+03,1.726830419102043379e-06
7.299000000000000000e+03,1.726005280033859890e-06
7.300000000000000000e+03,1.725629317661514506e-06
7.301000000000000000e+03,1.725076913317025173e-06
7.302000000000000000e+03,1.724850335449445993e-06
7.303000000000000000e+03,1.724660251056775451e-06
7.304000000000000000e+03,1.724172761896625161e-06
7.305000000000000000e+03,1.724025196381262504e-06
7.306000000000000000e+03,1.723161290101415943e-06
7.307000000000000000e+03,1.722795559544465505e-06
7.308000000000000000e+03,1.722396518744062632e-06
7.309000000000000000e+03,1.722073534438095521e-06
7.310000000000000000e+03,1.721601961435226258e-06
7.311000000000000000e+03,1.720909040159313008e-06
7.312000000000000000e+03,1.720408363325987011e-06
7.313000000000000000e+03,1.719974761726916768e-06
7.314000000000000000e+03,1.719591182336444035e-06
7.315000000000000000e+03,1.719218175821879413e-06
7.316000000000000000e+03,1.718995008559431881e-06
7.317000000000000000e+03,1.718055841593013611e-06
7.318000000000000000e+03,1.717766394904174376e-06
7.319000000000000000e+03,1.717437953629996628e-06
7.320000000000000000e+03,1.717017539704102091e-06
7.321000000000000000e+03,1.717174768600671086e-06
7.322000000000000000e+03,1.716611336632922757e-06
7.323000000000000000e+03,1.716074393698363565e-06
7.324000000000000000e+03,1.715676717140013352e-06
7.325000000000000000e+03,1.715249140943342354e-06
7.326000000000000000e+03,1.714641257422044873e-06
7.327000000000000000e+03,1.713835672489949502e-06
7.328000000000000000e+03,1.713319875307206530e-06
7.329000000000000000e+03,1.713286678750591818e-06
7.330000000000000000e+03,1.712810785647889134e-06
7.331000000000000000e+03,1.712659923214232549e-06
7.332000000000000000e+03,1.712265657261013985e-06
7.333000000000000000e+03,1.711872187115659472e-06
7.334000000000000000e+03,1.711655045255611185e-06
7.335000000000000000e+03,1.710838319013419095e-06
7.336000000000000000e+03,1.710650735731178429e-06
7.337000000000000000e+03,1.710628112050471827e-06
7.338000000000000000e+03,1.710444735181226861e-06
7.339000000000000000e+03,1.710120159259531647e-06
7.340000000000000000e+03,1.709685420792084187e-06
7.341000000000000000e+03,1.709236926217272412e-06
7.342000000000000000e+03,1.708971694824867882e-06
7.343000000000000000e+03,1.708726017568551470e-06
7.344000000000000000e+03,1.708367449282377493e-06
7.345000000000000000e+03,1.708685772427998018e-06
7.346000000000000000e+03,1.708169065750553273e-06
7.347000000000000000e+03,1.707955675556149799e-06
7.348000000000000000e+03,1.707483420432254206e-06
7.349000000000000000e+03,1.707126216388132889e-06
7.350000000000000000e+03,1.706974899207125418e-06
7.351000000000000000e+03,1.706377020127547439e-06
7.352000000000000000e+03,1.706092461972730234e-06
7.353000000000000000e+03,1.705905447124678176e-06
7.354000000000000000e+03,1.705770159787789453e-06
7.355000000000000000e+03,1.705775389382324647e-06
7.356000000000000000e+03,1.705618615233106539e-06
7.357000000000000000e+03,1.705198314994049724e-06
7.358000000000000000e+03,1.704998339846497402e-06
7.359000000000000000e+03,1.704434339444560464e-06
7.360000000000000000e+03,1.704191390672349371e-06
7.361000000000000000e+03,1.703909788375312928e-06
7.362000000000000000e+03,1.703667066976777278e-06
7.363000000000000000e+03,1.703483803794370033e-06
7.364000000000000000e+03,1.703377961348451208e-06
7.365000000000000000e+03,1.703085899862344377e-06
7.366000000000000000e+03,1.702745635157043580e-06
7.367000000000000000e+03,1.702506324363639578e-06
7.368000000000000000e+03,1.702047143226081971e-06
7.369000000000000000e+03,1.701733140180294868e-06
7.370000000000000000e+03,1.701313863122777548e-06
7.371000000000000000e+03,1.700776806501380634e-06
7.372000000000000000e+03,1.700273173810273875e-06
7.373000000000000000e+03,1.700227358014672063e-06
7.374000000000000000e+03,1.699904373708704952e-06
7.375000000000000000e+03,1.699782501418667380e-06
7.376000000000000000e+03,1.699516360531561077e-06
7.377000000000000000e+03,1.699274434940889478e-06
7.378000000000000000e+03,1.698638698144350201e-06
7.379000000000000000e+03,1.698599930932687130e-06
7.380000000000000000e+03,1.697969992164871655e-06
7.381000000000000000e+03,1.697803440947609488e-06
7.382000000000000000e+03,1.697516040621849243e-06
7.383000000000000000e+03,1.697215452622913290e-06
7.384000000000000000e+03,1.696909407655766699e-06
7.385000000000000000e+03,1.696565504971658811e-06
7.386000000000000000e+03,1.696315734989184421e-06
7.387000000000000000e+03,1.696029471531801391e-06
7.388000000000000000e+03,1.695641913102008402e-06
7.389000000000000000e+03,1.695240712251688819e-06
7.390000000000000000e+03,1.694860543466347735e-06
7.391000000000000000e+03,1.694474349278607406e-06
7.392000000000000000e+03,1.694182856226689182e-06
7.393000000000000000e+03,1.694009029051812831e-06
7.394000000000000000e+03,1.693618287390563637e-06
7.395000000000000000e+03,1.693278136372100562e-06
7.396000000000000000e+03,1.692867272140574642e-06
7.397000000000000000e+03,1.692542468845203985e-06
7.398000000000000000e+03,1.692179580459196586e-06
7.399000000000000000e+03,1.691837042017141357e-06
7.400000000000000000e+03,1.691559646133100614e-06
7.401000000000000000e+03,1.691171746642794460e-06
7.402000000000000000e+03,1.690890826466784347e-06
7.403000000000000000e+03,1.690505655460583512e-06
7.404000000000000000e+03,1.690958470135228708e-06
7.405000000000000000e+03,1.690370822871045675e-06
7.406000000000000000e+03,1.690015437816327903e-06
7.407000000000000000e+03,1.689710643404396251e-06
7.408000000000000000e+03,1.689391183390398510e-06
7.409000000000000000e+03,1.688975430624850560e-06
7.410000000000000000e+03,1.688577185632311739e-06
7.411000000000000000e+03,1.688079009909415618e-06
7.412000000000000000e+03,1.687687813500815537e-06
7.413000000000000000e+03,1.686978862380783539e-06
7.414000000000000000e+03,1.686362907094007824e-06
7.415000000000000000e+03,1.687078565737465397e-06
7.416000000000000000e+03,1.686071982476278208e-06
7.417000000000000000e+03,1.685487632130389102e-06
7.418000000000000000e+03,1.685007873675203882e-06
7.419000000000000000e+03,1.684349626884795725e-06
7.420000000000000000e+03,1.683547679931507446e-06
7.421000000000000000e+03,1.684104290688992478e-06
7.422000000000000000e+03,1.683322579992818646e-06
7.423000000000000000e+03,1.682800984781351872e-06
7.424000000000000000e+03,1.682327365415403619e-06
7.425000000000000000e+03,1.681618073234858457e-06
7.426000000000000000e+03,1.681154003563278820e-06
7.427000000000000000e+03,1.680679019955277909e-06
7.428000000000000000e+03,1.680360014688631054e-06
7.429000000000000000e+03,1.679851266089826822e-06
7.430000000000000000e+03,1.679359911577193998e-06
7.431000000000000000e+03,1.678724629528005607e-06
7.432000000000000000e+03,1.678361400081485044e-06
7.433000000000000000e+03,1.677819909673416987e-06
7.434000000000000000e+03,1.677171098890539724e-06
7.435000000000000000e+03,1.676761939961579628e-06
7.436000000000000000e+03,1.675823000368836801e-06
7.437000000000000000e+03,1.675178509685792960e-06
7.438000000000000000e+03,1.674821191954833921e-06
7.439000000000000000e+03,1.673953647696180269e-06
7.440000000000000000e+03,1.673602127993945032e-06
7.441000000000000000e+03,1.672970824984076899e-06
7.442000000000000000e+03,1.672690132181742229e-06
7.443000000000000000e+03,1.672165808486170135e-06
7.444000000000000000e+03,1.671325776442245115e-06
7.445000000000000000e+03,1.670743472459434997e-06
7.446000000000000000e+03,1.670133656261896249e-06
7.447000000000000000e+03,1.669828634476289153e-06
7.448000000000000000e+03,1.669451194175053388e-06
7.449000000000000000e+03,1.668328764026227873e-06
7.450000000000000000e+03,1.667847527642152272e-06
7.451000000000000000e+03,1.667220317358442117e-06
7.452000000000000000e+03,1.666912226028216537e-06
7.453000000000000000e+03,1.666472144279396161e-06
7.454000000000000000e+03,1.665918489379691891e-06
7.455000000000000000e+03,1.665649506321642548e-06
7.456000000000000000e+03,1.665312765908311121e-06
7.457000000000000000e+03,1.665154059082851745e-06
7.458000000000000000e+03,1.664877686380350497e-06
7.459000000000000000e+03,1.664145997892774176e-06
7.460000000000000000e+03,1.663912485128093977e-06
7.461000000000000000e+03,1.663268676566076465e-06
7.462000000000000000e+03,1.663063812884502113e-06
7.463000000000000000e+03,1.662805630076036323e-06
7.464000000000000000e+03,1.662480599406990223e-06
7.465000000000000000e+03,1.662135332480829675e-06
7.466000000000000000e+03,1.661884084569464903e-06
7.467000000000000000e+03,1.661555643295287155e-06
7.468000000000000000e+03,1.661331907598651014e-06
7.469000000000000000e+03,1.661099304328672588e-06
7.470000000000000000e+03,1.660601810726802796e-06
7.471000000000000000e+03,1.660311568230099510e-06
7.472000000000000000e+03,1.660010980231163558e-06
7.473000000000000000e+03,1.659662984820897691e-06
7.474000000000000000e+03,1.659355348238022998e-06
7.475000000000000000e+03,1.659039753576507792e-06
7.476000000000000000e+03,1.658810106164310127e-06
7.477000000000000000e+03,1.658340579524519853e-06
7.478000000000000000e+03,1.657823872847075108e-06
7.479000000000000000e+03,1.657329448789823800e-06
7.480000000000000000e+03,1.657119355513714254e-06
7.481000000000000000e+03,1.656676658967626281e-06
7.482000000000000000e+03,1.656377662584418431e-06
7.483000000000000000e+03,1.656086965340364259e-06
7.484000000000000000e+03,1.655452933846390806e-06
7.485000000000000000e+03,1.654915536164480727e-06
7.486000000000000000e+03,1.654395418881904334e-06
7.487000000000000000e+03,1.654080847401928622e-06
7.488000000000000000e+03,1.653879735385999084e-06
7.489000000000000000e+03,1.653282879487960599e-06
7.490000000000000000e+03,1.653096092013583984e-06
7.491000000000000000e+03,1.652713081057299860e-06
7.492000000000000000e+03,1.652097353144199587e-06
7.493000000000000000e+03,1.651662387303076684e-06
7.494000000000000000e+03,1.651260959079081658e-06
7.495000000000000000e+03,1.650929220886609983e-06
7.496000000000000000e+03,1.650418880672077648e-06
7.497000000000000000e+03,1.650035528655280359e-06
7.498000000000000000e+03,1.649466184971970506e-06
7.499000000000000000e+03,1.649334990361239761e-06
7.500000000000000000e+03,1.648953912081196904e-06
7.501000000000000000e+03,1.648550096433609724e-06
7.502000000000000000e+03,1.648166062295786105e-06
7.503000000000000000e+03,1.647806584514910355e-06
7.504000000000000000e+03,1.647370481805410236e-06
7.505000000000000000e+03,1.647081262490246445e-06
7.506000000000000000e+03,1.646812847866385709e-06
7.507000000000000000e+03,1.646908799557422753e-06
7.508000000000000000e+03,1.646586156311968807e-06
7.509000000000000000e+03,1.646326722948288079e-06
7.510000000000000000e+03,1.646145051381608937e-06
7.511000000000000000e+03,1.645831048335821833e-06
7.512000000000000000e+03,1.645399265726155136e-06
7.513000000000000000e+03,1.645633574298699386e-06
7.514000000000000000e+03,1.645257725613191724e-06
7.515000000000000000e+03,1.645076622480701189e-06
7.516000000000000000e+03,1.644841063352942001e-06
7.517000000000000000e+03,1.644772510189795867e-06
7.518000000000000000e+03,1.644481585572066251e-06
7.519000000000000000e+03,1.644071517148404382e-06
7.520000000000000000e+03,1.643792757022310980e-06
7.521000000000000000e+03,1.643413725105347112e-06
7.522000000000000000e+03,1.643064592826704029e-06
7.523000000000000000e+03,1.642551069380715489e-06
7.524000000000000000e+03,1.642281176827964373e-06
7.525000000000000000e+03,1.641742187530326191e-06
7.526000000000000000e+03,1.641568928789638449e-06
7.527000000000000000e+03,1.641205926716793329e-06
7.528000000000000000e+03,1.641068024582637008e-06
7.529000000000000000e+03,1.640812911318789702e-06
7.530000000000000000e+03,1.640515051803959068e-06
7.531000000000000000e+03,1.640288587623217609e-06
7.532000000000000000e+03,1.639887500459735747e-06
7.533000000000000000e+03,1.639480842641205527e-06
7.534000000000000000e+03,1.639184347368427552e-06
7.535000000000000000e+03,1.639008701204147656e-06
7.536000000000000000e+03,1.638854314478521701e-06
7.537000000000000000e+03,1.638602839193481486e-06
7.538000000000000000e+03,1.638218350308306981e-06
7.539000000000000000e+03,1.637753712202538736e-06
7.540000000000000000e+03,1.638045318941294681e-06
7.541000000000000000e+03,1.637482455407734960e-06
7.542000000000000000e+03,1.636906517887837254e-06
7.543000000000000000e+03,1.636476781641249545e-06
7.544000000000000000e+03,1.636251795389398467e-06
7.545000000000000000e+03,1.635875946703890804e-06
7.546000000000000000e+03,1.635712351344409399e-06
7.547000000000000000e+03,1.635315243220247794e-06
7.548000000000000000e+03,1.634975319575460162e-06
7.549000000000000000e+03,1.634803652450500522e-06
7.550000000000000000e+03,1.634049795029568486e-06
7.551000000000000000e+03,1.633827423574985005e-06
7.552000000000000000e+03,1.633540705370251089e-06
7.553000000000000000e+03,1.633532519917935133e-06
7.554000000000000000e+03,1.633151214264216833e-06
7.555000000000000000e+03,1.632937824069813360e-06
7.556000000000000000e+03,1.632685552976909094e-06
7.557000000000000000e+03,1.632166686249547638e-06
7.558000000000000000e+03,1.632000135032285471e-06
7.559000000000000000e+03,1.631627242204558570e-06
7.560000000000000000e+03,1.631429995541111566e-06
7.561000000000000000e+03,1.631078475838876329e-06
7.562000000000000000e+03,1.630850192668731324e-06
7.563000000000000000e+03,1.630549149922444485e-06
7.564000000000000000e+03,1.630268798180622980e-06
7.565000000000000000e+03,1.630001520425139461e-06
7.566000000000000000e+03,1.629429903005075175e-06
7.567000000000000000e+03,1.629278017389879096e-06
7.568000000000000000e+03,1.628633071959484369e-06
7.569000000000000000e+03,1.628430140954151284e-06
7.570000000000000000e+03,1.628262907615862787e-06
7.571000000000000000e+03,1.627922642910561990e-06
7.572000000000000000e+03,1.627699475648114458e-06
7.573000000000000000e+03,1.627449364605126902e-06
7.574000000000000000e+03,1.627087272026983555e-06
7.575000000000000000e+03,1.626853418201790191e-06
7.576000000000000000e+03,1.626480752747738734e-06
7.577000000000000000e+03,1.626128891984990332e-06
7.578000000000000000e+03,1.625996219445369206e-06
7.579000000000000000e+03,1.625682784833770711e-06
7.580000000000000000e+03,1.625410050110076554e-06
7.581000000000000000e+03,1.625139589123136830e-06
7.582000000000000000e+03,1.624837182134797331e-06
7.583000000000000000e+03,1.624545120648690499e-06
7.584000000000000000e+03,1.624076844564115163e-06
7.585000000000000000e+03,1.624492597329663113e-06
7.586000000000000000e+03,1.623797743377508596e-06
7.587000000000000000e+03,1.623442358322790824e-06
7.588000000000000000e+03,1.623189064048347063e-06
7.589000000000000000e+03,1.622840045456541702e-06
7.590000000000000000e+03,1.622373929421883076e-06
7.591000000000000000e+03,1.621938508833409287e-06
7.592000000000000000e+03,1.621521960259997286e-06
7.593000000000000000e+03,1.621147589503380004e-06
7.594000000000000000e+03,1.620867465135233942e-06
7.595000000000000000e+03,1.620529246793012135e-06
7.596000000000000000e+03,1.620112925593275577e-06
7.597000000000000000e+03,1.619657837181875948e-06
7.598000000000000000e+03,1.619505837879842147e-06
7.599000000000000000e+03,1.619197291802265681e-06
7.600000000000000000e+03,1.618879878151346929e-06
7.601000000000000000e+03,1.618671831238316372e-06
7.602000000000000000e+03,1.618401938685565256e-06
7.603000000000000000e+03,1.617990619706688449e-06
7.604000000000000000e+03,1.617803945919149555e-06
7.605000000000000000e+03,1.617493467165331822e-06
7.606000000000000000e+03,1.617312818780192174e-06
7.607000000000000000e+03,1.617138877918478101e-06
7.608000000000000000e+03,1.616979034224641509e-06
7.609000000000000000e+03,1.616948793525807559e-06
7.610000000000000000e+03,1.616620238564792089e-06
7.611000000000000000e+03,1.616509962332202122e-06
7.612000000000000000e+03,1.616329541320737917e-06
7.613000000000000000e+03,1.616154236216971185e-06
7.614000000000000000e+03,1.615889004824566655e-06
7.615000000000000000e+03,1.615534756638226099e-06
7.616000000000000000e+03,1.615286578271479812e-06
7.617000000000000000e+03,1.614935854377108626e-06
7.618000000000000000e+03,1.614642883396300022e-06
7.619000000000000000e+03,1.614533175597898662e-06
7.620000000000000000e+03,1.614155962670338340e-06
7.621000000000000000e+03,1.613790914234414231e-06
7.622000000000000000e+03,1.613432687008753419e-06
7.623000000000000000e+03,1.612798882888455410e-06
7.624000000000000000e+03,1.612531718819809612e-06
7.625000000000000000e+03,1.612371988812810741e-06
7.626000000000000000e+03,1.612116420801612549e-06
7.627000000000000000e+03,1.611949528523837216e-06
7.628000000000000000e+03,1.611511379451258108e-06
7.629000000000000000e+03,1.611158268133294769e-06
7.630000000000000000e+03,1.610857225387007929e-06
7.631000000000000000e+03,1.610638946658582427e-06
7.632000000000000000e+03,1.610364051884971559e-06
7.633000000000000000e+03,1.610191361578472424e-06
7.634000000000000000e+03,1.609513560651976150e-06
7.635000000000000000e+03,1.609875312169606332e-06
7.636000000000000000e+03,1.609296873539278749e-06
7.637000000000000000e+03,1.608763227523013484e-06
7.638000000000000000e+03,1.608368052075093146e-06
7.639000000000000000e+03,1.607855779184319545e-06
7.640000000000000000e+03,1.608512548045837320e-06
7.641000000000000000e+03,1.607714921192382462e-06
7.642000000000000000e+03,1.607344529475085437e-06
7.643000000000000000e+03,1.607150807103607804e-06
7.644000000000000000e+03,1.606894670658221003e-06
7.645000000000000000e+03,1.606424916644755285e-06
7.646000000000000000e+03,1.605761099199298769e-06
7.647000000000000000e+03,1.605813622518326156e-06
7.648000000000000000e+03,1.605350576028286014e-06
7.649000000000000000e+03,1.604911517461005133e-06
7.650000000000000000e+03,1.604664134902122896e-06
7.651000000000000000e+03,1.604419253453670535e-06
7.652000000000000000e+03,1.603844793862663209e-06
7.653000000000000000e+03,1.603300461283652112e-06
7.654000000000000000e+03,1.602781594556290656e-06
7.655000000000000000e+03,1.602282395651855040e-06
7.656000000000000000e+03,1.601922917870979290e-06
7.657000000000000000e+03,1.601050826138816774e-06
7.658000000000000000e+03,1.600115751898556482e-06
7.659000000000000000e+03,1.599595861989655532e-06
7.660000000000000000e+03,1.599306415300816298e-06
7.661000000000000000e+03,1.599124857420974877e-06
7.662000000000000000e+03,1.598608832864556462e-06
7.663000000000000000e+03,1.598452399775851518e-06
7.664000000000000000e+03,1.598200242369784974e-06
7.665000000000000000e+03,1.597866798874747474e-06
7.666000000000000000e+03,1.597662958374712616e-06
7.667000000000000000e+03,1.597320988366845995e-06
7.668000000000000000e+03,1.596943661752447952e-06
7.669000000000000000e+03,1.596421157046279404e-06
7.670000000000000000e+03,1.595987328073533718e-06
7.671000000000000000e+03,1.595694811840075999e-06
7.672000000000000000e+03,1.595521666786225978e-06
7.673000000000000000e+03,1.595118305885989685e-06
7.674000000000000000e+03,1.594736659171758220e-06
7.675000000000000000e+03,1.594325908627070021e-06
7.676000000000000000e+03,1.593964498169953004e-06
7.677000000000000000e+03,1.593752244843926746e-06
7.678000000000000000e+03,1.593486558704171330e-06
7.679000000000000000e+03,1.593203478478244506e-06
7.680000000000000000e+03,1.593012598277709913e-06
7.681000000000000000e+03,1.592738954059313983e-06
7.682000000000000000e+03,1.592479065948282368e-06
7.683000000000000000e+03,1.592302737662976142e-06
7.684000000000000000e+03,1.591836280567804351e-06
7.685000000000000000e+03,1.591686896063038148e-06
7.686000000000000000e+03,1.590939632478693966e-06
7.687000000000000000e+03,1.590529109307681210e-06
7.688000000000000000e+03,1.590087094882619567e-06
7.689000000000000000e+03,1.589420435266220011e-06
7.690000000000000000e+03,1.588938403074280359e-06
7.691000000000000000e+03,1.588215127412695438e-06
7.692000000000000000e+03,1.587874976394232363e-06
7.693000000000000000e+03,1.587163637850608211e-06
7.694000000000000000e+03,1.586997541380696930e-06
7.695000000000000000e+03,1.586185248925175983e-06
7.696000000000000000e+03,1.585677637194748968e-06
7.697000000000000000e+03,1.585402742421138100e-06
7.698000000000000000e+03,1.584752453709370457e-06
7.699000000000000000e+03,1.584257915965281427e-06
7.700000000000000000e+03,1.583198240950878244e-06
7.701000000000000000e+03,1.582977120051509701e-06
7.702000000000000000e+03,1.582536469868500717e-06
7.703000000000000000e+03,1.582104005137807690e-06
7.704000000000000000e+03,1.581606056788587011e-06
7.705000000000000000e+03,1.581300807629304472e-06
7.706000000000000000e+03,1.581048195475887042e-06
7.707000000000000000e+03,1.580885850671620574e-06
7.708000000000000000e+03,1.580429852765519172e-06
7.709000000000000000e+03,1.580093794473214075e-06
7.710000000000000000e+03,1.579663944539788645e-06
7.711000000000000000e+03,1.579322884026623797e-06
7.712000000000000000e+03,1.579074591973039787e-06
7.713000000000000000e+03,1.578546743985498324e-06
7.714000000000000000e+03,1.578227283971500583e-06
7.715000000000000000e+03,1.577923853801621590e-06
7.716000000000000000e+03,1.577769239702320192e-06
7.717000000000000000e+03,1.577586886014614720e-06
7.718000000000000000e+03,1.577519242346170358e-06
7.719000000000000000e+03,1.577303578415012453e-06
7.720000000000000000e+03,1.577107013872591779e-06
7.721000000000000000e+03,1.576541194481251296e-06
7.722000000000000000e+03,1.576197178110305686e-06
7.723000000000000000e+03,1.575811438669916242e-06
7.724000000000000000e+03,1.575648411744623445e-06
7.725000000000000000e+03,1.575250507812597789e-06
7.726000000000000000e+03,1.574672410242783371e-06
7.727000000000000000e+03,1.574594875819457229e-06
7.728000000000000000e+03,1.574288717165472917e-06
7.729000000000000000e+03,1.573892632222850807e-06
7.730000000000000000e+03,1.573664349052705802e-06
7.731000000000000000e+03,1.573480517436109949e-06
7.732000000000000000e+03,1.573189365444704890e-06
7.733000000000000000e+03,1.572938799654366449e-06
7.734000000000000000e+03,1.573272584209917113e-06
7.735000000000000000e+03,1.572889232193119824e-06
7.736000000000000000e+03,1.572641167513211258e-06
7.737000000000000000e+03,1.572534870319941547e-06
7.738000000000000000e+03,1.572254063830769155e-06
7.739000000000000000e+03,1.571969278302276507e-06
7.740000000000000000e+03,1.571611278450291138e-06
7.741000000000000000e+03,1.571359462104737759e-06
7.742000000000000000e+03,1.571150846757518593e-06
7.743000000000000000e+03,1.570795120642287657e-06
7.744000000000000000e+03,1.570514086779439822e-06
7.745000000000000000e+03,1.570184736010560300e-06
7.746000000000000000e+03,1.569821733937715180e-06
7.747000000000000000e+03,1.569404503243276849e-06
7.748000000000000000e+03,1.569792061673069838e-06
7.749000000000000000e+03,1.569172013660136145e-06
7.750000000000000000e+03,1.568934294482460245e-06
7.751000000000000000e+03,1.568645643601485062e-06
7.752000000000000000e+03,1.568409061292186379e-06
7.753000000000000000e+03,1.567927142787084449e-06
7.754000000000000000e+03,1.567323465678782668e-06
7.755000000000000000e+03,1.566792093399271835e-06
7.756000000000000000e+03,1.566869741509435698e-06
7.757000000000000000e+03,1.566545279274578206e-06
7.758000000000000000e+03,1.566186710988404229e-06
7.759000000000000000e+03,1.565955017213127576e-06
7.760000000000000000e+03,1.565593720442848280e-06
7.761000000000000000e+03,1.565232537359406706e-06
7.762000000000000000e+03,1.564721401337010320e-06
7.763000000000000000e+03,1.565048819429648574e-06
7.764000000000000000e+03,1.564519152452703565e-06
7.765000000000000000e+03,1.564169338053034153e-06
7.766000000000000000e+03,1.563934233672625851e-06
7.767000000000000000e+03,1.563582145536202006e-06
7.768000000000000000e+03,1.563307250762591138e-06
7.769000000000000000e+03,1.562863076287612785e-06
7.770000000000000000e+03,1.562509282848623116e-06
7.771000000000000000e+03,1.562199599902669434e-06
7.772000000000000000e+03,1.561928684168378823e-06
7.773000000000000000e+03,1.561768499414029066e-06
7.774000000000000000e+03,1.561658450555114541e-06
7.775000000000000000e+03,1.561599333399499301e-06
7.776000000000000000e+03,1.561246449455211405e-06
7.777000000000000000e+03,1.560828309266071301e-06
7.778000000000000000e+03,1.560220880492124707e-06
7.779000000000000000e+03,1.559539100526308175e-06
7.780000000000000000e+03,1.559131646899913903e-06
7.781000000000000000e+03,1.558837766424403526e-06
7.782000000000000000e+03,1.558588223815604579e-06
7.783000000000000000e+03,1.558344365548691712e-06
7.784000000000000000e+03,1.557976133881311398e-06
7.785000000000000000e+03,1.557482733005599584e-06
7.786000000000000000e+03,1.557429982312896755e-06
7.787000000000000000e+03,1.556749907649646048e-06
7.788000000000000000e+03,1.556496613375202287e-06
7.789000000000000000e+03,1.556305846861505415e-06
7.790000000000000000e+03,1.555939547870366368e-06
7.791000000000000000e+03,1.556147481096559204e-06
7.792000000000000000e+03,1.555664994157268666e-06
7.793000000000000000e+03,1.555143740006315056e-06
7.794000000000000000e+03,1.554833488626172766e-06
7.795000000000000000e+03,1.554539267090149224e-06
7.796000000000000000e+03,1.554183086227567401e-06
7.797000000000000000e+03,1.553622382743924391e-06
7.798000000000000000e+03,1.554447976559458766e-06
7.799000000000000000e+03,1.553316224089940079e-06
7.800000000000000000e+03,1.552823505335254595e-06
7.801000000000000000e+03,1.552331013954244554e-06
7.802000000000000000e+03,1.552060552967304830e-06
7.803000000000000000e+03,1.551801005916786380e-06
7.804000000000000000e+03,1.551500417917850427e-06
7.805000000000000000e+03,1.551025093249336351e-06
7.806000000000000000e+03,1.550817955831007566e-06
7.807000000000000000e+03,1.550474507894250564e-06
7.808000000000000000e+03,1.550061710986483376e-06
7.809000000000000000e+03,1.549865146444062702e-06
7.810000000000000000e+03,1.549481567053589970e-06
7.811000000000000000e+03,1.549380954202206340e-06
7.812000000000000000e+03,1.549074227114033420e-06
7.813000000000000000e+03,1.549070134387875441e-06
7.814000000000000000e+03,1.548764316794404294e-06
7.815000000000000000e+03,1.548536147311097011e-06
7.816000000000000000e+03,1.548333329992601648e-06
7.817000000000000000e+03,1.548192699374340009e-06
7.818000000000000000e+03,1.547971237414458301e-06
7.819000000000000000e+03,1.547707029203593265e-06
7.820000000000000000e+03,1.547378474242577795e-06
7.821000000000000000e+03,1.546946236885560211e-06
7.822000000000000000e+03,1.546750127090490423e-06
7.823000000000000000e+03,1.546556291032175068e-06
7.824000000000000000e+03,1.546347334624442738e-06
7.825000000000000000e+03,1.546015482745133340e-06
7.826000000000000000e+03,1.545585291751194745e-06
7.827000000000000000e+03,1.545463646834832616e-06
7.828000000000000000e+03,1.544899191685544793e-06
7.829000000000000000e+03,1.544566543998371344e-06
7.830000000000000000e+03,1.544322799418296199e-06
7.831000000000000000e+03,1.544071324133255985e-06
7.832000000000000000e+03,1.543587018204561900e-06
7.833000000000000000e+03,1.543077246424218174e-06
7.834000000000000000e+03,1.542744598737044726e-06
7.835000000000000000e+03,1.542428663015016355e-06
7.836000000000000000e+03,1.542129325571295340e-06
7.837000000000000000e+03,1.541954247841204051e-06
7.838000000000000000e+03,1.541679580441268627e-06
7.839000000000000000e+03,1.541401957183552440e-06
7.840000000000000000e+03,1.541212554911908228e-06
7.841000000000000000e+03,1.540792368359689135e-06
7.842000000000000000e+03,1.540970288260723464e-06
7.843000000000000000e+03,1.540546350042859558e-06
7.844000000000000000e+03,1.540070456940156873e-06
7.845000000000000000e+03,1.539733148092636839e-06
7.846000000000000000e+03,1.539362642688502092e-06
7.847000000000000000e+03,1.539558525109896436e-06
7.848000000000000000e+03,1.539254981253179722e-06
7.849000000000000000e+03,1.539016238893964328e-06
7.850000000000000000e+03,1.538455649097159039e-06
7.851000000000000000e+03,1.538092078590125311e-06
7.852000000000000000e+03,1.537622097202984150e-06
7.853000000000000000e+03,1.537087428005179390e-06
7.854000000000000000e+03,1.536618128739064559e-06
7.855000000000000000e+03,1.536218292130797636e-06
7.856000000000000000e+03,1.535771616545389406e-06
7.857000000000000000e+03,1.535492629045620561e-06
7.858000000000000000e+03,1.535075625724857673e-06
7.859000000000000000e+03,1.534600869490532205e-06
7.860000000000000000e+03,1.534230477773235179e-06
7.861000000000000000e+03,1.533821546217950527e-06
7.862000000000000000e+03,1.533608383397222497e-06
7.863000000000000000e+03,1.533265617581491824e-06
7.864000000000000000e+03,1.532922169644734822e-06
7.865000000000000000e+03,1.532469354970089626e-06
7.866000000000000000e+03,1.532014721306040883e-06
7.867000000000000000e+03,1.531499947304837406e-06
7.868000000000000000e+03,1.530929466753150336e-06
7.869000000000000000e+03,1.530698227725224569e-06
7.870000000000000000e+03,1.530366489532752894e-06
7.871000000000000000e+03,1.530144231765007135e-06
7.872000000000000000e+03,1.529886390017054509e-06
7.873000000000000000e+03,1.529429141555738170e-06
7.874000000000000000e+03,1.529865812699426897e-06
7.875000000000000000e+03,1.529195060356869362e-06
7.876000000000000000e+03,1.528748839518812019e-06
7.877000000000000000e+03,1.528594566480023786e-06
7.878000000000000000e+03,1.528277948636969086e-06
7.879000000000000000e+03,1.528060579403245356e-06
7.880000000000000000e+03,1.527644712950859684e-06
7.881000000000000000e+03,1.527231802356254775e-06
7.882000000000000000e+03,1.526762957837490831e-06
7.883000000000000000e+03,1.526622440906066913e-06
7.884000000000000000e+03,1.526129381090868264e-06
7.885000000000000000e+03,1.525968855276005343e-06
7.886000000000000000e+03,1.525798438706260640e-06
7.887000000000000000e+03,1.525585616946045775e-06
7.888000000000000000e+03,1.525044808659004048e-06
7.889000000000000000e+03,1.525285028947109822e-06
7.890000000000000000e+03,1.524636331851070281e-06
7.891000000000000000e+03,1.523922719570691697e-06
7.892000000000000000e+03,1.523546075077319983e-06
7.893000000000000000e+03,1.523005948911304586e-06
7.894000000000000000e+03,1.522701836620399263e-06
7.895000000000000000e+03,1.522388629382476211e-06
7.896000000000000000e+03,1.522247544016863685e-06
7.897000000000000000e+03,1.521983449492836371e-06
7.898000000000000000e+03,1.521697527095966507e-06
7.899000000000000000e+03,1.521391027381469030e-06
7.900000000000000000e+03,1.521275180493830703e-06
7.901000000000000000e+03,1.521136482551810332e-06
7.902000000000000000e+03,1.520858859294094145e-06
7.903000000000000000e+03,1.520707655799924396e-06
7.904000000000000000e+03,1.520380919828312472e-06
7.905000000000000000e+03,1.520349428574263584e-06
7.906000000000000000e+03,1.519960960649768822e-06
7.907000000000000000e+03,1.519833062957332004e-06
7.908000000000000000e+03,1.519525767434970476e-06
7.909000000000000000e+03,1.519185161669156514e-06
7.910000000000000000e+03,1.518642761766386684e-06
7.911000000000000000e+03,1.518787257737130858e-06
7.912000000000000000e+03,1.518294425295607653e-06
7.913000000000000000e+03,1.517780674475943670e-06
7.914000000000000000e+03,1.517199052614159882e-06
7.915000000000000000e+03,1.516781139798695222e-06
7.916000000000000000e+03,1.516333099971234333e-06
7.917000000000000000e+03,1.515800931883859448e-06
7.918000000000000000e+03,1.515523308626143262e-06
7.919000000000000000e+03,1.515257622486387845e-06
7.920000000000000000e+03,1.514911673439200968e-06
7.921000000000000000e+03,1.514753193987417035e-06
7.922000000000000000e+03,1.514287987447460182e-06
7.923000000000000000e+03,1.514039354333363008e-06
7.924000000000000000e+03,1.513838469691108912e-06
7.925000000000000000e+03,1.513486495241522789e-06
7.926000000000000000e+03,1.513273105047119316e-06
7.927000000000000000e+03,1.512820972493500449e-06
7.928000000000000000e+03,1.512620656285434961e-06
7.929000000000000000e+03,1.512183075647044461e-06
7.930000000000000000e+03,1.511681261945341248e-06
7.931000000000000000e+03,1.511651475993858185e-06
7.932000000000000000e+03,1.511372033746738452e-06
7.933000000000000000e+03,1.511133177700685337e-06
7.934000000000000000e+03,1.510979586782923434e-06
7.935000000000000000e+03,1.510862603026907891e-06
7.936000000000000000e+03,1.510532911197515205e-06
7.937000000000000000e+03,1.510147058070288040e-06
7.938000000000000000e+03,1.509813046141061932e-06
7.939000000000000000e+03,1.509404000898939557e-06
7.940000000000000000e+03,1.509186972725728992e-06
7.941000000000000000e+03,1.508882974121661391e-06
7.942000000000000000e+03,1.508334321442816872e-06
7.943000000000000000e+03,1.507806814515788574e-06
7.944000000000000000e+03,1.507398678768367972e-06
7.945000000000000000e+03,1.506886292190756649e-06
7.946000000000000000e+03,1.506494641034805682e-06
7.947000000000000000e+03,1.505906993770622648e-06
7.948000000000000000e+03,1.505358227404940408e-06
7.949000000000000000e+03,1.504935084994940553e-06
7.950000000000000000e+03,1.504679175923229195e-06
7.951000000000000000e+03,1.504282295172743034e-06
7.952000000000000000e+03,1.503670773672638461e-06
7.953000000000000000e+03,1.503180556028382853e-06
7.954000000000000000e+03,1.502725126556470059e-06
7.955000000000000000e+03,1.502460804658767302e-06
7.956000000000000000e+03,1.502075633652566466e-06
7.957000000000000000e+03,1.501653855484619271e-06
7.958000000000000000e+03,1.501309270679485053e-06
7.959000000000000000e+03,1.500836901868751738e-06
7.960000000000000000e+03,1.500471057624963578e-06
7.961000000000000000e+03,1.500113739894004539e-06
7.962000000000000000e+03,1.499835775575775187e-06
7.963000000000000000e+03,1.499604650234687142e-06
7.964000000000000000e+03,1.499063500887132250e-06
7.965000000000000000e+03,1.498684468970168382e-06
7.966000000000000000e+03,1.498370011177030392e-06
7.967000000000000000e+03,1.497984158049803227e-06
7.968000000000000000e+03,1.497477114753564820e-06
7.969000000000000000e+03,1.496914023846329655e-06
7.970000000000000000e+03,1.496328195571550168e-06
7.971000000000000000e+03,1.496089794272847939e-06
7.972000000000000000e+03,1.495541482654516585e-06
7.973000000000000000e+03,1.495143578722490929e-06
7.974000000000000000e+03,1.494662797085766215e-06
7.975000000000000000e+03,1.494139382884895895e-06
7.976000000000000000e+03,1.493652803219447378e-06
7.977000000000000000e+03,1.493913032390992157e-06
7.978000000000000000e+03,1.493396098339871969e-06
7.979000000000000000e+03,1.493218974246701691e-06
7.980000000000000000e+03,1.492874275754729751e-06
7.981000000000000000e+03,1.492497744948195759e-06
7.982000000000000000e+03,1.491860643909603823e-06
7.983000000000000000e+03,1.493414174547069706e-06
7.984000000000000000e+03,1.491496732342056930e-06
7.985000000000000000e+03,1.490997760811296757e-06
7.986000000000000000e+03,1.490685349381237756e-06
7.987000000000000000e+03,1.490416593696863856e-06
7.988000000000000000e+03,1.489973101342911832e-06
7.989000000000000000e+03,1.489578153268666938e-06
7.990000000000000000e+03,1.489117380515381228e-06
7.991000000000000000e+03,1.488787347625475377e-06
7.992000000000000000e+03,1.488683778916310985e-06
7.993000000000000000e+03,1.488600901211611927e-06
7.994000000000000000e+03,1.487979602643463295e-06
7.995000000000000000e+03,1.487789859311305918e-06
7.996000000000000000e+03,1.487542476752423681e-06
7.997000000000000000e+03,1.487069539507501759e-06
7.998000000000000000e+03,1.486185055910027586e-06
7.999000000000000000e+03,1.485638222220586613e-06
8.000000000000000000e+03,1.485001575929345563e-06
8.001000000000000000e+03,1.484647327743005008e-06
8.002000000000000000e+03,1.484366521253832616e-06
8.003000000000000000e+03,1.484191557210579049e-06
8.004000000000000000e+03,1.483839696447830647e-06
8.005000000000000000e+03,1.483651317357725929e-06
8.006000000000000000e+03,1.483526034462556709e-06
8.007000000000000000e+03,1.483034225202572998e-06
8.008000000000000000e+03,1.482681909692473710e-06
8.009000000000000000e+03,1.482289690102334134e-06
8.010000000000000000e+03,1.482008997299999464e-06
8.011000000000000000e+03,1.481891104049282148e-06
8.012000000000000000e+03,1.481636331845948007e-06
8.013000000000000000e+03,1.481419189985899720e-06
8.014000000000000000e+03,1.481137246628350113e-06
8.015000000000000000e+03,1.481029244132514577e-06
8.016000000000000000e+03,1.480638388784427661e-06
8.017000000000000000e+03,1.480455125602020416e-06
8.018000000000000000e+03,1.480116452512447722e-06
8.019000000000000000e+03,1.479693082728772424e-06
8.020000000000000000e+03,1.479397269577020779e-06
8.021000000000000000e+03,1.478992999182082713e-06
8.022000000000000000e+03,1.478674448662786745e-06
8.023000000000000000e+03,1.478265971854852978e-06
8.024000000000000000e+03,1.478044168834458105e-06
8.025000000000000000e+03,1.477646947023458779e-06
8.026000000000000000e+03,1.477402292948681861e-06
8.027000000000000000e+03,1.476960846957808826e-06
8.028000000000000000e+03,1.476511329201457556e-06
8.029000000000000000e+03,1.476030661251570564e-06
8.030000000000000000e+03,1.475622184443636797e-06
8.031000000000000000e+03,1.475255885452497751e-06
8.032000000000000000e+03,1.475033741371589713e-06
8.033000000000000000e+03,1.474892769692814909e-06
8.034000000000000000e+03,1.474585928917804267e-06
8.035000000000000000e+03,1.474405962653690949e-06
8.036000000000000000e+03,1.474030455028696451e-06
8.037000000000000000e+03,1.473757606618164573e-06
8.038000000000000000e+03,1.473455313316662796e-06
8.039000000000000000e+03,1.473276256547251251e-06
8.040000000000000000e+03,1.473123234063677955e-06
8.041000000000000000e+03,1.472796498092066031e-06
8.042000000000000000e+03,1.472345502406824380e-06
8.043000000000000000e+03,1.473796714890340809e-06
8.044000000000000000e+03,1.472180656492128037e-06
8.045000000000000000e+03,1.471760697313584387e-06
8.046000000000000000e+03,1.471573455091856886e-06
8.047000000000000000e+03,1.471371433581225574e-06
8.048000000000000000e+03,1.471145424147835001e-06
8.049000000000000000e+03,1.470938286729506217e-06
8.050000000000000000e+03,1.470737174713576678e-06
8.051000000000000000e+03,1.470357574362424202e-06
8.052000000000000000e+03,1.469985818403074518e-06
8.053000000000000000e+03,1.469853259550291114e-06
8.054000000000000000e+03,1.469414542043523397e-06
8.055000000000000000e+03,1.469175458623794839e-06
8.056000000000000000e+03,1.468955588279641233e-06
8.057000000000000000e+03,1.468564391871041153e-06
8.058000000000000000e+03,1.468901473344885744e-06
8.059000000000000000e+03,1.468480149924289435e-06
8.060000000000000000e+03,1.468164782636449672e-06
8.061000000000000000e+03,1.468042682972736657e-06
8.062000000000000000e+03,1.467669903831847478e-06
8.063000000000000000e+03,1.467458901061036158e-06
8.064000000000000000e+03,1.467020297241106164e-06
8.065000000000000000e+03,1.467229367335676216e-06
8.066000000000000000e+03,1.466832941332540940e-06
8.067000000000000000e+03,1.466546223127807025e-06
8.068000000000000000e+03,1.466363301005912945e-06
8.069000000000000000e+03,1.466099320168723352e-06
8.070000000000000000e+03,1.466128651372855529e-06
8.071000000000000000e+03,1.465914010623237118e-06
8.072000000000000000e+03,1.465595232730265707e-06
8.073000000000000000e+03,1.465282934987044428e-06
8.074000000000000000e+03,1.464988486077345442e-06
8.075000000000000000e+03,1.464671413486939855e-06
8.076000000000000000e+03,1.464332513023691718e-06
8.077000000000000000e+03,1.463930630052345805e-06
8.078000000000000000e+03,1.463547732782899402e-06
8.079000000000000000e+03,1.463195076212286949e-06
8.080000000000000000e+03,1.462693148823746014e-06
8.081000000000000000e+03,1.462388468098652083e-06
8.082000000000000000e+03,1.462023874410078861e-06
8.083000000000000000e+03,1.461577767258859240e-06
8.084000000000000000e+03,1.461191800444794353e-06
8.085000000000000000e+03,1.460675775888375938e-06
8.086000000000000000e+03,1.460254907215130515e-06
8.087000000000000000e+03,1.459648842683236580e-06
8.088000000000000000e+03,1.459403051740082446e-06
8.089000000000000000e+03,1.459284476368338801e-06
8.090000000000000000e+03,1.459079044252575841e-06
8.091000000000000000e+03,1.458674091736611445e-06
8.092000000000000000e+03,1.458235033169330563e-06
8.093000000000000000e+03,1.458315409763599746e-06
8.094000000000000000e+03,1.458098267903551459e-06
8.095000000000000000e+03,1.457837015550467186e-06
8.096000000000000000e+03,1.457560415474290494e-06
8.097000000000000000e+03,1.457113171454693656e-06
8.098000000000000000e+03,1.456704353586246725e-06
8.099000000000000000e+03,1.456564632462686859e-06
8.100000000000000000e+03,1.456155359846889041e-06
8.101000000000000000e+03,1.455979258935258258e-06
8.102000000000000000e+03,1.455690721741120797e-06
8.103000000000000000e+03,1.455634674130124040e-06
8.104000000000000000e+03,1.455458118471142370e-06
8.105000000000000000e+03,1.455231426916725468e-06
8.106000000000000000e+03,1.455037136111059226e-06
8.107000000000000000e+03,1.454836592529318295e-06
8.108000000000000000e+03,1.454563403058273252e-06
8.109000000000000000e+03,1.454156972613418475e-06
8.110000000000000000e+03,1.453860022593289614e-06
8.111000000000000000e+03,1.453541358387155924e-06
8.112000000000000000e+03,1.453295567444001790e-06
8.113000000000000000e+03,1.453128447792551015e-06
8.114000000000000000e+03,1.452954052183486056e-06
8.115000000000000000e+03,1.452864353268523701e-06
8.116000000000000000e+03,1.452501123822003137e-06
8.117000000000000000e+03,1.452116862310504075e-06
8.118000000000000000e+03,1.451671096219797619e-06
8.119000000000000000e+03,1.451493290005601011e-06
8.120000000000000000e+03,1.451056959922425449e-06
8.121000000000000000e+03,1.450954073334287386e-06
8.122000000000000000e+03,1.450782292522490025e-06
8.123000000000000000e+03,1.450402010050311219e-06
8.124000000000000000e+03,1.449956812393793371e-06
8.125000000000000000e+03,1.449563455935276579e-06
8.126000000000000000e+03,1.449262299502152018e-06
8.127000000000000000e+03,1.449120304641837720e-06
8.128000000000000000e+03,1.448919306312745903e-06
8.129000000000000000e+03,1.448701141271158122e-06
8.130000000000000000e+03,1.448412376703345217e-06
8.131000000000000000e+03,1.448157831873686519e-06
8.132000000000000000e+03,1.447984914193511941e-06
8.133000000000000000e+03,1.447848944735596888e-06
8.134000000000000000e+03,1.447573254154121969e-06
8.135000000000000000e+03,1.447292333978111856e-06
8.136000000000000000e+03,1.446877945454616565e-06
8.137000000000000000e+03,1.446581222808163147e-06
8.138000000000000000e+03,1.446329974896798376e-06
8.139000000000000000e+03,1.446117153136583511e-06
8.140000000000000000e+03,1.445860789317521267e-06
8.141000000000000000e+03,1.445644329578499310e-06
8.142000000000000000e+03,1.445320094717317261e-06
8.143000000000000000e+03,1.444966642338840757e-06
8.144000000000000000e+03,1.444562144570227247e-06
8.145000000000000000e+03,1.444300096409278922e-06
8.146000000000000000e+03,1.444010422346764244e-06
8.147000000000000000e+03,1.444143435946898535e-06
8.148000000000000000e+03,1.443883547835866921e-06
8.149000000000000000e+03,1.443668793399410788e-06
8.150000000000000000e+03,1.443415158064453863e-06
8.151000000000000000e+03,1.443179485249856953e-06
8.152000000000000000e+03,1.442826487618731335e-06
8.153000000000000000e+03,1.442860025235859212e-06
8.154000000000000000e+03,1.442638676962815225e-06
8.155000000000000000e+03,1.442383677385805640e-06
8.156000000000000000e+03,1.442232587578473613e-06
8.157000000000000000e+03,1.441960080228454899e-06
8.158000000000000000e+03,1.441623226128285751e-06
8.159000000000000000e+03,1.441334802620986011e-06
8.160000000000000000e+03,1.441095605514419731e-06
8.161000000000000000e+03,1.440809114683361258e-06
8.162000000000000000e+03,1.440472942704218440e-06
8.163000000000000000e+03,1.439918833057163283e-06
8.164000000000000000e+03,1.439922357349132653e-06
8.165000000000000000e+03,1.439628931620973162e-06
8.166000000000000000e+03,1.439236939404509030e-06
8.167000000000000000e+03,1.438987283108872361e-06
8.168000000000000000e+03,1.438836989109404385e-06
8.169000000000000000e+03,1.438658273400506005e-06
8.170000000000000000e+03,1.438510594198305625e-06
8.171000000000000000e+03,1.438332219549920410e-06
8.172000000000000000e+03,1.438167714695737232e-06
8.173000000000000000e+03,1.437930222891736776e-06
8.174000000000000000e+03,1.437701939721591771e-06
8.175000000000000000e+03,1.437565970263676718e-06
8.176000000000000000e+03,1.437403966519923415e-06
8.177000000000000000e+03,1.437133960280334577e-06
8.178000000000000000e+03,1.436740376448142342e-06
8.179000000000000000e+03,1.436319848835410085e-06
8.180000000000000000e+03,1.436001070942438673e-06
8.181000000000000000e+03,1.435707645214279182e-06
8.182000000000000000e+03,1.435438548469392117e-06
8.183000000000000000e+03,1.435206058886251412e-06
8.184000000000000000e+03,1.434836349289980717e-06
8.185000000000000000e+03,1.434504838471184485e-06
8.186000000000000000e+03,1.434213459106103983e-06
8.187000000000000000e+03,1.433898319191939663e-06
8.188000000000000000e+03,1.433580223419994581e-06
8.189000000000000000e+03,1.433400029782205820e-06
8.190000000000000000e+03,1.432928115718823392e-06
8.191000000000000000e+03,1.432456087968603242e-06
8.192000000000000000e+03,1.431825239706085995e-06
8.193000000000000000e+03,1.431557507203251589e-06
8.194000000000000000e+03,1.431349801350734197e-06
8.195000000000000000e+03,1.431136524843168445e-06
8.196000000000000000e+03,1.430940983482287265e-06
8.197000000000000000e+03,1.430580709893547464e-06
8.198000000000000000e+03,1.430345719199976884e-06
8.199000000000000000e+03,1.430175757377583068e-06
8.200000000000000000e+03,1.429903591088077519e-06
8.201000000000000000e+03,1.429798203389509581e-06
8.202000000000000000e+03,1.429590156476479024e-06
8.203000000000000000e+03,1.429499093319464009e-06
8.204000000000000000e+03,1.429316398571245372e-06
8.205000000000000000e+03,1.429131657459947746e-06
8.206000000000000000e+03,1.428808218406629749e-06
8.207000000000000000e+03,1.429841859135194682e-06
8.208000000000000000e+03,1.428761152055813000e-06
8.209000000000000000e+03,1.428506493539316580e-06
8.210000000000000000e+03,1.428299810868338682e-06
8.211000000000000000e+03,1.428090172339580022e-06
8.212000000000000000e+03,1.427908614459738601e-06
8.213000000000000000e+03,1.427599954695324413e-06
8.214000000000000000e+03,1.427347797289257869e-06
8.215000000000000000e+03,1.426904077561630402e-06
8.216000000000000000e+03,1.426371795787417796e-06
8.217000000000000000e+03,1.425737650606606621e-06
8.218000000000000000e+03,1.425270738764083944e-06
8.219000000000000000e+03,1.424849415343487635e-06
8.220000000000000000e+03,1.424429569851781707e-06
8.221000000000000000e+03,1.424160814167407807e-06
8.222000000000000000e+03,1.423865796823520213e-06
8.223000000000000000e+03,1.423584649273834657e-06
8.224000000000000000e+03,1.423334310857171658e-06
8.225000000000000000e+03,1.422808509232709184e-06
8.226000000000000000e+03,1.422321815880422946e-06
8.227000000000000000e+03,1.422026457476022188e-06
8.228000000000000000e+03,1.421571482751460280e-06
8.229000000000000000e+03,1.421402998857956845e-06
8.230000000000000000e+03,1.421021806891076267e-06
8.231000000000000000e+03,1.420584908373712096e-06
8.232000000000000000e+03,1.420175294697401114e-06
8.233000000000000000e+03,1.419997374796366785e-06
8.234000000000000000e+03,1.419797968083003070e-06
8.235000000000000000e+03,1.419488057763373945e-06
8.236000000000000000e+03,1.419197928953508381e-06
8.237000000000000000e+03,1.418855731571966317e-06
8.238000000000000000e+03,1.418685997123247944e-06
8.239000000000000000e+03,1.418179977008549031e-06
8.240000000000000000e+03,1.418006036146834958e-06
8.241000000000000000e+03,1.417652242707845289e-06
8.242000000000000000e+03,1.417371777279186063e-06
8.243000000000000000e+03,1.416843701917969156e-06
8.244000000000000000e+03,1.416514578522765078e-06
8.245000000000000000e+03,1.416267878084909171e-06
8.246000000000000000e+03,1.416123495801002719e-06
8.247000000000000000e+03,1.415883161826059222e-06
8.248000000000000000e+03,1.415594852005597204e-06
8.249000000000000000e+03,1.415293581885634921e-06
8.250000000000000000e+03,1.415015958627918735e-06
8.251000000000000000e+03,1.414692746948276181e-06
8.252000000000000000e+03,1.414412622580130119e-06
8.253000000000000000e+03,1.414116809428378474e-06
8.254000000000000000e+03,1.413885001966264099e-06
8.255000000000000000e+03,1.413705035702150781e-06
8.256000000000000000e+03,1.413416725881688762e-06
8.257000000000000000e+03,1.413172299180587288e-06
8.258000000000000000e+03,1.412966526004311163e-06
8.259000000000000000e+03,1.412767005604109727e-06
8.260000000000000000e+03,1.412728465766122099e-06
8.261000000000000000e+03,1.412666733813239262e-06
8.262000000000000000e+03,1.412447545590111986e-06
8.263000000000000000e+03,1.412321239513403270e-06
8.264000000000000000e+03,1.412150595569983125e-06
8.265000000000000000e+03,1.411956532137992326e-06
8.266000000000000000e+03,1.411800553796638269e-06
8.267000000000000000e+03,1.411515881954983342e-06
8.268000000000000000e+03,1.411421067132323515e-06
8.269000000000000000e+03,1.411218931934854481e-06
8.270000000000000000e+03,1.410904474141716491e-06
8.271000000000000000e+03,1.410702225257409737e-06
8.272000000000000000e+03,1.410423806191829499e-06
8.273000000000000000e+03,1.410248501088062767e-06
8.274000000000000000e+03,1.410013283020816743e-06
8.275000000000000000e+03,1.409619130754435901e-06
8.276000000000000000e+03,1.409173023603216279e-06
8.277000000000000000e+03,1.408799562341300771e-06
8.278000000000000000e+03,1.408689058735035360e-06
8.279000000000000000e+03,1.408551042914041318e-06
8.280000000000000000e+03,1.408370962963090278e-06
8.281000000000000000e+03,1.408183038620336447e-06
8.282000000000000000e+03,1.407954528076515999e-06
8.283000000000000000e+03,1.407786385243525729e-06
8.284000000000000000e+03,1.407530362484976649e-06
8.285000000000000000e+03,1.407367335559683852e-06
8.286000000000000000e+03,1.406978981322026812e-06
8.287000000000000000e+03,1.407096760885906406e-06
8.288000000000000000e+03,1.406789010616193991e-06
8.289000000000000000e+03,1.406411229254445061e-06
8.290000000000000000e+03,1.406179194418655243e-06
8.291000000000000000e+03,1.405876787430315744e-06
8.292000000000000000e+03,1.405480588800855912e-06
8.293000000000000000e+03,1.405061425430176314e-06
8.294000000000000000e+03,1.404834165441570804e-06
8.295000000000000000e+03,1.404623048983921763e-06
8.296000000000000000e+03,1.404445924890751485e-06
8.297000000000000000e+03,1.404154659212508705e-06
8.298000000000000000e+03,1.403879309691546950e-06
8.299000000000000000e+03,1.403742317052092403e-06
8.300000000000000000e+03,1.403473333994043060e-06
8.301000000000000000e+03,1.403263468091608956e-06
8.302000000000000000e+03,1.403097257934859954e-06
8.303000000000000000e+03,1.402972770847554784e-06
8.304000000000000000e+03,1.402756993229559157e-06
8.305000000000000000e+03,1.402591578880674206e-06
8.306000000000000000e+03,1.402458565280539915e-06
8.307000000000000000e+03,1.402244492965110112e-06
8.308000000000000000e+03,1.401961867486534175e-06
8.309000000000000000e+03,1.401640929543646052e-06
8.310000000000000000e+03,1.401460622219019569e-06
8.311000000000000000e+03,1.401173676640610211e-06
8.312000000000000000e+03,1.401019972036010586e-06
8.313000000000000000e+03,1.400684027430543210e-06
8.314000000000000000e+03,1.400369910697918385e-06
8.315000000000000000e+03,1.400635028403485194e-06
8.316000000000000000e+03,1.400229621140169911e-06
8.317000000000000000e+03,1.399861048412276432e-06
8.318000000000000000e+03,1.399668121848662850e-06
8.319000000000000000e+03,1.399369466525968164e-06
8.320000000000000000e+03,1.399165171278582420e-06
8.321000000000000000e+03,1.398857534695707727e-06
8.322000000000000000e+03,1.398667336616199464e-06
8.323000000000000000e+03,1.398508061356551480e-06
8.324000000000000000e+03,1.398228391735756304e-06
8.325000000000000000e+03,1.397707819705829024e-06
8.326000000000000000e+03,1.397384494339348748e-06
8.327000000000000000e+03,1.397106416334281676e-06
8.328000000000000000e+03,1.397039227413188200e-06
8.329000000000000000e+03,1.396877451043110341e-06
8.330000000000000000e+03,1.396803554598591290e-06
8.331000000000000000e+03,1.396590619151538704e-06
8.332000000000000000e+03,1.396456127622514032e-06
8.333000000000000000e+03,1.396089942318212707e-06
8.334000000000000000e+03,1.395725689690152649e-06
8.335000000000000000e+03,1.395837784912146162e-06
8.336000000000000000e+03,1.395575850438035559e-06
8.337000000000000000e+03,1.395331651110609528e-06
8.338000000000000000e+03,1.395197728015773464e-06
8.339000000000000000e+03,1.395004119331133552e-06
8.340000000000000000e+03,1.394500031892675906e-06
8.341000000000000000e+03,1.394055175296671223e-06
8.342000000000000000e+03,1.393677848682273179e-06
8.343000000000000000e+03,1.393234356328321155e-06
8.344000000000000000e+03,1.392933313582034316e-06
8.345000000000000000e+03,1.392662625221419148e-06
8.346000000000000000e+03,1.392352032780763693e-06
8.347000000000000000e+03,1.391825549035274889e-06
8.348000000000000000e+03,1.391469595546368510e-06
8.349000000000000000e+03,1.391183673149498645e-06
8.350000000000000000e+03,1.390904799336567521e-06
8.351000000000000000e+03,1.390684474245063029e-06
8.352000000000000000e+03,1.390358193020801991e-06
8.353000000000000000e+03,1.390021907354821451e-06
8.354000000000000000e+03,1.389765429848921485e-06
8.355000000000000000e+03,1.389525323247653432e-06
8.356000000000000000e+03,1.389400154039321933e-06
8.357000000000000000e+03,1.389122985528956633e-06
8.358000000000000000e+03,1.388921873513027094e-06
8.359000000000000000e+03,1.388562054671638180e-06
8.360000000000000000e+03,1.388481678077368997e-06
8.361000000000000000e+03,1.388057967233180534e-06
8.362000000000000000e+03,1.387907900607388001e-06
8.363000000000000000e+03,1.387677343700488564e-06
8.364000000000000000e+03,1.387522274853836279e-06
8.365000000000000000e+03,1.387333099955867510e-06
8.366000000000000000e+03,1.387149268339271657e-06
8.367000000000000000e+03,1.386977373840636574e-06
8.368000000000000000e+03,1.386687472404446453e-06
8.369000000000000000e+03,1.386669282510410994e-06
8.370000000000000000e+03,1.386435542372055352e-06
8.371000000000000000e+03,1.386227040711673908e-06
8.372000000000000000e+03,1.385998189107340295e-06
8.373000000000000000e+03,1.385616656079946551e-06
8.374000000000000000e+03,1.385022528666013386e-06
8.375000000000000000e+03,1.384825964123592712e-06
8.376000000000000000e+03,1.384488768962910399e-06
8.377000000000000000e+03,1.384454435537918471e-06
8.378000000000000000e+03,1.384304482598963659e-06
8.379000000000000000e+03,1.383956714562373236e-06
8.380000000000000000e+03,1.383781295771768782e-06
8.381000000000000000e+03,1.383558583256672136e-06
8.382000000000000000e+03,1.383159087708918378e-06
8.383000000000000000e+03,1.382914547320979182e-06
8.384000000000000000e+03,1.383011067446204834e-06
8.385000000000000000e+03,1.382737991661997512e-06
8.386000000000000000e+03,1.382623963763762731e-06
8.387000000000000000e+03,1.382460027343768161e-06
8.388000000000000000e+03,1.382297227792150807e-06
8.389000000000000000e+03,1.382169330099713989e-06
8.390000000000000000e+03,1.381927404509042390e-06
8.391000000000000000e+03,1.381773927278118208e-06
8.392000000000000000e+03,1.381469701300375164e-06
8.393000000000000000e+03,1.381188553750689607e-06
8.394000000000000000e+03,1.380887283630727325e-06
8.395000000000000000e+03,1.380724256705434527e-06
8.396000000000000000e+03,1.380466528644319624e-06
8.397000000000000000e+03,1.380066578349214979e-06
8.398000000000000000e+03,1.379815671498363372e-06
8.399000000000000000e+03,1.379460741190996487e-06
8.400000000000000000e+03,1.379019181513285730e-06
8.401000000000000000e+03,1.378642991767264903e-06
8.402000000000000000e+03,1.378434717480558902e-06
8.403000000000000000e+03,1.378193474010913633e-06
8.404000000000000000e+03,1.377903345201048069e-06
8.405000000000000000e+03,1.377576381855760701e-06
8.406000000000000000e+03,1.377280796077684499e-06
8.407000000000000000e+03,1.376950763187778648e-06
8.408000000000000000e+03,1.376654950036027003e-06
8.409000000000000000e+03,1.376383011120196898e-06
8.410000000000000000e+03,1.376106069983507041e-06
8.411000000000000000e+03,1.375922693114262074e-06
8.412000000000000000e+03,1.375669853587169200e-06
8.413000000000000000e+03,1.375329361508192960e-06
8.414000000000000000e+03,1.374785597363370471e-06
8.415000000000000000e+03,1.374347903038142249e-06
8.416000000000000000e+03,1.373966370010748506e-06
8.417000000000000000e+03,1.374029579892521724e-06
8.418000000000000000e+03,1.373644181512645446e-06
8.419000000000000000e+03,1.373220811728970148e-06
8.420000000000000000e+03,1.372906126562156714e-06
8.421000000000000000e+03,1.372580641145759728e-06
8.422000000000000000e+03,1.372387600895308424e-06
8.423000000000000000e+03,1.372145902678312268e-06
8.424000000000000000e+03,1.372034148516831920e-06
8.425000000000000000e+03,1.371653752357815392e-06
8.426000000000000000e+03,1.371483335788070690e-06
8.427000000000000000e+03,1.371179564557678532e-06
8.428000000000000000e+03,1.370961399516090751e-06
8.429000000000000000e+03,1.370661834698694292e-06
8.430000000000000000e+03,1.370491304442111868e-06
8.431000000000000000e+03,1.370367726849508472e-06
8.432000000000000000e+03,1.370079985463235062e-06
8.433000000000000000e+03,1.369729034195188433e-06
8.434000000000000000e+03,1.369676738249836490e-06
8.435000000000000000e+03,1.369535766571061686e-06
8.436000000000000000e+03,1.369258484373858664e-06
8.437000000000000000e+03,1.369029519082687330e-06
8.438000000000000000e+03,1.368855123473622371e-06
8.439000000000000000e+03,1.368682546853960957e-06
8.440000000000000000e+03,1.368425841974385548e-06
8.441000000000000000e+03,1.368241782984114252e-06
8.442000000000000000e+03,1.368037715110403951e-06
8.443000000000000000e+03,1.367666641272080597e-06
8.444000000000000000e+03,1.368028620163386222e-06
8.445000000000000000e+03,1.367476670566247776e-06
8.446000000000000000e+03,1.367149366160447244e-06
8.447000000000000000e+03,1.366847982353647240e-06
8.448000000000000000e+03,1.366612423225888051e-06
8.449000000000000000e+03,1.366256469736981671e-06
8.450000000000000000e+03,1.365829575661337003e-06
8.451000000000000000e+03,1.367110598948784173e-06
8.452000000000000000e+03,1.365562525279528927e-06
8.453000000000000000e+03,1.365273305964365136e-06
8.454000000000000000e+03,1.365116986562497914e-06
8.455000000000000000e+03,1.364892000310646836e-06
8.456000000000000000e+03,1.364409058624005411e-06
8.457000000000000000e+03,1.364499553346831817e-06
8.458000000000000000e+03,1.364134391224069986e-06
8.459000000000000000e+03,1.363760929962154478e-06
8.460000000000000000e+03,1.363326873615733348e-06
8.461000000000000000e+03,1.363154183309234213e-06
8.462000000000000000e+03,1.362941816296370234e-06
8.463000000000000000e+03,1.362653847536421381e-06
8.464000000000000000e+03,1.362302668894699309e-06
8.465000000000000000e+03,1.362011744276969694e-06
8.466000000000000000e+03,1.361626686957606580e-06
8.467000000000000000e+03,1.362144530503428541e-06
8.468000000000000000e+03,1.361437739433313254e-06
8.469000000000000000e+03,1.361280965284095146e-06
8.470000000000000000e+03,1.361084400741674472e-06
8.471000000000000000e+03,1.360888973067631014e-06
8.472000000000000000e+03,1.360574970021843910e-06
8.473000000000000000e+03,1.360309966003114823e-06
8.474000000000000000e+03,1.359972770842432510e-06
8.475000000000000000e+03,1.359830207547929604e-06
8.476000000000000000e+03,1.359682755719404668e-06
8.477000000000000000e+03,1.359530074296344537e-06
8.478000000000000000e+03,1.359317479909805115e-06
8.479000000000000000e+03,1.359174916615302209e-06
8.480000000000000000e+03,1.358871486445423216e-06
8.481000000000000000e+03,1.358696067654818762e-06
8.482000000000000000e+03,1.358445501864480320e-06
8.483000000000000000e+03,1.358314989374775905e-06
8.484000000000000000e+03,1.358094095849082805e-06
8.485000000000000000e+03,1.357820337943849154e-06
8.486000000000000000e+03,1.357921405542583670e-06
8.487000000000000000e+03,1.357737914986500982e-06
8.488000000000000000e+03,1.357532823931251187e-06
8.489000000000000000e+03,1.357318410555308219e-06
8.490000000000000000e+03,1.356970187771366909e-06
8.491000000000000000e+03,1.356677330477396026e-06
8.492000000000000000e+03,1.356318193757033441e-06
8.493000000000000000e+03,1.356118218609481119e-06
8.494000000000000000e+03,1.355958602289319970e-06
8.495000000000000000e+03,1.355739414066192694e-06
8.496000000000000000e+03,1.355387780677119736e-06
8.497000000000000000e+03,1.355173822048527654e-06
8.498000000000000000e+03,1.354909727524500340e-06
8.499000000000000000e+03,1.354392793473380152e-06
8.500000000000000000e+03,1.354064011138689239e-06
8.501000000000000000e+03,1.353444304186268710e-06
8.502000000000000000e+03,1.353407242277171463e-06
8.503000000000000000e+03,1.353030597783799749e-06
8.504000000000000000e+03,1.352861886516620871e-06
8.505000000000000000e+03,1.352573121948807966e-06
8.506000000000000000e+03,1.352393041997856926e-06
8.507000000000000000e+03,1.352049594061099924e-06
8.508000000000000000e+03,1.351872697341605090e-06
8.509000000000000000e+03,1.351504806734737940e-06
8.510000000000000000e+03,1.351309151687019039e-06
8.511000000000000000e+03,1.351011974293214735e-06
8.512000000000000000e+03,1.350769366581516806e-06
8.513000000000000000e+03,1.350584057036030572e-06
8.514000000000000000e+03,1.350417505818768404e-06
8.515000000000000000e+03,1.350058369098405819e-06
8.516000000000000000e+03,1.349787567050952930e-06
8.517000000000000000e+03,1.349507670056482311e-06
8.518000000000000000e+03,1.349332706013228744e-06
8.519000000000000000e+03,1.349118178950448055e-06
8.520000000000000000e+03,1.348988348581769969e-06
8.521000000000000000e+03,1.348730734207492787e-06
8.522000000000000000e+03,1.348468117612355854e-06
8.523000000000000000e+03,1.348107616649940610e-06
8.524000000000000000e+03,1.347888201053137891e-06
8.525000000000000000e+03,1.347491547676327173e-06
8.526000000000000000e+03,1.347192096545768436e-06
8.527000000000000000e+03,1.346797262158361264e-06
8.528000000000000000e+03,1.346566932625137269e-06
8.529000000000000000e+03,1.346217459285981022e-06
8.530000000000000000e+03,1.345928239970817231e-06
8.531000000000000000e+03,1.346121848655457143e-06
8.532000000000000000e+03,1.345804889751889277e-06
8.533000000000000000e+03,1.345508962913299911e-06
8.534000000000000000e+03,1.345096166005532723e-06
8.535000000000000000e+03,1.345256805507233366e-06
8.536000000000000000e+03,1.344952920590003487e-06
8.537000000000000000e+03,1.344717588835919742e-06
8.538000000000000000e+03,1.344555244031653274e-06
8.539000000000000000e+03,1.344188262919487897e-06
8.540000000000000000e+03,1.343966118838579860e-06
8.541000000000000000e+03,1.343835265288362280e-06
8.542000000000000000e+03,1.343477606496890076e-06
8.543000000000000000e+03,1.343248413832043298e-06
8.544000000000000000e+03,1.343049575552868191e-06
8.545000000000000000e+03,1.342653149549732916e-06
8.546000000000000000e+03,1.342507857771124691e-06
8.547000000000000000e+03,1.341987740488548297e-06
8.548000000000000000e+03,1.341709662483481225e-06
8.549000000000000000e+03,1.341293227596906945e-06
8.550000000000000000e+03,1.340792891824094113e-06
8.551000000000000000e+03,1.342103587376186624e-06
8.552000000000000000e+03,1.340615426670410670e-06
8.553000000000000000e+03,1.340352923762111459e-06
8.554000000000000000e+03,1.340199901278538164e-06
8.555000000000000000e+03,1.339943423772638198e-06
8.556000000000000000e+03,1.339537220701458864e-06
8.557000000000000000e+03,1.339551431556174066e-06
8.558000000000000000e+03,1.339329628535779193e-06
8.559000000000000000e+03,1.339096343144774437e-06
8.560000000000000000e+03,1.338943320661201142e-06
8.561000000000000000e+03,1.338865445177361835e-06
8.562000000000000000e+03,1.338584183940838557e-06
8.563000000000000000e+03,1.338252445748366881e-06
8.564000000000000000e+03,1.337996081929304637e-06
8.565000000000000000e+03,1.337765979769756086e-06
8.566000000000000000e+03,1.337643766419205349e-06
8.567000000000000000e+03,1.337355456598743331e-06
8.568000000000000000e+03,1.337036337645258754e-06
8.569000000000000000e+03,1.336719947175879497e-06
8.570000000000000000e+03,1.336382410954684019e-06
8.571000000000000000e+03,1.336170953436521813e-06
8.572000000000000000e+03,1.335822844339418225e-06
8.573000000000000000e+03,1.336172772425925359e-06
8.574000000000000000e+03,1.335719389317091554e-06
8.575000000000000000e+03,1.335591264250979293e-06
8.576000000000000000e+03,1.335163574367470574e-06
8.577000000000000000e+03,1.334913349637645297e-06
8.578000000000000000e+03,1.334561829935410060e-06
8.579000000000000000e+03,1.334276248599053361e-06
8.580000000000000000e+03,1.333904720013379119e-06
8.581000000000000000e+03,1.333576733486552257e-06
8.582000000000000000e+03,1.333172008344263304e-06
8.583000000000000000e+03,1.332848796664620750e-06
8.584000000000000000e+03,1.332572082901606336e-06
8.585000000000000000e+03,1.332162014477944467e-06
8.586000000000000000e+03,1.331831981588038616e-06
8.587000000000000000e+03,1.331570501861278899e-06
8.588000000000000000e+03,1.331347561972506810e-06
8.589000000000000000e+03,1.331112457592098508e-06
8.590000000000000000e+03,1.330987061010091566e-06
8.591000000000000000e+03,1.330731947746244259e-06
8.592000000000000000e+03,1.330595637227816042e-06
8.593000000000000000e+03,1.330233772023348138e-06
8.594000000000000000e+03,1.329974338659667410e-06
8.595000000000000000e+03,1.329712858932907693e-06
8.596000000000000000e+03,1.329344399891851936e-06
8.597000000000000000e+03,1.330039594904519618e-06
8.598000000000000000e+03,1.329217866441467777e-06
8.599000000000000000e+03,1.328953771917440463e-06
8.600000000000000000e+03,1.328550638390879612e-06
8.601000000000000000e+03,1.328341795669985004e-06
8.602000000000000000e+03,1.328231633124232758e-06
8.603000000000000000e+03,1.327774612036591861e-06
8.604000000000000000e+03,1.327632048742088955e-06
8.605000000000000000e+03,1.327341465184872504e-06
8.606000000000000000e+03,1.327206064161146060e-06
8.607000000000000000e+03,1.327043946730555035e-06
8.608000000000000000e+03,1.327296104136621580e-06
8.609000000000000000e+03,1.327015297647449188e-06
8.610000000000000000e+03,1.326842038906761445e-06
8.611000000000000000e+03,1.326667188550345600e-06
8.612000000000000000e+03,1.326460619566205423e-06
8.613000000000000000e+03,1.326206188423384447e-06
8.614000000000000000e+03,1.326034180237911642e-06
8.615000000000000000e+03,1.325831362919416279e-06
8.616000000000000000e+03,1.325662537965399679e-06
8.617000000000000000e+03,1.325404696217447054e-06
8.618000000000000000e+03,1.325082962466694880e-06
8.619000000000000000e+03,1.324863433183054440e-06
8.620000000000000000e+03,1.324557274529070128e-06
8.621000000000000000e+03,1.324385607404110488e-06
8.622000000000000000e+03,1.324018626291945111e-06
8.623000000000000000e+03,1.323588094237493351e-06
8.624000000000000000e+03,1.323515789408702403e-06
8.625000000000000000e+03,1.322858224739320576e-06
8.626000000000000000e+03,1.322649950452614576e-06
8.627000000000000000e+03,1.322380512647214346e-06
8.628000000000000000e+03,1.322034222539514303e-06
8.629000000000000000e+03,1.322019102190097328e-06
8.630000000000000000e+03,1.321800937148509547e-06
8.631000000000000000e+03,1.321450440627813805e-06
8.632000000000000000e+03,1.321216473115782719e-06
8.633000000000000000e+03,1.320850628871994559e-06
8.634000000000000000e+03,1.320510364166693762e-06
8.635000000000000000e+03,1.320142700933502056e-06
8.636000000000000000e+03,1.319729449278383981e-06
8.637000000000000000e+03,1.319424768553290050e-06
8.638000000000000000e+03,1.318916474701836705e-06
8.639000000000000000e+03,1.318453769272309728e-06
8.640000000000000000e+03,1.318109980275039561e-06
8.641000000000000000e+03,1.317727537752944045e-06
8.642000000000000000e+03,1.317487885899026878e-06
8.643000000000000000e+03,1.316794737249438185e-06
8.644000000000000000e+03,1.316909333581861574e-06
8.645000000000000000e+03,1.316653992944338825e-06
8.646000000000000000e+03,1.316397401751601137e-06
8.647000000000000000e+03,1.316171164944535121e-06
8.648000000000000000e+03,1.315855797656695358e-06
8.649000000000000000e+03,1.315938334300881252e-06
8.650000000000000000e+03,1.315527015322004445e-06
8.651000000000000000e+03,1.315135932600242086e-06
8.652000000000000000e+03,1.314803512286744080e-06
8.653000000000000000e+03,1.314480641667614691e-06
8.654000000000000000e+03,1.314104224547918420e-06
8.655000000000000000e+03,1.313808184022491332e-06
8.656000000000000000e+03,1.313416760240215808e-06
8.657000000000000000e+03,1.313209054387698416e-06
8.658000000000000000e+03,1.313041366302059032e-06
8.659000000000000000e+03,1.312585823143308517e-06
8.660000000000000000e+03,1.312795575358904898e-06
8.661000000000000000e+03,1.312402218900388107e-06
8.662000000000000000e+03,1.312038307332841214e-06
8.663000000000000000e+03,1.311895516664662864e-06
8.664000000000000000e+03,1.311566620643134229e-06
8.665000000000000000e+03,1.312074232373561244e-06
8.666000000000000000e+03,1.311428832195815630e-06
8.667000000000000000e+03,1.311053210883983411e-06
8.668000000000000000e+03,1.310634729634330142e-06
8.669000000000000000e+03,1.310334937443258241e-06
8.670000000000000000e+03,1.310167476731294300e-06
8.671000000000000000e+03,1.309933395532425493e-06
8.672000000000000000e+03,1.309703861807065550e-06
8.673000000000000000e+03,1.309322215092834085e-06
8.674000000000000000e+03,1.309179538111493457e-06
8.675000000000000000e+03,1.308743890149344224e-06
8.676000000000000000e+03,1.308191599491692614e-06
8.677000000000000000e+03,1.308269247601856478e-06
8.678000000000000000e+03,1.307785737481026445e-06
8.679000000000000000e+03,1.307384422943869140e-06
8.680000000000000000e+03,1.307047000409511384e-06
8.681000000000000000e+03,1.306812123402778525e-06
8.682000000000000000e+03,1.306123863287211861e-06
8.683000000000000000e+03,1.306040076087811030e-06
8.684000000000000000e+03,1.305499495174444746e-06
8.685000000000000000e+03,1.305340447288472205e-06
8.686000000000000000e+03,1.305119099015428219e-06
8.687000000000000000e+03,1.304738020735385362e-06
8.688000000000000000e+03,1.304377178712456953e-06
8.689000000000000000e+03,1.304125021306390408e-06
8.690000000000000000e+03,1.303886392634012736e-06
8.691000000000000000e+03,1.303679255215683952e-06
8.692000000000000000e+03,1.303312387790356297e-06
8.693000000000000000e+03,1.303010776609880850e-06
8.694000000000000000e+03,1.302719624618475791e-06
8.695000000000000000e+03,1.302238160860724747e-06
8.696000000000000000e+03,1.301799557040794753e-06
8.697000000000000000e+03,1.301301495004736353e-06
8.698000000000000000e+03,1.301021370636590291e-06
8.699000000000000000e+03,1.300542976423457731e-06
8.700000000000000000e+03,1.302066607422602829e-06
8.701000000000000000e+03,1.300328449360677041e-06
8.702000000000000000e+03,1.299996256420854479e-06
8.703000000000000000e+03,1.299286964240309317e-06
8.704000000000000000e+03,1.298626216339471284e-06
8.705000000000000000e+03,1.298036067964858375e-06
8.706000000000000000e+03,1.298962502005451825e-06
8.707000000000000000e+03,1.297866560889815446e-06
8.708000000000000000e+03,1.297587118642695714e-06
8.709000000000000000e+03,1.297301423619501293e-06
8.710000000000000000e+03,1.296945129070081748e-06
8.711000000000000000e+03,1.296273921980173327e-06
8.712000000000000000e+03,1.296421942242886871e-06
8.713000000000000000e+03,1.296048935728322249e-06
8.714000000000000000e+03,1.295824517910659779e-06
8.715000000000000000e+03,1.295626134378835559e-06
8.716000000000000000e+03,1.295452079830283765e-06
8.717000000000000000e+03,1.295127731282263994e-06
8.718000000000000000e+03,1.294863523071398959e-06
8.719000000000000000e+03,1.294473918278526980e-06
8.720000000000000000e+03,1.294254275308048818e-06
8.721000000000000000e+03,1.294026787945767865e-06
8.722000000000000000e+03,1.293708805860660505e-06
8.723000000000000000e+03,1.294297931053733919e-06
8.724000000000000000e+03,1.293680497838067822e-06
8.725000000000000000e+03,1.293390937462390866e-06
8.726000000000000000e+03,1.293171408178750426e-06
8.727000000000000000e+03,1.292934484808938578e-06
8.728000000000000000e+03,1.292845581701840274e-06
8.729000000000000000e+03,1.292528054364083800e-06
8.730000000000000000e+03,1.292332285629527178e-06
8.731000000000000000e+03,1.292213937631458975e-06
8.732000000000000000e+03,1.291845137529890053e-06
8.733000000000000000e+03,1.291345256504428107e-06
8.734000000000000000e+03,1.291880607823259197e-06
8.735000000000000000e+03,1.291116745960607659e-06
8.736000000000000000e+03,1.290778413931548130e-06
8.737000000000000000e+03,1.290452246394124813e-06
8.738000000000000000e+03,1.290091176997520961e-06
8.739000000000000000e+03,1.289381657443300355e-06
8.740000000000000000e+03,1.288929183829168323e-06
8.741000000000000000e+03,1.288123712583910674e-06
8.742000000000000000e+03,1.287719555875810329e-06
8.743000000000000000e+03,1.287327108911995310e-06
8.744000000000000000e+03,1.286556425839080475e-06
8.745000000000000000e+03,1.286209567297191825e-06
8.746000000000000000e+03,1.285266876038804185e-06
8.747000000000000000e+03,1.284925588151963893e-06
8.748000000000000000e+03,1.284700147152761929e-06
8.749000000000000000e+03,1.284525183109508362e-06
8.750000000000000000e+03,1.284097834286512807e-06
8.751000000000000000e+03,1.283654569306236226e-06
8.752000000000000000e+03,1.283310211874777451e-06
8.753000000000000000e+03,1.282927428292168770e-06
8.754000000000000000e+03,1.282517928302695509e-06
8.755000000000000000e+03,1.282163339055841789e-06
8.756000000000000000e+03,1.281847403333813418e-06
8.757000000000000000e+03,1.281497816307819448e-06
8.758000000000000000e+03,1.281412551179528236e-06
8.759000000000000000e+03,1.281249865314748604e-06
8.760000000000000000e+03,1.281039430978125893e-06
8.761000000000000000e+03,1.280892206523276400e-06
8.762000000000000000e+03,1.280498736377921887e-06
8.763000000000000000e+03,1.280171659345796797e-06
8.764000000000000000e+03,1.279742946280748583e-06
8.765000000000000000e+03,1.279641992368851788e-06
8.766000000000000000e+03,1.279445200452755671e-06
8.767000000000000000e+03,1.279201683246355969e-06
8.768000000000000000e+03,1.278816739613830578e-06
8.769000000000000000e+03,1.278817876482207794e-06
8.770000000000000000e+03,1.278387458114593755e-06
8.771000000000000000e+03,1.278118588743382134e-06
8.772000000000000000e+03,1.277971250601694919e-06
8.773000000000000000e+03,1.277799583476735279e-06
8.774000000000000000e+03,1.277503201890795026e-06
8.775000000000000000e+03,1.277146907341375481e-06
8.776000000000000000e+03,1.276892703572229948e-06
8.777000000000000000e+03,1.276304715247533750e-06
8.778000000000000000e+03,1.276124407922907267e-06
8.779000000000000000e+03,1.275962063118640799e-06
8.780000000000000000e+03,1.275775275644264184e-06
8.781000000000000000e+03,1.275702857128635515e-06
8.782000000000000000e+03,1.275241743314836640e-06
8.783000000000000000e+03,1.275087470276048407e-06
8.784000000000000000e+03,1.274923761229729280e-06
8.785000000000000000e+03,1.274727424060984049e-06
8.786000000000000000e+03,1.274534156436857302e-06
8.787000000000000000e+03,1.274312694476975594e-06
8.788000000000000000e+03,1.274201054002332967e-06
8.789000000000000000e+03,1.273943325941218063e-06
8.790000000000000000e+03,1.273588395633851178e-06
8.791000000000000000e+03,1.273070324714353774e-06
8.792000000000000000e+03,1.273070097340678331e-06
8.793000000000000000e+03,1.272828512810519896e-06
8.794000000000000000e+03,1.272490749215648975e-06
8.795000000000000000e+03,1.272218810299818870e-06
8.796000000000000000e+03,1.272046006306482013e-06
8.797000000000000000e+03,1.271955284209980164e-06
8.798000000000000000e+03,1.271582164008577820e-06
8.799000000000000000e+03,1.271420273951662239e-06
8.800000000000000000e+03,1.270967004529666156e-06
8.801000000000000000e+03,1.272474378311017063e-06
8.802000000000000000e+03,1.270897655558655970e-06
8.803000000000000000e+03,1.270733719138661399e-06
8.804000000000000000e+03,1.270429265787242912e-06
8.805000000000000000e+03,1.270163807021162938e-06
8.806000000000000000e+03,1.269860263164446224e-06
8.807000000000000000e+03,1.269566155315260403e-06
8.808000000000000000e+03,1.269264998882135842e-06
8.809000000000000000e+03,1.269070935450145043e-06
8.810000000000000000e+03,1.268925302611023653e-06
8.811000000000000000e+03,1.268763071493594907e-06
8.812000000000000000e+03,1.268610049010021612e-06
8.813000000000000000e+03,1.268451796931913123e-06
8.814000000000000000e+03,1.268401888410153333e-06
8.815000000000000000e+03,1.268316054847673513e-06
8.816000000000000000e+03,1.268086521122313570e-06
8.817000000000000000e+03,1.267913148694788106e-06
8.818000000000000000e+03,1.267752168132574297e-06
8.819000000000000000e+03,1.267593688680790365e-06
8.820000000000000000e+03,1.267468519472458865e-06
8.821000000000000000e+03,1.267344487132504582e-06
8.822000000000000000e+03,1.267224320145032834e-06
8.823000000000000000e+03,1.267009110961225815e-06
8.824000000000000000e+03,1.266850290448928718e-06
8.825000000000000000e+03,1.266854951609275304e-06
8.826000000000000000e+03,1.266708181901776697e-06
8.827000000000000000e+03,1.266594836124568246e-06
8.828000000000000000e+03,1.266497065444127657e-06
8.829000000000000000e+03,1.266358253815269563e-06
8.830000000000000000e+03,1.266199546989810187e-06
8.831000000000000000e+03,1.265950459128362127e-06
8.832000000000000000e+03,1.265840865016798489e-06
8.833000000000000000e+03,1.265636910829925910e-06
8.834000000000000000e+03,1.265496734959015157e-06
8.835000000000000000e+03,1.265396122107631527e-06
8.836000000000000000e+03,1.265225591851049103e-06
8.837000000000000000e+03,1.265020955543150194e-06
8.838000000000000000e+03,1.265598257305100560e-06
8.839000000000000000e+03,1.264951038137951400e-06
8.840000000000000000e+03,1.264874867956677917e-06
8.841000000000000000e+03,1.264804268430452794e-06
8.842000000000000000e+03,1.264624643226852641e-06
8.843000000000000000e+03,1.264431375602725893e-06
8.844000000000000000e+03,1.264215256924217101e-06
8.845000000000000000e+03,1.263808599105686881e-06
8.846000000000000000e+03,1.263548142560466658e-06
8.847000000000000000e+03,1.263455715161398984e-06
8.848000000000000000e+03,1.263275976270961110e-06
8.849000000000000000e+03,1.263128069695085287e-06
8.850000000000000000e+03,1.262927412426506635e-06
8.851000000000000000e+03,1.262857949768658727e-06
8.852000000000000000e+03,1.262617161046364345e-06
8.853000000000000000e+03,1.262434807358658873e-06
8.854000000000000000e+03,1.262294290427234955e-06
8.855000000000000000e+03,1.262177761418570299e-06
8.856000000000000000e+03,1.262056457562721334e-06
8.857000000000000000e+03,1.261811007680080365e-06
8.858000000000000000e+03,1.261613647329795640e-06
8.859000000000000000e+03,1.261366151084075682e-06
8.860000000000000000e+03,1.261163106391904876e-06
8.861000000000000000e+03,1.261084321413363796e-06
8.862000000000000000e+03,1.260873546016227920e-06
8.863000000000000000e+03,1.260685735360311810e-06
8.864000000000000000e+03,1.260398335034551565e-06
8.865000000000000000e+03,1.260255885426886380e-06
8.866000000000000000e+03,1.260069325326185208e-06
8.867000000000000000e+03,1.259969735656341072e-06
8.868000000000000000e+03,1.259767600458872039e-06
8.869000000000000000e+03,1.259582177226548083e-06
8.870000000000000000e+03,1.259420628230145667e-06
8.871000000000000000e+03,1.259390387531311717e-06
8.872000000000000000e+03,1.259255441254936159e-06
8.873000000000000000e+03,1.259216674043273088e-06
8.874000000000000000e+03,1.259052396562765352e-06
8.875000000000000000e+03,1.258954625882324763e-06
8.876000000000000000e+03,1.258656425306980964e-06
8.877000000000000000e+03,1.259261921404686291e-06
8.878000000000000000e+03,1.258520569535903633e-06
8.879000000000000000e+03,1.258379938917641994e-06
8.880000000000000000e+03,1.258216684618673753e-06
8.881000000000000000e+03,1.258053430319705512e-06
8.882000000000000000e+03,1.257926214748295024e-06
8.883000000000000000e+03,1.257737039850326255e-06
8.884000000000000000e+03,1.257454414371750318e-06
8.885000000000000000e+03,1.257143594557419419e-06
8.886000000000000000e+03,1.256740233657183126e-06
8.887000000000000000e+03,1.256448172171076294e-06
8.888000000000000000e+03,1.256219661627255846e-06
8.889000000000000000e+03,1.255707047675969079e-06
8.890000000000000000e+03,1.255759343621321023e-06
8.891000000000000000e+03,1.255559368473768700e-06
8.892000000000000000e+03,1.255401457456173375e-06
8.893000000000000000e+03,1.255085180673631839e-06
8.894000000000000000e+03,1.254711833098554052e-06
8.895000000000000000e+03,1.254526182492554653e-06
8.896000000000000000e+03,1.254304265785322059e-06
8.897000000000000000e+03,1.254101448466826696e-06
8.898000000000000000e+03,1.253911477760993876e-06
8.899000000000000000e+03,1.253542336598911788e-06
8.900000000000000000e+03,1.253911477760993876e-06
8.901000000000000000e+03,1.253491859642963391e-06
8.902000000000000000e+03,1.253224581887479872e-06
8.903000000000000000e+03,1.253049504157388583e-06
8.904000000000000000e+03,1.252833271792042069e-06
8.905000000000000000e+03,1.252722768185776658e-06
8.906000000000000000e+03,1.252627157555252779e-06
8.907000000000000000e+03,1.252514152838557493e-06
8.908000000000000000e+03,1.252399556506134104e-06
8.909000000000000000e+03,1.252186166311730631e-06
8.910000000000000000e+03,1.251905018762045074e-06
8.911000000000000000e+03,1.251700155080470722e-06
8.912000000000000000e+03,1.251567482540849596e-06
8.913000000000000000e+03,1.251443450200895313e-06
8.914000000000000000e+03,1.251246999345312361e-06
8.915000000000000000e+03,1.251077264896593988e-06
8.916000000000000000e+03,1.250844206879264675e-06
8.917000000000000000e+03,1.250562263521715067e-06
8.918000000000000000e+03,1.250365130545105785e-06
8.919000000000000000e+03,1.250166178579092957e-06
8.920000000000000000e+03,1.249946421921777073e-06
8.921000000000000000e+03,1.249685851689719129e-06
8.922000000000000000e+03,1.249430511052196380e-06
8.923000000000000000e+03,1.249244292012008373e-06
8.924000000000000000e+03,1.249170168193813879e-06
8.925000000000000000e+03,1.248934836439730134e-06
8.926000000000000000e+03,1.248599232894775923e-06
8.927000000000000000e+03,1.248396415576280560e-06
8.928000000000000000e+03,1.248227476935426239e-06
8.929000000000000000e+03,1.248074909199203830e-06
8.930000000000000000e+03,1.247953719030192588e-06
8.931000000000000000e+03,1.247842646989738569e-06
8.932000000000000000e+03,1.247692352990270592e-06
8.933000000000000000e+03,1.247557065653381869e-06
8.934000000000000000e+03,1.247283762495499104e-06
8.935000000000000000e+03,1.247100385626254138e-06
8.936000000000000000e+03,1.246974534296896309e-06
8.937000000000000000e+03,1.247340605914359912e-06
8.938000000000000000e+03,1.246841407009924296e-06
8.939000000000000000e+03,1.246661895493161865e-06
8.940000000000000000e+03,1.246599254045577254e-06
8.941000000000000000e+03,1.246421220457705203e-06
8.942000000000000000e+03,1.246315719072299544e-06
8.943000000000000000e+03,1.246091528628312517e-06
8.944000000000000000e+03,1.245954990736208856e-06
8.945000000000000000e+03,1.245730913979059551e-06
8.946000000000000000e+03,1.245603129973460454e-06
8.947000000000000000e+03,1.245426915374991950e-06
8.948000000000000000e+03,1.245174757968925405e-06
8.949000000000000000e+03,1.244850295734067913e-06
8.950000000000000000e+03,1.244765257979452144e-06
8.951000000000000000e+03,1.244500936081749387e-06
8.952000000000000000e+03,1.244439090442028828e-06
8.953000000000000000e+03,1.244307668457622640e-06
8.954000000000000000e+03,1.244080408469017129e-06
8.955000000000000000e+03,1.243982410414901096e-06
8.956000000000000000e+03,1.243606902789906599e-06
8.957000000000000000e+03,1.243526298821961973e-06
8.958000000000000000e+03,1.243399310624226928e-06
8.959000000000000000e+03,1.243241513293469325e-06
8.960000000000000000e+03,1.243081328539119568e-06
8.961000000000000000e+03,1.242938083123590332e-06
8.962000000000000000e+03,1.242668531631352380e-06
8.963000000000000000e+03,1.242369194187631365e-06
8.964000000000000000e+03,1.242159896719385870e-06
8.965000000000000000e+03,1.242011194335645996e-06
8.966000000000000000e+03,1.241810309693391901e-06
8.967000000000000000e+03,1.241619088432344142e-06
8.968000000000000000e+03,1.241318500433408190e-06
8.969000000000000000e+03,1.241076915903249756e-06
8.970000000000000000e+03,1.241037580257398076e-06
8.971000000000000000e+03,1.240894903276057448e-06
8.972000000000000000e+03,1.240667302226938773e-06
8.973000000000000000e+03,1.240530991708510555e-06
8.974000000000000000e+03,1.240364326804410666e-06
8.975000000000000000e+03,1.240226424670254346e-06
8.976000000000000000e+03,1.240121719092712738e-06
8.977000000000000000e+03,1.239909579453524202e-06
8.978000000000000000e+03,1.239752805304306094e-06
8.979000000000000000e+03,1.239409129993873648e-06
8.980000000000000000e+03,1.239253833773545921e-06
8.981000000000000000e+03,1.239110247297503520e-06
8.982000000000000000e+03,1.239061248270445503e-06
8.983000000000000000e+03,1.238774757439387031e-06
8.984000000000000000e+03,1.238564664163277484e-06
8.985000000000000000e+03,1.238415165971673559e-06
8.986000000000000000e+03,1.238194158759142738e-06
8.987000000000000000e+03,1.238138338521821424e-06
8.988000000000000000e+03,1.237672790921351407e-06
8.989000000000000000e+03,1.237561264133546501e-06
8.990000000000000000e+03,1.237343440152471885e-06
8.991000000000000000e+03,1.237273636434110813e-06
8.992000000000000000e+03,1.237120841324212961e-06
8.993000000000000000e+03,1.237008746102219447e-06
8.994000000000000000e+03,1.236784328284556977e-06
8.995000000000000000e+03,1.236486923517077230e-06
8.996000000000000000e+03,1.236240336766059045e-06
8.997000000000000000e+03,1.236173829965991899e-06
8.998000000000000000e+03,1.236102207258227281e-06
8.999000000000000000e+03,1.235983745573321357e-06
9.000000000000000000e+03,1.235850618286349345e-06
9.001000000000000000e+03,1.235601871485414449e-06
9.002000000000000000e+03,1.235441686731064692e-06
9.003000000000000000e+03,1.235202830685011577e-06
9.004000000000000000e+03,1.234979890796239488e-06
9.005000000000000000e+03,1.234914748238225002e-06
9.006000000000000000e+03,1.234766159541322850e-06
9.007000000000000000e+03,1.234575393027625978e-06
9.008000000000000000e+03,1.234289243257080670e-06
9.009000000000000000e+03,1.234187038789968938e-06
9.010000000000000000e+03,1.233872239936317783e-06
9.011000000000000000e+03,1.233714669979235623e-06
9.012000000000000000e+03,1.233631905961374287e-06
9.013000000000000000e+03,1.233411808243545238e-06
9.014000000000000000e+03,1.233357920682465192e-06
9.015000000000000000e+03,1.233243438036879525e-06
9.016000000000000000e+03,1.233154307556105778e-06
9.017000000000000000e+03,1.233067450812086463e-06
9.018000000000000000e+03,1.232936028827680275e-06
9.019000000000000000e+03,1.232708314091723878e-06
9.020000000000000000e+03,1.232722411259601358e-06
9.021000000000000000e+03,1.232589966093655676e-06
9.022000000000000000e+03,1.232469230671995319e-06
9.023000000000000000e+03,1.232290060215746053e-06
9.024000000000000000e+03,1.232165345754765440e-06
9.025000000000000000e+03,1.232034378517710138e-06
9.026000000000000000e+03,1.231730493600480258e-06
9.027000000000000000e+03,1.231506416843330953e-06
9.028000000000000000e+03,1.231327473760757130e-06
9.029000000000000000e+03,1.231200144502508920e-06
9.030000000000000000e+03,1.230981524713570252e-06
9.031000000000000000e+03,1.230819748343492392e-06
9.032000000000000000e+03,1.230510292771214154e-06
9.033000000000000000e+03,1.230458906320563983e-06
9.034000000000000000e+03,1.230216071235190611e-06
9.035000000000000000e+03,1.230089765158481896e-06
9.036000000000000000e+03,1.229979261552216485e-06
9.037000000000000000e+03,1.229883537234854884e-06
9.038000000000000000e+03,1.229756662723957561e-06
9.039000000000000000e+03,1.229408894687367138e-06
9.040000000000000000e+03,1.229636040989134926e-06
9.041000000000000000e+03,1.229282702297496144e-06
9.042000000000000000e+03,1.229093868460040540e-06
9.043000000000000000e+03,1.228805217579065356e-06
9.044000000000000000e+03,1.228557380272832233e-06
9.045000000000000000e+03,1.228463588631711900e-06
9.046000000000000000e+03,1.228219161930610426e-06
9.047000000000000000e+03,1.228130940944538452e-06
9.048000000000000000e+03,1.227984853358066175e-06
9.049000000000000000e+03,1.227792495228641201e-06
9.050000000000000000e+03,1.227533402925473638e-06
9.051000000000000000e+03,1.227872303388721775e-06
9.052000000000000000e+03,1.227423013006045949e-06
9.053000000000000000e+03,1.227224629474221729e-06
9.054000000000000000e+03,1.227092525368789211e-06
9.055000000000000000e+03,1.226915742336132098e-06
9.056000000000000000e+03,1.226682911692478228e-06
9.057000000000000000e+03,1.226405288434762042e-06
9.058000000000000000e+03,1.226243853125197347e-06
9.059000000000000000e+03,1.225964524564915337e-06
9.060000000000000000e+03,1.225574692398367915e-06
9.061000000000000000e+03,1.225595497089670971e-06
9.062000000000000000e+03,1.225444634656014387e-06
9.063000000000000000e+03,1.225199866894399747e-06
9.064000000000000000e+03,1.225103119395498652e-06
9.065000000000000000e+03,1.224980451297597028e-06
9.066000000000000000e+03,1.224842321789765265e-06
9.067000000000000000e+03,1.224787069986632559e-06
9.068000000000000000e+03,1.224638936037081294e-06
9.069000000000000000e+03,1.224535367327916902e-06
9.070000000000000000e+03,1.224401444233080838e-06
9.071000000000000000e+03,1.224287188961170614e-06
9.072000000000000000e+03,1.224152583745308220e-06
9.073000000000000000e+03,1.223976937581028324e-06
9.074000000000000000e+03,1.223768663294322323e-06
9.075000000000000000e+03,1.223660660798486788e-06
9.076000000000000000e+03,1.223457729793153703e-06
9.077000000000000000e+03,1.223236267833271995e-06
9.078000000000000000e+03,1.223019353346899152e-06
9.079000000000000000e+03,1.222858259097847622e-06
9.080000000000000000e+03,1.222695459546230268e-06
9.081000000000000000e+03,1.222596097250061575e-06
9.082000000000000000e+03,1.222364176101109479e-06
9.083000000000000000e+03,1.222168066306039691e-06
9.084000000000000000e+03,1.222354740093578584e-06
9.085000000000000000e+03,1.222065748152090237e-06
9.086000000000000000e+03,1.221960928887710907e-06
9.087000000000000000e+03,1.221821435137826484e-06
9.088000000000000000e+03,1.221784259541891515e-06
9.089000000000000000e+03,1.221519482896837872e-06
9.090000000000000000e+03,1.221337129209132399e-06
9.091000000000000000e+03,1.220947297042584978e-06
9.092000000000000000e+03,1.220619765263109002e-06
9.093000000000000000e+03,1.220175818161806092e-06
9.094000000000000000e+03,1.219991986545210239e-06
9.095000000000000000e+03,1.219745854541542940e-06
9.096000000000000000e+03,1.220185254169336986e-06
9.097000000000000000e+03,1.219583623424114194e-06
9.098000000000000000e+03,1.219456294165865984e-06
9.099000000000000000e+03,1.219281898556801025e-06
9.100000000000000000e+03,1.218990860252233688e-06
9.101000000000000000e+03,1.218616830556129571e-06
9.102000000000000000e+03,1.220507328980602324e-06
9.103000000000000000e+03,1.218449483531003352e-06
9.104000000000000000e+03,1.218072156916605309e-06
9.105000000000000000e+03,1.217810677189845592e-06
9.106000000000000000e+03,1.217464046021632385e-06
9.107000000000000000e+03,1.217139924847288057e-06
9.108000000000000000e+03,1.216895611833024304e-06
9.109000000000000000e+03,1.216728037434222642e-06
9.110000000000000000e+03,1.216579221363645047e-06
9.111000000000000000e+03,1.216513282997766510e-06
9.112000000000000000e+03,1.216183932228886988e-06
9.113000000000000000e+03,1.216098212353244890e-06
9.114000000000000000e+03,1.215822976519120857e-06
9.115000000000000000e+03,1.215768861584365368e-06
9.116000000000000000e+03,1.215594920722651295e-06
9.117000000000000000e+03,1.215313318425614852e-06
9.118000000000000000e+03,1.217284079757519066e-06
9.119000000000000000e+03,1.215248403241275810e-06
9.120000000000000000e+03,1.214978510688524693e-06
9.121000000000000000e+03,1.214805251947836950e-06
9.122000000000000000e+03,1.214696112583624199e-06
9.123000000000000000e+03,1.214490225720510352e-06
9.124000000000000000e+03,1.214423605233605485e-06
9.125000000000000000e+03,1.214250573866593186e-06
9.126000000000000000e+03,1.214018311657127924e-06
9.127000000000000000e+03,1.213875293615274131e-06
9.128000000000000000e+03,1.213719201587082352e-06
9.129000000000000000e+03,1.213569362334965263e-06
9.130000000000000000e+03,1.213430664392944891e-06
9.131000000000000000e+03,1.213267978528165258e-06
9.132000000000000000e+03,1.213162249769084156e-06
9.133000000000000000e+03,1.213059135807270650e-06
9.134000000000000000e+03,1.212742404277378228e-06
9.135000000000000000e+03,1.212719325849320740e-06
9.136000000000000000e+03,1.212583811138756573e-06
9.137000000000000000e+03,1.212401912198401988e-06
9.138000000000000000e+03,1.212226493407797534e-06
9.139000000000000000e+03,1.215698148371302523e-06
9.140000000000000000e+03,1.212128836414194666e-06
9.141000000000000000e+03,1.211878611684369389e-06
9.142000000000000000e+03,1.211712628901295830e-06
9.143000000000000000e+03,1.211543235513090622e-06
9.144000000000000000e+03,1.211404651257907972e-06
9.145000000000000000e+03,1.211315407090296503e-06
9.146000000000000000e+03,1.211154312841244973e-06
9.147000000000000000e+03,1.210955929309420753e-06
9.148000000000000000e+03,1.210810410157137085e-06
9.149000000000000000e+03,1.210631467074563261e-06
9.150000000000000000e+03,1.210545974572596606e-06
9.151000000000000000e+03,1.210382265526277479e-06
9.152000000000000000e+03,1.210331333822978195e-06
9.153000000000000000e+03,1.210159666698018555e-06
9.154000000000000000e+03,1.210052687383722514e-06
9.155000000000000000e+03,1.210027903653099202e-06
9.156000000000000000e+03,1.209774268318142276e-06
9.157000000000000000e+03,1.209636366183985956e-06
9.158000000000000000e+03,1.209521997225238010e-06
9.159000000000000000e+03,1.209427750836766791e-06
9.160000000000000000e+03,1.209276888403110206e-06
9.161000000000000000e+03,1.209216407005442306e-06
9.162000000000000000e+03,1.209124320666887797e-06
9.163000000000000000e+03,1.208892058457422536e-06
9.164000000000000000e+03,1.208798039442626759e-06
9.165000000000000000e+03,1.208674575536861084e-06
9.166000000000000000e+03,1.208587832479679491e-06
9.167000000000000000e+03,1.208499043059418909e-06
9.168000000000000000e+03,1.208434582622430753e-06
9.169000000000000000e+03,1.208318167300603818e-06
9.170000000000000000e+03,1.208207891068013851e-06
9.171000000000000000e+03,1.208095795846020337e-06
9.172000000000000000e+03,1.207969830829824787e-06
9.173000000000000000e+03,1.207860123031423427e-06
9.174000000000000000e+03,1.207736090691469144e-06
9.175000000000000000e+03,1.207573745887202676e-06
9.176000000000000000e+03,1.207546802106662653e-06
9.177000000000000000e+03,1.207306354444881435e-06
9.178000000000000000e+03,1.207159016303194221e-06
9.179000000000000000e+03,1.207036689265805762e-06
9.180000000000000000e+03,1.206934598485531751e-06
9.181000000000000000e+03,1.206823867505590897e-06
9.182000000000000000e+03,1.206748834192694630e-06
9.183000000000000000e+03,1.206662091135513037e-06
9.184000000000000000e+03,1.206521460517251398e-06
9.185000000000000000e+03,1.206477691084728576e-06
9.186000000000000000e+03,1.206336037284927443e-06
9.187000000000000000e+03,1.206159254252270330e-06
9.188000000000000000e+03,1.206135380016348790e-06
9.189000000000000000e+03,1.205896182909782510e-06
9.190000000000000000e+03,1.205815692628675606e-06
9.191000000000000000e+03,1.205648004543036222e-06
9.192000000000000000e+03,1.205580815621942747e-06
9.193000000000000000e+03,1.205392891279188916e-06
9.194000000000000000e+03,1.205226794809277635e-06
9.195000000000000000e+03,1.205119133373955265e-06
9.196000000000000000e+03,1.205037733598146588e-06
9.197000000000000000e+03,1.204864474857458845e-06
9.198000000000000000e+03,1.204752493322303053e-06
9.199000000000000000e+03,1.204587192660255823e-06
9.200000000000000000e+03,1.204433715429331642e-06
9.201000000000000000e+03,1.204329123538627755e-06
9.202000000000000000e+03,1.204167915602738503e-06
9.203000000000000000e+03,1.204098907692241482e-06
9.204000000000000000e+03,1.203994315801537596e-06
9.205000000000000000e+03,1.203813781103235669e-06
9.206000000000000000e+03,1.203929969051387161e-06
9.207000000000000000e+03,1.203757392431725748e-06
9.208000000000000000e+03,1.203549686579208355e-06
9.209000000000000000e+03,1.203411670758214314e-06
9.210000000000000000e+03,1.203273541250382550e-06
9.211000000000000000e+03,1.203128249471774325e-06
9.212000000000000000e+03,1.203018541673372965e-06
9.213000000000000000e+03,1.202873363581602462e-06
9.214000000000000000e+03,1.202704197567072697e-06
9.215000000000000000e+03,1.202416001433448400e-06
9.216000000000000000e+03,1.202253088194993325e-06
9.217000000000000000e+03,1.202083240059437230e-06
9.218000000000000000e+03,1.201991153720882721e-06
9.219000000000000000e+03,1.201841996589791961e-06
9.220000000000000000e+03,1.201704321829311084e-06
9.221000000000000000e+03,1.201583017973462120e-06
9.222000000000000000e+03,1.201488430524477735e-06
9.223000000000000000e+03,1.201278337248368189e-06
9.224000000000000000e+03,1.201147597384988330e-06
9.225000000000000000e+03,1.200977294502081349e-06
9.226000000000000000e+03,1.200950350721541326e-06
9.227000000000000000e+03,1.200824840452696662e-06
9.228000000000000000e+03,1.200729116135335062e-06
9.229000000000000000e+03,1.200590077132801525e-06
9.230000000000000000e+03,1.200375095322669949e-06
9.231000000000000000e+03,1.200236056320136413e-06
9.232000000000000000e+03,1.200065412376716267e-06
9.233000000000000000e+03,1.199930352413502987e-06
9.234000000000000000e+03,1.199574171550921164e-06
9.235000000000000000e+03,1.199284611175244208e-06
9.236000000000000000e+03,1.199169446408632211e-06
9.237000000000000000e+03,1.198992663375975098e-06
9.238000000000000000e+03,1.198837935589835979e-06
9.239000000000000000e+03,1.198573841065808665e-06
9.240000000000000000e+03,1.198210156871937215e-06
9.241000000000000000e+03,1.197995288748643361e-06
9.242000000000000000e+03,1.197783376483130269e-06
9.243000000000000000e+03,1.197611595671332907e-06
9.244000000000000000e+03,1.197421511278662365e-06
9.245000000000000000e+03,1.197218921333842445e-06
9.246000000000000000e+03,1.197143888020946179e-06
9.247000000000000000e+03,1.197038386635540519e-06
9.248000000000000000e+03,1.196847506435005926e-06
9.249000000000000000e+03,1.196774519485188648e-06
9.250000000000000000e+03,1.196639800582488533e-06
9.251000000000000000e+03,1.196359107780153863e-06
9.252000000000000000e+03,1.196120365420938469e-06
9.253000000000000000e+03,1.195787490360089578e-06
9.254000000000000000e+03,1.195717686641728505e-06
9.255000000000000000e+03,1.195414711219200399e-06
9.256000000000000000e+03,1.195323648062185384e-06
9.257000000000000000e+03,1.195128334074979648e-06
9.258000000000000000e+03,1.195071263282443397e-06
9.259000000000000000e+03,1.195012828247854486e-06
9.260000000000000000e+03,1.194747142108099069e-06
9.261000000000000000e+03,1.194464744003198575e-06
9.262000000000000000e+03,1.194252604364010040e-06
9.263000000000000000e+03,1.194095830214791931e-06
9.264000000000000000e+03,1.193828325085632969e-06
9.265000000000000000e+03,1.193621983475168236e-06
9.266000000000000000e+03,1.193170305668900255e-06
9.267000000000000000e+03,1.192988179354870226e-06
9.268000000000000000e+03,1.192846525555069093e-06
9.269000000000000000e+03,1.192398599414445926e-06
9.270000000000000000e+03,1.192304807773325592e-06
9.271000000000000000e+03,1.191895876218040939e-06
9.272000000000000000e+03,1.191782416753994767e-06
9.273000000000000000e+03,1.191532646771520376e-06
9.274000000000000000e+03,1.191397018374118488e-06
9.275000000000000000e+03,1.191206138173583895e-06
9.276000000000000000e+03,1.191093474517401773e-06
9.277000000000000000e+03,1.190787202176579740e-06
9.278000000000000000e+03,1.190680677609634586e-06
9.279000000000000000e+03,1.190316652355249971e-06
9.280000000000000000e+03,1.190202397083339747e-06
9.281000000000000000e+03,1.190195462186238728e-06
9.282000000000000000e+03,1.189973431792168412e-06
9.283000000000000000e+03,1.189584509120322764e-06
9.284000000000000000e+03,1.189396016343380325e-06
9.285000000000000000e+03,1.189204908769170288e-06
9.286000000000000000e+03,1.189092586173501331e-06
9.287000000000000000e+03,1.189029717352241278e-06
9.288000000000000000e+03,1.188898409054672811e-06
9.289000000000000000e+03,1.188653641293058172e-06
9.290000000000000000e+03,1.188508463201287668e-06
9.291000000000000000e+03,1.188222768178093247e-06
9.292000000000000000e+03,1.188124088002950884e-06
9.293000000000000000e+03,1.187693328574823681e-06
9.294000000000000000e+03,1.187433440463792067e-06
9.295000000000000000e+03,1.187349653264391236e-06
9.296000000000000000e+03,1.187121483781083953e-06
9.297000000000000000e+03,1.186993131341296248e-06
9.298000000000000000e+03,1.186850681733631063e-06
9.299000000000000000e+03,1.186810209219402168e-06
9.300000000000000000e+03,1.186577605949423742e-06
9.301000000000000000e+03,1.186512008644058369e-06
9.302000000000000000e+03,1.186349663839791901e-06
9.303000000000000000e+03,1.186287363452720456e-06
9.304000000000000000e+03,1.186146846521296538e-06
9.305000000000000000e+03,1.186003032671578694e-06
9.306000000000000000e+03,1.185843416351417545e-06
9.307000000000000000e+03,1.185720748253515922e-06
9.308000000000000000e+03,1.185596374853048474e-06
9.309000000000000000e+03,1.185423570859711617e-06
9.310000000000000000e+03,1.185336941489367746e-06
9.311000000000000000e+03,1.185250312119023874e-06
9.312000000000000000e+03,1.185100813927419949e-06
9.313000000000000000e+03,1.184985080726619344e-06
9.314000000000000000e+03,1.184744633064838126e-06
9.315000000000000000e+03,1.184791813102492597e-06
9.316000000000000000e+03,1.184626512440445367e-06
9.317000000000000000e+03,1.184513280350074638e-06
9.318000000000000000e+03,1.184347411253838800e-06
9.319000000000000000e+03,1.184265897791192401e-06
9.320000000000000000e+03,1.184196776193857659e-06
9.321000000000000000e+03,1.184098096018715296e-06
9.322000000000000000e+03,1.183969516205252148e-06
9.323000000000000000e+03,1.183858557851635851e-06
9.324000000000000000e+03,1.183703147944470402e-06
9.325000000000000000e+03,1.183592303277691826e-06
9.326000000000000000e+03,1.183452695840969682e-06
9.327000000000000000e+03,1.183371978186187334e-06
9.328000000000000000e+03,1.183308427243900951e-06
9.329000000000000000e+03,1.183183258035569452e-06
9.330000000000000000e+03,1.183012841465824749e-06
9.331000000000000000e+03,1.182839469038299285e-06
9.332000000000000000e+03,1.182776600217039231e-06
9.333000000000000000e+03,1.182726009574253112e-06
9.334000000000000000e+03,1.182705204882950056e-06
9.335000000000000000e+03,1.182640858132799622e-06
9.336000000000000000e+03,1.182520236397976987e-06
9.337000000000000000e+03,1.182446339953457937e-06
9.338000000000000000e+03,1.182318328574183397e-06
9.339000000000000000e+03,1.182183041237294674e-06
9.340000000000000000e+03,1.182044002234761138e-06
9.341000000000000000e+03,1.181900870506069623e-06
9.342000000000000000e+03,1.181790139526128769e-06
9.343000000000000000e+03,1.181615743917063810e-06
9.344000000000000000e+03,1.181463744615030009e-06
9.345000000000000000e+03,1.181297534458281007e-06
9.346000000000000000e+03,1.181201469080406241e-06
9.347000000000000000e+03,1.181028437713393942e-06
9.348000000000000000e+03,1.180884396490000654e-06
9.349000000000000000e+03,1.180542653855809476e-06
9.350000000000000000e+03,1.181237394121126272e-06
9.351000000000000000e+03,1.180451363325119019e-06
9.352000000000000000e+03,1.180212620965903625e-06
9.353000000000000000e+03,1.179967625830613542e-06
9.354000000000000000e+03,1.179816877083794679e-06
9.355000000000000000e+03,1.179750825031078421e-06
9.356000000000000000e+03,1.179600644718448166e-06
9.357000000000000000e+03,1.179522655547771137e-06
9.358000000000000000e+03,1.179426931230409537e-06
9.359000000000000000e+03,1.179291075459332205e-06
9.360000000000000000e+03,1.179054606836871244e-06
9.361000000000000000e+03,1.179019136543502100e-06
9.362000000000000000e+03,1.178797333523107227e-06
9.363000000000000000e+03,1.178717866423539817e-06
9.364000000000000000e+03,1.178613160845998209e-06
9.365000000000000000e+03,1.178488219011342153e-06
9.366000000000000000e+03,1.178357592834800016e-06
9.367000000000000000e+03,1.178197976514638867e-06
9.368000000000000000e+03,1.178104071186680812e-06
9.369000000000000000e+03,1.178005277324700728e-06
9.370000000000000000e+03,1.177955368802940939e-06
9.371000000000000000e+03,1.177798253593209665e-06
9.372000000000000000e+03,1.177880903924233280e-06
9.373000000000000000e+03,1.177778472083446104e-06
9.374000000000000000e+03,1.177611807179346215e-06
9.375000000000000000e+03,1.177420358544623014e-06
9.376000000000000000e+03,1.177216176984074991e-06
9.377000000000000000e+03,1.177087824544287287e-06
9.378000000000000000e+03,1.176996875074109994e-06
9.379000000000000000e+03,1.176927185042586643e-06
9.380000000000000000e+03,1.176788146040053107e-06
9.381000000000000000e+03,1.176727437268709764e-06
9.382000000000000000e+03,1.176510181721823756e-06
9.383000000000000000e+03,1.176355681309360079e-06
9.384000000000000000e+03,1.176234150079835672e-06
9.385000000000000000e+03,1.176037358163739555e-06
9.386000000000000000e+03,1.175893089566670824e-06
9.387000000000000000e+03,1.175798274744010996e-06
9.388000000000000000e+03,1.175854436041845474e-06
9.389000000000000000e+03,1.175783154394594021e-06
9.390000000000000000e+03,1.175656620944209863e-06
9.391000000000000000e+03,1.175486659121816047e-06
9.392000000000000000e+03,1.175322609014983755e-06
9.393000000000000000e+03,1.175145484921813477e-06
9.394000000000000000e+03,1.175040210910083260e-06
9.395000000000000000e+03,1.174840008388855495e-06
9.396000000000000000e+03,1.174538624582055490e-06
9.397000000000000000e+03,1.174394583358662203e-06
9.398000000000000000e+03,1.174082399302278645e-06
9.399000000000000000e+03,1.173970645140798297e-06
9.400000000000000000e+03,1.173808186649694107e-06
9.401000000000000000e+03,1.173710757029766683e-06
9.402000000000000000e+03,1.173480768557055853e-06
9.403000000000000000e+03,1.173198143078479916e-06
9.404000000000000000e+03,1.173017494693340268e-06
9.405000000000000000e+03,1.172835368379310239e-06
9.406000000000000000e+03,1.172577640318195336e-06
9.407000000000000000e+03,1.172381644209963270e-06
9.408000000000000000e+03,1.172158818008028902e-06
9.409000000000000000e+03,1.171981352854345459e-06
9.410000000000000000e+03,1.171871986116457265e-06
9.411000000000000000e+03,1.171740564132051077e-06
9.412000000000000000e+03,1.171558665191696491e-06
9.413000000000000000e+03,1.171342773886863142e-06
9.414000000000000000e+03,1.171127678389893845e-06
9.415000000000000000e+03,1.170859150079195388e-06
9.416000000000000000e+03,1.170573341369163245e-06
9.417000000000000000e+03,1.170382233794953208e-06
9.418000000000000000e+03,1.170086648016877007e-06
9.419000000000000000e+03,1.169802089862059802e-06
9.420000000000000000e+03,1.169882580143166706e-06
9.421000000000000000e+03,1.169624738395214081e-06
9.422000000000000000e+03,1.169372126241796650e-06
9.423000000000000000e+03,1.169266965916904155e-06
9.424000000000000000e+03,1.169121787825133651e-06
9.425000000000000000e+03,1.169035158454789780e-06
9.426000000000000000e+03,1.168852577393408865e-06
9.427000000000000000e+03,1.168712628896173555e-06
9.428000000000000000e+03,1.168627477454720065e-06
9.429000000000000000e+03,1.168577227872447111e-06
9.430000000000000000e+03,1.168419203168014064e-06
9.431000000000000000e+03,1.168310291177476756e-06
9.432000000000000000e+03,1.168241851701168343e-06
9.433000000000000000e+03,1.168170001619728282e-06
9.434000000000000000e+03,1.167893060483038425e-06
9.435000000000000000e+03,1.167933532997267321e-06
9.436000000000000000e+03,1.167646246358344797e-06
9.437000000000000000e+03,1.167463210549612995e-06
9.438000000000000000e+03,1.167271989288565237e-06
9.439000000000000000e+03,1.167184223049844150e-06
9.440000000000000000e+03,1.167018808700959198e-06
9.441000000000000000e+03,1.166760853266168851e-06
9.442000000000000000e+03,1.166990045931015629e-06
9.443000000000000000e+03,1.166705374089360703e-06
9.444000000000000000e+03,1.166538481811585370e-06
9.445000000000000000e+03,1.166442189060035162e-06
9.446000000000000000e+03,1.166302240562799852e-06
9.447000000000000000e+03,1.166140691566397436e-06
9.448000000000000000e+03,1.166097717941738665e-06
9.449000000000000000e+03,1.166005631603184156e-06
9.450000000000000000e+03,1.165926278190454468e-06
9.451000000000000000e+03,1.165844423667294905e-06
9.452000000000000000e+03,1.165732328445301391e-06
9.453000000000000000e+03,1.165647290690685622e-06
9.454000000000000000e+03,1.165591584140202031e-06
9.455000000000000000e+03,1.165450726148264948e-06
9.456000000000000000e+03,1.165298272098880261e-06
9.457000000000000000e+03,1.165134108305210248e-06
9.458000000000000000e+03,1.164994500868488103e-06
9.459000000000000000e+03,1.164855234492279124e-06
9.460000000000000000e+03,1.164693571809038986e-06
9.461000000000000000e+03,1.164558511845825706e-06
9.462000000000000000e+03,1.164418563348590396e-06
9.463000000000000000e+03,1.164184141089208424e-06
9.464000000000000000e+03,1.164043169410433620e-06
9.465000000000000000e+03,1.163876049758982845e-06
9.466000000000000000e+03,1.163753267974243499e-06
9.467000000000000000e+03,1.163602178166911472e-06
9.468000000000000000e+03,1.163546926363778766e-06
9.469000000000000000e+03,1.163331830866809469e-06
9.470000000000000000e+03,1.163271917903330177e-06
9.471000000000000000e+03,1.163159026873472612e-06
9.472000000000000000e+03,1.163010665550245903e-06
9.473000000000000000e+03,1.162916419161774684e-06
9.474000000000000000e+03,1.162787953035149258e-06
9.475000000000000000e+03,1.162637886409356724e-06
9.476000000000000000e+03,1.162607645710522775e-06
9.477000000000000000e+03,1.162424155154440086e-06
9.478000000000000000e+03,1.162321723313652910e-06
9.479000000000000000e+03,1.162216676675598137e-06
9.480000000000000000e+03,1.162076500804687385e-06
9.481000000000000000e+03,1.161981572295189835e-06
9.482000000000000000e+03,1.161822524409217294e-06
9.483000000000000000e+03,1.161715999842272140e-06
9.484000000000000000e+03,1.161641534963564482e-06
9.485000000000000000e+03,1.161475552180490922e-06
9.486000000000000000e+03,1.161406544269993901e-06
9.487000000000000000e+03,1.161308432529040147e-06
9.488000000000000000e+03,1.161126192528172396e-06
9.489000000000000000e+03,1.161126192528172396e-06
9.490000000000000000e+03,1.161162231255730148e-06
9.491000000000000000e+03,1.161141767624940258e-06
9.492000000000000000e+03,1.161115619652264286e-06
9.493000000000000000e+03,1.161115619652264286e-06
9.494000000000000000e+03,1.161143586614343803e-06
9.495000000000000000e+03,1.161115164904913399e-06
9.496000000000000000e+03,1.161123805104580242e-06
9.497000000000000000e+03,1.161115164904913399e-06
9.498000000000000000e+03,1.161115164904913399e-06
9.499000000000000000e+03,1.161121531367825810e-06
9.500000000000000000e+03,1.161115164904913399e-06
9.501000000000000000e+03,1.167686264125222806e-06
9.502000000000000000e+03,1.161130740001681261e-06
9.503000000000000000e+03,1.161105046776356176e-06
9.504000000000000000e+03,1.161089585366426036e-06
9.505000000000000000e+03,1.161007389782753307e-06
9.506000000000000000e+03,1.160817078016407322e-06
9.507000000000000000e+03,1.160768192676187027e-06
9.508000000000000000e+03,1.160618239737232216e-06
9.509000000000000000e+03,1.160516148956958205e-06
9.510000000000000000e+03,1.160415422418736853e-06
9.511000000000000000e+03,1.160275701295176987e-06
9.512000000000000000e+03,1.160222836915636435e-06
9.513000000000000000e+03,1.160080500994808972e-06
9.514000000000000000e+03,1.160017973234062083e-06
9.515000000000000000e+03,1.159914972959086299e-06
9.516000000000000000e+03,1.159767066383210476e-06
9.517000000000000000e+03,1.159757516688841861e-06
9.518000000000000000e+03,1.159560156338557135e-06
9.519000000000000000e+03,1.159476823886507191e-06
9.520000000000000000e+03,1.159419639407133218e-06
9.521000000000000000e+03,1.159245698545419145e-06
9.522000000000000000e+03,1.159209318757348228e-06
9.523000000000000000e+03,1.159018324869975913e-06
9.524000000000000000e+03,1.158910208687302656e-06
9.525000000000000000e+03,1.158785494226322044e-06
9.526000000000000000e+03,1.158639747700362932e-06
9.527000000000000000e+03,1.158483087237982545e-06
9.528000000000000000e+03,1.158444888460508082e-06
9.529000000000000000e+03,1.158399300038581714e-06
9.530000000000000000e+03,1.158279928858974017e-06
9.531000000000000000e+03,1.158176473836647347e-06
9.532000000000000000e+03,1.158045279225916602e-06
9.533000000000000000e+03,1.157900783255172428e-06
9.534000000000000000e+03,1.157775386673165485e-06
9.535000000000000000e+03,1.157669885287759826e-06
9.536000000000000000e+03,1.157567680820648093e-06
9.537000000000000000e+03,1.157502993009984493e-06
9.538000000000000000e+03,1.157480824076628778e-06
9.539000000000000000e+03,1.157273118224111386e-06
9.540000000000000000e+03,1.157194333245570306e-06
9.541000000000000000e+03,1.157025394604715984e-06
9.542000000000000000e+03,1.156927510237437673e-06
9.543000000000000000e+03,1.156806433755264152e-06
9.544000000000000000e+03,1.156673533841967583e-06
9.545000000000000000e+03,1.156620442088751588e-06
9.546000000000000000e+03,1.156602706942067016e-06
9.547000000000000000e+03,1.156485041065025143e-06
9.548000000000000000e+03,1.156322355200245511e-06
9.549000000000000000e+03,1.156306439042964485e-06
9.550000000000000000e+03,1.156150347014772706e-06
9.551000000000000000e+03,1.155998006652225740e-06
9.552000000000000000e+03,1.155871245828166138e-06
9.553000000000000000e+03,1.155787003881414421e-06
9.554000000000000000e+03,1.155545760411769152e-06
9.555000000000000000e+03,1.155575773736927658e-06
9.556000000000000000e+03,1.155608856606704649e-06
9.557000000000000000e+03,1.155584072876081336e-06
9.558000000000000000e+03,1.155553150056221057e-06
9.559000000000000000e+03,1.155545760411769152e-06
9.560000000000000000e+03,1.155545760411769152e-06
9.561000000000000000e+03,1.155545760411769152e-06
9.562000000000000000e+03,1.155545760411769152e-06
9.563000000000000000e+03,1.155545760411769152e-06
9.564000000000000000e+03,1.155545760411769152e-06
9.565000000000000000e+03,1.155545760411769152e-06
9.566000000000000000e+03,1.155545760411769152e-06
9.567000000000000000e+03,1.155545760411769152e-06
9.568000000000000000e+03,1.155545760411769152e-06
