0.000000000000000000e+00,5.246232151985168457e-01
1.000000000000000000e+00,1.163203954696655273e+00
2.000000000000000000e+00,4.577573239803314209e-01
3.000000000000000000e+00,4.561958014965057373e-01
4.000000000000000000e+00,4.560855031013488770e-01
5.000000000000000000e+00,4.558597803115844727e-01
6.000000000000000000e+00,4.550611376762390137e-01
7.000000000000000000e+00,4.519851207733154297e-01
8.000000000000000000e+00,4.603258669376373291e-01
9.000000000000000000e+00,4.504588246345520020e-01
1.000000000000000000e+01,4.461079537868499756e-01
1.100000000000000000e+01,4.388309717178344727e-01
1.200000000000000000e+01,4.345869123935699463e-01
1.300000000000000000e+01,4.325479567050933838e-01
1.400000000000000000e+01,4.311571717262268066e-01
1.500000000000000000e+01,4.289036691188812256e-01
1.600000000000000000e+01,4.222347736358642578e-01
1.700000000000000000e+01,4.138038456439971924e-01
1.800000000000000000e+01,3.975952267646789551e-01
1.900000000000000000e+01,3.962348997592926025e-01
2.000000000000000000e+01,3.888386785984039307e-01
2.100000000000000000e+01,4.116854965686798096e-01
2.200000000000000000e+01,3.856548964977264404e-01
2.300000000000000000e+01,3.719216883182525635e-01
2.400000000000000000e+01,7.024169564247131348e-01
2.500000000000000000e+01,3.516576588153839111e-01
2.600000000000000000e+01,3.474710583686828613e-01
2.700000000000000000e+01,3.356145918369293213e-01
2.800000000000000000e+01,3.212145566940307617e-01
2.900000000000000000e+01,3.125319480895996094e-01
3.000000000000000000e+01,3.028500974178314209e-01
3.100000000000000000e+01,2.882232666015625000e-01
3.200000000000000000e+01,2.797009348869323730e-01
3.300000000000000000e+01,2.727466523647308350e-01
3.400000000000000000e+01,2.674063742160797119e-01
3.500000000000000000e+01,2.575075030326843262e-01
3.600000000000000000e+01,2.450036853551864624e-01
3.700000000000000000e+01,2.377115786075592041e-01
3.800000000000000000e+01,2.346573770046234131e-01
3.900000000000000000e+01,2.329207211732864380e-01
4.000000000000000000e+01,2.289893031120300293e-01
4.100000000000000000e+01,2.216470390558242798e-01
4.200000000000000000e+01,2.184732407331466675e-01
4.300000000000000000e+01,2.160898149013519287e-01
4.400000000000000000e+01,2.062124460935592651e-01
4.500000000000000000e+01,1.983918994665145874e-01
4.600000000000000000e+01,1.907944530248641968e-01
4.700000000000000000e+01,1.857645213603973389e-01
4.800000000000000000e+01,1.831789761781692505e-01
4.900000000000000000e+01,1.815052926540374756e-01
5.000000000000000000e+01,1.799120157957077026e-01
5.100000000000000000e+01,1.772660464048385620e-01
5.200000000000000000e+01,1.755491495132446289e-01
5.300000000000000000e+01,1.717375665903091431e-01
5.400000000000000000e+01,1.670376807451248169e-01
5.500000000000000000e+01,1.652757525444030762e-01
5.600000000000000000e+01,1.640150249004364014e-01
5.700000000000000000e+01,1.632887870073318481e-01
5.800000000000000000e+01,1.610863208770751953e-01
5.900000000000000000e+01,1.586719453334808350e-01
6.000000000000000000e+01,1.554150581359863281e-01
6.100000000000000000e+01,1.529278755187988281e-01
6.200000000000000000e+01,1.516779661178588867e-01
6.300000000000000000e+01,1.505726873874664307e-01
6.400000000000000000e+01,1.461119204759597778e-01
6.500000000000000000e+01,1.432477831840515137e-01
6.600000000000000000e+01,1.433966606855392456e-01
6.700000000000000000e+01,1.407748311758041382e-01
6.800000000000000000e+01,1.392132341861724854e-01
6.900000000000000000e+01,1.375143975019454956e-01
7.000000000000000000e+01,1.360827386379241943e-01
7.100000000000000000e+01,1.345096677541732788e-01
7.200000000000000000e+01,1.317515075206756592e-01
7.300000000000000000e+01,1.274782717227935791e-01
7.400000000000000000e+01,1.270662695169448853e-01
7.500000000000000000e+01,1.221356689929962158e-01
7.600000000000000000e+01,1.168100833892822266e-01
7.700000000000000000e+01,1.235982179641723633e-01
7.800000000000000000e+01,1.124257817864418030e-01
7.900000000000000000e+01,1.111057475209236145e-01
8.000000000000000000e+01,1.093703359365463257e-01
8.100000000000000000e+01,1.077236607670783997e-01
8.200000000000000000e+01,1.046785488724708557e-01
8.300000000000000000e+01,9.678170084953308105e-02
8.400000000000000000e+01,9.089461714029312134e-02
8.500000000000000000e+01,8.977633714675903320e-02
8.600000000000000000e+01,8.792062848806381226e-02
8.700000000000000000e+01,8.724218606948852539e-02
8.800000000000000000e+01,8.606743067502975464e-02
8.900000000000000000e+01,8.286036550998687744e-02
9.000000000000000000e+01,7.939123362302780151e-02
9.100000000000000000e+01,7.567745447158813477e-02
9.200000000000000000e+01,7.396220415830612183e-02
9.300000000000000000e+01,7.263303548097610474e-02
9.400000000000000000e+01,7.001330703496932983e-02
9.500000000000000000e+01,6.660428643226623535e-02
9.600000000000000000e+01,6.380285322666168213e-02
9.700000000000000000e+01,6.047393754124641418e-02
9.800000000000000000e+01,5.609638616442680359e-02
9.900000000000000000e+01,5.364180728793144226e-02
1.000000000000000000e+02,5.257207155227661133e-02
1.010000000000000000e+02,5.207960307598114014e-02
1.020000000000000000e+02,5.115938186645507812e-02
1.030000000000000000e+02,4.848426952958106995e-02
1.040000000000000000e+02,4.686929285526275635e-02
1.050000000000000000e+02,4.599762707948684692e-02
1.060000000000000000e+02,4.519795626401901245e-02
1.070000000000000000e+02,4.457025974988937378e-02
1.080000000000000000e+02,4.385968670248985291e-02
1.090000000000000000e+02,4.282233864068984985e-02
1.100000000000000000e+02,4.176955670118331909e-02
1.110000000000000000e+02,4.100767895579338074e-02
1.120000000000000000e+02,4.003794491291046143e-02
1.130000000000000000e+02,3.820593655109405518e-02
1.140000000000000000e+02,3.717159479856491089e-02
1.150000000000000000e+02,3.553080558776855469e-02
1.160000000000000000e+02,3.492511436343193054e-02
1.170000000000000000e+02,3.463043645024299622e-02
1.180000000000000000e+02,3.417626395821571350e-02
1.190000000000000000e+02,3.367307782173156738e-02
1.200000000000000000e+02,3.286062553524971008e-02
1.210000000000000000e+02,3.158634528517723083e-02
1.220000000000000000e+02,3.076234832406044006e-02
1.230000000000000000e+02,3.022114187479019165e-02
1.240000000000000000e+02,2.988744154572486877e-02
1.250000000000000000e+02,2.921238727867603302e-02
1.260000000000000000e+02,2.795292064547538757e-02
1.270000000000000000e+02,2.652234770357608795e-02
1.280000000000000000e+02,2.539317496120929718e-02
1.290000000000000000e+02,2.498055063188076019e-02
1.300000000000000000e+02,2.465019561350345612e-02
1.310000000000000000e+02,2.437948249280452728e-02
1.320000000000000000e+02,2.410589903593063354e-02
1.330000000000000000e+02,2.370672114193439484e-02
1.340000000000000000e+02,2.329125441610813141e-02
1.350000000000000000e+02,2.281802333891391754e-02
1.360000000000000000e+02,2.189825475215911865e-02
1.370000000000000000e+02,2.142743207514286041e-02
1.380000000000000000e+02,2.073812857270240784e-02
1.390000000000000000e+02,2.050678804516792297e-02
1.400000000000000000e+02,2.000432088971138000e-02
1.410000000000000000e+02,1.858280040323734283e-02
1.420000000000000000e+02,1.729043014347553253e-02
1.430000000000000000e+02,1.621189527213573456e-02
1.440000000000000000e+02,1.553704496473073959e-02
1.450000000000000000e+02,1.540330518037080765e-02
1.460000000000000000e+02,1.516253035515546799e-02
1.470000000000000000e+02,1.490443851798772812e-02
1.480000000000000000e+02,1.432911027222871780e-02
1.490000000000000000e+02,1.396700087934732437e-02
1.500000000000000000e+02,1.355101633816957474e-02
1.510000000000000000e+02,1.309132389724254608e-02
1.520000000000000000e+02,1.273150462657213211e-02
1.530000000000000000e+02,1.245323009788990021e-02
1.540000000000000000e+02,1.185819972306489944e-02
1.550000000000000000e+02,1.164143066853284836e-02
1.560000000000000000e+02,1.139075215905904770e-02
1.570000000000000000e+02,1.105750165879726410e-02
1.580000000000000000e+02,1.058599818497896194e-02
1.590000000000000000e+02,1.027549151331186295e-02
1.600000000000000000e+02,9.818655438721179962e-03
1.610000000000000000e+02,9.578665718436241150e-03
1.620000000000000000e+02,9.594138711690902710e-03
1.630000000000000000e+02,9.458035230636596680e-03
1.640000000000000000e+02,9.330414235591888428e-03
1.650000000000000000e+02,9.241514839231967926e-03
1.660000000000000000e+02,9.086097590625286102e-03
1.670000000000000000e+02,8.929166011512279510e-03
1.680000000000000000e+02,8.762435987591743469e-03
1.690000000000000000e+02,8.602778427302837372e-03
1.700000000000000000e+02,8.404896594583988190e-03
1.710000000000000000e+02,8.299550041556358337e-03
1.720000000000000000e+02,8.105319924652576447e-03
1.730000000000000000e+02,7.933410815894603729e-03
1.740000000000000000e+02,7.818183861672878265e-03
1.750000000000000000e+02,7.614238187670707703e-03
1.760000000000000000e+02,7.495620753616094589e-03
1.770000000000000000e+02,7.385428063571453094e-03
1.780000000000000000e+02,7.287676911801099777e-03
1.790000000000000000e+02,7.190429139882326126e-03
1.800000000000000000e+02,7.073638029396533966e-03
1.810000000000000000e+02,6.917032413184642792e-03
1.820000000000000000e+02,6.801565643399953842e-03
1.830000000000000000e+02,6.672457326203584671e-03
1.840000000000000000e+02,6.513405591249465942e-03
1.850000000000000000e+02,6.356745958328247070e-03
1.860000000000000000e+02,6.246611941605806351e-03
1.870000000000000000e+02,6.204880308359861374e-03
1.880000000000000000e+02,6.160147022455930710e-03
1.890000000000000000e+02,6.101734004914760590e-03
1.900000000000000000e+02,6.091241259127855301e-03
1.910000000000000000e+02,6.041944026947021484e-03
1.920000000000000000e+02,5.958694498986005783e-03
1.930000000000000000e+02,5.861090961843729019e-03
1.940000000000000000e+02,5.800515878945589066e-03
1.950000000000000000e+02,5.731209646910429001e-03
1.960000000000000000e+02,5.661647301167249680e-03
1.970000000000000000e+02,5.547946318984031677e-03
1.980000000000000000e+02,5.455236881971359253e-03
1.990000000000000000e+02,5.340832285583019257e-03
2.000000000000000000e+02,5.198571830987930298e-03
2.010000000000000000e+02,5.041211843490600586e-03
2.020000000000000000e+02,5.075363907963037491e-03
2.030000000000000000e+02,4.935112781822681427e-03
2.040000000000000000e+02,4.828829783946275711e-03
2.050000000000000000e+02,4.700233228504657745e-03
2.060000000000000000e+02,4.611908923834562302e-03
2.070000000000000000e+02,4.524762742221355438e-03
2.080000000000000000e+02,4.470284096896648407e-03
2.090000000000000000e+02,4.412581212818622589e-03
2.100000000000000000e+02,4.337389953434467316e-03
2.110000000000000000e+02,4.235648550093173981e-03
2.120000000000000000e+02,4.145992454141378403e-03
2.130000000000000000e+02,4.074931144714355469e-03
2.140000000000000000e+02,3.960059955716133118e-03
2.150000000000000000e+02,3.893925808370113373e-03
2.160000000000000000e+02,3.869362641125917435e-03
2.170000000000000000e+02,3.837217809632420540e-03
2.180000000000000000e+02,3.791992552578449249e-03
2.190000000000000000e+02,3.759931074455380440e-03
2.200000000000000000e+02,3.718177787959575653e-03
2.210000000000000000e+02,3.670351346954703331e-03
2.220000000000000000e+02,3.679090179502964020e-03
2.230000000000000000e+02,3.614931600168347359e-03
2.240000000000000000e+02,3.558275522664189339e-03
2.250000000000000000e+02,3.505073487758636475e-03
2.260000000000000000e+02,3.471663687378168106e-03
2.270000000000000000e+02,3.427860327064990997e-03
2.280000000000000000e+02,3.372903447598218918e-03
2.290000000000000000e+02,3.331642597913742065e-03
2.300000000000000000e+02,3.290560096502304077e-03
2.310000000000000000e+02,3.248889232054352760e-03
2.320000000000000000e+02,3.215596079826354980e-03
2.330000000000000000e+02,3.180515952408313751e-03
2.340000000000000000e+02,3.145501250401139259e-03
2.350000000000000000e+02,3.094987012445926666e-03
2.360000000000000000e+02,3.029008861631155014e-03
2.370000000000000000e+02,2.934110583737492561e-03
2.380000000000000000e+02,2.818054286763072014e-03
2.390000000000000000e+02,2.753596985712647438e-03
2.400000000000000000e+02,2.701703691855072975e-03
2.410000000000000000e+02,2.680417615920305252e-03
2.420000000000000000e+02,2.660128055140376091e-03
2.430000000000000000e+02,2.640698105096817017e-03
2.440000000000000000e+02,2.618990605697035789e-03
2.450000000000000000e+02,2.593054436147212982e-03
2.460000000000000000e+02,2.576140919700264931e-03
2.470000000000000000e+02,2.520484849810600281e-03
2.480000000000000000e+02,2.498278161510825157e-03
2.490000000000000000e+02,2.479443093761801720e-03
2.500000000000000000e+02,2.465560100972652435e-03
2.510000000000000000e+02,2.445167163386940956e-03
2.520000000000000000e+02,2.416496165096759796e-03
2.530000000000000000e+02,2.377708442509174347e-03
2.540000000000000000e+02,2.347350353375077248e-03
2.550000000000000000e+02,2.323753433302044868e-03
2.560000000000000000e+02,2.304528374224901199e-03
2.570000000000000000e+02,2.287526614964008331e-03
2.580000000000000000e+02,2.268849173560738564e-03
2.590000000000000000e+02,2.271058736369013786e-03
2.600000000000000000e+02,2.257063286378979683e-03
2.610000000000000000e+02,2.244407543912529945e-03
2.620000000000000000e+02,2.232980681583285332e-03
2.630000000000000000e+02,2.214535139501094818e-03
2.640000000000000000e+02,2.188219921663403511e-03
2.650000000000000000e+02,2.160333562642335892e-03
2.660000000000000000e+02,2.129054861143231392e-03
2.670000000000000000e+02,2.105020219460129738e-03
2.680000000000000000e+02,2.084086649119853973e-03
2.690000000000000000e+02,2.076943637803196907e-03
2.700000000000000000e+02,2.058379352092742920e-03
2.710000000000000000e+02,2.046321984380483627e-03
2.720000000000000000e+02,2.023883862420916557e-03
2.730000000000000000e+02,1.998491585254669189e-03
2.740000000000000000e+02,1.971222227439284325e-03
2.750000000000000000e+02,1.957867527380585670e-03
2.760000000000000000e+02,1.948515302501618862e-03
2.770000000000000000e+02,1.941093010827898979e-03
2.780000000000000000e+02,1.930139376781880856e-03
2.790000000000000000e+02,1.911832485347986221e-03
2.800000000000000000e+02,1.882189535535871983e-03
2.810000000000000000e+02,1.855091890320181847e-03
2.820000000000000000e+02,1.832914771512150764e-03
2.830000000000000000e+02,1.816278090700507164e-03
2.840000000000000000e+02,1.804690691642463207e-03
2.850000000000000000e+02,1.785391476005315781e-03
2.860000000000000000e+02,1.768790069036185741e-03
2.870000000000000000e+02,1.749657792970538139e-03
2.880000000000000000e+02,1.733568962663412094e-03
2.890000000000000000e+02,1.710872980765998363e-03
2.900000000000000000e+02,1.696733874268829823e-03
2.910000000000000000e+02,1.685134135186672211e-03
2.920000000000000000e+02,1.662840251810848713e-03
2.930000000000000000e+02,1.633275067433714867e-03
2.940000000000000000e+02,1.613754662685096264e-03
2.950000000000000000e+02,1.600086921826004982e-03
2.960000000000000000e+02,1.589434570632874966e-03
2.970000000000000000e+02,1.583862234838306904e-03
2.980000000000000000e+02,1.580374781042337418e-03
2.990000000000000000e+02,1.575322356075048447e-03
3.000000000000000000e+02,1.571560511365532875e-03
3.010000000000000000e+02,1.562903635203838348e-03
3.020000000000000000e+02,1.564860111102461815e-03
3.030000000000000000e+02,1.559489290229976177e-03
3.040000000000000000e+02,1.551401917822659016e-03
3.050000000000000000e+02,1.541757141239941120e-03
3.060000000000000000e+02,1.534428796730935574e-03
3.070000000000000000e+02,1.525789382867515087e-03
3.080000000000000000e+02,1.510169124230742455e-03
3.090000000000000000e+02,1.494634896516799927e-03
3.100000000000000000e+02,1.486185472458600998e-03
3.110000000000000000e+02,1.475719502195715904e-03
3.120000000000000000e+02,1.462968182750046253e-03
3.130000000000000000e+02,1.463061664253473282e-03
3.140000000000000000e+02,1.453809789381921291e-03
3.150000000000000000e+02,1.439306885004043579e-03
3.160000000000000000e+02,1.428506453521549702e-03
3.170000000000000000e+02,1.421232009306550026e-03
3.180000000000000000e+02,1.412388286553323269e-03
3.190000000000000000e+02,1.398519380018115044e-03
3.200000000000000000e+02,1.384533359669148922e-03
3.210000000000000000e+02,1.373612438328564167e-03
3.220000000000000000e+02,1.365161384455859661e-03
3.230000000000000000e+02,1.360004069283604622e-03
3.240000000000000000e+02,1.352726714685559273e-03
3.250000000000000000e+02,1.345549128018319607e-03
3.260000000000000000e+02,1.333227730356156826e-03
3.270000000000000000e+02,1.319100614637136459e-03
3.280000000000000000e+02,1.310352468863129616e-03
3.290000000000000000e+02,1.302606542594730854e-03
3.300000000000000000e+02,1.297800219617784023e-03
3.310000000000000000e+02,1.296882634051144123e-03
3.320000000000000000e+02,1.291292952373623848e-03
3.330000000000000000e+02,1.282479264773428440e-03
3.340000000000000000e+02,1.276538707315921783e-03
3.350000000000000000e+02,1.272223540581762791e-03
3.360000000000000000e+02,1.262903911992907524e-03
3.370000000000000000e+02,1.247483771294355392e-03
3.380000000000000000e+02,1.240079407580196857e-03
3.390000000000000000e+02,1.228880835697054863e-03
3.400000000000000000e+02,1.221508951857686043e-03
3.410000000000000000e+02,1.215833006426692009e-03
3.420000000000000000e+02,1.208104658871889114e-03
3.430000000000000000e+02,1.193341682665050030e-03
3.440000000000000000e+02,1.184206339530646801e-03
3.450000000000000000e+02,1.179874641820788383e-03
3.460000000000000000e+02,1.177316182292997837e-03
3.470000000000000000e+02,1.172927091829478741e-03
3.480000000000000000e+02,1.166192232631146908e-03
3.490000000000000000e+02,1.160058774985373020e-03
3.500000000000000000e+02,1.153373392298817635e-03
3.510000000000000000e+02,1.149376388639211655e-03
3.520000000000000000e+02,1.144679961726069450e-03
3.530000000000000000e+02,1.140846172347664833e-03
3.540000000000000000e+02,1.134885358624160290e-03
3.550000000000000000e+02,1.128413248807191849e-03
3.560000000000000000e+02,1.122618908993899822e-03
3.570000000000000000e+02,1.111985184252262115e-03
3.580000000000000000e+02,1.149532850831747055e-03
3.590000000000000000e+02,1.103451126255095005e-03
3.600000000000000000e+02,1.090686884708702564e-03
3.610000000000000000e+02,1.082631642930209637e-03
3.620000000000000000e+02,1.077393768355250359e-03
3.630000000000000000e+02,1.072063692845404148e-03
3.640000000000000000e+02,1.066956552676856518e-03
3.650000000000000000e+02,1.063591102138161659e-03
3.660000000000000000e+02,1.058101304806768894e-03
3.670000000000000000e+02,1.052639330737292767e-03
3.680000000000000000e+02,1.056876615621149540e-03
3.690000000000000000e+02,1.048208680003881454e-03
3.700000000000000000e+02,1.044613542035222054e-03
3.710000000000000000e+02,1.042171963490545750e-03
3.720000000000000000e+02,1.038108486682176590e-03
3.730000000000000000e+02,1.033516135066747665e-03
3.740000000000000000e+02,1.028129132464528084e-03
3.750000000000000000e+02,1.022334326989948750e-03
3.760000000000000000e+02,1.016501337289810181e-03
3.770000000000000000e+02,1.023044227622449398e-03
3.780000000000000000e+02,1.014140783809125423e-03
3.790000000000000000e+02,1.006583101116120815e-03
3.800000000000000000e+02,1.001716824248433113e-03
3.810000000000000000e+02,9.962947806343436241e-04
3.820000000000000000e+02,9.925004560500383377e-04
3.830000000000000000e+02,9.877738775685429573e-04
3.840000000000000000e+02,9.842211147770285606e-04
3.850000000000000000e+02,9.842158760875463486e-04
3.860000000000000000e+02,9.825770976021885872e-04
3.870000000000000000e+02,9.804981527850031853e-04
3.880000000000000000e+02,9.775855578482151031e-04
3.890000000000000000e+02,9.728872100822627544e-04
3.900000000000000000e+02,9.689535363577306271e-04
3.910000000000000000e+02,9.637189796194434166e-04
3.920000000000000000e+02,9.596862946636974812e-04
3.930000000000000000e+02,9.551067487336695194e-04
3.940000000000000000e+02,9.507459471933543682e-04
3.950000000000000000e+02,9.476161794736981392e-04
3.960000000000000000e+02,9.428049088455736637e-04
3.970000000000000000e+02,9.399568662047386169e-04
3.980000000000000000e+02,9.341817931272089481e-04
3.990000000000000000e+02,9.294275077991187572e-04
4.000000000000000000e+02,9.231541771441698074e-04
4.010000000000000000e+02,9.277139906771481037e-04
4.020000000000000000e+02,9.199094492942094803e-04
4.030000000000000000e+02,9.167718817479908466e-04
4.040000000000000000e+02,9.128460660576820374e-04
4.050000000000000000e+02,9.102332405745983124e-04
4.060000000000000000e+02,9.040660806931555271e-04
4.070000000000000000e+02,8.970549679361283779e-04
4.080000000000000000e+02,8.918644743971526623e-04
4.090000000000000000e+02,8.871515165083110332e-04
4.100000000000000000e+02,8.811422158032655716e-04
4.110000000000000000e+02,8.827041601762175560e-04
4.120000000000000000e+02,8.778971387073397636e-04
4.130000000000000000e+02,8.745820960029959679e-04
4.140000000000000000e+02,8.729001856409013271e-04
4.150000000000000000e+02,8.691480616107583046e-04
4.160000000000000000e+02,8.640480809845030308e-04
4.170000000000000000e+02,8.588270284235477448e-04
4.180000000000000000e+02,8.541793795302510262e-04
4.190000000000000000e+02,8.509998442605137825e-04
4.200000000000000000e+02,8.489574538543820381e-04
4.210000000000000000e+02,8.485201979056000710e-04
4.220000000000000000e+02,8.437448414042592049e-04
4.230000000000000000e+02,8.417212520726025105e-04
4.240000000000000000e+02,8.379501523450016975e-04
4.250000000000000000e+02,8.310262928716838360e-04
4.260000000000000000e+02,8.264829521067440510e-04
4.270000000000000000e+02,8.259422029368579388e-04
4.280000000000000000e+02,8.235295535996556282e-04
4.290000000000000000e+02,8.211046224460005760e-04
4.300000000000000000e+02,8.193012326955795288e-04
4.310000000000000000e+02,8.158392738550901413e-04
4.320000000000000000e+02,8.105480228550732136e-04
4.330000000000000000e+02,8.082182030193507671e-04
4.340000000000000000e+02,8.013469632714986801e-04
4.350000000000000000e+02,7.990599842742085457e-04
4.360000000000000000e+02,7.972639286890625954e-04
4.370000000000000000e+02,7.940949872136116028e-04
4.380000000000000000e+02,7.906021201051771641e-04
4.390000000000000000e+02,7.881493656896054745e-04
4.400000000000000000e+02,7.853327551856637001e-04
4.410000000000000000e+02,7.843798375688493252e-04
4.420000000000000000e+02,7.803756743669509888e-04
4.430000000000000000e+02,7.785691414028406143e-04
4.440000000000000000e+02,7.759834406897425652e-04
4.450000000000000000e+02,7.732857484370470047e-04
4.460000000000000000e+02,7.707570912316441536e-04
4.470000000000000000e+02,7.683438016101717949e-04
4.480000000000000000e+02,7.637433009222149849e-04
4.490000000000000000e+02,7.586943684145808220e-04
4.500000000000000000e+02,7.501713698729872704e-04
4.510000000000000000e+02,7.467031246051192284e-04
4.520000000000000000e+02,7.439529290422797203e-04
4.530000000000000000e+02,7.424805662594735622e-04
4.540000000000000000e+02,7.411434780806303024e-04
4.550000000000000000e+02,7.395718712359666824e-04
4.560000000000000000e+02,7.376732537522912025e-04
4.570000000000000000e+02,7.357089780271053314e-04
4.580000000000000000e+02,7.324835751205682755e-04
4.590000000000000000e+02,7.278187549673020840e-04
4.600000000000000000e+02,7.236414239741861820e-04
4.610000000000000000e+02,7.211861084215342999e-04
4.620000000000000000e+02,7.197866216301918030e-04
4.630000000000000000e+02,7.179362000897526741e-04
4.640000000000000000e+02,7.160723907873034477e-04
4.650000000000000000e+02,7.136070053093135357e-04
4.660000000000000000e+02,7.117785280570387840e-04
4.670000000000000000e+02,7.094842731021344662e-04
4.680000000000000000e+02,7.073884480632841587e-04
4.690000000000000000e+02,7.051072316244244576e-04
4.700000000000000000e+02,7.018700707703828812e-04
4.710000000000000000e+02,6.996038719080388546e-04
4.720000000000000000e+02,6.998058524914085865e-04
4.730000000000000000e+02,6.979063618928194046e-04
4.740000000000000000e+02,6.960452301427721977e-04
4.750000000000000000e+02,6.940665189176797867e-04
4.760000000000000000e+02,6.924851331859827042e-04
4.770000000000000000e+02,6.898238207213580608e-04
4.780000000000000000e+02,6.877887062728404999e-04
4.790000000000000000e+02,6.841893773525953293e-04
4.800000000000000000e+02,6.816840614192187786e-04
4.810000000000000000e+02,6.791317719034850597e-04
4.820000000000000000e+02,6.772417109459638596e-04
4.830000000000000000e+02,6.730059394612908363e-04
4.840000000000000000e+02,6.716644857078790665e-04
4.850000000000000000e+02,6.685428670607507229e-04
4.860000000000000000e+02,6.674918113276362419e-04
4.870000000000000000e+02,6.665979162789881229e-04
4.880000000000000000e+02,6.655179895460605621e-04
4.890000000000000000e+02,6.630762363784015179e-04
4.900000000000000000e+02,6.603415822610259056e-04
4.910000000000000000e+02,6.572637357749044895e-04
4.920000000000000000e+02,6.553350249305367470e-04
4.930000000000000000e+02,6.523893098346889019e-04
4.940000000000000000e+02,6.503546028397977352e-04
4.950000000000000000e+02,6.482269382104277611e-04
4.960000000000000000e+02,6.461485172621905804e-04
4.970000000000000000e+02,6.435359828174114227e-04
4.980000000000000000e+02,6.415669922716915607e-04
4.990000000000000000e+02,6.424989551305770874e-04
5.000000000000000000e+02,6.396785611286759377e-04
5.010000000000000000e+02,6.361512932926416397e-04
5.020000000000000000e+02,6.345952278934419155e-04
5.030000000000000000e+02,6.316707585938274860e-04
5.040000000000000000e+02,6.288477452471852303e-04
5.050000000000000000e+02,6.261227536015212536e-04
5.060000000000000000e+02,6.241262890398502350e-04
5.070000000000000000e+02,6.228606216609477997e-04
5.080000000000000000e+02,6.220599752850830555e-04
5.090000000000000000e+02,6.211638683453202248e-04
5.100000000000000000e+02,6.191195570863783360e-04
5.110000000000000000e+02,6.178440526127815247e-04
5.120000000000000000e+02,6.141811609268188477e-04
5.130000000000000000e+02,6.100698374211788177e-04
5.140000000000000000e+02,6.105572683736681938e-04
5.150000000000000000e+02,6.072706310078501701e-04
5.160000000000000000e+02,6.037182174623012543e-04
5.170000000000000000e+02,6.019761785864830017e-04
5.180000000000000000e+02,6.073640543036162853e-04
5.190000000000000000e+02,6.009466014802455902e-04
5.200000000000000000e+02,5.987501936033368111e-04
5.210000000000000000e+02,5.944052245467901230e-04
5.220000000000000000e+02,5.914311623200774193e-04
5.230000000000000000e+02,5.885639693588018417e-04
5.240000000000000000e+02,5.858159274794161320e-04
5.250000000000000000e+02,5.836838972754776478e-04
5.260000000000000000e+02,5.820123478770256042e-04
5.270000000000000000e+02,5.802218802273273468e-04
5.280000000000000000e+02,5.772839067503809929e-04
5.290000000000000000e+02,5.750372656621038914e-04
5.300000000000000000e+02,5.735898157581686974e-04
5.310000000000000000e+02,5.741653731092810631e-04
5.320000000000000000e+02,5.725712981075048447e-04
5.330000000000000000e+02,5.712403217330574989e-04
5.340000000000000000e+02,5.699039320461452007e-04
5.350000000000000000e+02,5.681208567693829536e-04
5.360000000000000000e+02,5.664281197823584080e-04
5.370000000000000000e+02,5.648238584399223328e-04
5.380000000000000000e+02,5.626353668048977852e-04
5.390000000000000000e+02,5.598621210083365440e-04
5.400000000000000000e+02,5.578902782872319221e-04
5.410000000000000000e+02,5.583718302659690380e-04
5.420000000000000000e+02,5.567698972299695015e-04
5.430000000000000000e+02,5.550277419388294220e-04
5.440000000000000000e+02,5.537266843020915985e-04
5.450000000000000000e+02,5.527777830138802528e-04
5.460000000000000000e+02,5.517118261195719242e-04
5.470000000000000000e+02,5.498748505488038063e-04
5.480000000000000000e+02,5.482535343617200851e-04
5.490000000000000000e+02,5.486359004862606525e-04
5.500000000000000000e+02,5.470565520226955414e-04
5.510000000000000000e+02,5.447290604934096336e-04
5.520000000000000000e+02,5.431932513602077961e-04
5.530000000000000000e+02,5.429839366115629673e-04
5.540000000000000000e+02,5.410383455455303192e-04
5.550000000000000000e+02,5.390713922679424286e-04
5.560000000000000000e+02,5.375036853365600109e-04
5.570000000000000000e+02,5.350829451344907284e-04
5.580000000000000000e+02,5.321870557963848114e-04
5.590000000000000000e+02,5.290146218612790108e-04
5.600000000000000000e+02,5.261534824967384338e-04
5.610000000000000000e+02,5.230059614405035973e-04
5.620000000000000000e+02,5.241910112090408802e-04
5.630000000000000000e+02,5.216911085881292820e-04
5.640000000000000000e+02,5.198237486183643341e-04
5.650000000000000000e+02,5.182590684853494167e-04
5.660000000000000000e+02,5.171418306417763233e-04
5.670000000000000000e+02,5.158262210898101330e-04
5.680000000000000000e+02,5.146861076354980469e-04
5.690000000000000000e+02,5.126962787471711636e-04
5.700000000000000000e+02,5.116150714457035065e-04
5.710000000000000000e+02,5.103691946715116501e-04
5.720000000000000000e+02,5.083729047328233719e-04
5.730000000000000000e+02,5.066878511570394039e-04
5.740000000000000000e+02,5.044508143328130245e-04
5.750000000000000000e+02,5.029625608585774899e-04
5.760000000000000000e+02,5.012778565287590027e-04
5.770000000000000000e+02,4.993164329789578915e-04
5.780000000000000000e+02,4.981696838513016701e-04
5.790000000000000000e+02,4.960025544278323650e-04
5.800000000000000000e+02,4.989078734070062637e-04
5.810000000000000000e+02,4.950357251800596714e-04
5.820000000000000000e+02,4.936968907713890076e-04
5.830000000000000000e+02,4.919286584481596947e-04
5.840000000000000000e+02,4.889693227596580982e-04
5.850000000000000000e+02,4.857135645579546690e-04
5.860000000000000000e+02,4.840361652895808220e-04
5.870000000000000000e+02,4.830880207009613514e-04
5.880000000000000000e+02,4.812020633835345507e-04
5.890000000000000000e+02,4.798947193194180727e-04
5.900000000000000000e+02,4.780329181812703609e-04
5.910000000000000000e+02,4.761264426633715630e-04
5.920000000000000000e+02,4.747623461298644543e-04
5.930000000000000000e+02,4.727797640953212976e-04
5.940000000000000000e+02,4.708073684014379978e-04
5.950000000000000000e+02,4.682723083533346653e-04
5.960000000000000000e+02,4.668020701501518488e-04
5.970000000000000000e+02,4.659867263399064541e-04
5.980000000000000000e+02,4.651077324524521828e-04
5.990000000000000000e+02,4.644082509912550449e-04
6.000000000000000000e+02,4.631434567272663116e-04
6.010000000000000000e+02,4.614844219759106636e-04
6.020000000000000000e+02,4.608840099535882473e-04
6.030000000000000000e+02,4.589553282130509615e-04
6.040000000000000000e+02,4.584084381349384785e-04
6.050000000000000000e+02,4.576822684612125158e-04
6.060000000000000000e+02,4.569599987007677555e-04
6.070000000000000000e+02,4.560195957310497761e-04
6.080000000000000000e+02,4.546774725895375013e-04
6.090000000000000000e+02,4.537760396488010883e-04
6.100000000000000000e+02,4.528331628534942865e-04
6.110000000000000000e+02,4.512040177360177040e-04
6.120000000000000000e+02,4.501424846239387989e-04
6.130000000000000000e+02,4.477455513551831245e-04
6.140000000000000000e+02,4.466461250558495522e-04
6.150000000000000000e+02,4.456311580725014210e-04
6.160000000000000000e+02,4.454544978216290474e-04
6.170000000000000000e+02,4.442268400453031063e-04
6.180000000000000000e+02,4.435991286300122738e-04
6.190000000000000000e+02,4.427852982189506292e-04
6.200000000000000000e+02,4.421558405738323927e-04
6.210000000000000000e+02,4.411621193867176771e-04
6.220000000000000000e+02,4.394652496557682753e-04
6.230000000000000000e+02,4.382751358207315207e-04
6.240000000000000000e+02,4.360234306659549475e-04
6.250000000000000000e+02,4.342755710240453482e-04
6.260000000000000000e+02,4.323126340750604868e-04
6.270000000000000000e+02,4.301100852899253368e-04
6.280000000000000000e+02,4.288720956537872553e-04
6.290000000000000000e+02,4.278890555724501610e-04
6.300000000000000000e+02,4.266583418939262629e-04
6.310000000000000000e+02,4.253755032550543547e-04
6.320000000000000000e+02,4.246625467203557491e-04
6.330000000000000000e+02,4.238905094098299742e-04
6.340000000000000000e+02,4.228926554787904024e-04
6.350000000000000000e+02,4.218839749228209257e-04
6.360000000000000000e+02,4.210971819702535868e-04
6.370000000000000000e+02,4.203370190225541592e-04
6.380000000000000000e+02,4.194624489173293114e-04
6.390000000000000000e+02,4.180769028607755899e-04
6.400000000000000000e+02,4.165011050645262003e-04
6.410000000000000000e+02,4.153336049057543278e-04
6.420000000000000000e+02,4.144409322179853916e-04
6.430000000000000000e+02,4.139204393140971661e-04
6.440000000000000000e+02,4.120516823604702950e-04
6.450000000000000000e+02,4.101051308680325747e-04
6.460000000000000000e+02,4.081235965713858604e-04
6.470000000000000000e+02,4.062450898345559835e-04
6.480000000000000000e+02,4.064421518705785275e-04
6.490000000000000000e+02,4.049401904921978712e-04
6.500000000000000000e+02,4.031920398119837046e-04
6.510000000000000000e+02,4.016268649138510227e-04
6.520000000000000000e+02,4.005338123533874750e-04
6.530000000000000000e+02,3.993788850493729115e-04
6.540000000000000000e+02,3.981871996074914932e-04
6.550000000000000000e+02,3.973517450504004955e-04
6.560000000000000000e+02,3.966006916016340256e-04
6.570000000000000000e+02,3.953905543312430382e-04
6.580000000000000000e+02,3.987256495747715235e-04
6.590000000000000000e+02,3.948485828004777431e-04
6.600000000000000000e+02,3.936281136702746153e-04
6.610000000000000000e+02,3.928447258658707142e-04
6.620000000000000000e+02,3.922285395674407482e-04
6.630000000000000000e+02,3.915746638085693121e-04
6.640000000000000000e+02,3.903983451891690493e-04
6.650000000000000000e+02,3.900221490766853094e-04
6.660000000000000000e+02,3.884632023982703686e-04
6.670000000000000000e+02,3.877056587953120470e-04
6.680000000000000000e+02,3.868406929541379213e-04
6.690000000000000000e+02,3.853598900604993105e-04
6.700000000000000000e+02,3.865242179017513990e-04
6.710000000000000000e+02,3.844860475510358810e-04
6.720000000000000000e+02,3.829908382613211870e-04
6.730000000000000000e+02,3.820756101049482822e-04
6.740000000000000000e+02,3.808734763879328966e-04
6.750000000000000000e+02,3.793453215621411800e-04
6.760000000000000000e+02,3.780870756600052118e-04
6.770000000000000000e+02,3.770317998714745045e-04
6.780000000000000000e+02,3.760188992600888014e-04
6.790000000000000000e+02,3.740178071893751621e-04
6.800000000000000000e+02,3.726438153535127640e-04
6.810000000000000000e+02,3.709158045239746571e-04
6.820000000000000000e+02,3.703245893120765686e-04
6.830000000000000000e+02,3.688117431011050940e-04
6.840000000000000000e+02,3.680606314446777105e-04
6.850000000000000000e+02,3.671965678222477436e-04
6.860000000000000000e+02,3.660689690150320530e-04
6.870000000000000000e+02,3.649918653536587954e-04
6.880000000000000000e+02,3.641143848653882742e-04
6.890000000000000000e+02,3.630818973761051893e-04
6.900000000000000000e+02,3.615900059230625629e-04
6.910000000000000000e+02,3.616610192693769932e-04
6.920000000000000000e+02,3.609089762903749943e-04
6.930000000000000000e+02,3.596141759771853685e-04
6.940000000000000000e+02,3.590048290789127350e-04
6.950000000000000000e+02,3.586061648093163967e-04
6.960000000000000000e+02,3.578264149837195873e-04
6.970000000000000000e+02,3.594652516767382622e-04
6.980000000000000000e+02,3.572729183360934258e-04
6.990000000000000000e+02,3.562254423741251230e-04
7.000000000000000000e+02,3.550738911144435406e-04
7.010000000000000000e+02,3.544774081092327833e-04
7.020000000000000000e+02,3.536106960382312536e-04
7.030000000000000000e+02,3.521761391311883926e-04
7.040000000000000000e+02,3.518276207614690065e-04
7.050000000000000000e+02,3.499340091366320848e-04
7.060000000000000000e+02,3.495220153126865625e-04
7.070000000000000000e+02,3.487994545139372349e-04
7.080000000000000000e+02,3.467217029538005590e-04
7.090000000000000000e+02,3.452349337749183178e-04
7.100000000000000000e+02,3.432086086831986904e-04
7.110000000000000000e+02,3.418594715185463428e-04
7.120000000000000000e+02,3.408980264794081450e-04
7.130000000000000000e+02,3.398732224013656378e-04
7.140000000000000000e+02,3.388394252397119999e-04
7.150000000000000000e+02,3.384283627383410931e-04
7.160000000000000000e+02,3.376727981958538294e-04
7.170000000000000000e+02,3.363193536642938852e-04
7.180000000000000000e+02,3.350874758325517178e-04
7.190000000000000000e+02,3.337992529850453138e-04
7.200000000000000000e+02,3.326639707665890455e-04
7.210000000000000000e+02,3.317273512948304415e-04
7.220000000000000000e+02,3.310882602818310261e-04
7.230000000000000000e+02,3.304838610347360373e-04
7.240000000000000000e+02,3.296810027677565813e-04
7.250000000000000000e+02,3.287607978563755751e-04
7.260000000000000000e+02,3.277930081821978092e-04
7.270000000000000000e+02,3.271271125413477421e-04
7.280000000000000000e+02,3.263945982325822115e-04
7.290000000000000000e+02,3.255873161833733320e-04
7.300000000000000000e+02,3.243099781684577465e-04
7.310000000000000000e+02,3.265294071752578020e-04
7.320000000000000000e+02,3.238982753828167915e-04
7.330000000000000000e+02,3.230650036130100489e-04
7.340000000000000000e+02,3.223869425710290670e-04
7.350000000000000000e+02,3.216040786355733871e-04
7.360000000000000000e+02,3.206526744179427624e-04
7.370000000000000000e+02,3.202301159035414457e-04
7.380000000000000000e+02,3.190285351593047380e-04
7.390000000000000000e+02,3.184946253895759583e-04
7.400000000000000000e+02,3.181439533364027739e-04
7.410000000000000000e+02,3.176852769684046507e-04
7.420000000000000000e+02,3.172479046043008566e-04
7.430000000000000000e+02,3.168562834616750479e-04
7.440000000000000000e+02,3.163377405144274235e-04
7.450000000000000000e+02,3.152827266603708267e-04
7.460000000000000000e+02,3.319192037452012300e-04
7.470000000000000000e+02,3.150955308228731155e-04
7.480000000000000000e+02,3.142532368656247854e-04
7.490000000000000000e+02,3.137963358312845230e-04
7.500000000000000000e+02,3.134329454042017460e-04
7.510000000000000000e+02,3.130449331365525723e-04
7.520000000000000000e+02,3.135968581773340702e-04
7.530000000000000000e+02,3.127846575807780027e-04
7.540000000000000000e+02,3.121281042695045471e-04
7.550000000000000000e+02,3.118171589449048042e-04
7.560000000000000000e+02,3.115804283879697323e-04
7.570000000000000000e+02,3.113773127552121878e-04
7.580000000000000000e+02,3.107670636381953955e-04
7.590000000000000000e+02,3.099887399002909660e-04
7.600000000000000000e+02,3.106062067672610283e-04
7.610000000000000000e+02,3.096084692515432835e-04
7.620000000000000000e+02,3.088353259954601526e-04
7.630000000000000000e+02,3.094722633250057697e-04
7.640000000000000000e+02,3.085323842242360115e-04
7.650000000000000000e+02,3.081428003497421741e-04
7.660000000000000000e+02,3.076176508329808712e-04
7.670000000000000000e+02,3.074505366384983063e-04
7.680000000000000000e+02,3.067558282054960728e-04
7.690000000000000000e+02,3.064332122448831797e-04
7.700000000000000000e+02,3.061184543184936047e-04
7.710000000000000000e+02,3.057371068280190229e-04
7.720000000000000000e+02,3.055990673601627350e-04
7.730000000000000000e+02,3.046841302420943975e-04
7.740000000000000000e+02,3.042597381863743067e-04
7.750000000000000000e+02,3.037769929505884647e-04
7.760000000000000000e+02,3.031527157872915268e-04
7.770000000000000000e+02,3.024565230589359999e-04
7.780000000000000000e+02,3.014481917489320040e-04
7.790000000000000000e+02,3.005288599524646997e-04
7.800000000000000000e+02,2.996355760842561722e-04
7.810000000000000000e+02,2.988433407153934240e-04
7.820000000000000000e+02,2.999010903295129538e-04
7.830000000000000000e+02,2.986174658872187138e-04
7.840000000000000000e+02,2.980657154694199562e-04
7.850000000000000000e+02,2.976563118863850832e-04
7.860000000000000000e+02,2.969125634990632534e-04
7.870000000000000000e+02,2.959759149234741926e-04
7.880000000000000000e+02,2.945743035525083542e-04
7.890000000000000000e+02,2.939100377261638641e-04
7.900000000000000000e+02,2.934908261522650719e-04
7.910000000000000000e+02,2.925661683548241854e-04
7.920000000000000000e+02,2.922354324255138636e-04
7.930000000000000000e+02,2.916361845564097166e-04
7.940000000000000000e+02,2.910072507802397013e-04
7.950000000000000000e+02,2.903574495576322079e-04
7.960000000000000000e+02,2.905078290496021509e-04
7.970000000000000000e+02,2.898925740737468004e-04
7.980000000000000000e+02,2.896955411415547132e-04
7.990000000000000000e+02,2.890349132940173149e-04
8.000000000000000000e+02,2.886685833800584078e-04
8.010000000000000000e+02,2.881991385947912931e-04
8.020000000000000000e+02,2.876080980058759451e-04
8.030000000000000000e+02,2.895801444537937641e-04
8.040000000000000000e+02,2.872831246349960566e-04
8.050000000000000000e+02,2.864917623810470104e-04
8.060000000000000000e+02,2.858588122762739658e-04
8.070000000000000000e+02,2.854091289918869734e-04
8.080000000000000000e+02,2.847355208359658718e-04
8.090000000000000000e+02,2.841390669345855713e-04
8.100000000000000000e+02,2.845037088263779879e-04
8.110000000000000000e+02,2.838233194779604673e-04
8.120000000000000000e+02,2.832747122738510370e-04
8.130000000000000000e+02,2.828926080837845802e-04
8.140000000000000000e+02,2.822940878104418516e-04
8.150000000000000000e+02,2.816959167830646038e-04
8.160000000000000000e+02,2.811274898704141378e-04
8.170000000000000000e+02,2.803573734126985073e-04
8.180000000000000000e+02,2.798880159389227629e-04
8.190000000000000000e+02,2.793205785565078259e-04
8.200000000000000000e+02,2.783054951578378677e-04
8.210000000000000000e+02,2.777979825623333454e-04
8.220000000000000000e+02,2.772358420770615339e-04
8.230000000000000000e+02,2.765480894595384598e-04
8.240000000000000000e+02,2.758014597930014133e-04
8.250000000000000000e+02,2.748745027929544449e-04
8.260000000000000000e+02,2.743473451118916273e-04
8.270000000000000000e+02,2.738472539931535721e-04
8.280000000000000000e+02,2.731510612647980452e-04
8.290000000000000000e+02,2.727053069975227118e-04
8.300000000000000000e+02,2.723357465583831072e-04
8.310000000000000000e+02,2.716613525990396738e-04
8.320000000000000000e+02,2.707308449316769838e-04
8.330000000000000000e+02,2.701859048102051020e-04
8.340000000000000000e+02,2.694423310458660126e-04
8.350000000000000000e+02,2.689525426831096411e-04
8.360000000000000000e+02,2.687433152459561825e-04
8.370000000000000000e+02,2.683537313714623451e-04
8.380000000000000000e+02,2.685167710296809673e-04
8.390000000000000000e+02,2.681307960301637650e-04
8.400000000000000000e+02,2.677607408259063959e-04
8.410000000000000000e+02,2.674090792424976826e-04
8.420000000000000000e+02,2.669935638550668955e-04
8.430000000000000000e+02,2.662737388163805008e-04
8.440000000000000000e+02,2.654914860613644123e-04
8.450000000000000000e+02,2.651098766364157200e-04
8.460000000000000000e+02,2.644842606969177723e-04
8.470000000000000000e+02,2.641905739437788725e-04
8.480000000000000000e+02,2.638654259499162436e-04
8.490000000000000000e+02,2.632683608680963516e-04
8.500000000000000000e+02,2.632144314702600241e-04
8.510000000000000000e+02,2.628122747410088778e-04
8.520000000000000000e+02,2.622238243930041790e-04
8.530000000000000000e+02,2.616303972899913788e-04
8.540000000000000000e+02,2.641432802192866802e-04
8.550000000000000000e+02,2.614792610984295607e-04
8.560000000000000000e+02,2.612209937069565058e-04
8.570000000000000000e+02,2.606865891721099615e-04
8.580000000000000000e+02,2.601679880172014236e-04
8.590000000000000000e+02,2.596879494376480579e-04
8.600000000000000000e+02,2.591640513855963945e-04
8.610000000000000000e+02,2.587790368124842644e-04
8.620000000000000000e+02,2.584661997389048338e-04
8.630000000000000000e+02,2.582573506515473127e-04
8.640000000000000000e+02,2.578822604846209288e-04
8.650000000000000000e+02,2.575026010163128376e-04
8.660000000000000000e+02,2.570832148194313049e-04
8.670000000000000000e+02,2.564819587860256433e-04
8.680000000000000000e+02,2.561016008257865906e-04
8.690000000000000000e+02,2.557833795435726643e-04
8.700000000000000000e+02,2.554395177867263556e-04
8.710000000000000000e+02,2.546419273130595684e-04
8.720000000000000000e+02,2.543740847613662481e-04
8.730000000000000000e+02,2.535886596888303757e-04
8.740000000000000000e+02,2.532992511987686157e-04
8.750000000000000000e+02,2.529983175918459892e-04
8.760000000000000000e+02,2.526298922020941973e-04
8.770000000000000000e+02,2.515551459509879351e-04
8.780000000000000000e+02,2.509752812329679728e-04
8.790000000000000000e+02,2.503454743418842554e-04
8.800000000000000000e+02,2.496191009413450956e-04
8.810000000000000000e+02,2.490711340215057135e-04
8.820000000000000000e+02,2.484592550899833441e-04
8.830000000000000000e+02,2.480590483173727989e-04
8.840000000000000000e+02,2.474636130500584841e-04
8.850000000000000000e+02,2.479277609381824732e-04
8.860000000000000000e+02,2.472083433531224728e-04
8.870000000000000000e+02,2.468793536536395550e-04
8.880000000000000000e+02,2.462471602484583855e-04
8.890000000000000000e+02,2.456650836393237114e-04
8.900000000000000000e+02,2.449468011036515236e-04
8.910000000000000000e+02,2.467944286763668060e-04
8.920000000000000000e+02,2.445909485686570406e-04
8.930000000000000000e+02,2.439509844407439232e-04
8.940000000000000000e+02,2.434620109852403402e-04
8.950000000000000000e+02,2.430414169793948531e-04
8.960000000000000000e+02,2.426135470159351826e-04
8.970000000000000000e+02,2.422002289677038789e-04
8.980000000000000000e+02,2.418665681034326553e-04
8.990000000000000000e+02,2.407159336144104600e-04
9.000000000000000000e+02,2.400499797658994794e-04
9.010000000000000000e+02,2.395442716078832746e-04
9.020000000000000000e+02,2.390640293015167117e-04
9.030000000000000000e+02,2.387939894106239080e-04
9.040000000000000000e+02,2.385431725997477770e-04
9.050000000000000000e+02,2.380255464231595397e-04
9.060000000000000000e+02,2.371380396652966738e-04
9.070000000000000000e+02,2.374514151597395539e-04
9.080000000000000000e+02,2.368448185734450817e-04
9.090000000000000000e+02,2.364815445616841316e-04
9.100000000000000000e+02,2.361428487347438931e-04
9.110000000000000000e+02,2.357884950470179319e-04
9.120000000000000000e+02,2.350218564970418811e-04
9.130000000000000000e+02,2.342881198273971677e-04
9.140000000000000000e+02,2.336953184567391872e-04
9.150000000000000000e+02,2.330376155441626906e-04
9.160000000000000000e+02,2.326892426935955882e-04
9.170000000000000000e+02,2.322322397958487272e-04
9.180000000000000000e+02,2.318875340279191732e-04
9.190000000000000000e+02,2.314234297955408692e-04
9.200000000000000000e+02,2.309481205884367228e-04
9.210000000000000000e+02,2.301370550412684679e-04
9.220000000000000000e+02,2.321486535947769880e-04
9.230000000000000000e+02,2.299477055203169584e-04
9.240000000000000000e+02,2.293311117682605982e-04
9.250000000000000000e+02,2.291028213221579790e-04
9.260000000000000000e+02,2.284736692672595382e-04
9.270000000000000000e+02,2.278298925375565886e-04
9.280000000000000000e+02,2.269044925924390554e-04
9.290000000000000000e+02,2.261469344375655055e-04
9.300000000000000000e+02,2.257926535094156861e-04
9.310000000000000000e+02,2.255770232295617461e-04
9.320000000000000000e+02,2.253392012789845467e-04
9.330000000000000000e+02,2.248178789159283042e-04
9.340000000000000000e+02,2.239836758235469460e-04
9.350000000000000000e+02,2.230628306278958917e-04
9.360000000000000000e+02,2.223968476755544543e-04
9.370000000000000000e+02,2.219257294200360775e-04
9.380000000000000000e+02,2.215424319729208946e-04
9.390000000000000000e+02,2.210247475886717439e-04
9.400000000000000000e+02,2.205181663157418370e-04
9.410000000000000000e+02,2.199470036430284381e-04
9.420000000000000000e+02,2.195400884374976158e-04
9.430000000000000000e+02,2.193053660448640585e-04
9.440000000000000000e+02,2.185496123274788260e-04
9.450000000000000000e+02,2.178694703616201878e-04
9.460000000000000000e+02,2.173668326577171683e-04
9.470000000000000000e+02,2.170935622416436672e-04
9.480000000000000000e+02,2.169113140553236008e-04
9.490000000000000000e+02,2.164270845241844654e-04
9.500000000000000000e+02,2.156596601707860827e-04
9.510000000000000000e+02,2.151151711586862803e-04
9.520000000000000000e+02,2.144801546819508076e-04
9.530000000000000000e+02,2.141012664651498199e-04
9.540000000000000000e+02,2.137663395842537284e-04
9.550000000000000000e+02,2.130835055140778422e-04
9.560000000000000000e+02,2.126751933246850967e-04
9.570000000000000000e+02,2.120217395713552833e-04
9.580000000000000000e+02,2.115625829901546240e-04
9.590000000000000000e+02,2.109979832312092185e-04
9.600000000000000000e+02,2.102643920807167888e-04
9.610000000000000000e+02,2.095408417517319322e-04
9.620000000000000000e+02,2.099783159792423248e-04
9.630000000000000000e+02,2.092306676786392927e-04
9.640000000000000000e+02,2.087764296447858214e-04
9.650000000000000000e+02,2.085920568788424134e-04
9.660000000000000000e+02,2.081412822008132935e-04
9.670000000000000000e+02,2.072552451863884926e-04
9.680000000000000000e+02,2.064807922579348087e-04
9.690000000000000000e+02,2.056360972346737981e-04
9.700000000000000000e+02,2.052409836323931813e-04
9.710000000000000000e+02,2.046119625447317958e-04
9.720000000000000000e+02,2.044327702606096864e-04
9.730000000000000000e+02,2.040111721726134419e-04
9.740000000000000000e+02,2.035394136328250170e-04
9.750000000000000000e+02,2.029952011071145535e-04
9.760000000000000000e+02,2.025448338827118278e-04
9.770000000000000000e+02,2.021114341914653778e-04
9.780000000000000000e+02,2.018291706917807460e-04
9.790000000000000000e+02,2.015229983953759074e-04
9.800000000000000000e+02,2.012855984503403306e-04
9.810000000000000000e+02,2.011437463806942105e-04
9.820000000000000000e+02,2.008715382544323802e-04
9.830000000000000000e+02,2.004640118684619665e-04
9.840000000000000000e+02,1.999637315748259425e-04
9.850000000000000000e+02,1.995280326809734106e-04
9.860000000000000000e+02,1.988949370570480824e-04
9.870000000000000000e+02,2.002504334086552262e-04
9.880000000000000000e+02,1.986669958569109440e-04
9.890000000000000000e+02,1.982837711693719029e-04
9.900000000000000000e+02,1.978498039534315467e-04
9.910000000000000000e+02,1.974296756088733673e-04
9.920000000000000000e+02,1.969875738723203540e-04
9.930000000000000000e+02,1.966661511687561870e-04
9.940000000000000000e+02,1.961997186299413443e-04
9.950000000000000000e+02,1.959021174116060138e-04
9.960000000000000000e+02,1.957248896360397339e-04
9.970000000000000000e+02,1.953870232682675123e-04
9.980000000000000000e+02,1.947081618709489703e-04
9.990000000000000000e+02,1.981059613171964884e-04
1.000000000000000000e+03,1.945449475897476077e-04
1.001000000000000000e+03,1.941209338838234544e-04
1.002000000000000000e+03,1.938136556418612599e-04
1.003000000000000000e+03,1.936571206897497177e-04
1.004000000000000000e+03,1.934478495968505740e-04
1.005000000000000000e+03,1.931363076437264681e-04
1.006000000000000000e+03,1.929898280650377274e-04
1.007000000000000000e+03,1.924475945997983217e-04
1.008000000000000000e+03,1.922131486935541034e-04
1.009000000000000000e+03,1.919336355058476329e-04
1.010000000000000000e+03,1.916201872518286109e-04
1.011000000000000000e+03,1.912971783895045519e-04
1.012000000000000000e+03,1.907886471599340439e-04
1.013000000000000000e+03,1.905920798890292645e-04
1.014000000000000000e+03,1.904429518617689610e-04
1.015000000000000000e+03,1.901650830404832959e-04
1.016000000000000000e+03,1.896512694656848907e-04
1.017000000000000000e+03,1.891765714390203357e-04
1.018000000000000000e+03,1.886494719656184316e-04
1.019000000000000000e+03,1.883455697679892182e-04
1.020000000000000000e+03,1.880706258816644549e-04
1.021000000000000000e+03,1.874843583209440112e-04
1.022000000000000000e+03,1.869190891738981009e-04
1.023000000000000000e+03,1.862666395027190447e-04
1.024000000000000000e+03,1.858533360064029694e-04
1.025000000000000000e+03,1.854890870163217187e-04
1.026000000000000000e+03,1.850678236223757267e-04
1.027000000000000000e+03,1.842766214394941926e-04
1.028000000000000000e+03,1.838029565988108516e-04
1.029000000000000000e+03,1.833770220400765538e-04
1.030000000000000000e+03,1.832294074120000005e-04
1.031000000000000000e+03,1.827253290684893727e-04
1.032000000000000000e+03,1.825703802751377225e-04
1.033000000000000000e+03,1.823839120334014297e-04
1.034000000000000000e+03,1.821838959585875273e-04
1.035000000000000000e+03,1.823649945436045527e-04
1.036000000000000000e+03,1.820167090045288205e-04
1.037000000000000000e+03,1.817308802856132388e-04
1.038000000000000000e+03,1.814581337384879589e-04
1.039000000000000000e+03,1.812324626371264458e-04
1.040000000000000000e+03,1.809945679269731045e-04
1.041000000000000000e+03,1.809844252420589328e-04
1.042000000000000000e+03,1.808256929507479072e-04
1.043000000000000000e+03,1.805452629923820496e-04
1.044000000000000000e+03,1.803874911274760962e-04
1.045000000000000000e+03,1.802335900720208883e-04
1.046000000000000000e+03,1.800791214918717742e-04
1.047000000000000000e+03,1.798446319298818707e-04
1.048000000000000000e+03,1.796517317416146398e-04
1.049000000000000000e+03,1.792115654097869992e-04
1.050000000000000000e+03,1.790253299986943603e-04
1.051000000000000000e+03,1.787194778444245458e-04
1.052000000000000000e+03,1.784045016393065453e-04
1.053000000000000000e+03,1.780295278877019882e-04
1.054000000000000000e+03,1.781627361197024584e-04
1.055000000000000000e+03,1.777950237737968564e-04
1.056000000000000000e+03,1.776243589119985700e-04
1.057000000000000000e+03,1.772640389390289783e-04
1.058000000000000000e+03,1.770299713825806975e-04
1.059000000000000000e+03,1.767833164194598794e-04
1.060000000000000000e+03,1.763278414728119969e-04
1.061000000000000000e+03,1.758530561346560717e-04
1.062000000000000000e+03,1.756290148478001356e-04
1.063000000000000000e+03,1.751454401528462768e-04
1.064000000000000000e+03,1.749297225615009665e-04
1.065000000000000000e+03,1.743643224472180009e-04
1.066000000000000000e+03,1.739296858431771398e-04
1.067000000000000000e+03,1.734821562422439456e-04
1.068000000000000000e+03,1.729980722302570939e-04
1.069000000000000000e+03,1.726406044326722622e-04
1.070000000000000000e+03,1.721992302918806672e-04
1.071000000000000000e+03,1.718353450996801257e-04
1.072000000000000000e+03,1.714884128887206316e-04
1.073000000000000000e+03,1.711906661512330174e-04
1.074000000000000000e+03,1.710029318928718567e-04
1.075000000000000000e+03,1.705898466752842069e-04
1.076000000000000000e+03,1.702082518022507429e-04
1.077000000000000000e+03,1.698383130133152008e-04
1.078000000000000000e+03,1.694888924248516560e-04
1.079000000000000000e+03,1.691562792984768748e-04
1.080000000000000000e+03,1.687625481281429529e-04
1.081000000000000000e+03,1.683726732153445482e-04
1.082000000000000000e+03,1.679334673099219799e-04
1.083000000000000000e+03,1.677253749221563339e-04
1.084000000000000000e+03,1.670305791776627302e-04
1.085000000000000000e+03,1.668101613176986575e-04
1.086000000000000000e+03,1.666662865318357944e-04
1.087000000000000000e+03,1.665070885792374611e-04
1.088000000000000000e+03,1.662620343267917633e-04
1.089000000000000000e+03,1.659663394093513489e-04
1.090000000000000000e+03,1.656032254686579108e-04
1.091000000000000000e+03,1.659990957705304027e-04
1.092000000000000000e+03,1.653669169172644615e-04
1.093000000000000000e+03,1.650319027248769999e-04
1.094000000000000000e+03,1.646746823098510504e-04
1.095000000000000000e+03,1.642999122850596905e-04
1.096000000000000000e+03,1.638068933971226215e-04
1.097000000000000000e+03,1.639957772567868233e-04
1.098000000000000000e+03,1.635521475691348314e-04
1.099000000000000000e+03,1.632398780202493072e-04
1.100000000000000000e+03,1.629404723644256592e-04
1.101000000000000000e+03,1.625879813218489289e-04
1.102000000000000000e+03,1.623137650312855840e-04
1.103000000000000000e+03,1.638023095438256860e-04
1.104000000000000000e+03,1.621887786313891411e-04
1.105000000000000000e+03,1.617719681235030293e-04
1.106000000000000000e+03,1.615622313693165779e-04
1.107000000000000000e+03,1.612778141861781478e-04
1.108000000000000000e+03,1.610312174307182431e-04
1.109000000000000000e+03,1.605952274985611439e-04
1.110000000000000000e+03,1.604404678801074624e-04
1.111000000000000000e+03,1.601527619641274214e-04
1.112000000000000000e+03,1.600394462002441287e-04
1.113000000000000000e+03,1.598544331500306726e-04
1.114000000000000000e+03,1.595090288901701570e-04
1.115000000000000000e+03,1.592982589500024915e-04
1.116000000000000000e+03,1.589186722412705421e-04
1.117000000000000000e+03,1.587186707183718681e-04
1.118000000000000000e+03,1.585975696798413992e-04
1.119000000000000000e+03,1.583091070642694831e-04
1.120000000000000000e+03,1.581493415869772434e-04
1.121000000000000000e+03,1.577013463247567415e-04
1.122000000000000000e+03,1.574966154294088483e-04
1.123000000000000000e+03,1.572304754517972469e-04
1.124000000000000000e+03,1.569225423736497760e-04
1.125000000000000000e+03,1.573971239849925041e-04
1.126000000000000000e+03,1.566985301906242967e-04
1.127000000000000000e+03,1.564315898576751351e-04
1.128000000000000000e+03,1.562856195960193872e-04
1.129000000000000000e+03,1.559359807288274169e-04
1.130000000000000000e+03,1.556160714244470000e-04
1.131000000000000000e+03,1.551760506117716432e-04
1.132000000000000000e+03,1.547155552543699741e-04
1.133000000000000000e+03,1.543628168292343616e-04
1.134000000000000000e+03,1.541633391752839088e-04
1.135000000000000000e+03,1.539644290460273623e-04
1.136000000000000000e+03,1.537328498670831323e-04
1.137000000000000000e+03,1.535838673589751124e-04
1.138000000000000000e+03,1.533666218165308237e-04
1.139000000000000000e+03,1.531178422737866640e-04
1.140000000000000000e+03,1.529412984382361174e-04
1.141000000000000000e+03,1.527308631921187043e-04
1.142000000000000000e+03,1.526269625173881650e-04
1.143000000000000000e+03,1.523592654848471284e-04
1.144000000000000000e+03,1.520373625680804253e-04
1.145000000000000000e+03,1.517536438768729568e-04
1.146000000000000000e+03,1.514639734523370862e-04
1.147000000000000000e+03,1.516308984719216824e-04
1.148000000000000000e+03,1.512795715825632215e-04
1.149000000000000000e+03,1.510848378529772162e-04
1.150000000000000000e+03,1.509061403339728713e-04
1.151000000000000000e+03,1.507628621766343713e-04
1.152000000000000000e+03,1.504665560787543654e-04
1.153000000000000000e+03,1.502608793089166284e-04
1.154000000000000000e+03,1.499351055826991796e-04
1.155000000000000000e+03,1.497103221481665969e-04
1.156000000000000000e+03,1.493269955972209573e-04
1.157000000000000000e+03,1.493030140409246087e-04
1.158000000000000000e+03,1.491016591899096966e-04
1.159000000000000000e+03,1.487667759647592902e-04
1.160000000000000000e+03,1.485881803091615438e-04
1.161000000000000000e+03,1.484454696765169501e-04
1.162000000000000000e+03,1.482754742028191686e-04
1.163000000000000000e+03,1.479538041166961193e-04
1.164000000000000000e+03,1.476299075875431299e-04
1.165000000000000000e+03,1.473355223424732685e-04
1.166000000000000000e+03,1.471892755944281816e-04
1.167000000000000000e+03,1.470698916818946600e-04
1.168000000000000000e+03,1.468979171477258205e-04
1.169000000000000000e+03,1.466387329855933785e-04
1.170000000000000000e+03,1.463587395846843719e-04
1.171000000000000000e+03,1.465423119952902198e-04
1.172000000000000000e+03,1.462209620513021946e-04
1.173000000000000000e+03,1.459356717532500625e-04
1.174000000000000000e+03,1.457312755519524217e-04
1.175000000000000000e+03,1.455176388844847679e-04
1.176000000000000000e+03,1.453217555535957217e-04
1.177000000000000000e+03,1.462521177018061280e-04
1.178000000000000000e+03,1.452114374842494726e-04
1.179000000000000000e+03,1.449032715754583478e-04
1.180000000000000000e+03,1.446551323169842362e-04
1.181000000000000000e+03,1.441285567125305533e-04
1.182000000000000000e+03,1.442977227270603180e-04
1.183000000000000000e+03,1.439702900825068355e-04
1.184000000000000000e+03,1.437100727343931794e-04
1.185000000000000000e+03,1.434172881999984384e-04
1.186000000000000000e+03,1.430038246326148510e-04
1.187000000000000000e+03,1.425851514795795083e-04
1.188000000000000000e+03,1.420980843249708414e-04
1.189000000000000000e+03,1.415501465089619160e-04
1.190000000000000000e+03,1.412302081007510424e-04
1.191000000000000000e+03,1.410127442795783281e-04
1.192000000000000000e+03,1.407480885973200202e-04
1.193000000000000000e+03,1.418213651049882174e-04
1.194000000000000000e+03,1.405699294991791248e-04
1.195000000000000000e+03,1.402588386554270983e-04
1.196000000000000000e+03,1.400636683683842421e-04
1.197000000000000000e+03,1.395322033204138279e-04
1.198000000000000000e+03,1.389363314956426620e-04
1.199000000000000000e+03,1.388343516737222672e-04
1.200000000000000000e+03,1.380555331707000732e-04
1.201000000000000000e+03,1.378632587147876620e-04
1.202000000000000000e+03,1.376172585878521204e-04
1.203000000000000000e+03,1.373896666336804628e-04
1.204000000000000000e+03,1.371520338580012321e-04
1.205000000000000000e+03,1.367525110254064202e-04
1.206000000000000000e+03,1.374089915771037340e-04
1.207000000000000000e+03,1.366558717563748360e-04
1.208000000000000000e+03,1.365369098493829370e-04
1.209000000000000000e+03,1.362890179734677076e-04
1.210000000000000000e+03,1.360471214866265655e-04
1.211000000000000000e+03,1.359124289592728019e-04
1.212000000000000000e+03,1.355323329335078597e-04
1.213000000000000000e+03,1.353634579572826624e-04
1.214000000000000000e+03,1.350900129182264209e-04
1.215000000000000000e+03,1.348638179479166865e-04
1.216000000000000000e+03,1.346681092400103807e-04
1.217000000000000000e+03,1.344663614872843027e-04
1.218000000000000000e+03,1.343115873169153929e-04
1.219000000000000000e+03,1.341741590294986963e-04
1.220000000000000000e+03,1.338207803200930357e-04
1.221000000000000000e+03,1.335572887910529971e-04
1.222000000000000000e+03,1.338914007646963000e-04
1.223000000000000000e+03,1.334308180958032608e-04
1.224000000000000000e+03,1.331974781351163983e-04
1.225000000000000000e+03,1.329401711700484157e-04
1.226000000000000000e+03,1.327975478488951921e-04
1.227000000000000000e+03,1.326058554695919156e-04
1.228000000000000000e+03,1.324512559222057462e-04
1.229000000000000000e+03,1.322762400377541780e-04
1.230000000000000000e+03,1.320390874752774835e-04
1.231000000000000000e+03,1.327005156781524420e-04
1.232000000000000000e+03,1.319743314525112510e-04
1.233000000000000000e+03,1.318081340286880732e-04
1.234000000000000000e+03,1.316356938332319260e-04
1.235000000000000000e+03,1.323165924986824393e-04
1.236000000000000000e+03,1.315231056651100516e-04
1.237000000000000000e+03,1.312936801696196198e-04
1.238000000000000000e+03,1.310127408942207694e-04
1.239000000000000000e+03,1.306393387494608760e-04
1.240000000000000000e+03,1.304763136431574821e-04
1.241000000000000000e+03,1.300920121138915420e-04
1.242000000000000000e+03,1.299385039601475000e-04
1.243000000000000000e+03,1.296339760301634669e-04
1.244000000000000000e+03,1.292228698730468750e-04
1.245000000000000000e+03,1.286936312681064010e-04
1.246000000000000000e+03,1.290671934839338064e-04
1.247000000000000000e+03,1.284887548536062241e-04
1.248000000000000000e+03,1.282337470911443233e-04
1.249000000000000000e+03,1.279795833397656679e-04
1.250000000000000000e+03,1.277244737138971686e-04
1.251000000000000000e+03,1.273275556741282344e-04
1.252000000000000000e+03,1.268785563297569752e-04
1.253000000000000000e+03,1.266023609787225723e-04
1.254000000000000000e+03,1.263006415683776140e-04
1.255000000000000000e+03,1.259467535419389606e-04
1.256000000000000000e+03,1.252300862688571215e-04
1.257000000000000000e+03,1.246591564267873764e-04
1.258000000000000000e+03,1.242012076545506716e-04
1.259000000000000000e+03,1.238022523466497660e-04
1.260000000000000000e+03,1.236342213815078139e-04
1.261000000000000000e+03,1.233125658472999930e-04
1.262000000000000000e+03,1.230447523994371295e-04
1.263000000000000000e+03,1.228219334734603763e-04
1.264000000000000000e+03,1.223922299686819315e-04
1.265000000000000000e+03,1.248586195288226008e-04
1.266000000000000000e+03,1.222452410729601979e-04
1.267000000000000000e+03,1.219300975208170712e-04
1.268000000000000000e+03,1.216524105984717607e-04
1.269000000000000000e+03,1.216325254063121974e-04
1.270000000000000000e+03,1.214729563798755407e-04
1.271000000000000000e+03,1.212988354382105172e-04
1.272000000000000000e+03,1.211546623380854726e-04
1.273000000000000000e+03,1.208527828566730022e-04
1.274000000000000000e+03,1.208545072586275637e-04
1.275000000000000000e+03,1.207117675221525133e-04
1.276000000000000000e+03,1.204724540002644062e-04
1.277000000000000000e+03,1.202864150400273502e-04
1.278000000000000000e+03,1.200057740788906813e-04
1.279000000000000000e+03,1.197266610688529909e-04
1.280000000000000000e+03,1.193128264276310802e-04
1.281000000000000000e+03,1.189828981296159327e-04
1.282000000000000000e+03,1.186781373689882457e-04
1.283000000000000000e+03,1.184191714855842292e-04
1.284000000000000000e+03,1.181095358333550394e-04
1.285000000000000000e+03,1.183023341582156718e-04
1.286000000000000000e+03,1.179822429548949003e-04
1.287000000000000000e+03,1.177684898721054196e-04
1.288000000000000000e+03,1.176020159618929029e-04
1.289000000000000000e+03,1.173056589323095977e-04
1.290000000000000000e+03,1.172292832052335143e-04
1.291000000000000000e+03,1.168292728834785521e-04
1.292000000000000000e+03,1.167154550785198808e-04
1.293000000000000000e+03,1.165921057690866292e-04
1.294000000000000000e+03,1.166765578091144562e-04
1.295000000000000000e+03,1.165363428299315274e-04
1.296000000000000000e+03,1.164491550298407674e-04
1.297000000000000000e+03,1.162466651294380426e-04
1.298000000000000000e+03,1.161236796178855002e-04
1.299000000000000000e+03,1.161918844445608556e-04
1.300000000000000000e+03,1.160357496701180935e-04
1.301000000000000000e+03,1.158554878202266991e-04
1.302000000000000000e+03,1.156713697127997875e-04
1.303000000000000000e+03,1.154530982603318989e-04
1.304000000000000000e+03,1.151619289885275066e-04
1.305000000000000000e+03,1.147402435890398920e-04
1.306000000000000000e+03,1.161064137704670429e-04
1.307000000000000000e+03,1.145694113802164793e-04
1.308000000000000000e+03,1.144087291322648525e-04
1.309000000000000000e+03,1.142807450378313661e-04
1.310000000000000000e+03,1.141653046943247318e-04
1.311000000000000000e+03,1.139875894295983016e-04
1.312000000000000000e+03,1.139202358899638057e-04
1.313000000000000000e+03,1.136877326644025743e-04
1.314000000000000000e+03,1.135702623287215829e-04
1.315000000000000000e+03,1.134321428253315389e-04
1.316000000000000000e+03,1.131738681579008698e-04
1.317000000000000000e+03,1.138570296461693943e-04
1.318000000000000000e+03,1.130721357185393572e-04
1.319000000000000000e+03,1.128216827055439353e-04
1.320000000000000000e+03,1.126126444432884455e-04
1.321000000000000000e+03,1.127084469771943986e-04
1.322000000000000000e+03,1.124671543948352337e-04
1.323000000000000000e+03,1.122499234043061733e-04
1.324000000000000000e+03,1.120758533943444490e-04
1.325000000000000000e+03,1.118077052524313331e-04
1.326000000000000000e+03,1.116068597184494138e-04
1.327000000000000000e+03,1.113251928472891450e-04
1.328000000000000000e+03,1.111443780246190727e-04
1.329000000000000000e+03,1.107419957406818867e-04
1.330000000000000000e+03,1.117355204769410193e-04
1.331000000000000000e+03,1.106315248762257397e-04
1.332000000000000000e+03,1.103312824852764606e-04
1.333000000000000000e+03,1.100382578442804515e-04
1.334000000000000000e+03,1.097460990422405303e-04
1.335000000000000000e+03,1.096006380976177752e-04
1.336000000000000000e+03,1.092775564757175744e-04
1.337000000000000000e+03,1.088324206648394465e-04
1.338000000000000000e+03,1.083802490029484034e-04
1.339000000000000000e+03,1.078431159839965403e-04
1.340000000000000000e+03,1.075440522981807590e-04
1.341000000000000000e+03,1.072587692760862410e-04
1.342000000000000000e+03,1.070190191967412829e-04
1.343000000000000000e+03,1.067303383024409413e-04
1.344000000000000000e+03,1.064400785253383219e-04
1.345000000000000000e+03,1.060420545400120318e-04
1.346000000000000000e+03,1.055762986652553082e-04
1.347000000000000000e+03,1.050909995683468878e-04
1.348000000000000000e+03,1.048563208314590156e-04
1.349000000000000000e+03,1.046093821059912443e-04
1.350000000000000000e+03,1.044447635649703443e-04
1.351000000000000000e+03,1.042638541548512876e-04
1.352000000000000000e+03,1.042824515025131404e-04
1.353000000000000000e+03,1.041593422996811569e-04
1.354000000000000000e+03,1.039853814290836453e-04
1.355000000000000000e+03,1.037740439642220736e-04
1.356000000000000000e+03,1.035728710121475160e-04
1.357000000000000000e+03,1.033666703733615577e-04
1.358000000000000000e+03,1.031163337756879628e-04
1.359000000000000000e+03,1.028958286042325199e-04
1.360000000000000000e+03,1.026389945764094591e-04
1.361000000000000000e+03,1.022873620968312025e-04
1.362000000000000000e+03,1.018561815726570785e-04
1.363000000000000000e+03,1.015269735944457352e-04
1.364000000000000000e+03,1.013251530821435153e-04
1.365000000000000000e+03,1.011926651699468493e-04
1.366000000000000000e+03,1.010427440633065999e-04
1.367000000000000000e+03,1.007567625492811203e-04
1.368000000000000000e+03,1.004566220217384398e-04
1.369000000000000000e+03,1.005243320832960308e-04
1.370000000000000000e+03,1.002880817395634949e-04
1.371000000000000000e+03,1.000300617306493223e-04
1.372000000000000000e+03,9.972890256904065609e-05
1.373000000000000000e+03,9.943983604898676276e-05
1.374000000000000000e+03,9.905845217872411013e-05
1.375000000000000000e+03,9.878438868327066302e-05
1.376000000000000000e+03,9.859591955319046974e-05
1.377000000000000000e+03,9.850267088040709496e-05
1.378000000000000000e+03,9.828932525124400854e-05
1.379000000000000000e+03,9.815923840506002307e-05
1.380000000000000000e+03,9.796130325412377715e-05
1.381000000000000000e+03,9.777563536772504449e-05
1.382000000000000000e+03,9.753784252097830176e-05
1.383000000000000000e+03,9.734088234836235642e-05
1.384000000000000000e+03,9.712307655718177557e-05
1.385000000000000000e+03,9.687947749625891447e-05
1.386000000000000000e+03,9.788767056306824088e-05
1.387000000000000000e+03,9.678378410171717405e-05
1.388000000000000000e+03,9.654990572016686201e-05
1.389000000000000000e+03,9.637542825657874346e-05
1.390000000000000000e+03,9.617669275030493736e-05
1.391000000000000000e+03,9.595583833288401365e-05
1.392000000000000000e+03,9.562035120325163007e-05
1.393000000000000000e+03,9.526249777991324663e-05
1.394000000000000000e+03,9.491325181443244219e-05
1.395000000000000000e+03,9.467030758969485760e-05
1.396000000000000000e+03,9.443157614441588521e-05
1.397000000000000000e+03,9.415170643478631973e-05
1.398000000000000000e+03,9.377582318847998977e-05
1.399000000000000000e+03,9.341274562757462263e-05
1.400000000000000000e+03,9.329452586825937033e-05
1.401000000000000000e+03,9.316250361735001206e-05
1.402000000000000000e+03,9.304480772698298097e-05
1.403000000000000000e+03,9.289406443713232875e-05
1.404000000000000000e+03,9.285713895224034786e-05
1.405000000000000000e+03,9.275374759454280138e-05
1.406000000000000000e+03,9.269687143387272954e-05
1.407000000000000000e+03,9.261551167583093047e-05
1.408000000000000000e+03,9.251649316865950823e-05
1.409000000000000000e+03,9.239096834789961576e-05
1.410000000000000000e+03,9.223062079399824142e-05
1.411000000000000000e+03,9.213649173034355044e-05
1.412000000000000000e+03,9.197939652949571609e-05
1.413000000000000000e+03,9.177180618280544877e-05
1.414000000000000000e+03,9.152084385277703404e-05
1.415000000000000000e+03,9.127399971475824714e-05
1.416000000000000000e+03,9.124181087827309966e-05
1.417000000000000000e+03,9.109191159950569272e-05
1.418000000000000000e+03,9.089594095712527633e-05
1.419000000000000000e+03,9.075233538169413805e-05
1.420000000000000000e+03,9.056236740434542298e-05
1.421000000000000000e+03,9.038386633619666100e-05
1.422000000000000000e+03,9.011750807985663414e-05
1.423000000000000000e+03,8.976571552921086550e-05
1.424000000000000000e+03,8.958249964052811265e-05
1.425000000000000000e+03,8.926641748985275626e-05
1.426000000000000000e+03,8.911459735827520490e-05
1.427000000000000000e+03,8.896725194063037634e-05
1.428000000000000000e+03,8.876329957274720073e-05
1.429000000000000000e+03,8.852400787873193622e-05
1.430000000000000000e+03,8.816007175482809544e-05
1.431000000000000000e+03,8.795157918939366937e-05
1.432000000000000000e+03,8.783390512689948082e-05
1.433000000000000000e+03,8.762101788306608796e-05
1.434000000000000000e+03,8.751657878747209907e-05
1.435000000000000000e+03,8.737551252124831080e-05
1.436000000000000000e+03,8.719274046598002315e-05
1.437000000000000000e+03,8.740709745325148106e-05
1.438000000000000000e+03,8.710168185643851757e-05
1.439000000000000000e+03,8.687892841408029199e-05
1.440000000000000000e+03,8.669243106851354241e-05
1.441000000000000000e+03,8.664440247230231762e-05
1.442000000000000000e+03,8.635241101728752255e-05
1.443000000000000000e+03,8.628909563412889838e-05
1.444000000000000000e+03,8.613306272309273481e-05
1.445000000000000000e+03,8.607623749412596226e-05
1.446000000000000000e+03,8.593846723670139909e-05
1.447000000000000000e+03,8.583133603679016232e-05
1.448000000000000000e+03,8.572961814934387803e-05
1.449000000000000000e+03,8.560543938074260950e-05
1.450000000000000000e+03,8.541427814634516835e-05
1.451000000000000000e+03,8.541311399312689900e-05
1.452000000000000000e+03,8.530135528417304158e-05
1.453000000000000000e+03,8.517474634572863579e-05
1.454000000000000000e+03,8.500803960487246513e-05
1.455000000000000000e+03,8.480522956233471632e-05
1.456000000000000000e+03,8.470380271319299936e-05
1.457000000000000000e+03,8.441504178335890174e-05
1.458000000000000000e+03,8.427356806350871921e-05
1.459000000000000000e+03,8.410256850766018033e-05
1.460000000000000000e+03,8.396108023589476943e-05
1.461000000000000000e+03,8.380894723813980818e-05
1.462000000000000000e+03,8.365340909222140908e-05
1.463000000000000000e+03,8.347154653165489435e-05
1.464000000000000000e+03,8.333998994203284383e-05
1.465000000000000000e+03,8.301004709210246801e-05
1.466000000000000000e+03,8.740707562537863851e-05
1.467000000000000000e+03,8.293142309412360191e-05
1.468000000000000000e+03,8.275275467894971371e-05
1.469000000000000000e+03,8.259012975031509995e-05
1.470000000000000000e+03,8.235430868808180094e-05
1.471000000000000000e+03,8.209075895138084888e-05
1.472000000000000000e+03,8.309244731208309531e-05
1.473000000000000000e+03,8.201519085559993982e-05
1.474000000000000000e+03,8.182809688150882721e-05
1.475000000000000000e+03,8.171475928975269198e-05
1.476000000000000000e+03,8.161898585967719555e-05
1.477000000000000000e+03,8.147852349793538451e-05
1.478000000000000000e+03,8.119172707665711641e-05
1.479000000000000000e+03,8.085211447905749083e-05
1.480000000000000000e+03,8.063211134867742658e-05
1.481000000000000000e+03,8.042836270760744810e-05
1.482000000000000000e+03,8.031477773329243064e-05
1.483000000000000000e+03,8.014083869056776166e-05
1.484000000000000000e+03,7.974092295626178384e-05
1.485000000000000000e+03,8.018203516257926822e-05
1.486000000000000000e+03,7.959546201163902879e-05
1.487000000000000000e+03,7.932302105473354459e-05
1.488000000000000000e+03,7.908725092420354486e-05
1.489000000000000000e+03,7.891821587691083550e-05
1.490000000000000000e+03,7.870313856983557343e-05
1.491000000000000000e+03,7.915560854598879814e-05
1.492000000000000000e+03,7.864063081797212362e-05
1.493000000000000000e+03,7.849132089177146554e-05
1.494000000000000000e+03,7.831771654309704900e-05
1.495000000000000000e+03,7.815565186319872737e-05
1.496000000000000000e+03,7.802929758327081800e-05
1.497000000000000000e+03,7.790360541548579931e-05
1.498000000000000000e+03,7.781622116453945637e-05
1.499000000000000000e+03,7.751473458483815193e-05
1.500000000000000000e+03,7.740060391370207071e-05
1.501000000000000000e+03,7.719608402112498879e-05
1.502000000000000000e+03,7.705400639679282904e-05
1.503000000000000000e+03,7.705674943281337619e-05
1.504000000000000000e+03,7.692968938499689102e-05
1.505000000000000000e+03,7.673977961530908942e-05
1.506000000000000000e+03,7.665360317332670093e-05
1.507000000000000000e+03,7.644986180821433663e-05
1.508000000000000000e+03,7.622615521540865302e-05
1.509000000000000000e+03,7.644257857464253902e-05
1.510000000000000000e+03,7.609633757965639234e-05
1.511000000000000000e+03,7.585998537251725793e-05
1.512000000000000000e+03,7.565102714579552412e-05
1.513000000000000000e+03,7.535480108344927430e-05
1.514000000000000000e+03,7.517006451962515712e-05
1.515000000000000000e+03,7.502771768486127257e-05
1.516000000000000000e+03,7.493435259675607085e-05
1.517000000000000000e+03,7.483553781639784575e-05
1.518000000000000000e+03,7.462886424036696553e-05
1.519000000000000000e+03,7.449802797054871917e-05
1.520000000000000000e+03,7.427921082125976682e-05
1.521000000000000000e+03,7.413269486278295517e-05
1.522000000000000000e+03,7.388849189737811685e-05
1.523000000000000000e+03,7.348496001213788986e-05
1.524000000000000000e+03,7.595474744448438287e-05
1.525000000000000000e+03,7.342132448684424162e-05
1.526000000000000000e+03,7.325849583139643073e-05
1.527000000000000000e+03,7.310604269150644541e-05
1.528000000000000000e+03,7.296096009667962790e-05
1.529000000000000000e+03,7.277852273546159267e-05
1.530000000000000000e+03,7.269997877301648259e-05
1.531000000000000000e+03,7.251712668221443892e-05
1.532000000000000000e+03,7.241016282932832837e-05
1.533000000000000000e+03,7.226114394143223763e-05
1.534000000000000000e+03,7.202807319117709994e-05
1.535000000000000000e+03,7.169225864345207810e-05
1.536000000000000000e+03,7.167799776652827859e-05
1.537000000000000000e+03,7.153537444537505507e-05
1.538000000000000000e+03,7.141141395550221205e-05
1.539000000000000000e+03,7.133460167096927762e-05
1.540000000000000000e+03,7.122712122509256005e-05
1.541000000000000000e+03,7.104648102540522814e-05
1.542000000000000000e+03,7.093033491401001811e-05
1.543000000000000000e+03,7.074930908856913447e-05
1.544000000000000000e+03,7.067059050314128399e-05
1.545000000000000000e+03,7.056416507111862302e-05
1.546000000000000000e+03,7.043361983960494399e-05
1.547000000000000000e+03,7.029202242847532034e-05
1.548000000000000000e+03,7.044278027024120092e-05
1.549000000000000000e+03,7.022837962722405791e-05
1.550000000000000000e+03,7.013819413259625435e-05
1.551000000000000000e+03,7.000427285674959421e-05
1.552000000000000000e+03,6.981614569667726755e-05
1.553000000000000000e+03,6.970376853132620454e-05
1.554000000000000000e+03,6.946703069843351841e-05
1.555000000000000000e+03,6.938139267731457949e-05
1.556000000000000000e+03,6.982265040278434753e-05
1.557000000000000000e+03,6.934441626071929932e-05
1.558000000000000000e+03,6.926085188752040267e-05
1.559000000000000000e+03,6.908757495693862438e-05
1.560000000000000000e+03,6.886324990773573518e-05
1.561000000000000000e+03,6.951623799977824092e-05
1.562000000000000000e+03,6.883247988298535347e-05
1.563000000000000000e+03,6.874613609397783875e-05
1.564000000000000000e+03,6.859360291855409741e-05
1.565000000000000000e+03,6.823002331657335162e-05
1.566000000000000000e+03,6.798074173275381327e-05
1.567000000000000000e+03,6.768162711523473263e-05
1.568000000000000000e+03,6.751762703061103821e-05
1.569000000000000000e+03,6.736072100466117263e-05
1.570000000000000000e+03,6.727745494572445750e-05
1.571000000000000000e+03,6.705578562105074525e-05
1.572000000000000000e+03,6.680991646135225892e-05
1.573000000000000000e+03,6.660007056780159473e-05
1.574000000000000000e+03,6.623571971431374550e-05
1.575000000000000000e+03,6.609326374018564820e-05
1.576000000000000000e+03,6.592960562556982040e-05
1.577000000000000000e+03,6.574727012775838375e-05
1.578000000000000000e+03,6.555977597599849105e-05
1.579000000000000000e+03,6.516695430036634207e-05
1.580000000000000000e+03,6.590695556951686740e-05
1.581000000000000000e+03,6.501650932477787137e-05
1.582000000000000000e+03,6.489612133009359241e-05
1.583000000000000000e+03,6.471321103163063526e-05
1.584000000000000000e+03,6.461062002927064896e-05
1.585000000000000000e+03,6.450098589994013309e-05
1.586000000000000000e+03,6.427631888072937727e-05
1.587000000000000000e+03,6.467467756010591984e-05
1.588000000000000000e+03,6.421333091566339135e-05
1.589000000000000000e+03,6.408167246263474226e-05
1.590000000000000000e+03,6.398546975106000900e-05
1.591000000000000000e+03,6.378213583957403898e-05
1.592000000000000000e+03,6.358760583680123091e-05
1.593000000000000000e+03,6.338943057926371694e-05
1.594000000000000000e+03,6.314678466878831387e-05
1.595000000000000000e+03,6.302737892838194966e-05
1.596000000000000000e+03,6.285983545240014791e-05
1.597000000000000000e+03,6.274122279137372971e-05
1.598000000000000000e+03,6.259881047299131751e-05
1.599000000000000000e+03,6.247399869607761502e-05
1.600000000000000000e+03,6.244298856472596526e-05
1.601000000000000000e+03,6.232323357835412025e-05
1.602000000000000000e+03,6.227452831808477640e-05
1.603000000000000000e+03,6.219495116965845227e-05
1.604000000000000000e+03,6.207689875736832619e-05
1.605000000000000000e+03,6.203868542797863483e-05
1.606000000000000000e+03,6.180628406582400203e-05
1.607000000000000000e+03,6.171252607600763440e-05
1.608000000000000000e+03,6.155415758257731795e-05
1.609000000000000000e+03,6.142712663859128952e-05
1.610000000000000000e+03,6.136381853139027953e-05
1.611000000000000000e+03,6.119935278547927737e-05
1.612000000000000000e+03,6.115940050221979618e-05
1.613000000000000000e+03,6.112390838097780943e-05
1.614000000000000000e+03,6.105621287133544683e-05
1.615000000000000000e+03,6.098772428231313825e-05
1.616000000000000000e+03,6.085237691877409816e-05
1.617000000000000000e+03,6.074404882383532822e-05
1.618000000000000000e+03,6.066865898901596665e-05
1.619000000000000000e+03,6.051975651644170284e-05
1.620000000000000000e+03,6.030220902175642550e-05
1.621000000000000000e+03,6.012074300087988377e-05
1.622000000000000000e+03,5.998138294671662152e-05
1.623000000000000000e+03,5.992523438180796802e-05
1.624000000000000000e+03,5.972119106445461512e-05
1.625000000000000000e+03,5.965105447103269398e-05
1.626000000000000000e+03,5.952844003331847489e-05
1.627000000000000000e+03,5.937985770287923515e-05
1.628000000000000000e+03,5.923615026404149830e-05
1.629000000000000000e+03,5.915760993957519531e-05
1.630000000000000000e+03,5.921298725297674537e-05
1.631000000000000000e+03,5.910478648729622364e-05
1.632000000000000000e+03,5.903367491555400193e-05
1.633000000000000000e+03,5.889317981200292706e-05
1.634000000000000000e+03,5.880209937458857894e-05
1.635000000000000000e+03,5.864750710316002369e-05
1.636000000000000000e+03,5.913366112508811057e-05
1.637000000000000000e+03,5.861087265657261014e-05
1.638000000000000000e+03,5.850150409969501197e-05
1.639000000000000000e+03,5.837271237396635115e-05
1.640000000000000000e+03,5.816467819386161864e-05
1.641000000000000000e+03,5.796800905955024064e-05
1.642000000000000000e+03,5.935737499385140836e-05
1.643000000000000000e+03,5.793027958134189248e-05
1.644000000000000000e+03,5.782045627711340785e-05
1.645000000000000000e+03,5.775694808107800782e-05
1.646000000000000000e+03,5.767992843175306916e-05
1.647000000000000000e+03,5.758121187682263553e-05
1.648000000000000000e+03,5.751572825829498470e-05
1.649000000000000000e+03,5.742195207858458161e-05
1.650000000000000000e+03,5.736853927373886108e-05
1.651000000000000000e+03,5.724834045395255089e-05
1.652000000000000000e+03,5.709983088308945298e-05
1.653000000000000000e+03,5.692914783139713109e-05
1.654000000000000000e+03,5.695204163203015924e-05
1.655000000000000000e+03,5.684568168362602592e-05
1.656000000000000000e+03,5.672633778885938227e-05
1.657000000000000000e+03,5.662600960931740701e-05
1.658000000000000000e+03,5.652558684232644737e-05
1.659000000000000000e+03,5.639962546410970390e-05
1.660000000000000000e+03,5.633217733702622354e-05
1.661000000000000000e+03,5.621677701128646731e-05
1.662000000000000000e+03,5.614951805910095572e-05
1.663000000000000000e+03,5.608298670267686248e-05
1.664000000000000000e+03,5.599605356110259891e-05
1.665000000000000000e+03,5.600438817054964602e-05
1.666000000000000000e+03,5.591750232269987464e-05
1.667000000000000000e+03,5.582453013630583882e-05
1.668000000000000000e+03,5.575705290539190173e-05
1.669000000000000000e+03,5.563232480199076235e-05
1.670000000000000000e+03,5.554718882194720209e-05
1.671000000000000000e+03,5.520892227650620043e-05
1.672000000000000000e+03,5.501427585841156542e-05
1.673000000000000000e+03,5.504254659172147512e-05
1.674000000000000000e+03,5.495913501363247633e-05
1.675000000000000000e+03,5.486869849846698344e-05
1.676000000000000000e+03,5.478925595525652170e-05
1.677000000000000000e+03,5.463530396809801459e-05
1.678000000000000000e+03,5.450953176477923989e-05
1.679000000000000000e+03,5.435567072709091008e-05
1.680000000000000000e+03,5.419681110652163625e-05
1.681000000000000000e+03,5.405896445154212415e-05
1.682000000000000000e+03,5.397549830377101898e-05
1.683000000000000000e+03,5.386825796449556947e-05
1.684000000000000000e+03,5.380104266805574298e-05
1.685000000000000000e+03,5.372360828914679587e-05
1.686000000000000000e+03,5.358861744753085077e-05
1.687000000000000000e+03,5.340005009202286601e-05
1.688000000000000000e+03,5.335192690836265683e-05
1.689000000000000000e+03,5.308587424224242568e-05
1.690000000000000000e+03,5.301325290929526091e-05
1.691000000000000000e+03,5.291682464303448796e-05
1.692000000000000000e+03,5.283763312036171556e-05
1.693000000000000000e+03,5.276933734421618283e-05
1.694000000000000000e+03,5.308927211444824934e-05
1.695000000000000000e+03,5.274298018775880337e-05
1.696000000000000000e+03,5.267231608740985394e-05
1.697000000000000000e+03,5.261553451418876648e-05
1.698000000000000000e+03,5.253112249192781746e-05
1.699000000000000000e+03,5.245138891041278839e-05
1.700000000000000000e+03,5.259696990833617747e-05
1.701000000000000000e+03,5.239987513050436974e-05
1.702000000000000000e+03,5.233460615272633731e-05
1.703000000000000000e+03,5.227935253060422838e-05
1.704000000000000000e+03,5.222636900725774467e-05
1.705000000000000000e+03,5.210230301599949598e-05
1.706000000000000000e+03,5.194496043259277940e-05
1.707000000000000000e+03,5.196134952711872756e-05
1.708000000000000000e+03,5.185972622712142766e-05
1.709000000000000000e+03,5.178512947168201208e-05
1.710000000000000000e+03,5.171506563783623278e-05
1.711000000000000000e+03,5.165069160284474492e-05
1.712000000000000000e+03,5.157486884854733944e-05
1.713000000000000000e+03,5.149162461748346686e-05
1.714000000000000000e+03,5.144190799910575151e-05
1.715000000000000000e+03,5.137840344104915857e-05
1.716000000000000000e+03,5.131449142936617136e-05
1.717000000000000000e+03,5.117493856232613325e-05
1.718000000000000000e+03,5.098099063616245985e-05
1.719000000000000000e+03,5.092013452667742968e-05
1.720000000000000000e+03,5.076160960015840828e-05
1.721000000000000000e+03,5.071611303719691932e-05
1.722000000000000000e+03,5.067460369900800288e-05
1.723000000000000000e+03,5.060108742327429354e-05
1.724000000000000000e+03,5.097361281514167786e-05
1.725000000000000000e+03,5.057345697423443198e-05
1.726000000000000000e+03,5.049686296842992306e-05
1.727000000000000000e+03,5.040862015448510647e-05
1.728000000000000000e+03,5.029697422287426889e-05
1.729000000000000000e+03,5.027157021686434746e-05
1.730000000000000000e+03,5.018237789045087993e-05
1.731000000000000000e+03,5.012023393646813929e-05
1.732000000000000000e+03,5.007798608858138323e-05
1.733000000000000000e+03,4.999187149223871529e-05
1.734000000000000000e+03,4.990712113794870675e-05
1.735000000000000000e+03,4.981919482816010714e-05
1.736000000000000000e+03,4.971153612132184207e-05
1.737000000000000000e+03,4.963039827998727560e-05
1.738000000000000000e+03,4.957306009600870311e-05
1.739000000000000000e+03,4.953497045789845288e-05
1.740000000000000000e+03,4.946239278069697320e-05
1.741000000000000000e+03,4.936322147841565311e-05
1.742000000000000000e+03,4.926776819047518075e-05
1.743000000000000000e+03,4.915317913400940597e-05
1.744000000000000000e+03,4.907852780888788402e-05
1.745000000000000000e+03,4.903564331470988691e-05
1.746000000000000000e+03,4.890481068287044764e-05
1.747000000000000000e+03,4.925540633848868310e-05
1.748000000000000000e+03,4.886931128567084670e-05
1.749000000000000000e+03,4.875256854575127363e-05
1.750000000000000000e+03,4.867254392593167722e-05
1.751000000000000000e+03,4.861496563535183668e-05
1.752000000000000000e+03,4.856535815633833408e-05
1.753000000000000000e+03,4.848772732657380402e-05
1.754000000000000000e+03,4.842358612222597003e-05
1.755000000000000000e+03,4.831251499126665294e-05
1.756000000000000000e+03,4.848837124882265925e-05
1.757000000000000000e+03,4.827807060792110860e-05
1.758000000000000000e+03,4.821075344807468355e-05
1.759000000000000000e+03,4.809565507457591593e-05
1.760000000000000000e+03,4.795768836629576981e-05
1.761000000000000000e+03,4.792056643054820597e-05
1.762000000000000000e+03,4.778659786097705364e-05
1.763000000000000000e+03,4.772524698637425900e-05
1.764000000000000000e+03,4.764966433867812157e-05
1.765000000000000000e+03,4.756220005219802260e-05
1.766000000000000000e+03,4.746168997371569276e-05
1.767000000000000000e+03,4.731740409624762833e-05
1.768000000000000000e+03,4.760770025313831866e-05
1.769000000000000000e+03,4.725017424789257348e-05
1.770000000000000000e+03,4.713895395980216563e-05
1.771000000000000000e+03,4.705044557340443134e-05
1.772000000000000000e+03,4.689253546530380845e-05
1.773000000000000000e+03,4.671810893341898918e-05
1.774000000000000000e+03,4.663471554522402585e-05
1.775000000000000000e+03,4.648202957469038665e-05
1.776000000000000000e+03,4.642509884433820844e-05
1.777000000000000000e+03,4.633916614693589509e-05
1.778000000000000000e+03,4.624776556738652289e-05
1.779000000000000000e+03,4.617550439434126019e-05
1.780000000000000000e+03,4.604972127708606422e-05
1.781000000000000000e+03,4.618871389538981020e-05
1.782000000000000000e+03,4.598134182742796838e-05
1.783000000000000000e+03,4.587024159263819456e-05
1.784000000000000000e+03,4.580569293466396630e-05
1.785000000000000000e+03,4.574464037432335317e-05
1.786000000000000000e+03,4.567994983517564833e-05
1.787000000000000000e+03,4.562437607091851532e-05
1.788000000000000000e+03,4.552294558379799128e-05
1.789000000000000000e+03,4.546079071587882936e-05
1.790000000000000000e+03,4.532835373538546264e-05
1.791000000000000000e+03,4.524747419054619968e-05
1.792000000000000000e+03,4.516239641816355288e-05
1.793000000000000000e+03,4.508385973167605698e-05
1.794000000000000000e+03,4.502257797867059708e-05
1.795000000000000000e+03,4.491791696636937559e-05
1.796000000000000000e+03,4.482560325413942337e-05
1.797000000000000000e+03,4.475207970244809985e-05
1.798000000000000000e+03,4.462394281290471554e-05
1.799000000000000000e+03,4.457623435882851481e-05
1.800000000000000000e+03,4.448602339834906161e-05
1.801000000000000000e+03,4.441852433956228197e-05
1.802000000000000000e+03,4.435183291207067668e-05
1.803000000000000000e+03,4.430556145962327719e-05
1.804000000000000000e+03,4.422702841111458838e-05
1.805000000000000000e+03,4.419571268954314291e-05
1.806000000000000000e+03,4.414733484736643732e-05
1.807000000000000000e+03,4.408256427268497646e-05
1.808000000000000000e+03,4.405142317409627140e-05
1.809000000000000000e+03,4.393588096718303859e-05
1.810000000000000000e+03,4.389826790429651737e-05
1.811000000000000000e+03,4.385169813758693635e-05
1.812000000000000000e+03,4.381958206067793071e-05
1.813000000000000000e+03,4.378003359306603670e-05
1.814000000000000000e+03,4.370130773168057203e-05
1.815000000000000000e+03,4.362193431006744504e-05
1.816000000000000000e+03,4.348125366959720850e-05
1.817000000000000000e+03,4.329585863160900772e-05
1.818000000000000000e+03,4.321226515457965434e-05
1.819000000000000000e+03,4.302275920053943992e-05
1.820000000000000000e+03,4.295675898902118206e-05
1.821000000000000000e+03,4.289396383683197200e-05
1.822000000000000000e+03,4.289066782803274691e-05
1.823000000000000000e+03,4.284971873858012259e-05
1.824000000000000000e+03,4.277145490050315857e-05
1.825000000000000000e+03,4.269177225069142878e-05
1.826000000000000000e+03,4.260249261278659105e-05
1.827000000000000000e+03,4.252473809174261987e-05
1.828000000000000000e+03,4.244904630468226969e-05
1.829000000000000000e+03,4.234525476931594312e-05
1.830000000000000000e+03,4.221876224619336426e-05
1.831000000000000000e+03,4.210718179820105433e-05
1.832000000000000000e+03,4.199347677058540285e-05
1.833000000000000000e+03,4.192802589386701584e-05
1.834000000000000000e+03,4.187792001175694168e-05
1.835000000000000000e+03,4.181318217888474464e-05
1.836000000000000000e+03,4.172177432337775826e-05
1.837000000000000000e+03,4.163746416452340782e-05
1.838000000000000000e+03,4.160335811320692301e-05
1.839000000000000000e+03,4.154971975367516279e-05
1.840000000000000000e+03,4.150271342950873077e-05
1.841000000000000000e+03,4.145680213696323335e-05
1.842000000000000000e+03,4.136991628911346197e-05
1.843000000000000000e+03,4.132780304644256830e-05
1.844000000000000000e+03,4.122318932786583900e-05
1.845000000000000000e+03,4.119182995054870844e-05
1.846000000000000000e+03,4.115030242246575654e-05
1.847000000000000000e+03,4.109882138436660171e-05
1.848000000000000000e+03,4.101683953194878995e-05
1.849000000000000000e+03,4.171394903096370399e-05
1.850000000000000000e+03,4.096902193850837648e-05
1.851000000000000000e+03,4.088709465577267110e-05
1.852000000000000000e+03,4.079543214174918830e-05
1.853000000000000000e+03,4.071620787726715207e-05
1.854000000000000000e+03,4.074016396771185100e-05
1.855000000000000000e+03,4.067226473125629127e-05
1.856000000000000000e+03,4.061175422975793481e-05
1.857000000000000000e+03,4.056297620991244912e-05
1.858000000000000000e+03,4.051636278745718300e-05
1.859000000000000000e+03,4.046204776386730373e-05
1.860000000000000000e+03,4.040931526105850935e-05
1.861000000000000000e+03,4.035288657178170979e-05
1.862000000000000000e+03,4.028300463687628508e-05
1.863000000000000000e+03,4.024847294203937054e-05
1.864000000000000000e+03,4.015366357634775341e-05
1.865000000000000000e+03,4.092810922884382308e-05
1.866000000000000000e+03,4.012889985460788012e-05
1.867000000000000000e+03,4.005555456387810409e-05
1.868000000000000000e+03,4.001281922683119774e-05
1.869000000000000000e+03,3.995801671408116817e-05
1.870000000000000000e+03,3.990247569163329899e-05
1.871000000000000000e+03,3.983757051173597574e-05
1.872000000000000000e+03,3.977597953053191304e-05
1.873000000000000000e+03,3.971740807173773646e-05
1.874000000000000000e+03,3.963393828598782420e-05
1.875000000000000000e+03,3.967855445807799697e-05
1.876000000000000000e+03,3.958399975090287626e-05
1.877000000000000000e+03,3.951173857785761356e-05
1.878000000000000000e+03,3.944026320823468268e-05
1.879000000000000000e+03,3.934624328394420445e-05
1.880000000000000000e+03,3.931442915927618742e-05
1.881000000000000000e+03,3.918141374015249312e-05
1.882000000000000000e+03,3.911121530109085143e-05
1.883000000000000000e+03,3.903846300090663135e-05
1.884000000000000000e+03,3.896467751474119723e-05
1.885000000000000000e+03,3.883969111484475434e-05
1.886000000000000000e+03,3.883211684296838939e-05
1.887000000000000000e+03,3.878114148392342031e-05
1.888000000000000000e+03,3.871441003866493702e-05
1.889000000000000000e+03,3.866499537252821028e-05
1.890000000000000000e+03,3.861546065309084952e-05
1.891000000000000000e+03,3.855779141304083169e-05
1.892000000000000000e+03,3.847221159958280623e-05
1.893000000000000000e+03,3.839998316834680736e-05
1.894000000000000000e+03,3.831904177786782384e-05
1.895000000000000000e+03,3.831709182122722268e-05
1.896000000000000000e+03,3.826779720839112997e-05
1.897000000000000000e+03,3.822846701950766146e-05
1.898000000000000000e+03,3.816547541646286845e-05
1.899000000000000000e+03,3.808201654464937747e-05
1.900000000000000000e+03,3.805489541264250875e-05
1.901000000000000000e+03,3.794392978306859732e-05
1.902000000000000000e+03,3.789402035181410611e-05
1.903000000000000000e+03,3.786041270359419286e-05
1.904000000000000000e+03,3.781231134780682623e-05
1.905000000000000000e+03,3.771782576222904027e-05
1.906000000000000000e+03,3.775686127482913435e-05
1.907000000000000000e+03,3.766910958802327514e-05
1.908000000000000000e+03,3.754724093596450984e-05
1.909000000000000000e+03,3.747364826267585158e-05
1.910000000000000000e+03,3.739640669664368033e-05
1.911000000000000000e+03,3.732085315277799964e-05
1.912000000000000000e+03,3.726553768501617014e-05
1.913000000000000000e+03,3.721223038155585527e-05
1.914000000000000000e+03,3.717645449796691537e-05
1.915000000000000000e+03,3.713881960720755160e-05
1.916000000000000000e+03,3.705265044118277729e-05
1.917000000000000000e+03,3.703159018186852336e-05
1.918000000000000000e+03,3.697100692079402506e-05
1.919000000000000000e+03,3.695280611282214522e-05
1.920000000000000000e+03,3.692679820233024657e-05
1.921000000000000000e+03,3.688085052999667823e-05
1.922000000000000000e+03,3.685923365992493927e-05
1.923000000000000000e+03,3.680813460960052907e-05
1.924000000000000000e+03,3.678428038256242871e-05
1.925000000000000000e+03,3.674247273011133075e-05
1.926000000000000000e+03,3.668950012070126832e-05
1.927000000000000000e+03,3.662880772026255727e-05
1.928000000000000000e+03,3.658016430563293397e-05
1.929000000000000000e+03,3.652590385172516108e-05
1.930000000000000000e+03,3.655387627077288926e-05
1.931000000000000000e+03,3.650014332379214466e-05
1.932000000000000000e+03,3.645078686531633139e-05
1.933000000000000000e+03,3.641445073299109936e-05
1.934000000000000000e+03,3.635737812146544456e-05
1.935000000000000000e+03,3.630004357546567917e-05
1.936000000000000000e+03,3.628232298069633543e-05
1.937000000000000000e+03,3.621107316575944424e-05
1.938000000000000000e+03,3.617539914557710290e-05
1.939000000000000000e+03,3.612805448938161135e-05
1.940000000000000000e+03,3.604993980843573809e-05
1.941000000000000000e+03,3.617682887124828994e-05
1.942000000000000000e+03,3.600813579396344721e-05
1.943000000000000000e+03,3.592330904211848974e-05
1.944000000000000000e+03,3.588755134842358530e-05
1.945000000000000000e+03,3.584635123843327165e-05
1.946000000000000000e+03,3.580433258321136236e-05
1.947000000000000000e+03,3.572355853975750506e-05
1.948000000000000000e+03,3.568010652088560164e-05
1.949000000000000000e+03,3.564152211765758693e-05
1.950000000000000000e+03,3.562393976608291268e-05
1.951000000000000000e+03,3.559847027645446360e-05
1.952000000000000000e+03,3.558085154509171844e-05
1.953000000000000000e+03,3.552699490683153272e-05
1.954000000000000000e+03,3.547037340467795730e-05
1.955000000000000000e+03,3.539099634508602321e-05
1.956000000000000000e+03,3.563128848327323794e-05
1.957000000000000000e+03,3.537928569130599499e-05
1.958000000000000000e+03,3.534781353664584458e-05
1.959000000000000000e+03,3.531513721100054681e-05
1.960000000000000000e+03,3.525585998431779444e-05
1.961000000000000000e+03,3.518133962643332779e-05
1.962000000000000000e+03,3.514886338962242007e-05
1.963000000000000000e+03,3.505772838252596557e-05
1.964000000000000000e+03,3.500872117001563311e-05
1.965000000000000000e+03,3.491529423627071083e-05
1.966000000000000000e+03,3.480043960735201836e-05
1.967000000000000000e+03,3.485327397356741130e-05
1.968000000000000000e+03,3.475785342743620276e-05
1.969000000000000000e+03,3.471603849902749062e-05
1.970000000000000000e+03,3.468952854746021330e-05
1.971000000000000000e+03,3.465127520030364394e-05
1.972000000000000000e+03,3.456790727796033025e-05
1.973000000000000000e+03,3.494976772344671190e-05
1.974000000000000000e+03,3.455074693192727864e-05
1.975000000000000000e+03,3.449069845373742282e-05
1.976000000000000000e+03,3.444075628067366779e-05
1.977000000000000000e+03,3.439574720687232912e-05
1.978000000000000000e+03,3.436963015701621771e-05
1.979000000000000000e+03,3.435368125792592764e-05
1.980000000000000000e+03,3.433850361034274101e-05
1.981000000000000000e+03,3.429710704949684441e-05
1.982000000000000000e+03,3.423173257033340633e-05
1.983000000000000000e+03,3.418005871935747564e-05
1.984000000000000000e+03,3.414433012949302793e-05
1.985000000000000000e+03,3.411541183595545590e-05
1.986000000000000000e+03,3.408836710150353611e-05
1.987000000000000000e+03,3.405569805181585252e-05
1.988000000000000000e+03,3.402360380277968943e-05
1.989000000000000000e+03,3.399885827093385160e-05
1.990000000000000000e+03,3.395965541130863130e-05
1.991000000000000000e+03,3.393501174286939204e-05
1.992000000000000000e+03,3.387888136785477400e-05
1.993000000000000000e+03,3.400198693270795047e-05
1.994000000000000000e+03,3.385201489436440170e-05
1.995000000000000000e+03,3.380461203050799668e-05
1.996000000000000000e+03,3.375282176421023905e-05
1.997000000000000000e+03,3.370259582879953086e-05
1.998000000000000000e+03,3.363614814588800073e-05
1.999000000000000000e+03,3.364529766258783638e-05
2.000000000000000000e+03,3.360282062203623354e-05
2.001000000000000000e+03,3.354779619257897139e-05
2.002000000000000000e+03,3.351327177369967103e-05
2.003000000000000000e+03,3.346697121742181480e-05
2.004000000000000000e+03,3.342475247336551547e-05
2.005000000000000000e+03,3.337467933306470513e-05
2.006000000000000000e+03,3.333575295982882380e-05
2.007000000000000000e+03,3.331155312480404973e-05
2.008000000000000000e+03,3.328808088554069400e-05
2.009000000000000000e+03,3.326348814880475402e-05
2.010000000000000000e+03,3.324678982608020306e-05
2.011000000000000000e+03,3.322098564240150154e-05
2.012000000000000000e+03,3.328268576296977699e-05
2.013000000000000000e+03,3.321195981698110700e-05
2.014000000000000000e+03,3.318740709801204503e-05
2.015000000000000000e+03,3.316958100185729563e-05
2.016000000000000000e+03,3.315839785500429571e-05
2.017000000000000000e+03,3.314678178867325187e-05
2.018000000000000000e+03,3.312991975690238178e-05
2.019000000000000000e+03,3.310817919555120170e-05
2.020000000000000000e+03,3.307353836135007441e-05
2.021000000000000000e+03,3.302734694443643093e-05
2.022000000000000000e+03,3.299774834886193275e-05
2.023000000000000000e+03,3.296077920822426677e-05
2.024000000000000000e+03,3.294683847343549132e-05
2.025000000000000000e+03,3.292916881036944687e-05
2.026000000000000000e+03,3.289659798610955477e-05
2.027000000000000000e+03,3.286827632109634578e-05
2.028000000000000000e+03,3.283613477833569050e-05
2.029000000000000000e+03,3.282116449554450810e-05
2.030000000000000000e+03,3.278717849752865732e-05
2.031000000000000000e+03,3.276124698459170759e-05
2.032000000000000000e+03,3.272965477663092315e-05
2.033000000000000000e+03,3.269523222115822136e-05
2.034000000000000000e+03,3.266389830969274044e-05
2.035000000000000000e+03,3.263855614932253957e-05
2.036000000000000000e+03,3.262257087044417858e-05
2.037000000000000000e+03,3.260282755945809186e-05
2.038000000000000000e+03,3.258109063608571887e-05
2.039000000000000000e+03,3.254085822845809162e-05
2.040000000000000000e+03,3.251104499213397503e-05
2.041000000000000000e+03,3.249047949793748558e-05
2.042000000000000000e+03,3.247402855777181685e-05
2.043000000000000000e+03,3.246108826715499163e-05
2.044000000000000000e+03,3.243744868086650968e-05
2.045000000000000000e+03,3.240950900362804532e-05
2.046000000000000000e+03,3.237650889786891639e-05
2.047000000000000000e+03,3.235594340367242694e-05
2.048000000000000000e+03,3.234621181036345661e-05
2.049000000000000000e+03,3.232034941902384162e-05
2.050000000000000000e+03,3.229797584936022758e-05
2.051000000000000000e+03,3.224449392291717231e-05
2.052000000000000000e+03,3.221258521080017090e-05
2.053000000000000000e+03,3.219149584765546024e-05
2.054000000000000000e+03,3.216633922420442104e-05
2.055000000000000000e+03,3.211502189515158534e-05
2.056000000000000000e+03,3.209089481970295310e-05
2.057000000000000000e+03,3.205131724826060236e-05
2.058000000000000000e+03,3.203266169293783605e-05
2.059000000000000000e+03,3.199803904863074422e-05
2.060000000000000000e+03,3.196435500285588205e-05
2.061000000000000000e+03,3.191307041561231017e-05
2.062000000000000000e+03,3.187184120179153979e-05
2.063000000000000000e+03,3.184690649504773319e-05
2.064000000000000000e+03,3.181688953191041946e-05
2.065000000000000000e+03,3.177843245794065297e-05
2.066000000000000000e+03,3.175062010996043682e-05
2.067000000000000000e+03,3.172395372530445457e-05
2.068000000000000000e+03,3.170441414113156497e-05
2.069000000000000000e+03,3.168229886796325445e-05
2.070000000000000000e+03,3.165765519952401519e-05
2.071000000000000000e+03,3.162369102938100696e-05
2.072000000000000000e+03,3.159401967423036695e-05
2.073000000000000000e+03,3.156485036015510559e-05
2.074000000000000000e+03,3.153016587020829320e-05
2.075000000000000000e+03,3.150270640617236495e-05
2.076000000000000000e+03,3.147314055240713060e-05
2.077000000000000000e+03,3.144935180898755789e-05
2.078000000000000000e+03,3.141720299026928842e-05
2.079000000000000000e+03,3.136344457743689418e-05
2.080000000000000000e+03,3.134316648356616497e-05
2.081000000000000000e+03,3.129998367512598634e-05
2.082000000000000000e+03,3.127928357571363449e-05
2.083000000000000000e+03,3.124649447272531688e-05
2.084000000000000000e+03,3.120498513453640044e-05
2.085000000000000000e+03,3.116748484899289906e-05
2.086000000000000000e+03,3.113330603810027242e-05
2.087000000000000000e+03,3.110105535597540438e-05
2.088000000000000000e+03,3.107890006504021585e-05
2.089000000000000000e+03,3.101835682173259556e-05
2.090000000000000000e+03,3.095817737630568445e-05
2.091000000000000000e+03,3.092128463322296739e-05
2.092000000000000000e+03,3.090866812271997333e-05
2.093000000000000000e+03,3.087468212470412254e-05
2.094000000000000000e+03,3.085501521127298474e-05
2.095000000000000000e+03,3.083753108512610197e-05
2.096000000000000000e+03,3.081493196077644825e-05
2.097000000000000000e+03,3.077711517107672989e-05
2.098000000000000000e+03,3.074786218348890543e-05
2.099000000000000000e+03,3.073564948863349855e-05
2.100000000000000000e+03,3.071247920161113143e-05
2.101000000000000000e+03,3.069182639592327178e-05
2.102000000000000000e+03,3.066593490075320005e-05
2.103000000000000000e+03,3.062436735490337014e-05
2.104000000000000000e+03,3.072417894145473838e-05
2.105000000000000000e+03,3.060208473470993340e-05
2.106000000000000000e+03,3.056649438804015517e-05
2.107000000000000000e+03,3.052953979931771755e-05
2.108000000000000000e+03,3.050561463169287890e-05
2.109000000000000000e+03,3.046574056497775018e-05
2.110000000000000000e+03,3.040413321286905557e-05
2.111000000000000000e+03,3.036973430425859988e-05
2.112000000000000000e+03,3.028424907824955881e-05
2.113000000000000000e+03,3.023984390893019736e-05
2.114000000000000000e+03,3.018025199708063155e-05
2.115000000000000000e+03,3.011029002664145082e-05
2.116000000000000000e+03,3.004837344633415341e-05
2.117000000000000000e+03,3.000618198711890727e-05
2.118000000000000000e+03,2.998417403432540596e-05
2.119000000000000000e+03,2.995624527102336287e-05
2.120000000000000000e+03,2.995989234477747232e-05
2.121000000000000000e+03,2.991851215483620763e-05
2.122000000000000000e+03,2.987284096889197826e-05
2.123000000000000000e+03,2.984208731504622847e-05
2.124000000000000000e+03,2.980213139380794019e-05
2.125000000000000000e+03,2.977585791086312383e-05
2.126000000000000000e+03,2.975831921503413469e-05
2.127000000000000000e+03,2.972702895931433886e-05
2.128000000000000000e+03,2.970487548736855388e-05
2.129000000000000000e+03,2.965896783280186355e-05
2.130000000000000000e+03,2.964024315588176250e-05
2.131000000000000000e+03,2.960821439046412706e-05
2.132000000000000000e+03,2.959599805762991309e-05
2.133000000000000000e+03,2.957579272333532572e-05
2.134000000000000000e+03,2.953802322736009955e-05
2.135000000000000000e+03,2.951754868263378739e-05
2.136000000000000000e+03,2.947352004412095994e-05
2.137000000000000000e+03,2.945298001577612013e-05
2.138000000000000000e+03,2.943161780422087759e-05
2.139000000000000000e+03,2.939933801826555282e-05
2.140000000000000000e+03,2.942451283161062747e-05
2.141000000000000000e+03,2.937321005447302014e-05
2.142000000000000000e+03,2.934115764219313860e-05
2.143000000000000000e+03,2.931045310106128454e-05
2.144000000000000000e+03,2.928996400441974401e-05
2.145000000000000000e+03,2.925041553680785000e-05
2.146000000000000000e+03,2.918800964835099876e-05
2.147000000000000000e+03,2.915629193012136966e-05
2.148000000000000000e+03,2.912109448516275734e-05
2.149000000000000000e+03,2.910394141508731991e-05
2.150000000000000000e+03,2.906119152612518519e-05
2.151000000000000000e+03,2.901114748965483159e-05
2.152000000000000000e+03,2.898035018006339669e-05
2.153000000000000000e+03,2.894506542361341417e-05
2.154000000000000000e+03,2.892469092330429703e-05
2.155000000000000000e+03,2.889498136937618256e-05
2.156000000000000000e+03,2.885237881855573505e-05
2.157000000000000000e+03,2.880926695070229471e-05
2.158000000000000000e+03,2.877907172660343349e-05
2.159000000000000000e+03,2.874553865694906563e-05
2.160000000000000000e+03,2.872758886951487511e-05
2.161000000000000000e+03,2.869552918127737939e-05
2.162000000000000000e+03,2.866895738407038152e-05
2.163000000000000000e+03,2.864364432753063738e-05
2.164000000000000000e+03,2.860129097825847566e-05
2.165000000000000000e+03,2.853925798262935132e-05
2.166000000000000000e+03,2.853985461115371436e-05
2.167000000000000000e+03,2.850865166692528874e-05
2.168000000000000000e+03,2.845086783054284751e-05
2.169000000000000000e+03,2.840765773726161569e-05
2.170000000000000000e+03,2.835943087120540440e-05
2.171000000000000000e+03,2.831856545526534319e-05
2.172000000000000000e+03,2.829174445651005954e-05
2.173000000000000000e+03,2.825645242410246283e-05
2.174000000000000000e+03,2.823527211148757488e-05
2.175000000000000000e+03,2.820439294737298042e-05
2.176000000000000000e+03,2.818621396727394313e-05
2.177000000000000000e+03,2.815789594023954123e-05
2.178000000000000000e+03,2.812727143464144319e-05
2.179000000000000000e+03,2.811033664329443127e-05
2.180000000000000000e+03,2.808701901813037694e-05
2.181000000000000000e+03,2.807978671626187861e-05
2.182000000000000000e+03,2.805525582516565919e-05
2.183000000000000000e+03,2.804278119583614171e-05
2.184000000000000000e+03,2.802691778924781829e-05
2.185000000000000000e+03,2.799915455398149788e-05
2.186000000000000000e+03,2.801200753310695291e-05
2.187000000000000000e+03,2.797955494315829128e-05
2.188000000000000000e+03,2.795200271066278219e-05
2.189000000000000000e+03,2.792794111883267760e-05
2.190000000000000000e+03,2.790824692056048661e-05
2.191000000000000000e+03,2.786814548016991466e-05
2.192000000000000000e+03,2.790015423670411110e-05
2.193000000000000000e+03,2.784592470561619848e-05
2.194000000000000000e+03,2.780529212031979114e-05
2.195000000000000000e+03,2.775566645141225308e-05
2.196000000000000000e+03,2.787667472148314118e-05
2.197000000000000000e+03,2.773280721157789230e-05
2.198000000000000000e+03,2.768882586678955704e-05
2.199000000000000000e+03,2.766526995401363820e-05
2.200000000000000000e+03,2.763028714980464429e-05
2.201000000000000000e+03,2.760194547590799630e-05
2.202000000000000000e+03,2.756821595539804548e-05
2.203000000000000000e+03,2.755362402240280062e-05
2.204000000000000000e+03,2.754113666014745831e-05
2.205000000000000000e+03,2.752535874606110156e-05
2.206000000000000000e+03,2.750953353825025260e-05
2.207000000000000000e+03,2.747753205767367035e-05
2.208000000000000000e+03,2.746089012362062931e-05
2.209000000000000000e+03,2.743190452747512609e-05
2.210000000000000000e+03,2.741129719652235508e-05
2.211000000000000000e+03,2.739452975220046937e-05
2.212000000000000000e+03,2.737970316957216710e-05
2.213000000000000000e+03,2.736064743658062071e-05
2.214000000000000000e+03,2.733423752943053842e-05
2.215000000000000000e+03,2.729557490965817124e-05
2.216000000000000000e+03,2.729727566475048661e-05
2.217000000000000000e+03,2.727289211179595441e-05
2.218000000000000000e+03,2.724844307522289455e-05
2.219000000000000000e+03,2.723321995290461928e-05
2.220000000000000000e+03,2.720490920182783157e-05
2.221000000000000000e+03,2.715406117204111069e-05
2.222000000000000000e+03,2.711395609367173165e-05
2.223000000000000000e+03,2.707142812141682953e-05
2.224000000000000000e+03,2.704690632526762784e-05
2.225000000000000000e+03,2.700697768887039274e-05
2.226000000000000000e+03,2.696121009648777544e-05
2.227000000000000000e+03,2.691636109375394881e-05
2.228000000000000000e+03,2.689588291104882956e-05
2.229000000000000000e+03,2.686192419787403196e-05
2.230000000000000000e+03,2.683623461052775383e-05
2.231000000000000000e+03,2.680283250811044127e-05
2.232000000000000000e+03,2.674870120245032012e-05
2.233000000000000000e+03,2.788743404380511492e-05
2.234000000000000000e+03,2.674050301720853895e-05
2.235000000000000000e+03,2.670289359230082482e-05
2.236000000000000000e+03,2.666803629836067557e-05
2.237000000000000000e+03,2.662686165422201157e-05
2.238000000000000000e+03,2.658212179085239768e-05
2.239000000000000000e+03,2.654087256814818829e-05
2.240000000000000000e+03,2.648341614985838532e-05
2.241000000000000000e+03,2.640764432726427913e-05
2.242000000000000000e+03,2.633710573718417436e-05
2.243000000000000000e+03,2.659918936842586845e-05
2.244000000000000000e+03,2.632068935781717300e-05
2.245000000000000000e+03,2.628514084790367633e-05
2.246000000000000000e+03,2.626352579682134092e-05
2.247000000000000000e+03,2.623475847940426320e-05
2.248000000000000000e+03,2.618916914798319340e-05
2.249000000000000000e+03,2.614066033856943250e-05
2.250000000000000000e+03,2.607592614367604256e-05
2.251000000000000000e+03,2.604856126708909869e-05
2.252000000000000000e+03,2.602669337647967041e-05
2.253000000000000000e+03,2.600274638098198920e-05
2.254000000000000000e+03,2.632362156873568892e-05
2.255000000000000000e+03,2.598544961074367166e-05
2.256000000000000000e+03,2.593851604615338147e-05
2.257000000000000000e+03,2.590598523966036737e-05
2.258000000000000000e+03,2.587801282061263919e-05
2.259000000000000000e+03,2.589754149084910750e-05
2.260000000000000000e+03,2.586113259894773364e-05
2.261000000000000000e+03,2.582858724053949118e-05
2.262000000000000000e+03,2.579083775344770402e-05
2.263000000000000000e+03,2.575814141891896725e-05
2.264000000000000000e+03,2.572694938862696290e-05
2.265000000000000000e+03,2.569867683632764965e-05
2.266000000000000000e+03,2.566732837294694036e-05
2.267000000000000000e+03,2.563848465797491372e-05
2.268000000000000000e+03,2.561381188570521772e-05
2.269000000000000000e+03,2.559065796958748251e-05
2.270000000000000000e+03,2.557020525273401290e-05
2.271000000000000000e+03,2.552413388912100345e-05
2.272000000000000000e+03,2.549144664953928441e-05
2.273000000000000000e+03,2.593786120996810496e-05
2.274000000000000000e+03,2.547982330725062639e-05
2.275000000000000000e+03,2.544008202676195651e-05
2.276000000000000000e+03,2.539946217439137399e-05
2.277000000000000000e+03,2.536001193220727146e-05
2.278000000000000000e+03,2.533372571633663028e-05
2.279000000000000000e+03,2.531966310925781727e-05
2.280000000000000000e+03,2.529465018596965820e-05
2.281000000000000000e+03,2.528229924791958183e-05
2.282000000000000000e+03,2.526083881093654782e-05
2.283000000000000000e+03,2.522093927836976945e-05
2.284000000000000000e+03,2.516485074011143297e-05
2.285000000000000000e+03,2.511283673811703920e-05
2.286000000000000000e+03,2.507946555851958692e-05
2.287000000000000000e+03,2.504318035789765418e-05
2.288000000000000000e+03,2.501584822311997414e-05
2.289000000000000000e+03,2.497214336472097784e-05
2.290000000000000000e+03,2.515140840841922909e-05
2.291000000000000000e+03,2.496140768926125020e-05
2.292000000000000000e+03,2.492571729817427695e-05
2.293000000000000000e+03,2.489205144229345024e-05
2.294000000000000000e+03,2.484276228642556816e-05
2.295000000000000000e+03,2.481369301676750183e-05
2.296000000000000000e+03,2.479027898516505957e-05
2.297000000000000000e+03,2.476310146448668092e-05
2.298000000000000000e+03,2.473576751071959734e-05
2.299000000000000000e+03,2.467807826178614050e-05
2.300000000000000000e+03,2.461964504618663341e-05
2.301000000000000000e+03,2.460790528857614845e-05
2.302000000000000000e+03,2.454136665619444102e-05
2.303000000000000000e+03,2.452260923746507615e-05
2.304000000000000000e+03,2.450213833071757108e-05
2.305000000000000000e+03,2.450471220072358847e-05
2.306000000000000000e+03,2.449327075737528503e-05
2.307000000000000000e+03,2.447740189381875098e-05
2.308000000000000000e+03,2.445809514028951526e-05
2.309000000000000000e+03,2.442752338538412005e-05
2.310000000000000000e+03,2.439005402266047895e-05
2.311000000000000000e+03,2.442477853037416935e-05
2.312000000000000000e+03,2.436769682390149683e-05
2.313000000000000000e+03,2.434178531984798610e-05
2.314000000000000000e+03,2.432620567560661584e-05
2.315000000000000000e+03,2.431138273095712066e-05
2.316000000000000000e+03,2.432867950119543821e-05
2.317000000000000000e+03,2.429870619380380958e-05
2.318000000000000000e+03,2.427341860311571509e-05
2.319000000000000000e+03,2.425235652481205761e-05
2.320000000000000000e+03,2.422699435555841774e-05
2.321000000000000000e+03,2.420041892037261277e-05
2.322000000000000000e+03,2.417960422462783754e-05
2.323000000000000000e+03,2.414114533166866750e-05
2.324000000000000000e+03,2.411833338555879891e-05
2.325000000000000000e+03,2.409323133178986609e-05
2.326000000000000000e+03,2.408169530099257827e-05
2.327000000000000000e+03,2.404210317763499916e-05
2.328000000000000000e+03,2.401946039753966033e-05
2.329000000000000000e+03,2.399176446488127112e-05
2.330000000000000000e+03,2.398308424744755030e-05
2.331000000000000000e+03,2.395155206613708287e-05
2.332000000000000000e+03,2.393298382230568677e-05
2.333000000000000000e+03,2.390619920333847404e-05
2.334000000000000000e+03,2.386820415267720819e-05
2.335000000000000000e+03,2.381853846600279212e-05
2.336000000000000000e+03,2.380219484621193260e-05
2.337000000000000000e+03,2.376213342358823866e-05
2.338000000000000000e+03,2.374724499532021582e-05
2.339000000000000000e+03,2.372675771766807884e-05
2.340000000000000000e+03,2.368934110563714057e-05
2.341000000000000000e+03,2.365862201259005815e-05
2.342000000000000000e+03,2.361567385378293693e-05
2.343000000000000000e+03,2.358093479415401816e-05
2.344000000000000000e+03,2.355464312131516635e-05
2.345000000000000000e+03,2.353052695980295539e-05
2.346000000000000000e+03,2.355286414967849851e-05
2.347000000000000000e+03,2.351672083023004234e-05
2.348000000000000000e+03,2.349907845200505108e-05
2.349000000000000000e+03,2.348005727981217206e-05
2.350000000000000000e+03,2.345864413655363023e-05
2.351000000000000000e+03,2.343251617276109755e-05
2.352000000000000000e+03,2.340310857107397169e-05
2.353000000000000000e+03,2.338073318242095411e-05
2.354000000000000000e+03,2.334395321668125689e-05
2.355000000000000000e+03,2.329928611288778484e-05
2.356000000000000000e+03,2.325813511561136693e-05
2.357000000000000000e+03,2.325436798855662346e-05
2.358000000000000000e+03,2.323585795238614082e-05
2.359000000000000000e+03,2.322303771506994963e-05
2.360000000000000000e+03,2.319849772902671248e-05
2.361000000000000000e+03,2.318432052561547607e-05
2.362000000000000000e+03,2.316805694135837257e-05
2.363000000000000000e+03,2.314398989256005734e-05
2.364000000000000000e+03,2.310702257091179490e-05
2.365000000000000000e+03,2.315390338480938226e-05
2.366000000000000000e+03,2.309419141965918243e-05
2.367000000000000000e+03,2.306839633092749864e-05
2.368000000000000000e+03,2.305310772499069571e-05
2.369000000000000000e+03,2.304916961293201894e-05
2.370000000000000000e+03,2.302080611116252840e-05
2.371000000000000000e+03,2.301141466887202114e-05
2.372000000000000000e+03,2.300097185070626438e-05
2.373000000000000000e+03,2.298878098372370005e-05
2.374000000000000000e+03,2.295986814715433866e-05
2.375000000000000000e+03,2.293743455084040761e-05
2.376000000000000000e+03,2.291948112542741001e-05
2.377000000000000000e+03,2.290668453497346491e-05
2.378000000000000000e+03,2.289345502504147589e-05
2.379000000000000000e+03,2.286685958097223192e-05
2.380000000000000000e+03,2.297605351486708969e-05
2.381000000000000000e+03,2.285990740347187966e-05
2.382000000000000000e+03,2.284170477651059628e-05
2.383000000000000000e+03,2.282471905346028507e-05
2.384000000000000000e+03,2.281087836308870465e-05
2.385000000000000000e+03,2.279639193147886544e-05
2.386000000000000000e+03,2.278675674460828304e-05
2.387000000000000000e+03,2.277493149449583143e-05
2.388000000000000000e+03,2.275412953167688102e-05
2.389000000000000000e+03,2.273970676469616592e-05
2.390000000000000000e+03,2.271059747727122158e-05
2.391000000000000000e+03,2.269705510116182268e-05
2.392000000000000000e+03,2.268630123580805957e-05
2.393000000000000000e+03,2.267321906401775777e-05
2.394000000000000000e+03,2.265087641717400402e-05
2.395000000000000000e+03,2.262548150611110032e-05
2.396000000000000000e+03,2.259991742903366685e-05
2.397000000000000000e+03,2.256962216051761061e-05
2.398000000000000000e+03,2.255105573567561805e-05
2.399000000000000000e+03,2.252468948427122086e-05
2.400000000000000000e+03,2.250514080515131354e-05
2.401000000000000000e+03,2.249757380923256278e-05
2.402000000000000000e+03,2.248529199277982116e-05
2.403000000000000000e+03,2.248078999400604516e-05
2.404000000000000000e+03,2.247413613076787442e-05
2.405000000000000000e+03,2.246251642645802349e-05
2.406000000000000000e+03,2.245146788482088596e-05
2.407000000000000000e+03,2.243092967546544969e-05
2.408000000000000000e+03,2.241761467303149402e-05
2.409000000000000000e+03,2.239872264908626676e-05
2.410000000000000000e+03,2.238588058389723301e-05
2.411000000000000000e+03,2.236514956166502088e-05
2.412000000000000000e+03,2.235674037365242839e-05
2.413000000000000000e+03,2.234392195532564074e-05
2.414000000000000000e+03,2.233019040431827307e-05
2.415000000000000000e+03,2.231402322649955750e-05
2.416000000000000000e+03,2.229411074949894100e-05
2.417000000000000000e+03,2.227309414593037218e-05
2.418000000000000000e+03,2.224942727480083704e-05
2.419000000000000000e+03,2.223606315965298563e-05
2.420000000000000000e+03,2.229647725471295416e-05
2.421000000000000000e+03,2.222974035248626024e-05
2.422000000000000000e+03,2.221596150775440037e-05
2.423000000000000000e+03,2.220588248746935278e-05
2.424000000000000000e+03,2.218510053353384137e-05
2.425000000000000000e+03,2.217650035163387656e-05
2.426000000000000000e+03,2.216060602222569287e-05
2.427000000000000000e+03,2.214920641563367099e-05
2.428000000000000000e+03,2.214262167399283499e-05
2.429000000000000000e+03,2.212972685811109841e-05
2.430000000000000000e+03,2.217176188423763961e-05
2.431000000000000000e+03,2.212475919805001467e-05
2.432000000000000000e+03,2.211365790572017431e-05
2.433000000000000000e+03,2.210529964941088110e-05
2.434000000000000000e+03,2.209513513662386686e-05
2.435000000000000000e+03,2.208224395872093737e-05
2.436000000000000000e+03,2.209825106547214091e-05
2.437000000000000000e+03,2.207456600444857031e-05
2.438000000000000000e+03,2.205892087658867240e-05
2.439000000000000000e+03,2.204557677032426000e-05
2.440000000000000000e+03,2.203209623985458165e-05
2.441000000000000000e+03,2.202091127401217818e-05
2.442000000000000000e+03,2.201201277785003185e-05
2.443000000000000000e+03,2.200568815169390291e-05
2.444000000000000000e+03,2.200051312684081495e-05
2.445000000000000000e+03,2.199609480157960206e-05
2.446000000000000000e+03,2.198391484853345901e-05
2.447000000000000000e+03,2.198990659962873906e-05
2.448000000000000000e+03,2.197788671765010804e-05
2.449000000000000000e+03,2.196843161073047668e-05
2.450000000000000000e+03,2.195717388531193137e-05
2.451000000000000000e+03,2.194831904489547014e-05
2.452000000000000000e+03,2.193709588027559221e-05
2.453000000000000000e+03,2.193088221247307956e-05
2.454000000000000000e+03,2.191144267271738499e-05
2.455000000000000000e+03,2.189731458202004433e-05
2.456000000000000000e+03,2.188089456467423588e-05
2.457000000000000000e+03,2.186506753787398338e-05
2.458000000000000000e+03,2.188828511862084270e-05
2.459000000000000000e+03,2.185808989452198148e-05
2.460000000000000000e+03,2.184730328735895455e-05
2.461000000000000000e+03,2.184108961955644190e-05
2.462000000000000000e+03,2.183207652706187218e-05
2.463000000000000000e+03,2.181968920922372490e-05
2.464000000000000000e+03,2.185136327170766890e-05
2.465000000000000000e+03,2.181268791900947690e-05
2.466000000000000000e+03,2.179445436922833323e-05
2.467000000000000000e+03,2.178041359002236277e-05
2.468000000000000000e+03,2.176533598685637116e-05
2.469000000000000000e+03,2.174819564970675856e-05
2.470000000000000000e+03,2.175101872126106173e-05
2.471000000000000000e+03,2.173658867832273245e-05
2.472000000000000000e+03,2.171494816138874739e-05
2.473000000000000000e+03,2.170459265471436083e-05
2.474000000000000000e+03,2.169203980884049088e-05
2.475000000000000000e+03,2.167746424674987793e-05
2.476000000000000000e+03,2.165125260944478214e-05
2.477000000000000000e+03,2.163611861760728061e-05
2.478000000000000000e+03,2.161741940653882921e-05
2.479000000000000000e+03,2.160591247957199812e-05
2.480000000000000000e+03,2.159730502171441913e-05
2.481000000000000000e+03,2.158230017812456936e-05
2.482000000000000000e+03,2.156318078050389886e-05
2.483000000000000000e+03,2.154777757823467255e-05
2.484000000000000000e+03,2.153990499209612608e-05
2.485000000000000000e+03,2.158251118089538068e-05
2.486000000000000000e+03,2.153477907995693386e-05
2.487000000000000000e+03,2.152430715796072036e-05
2.488000000000000000e+03,2.151291300833690912e-05
2.489000000000000000e+03,2.150454383809119463e-05
2.490000000000000000e+03,2.149289321096148342e-05
2.491000000000000000e+03,2.148450585082173347e-05
2.492000000000000000e+03,2.145880171156022698e-05
2.493000000000000000e+03,2.144704194506630301e-05
2.494000000000000000e+03,2.143797792086843401e-05
2.495000000000000000e+03,2.142850826203357428e-05
2.496000000000000000e+03,2.140241304005030543e-05
2.497000000000000000e+03,2.145646976714488119e-05
2.498000000000000000e+03,2.139080061169806868e-05
2.499000000000000000e+03,2.137650699296500534e-05
2.500000000000000000e+03,2.136154216714203358e-05
2.501000000000000000e+03,2.134976966772228479e-05
2.502000000000000000e+03,2.134332316927611828e-05
2.503000000000000000e+03,2.131872315658256412e-05
2.504000000000000000e+03,2.130493885488249362e-05
2.505000000000000000e+03,2.129383756255265325e-05
2.506000000000000000e+03,2.127951483998913318e-05
2.507000000000000000e+03,2.125752507708966732e-05
2.508000000000000000e+03,2.128412415913771838e-05
2.509000000000000000e+03,2.124744423781521618e-05
2.510000000000000000e+03,2.123485501215327531e-05
2.511000000000000000e+03,2.121776378771755844e-05
2.512000000000000000e+03,2.119853161275386810e-05
2.513000000000000000e+03,2.116891118930652738e-05
2.514000000000000000e+03,2.115342249453533441e-05
2.515000000000000000e+03,2.112689253408461809e-05
2.516000000000000000e+03,2.111041612806729972e-05
2.517000000000000000e+03,2.108981425408273935e-05
2.518000000000000000e+03,2.105545172526035458e-05
2.519000000000000000e+03,2.102025064232293516e-05
2.520000000000000000e+03,2.099064295180141926e-05
2.521000000000000000e+03,2.096981188515201211e-05
2.522000000000000000e+03,2.094800765917170793e-05
2.523000000000000000e+03,2.091215174004901201e-05
2.524000000000000000e+03,2.088528890453744680e-05
2.525000000000000000e+03,2.086084168695379049e-05
2.526000000000000000e+03,2.083957770082633942e-05
2.527000000000000000e+03,2.081796810671221465e-05
2.528000000000000000e+03,2.079925070574972779e-05
2.529000000000000000e+03,2.078752004308626056e-05
2.530000000000000000e+03,2.076998498523607850e-05
2.531000000000000000e+03,2.075556585623417050e-05
2.532000000000000000e+03,2.074049734801519662e-05
2.533000000000000000e+03,2.072729148494545370e-05
2.534000000000000000e+03,2.071716517093591392e-05
2.535000000000000000e+03,2.070720438496209681e-05
2.536000000000000000e+03,2.069374568236526102e-05
2.537000000000000000e+03,2.067878995148930699e-05
2.538000000000000000e+03,2.066855267912615091e-05
2.539000000000000000e+03,2.065360786218661815e-05
2.540000000000000000e+03,2.063596912194043398e-05
2.541000000000000000e+03,2.063792089757043868e-05
2.542000000000000000e+03,2.062546082015614957e-05
2.543000000000000000e+03,2.061725172097794712e-05
2.544000000000000000e+03,2.060673432424664497e-05
2.545000000000000000e+03,2.059713551716413349e-05
2.546000000000000000e+03,2.057696838164702058e-05
2.547000000000000000e+03,2.067600507871247828e-05
2.548000000000000000e+03,2.057343044725712389e-05
2.549000000000000000e+03,2.055975346593186259e-05
2.550000000000000000e+03,2.054853212030138820e-05
2.551000000000000000e+03,2.053738899121526629e-05
2.552000000000000000e+03,2.052764830295927823e-05
2.553000000000000000e+03,2.050833973044063896e-05
2.554000000000000000e+03,2.073510222544427961e-05
2.555000000000000000e+03,2.050407965725753456e-05
2.556000000000000000e+03,2.048902206297498196e-05
2.557000000000000000e+03,2.047709313046652824e-05
2.558000000000000000e+03,2.046048575721215457e-05
2.559000000000000000e+03,2.051494993793312460e-05
2.560000000000000000e+03,2.045574910880532116e-05
2.561000000000000000e+03,2.044368011411279440e-05
2.562000000000000000e+03,2.042959567916113883e-05
2.563000000000000000e+03,2.041907646344043314e-05
2.564000000000000000e+03,2.040703111561015248e-05
2.565000000000000000e+03,2.039020910160616040e-05
2.566000000000000000e+03,2.037662488874047995e-05
2.567000000000000000e+03,2.036281148320995271e-05
2.568000000000000000e+03,2.035328179772477597e-05
2.569000000000000000e+03,2.034477802226319909e-05
2.570000000000000000e+03,2.032391785178333521e-05
2.571000000000000000e+03,2.032783413596916944e-05
2.572000000000000000e+03,2.031469193752855062e-05
2.573000000000000000e+03,2.029849019891116768e-05
2.574000000000000000e+03,2.028763992711901665e-05
2.575000000000000000e+03,2.027602204179856926e-05
2.576000000000000000e+03,2.026413858402520418e-05
2.577000000000000000e+03,2.025125104410108179e-05
2.578000000000000000e+03,2.021447471634019166e-05
2.579000000000000000e+03,2.019816565734799951e-05
2.580000000000000000e+03,2.018485793087165803e-05
2.581000000000000000e+03,2.016448343056254089e-05
2.582000000000000000e+03,2.014438359765335917e-05
2.583000000000000000e+03,2.012242657656315714e-05
2.584000000000000000e+03,2.010281059483531862e-05
2.585000000000000000e+03,2.008671981457155198e-05
2.586000000000000000e+03,2.006909380725119263e-05
2.587000000000000000e+03,2.004852285608649254e-05
2.588000000000000000e+03,2.002206747420132160e-05
2.589000000000000000e+03,2.006162685574963689e-05
2.590000000000000000e+03,2.000806853175163269e-05
2.591000000000000000e+03,1.998528750846162438e-05
2.592000000000000000e+03,1.996543142013251781e-05
2.593000000000000000e+03,1.993824116652831435e-05
2.594000000000000000e+03,1.991073622775729746e-05
2.595000000000000000e+03,1.989968950510956347e-05
2.596000000000000000e+03,1.987795440072659403e-05
2.597000000000000000e+03,1.986986899282783270e-05
2.598000000000000000e+03,1.985651397262699902e-05
2.599000000000000000e+03,1.983526271942537278e-05
2.600000000000000000e+03,1.981981768039986491e-05
2.601000000000000000e+03,1.980820343305822462e-05
2.602000000000000000e+03,1.980132401513401419e-05
2.603000000000000000e+03,1.979296939680352807e-05
2.604000000000000000e+03,1.978692489501554519e-05
2.605000000000000000e+03,1.977089232241269201e-05
2.606000000000000000e+03,1.976559906324837357e-05
2.607000000000000000e+03,1.974976294150110334e-05
2.608000000000000000e+03,1.972530117200221866e-05
2.609000000000000000e+03,1.970304765563923866e-05
2.610000000000000000e+03,1.968602737179026008e-05
2.611000000000000000e+03,1.967119897017255425e-05
2.612000000000000000e+03,1.964487273653503507e-05
2.613000000000000000e+03,1.963619797606952488e-05
2.614000000000000000e+03,1.960274857992772013e-05
2.615000000000000000e+03,1.959156361408531666e-05
2.616000000000000000e+03,1.958220855158288032e-05
2.617000000000000000e+03,1.956808955583255738e-05
2.618000000000000000e+03,1.955174775503110141e-05
2.619000000000000000e+03,1.954952313099056482e-05
2.620000000000000000e+03,1.952674756466876715e-05
2.621000000000000000e+03,1.951726153492927551e-05
2.622000000000000000e+03,1.950053047039546072e-05
2.623000000000000000e+03,1.948482167790643871e-05
2.624000000000000000e+03,1.946234260685741901e-05
2.625000000000000000e+03,1.944378527696244419e-05
2.626000000000000000e+03,1.942499875440262258e-05
2.627000000000000000e+03,1.941028313012793660e-05
2.628000000000000000e+03,1.938721106853336096e-05
2.629000000000000000e+03,1.937315755640156567e-05
2.630000000000000000e+03,1.935381806106306612e-05
2.631000000000000000e+03,1.933758176164701581e-05
2.632000000000000000e+03,1.931781844177749008e-05
2.633000000000000000e+03,1.930535654537379742e-05
2.634000000000000000e+03,1.927950142999179661e-05
2.635000000000000000e+03,1.926788172568194568e-05
2.636000000000000000e+03,1.923671698023099452e-05
2.637000000000000000e+03,1.922656701935920864e-05
2.638000000000000000e+03,1.921137118188198656e-05
2.639000000000000000e+03,1.919649002957157791e-05
2.640000000000000000e+03,1.918020825542043895e-05
2.641000000000000000e+03,1.917000918183475733e-05
2.642000000000000000e+03,1.915375833050347865e-05
2.643000000000000000e+03,1.917220106406603009e-05
2.644000000000000000e+03,1.914588574436493218e-05
2.645000000000000000e+03,1.913387495733331889e-05
2.646000000000000000e+03,1.912040715978946537e-05
2.647000000000000000e+03,1.910494029289111495e-05
2.648000000000000000e+03,1.909908678499050438e-05
2.649000000000000000e+03,1.908410740725230426e-05
2.650000000000000000e+03,1.908003650896716863e-05
2.651000000000000000e+03,1.906985744426492602e-05
2.652000000000000000e+03,1.905301178339868784e-05
2.653000000000000000e+03,1.902064104797318578e-05
2.654000000000000000e+03,1.923233867273665965e-05
2.655000000000000000e+03,1.901005271065514535e-05
2.656000000000000000e+03,1.897940273920539767e-05
2.657000000000000000e+03,1.895862260425928980e-05
2.658000000000000000e+03,1.894257729873061180e-05
2.659000000000000000e+03,1.895986861200071871e-05
2.660000000000000000e+03,1.893560329335741699e-05
2.661000000000000000e+03,1.892366162792313844e-05
2.662000000000000000e+03,1.891381361929234117e-05
2.663000000000000000e+03,1.890094063128344715e-05
2.664000000000000000e+03,1.888200677058193833e-05
2.665000000000000000e+03,1.891185456770472229e-05
2.666000000000000000e+03,1.887139660539105535e-05
2.667000000000000000e+03,1.884291123133152723e-05
2.668000000000000000e+03,1.882260221464093775e-05
2.669000000000000000e+03,1.880556192190852016e-05
2.670000000000000000e+03,1.879434603324625641e-05
2.671000000000000000e+03,1.877837166830431670e-05
2.672000000000000000e+03,1.875949783425312489e-05
2.673000000000000000e+03,1.873813198471907526e-05
2.674000000000000000e+03,1.872446773631963879e-05
2.675000000000000000e+03,1.870873347797896713e-05
2.676000000000000000e+03,1.868554136308375746e-05
2.677000000000000000e+03,1.866734237410128117e-05
2.678000000000000000e+03,1.863872421381529421e-05
2.679000000000000000e+03,1.860867632785812020e-05
2.680000000000000000e+03,1.858730865933466703e-05
2.681000000000000000e+03,1.857063762145116925e-05
2.682000000000000000e+03,1.855190021160524338e-05
2.683000000000000000e+03,1.852796594903338701e-05
2.684000000000000000e+03,1.848340798460412771e-05
2.685000000000000000e+03,1.851164415711537004e-05
2.686000000000000000e+03,1.847116982389707118e-05
2.687000000000000000e+03,1.844809958129189909e-05
2.688000000000000000e+03,1.844171856646426022e-05
2.689000000000000000e+03,1.843185236793942750e-05
2.690000000000000000e+03,1.842284109443426132e-05
2.691000000000000000e+03,1.841254379542078823e-05
2.692000000000000000e+03,1.839834112615790218e-05
2.693000000000000000e+03,1.842985511757433414e-05
2.694000000000000000e+03,1.839270589698571712e-05
2.695000000000000000e+03,1.838232492445968091e-05
2.696000000000000000e+03,1.837507443269714713e-05
2.697000000000000000e+03,1.836529008869547397e-05
2.698000000000000000e+03,1.834970680647529662e-05
2.699000000000000000e+03,1.836155388446059078e-05
2.700000000000000000e+03,1.833903479564469308e-05
2.701000000000000000e+03,1.831828194553963840e-05
2.702000000000000000e+03,1.830245491873938590e-05
2.703000000000000000e+03,1.828993481467477977e-05
2.704000000000000000e+03,1.827748383220750839e-05
2.705000000000000000e+03,1.826312109187711030e-05
2.706000000000000000e+03,1.824643004511017352e-05
2.707000000000000000e+03,1.833318856370169669e-05
2.708000000000000000e+03,1.824135870265308768e-05
2.709000000000000000e+03,1.822991725930478424e-05
2.710000000000000000e+03,1.821387559175491333e-05
2.711000000000000000e+03,1.819941644498612732e-05
2.712000000000000000e+03,1.818803502828814089e-05
2.713000000000000000e+03,1.817392876546364278e-05
2.714000000000000000e+03,1.816228177631273866e-05
2.715000000000000000e+03,1.815010728023480624e-05
2.716000000000000000e+03,1.813827839214354753e-05
2.717000000000000000e+03,1.812744449125602841e-05
2.718000000000000000e+03,1.812510163290426135e-05
2.719000000000000000e+03,1.811407491913996637e-05
2.720000000000000000e+03,1.809214336390141398e-05
2.721000000000000000e+03,1.807503031159285456e-05
2.722000000000000000e+03,1.806564250728115439e-05
2.723000000000000000e+03,1.805629108275752515e-05
2.724000000000000000e+03,1.803670602384954691e-05
2.725000000000000000e+03,1.801897815312258899e-05
2.726000000000000000e+03,1.799801611923612654e-05
2.727000000000000000e+03,1.798428274923935533e-05
2.728000000000000000e+03,1.796930519049055874e-05
2.729000000000000000e+03,1.795203388610389084e-05
2.730000000000000000e+03,1.793455521692521870e-05
2.731000000000000000e+03,1.792109287634957582e-05
2.732000000000000000e+03,1.790742135199252516e-05
2.733000000000000000e+03,1.788318513717968017e-05
2.734000000000000000e+03,1.785969652701169252e-05
2.735000000000000000e+03,1.783396692189853638e-05
2.736000000000000000e+03,1.781174796633422375e-05
2.737000000000000000e+03,1.779453486960846931e-05
2.738000000000000000e+03,1.777492070687003434e-05
2.739000000000000000e+03,1.774732118065003306e-05
2.740000000000000000e+03,1.773197072907350957e-05
2.741000000000000000e+03,1.772068753780331463e-05
2.742000000000000000e+03,1.770363087416626513e-05
2.743000000000000000e+03,1.773120493453461677e-05
2.744000000000000000e+03,1.769322989275678992e-05
2.745000000000000000e+03,1.767793037288356572e-05
2.746000000000000000e+03,1.767085814208257943e-05
2.747000000000000000e+03,1.765610068105161190e-05
2.748000000000000000e+03,1.763890395523048937e-05
2.749000000000000000e+03,1.762251304171513766e-05
2.750000000000000000e+03,1.759399856382515281e-05
2.751000000000000000e+03,1.756312485667876899e-05
2.752000000000000000e+03,1.754863478709012270e-05
2.753000000000000000e+03,1.752842945279553533e-05
2.754000000000000000e+03,1.751961463014595211e-05
2.755000000000000000e+03,1.750878618622664362e-05
2.756000000000000000e+03,1.751433592289686203e-05
2.757000000000000000e+03,1.750177398207597435e-05
2.758000000000000000e+03,1.749002694850787520e-05
2.759000000000000000e+03,1.747759961290284991e-05
2.760000000000000000e+03,1.746921770973131061e-05
2.761000000000000000e+03,1.746116686263121665e-05
2.762000000000000000e+03,1.745204644976183772e-05
2.763000000000000000e+03,1.744392284308560193e-05
2.764000000000000000e+03,1.743784196150954813e-05
2.765000000000000000e+03,1.742507993185427040e-05
2.766000000000000000e+03,1.741975029290188104e-05
2.767000000000000000e+03,1.741277810651808977e-05
2.768000000000000000e+03,1.739877188811078668e-05
2.769000000000000000e+03,1.740367042657453567e-05
2.770000000000000000e+03,1.738723767630290240e-05
2.771000000000000000e+03,1.737238744681235403e-05
2.772000000000000000e+03,1.736320882628206164e-05
2.773000000000000000e+03,1.735346450004726648e-05
2.774000000000000000e+03,1.737135062285233289e-05
2.775000000000000000e+03,1.734809666231740266e-05
2.776000000000000000e+03,1.733794670144561678e-05
2.777000000000000000e+03,1.733173121465370059e-05
2.778000000000000000e+03,1.732190685288514942e-05
2.779000000000000000e+03,1.730781877995468676e-05
2.780000000000000000e+03,1.729476207401603460e-05
2.781000000000000000e+03,1.727299604681320488e-05
2.782000000000000000e+03,1.726148730085697025e-05
2.783000000000000000e+03,1.725359470583498478e-05
2.784000000000000000e+03,1.724698813632130623e-05
2.785000000000000000e+03,1.722750312183052301e-05
2.786000000000000000e+03,1.723591412883251905e-05
2.787000000000000000e+03,1.721884837024845183e-05
2.788000000000000000e+03,1.720598811516538262e-05
2.789000000000000000e+03,1.719248029985465109e-05
2.790000000000000000e+03,1.716922270134091377e-05
2.791000000000000000e+03,1.714851714496035129e-05
2.792000000000000000e+03,1.712677658360917121e-05
2.793000000000000000e+03,1.711034747131634504e-05
2.794000000000000000e+03,1.709557727735955268e-05
2.795000000000000000e+03,1.708009767753537744e-05
2.796000000000000000e+03,1.713273923087399453e-05
2.797000000000000000e+03,1.707504998194053769e-05
2.798000000000000000e+03,1.706354123598430306e-05
2.799000000000000000e+03,1.705684371700044721e-05
2.800000000000000000e+03,1.704724490991793573e-05
2.801000000000000000e+03,1.703626730886753649e-05
2.802000000000000000e+03,1.703529596852604300e-05
2.803000000000000000e+03,1.702714689599815756e-05
2.804000000000000000e+03,1.701417568256147206e-05
2.805000000000000000e+03,1.700423854344990104e-05
2.806000000000000000e+03,1.699438143987208605e-05
2.807000000000000000e+03,1.698067171673756093e-05
2.808000000000000000e+03,1.696795698080677539e-05
2.809000000000000000e+03,1.695443097560200840e-05
2.810000000000000000e+03,1.694605452939867973e-05
2.811000000000000000e+03,1.694066850177478045e-05
2.812000000000000000e+03,1.693174635875038803e-05
2.813000000000000000e+03,1.692010482656769454e-05
2.814000000000000000e+03,1.691145916993264109e-05
2.815000000000000000e+03,1.689373675617389381e-05
2.816000000000000000e+03,1.687086842139251530e-05
2.817000000000000000e+03,1.686924952082335949e-05
2.818000000000000000e+03,1.685741699475329369e-05
2.819000000000000000e+03,1.684721064520999789e-05
2.820000000000000000e+03,1.683814844000153244e-05
2.821000000000000000e+03,1.682750917098019272e-05
2.822000000000000000e+03,1.681615140114445239e-05
2.823000000000000000e+03,1.679668821452651173e-05
2.824000000000000000e+03,1.678655826253816485e-05
2.825000000000000000e+03,1.677938416833058000e-05
2.826000000000000000e+03,1.676923420745879412e-05
2.827000000000000000e+03,1.675771090958733112e-05
2.828000000000000000e+03,1.674773557169828564e-05
2.829000000000000000e+03,1.674004488450009376e-05
2.830000000000000000e+03,1.672841972322203219e-05
2.831000000000000000e+03,1.675779640208929777e-05
2.832000000000000000e+03,1.672313374001532793e-05
2.833000000000000000e+03,1.670938945608213544e-05
2.834000000000000000e+03,1.670142046350520104e-05
2.835000000000000000e+03,1.669150333327706903e-05
2.836000000000000000e+03,1.668076401983853430e-05
2.837000000000000000e+03,1.665882336965296417e-05
2.838000000000000000e+03,1.669442826823797077e-05
2.839000000000000000e+03,1.665006675466429442e-05
2.840000000000000000e+03,1.662953400227706879e-05
2.841000000000000000e+03,1.661675014474894851e-05
2.842000000000000000e+03,1.660301313677337021e-05
2.843000000000000000e+03,1.660026100580580533e-05
2.844000000000000000e+03,1.658666406001430005e-05
2.845000000000000000e+03,1.658100518397986889e-05
2.846000000000000000e+03,1.657195207371842116e-05
2.847000000000000000e+03,1.656053427723236382e-05
2.848000000000000000e+03,1.655821506574284285e-05
2.849000000000000000e+03,1.653425897529814392e-05
2.850000000000000000e+03,1.652513492444995791e-05
2.851000000000000000e+03,1.650725971558131278e-05
2.852000000000000000e+03,1.649037039896938950e-05
2.853000000000000000e+03,1.648921715968754143e-05
2.854000000000000000e+03,1.648060970182996243e-05
2.855000000000000000e+03,1.647325370868202299e-05
2.856000000000000000e+03,1.646465170779265463e-05
2.857000000000000000e+03,1.645407610340043902e-05
2.858000000000000000e+03,1.643726500333286822e-05
2.859000000000000000e+03,1.642655661271419376e-05
2.860000000000000000e+03,1.641634116822388023e-05
2.861000000000000000e+03,1.640774826228152961e-05
2.862000000000000000e+03,1.639947549847420305e-05
2.863000000000000000e+03,1.638181674934457988e-05
2.864000000000000000e+03,1.646370037633460015e-05
2.865000000000000000e+03,1.637756759009789675e-05
2.866000000000000000e+03,1.636833621887490153e-05
2.867000000000000000e+03,1.635884109418839216e-05
2.868000000000000000e+03,1.635086846363265067e-05
2.869000000000000000e+03,1.634260479477234185e-05
2.870000000000000000e+03,1.633781539567280561e-05
2.871000000000000000e+03,1.632985913602169603e-05
2.872000000000000000e+03,1.632378189242444932e-05
2.873000000000000000e+03,1.631202758289873600e-05
2.874000000000000000e+03,1.630143378861248493e-05
2.875000000000000000e+03,1.628554309718310833e-05
2.876000000000000000e+03,1.627647907298523933e-05
2.877000000000000000e+03,1.626140692678745836e-05
2.878000000000000000e+03,1.624891228857450187e-05
2.879000000000000000e+03,1.622375202714465559e-05
2.880000000000000000e+03,1.624483593332115561e-05
2.881000000000000000e+03,1.621606861590407789e-05
2.882000000000000000e+03,1.619962677068542689e-05
2.883000000000000000e+03,1.619187059986870736e-05
2.884000000000000000e+03,1.618521855561994016e-05
2.885000000000000000e+03,1.618070382392033935e-05
2.886000000000000000e+03,1.617246925889048725e-05
2.887000000000000000e+03,1.616873305465560406e-05
2.888000000000000000e+03,1.616060217202175409e-05
2.889000000000000000e+03,1.615110340935643762e-05
2.890000000000000000e+03,1.614494613022543490e-05
2.891000000000000000e+03,1.613544736756011844e-05
2.892000000000000000e+03,1.612749292689841241e-05
2.893000000000000000e+03,1.611265906831249595e-05
2.894000000000000000e+03,1.609517676115501672e-05
2.895000000000000000e+03,1.608831371413543820e-05
2.896000000000000000e+03,1.607427657290827483e-05
2.897000000000000000e+03,1.606857404112815857e-05
2.898000000000000000e+03,1.606047590030357242e-05
2.899000000000000000e+03,1.605260149517562240e-05
2.900000000000000000e+03,1.604461067472584546e-05
2.901000000000000000e+03,1.603950295248068869e-05
2.902000000000000000e+03,1.603426426299847662e-05
2.903000000000000000e+03,1.603011514816898853e-05
2.904000000000000000e+03,1.601908297743648291e-05
2.905000000000000000e+03,1.600610085006337613e-05
2.906000000000000000e+03,1.599808638275135309e-05
2.907000000000000000e+03,1.598806011315900832e-05
2.908000000000000000e+03,1.598214294062927365e-05
2.909000000000000000e+03,1.597795198904350400e-05
2.910000000000000000e+03,1.596539368620142341e-05
2.911000000000000000e+03,1.595347384863998741e-05
2.912000000000000000e+03,1.595351386640686542e-05
2.913000000000000000e+03,1.594346940692048520e-05
2.914000000000000000e+03,1.593002343724947423e-05
2.915000000000000000e+03,1.592105945746880025e-05
2.916000000000000000e+03,1.591124782862607390e-05
2.917000000000000000e+03,1.590248939464800060e-05
2.918000000000000000e+03,1.589625389897264540e-05
2.919000000000000000e+03,1.589115709066390991e-05
2.920000000000000000e+03,1.588501072546932846e-05
2.921000000000000000e+03,1.587754377396777272e-05
2.922000000000000000e+03,1.586969301570206881e-05
2.923000000000000000e+03,1.586382313689682633e-05
2.924000000000000000e+03,1.585670725035015494e-05
2.925000000000000000e+03,1.584705933055374771e-05
2.926000000000000000e+03,1.583956145623233169e-05
2.927000000000000000e+03,1.583087760081980377e-05
2.928000000000000000e+03,1.582907498232088983e-05
2.929000000000000000e+03,1.581557262397836894e-05
2.930000000000000000e+03,1.580835487402509898e-05
2.931000000000000000e+03,1.579939817020203918e-05
2.932000000000000000e+03,1.578732735652010888e-05
2.933000000000000000e+03,1.576383328938391060e-05
2.934000000000000000e+03,1.575858368596527725e-05
2.935000000000000000e+03,1.573601002746727318e-05
2.936000000000000000e+03,1.572890687384642661e-05
2.937000000000000000e+03,1.572247128933668137e-05
2.938000000000000000e+03,1.571500979480333626e-05
2.939000000000000000e+03,1.570988388266414404e-05
2.940000000000000000e+03,1.569727282912936062e-05
2.941000000000000000e+03,1.570549829921219498e-05
2.942000000000000000e+03,1.569385494804009795e-05
2.943000000000000000e+03,1.568882544233929366e-05
2.944000000000000000e+03,1.567631625221110880e-05
2.945000000000000000e+03,1.566434366395696998e-05
2.946000000000000000e+03,1.564708145451731980e-05
2.947000000000000000e+03,1.562716352054849267e-05
2.948000000000000000e+03,1.560685268486849964e-05
2.949000000000000000e+03,1.558565418235957623e-05
2.950000000000000000e+03,1.556740426167380065e-05
2.951000000000000000e+03,1.555283961351960897e-05
2.952000000000000000e+03,1.553462061565369368e-05
2.953000000000000000e+03,1.552459070808254182e-05
2.954000000000000000e+03,1.551593777548987418e-05
2.955000000000000000e+03,1.550309571030084044e-05
2.956000000000000000e+03,1.548255931993480772e-05
2.957000000000000000e+03,1.545879604236688465e-05
2.958000000000000000e+03,1.544553015264682472e-05
2.959000000000000000e+03,1.543366670375689864e-05
2.960000000000000000e+03,1.542361678730230778e-05
2.961000000000000000e+03,1.542031895951367915e-05
2.962000000000000000e+03,1.541084384371060878e-05
2.963000000000000000e+03,1.540447919978760183e-05
2.964000000000000000e+03,1.539167715236544609e-05
2.965000000000000000e+03,1.537375828775111586e-05
2.966000000000000000e+03,1.534291732241399586e-05
2.967000000000000000e+03,1.607203193998429924e-05
2.968000000000000000e+03,1.533840077172499150e-05
2.969000000000000000e+03,1.532064197817817330e-05
2.970000000000000000e+03,1.531151065137237310e-05
2.971000000000000000e+03,1.530342888145241886e-05
2.972000000000000000e+03,1.529337714600842446e-05
2.973000000000000000e+03,1.527804670331533998e-05
2.974000000000000000e+03,1.525764582765987143e-05
2.975000000000000000e+03,1.524606068414868787e-05
2.976000000000000000e+03,1.523821629234589636e-05
2.977000000000000000e+03,1.523174069006927311e-05
2.978000000000000000e+03,1.522271668363828212e-05
2.979000000000000000e+03,1.521213653177255765e-05
2.980000000000000000e+03,1.520652949693612754e-05
2.981000000000000000e+03,1.519587021903134882e-05
2.982000000000000000e+03,1.517349937785184011e-05
2.983000000000000000e+03,1.520340174465673044e-05
2.984000000000000000e+03,1.516439442639239132e-05
2.985000000000000000e+03,1.514875293651130050e-05
2.986000000000000000e+03,1.514296855020802468e-05
2.987000000000000000e+03,1.513614824943942949e-05
2.988000000000000000e+03,1.512578546680742875e-05
2.989000000000000000e+03,1.510905440227361396e-05
2.990000000000000000e+03,1.509170851932140067e-05
2.991000000000000000e+03,1.507692650193348527e-05
2.992000000000000000e+03,1.506864282418973744e-05
2.993000000000000000e+03,1.506294029240962118e-05
2.994000000000000000e+03,1.505378622823627666e-05
2.995000000000000000e+03,1.504925057815853506e-05
2.996000000000000000e+03,1.504953797848429531e-05
2.997000000000000000e+03,1.504350166214862838e-05
2.998000000000000000e+03,1.503360545029863715e-05
2.999000000000000000e+03,1.502478244219673797e-05
3.000000000000000000e+03,1.501234146417118609e-05
3.001000000000000000e+03,1.500310190749587491e-05
3.002000000000000000e+03,1.498582332715159282e-05
3.003000000000000000e+03,1.497617085988167673e-05
3.004000000000000000e+03,1.496290224167751148e-05
3.005000000000000000e+03,1.495696869824314490e-05
3.006000000000000000e+03,1.494511343480553478e-05
3.007000000000000000e+03,1.493324361945269629e-05
3.008000000000000000e+03,1.493456238677026704e-05
3.009000000000000000e+03,1.492494902777252719e-05
3.010000000000000000e+03,1.491504190198611468e-05
3.011000000000000000e+03,1.490401064074831083e-05
3.012000000000000000e+03,1.489287024014629424e-05
3.013000000000000000e+03,1.487898407503962517e-05
3.014000000000000000e+03,1.486872861278243363e-05
3.015000000000000000e+03,1.484993663325440139e-05
3.016000000000000000e+03,1.483841515437234193e-05
3.017000000000000000e+03,1.482565585320116952e-05
3.018000000000000000e+03,1.481914841860998422e-05
3.019000000000000000e+03,1.480976789025589824e-05
3.020000000000000000e+03,1.479540424043079838e-05
3.021000000000000000e+03,1.477782006986672059e-05
3.022000000000000000e+03,1.478210197092266753e-05
3.023000000000000000e+03,1.476902343711117283e-05
3.024000000000000000e+03,1.474998316552955657e-05
3.025000000000000000e+03,1.473865177104016766e-05
3.026000000000000000e+03,1.473198426538147032e-05
3.027000000000000000e+03,1.472448730055475608e-05
3.028000000000000000e+03,1.470857841923134401e-05
3.029000000000000000e+03,1.472051735618151724e-05
3.030000000000000000e+03,1.470048391638556495e-05
3.031000000000000000e+03,1.468518712499644607e-05
3.032000000000000000e+03,1.467413585487520322e-05
3.033000000000000000e+03,1.466143112338613719e-05
3.034000000000000000e+03,1.465261266275774688e-05
3.035000000000000000e+03,1.463690659875283018e-05
3.036000000000000000e+03,1.461871852370677516e-05
3.037000000000000000e+03,1.460763542127097026e-05
3.038000000000000000e+03,1.460678595321951434e-05
3.039000000000000000e+03,1.459803024772554636e-05
3.040000000000000000e+03,1.458893075323430821e-05
3.041000000000000000e+03,1.457567486795596778e-05
3.042000000000000000e+03,1.456634709029458463e-05
3.043000000000000000e+03,1.455731944588478655e-05
3.044000000000000000e+03,1.454674747947137803e-05
3.045000000000000000e+03,1.453731692890869454e-05
3.046000000000000000e+03,1.451977823307970539e-05
3.047000000000000000e+03,1.450356285204179585e-05
3.048000000000000000e+03,1.450054060114780441e-05
3.049000000000000000e+03,1.448412240279139951e-05
3.050000000000000000e+03,1.447946124244481325e-05
3.051000000000000000e+03,1.447236536478158087e-05
3.052000000000000000e+03,1.446943861083127558e-05
3.053000000000000000e+03,1.445989619242027402e-05
3.054000000000000000e+03,1.445461839466588572e-05
3.055000000000000000e+03,1.444787994842045009e-05
3.056000000000000000e+03,1.443659493816085160e-05
3.057000000000000000e+03,1.467523998144315556e-05
3.058000000000000000e+03,1.443229211872676387e-05
3.059000000000000000e+03,1.441889071429613978e-05
3.060000000000000000e+03,1.440630967408651486e-05
3.061000000000000000e+03,1.439579591533401981e-05
3.062000000000000000e+03,1.438323852198664099e-05
3.063000000000000000e+03,1.437461105524562299e-05
3.064000000000000000e+03,1.436573893442982808e-05
3.065000000000000000e+03,1.435084959666710347e-05
3.066000000000000000e+03,1.436958609701832756e-05
3.067000000000000000e+03,1.434579462511464953e-05
3.068000000000000000e+03,1.433768284186953679e-05
3.069000000000000000e+03,1.432825047231744975e-05
3.070000000000000000e+03,1.431778946425765753e-05
3.071000000000000000e+03,1.430267093383008614e-05
3.072000000000000000e+03,1.429665098839905113e-05
3.073000000000000000e+03,1.429041913070250303e-05
3.074000000000000000e+03,1.428774339728988707e-05
3.075000000000000000e+03,1.428120413038413972e-05
3.076000000000000000e+03,1.427614733984228224e-05
3.077000000000000000e+03,1.427148254151688889e-05
3.078000000000000000e+03,1.426356448064325377e-05
3.079000000000000000e+03,1.427549977961461991e-05
3.080000000000000000e+03,1.425980644853552803e-05
3.081000000000000000e+03,1.425167010893346742e-05
3.082000000000000000e+03,1.424682250217301771e-05
3.083000000000000000e+03,1.424044057785067707e-05
3.084000000000000000e+03,1.423370122211053967e-05
3.085000000000000000e+03,1.422663808625657111e-05
3.086000000000000000e+03,1.421660817868541926e-05
3.087000000000000000e+03,1.420546595909399912e-05
3.088000000000000000e+03,1.419377622369211167e-05
3.089000000000000000e+03,1.418172541889362037e-05
3.090000000000000000e+03,1.415684528183192015e-05
3.091000000000000000e+03,1.415144924976630136e-05
3.092000000000000000e+03,1.413381232850952074e-05
3.093000000000000000e+03,1.412736219208454713e-05
3.094000000000000000e+03,1.411721132171805948e-05
3.095000000000000000e+03,1.411206267221132293e-05
3.096000000000000000e+03,1.410164531989721581e-05
3.097000000000000000e+03,1.409321430401178077e-05
3.098000000000000000e+03,1.408775915479054675e-05
3.099000000000000000e+03,1.408162734151119366e-05
3.100000000000000000e+03,1.407227227900875732e-05
3.101000000000000000e+03,1.406639239576179534e-05
3.102000000000000000e+03,1.405787133990088478e-05
3.103000000000000000e+03,1.404787781211780384e-05
3.104000000000000000e+03,1.403861006110673770e-05
3.105000000000000000e+03,1.403221449436387047e-05
3.106000000000000000e+03,1.402554516971576959e-05
3.107000000000000000e+03,1.402014186169253662e-05
3.108000000000000000e+03,1.401690678903833032e-05
3.109000000000000000e+03,1.401188364980043843e-05
3.110000000000000000e+03,1.400981545884860680e-05
3.111000000000000000e+03,1.400673954776721075e-05
3.112000000000000000e+03,1.400641485815867782e-05
3.113000000000000000e+03,1.400288238073699176e-05
3.114000000000000000e+03,1.399528082401957363e-05
3.115000000000000000e+03,1.398739823343930766e-05
3.116000000000000000e+03,1.398259064444573596e-05
3.117000000000000000e+03,1.397764117427868769e-05
3.118000000000000000e+03,1.396793413732666522e-05
3.119000000000000000e+03,1.395792696712305769e-05
3.120000000000000000e+03,1.394707123836269602e-05
3.121000000000000000e+03,1.393679940520087257e-05
3.122000000000000000e+03,1.393182719766627997e-05
3.123000000000000000e+03,1.392837202729424462e-05
3.124000000000000000e+03,1.391971454722806811e-05
3.125000000000000000e+03,1.392367175867548212e-05
3.126000000000000000e+03,1.391377918480429798e-05
3.127000000000000000e+03,1.390778379573021084e-05
3.128000000000000000e+03,1.389893714076606557e-05
3.129000000000000000e+03,1.389299904985819012e-05
3.130000000000000000e+03,1.388483087794156745e-05
3.131000000000000000e+03,1.387457996315788478e-05
3.132000000000000000e+03,1.386320127494400367e-05
3.133000000000000000e+03,1.385640189255354926e-05
3.134000000000000000e+03,1.384737515763845295e-05
3.135000000000000000e+03,1.383855033054715022e-05
3.136000000000000000e+03,1.383532617182936519e-05
3.137000000000000000e+03,1.382746086164843291e-05
3.138000000000000000e+03,1.382305345032364130e-05
3.139000000000000000e+03,1.381731362926075235e-05
3.140000000000000000e+03,1.380969570163870230e-05
3.141000000000000000e+03,1.380297271680319682e-05
3.142000000000000000e+03,1.379183686367468908e-05
3.143000000000000000e+03,1.377523221890442073e-05
3.144000000000000000e+03,1.379515560984145850e-05
3.145000000000000000e+03,1.376647469442104921e-05
3.146000000000000000e+03,1.375286319671431556e-05
3.147000000000000000e+03,1.374173189105931669e-05
3.148000000000000000e+03,1.372873157379217446e-05
3.149000000000000000e+03,1.371521375403972343e-05
3.150000000000000000e+03,1.370176414638990536e-05
3.151000000000000000e+03,1.368600260320818052e-05
3.152000000000000000e+03,1.367620188830187544e-05
3.153000000000000000e+03,1.366128071822458878e-05
3.154000000000000000e+03,1.365033494948875159e-05
3.155000000000000000e+03,1.364379841106710956e-05
3.156000000000000000e+03,1.363660066999727860e-05
3.157000000000000000e+03,1.362699458695715293e-05
3.158000000000000000e+03,1.361687191092642024e-05
3.159000000000000000e+03,1.360585520160384476e-05
3.160000000000000000e+03,1.360350506729446352e-05
3.161000000000000000e+03,1.359934231004444882e-05
3.162000000000000000e+03,1.359552697977051139e-05
3.163000000000000000e+03,1.359135785605758429e-05
3.164000000000000000e+03,1.358227746095508337e-05
3.165000000000000000e+03,1.362338662147521973e-05
3.166000000000000000e+03,1.357746259600389749e-05
3.167000000000000000e+03,1.356852317258017138e-05
3.168000000000000000e+03,1.356390384898986667e-05
3.169000000000000000e+03,1.355850417894544080e-05
3.170000000000000000e+03,1.355382391921011731e-05
3.171000000000000000e+03,1.354486539639765397e-05
3.172000000000000000e+03,1.353213610855164006e-05
3.173000000000000000e+03,1.351983246422605589e-05
3.174000000000000000e+03,1.350829916191287339e-05
3.175000000000000000e+03,1.349656758975470439e-05
3.176000000000000000e+03,1.355830863758455962e-05
3.177000000000000000e+03,1.349369904346531257e-05
3.178000000000000000e+03,1.348408477497287095e-05
3.179000000000000000e+03,1.347827765130205080e-05
3.180000000000000000e+03,1.346896624454529956e-05
3.181000000000000000e+03,1.346283897873945534e-05
3.182000000000000000e+03,1.345636519545223564e-05
3.183000000000000000e+03,1.345131113339448348e-05
3.184000000000000000e+03,1.344721658824710175e-05
3.185000000000000000e+03,1.344061638519633561e-05
3.186000000000000000e+03,1.346874250884866342e-05
3.187000000000000000e+03,1.343757230642950162e-05
3.188000000000000000e+03,1.343095937045291066e-05
3.189000000000000000e+03,1.342359337286325172e-05
3.190000000000000000e+03,1.341610550298355520e-05
3.191000000000000000e+03,1.340553444606484845e-05
3.192000000000000000e+03,1.338844595011323690e-05
3.193000000000000000e+03,1.342704490525647998e-05
3.194000000000000000e+03,1.338238689641002566e-05
3.195000000000000000e+03,1.337290268565993756e-05
3.196000000000000000e+03,1.336950390395941213e-05
3.197000000000000000e+03,1.336610330326948315e-05
3.198000000000000000e+03,1.336056629952508956e-05
3.199000000000000000e+03,1.335283195658121258e-05
3.200000000000000000e+03,1.334600892732851207e-05
3.201000000000000000e+03,1.333604177489178255e-05
3.202000000000000000e+03,1.333642558165593073e-05
3.203000000000000000e+03,1.333139516646042466e-05
3.204000000000000000e+03,1.332627562078414485e-05
3.205000000000000000e+03,1.332011561316903681e-05
3.206000000000000000e+03,1.331667590420693159e-05
3.207000000000000000e+03,1.331113253399962559e-05
3.208000000000000000e+03,1.330597388005116954e-05
3.209000000000000000e+03,1.330037139268824831e-05
3.210000000000000000e+03,1.329319184151245281e-05
3.211000000000000000e+03,1.328847065451554954e-05
3.212000000000000000e+03,1.328341932094190270e-05
3.213000000000000000e+03,1.327223071712069213e-05
3.214000000000000000e+03,1.326984420302323997e-05
3.215000000000000000e+03,1.326762139797210693e-05
3.216000000000000000e+03,1.326468009210657328e-05
3.217000000000000000e+03,1.325767152593471110e-05
3.218000000000000000e+03,1.325743778579635546e-05
3.219000000000000000e+03,1.325220273429295048e-05
3.220000000000000000e+03,1.324583899986464530e-05
3.221000000000000000e+03,1.323927608609665185e-05
3.222000000000000000e+03,1.323797550867311656e-05
3.223000000000000000e+03,1.323409560427535325e-05
3.224000000000000000e+03,1.323002106801141053e-05
3.225000000000000000e+03,1.322703792538959533e-05
3.226000000000000000e+03,1.322347998211625963e-05
3.227000000000000000e+03,1.321882609772728756e-05
3.228000000000000000e+03,1.321718809776939452e-05
3.229000000000000000e+03,1.321034324064385146e-05
3.230000000000000000e+03,1.320666797255398706e-05
3.231000000000000000e+03,1.320249884884105995e-05
3.232000000000000000e+03,1.319819057243876159e-05
3.233000000000000000e+03,1.319495731877395883e-05
3.234000000000000000e+03,1.318844533670926467e-05
3.235000000000000000e+03,1.318500017077894881e-05
3.236000000000000000e+03,1.317773603659588844e-05
3.237000000000000000e+03,1.317170881520723924e-05
3.238000000000000000e+03,1.316405814577592537e-05
3.239000000000000000e+03,1.315612826147116721e-05
3.240000000000000000e+03,1.314574183197692037e-05
3.241000000000000000e+03,1.313984375883592293e-05
3.242000000000000000e+03,1.314206110691884533e-05
3.243000000000000000e+03,1.313464963459409773e-05
3.244000000000000000e+03,1.312753738602623343e-05
3.245000000000000000e+03,1.312486801907652989e-05
3.246000000000000000e+03,1.312059430347289890e-05
3.247000000000000000e+03,1.311505729972850531e-05
3.248000000000000000e+03,1.310631341766566038e-05
3.249000000000000000e+03,1.310942934651393443e-05
3.250000000000000000e+03,1.310257630393607542e-05
3.251000000000000000e+03,1.309598974330583587e-05
3.252000000000000000e+03,1.309083108935737982e-05
3.253000000000000000e+03,1.308655282628023997e-05
3.254000000000000000e+03,1.308131504629272968e-05
3.255000000000000000e+03,1.307795355387497693e-05
3.256000000000000000e+03,1.307451111642876640e-05
3.257000000000000000e+03,1.306826743530109525e-05
3.258000000000000000e+03,1.306415470025967807e-05
3.259000000000000000e+03,1.305650494032306597e-05
3.260000000000000000e+03,1.305181194766191766e-05
3.261000000000000000e+03,1.304478973906952888e-05
3.262000000000000000e+03,1.304315901506925002e-05
3.263000000000000000e+03,1.303460885537788272e-05
3.264000000000000000e+03,1.302965847571613267e-05
3.265000000000000000e+03,1.302445525652728975e-05
3.266000000000000000e+03,1.301746397075476125e-05
3.267000000000000000e+03,1.301461270486470312e-05
3.268000000000000000e+03,1.300225085287820548e-05
3.269000000000000000e+03,1.299479299632366747e-05
3.270000000000000000e+03,1.299117320741061121e-05
3.271000000000000000e+03,1.298488405154785141e-05
3.272000000000000000e+03,1.297729158977745101e-05
3.273000000000000000e+03,1.299219275097129866e-05
3.274000000000000000e+03,1.297251583309844136e-05
3.275000000000000000e+03,1.296115988225210458e-05
3.276000000000000000e+03,1.295455422223312780e-05
3.277000000000000000e+03,1.294975390919717029e-05
3.278000000000000000e+03,1.295973834203323349e-05
3.279000000000000000e+03,1.294755475100828335e-05
3.280000000000000000e+03,1.294516732741612941e-05
3.281000000000000000e+03,1.293939203605987132e-05
3.282000000000000000e+03,1.293580498895607889e-05
3.283000000000000000e+03,1.292770502914208919e-05
3.284000000000000000e+03,1.292828164878301322e-05
3.285000000000000000e+03,1.292381875828141347e-05
3.286000000000000000e+03,1.291638000111561269e-05
3.287000000000000000e+03,1.291029457206605002e-05
3.288000000000000000e+03,1.290474574489053339e-05
3.289000000000000000e+03,1.290057571168290451e-05
3.290000000000000000e+03,1.289686133532086387e-05
3.291000000000000000e+03,1.289279498450923711e-05
3.292000000000000000e+03,1.288854218728374690e-05
3.293000000000000000e+03,1.288479870709124953e-05
3.294000000000000000e+03,1.288215480599319562e-05
3.295000000000000000e+03,1.287870145461056381e-05
3.296000000000000000e+03,1.287670602323487401e-05
3.297000000000000000e+03,1.287107807002030313e-05
3.298000000000000000e+03,1.286476526729529724e-05
3.299000000000000000e+03,1.285783037019427866e-05
3.300000000000000000e+03,1.285212510993005708e-05
3.301000000000000000e+03,1.284953486901940778e-05
3.302000000000000000e+03,1.284519476030254737e-05
3.303000000000000000e+03,1.284094742004526779e-05
3.304000000000000000e+03,1.283297569898422807e-05
3.305000000000000000e+03,1.282281300518661737e-05
3.306000000000000000e+03,1.286470160266617313e-05
3.307000000000000000e+03,1.281895674765110016e-05
3.308000000000000000e+03,1.281290315091609955e-05
3.309000000000000000e+03,1.281020195165183395e-05
3.310000000000000000e+03,1.280622200283687562e-05
3.311000000000000000e+03,1.280259675695560873e-05
3.312000000000000000e+03,1.279763728234684095e-05
3.313000000000000000e+03,1.279280604649102315e-05
3.314000000000000000e+03,1.278352920053293929e-05
3.315000000000000000e+03,1.278050513064954430e-05
3.316000000000000000e+03,1.276681450690375641e-05
3.317000000000000000e+03,1.276256170967826620e-05
3.318000000000000000e+03,1.275768590858206153e-05
3.319000000000000000e+03,1.275326485483674332e-05
3.320000000000000000e+03,1.274750229640631005e-05
3.321000000000000000e+03,1.274068654311122373e-05
3.322000000000000000e+03,1.273216639674501494e-05
3.323000000000000000e+03,1.272465124202426523e-05
3.324000000000000000e+03,1.271658129553543404e-05
3.325000000000000000e+03,1.271072505915071815e-05
3.326000000000000000e+03,1.270247412321623415e-05
3.327000000000000000e+03,1.269691711058840156e-05
3.328000000000000000e+03,1.269241238333052024e-05
3.329000000000000000e+03,1.268560845346655697e-05
3.330000000000000000e+03,1.267726111109368503e-05
3.331000000000000000e+03,1.266992967430269346e-05
3.332000000000000000e+03,1.266424078494310379e-05
3.333000000000000000e+03,1.266038725589169189e-05
3.334000000000000000e+03,1.265731498278910294e-05
3.335000000000000000e+03,1.265328046429203823e-05
3.336000000000000000e+03,1.264954971702536568e-05
3.337000000000000000e+03,1.263832018594257534e-05
3.338000000000000000e+03,1.273774341825628653e-05
3.339000000000000000e+03,1.263589274458354339e-05
3.340000000000000000e+03,1.262816203961847350e-05
3.341000000000000000e+03,1.262137175217503682e-05
3.342000000000000000e+03,1.261620855075307190e-05
3.343000000000000000e+03,1.261100896954303607e-05
3.344000000000000000e+03,1.260559838556218892e-05
3.345000000000000000e+03,1.259404234588146210e-05
3.346000000000000000e+03,1.258750125998631120e-05
3.347000000000000000e+03,1.258172869711415842e-05
3.348000000000000000e+03,1.257726216863375157e-05
3.349000000000000000e+03,1.257520943909185007e-05
3.350000000000000000e+03,1.257220810657599941e-05
3.351000000000000000e+03,1.256887026102049276e-05
3.352000000000000000e+03,1.256533869309350848e-05
3.353000000000000000e+03,1.255906227015657350e-05
3.354000000000000000e+03,1.254740982403745875e-05
3.355000000000000000e+03,1.267662355530774221e-05
3.356000000000000000e+03,1.254487597179831937e-05
3.357000000000000000e+03,1.253816208190983161e-05
3.358000000000000000e+03,1.253272148460382596e-05
3.359000000000000000e+03,1.252613037650007755e-05
3.360000000000000000e+03,1.251726462214719504e-05
3.361000000000000000e+03,1.250626610271865502e-05
3.362000000000000000e+03,1.250006243935786188e-05
3.363000000000000000e+03,1.249282922799466178e-05
3.364000000000000000e+03,1.248844000656390563e-05
3.365000000000000000e+03,1.248289663635659963e-05
3.366000000000000000e+03,1.247125692316330969e-05
3.367000000000000000e+03,1.246809097210643813e-05
3.368000000000000000e+03,1.245496605406515300e-05
3.369000000000000000e+03,1.245132534677395597e-05
3.370000000000000000e+03,1.244552277057664469e-05
3.371000000000000000e+03,1.244378563569625840e-05
3.372000000000000000e+03,1.243569386133458465e-05
3.373000000000000000e+03,1.243064980371855199e-05
3.374000000000000000e+03,1.242509370058542117e-05
3.375000000000000000e+03,1.241941481566755101e-05
3.376000000000000000e+03,1.241765130544081330e-05
3.377000000000000000e+03,1.240877827513031662e-05
3.378000000000000000e+03,1.240542405867017806e-05
3.379000000000000000e+03,1.240107667399570346e-05
3.380000000000000000e+03,1.239521225215867162e-05
3.381000000000000000e+03,1.238387903867987916e-05
3.382000000000000000e+03,1.237747983395820484e-05
3.383000000000000000e+03,1.237172091350657865e-05
3.384000000000000000e+03,1.236589196196291596e-05
3.385000000000000000e+03,1.236320167663507164e-05
3.386000000000000000e+03,1.235906893271021545e-05
3.387000000000000000e+03,1.235582021763548255e-05
3.388000000000000000e+03,1.235287163581233472e-05
3.389000000000000000e+03,1.235069066751748323e-05
3.390000000000000000e+03,1.234566389030078426e-05
3.391000000000000000e+03,1.233863531524548307e-05
3.392000000000000000e+03,1.241611789737362415e-05
3.393000000000000000e+03,1.233642979059368372e-05
3.394000000000000000e+03,1.233043985848780721e-05
3.395000000000000000e+03,1.232354588864836842e-05
3.396000000000000000e+03,1.231531769008142874e-05
3.397000000000000000e+03,1.231041551363887265e-05
3.398000000000000000e+03,1.230239740834804252e-05
3.399000000000000000e+03,1.229676217917585745e-05
3.400000000000000000e+03,1.229110966960433871e-05
3.401000000000000000e+03,1.229018107551382855e-05
3.402000000000000000e+03,1.228257133334409446e-05
3.403000000000000000e+03,1.228036398970289156e-05
3.404000000000000000e+03,1.227642314916010946e-05
3.405000000000000000e+03,1.227466145792277530e-05
3.406000000000000000e+03,1.226816584676271304e-05
3.407000000000000000e+03,1.226397671416634694e-05
3.408000000000000000e+03,1.225650339620187879e-05
3.409000000000000000e+03,1.225696905748918653e-05
3.410000000000000000e+03,1.225362302648136392e-05
3.411000000000000000e+03,1.224885454575996846e-05
3.412000000000000000e+03,1.224352854478638619e-05
3.413000000000000000e+03,1.223624531121458858e-05
3.414000000000000000e+03,1.222725131810875610e-05
3.415000000000000000e+03,1.221959973918274045e-05
3.416000000000000000e+03,1.221914862981066108e-05
3.417000000000000000e+03,1.221548063767841086e-05
3.418000000000000000e+03,1.220987996930489317e-05
3.419000000000000000e+03,1.220337435370311141e-05
3.420000000000000000e+03,1.220083322550635785e-05
3.421000000000000000e+03,1.219718706124695018e-05
3.422000000000000000e+03,1.219354544446105137e-05
3.423000000000000000e+03,1.220459034811938182e-05
3.424000000000000000e+03,1.219131809193640947e-05
3.425000000000000000e+03,1.218755642184987664e-05
3.426000000000000000e+03,1.218340094055747613e-05
3.427000000000000000e+03,1.217786575580248609e-05
3.428000000000000000e+03,1.217125918628880754e-05
3.429000000000000000e+03,1.217502176587004215e-05
3.430000000000000000e+03,1.216685268445871770e-05
3.431000000000000000e+03,1.215786051034228876e-05
3.432000000000000000e+03,1.215102929563727230e-05
3.433000000000000000e+03,1.214548501593526453e-05
3.434000000000000000e+03,1.214278381667099893e-05
3.435000000000000000e+03,1.213838368130382150e-05
3.436000000000000000e+03,1.213356063090031967e-05
3.437000000000000000e+03,1.212926326843444258e-05
3.438000000000000000e+03,1.212302049680147320e-05
3.439000000000000000e+03,1.213450741488486528e-05
3.440000000000000000e+03,1.211967901326715946e-05
3.441000000000000000e+03,1.211505968967685476e-05
3.442000000000000000e+03,1.211030303238658234e-05
3.443000000000000000e+03,1.210684877150924876e-05
3.444000000000000000e+03,1.209864058182574809e-05
3.445000000000000000e+03,1.209392394230235368e-05
3.446000000000000000e+03,1.209039328387007117e-05
3.447000000000000000e+03,1.208586854772875085e-05
3.448000000000000000e+03,1.207625609822571278e-05
3.449000000000000000e+03,1.210860773426247761e-05
3.450000000000000000e+03,1.207124114444013685e-05
3.451000000000000000e+03,1.206631895911414176e-05
3.452000000000000000e+03,1.205861644848482683e-05
3.453000000000000000e+03,1.205385160574223846e-05
3.454000000000000000e+03,1.204895033879438415e-05
3.455000000000000000e+03,1.204189811687683687e-05
3.456000000000000000e+03,1.203694773721508682e-05
3.457000000000000000e+03,1.202815019496483728e-05
3.458000000000000000e+03,1.203935880766948685e-05
3.459000000000000000e+03,1.202623843710171059e-05
3.460000000000000000e+03,1.202275598188862205e-05
3.461000000000000000e+03,1.201993654831312597e-05
3.462000000000000000e+03,1.201524264615727589e-05
3.463000000000000000e+03,1.200920178234810010e-05
3.464000000000000000e+03,1.200908354803686962e-05
3.465000000000000000e+03,1.200565293402178213e-05
3.466000000000000000e+03,1.200039423565613106e-05
3.467000000000000000e+03,1.199665621243184432e-05
3.468000000000000000e+03,1.199319103761808947e-05
3.469000000000000000e+03,1.198994505102746189e-05
3.470000000000000000e+03,1.198342033603694290e-05
3.471000000000000000e+03,1.197984784084837884e-05
3.472000000000000000e+03,1.197491383209126070e-05
3.473000000000000000e+03,1.197079564008163288e-05
3.474000000000000000e+03,1.196190532937180251e-05
3.475000000000000000e+03,1.203146621264750138e-05
3.476000000000000000e+03,1.195937602460617200e-05
3.477000000000000000e+03,1.195492859551450238e-05
3.478000000000000000e+03,1.195164804812520742e-05
3.479000000000000000e+03,1.194706692331237718e-05
3.480000000000000000e+03,1.194039759866427630e-05
3.481000000000000000e+03,1.193716616398887709e-05
3.482000000000000000e+03,1.193148909806041047e-05
3.483000000000000000e+03,1.192904528579674661e-05
3.484000000000000000e+03,1.192368563351919875e-05
3.485000000000000000e+03,1.191748106066370383e-05
3.486000000000000000e+03,1.190932289318880066e-05
3.487000000000000000e+03,1.190340117318555713e-05
3.488000000000000000e+03,1.189975318993674591e-05
3.489000000000000000e+03,1.189531940326560289e-05
3.490000000000000000e+03,1.189281829283572733e-05
3.491000000000000000e+03,1.188624719361541793e-05
3.492000000000000000e+03,1.188595706480555236e-05
3.493000000000000000e+03,1.188398073281859979e-05
3.494000000000000000e+03,1.188031546917045489e-05
3.495000000000000000e+03,1.187514408229617402e-05
3.496000000000000000e+03,1.186995996249606833e-05
3.497000000000000000e+03,1.186172812595032156e-05
3.498000000000000000e+03,1.185943983728066087e-05
3.499000000000000000e+03,1.185010114568285644e-05
3.500000000000000000e+03,1.184719985758420080e-05
3.501000000000000000e+03,1.184516986540984362e-05
3.502000000000000000e+03,1.184221673611318693e-05
3.503000000000000000e+03,1.183551557915052399e-05
3.504000000000000000e+03,1.182949108624598011e-05
3.505000000000000000e+03,1.182444884761935100e-05
3.506000000000000000e+03,1.181933293992187828e-05
3.507000000000000000e+03,1.181491552415536717e-05
3.508000000000000000e+03,1.181244806502945721e-05
3.509000000000000000e+03,1.180974322778638452e-05
3.510000000000000000e+03,1.180926847155205905e-05
3.511000000000000000e+03,1.180503113573649898e-05
3.512000000000000000e+03,1.180200342787429690e-05
3.513000000000000000e+03,1.179762148240115494e-05
3.514000000000000000e+03,1.179353057523258030e-05
3.515000000000000000e+03,1.178884667751844972e-05
3.516000000000000000e+03,1.178463026008103043e-05
3.517000000000000000e+03,1.177939338958822191e-05
3.518000000000000000e+03,1.177355807158164680e-05
3.519000000000000000e+03,1.177231297333491966e-05
3.520000000000000000e+03,1.176539444713853300e-05
3.521000000000000000e+03,1.176226578536443412e-05
3.522000000000000000e+03,1.175877332570962608e-05
3.523000000000000000e+03,1.175455417978810146e-05
3.524000000000000000e+03,1.178425736725330353e-05
3.525000000000000000e+03,1.175284978671697900e-05
3.526000000000000000e+03,1.174769022327382118e-05
3.527000000000000000e+03,1.174485350929899141e-05
3.528000000000000000e+03,1.174127737613162026e-05
3.529000000000000000e+03,1.173708733404055238e-05
3.530000000000000000e+03,1.173380132968304679e-05
3.531000000000000000e+03,1.172821521322475746e-05
3.532000000000000000e+03,1.172454813058720902e-05
3.533000000000000000e+03,1.171950407297117636e-05
3.534000000000000000e+03,1.171263011201517656e-05
3.535000000000000000e+03,1.171092117147054523e-05
3.536000000000000000e+03,1.170608356915181503e-05
3.537000000000000000e+03,1.170397263194900006e-05
3.538000000000000000e+03,1.170096675195964053e-05
3.539000000000000000e+03,1.169421830127248541e-05
3.540000000000000000e+03,1.169493498309748247e-05
3.541000000000000000e+03,1.168916605820413679e-05
3.542000000000000000e+03,1.168167909781914204e-05
3.543000000000000000e+03,1.167534628621069714e-05
3.544000000000000000e+03,1.167114442068850622e-05
3.545000000000000000e+03,1.166687343356898054e-05
3.546000000000000000e+03,1.166207221103832126e-05
3.547000000000000000e+03,1.165614321507746354e-05
3.548000000000000000e+03,1.165063349617412314e-05
3.549000000000000000e+03,1.164171408163383603e-05
3.550000000000000000e+03,1.163547676696907729e-05
3.551000000000000000e+03,1.163077376986620948e-05
3.552000000000000000e+03,1.162688931799493730e-05
3.553000000000000000e+03,1.162255557574098930e-05
3.554000000000000000e+03,1.162004082289058715e-05
3.555000000000000000e+03,1.161659929493907839e-05
3.556000000000000000e+03,1.161251293524401262e-05
3.557000000000000000e+03,1.160269766842247918e-05
3.558000000000000000e+03,1.160436386271612719e-05
3.559000000000000000e+03,1.159897328761871904e-05
3.560000000000000000e+03,1.159396742878016084e-05
3.561000000000000000e+03,1.159129897132515907e-05
3.562000000000000000e+03,1.158774830400943756e-05
3.563000000000000000e+03,1.157861606770893559e-05
3.564000000000000000e+03,1.157749466074164957e-05
3.565000000000000000e+03,1.157217775471508503e-05
3.566000000000000000e+03,1.156365578935947269e-05
3.567000000000000000e+03,1.155859808932291344e-05
3.568000000000000000e+03,1.155343761638505384e-05
3.569000000000000000e+03,1.155009977082954720e-05
3.570000000000000000e+03,1.154144592874217778e-05
3.571000000000000000e+03,1.153511584561783820e-05
3.572000000000000000e+03,1.153089669969631359e-05
3.573000000000000000e+03,1.152484765043482184e-05
3.574000000000000000e+03,1.151221840700600296e-05
3.575000000000000000e+03,1.150311072706244886e-05
3.576000000000000000e+03,1.149310810433235019e-05
3.577000000000000000e+03,1.148571300291223451e-05
3.578000000000000000e+03,1.147363946074619889e-05
3.579000000000000000e+03,1.149541094491723925e-05
3.580000000000000000e+03,1.147125567513285205e-05
3.581000000000000000e+03,1.146520480688195676e-05
3.582000000000000000e+03,1.146155955211725086e-05
3.583000000000000000e+03,1.145611076935892925e-05
3.584000000000000000e+03,1.144725865742657334e-05
3.585000000000000000e+03,1.144385987572604790e-05
3.586000000000000000e+03,1.143446752394083887e-05
3.587000000000000000e+03,1.143192366725997999e-05
3.588000000000000000e+03,1.142592464020708576e-05
3.589000000000000000e+03,1.142430210165912285e-05
3.590000000000000000e+03,1.142044493462890387e-05
3.591000000000000000e+03,1.141903521784115583e-05
3.592000000000000000e+03,1.141641041613183916e-05
3.593000000000000000e+03,1.141336269938619807e-05
3.594000000000000000e+03,1.140823496825760230e-05
3.595000000000000000e+03,1.143988083640579134e-05
3.596000000000000000e+03,1.140635868068784475e-05
3.597000000000000000e+03,1.140258336818078533e-05
3.598000000000000000e+03,1.139830237661954015e-05
3.599000000000000000e+03,1.139062896982068196e-05
3.600000000000000000e+03,1.139296364272013307e-05
3.601000000000000000e+03,1.138661355071235448e-05
3.602000000000000000e+03,1.138120933319441974e-05
3.603000000000000000e+03,1.137453182309400290e-05
3.604000000000000000e+03,1.137860272137913853e-05
3.605000000000000000e+03,1.137259459937922657e-05
3.606000000000000000e+03,1.137050639954395592e-05
3.607000000000000000e+03,1.136348419095156714e-05
3.608000000000000000e+03,1.135714319389080629e-05
3.609000000000000000e+03,1.135393722506705672e-05
3.610000000000000000e+03,1.134708418248919770e-05
3.611000000000000000e+03,1.134403191827004775e-05
3.612000000000000000e+03,1.134140529757132754e-05
3.613000000000000000e+03,1.133279329224023968e-05
3.614000000000000000e+03,1.132484976551495492e-05
3.615000000000000000e+03,1.131906992668518797e-05
3.616000000000000000e+03,1.131721910496708006e-05
3.617000000000000000e+03,1.131433054979424924e-05
3.618000000000000000e+03,1.131280350818997249e-05
3.619000000000000000e+03,1.130627515522064641e-05
3.620000000000000000e+03,1.130037890106905252e-05
3.621000000000000000e+03,1.129305474023567513e-05
3.622000000000000000e+03,1.130281725636450574e-05
3.623000000000000000e+03,1.129057363868923858e-05
3.624000000000000000e+03,1.128842814068775624e-05
3.625000000000000000e+03,1.128695203078677878e-05
3.626000000000000000e+03,1.128533040173351765e-05
3.627000000000000000e+03,1.128181338572176173e-05
3.628000000000000000e+03,1.127777795772999525e-05
3.629000000000000000e+03,1.127153154811821878e-05
3.630000000000000000e+03,1.126782990468200296e-05
3.631000000000000000e+03,1.126446386479074135e-05
3.632000000000000000e+03,1.126208644564030692e-05
3.633000000000000000e+03,1.127913856180384755e-05
3.634000000000000000e+03,1.126063943956978619e-05
3.635000000000000000e+03,1.125667495216475800e-05
3.636000000000000000e+03,1.125493508880026639e-05
3.637000000000000000e+03,1.125152812164742500e-05
3.638000000000000000e+03,1.124916525441221893e-05
3.639000000000000000e+03,1.124480058933841065e-05
3.640000000000000000e+03,1.123767015087651089e-05
3.641000000000000000e+03,1.123508172895526513e-05
3.642000000000000000e+03,1.123055335483513772e-05
3.643000000000000000e+03,1.122545654652640224e-05
3.644000000000000000e+03,1.121916193369543180e-05
3.645000000000000000e+03,1.121521472668973729e-05
3.646000000000000000e+03,1.121107743529137224e-05
3.647000000000000000e+03,1.120737033488694578e-05
3.648000000000000000e+03,1.120360684581100941e-05
3.649000000000000000e+03,1.119452099374029785e-05
3.650000000000000000e+03,1.118974887504009530e-05
3.651000000000000000e+03,1.118632371799321845e-05
3.652000000000000000e+03,1.118299769586883485e-05
3.653000000000000000e+03,1.118584987125359476e-05
3.654000000000000000e+03,1.118000454880530015e-05
3.655000000000000000e+03,1.117524334404151887e-05
3.656000000000000000e+03,1.117229476221837103e-05
3.657000000000000000e+03,1.116829935199348256e-05
3.658000000000000000e+03,1.116415114665869623e-05
3.659000000000000000e+03,1.115895520342746750e-05
3.660000000000000000e+03,1.115479608415625989e-05
3.661000000000000000e+03,1.115029408538248390e-05
3.662000000000000000e+03,1.114335009333444759e-05
3.663000000000000000e+03,1.113453799916896969e-05
3.664000000000000000e+03,1.112468362407526001e-05
3.665000000000000000e+03,1.112968857341911644e-05
3.666000000000000000e+03,1.111901383410440758e-05
3.667000000000000000e+03,1.111390429286984727e-05
3.668000000000000000e+03,1.110813263949239627e-05
3.669000000000000000e+03,1.110489210986997932e-05
3.670000000000000000e+03,1.110050561692332849e-05
3.671000000000000000e+03,1.108812830352690071e-05
3.672000000000000000e+03,1.108138712879735976e-05
3.673000000000000000e+03,1.106414492824114859e-05
3.674000000000000000e+03,1.107179105019895360e-05
3.675000000000000000e+03,1.105670526158064604e-05
3.676000000000000000e+03,1.105029241443844512e-05
3.677000000000000000e+03,1.104259081330383196e-05
3.678000000000000000e+03,1.103652084566419944e-05
3.679000000000000000e+03,1.104312650568317622e-05
3.680000000000000000e+03,1.103408158087404445e-05
3.681000000000000000e+03,1.102996611734852195e-05
3.682000000000000000e+03,1.102687201637309045e-05
3.683000000000000000e+03,1.102012902265414596e-05
3.684000000000000000e+03,1.101285033655585721e-05
3.685000000000000000e+03,1.100375357054872438e-05
3.686000000000000000e+03,1.104723833122989163e-05
3.687000000000000000e+03,1.100118151953211054e-05
3.688000000000000000e+03,1.099650125979678705e-05
3.689000000000000000e+03,1.099160726880654693e-05
3.690000000000000000e+03,1.098586653824895620e-05
3.691000000000000000e+03,1.100679764931555837e-05
3.692000000000000000e+03,1.098358279705280438e-05
3.693000000000000000e+03,1.097919175663264468e-05
3.694000000000000000e+03,1.097257245419314131e-05
3.695000000000000000e+03,1.096739288186654449e-05
3.696000000000000000e+03,1.096496180252870545e-05
3.697000000000000000e+03,1.096256346500013024e-05
3.698000000000000000e+03,1.096076994144823402e-05
3.699000000000000000e+03,1.095808420359389856e-05
3.700000000000000000e+03,1.095627703762147576e-05
3.701000000000000000e+03,1.095315383281558752e-05
3.702000000000000000e+03,1.094941217161249369e-05
3.703000000000000000e+03,1.094746858143480495e-05
3.704000000000000000e+03,1.094378967536613345e-05
3.705000000000000000e+03,1.093981518351938576e-05
3.706000000000000000e+03,1.093334958568448201e-05
3.707000000000000000e+03,1.092635648092254996e-05
3.708000000000000000e+03,1.092160619009518996e-05
3.709000000000000000e+03,1.091488229576498270e-05
3.710000000000000000e+03,1.090804835257586092e-05
3.711000000000000000e+03,1.093106129701482132e-05
3.712000000000000000e+03,1.090462956199189648e-05
3.713000000000000000e+03,1.089773559215245768e-05
3.714000000000000000e+03,1.089367742679314688e-05
3.715000000000000000e+03,1.088791668735211715e-05
3.716000000000000000e+03,1.088191311282571405e-05
3.717000000000000000e+03,1.088227327272761613e-05
3.718000000000000000e+03,1.087813416233984753e-05
3.719000000000000000e+03,1.087230884877499193e-05
3.720000000000000000e+03,1.086821521312231198e-05
3.721000000000000000e+03,1.086433439922984689e-05
3.722000000000000000e+03,1.085714211512822658e-05
3.723000000000000000e+03,1.084882296709110960e-05
3.724000000000000000e+03,1.084466293832520023e-05
3.725000000000000000e+03,1.083821189240552485e-05
3.726000000000000000e+03,1.083374354493571445e-05
3.727000000000000000e+03,1.082929065887583420e-05
3.728000000000000000e+03,1.082061771739972755e-05
3.729000000000000000e+03,1.081700065697077662e-05
3.730000000000000000e+03,1.080940091924276203e-05
3.731000000000000000e+03,1.080627680494217202e-05
3.732000000000000000e+03,1.080324545910116285e-05
3.733000000000000000e+03,1.079974208550993353e-05
3.734000000000000000e+03,1.079661888070404530e-05
3.735000000000000000e+03,1.079147205018671229e-05
3.736000000000000000e+03,1.078740388038568199e-05
3.737000000000000000e+03,1.078496097761671990e-05
3.738000000000000000e+03,1.077478464139858261e-05
3.739000000000000000e+03,1.077150409400928766e-05
3.740000000000000000e+03,1.076665830623824149e-05
3.741000000000000000e+03,1.076195349014597014e-05
3.742000000000000000e+03,1.076959870260907337e-05
3.743000000000000000e+03,1.075964155461406335e-05
3.744000000000000000e+03,1.075541422324022278e-05
3.745000000000000000e+03,1.075340969691751525e-05
3.746000000000000000e+03,1.074976535164751112e-05
3.747000000000000000e+03,1.074939063983038068e-05
3.748000000000000000e+03,1.074405554390978068e-05
3.749000000000000000e+03,1.074137435352895409e-05
3.750000000000000000e+03,1.073770090442849323e-05
3.751000000000000000e+03,1.073319344868650660e-05
3.752000000000000000e+03,1.073754174285568297e-05
3.753000000000000000e+03,1.072992108674952760e-05
3.754000000000000000e+03,1.072654868039535359e-05
3.755000000000000000e+03,1.072461873263819143e-05
3.756000000000000000e+03,1.072251870937179774e-05
3.757000000000000000e+03,1.071824135578935966e-05
3.758000000000000000e+03,1.072496797860367224e-05
3.759000000000000000e+03,1.071638143912423402e-05
3.760000000000000000e+03,1.071404221875127405e-05
3.761000000000000000e+03,1.071163751475978643e-05
3.762000000000000000e+03,1.070984581019729376e-05
3.763000000000000000e+03,1.070456437446409836e-05
3.764000000000000000e+03,1.070708185579860583e-05
3.765000000000000000e+03,1.070150301529793069e-05
3.766000000000000000e+03,1.069599147740518674e-05
3.767000000000000000e+03,1.069062545866472647e-05
3.768000000000000000e+03,1.068471738108200952e-05
3.769000000000000000e+03,1.069696372724138200e-05
3.770000000000000000e+03,1.068316305463667959e-05
3.771000000000000000e+03,1.068037181539693847e-05
3.772000000000000000e+03,1.067631546902703121e-05
3.773000000000000000e+03,1.067193443304859102e-05
3.774000000000000000e+03,1.066628556145587936e-05
3.775000000000000000e+03,1.065966444002697244e-05
3.776000000000000000e+03,1.065259402821538970e-05
3.777000000000000000e+03,1.064925345417577773e-05
3.778000000000000000e+03,1.064606931322487071e-05
3.779000000000000000e+03,1.064391017280286178e-05
3.780000000000000000e+03,1.064091065927641466e-05
3.781000000000000000e+03,1.063777381204999983e-05
3.782000000000000000e+03,1.063576473825378343e-05
3.783000000000000000e+03,1.063089257513638586e-05
3.784000000000000000e+03,1.067576522473245859e-05
3.785000000000000000e+03,1.062868795997928828e-05
3.786000000000000000e+03,1.062478531821398064e-05
3.787000000000000000e+03,1.061935017787618563e-05
3.788000000000000000e+03,1.061317925632465631e-05
3.789000000000000000e+03,1.061585044226376340e-05
3.790000000000000000e+03,1.061070270225172862e-05
3.791000000000000000e+03,1.060731301549822092e-05
3.792000000000000000e+03,1.060412341757910326e-05
3.793000000000000000e+03,1.060147860698634759e-05
3.794000000000000000e+03,1.059628812072332948e-05
3.795000000000000000e+03,1.059583519236184657e-05
3.796000000000000000e+03,1.059307032846845686e-05
3.797000000000000000e+03,1.058870748238405213e-05
3.798000000000000000e+03,1.058468933479161933e-05
3.799000000000000000e+03,1.058175712387310341e-05
3.800000000000000000e+03,1.057734516507480294e-05
3.801000000000000000e+03,1.056973178492626175e-05
3.802000000000000000e+03,1.057549252436729148e-05
3.803000000000000000e+03,1.056602286553243175e-05
3.804000000000000000e+03,1.056040309777017683e-05
3.805000000000000000e+03,1.055475240718806162e-05
3.806000000000000000e+03,1.054822223522933200e-05
3.807000000000000000e+03,1.054482254403410479e-05
3.808000000000000000e+03,1.053921914717648178e-05
3.809000000000000000e+03,1.053678352036513388e-05
3.810000000000000000e+03,1.053288451657863334e-05
3.811000000000000000e+03,1.052895913744578138e-05
3.812000000000000000e+03,1.053156029229285195e-05
3.813000000000000000e+03,1.052663174050394446e-05
3.814000000000000000e+03,1.052120933309197426e-05
3.815000000000000000e+03,1.051769959303783253e-05
3.816000000000000000e+03,1.051229173754109070e-05
3.817000000000000000e+03,1.050783248501829803e-05
3.818000000000000000e+03,1.051079470926197246e-05
3.819000000000000000e+03,1.050503669830504805e-05
3.820000000000000000e+03,1.049962520482949913e-05
3.821000000000000000e+03,1.049626189342234284e-05
3.822000000000000000e+03,1.049174807121744379e-05
3.823000000000000000e+03,1.048743706633104011e-05
3.824000000000000000e+03,1.049736147251678631e-05
3.825000000000000000e+03,1.048604099196381867e-05
3.826000000000000000e+03,1.048272588377585635e-05
3.827000000000000000e+03,1.047850037139141932e-05
3.828000000000000000e+03,1.047342720994492993e-05
3.829000000000000000e+03,1.047141358867520466e-05
3.830000000000000000e+03,1.046873876475729048e-05
3.831000000000000000e+03,1.046711713570402935e-05
3.832000000000000000e+03,1.046457600750727579e-05
3.833000000000000000e+03,1.046117722580675036e-05
3.834000000000000000e+03,1.045555654854979366e-05
3.835000000000000000e+03,1.045626140694366768e-05
3.836000000000000000e+03,1.045244152919622138e-05
3.837000000000000000e+03,1.044846430886536837e-05
3.838000000000000000e+03,1.044550026563229039e-05
3.839000000000000000e+03,1.044206055667018518e-05
3.840000000000000000e+03,1.043696283886674792e-05
3.841000000000000000e+03,1.043091378960525617e-05
3.842000000000000000e+03,1.043045813275966793e-05
3.843000000000000000e+03,1.042786516336491331e-05
3.844000000000000000e+03,1.042438816512003541e-05
3.845000000000000000e+03,1.042133408191148192e-05
3.846000000000000000e+03,1.041758969222428277e-05
3.847000000000000000e+03,1.041279119817772880e-05
3.848000000000000000e+03,1.040743336488958448e-05
3.849000000000000000e+03,1.040909683069912717e-05
3.850000000000000000e+03,1.040477491187630221e-05
3.851000000000000000e+03,1.040243932948214933e-05
3.852000000000000000e+03,1.039853850670624524e-05
3.853000000000000000e+03,1.039323251461610198e-05
3.854000000000000000e+03,1.038570826494833454e-05
3.855000000000000000e+03,1.038247137330472469e-05
3.856000000000000000e+03,1.037649326462997124e-05
3.857000000000000000e+03,1.037439142237417400e-05
3.858000000000000000e+03,1.037267793435603380e-05
3.859000000000000000e+03,1.037089259625645354e-05
3.860000000000000000e+03,1.036847243085503578e-05
3.861000000000000000e+03,1.036609228322049603e-05
3.862000000000000000e+03,1.036298090184573084e-05
3.863000000000000000e+03,1.035988498188089579e-05
3.864000000000000000e+03,1.035471541399601847e-05
3.865000000000000000e+03,1.035239074553828686e-05
3.866000000000000000e+03,1.034997239912627265e-05
3.867000000000000000e+03,1.034626802720595151e-05
3.868000000000000000e+03,1.034241358865983784e-05
3.869000000000000000e+03,1.033743956213584170e-05
3.870000000000000000e+03,1.034297474689083174e-05
3.871000000000000000e+03,1.033542775985551998e-05
3.872000000000000000e+03,1.033359694702085108e-05
3.873000000000000000e+03,1.033196895150467753e-05
3.874000000000000000e+03,1.033004718919983134e-05
3.875000000000000000e+03,1.032656473398674279e-05
3.876000000000000000e+03,1.033712305797962472e-05
3.877000000000000000e+03,1.032528416544664651e-05
3.878000000000000000e+03,1.032139243761776015e-05
3.879000000000000000e+03,1.031747797242132947e-05
3.880000000000000000e+03,1.031196552503388375e-05
3.881000000000000000e+03,1.030766907206270844e-05
3.882000000000000000e+03,1.031224473990732804e-05
3.883000000000000000e+03,1.030558814818505198e-05
3.884000000000000000e+03,1.030092153087025508e-05
3.885000000000000000e+03,1.029700069921091199e-05
3.886000000000000000e+03,1.029253598971990868e-05
3.887000000000000000e+03,1.028740371111780405e-05
3.888000000000000000e+03,1.029686791298445314e-05
3.889000000000000000e+03,1.028513725032098591e-05
3.890000000000000000e+03,1.027918642648728564e-05
3.891000000000000000e+03,1.027504094963660464e-05
3.892000000000000000e+03,1.026895097311353311e-05
3.893000000000000000e+03,1.026246536639519036e-05
3.894000000000000000e+03,1.025729943648912013e-05
3.895000000000000000e+03,1.025213623506715521e-05
3.896000000000000000e+03,1.024910670821554959e-05
3.897000000000000000e+03,1.024506855173967779e-05
3.898000000000000000e+03,1.023847653414122760e-05
3.899000000000000000e+03,1.023139793687732890e-05
3.900000000000000000e+03,1.022829292196547613e-05
3.901000000000000000e+03,1.022574269882170483e-05
3.902000000000000000e+03,1.022260767058469355e-05
3.903000000000000000e+03,1.021911884890869260e-05
3.904000000000000000e+03,1.021458683680975810e-05
3.905000000000000000e+03,1.021137086354428902e-05
3.906000000000000000e+03,1.020620857161702588e-05
3.907000000000000000e+03,1.019579394778702408e-05
3.908000000000000000e+03,1.022820288199000061e-05
3.909000000000000000e+03,1.019271530822152272e-05
3.910000000000000000e+03,1.018306284095160663e-05
3.911000000000000000e+03,1.017640533973462880e-05
3.912000000000000000e+03,1.017024260363541543e-05
3.913000000000000000e+03,1.016748410620493814e-05
3.914000000000000000e+03,1.015905854728771374e-05
3.915000000000000000e+03,1.015310590446460992e-05
3.916000000000000000e+03,1.014808913168963045e-05
3.917000000000000000e+03,1.014238932839361951e-05
3.918000000000000000e+03,1.013709879771340638e-05
3.919000000000000000e+03,1.013217297440860420e-05
3.920000000000000000e+03,1.012466418615076691e-05
3.921000000000000000e+03,1.012037591863190755e-05
3.922000000000000000e+03,1.011445965559687465e-05
3.923000000000000000e+03,1.010714277072111145e-05
3.924000000000000000e+03,1.010344658425310627e-05
3.925000000000000000e+03,1.009893912851111963e-05
3.926000000000000000e+03,1.009266543405828997e-05
3.927000000000000000e+03,1.011406402540160343e-05
3.928000000000000000e+03,1.009105108096264303e-05
3.929000000000000000e+03,1.008692015602719039e-05
3.930000000000000000e+03,1.008069739327766001e-05
3.931000000000000000e+03,1.007382161333225667e-05
3.932000000000000000e+03,1.006738511932780966e-05
3.933000000000000000e+03,1.005974172585410997e-05
3.934000000000000000e+03,1.005254853225778788e-05
3.935000000000000000e+03,1.004605110210832208e-05
3.936000000000000000e+03,1.004083605948835611e-05
3.937000000000000000e+03,1.003642410069005564e-05
3.938000000000000000e+03,1.003394118015421554e-05
3.939000000000000000e+03,1.002638509817188606e-05
3.940000000000000000e+03,1.002245608106022701e-05
3.941000000000000000e+03,1.001519103738246486e-05
3.942000000000000000e+03,1.001294276647968218e-05
3.943000000000000000e+03,1.000816064333776012e-05
3.944000000000000000e+03,1.000660995487123728e-05
3.945000000000000000e+03,1.000360680336598307e-05
3.946000000000000000e+03,9.999908797908574343e-06
3.947000000000000000e+03,9.996054359362460673e-06
3.948000000000000000e+03,9.991020306188147515e-06
3.949000000000000000e+03,9.988409146899357438e-06
3.950000000000000000e+03,9.984475582314189523e-06
3.951000000000000000e+03,9.981308721762616187e-06
3.952000000000000000e+03,9.976653927878942341e-06
3.953000000000000000e+03,9.969656275643501431e-06
3.954000000000000000e+03,9.966482139134313911e-06
3.955000000000000000e+03,9.959334420273080468e-06
3.956000000000000000e+03,9.962798685592133552e-06
3.957000000000000000e+03,9.956692338164430112e-06
3.958000000000000000e+03,9.951559150067623705e-06
3.959000000000000000e+03,9.948479601007420570e-06
3.960000000000000000e+03,9.945908459485508502e-06
3.961000000000000000e+03,9.942862561729270965e-06
3.962000000000000000e+03,9.938892617356032133e-06
3.963000000000000000e+03,9.936475180438719690e-06
3.964000000000000000e+03,9.929724001267459244e-06
3.965000000000000000e+03,9.925975064106751233e-06
3.966000000000000000e+03,9.923097422870341688e-06
3.967000000000000000e+03,9.919458534568548203e-06
3.968000000000000000e+03,9.913593203236814588e-06
3.969000000000000000e+03,9.920876436808612198e-06
3.970000000000000000e+03,9.910665539791807532e-06
3.971000000000000000e+03,9.906855666486080736e-06
3.972000000000000000e+03,9.902623787638731301e-06
3.973000000000000000e+03,9.900378245220053941e-06
3.974000000000000000e+03,9.897491509036626667e-06
3.975000000000000000e+03,9.893000424199271947e-06
3.976000000000000000e+03,9.888366548693738878e-06
3.977000000000000000e+03,9.882282938633579761e-06
3.978000000000000000e+03,9.883892744255717844e-06
3.979000000000000000e+03,9.880653124128002673e-06
3.980000000000000000e+03,9.878805030894000083e-06
3.981000000000000000e+03,9.876285730570089072e-06
3.982000000000000000e+03,9.871920156001579016e-06
3.983000000000000000e+03,9.875753676169551909e-06
3.984000000000000000e+03,9.869882887869607657e-06
3.985000000000000000e+03,9.864519597613252699e-06
3.986000000000000000e+03,9.860465979727450758e-06
3.987000000000000000e+03,9.855413736659102142e-06
3.988000000000000000e+03,9.849062735156621784e-06
3.989000000000000000e+03,9.841221981332637370e-06
3.990000000000000000e+03,9.898376447381451726e-06
3.991000000000000000e+03,9.839532140176743269e-06
3.992000000000000000e+03,9.835865057539194822e-06
3.993000000000000000e+03,9.833639524003956467e-06
3.994000000000000000e+03,9.830519957176875323e-06
3.995000000000000000e+03,9.825856977840885520e-06
3.996000000000000000e+03,9.829213013290427625e-06
3.997000000000000000e+03,9.823645996220875531e-06
3.998000000000000000e+03,9.820138984650839120e-06
3.999000000000000000e+03,9.817845239012967795e-06
4.000000000000000000e+03,9.815784324018750340e-06
4.001000000000000000e+03,9.811955351324286312e-06
4.002000000000000000e+03,9.809063158172648400e-06
4.003000000000000000e+03,9.803136890695896000e-06
4.004000000000000000e+03,9.799654435482807457e-06
4.005000000000000000e+03,9.795393452805001289e-06
4.006000000000000000e+03,9.796333870326634496e-06
4.007000000000000000e+03,9.793671779334545135e-06
4.008000000000000000e+03,9.790900548978243023e-06
4.009000000000000000e+03,9.787131602934096009e-06
4.010000000000000000e+03,9.784418580238707364e-06
4.011000000000000000e+03,9.781673725228756666e-06
4.012000000000000000e+03,9.778660569281782955e-06
4.013000000000000000e+03,9.775902981346007437e-06
4.014000000000000000e+03,9.772157682164106518e-06
4.015000000000000000e+03,9.769963980943430215e-06
4.016000000000000000e+03,9.771640179678797722e-06
4.017000000000000000e+03,9.768591553438454866e-06
4.018000000000000000e+03,9.765766662894748151e-06
4.019000000000000000e+03,9.762899935594759881e-06
4.020000000000000000e+03,9.757475709193386137e-06
4.021000000000000000e+03,9.751822290127165616e-06
4.022000000000000000e+03,9.754620805324520916e-06
4.023000000000000000e+03,9.748666343512013555e-06
4.024000000000000000e+03,9.744752787810284644e-06
4.025000000000000000e+03,9.743243026605341583e-06
4.026000000000000000e+03,9.741084795678034425e-06
4.027000000000000000e+03,9.739454071677755564e-06
4.028000000000000000e+03,9.736655556480400264e-06
4.029000000000000000e+03,9.733011211210396141e-06
4.030000000000000000e+03,9.728550139698199928e-06
4.031000000000000000e+03,9.724692972667980939e-06
4.032000000000000000e+03,9.723205948830582201e-06
4.033000000000000000e+03,9.719658009998966008e-06
4.034000000000000000e+03,9.716357453726232052e-06
4.035000000000000000e+03,9.711708116810768843e-06
4.036000000000000000e+03,9.706871423986740410e-06
4.037000000000000000e+03,9.711714483273681253e-06
4.038000000000000000e+03,9.705188858788460493e-06
4.039000000000000000e+03,9.701730050437618047e-06
4.040000000000000000e+03,9.696190318209119141e-06
4.041000000000000000e+03,9.687734745966736227e-06
4.042000000000000000e+03,9.715756277728360146e-06
4.043000000000000000e+03,9.686716111900750548e-06
4.044000000000000000e+03,9.682328709459397942e-06
4.045000000000000000e+03,9.678466994955670089e-06
4.046000000000000000e+03,9.674395187175832689e-06
4.047000000000000000e+03,9.669343853602185845e-06
4.048000000000000000e+03,9.661428521212656051e-06
4.049000000000000000e+03,9.672342457633931190e-06
4.050000000000000000e+03,9.658452654548455030e-06
4.051000000000000000e+03,9.653663255448918790e-06
4.052000000000000000e+03,9.649758794694207609e-06
4.053000000000000000e+03,9.645757018006406724e-06
4.054000000000000000e+03,9.638679330237209797e-06
4.055000000000000000e+03,9.651588698034174740e-06
4.056000000000000000e+03,9.635953574615996331e-06
4.057000000000000000e+03,9.630219210521318018e-06
4.058000000000000000e+03,9.626255632610991597e-06
4.059000000000000000e+03,9.619922821002546698e-06
4.060000000000000000e+03,9.613834663468878716e-06
4.061000000000000000e+03,9.606959793018177152e-06
4.062000000000000000e+03,9.601615602150559425e-06
4.063000000000000000e+03,9.594917173672001809e-06
4.064000000000000000e+03,9.591499292582739145e-06
4.065000000000000000e+03,9.588001375959720463e-06
4.066000000000000000e+03,9.585050065652467310e-06
4.067000000000000000e+03,9.580455298419110477e-06
4.068000000000000000e+03,9.574867362971417606e-06
4.069000000000000000e+03,9.570606380293611437e-06
4.070000000000000000e+03,9.561874321661889553e-06
4.071000000000000000e+03,9.565438631398137659e-06
4.072000000000000000e+03,9.558728379488456994e-06
4.073000000000000000e+03,9.553335985401645303e-06
4.074000000000000000e+03,9.549629794491920620e-06
4.075000000000000000e+03,9.544508429826237261e-06
4.076000000000000000e+03,9.536510333418846130e-06
4.077000000000000000e+03,9.584894542058464140e-06
4.078000000000000000e+03,9.533946467854548246e-06
4.079000000000000000e+03,9.527469046588521451e-06
4.080000000000000000e+03,9.523248991172295064e-06
4.081000000000000000e+03,9.517987564322538674e-06
4.082000000000000000e+03,9.513983059150632471e-06
4.083000000000000000e+03,9.511294592812191695e-06
4.084000000000000000e+03,9.510094969300553203e-06
4.085000000000000000e+03,9.507150934950914234e-06
4.086000000000000000e+03,9.505816706223413348e-06
4.087000000000000000e+03,9.503516594122629613e-06
4.088000000000000000e+03,9.501965905656106770e-06
4.089000000000000000e+03,9.503171895630657673e-06
4.090000000000000000e+03,9.500839951215311885e-06
4.091000000000000000e+03,9.498487088421825320e-06
4.092000000000000000e+03,9.495935955783352256e-06
4.093000000000000000e+03,9.493145626038312912e-06
4.094000000000000000e+03,9.489747753832489252e-06
4.095000000000000000e+03,9.485453119850717485e-06
4.096000000000000000e+03,9.502215107204392552e-06
4.097000000000000000e+03,9.483148460276424885e-06
4.098000000000000000e+03,9.479826076130848378e-06
4.099000000000000000e+03,9.475842489337082952e-06
4.100000000000000000e+03,9.472298188484273851e-06
4.101000000000000000e+03,9.504795343673322350e-06
4.102000000000000000e+03,9.471313205722253770e-06
4.103000000000000000e+03,9.468408279644791037e-06
4.104000000000000000e+03,9.466171832173131406e-06
4.105000000000000000e+03,9.463183232583105564e-06
4.106000000000000000e+03,9.459707143832929432e-06
4.107000000000000000e+03,9.456874067836906761e-06
4.108000000000000000e+03,9.453161510464269668e-06
4.109000000000000000e+03,9.451658115722239017e-06
4.110000000000000000e+03,9.450074685446452349e-06
4.111000000000000000e+03,9.447359843761660159e-06
4.112000000000000000e+03,9.442105692869517952e-06
4.113000000000000000e+03,9.438816960027907044e-06
4.114000000000000000e+03,9.433846571482717991e-06
4.115000000000000000e+03,9.431189027964137495e-06
4.116000000000000000e+03,9.428234079678077251e-06
4.117000000000000000e+03,9.424382369616068900e-06
4.118000000000000000e+03,9.419992238690610975e-06
4.119000000000000000e+03,9.417542969458736479e-06
4.120000000000000000e+03,9.415626664122100919e-06
4.121000000000000000e+03,9.413440238859038800e-06
4.122000000000000000e+03,9.411848623130936176e-06
4.123000000000000000e+03,9.408297046320512891e-06
4.124000000000000000e+03,9.407471225131303072e-06
4.125000000000000000e+03,9.401705028722062707e-06
4.126000000000000000e+03,9.398570909979753196e-06
4.127000000000000000e+03,9.392558240506332368e-06
4.128000000000000000e+03,9.390801096742507070e-06
4.129000000000000000e+03,9.384123586642090231e-06
4.130000000000000000e+03,9.382307325722649693e-06
4.131000000000000000e+03,9.379937182529829443e-06
4.132000000000000000e+03,9.376427442475687712e-06
4.133000000000000000e+03,9.372709428134839982e-06
4.134000000000000000e+03,9.369176950713153929e-06
4.135000000000000000e+03,9.367554412165191025e-06
4.136000000000000000e+03,9.365513506054412574e-06
4.137000000000000000e+03,9.363984645460732281e-06
4.138000000000000000e+03,9.362198397866450250e-06
4.139000000000000000e+03,9.359018804389052093e-06
4.140000000000000000e+03,9.356759619549848139e-06
4.141000000000000000e+03,9.351164408144541085e-06
4.142000000000000000e+03,9.348148523713462055e-06
4.143000000000000000e+03,9.344505087938159704e-06
4.144000000000000000e+03,9.343616511614527553e-06
4.145000000000000000e+03,9.338275049231015146e-06
4.146000000000000000e+03,9.337232768302783370e-06
4.147000000000000000e+03,9.335863978776615113e-06
4.148000000000000000e+03,9.334215974377002567e-06
4.149000000000000000e+03,9.330989087175112218e-06
4.150000000000000000e+03,9.368749488203320652e-06
4.151000000000000000e+03,9.329799468105193228e-06
4.152000000000000000e+03,9.323939593741670251e-06
4.153000000000000000e+03,9.318778211309108883e-06
4.154000000000000000e+03,9.313702321378514171e-06
4.155000000000000000e+03,9.316540854342747480e-06
4.156000000000000000e+03,9.312328074884135276e-06
4.157000000000000000e+03,9.309248525823932141e-06
4.158000000000000000e+03,9.306760148319881409e-06
4.159000000000000000e+03,9.305459570896346122e-06
4.160000000000000000e+03,9.303636943513993174e-06
4.161000000000000000e+03,9.300759302277583629e-06
4.162000000000000000e+03,9.295855306845624000e-06
4.163000000000000000e+03,9.294054507336113602e-06
4.164000000000000000e+03,9.289363333664368838e-06
4.165000000000000000e+03,9.287418833991978317e-06
4.166000000000000000e+03,9.283834515372291207e-06
4.167000000000000000e+03,9.277036951971240342e-06
4.168000000000000000e+03,9.288057299272622913e-06
4.169000000000000000e+03,9.274677722714841366e-06
4.170000000000000000e+03,9.269648217014037073e-06
4.171000000000000000e+03,9.265544576919637620e-06
4.172000000000000000e+03,9.261812010663561523e-06
4.173000000000000000e+03,9.258055797545239329e-06
4.174000000000000000e+03,9.254672477254644036e-06
4.175000000000000000e+03,9.250363291357643902e-06
4.176000000000000000e+03,9.247915841115172952e-06
4.177000000000000000e+03,9.244242392014712095e-06
4.178000000000000000e+03,9.241605766874272376e-06
4.179000000000000000e+03,9.241709449270274490e-06
4.180000000000000000e+03,9.240052349923644215e-06
4.181000000000000000e+03,9.237463018507696688e-06
4.182000000000000000e+03,9.235888683178927749e-06
4.183000000000000000e+03,9.231341209670063108e-06
4.184000000000000000e+03,9.230378054780885577e-06
4.185000000000000000e+03,9.226326255884487182e-06
4.186000000000000000e+03,9.224552741216029972e-06
4.187000000000000000e+03,9.222714652423746884e-06
4.188000000000000000e+03,9.220901119988411665e-06
4.189000000000000000e+03,9.218410014000255615e-06
4.190000000000000000e+03,9.215439604304265231e-06
4.191000000000000000e+03,9.213478733727242798e-06
4.192000000000000000e+03,9.211534234054852277e-06
4.193000000000000000e+03,9.209275049215648323e-06
4.194000000000000000e+03,9.207596121996175498e-06
4.195000000000000000e+03,9.203223271470051259e-06
4.196000000000000000e+03,9.201054126606322825e-06
4.197000000000000000e+03,9.209801646647974849e-06
4.198000000000000000e+03,9.199978194374125451e-06
4.199000000000000000e+03,9.196677638101391494e-06
4.200000000000000000e+03,9.194262020173482597e-06
4.201000000000000000e+03,9.189662705466616899e-06
4.202000000000000000e+03,9.205831702274736017e-06
4.203000000000000000e+03,9.189358934236224741e-06
4.204000000000000000e+03,9.188013791572302580e-06
4.205000000000000000e+03,9.186382158077321947e-06
4.206000000000000000e+03,9.183477231999859214e-06
4.207000000000000000e+03,9.180597771774046123e-06
4.208000000000000000e+03,9.176373168884310871e-06
4.209000000000000000e+03,9.172485079034231603e-06
4.210000000000000000e+03,9.169573786493856460e-06
4.211000000000000000e+03,9.168165888695511967e-06
4.212000000000000000e+03,9.166779818770010024e-06
4.213000000000000000e+03,9.165489245788194239e-06
4.214000000000000000e+03,9.161865818896330893e-06
4.215000000000000000e+03,9.158110515272710472e-06
4.216000000000000000e+03,9.156073247140739113e-06
4.217000000000000000e+03,9.152106031251605600e-06
4.218000000000000000e+03,9.150601727014873177e-06
4.219000000000000000e+03,9.148981007456313819e-06
4.220000000000000000e+03,9.147390301222912967e-06
4.221000000000000000e+03,9.145775038632564247e-06
4.222000000000000000e+03,9.142887392954435199e-06
4.223000000000000000e+03,9.141572263615671545e-06
4.224000000000000000e+03,9.139851499639917165e-06
4.225000000000000000e+03,9.138672794506419450e-06
4.226000000000000000e+03,9.137101187661755830e-06
4.227000000000000000e+03,9.134289939538575709e-06
4.228000000000000000e+03,9.132887498708441854e-06
4.229000000000000000e+03,9.129143109021242708e-06
4.230000000000000000e+03,9.130180842475965619e-06
4.231000000000000000e+03,9.127512385020963848e-06
4.232000000000000000e+03,9.125376891461201012e-06
4.233000000000000000e+03,9.122991286858450621e-06
4.234000000000000000e+03,9.120985851041041315e-06
4.235000000000000000e+03,9.117080480791628361e-06
4.236000000000000000e+03,9.120225513470359147e-06
4.237000000000000000e+03,9.115274224313907325e-06
4.238000000000000000e+03,9.112289262702688575e-06
4.239000000000000000e+03,9.109526217798702419e-06
4.240000000000000000e+03,9.106303878070320934e-06
4.241000000000000000e+03,9.101973773795180023e-06
4.242000000000000000e+03,9.117173249251209199e-06
4.243000000000000000e+03,9.100583156396169215e-06
4.244000000000000000e+03,9.096066605707164854e-06
4.245000000000000000e+03,9.092558684642426670e-06
4.246000000000000000e+03,9.088601473195012659e-06
4.247000000000000000e+03,9.085394594876561314e-06
4.248000000000000000e+03,9.082729775400366634e-06
4.249000000000000000e+03,9.078093171410728246e-06
4.250000000000000000e+03,9.075255547941196710e-06
4.251000000000000000e+03,9.072229659068398178e-06
4.252000000000000000e+03,9.069473890122026205e-06
4.253000000000000000e+03,9.067433893505949527e-06
4.254000000000000000e+03,9.065286576515063643e-06
4.255000000000000000e+03,9.064488040166907012e-06
4.256000000000000000e+03,9.062784556590486318e-06
4.257000000000000000e+03,9.060442607733421028e-06
4.258000000000000000e+03,9.058443538378924131e-06
4.259000000000000000e+03,9.058147043106146157e-06
4.260000000000000000e+03,9.054933798324782401e-06
4.261000000000000000e+03,9.053340363607276231e-06
4.262000000000000000e+03,9.051412234839517623e-06
4.263000000000000000e+03,9.049897926161065698e-06
4.264000000000000000e+03,9.046597369888331741e-06
4.265000000000000000e+03,9.042489182320423424e-06
4.266000000000000000e+03,9.040102668222971261e-06
4.267000000000000000e+03,9.040004442795179784e-06
4.268000000000000000e+03,9.038618372869677842e-06
4.269000000000000000e+03,9.036335541168227792e-06
4.270000000000000000e+03,9.034204595081973821e-06
4.271000000000000000e+03,9.031008630699943751e-06
4.272000000000000000e+03,9.028084605233743787e-06
4.273000000000000000e+03,9.023794518725480884e-06
4.274000000000000000e+03,9.021126061270479113e-06
4.275000000000000000e+03,9.018122909765224904e-06
4.276000000000000000e+03,9.015966497827321291e-06
4.277000000000000000e+03,9.012923328555189073e-06
4.278000000000000000e+03,9.010246685647871345e-06
4.279000000000000000e+03,9.006533218780532479e-06
4.280000000000000000e+03,9.004886123875621706e-06
4.281000000000000000e+03,9.001988473755773157e-06
4.282000000000000000e+03,9.004472303786315024e-06
4.283000000000000000e+03,9.000917998491786420e-06
4.284000000000000000e+03,8.999733836390078068e-06
4.285000000000000000e+03,8.997484655992593616e-06
4.286000000000000000e+03,8.996095857582986355e-06
4.287000000000000000e+03,8.993847586680203676e-06
4.288000000000000000e+03,8.993593837658409029e-06
4.289000000000000000e+03,8.991020877147093415e-06
4.290000000000000000e+03,8.990044989332091063e-06
4.291000000000000000e+03,8.988855370262172073e-06
4.292000000000000000e+03,8.987106411950662732e-06
4.293000000000000000e+03,8.984478881757240742e-06
4.294000000000000000e+03,8.988459740066900849e-06
4.295000000000000000e+03,8.983210136648267508e-06
4.296000000000000000e+03,8.981110113381873816e-06
4.297000000000000000e+03,8.978313417173922062e-06
4.298000000000000000e+03,8.976267054094932973e-06
4.299000000000000000e+03,8.974662705441005528e-06
4.300000000000000000e+03,8.972952855401672423e-06
4.301000000000000000e+03,8.971715033112559468e-06
4.302000000000000000e+03,8.969236660050228238e-06
4.303000000000000000e+03,8.966555469669401646e-06
4.304000000000000000e+03,8.962768333731219172e-06
4.305000000000000000e+03,8.958980288298334926e-06
4.306000000000000000e+03,8.955924386100377887e-06
4.307000000000000000e+03,8.952084499469492584e-06
4.308000000000000000e+03,8.947668902692385018e-06
4.309000000000000000e+03,8.944733053795062006e-06
4.310000000000000000e+03,8.939608960645273328e-06
4.311000000000000000e+03,8.934322067943867296e-06
4.312000000000000000e+03,8.960180821304675192e-06
4.313000000000000000e+03,8.932067430578172207e-06
4.314000000000000000e+03,8.927285307436250150e-06
4.315000000000000000e+03,8.925489964894950390e-06
4.316000000000000000e+03,8.922552297008223832e-06
4.317000000000000000e+03,8.920353138819336891e-06
4.318000000000000000e+03,8.917628292692825198e-06
4.319000000000000000e+03,8.914797035686206073e-06
4.320000000000000000e+03,8.911340955819468945e-06
4.321000000000000000e+03,8.914292266126722097e-06
4.322000000000000000e+03,8.909512871468905360e-06
4.323000000000000000e+03,8.908294148568529636e-06
4.324000000000000000e+03,8.906798939278814942e-06
4.325000000000000000e+03,8.905531103664543480e-06
4.326000000000000000e+03,8.902104127628263086e-06
4.327000000000000000e+03,8.951504241849761456e-06
4.328000000000000000e+03,8.901341061573475599e-06
4.329000000000000000e+03,8.898558917280752212e-06
4.330000000000000000e+03,8.896602594177238643e-06
4.331000000000000000e+03,8.894838174455799162e-06
4.332000000000000000e+03,8.892749065125826746e-06
4.333000000000000000e+03,8.888177944754716009e-06
4.334000000000000000e+03,8.888307093002367765e-06
4.335000000000000000e+03,8.885296665539499372e-06
4.336000000000000000e+03,8.880314453563187271e-06
4.337000000000000000e+03,8.878333574102725834e-06
4.338000000000000000e+03,8.876361789589282125e-06
4.339000000000000000e+03,8.874842933437321335e-06
4.340000000000000000e+03,8.872265425452496856e-06
4.341000000000000000e+03,8.868558325048070401e-06
4.342000000000000000e+03,8.864482879289425910e-06
4.343000000000000000e+03,8.858379260345827788e-06
4.344000000000000000e+03,8.854160114424303174e-06
4.345000000000000000e+03,8.848913239489775151e-06
4.346000000000000000e+03,8.848235665936954319e-06
4.347000000000000000e+03,8.844508556649088860e-06
4.348000000000000000e+03,8.841950148053001612e-06
4.349000000000000000e+03,8.839600013743620366e-06
4.350000000000000000e+03,8.837119821691885591e-06
4.351000000000000000e+03,8.832948878989554942e-06
4.352000000000000000e+03,8.830642400425858796e-06
4.353000000000000000e+03,8.826438715914264321e-06
4.354000000000000000e+03,8.824588803690858185e-06
4.355000000000000000e+03,8.821607480058446527e-06
4.356000000000000000e+03,8.818584319669753313e-06
4.357000000000000000e+03,8.820892617222853005e-06
4.358000000000000000e+03,8.816966328595299274e-06
4.359000000000000000e+03,8.813902240945026278e-06
4.360000000000000000e+03,8.811533007246907800e-06
4.361000000000000000e+03,8.806600817479193211e-06
4.362000000000000000e+03,8.801163858151994646e-06
4.363000000000000000e+03,8.793721463007386774e-06
4.364000000000000000e+03,8.790361789579037577e-06
4.365000000000000000e+03,8.786571925156749785e-06
4.366000000000000000e+03,8.784389137872494757e-06
4.367000000000000000e+03,8.782687473285477608e-06
4.368000000000000000e+03,8.780936695984564722e-06
4.369000000000000000e+03,8.778979463386349380e-06
4.370000000000000000e+03,8.777011316851712763e-06
4.371000000000000000e+03,8.774967682256828994e-06
4.372000000000000000e+03,8.770929525780957192e-06
4.373000000000000000e+03,8.769577107159420848e-06
4.374000000000000000e+03,8.767851795710157603e-06
4.375000000000000000e+03,8.762232937442604452e-06
4.376000000000000000e+03,8.761289791436865926e-06
4.377000000000000000e+03,8.759211596043314785e-06
4.378000000000000000e+03,8.756598617765121162e-06
4.379000000000000000e+03,8.753652764426078647e-06
4.380000000000000000e+03,8.750573215365875512e-06
4.381000000000000000e+03,8.748500476940535009e-06
4.382000000000000000e+03,8.747229003347456455e-06
4.383000000000000000e+03,8.745319064473733306e-06
4.384000000000000000e+03,8.742751560930628330e-06
4.385000000000000000e+03,8.739681106817442924e-06
4.386000000000000000e+03,8.736566087463870645e-06
4.387000000000000000e+03,8.733632057555951178e-06
4.388000000000000000e+03,8.731301932130008936e-06
4.389000000000000000e+03,8.728203283681068569e-06
4.390000000000000000e+03,8.724964573048055172e-06
4.391000000000000000e+03,8.721812264411710203e-06
4.392000000000000000e+03,8.719192010175902396e-06
4.393000000000000000e+03,8.715281182958278805e-06
4.394000000000000000e+03,8.712349881534464657e-06
4.395000000000000000e+03,8.718347999092657119e-06
4.396000000000000000e+03,8.710025213076733053e-06
4.397000000000000000e+03,8.706708285899367183e-06
4.398000000000000000e+03,8.705810614628717303e-06
4.399000000000000000e+03,8.704398169356863946e-06
4.400000000000000000e+03,8.701307706360239536e-06
4.401000000000000000e+03,8.711634109204169363e-06
4.402000000000000000e+03,8.699867066752631217e-06
4.403000000000000000e+03,8.695480573805980384e-06
4.404000000000000000e+03,8.692242772667668760e-06
4.405000000000000000e+03,8.688245543453376740e-06
4.406000000000000000e+03,8.684535714564844966e-06
4.407000000000000000e+03,8.679136954015120864e-06
4.408000000000000000e+03,8.675540811964310706e-06
4.409000000000000000e+03,8.676710422150790691e-06
4.410000000000000000e+03,8.674172931932844222e-06
4.411000000000000000e+03,8.672529475006740540e-06
4.412000000000000000e+03,8.671361683809664100e-06
4.413000000000000000e+03,8.669238013681024313e-06
4.414000000000000000e+03,8.666453140904195607e-06
4.415000000000000000e+03,8.665847417432814837e-06
4.416000000000000000e+03,8.662113941682036966e-06
4.417000000000000000e+03,8.660963430884294212e-06
4.418000000000000000e+03,8.659645573061425239e-06
4.419000000000000000e+03,8.657433681946713477e-06
4.420000000000000000e+03,8.652945325593464077e-06
4.421000000000000000e+03,8.657184480398427695e-06
4.422000000000000000e+03,8.650668860354926437e-06
4.423000000000000000e+03,8.645600246381945908e-06
4.424000000000000000e+03,8.642868124297820032e-06
4.425000000000000000e+03,8.640756277600303292e-06
4.426000000000000000e+03,8.638142389827407897e-06
4.427000000000000000e+03,8.634412552055437118e-06
4.428000000000000000e+03,8.630652700958307832e-06
4.429000000000000000e+03,8.627078386780340225e-06
4.430000000000000000e+03,8.624354450148530304e-06
4.431000000000000000e+03,8.622622772236354649e-06
4.432000000000000000e+03,8.621603228675667197e-06
4.433000000000000000e+03,8.617205821792595088e-06
4.434000000000000000e+03,8.613221325504127890e-06
4.435000000000000000e+03,8.608518328401260078e-06
4.436000000000000000e+03,8.604915819887537509e-06
4.437000000000000000e+03,8.601454283052589744e-06
4.438000000000000000e+03,8.597626219852827489e-06
4.439000000000000000e+03,8.593116945121437311e-06
4.440000000000000000e+03,8.587224328948650509e-06
4.441000000000000000e+03,8.584175702708307654e-06
4.442000000000000000e+03,8.580554094805847853e-06
4.443000000000000000e+03,8.577556400268804282e-06
4.444000000000000000e+03,8.571295438741799444e-06
4.445000000000000000e+03,8.564196832594461739e-06
4.446000000000000000e+03,8.558484296372625977e-06
4.447000000000000000e+03,8.568568773625884205e-06
4.448000000000000000e+03,8.557252840546425432e-06
4.449000000000000000e+03,8.554368832847103477e-06
4.450000000000000000e+03,8.551019163860473782e-06
4.451000000000000000e+03,8.546689059585332870e-06
4.452000000000000000e+03,8.543075637135189027e-06
4.453000000000000000e+03,8.540710950910579413e-06
4.454000000000000000e+03,8.537529538443777710e-06
4.455000000000000000e+03,8.534659173164982349e-06
4.456000000000000000e+03,8.530203558620996773e-06
4.457000000000000000e+03,8.533554137102328241e-06
4.458000000000000000e+03,8.528494618076365441e-06
4.459000000000000000e+03,8.525155863026157022e-06
4.460000000000000000e+03,8.523355063516646624e-06
4.461000000000000000e+03,8.521590643795207143e-06
4.462000000000000000e+03,8.519213224644772708e-06
4.463000000000000000e+03,8.516139132552780211e-06
4.464000000000000000e+03,8.517465175827965140e-06
4.465000000000000000e+03,8.514354703947901726e-06
4.466000000000000000e+03,8.511404303135350347e-06
4.467000000000000000e+03,8.508752216584980488e-06
4.468000000000000000e+03,8.506158337695524096e-06
4.469000000000000000e+03,8.503786375513300300e-06
4.470000000000000000e+03,8.500361218466423452e-06
4.471000000000000000e+03,8.498522220179438591e-06
4.472000000000000000e+03,8.494208486808929592e-06
4.473000000000000000e+03,8.491891094308812171e-06
4.474000000000000000e+03,8.488904313708189875e-06
4.475000000000000000e+03,8.486098522553220391e-06
4.476000000000000000e+03,8.483683814120013267e-06
4.477000000000000000e+03,8.479332791466731578e-06
4.478000000000000000e+03,8.480709766445215791e-06
4.479000000000000000e+03,8.476959919789806008e-06
4.480000000000000000e+03,8.474813512293621898e-06
4.481000000000000000e+03,8.473072739434428513e-06
4.482000000000000000e+03,8.471300134260673076e-06
4.483000000000000000e+03,8.466052349831443280e-06
4.484000000000000000e+03,8.462843652523588389e-06
4.485000000000000000e+03,8.459883247269317508e-06
4.486000000000000000e+03,8.458152478851843625e-06
4.487000000000000000e+03,8.453847840428352356e-06
4.488000000000000000e+03,8.446682841167785227e-06
4.489000000000000000e+03,8.440604688075836748e-06
4.490000000000000000e+03,8.436357347818557173e-06
4.491000000000000000e+03,8.433471521129831672e-06
4.492000000000000000e+03,8.431640708295162767e-06
4.493000000000000000e+03,8.428958608419634402e-06
4.494000000000000000e+03,8.428296496276743710e-06
4.495000000000000000e+03,8.425986379734240472e-06
4.496000000000000000e+03,8.424673978879582137e-06
4.497000000000000000e+03,8.423446161032188684e-06
4.498000000000000000e+03,8.421247002843301743e-06
4.499000000000000000e+03,8.417023309448268265e-06
4.500000000000000000e+03,8.423601684626191854e-06
4.501000000000000000e+03,8.415640877501573414e-06
4.502000000000000000e+03,8.413100658799521625e-06
4.503000000000000000e+03,8.411389899265486747e-06
4.504000000000000000e+03,8.409616384597029537e-06
4.505000000000000000e+03,8.423407052760012448e-06
4.506000000000000000e+03,8.408213034272193909e-06
4.507000000000000000e+03,8.405942026001866907e-06
4.508000000000000000e+03,8.400503247685264796e-06
4.509000000000000000e+03,8.398480531468521804e-06
4.510000000000000000e+03,8.393887583224568516e-06
4.511000000000000000e+03,8.406332199228927493e-06
4.512000000000000000e+03,8.391872142965439707e-06
4.513000000000000000e+03,8.389764843741431832e-06
4.514000000000000000e+03,8.386078661715146154e-06
4.515000000000000000e+03,8.385597539017908275e-06
4.516000000000000000e+03,8.383231943298596889e-06
4.517000000000000000e+03,8.378056008950807154e-06
4.518000000000000000e+03,8.375278412131592631e-06
4.519000000000000000e+03,8.371623152925167233e-06
4.520000000000000000e+03,8.368302587768994272e-06
4.521000000000000000e+03,8.366843758267350495e-06
4.522000000000000000e+03,8.362825610674917698e-06
4.523000000000000000e+03,8.361303116544149816e-06
4.524000000000000000e+03,8.359265848412178457e-06
4.525000000000000000e+03,8.356945727427955717e-06
4.526000000000000000e+03,8.365545909327920526e-06
4.527000000000000000e+03,8.355575118912383914e-06
4.528000000000000000e+03,8.352712029591202736e-06
4.529000000000000000e+03,8.350431016879156232e-06
4.530000000000000000e+03,8.347417860932182521e-06
4.531000000000000000e+03,8.343822628376074135e-06
4.532000000000000000e+03,8.342209184775128961e-06
4.533000000000000000e+03,8.338961379195097834e-06
4.534000000000000000e+03,8.337519830092787743e-06
4.535000000000000000e+03,8.334586709679570049e-06
4.536000000000000000e+03,8.334555786859709769e-06
4.537000000000000000e+03,8.333019650308415294e-06
4.538000000000000000e+03,8.330944183398969471e-06
4.539000000000000000e+03,8.327727300638798624e-06
4.540000000000000000e+03,8.325775525008793920e-06
4.541000000000000000e+03,8.321333552885334939e-06
4.542000000000000000e+03,8.328300282300915569e-06
4.543000000000000000e+03,8.319601874973159283e-06
4.544000000000000000e+03,8.315171726280823350e-06
4.545000000000000000e+03,8.311068995681125671e-06
4.546000000000000000e+03,8.304573384521063417e-06
4.547000000000000000e+03,8.298200555145740509e-06
4.548000000000000000e+03,8.298905413539614528e-06
4.549000000000000000e+03,8.295243787870276719e-06
4.550000000000000000e+03,8.291475751320831478e-06
4.551000000000000000e+03,8.288187927973922342e-06
4.552000000000000000e+03,8.286157026304863393e-06
4.553000000000000000e+03,8.281697773782070726e-06
4.554000000000000000e+03,8.277575034298934042e-06
4.555000000000000000e+03,8.274938409158494323e-06
4.556000000000000000e+03,8.275492291431874037e-06
4.557000000000000000e+03,8.273777893919032067e-06
4.558000000000000000e+03,8.271787010016851127e-06
4.559000000000000000e+03,8.269095815194305032e-06
4.560000000000000000e+03,8.265461474366020411e-06
4.561000000000000000e+03,8.261018592747859657e-06
4.562000000000000000e+03,8.266629265563096851e-06
4.563000000000000000e+03,8.259570677182637155e-06
4.564000000000000000e+03,8.257345143647398800e-06
4.565000000000000000e+03,8.255811735580209643e-06
4.566000000000000000e+03,8.253033229266293347e-06
4.567000000000000000e+03,8.251474355347454548e-06
4.568000000000000000e+03,8.248061021731700748e-06
4.569000000000000000e+03,8.246375728049315512e-06
4.570000000000000000e+03,8.244784112321212888e-06
4.571000000000000000e+03,8.243878255598247051e-06
4.572000000000000000e+03,8.241581781476270407e-06
4.573000000000000000e+03,8.240290298999752849e-06
4.574000000000000000e+03,8.238741429522633553e-06
4.575000000000000000e+03,8.237567271862644702e-06
4.576000000000000000e+03,8.235268978751264513e-06
4.577000000000000000e+03,8.232668733398895711e-06
4.578000000000000000e+03,8.230384992202743888e-06
4.579000000000000000e+03,8.227643775171600282e-06
4.580000000000000000e+03,8.223992153943981975e-06
4.581000000000000000e+03,8.223596523748710752e-06
4.582000000000000000e+03,8.219039045798126608e-06
4.583000000000000000e+03,8.217105460062157363e-06
4.584000000000000000e+03,8.214522495109122247e-06
4.585000000000000000e+03,8.220771633205004036e-06
4.586000000000000000e+03,8.213719411287456751e-06
4.587000000000000000e+03,8.211840395233593881e-06
4.588000000000000000e+03,8.208954568544868380e-06
4.589000000000000000e+03,8.206808161048684269e-06
4.590000000000000000e+03,8.204877303796820343e-06
4.591000000000000000e+03,8.201676791941281408e-06
4.592000000000000000e+03,8.206836355384439230e-06
4.593000000000000000e+03,8.200195225072093308e-06
4.594000000000000000e+03,8.197775969165377319e-06
4.595000000000000000e+03,8.196024282369762659e-06
4.596000000000000000e+03,8.194760994229000062e-06
4.597000000000000000e+03,8.193382200261112303e-06
4.598000000000000000e+03,8.190622793335933238e-06
4.599000000000000000e+03,8.186714694602414966e-06
4.600000000000000000e+03,8.182632882380858064e-06
4.601000000000000000e+03,8.179556061804760247e-06
4.602000000000000000e+03,8.175403308996465057e-06
4.603000000000000000e+03,8.172621164703741670e-06
4.604000000000000000e+03,8.169504326360765845e-06
4.605000000000000000e+03,8.161589903465937823e-06
4.606000000000000000e+03,8.159248864103574306e-06
4.607000000000000000e+03,8.149870154738891870e-06
4.608000000000000000e+03,8.147520929924212396e-06
4.609000000000000000e+03,8.144976163748651743e-06
4.610000000000000000e+03,8.142254955600947142e-06
4.611000000000000000e+03,8.139958481478970498e-06
4.612000000000000000e+03,8.135583811963442713e-06
4.613000000000000000e+03,8.133443770930171013e-06
4.614000000000000000e+03,8.130829883157275617e-06
4.615000000000000000e+03,8.128179615596309304e-06
4.616000000000000000e+03,8.125177373585756868e-06
4.617000000000000000e+03,8.120315214910078794e-06
4.618000000000000000e+03,8.116832759696990252e-06
4.619000000000000000e+03,8.113654075714293867e-06
4.620000000000000000e+03,8.111290298984386027e-06
4.621000000000000000e+03,8.105252163659315556e-06
4.622000000000000000e+03,8.100611921690870076e-06
4.623000000000000000e+03,8.097443242149893194e-06
4.624000000000000000e+03,8.095124030660372227e-06
4.625000000000000000e+03,8.093436917988583446e-06
4.626000000000000000e+03,8.091547897493001074e-06
4.627000000000000000e+03,8.090031769825145602e-06
4.628000000000000000e+03,8.086650268523953855e-06
4.629000000000000000e+03,8.082939530140720308e-06
4.630000000000000000e+03,8.080162842816207558e-06
4.631000000000000000e+03,8.075265213847160339e-06
4.632000000000000000e+03,8.073389835772104561e-06
4.633000000000000000e+03,8.070406693150289357e-06
4.634000000000000000e+03,8.065298970905132592e-06
4.635000000000000000e+03,8.058860657911282033e-06
4.636000000000000000e+03,8.056159458647016436e-06
4.637000000000000000e+03,8.044509741012006998e-06
4.638000000000000000e+03,8.040274224185850471e-06
4.639000000000000000e+03,8.037291081564035267e-06
4.640000000000000000e+03,8.034664460865315050e-06
4.641000000000000000e+03,8.032386176637373865e-06
4.642000000000000000e+03,8.025774150155484676e-06
4.643000000000000000e+03,8.020712812140118331e-06
4.644000000000000000e+03,8.014887498575262725e-06
4.645000000000000000e+03,8.018463631742633879e-06
4.646000000000000000e+03,8.013113074412103742e-06
4.647000000000000000e+03,8.009891644178424031e-06
4.648000000000000000e+03,8.007006726984400302e-06
4.649000000000000000e+03,8.003735274542123079e-06
4.650000000000000000e+03,8.000248271855525672e-06
4.651000000000000000e+03,7.996963176992721856e-06
4.652000000000000000e+03,7.993055987753905356e-06
4.653000000000000000e+03,7.990300218807533383e-06
4.654000000000000000e+03,7.990787707967683673e-06
4.655000000000000000e+03,7.988555807969532907e-06
4.656000000000000000e+03,7.985484444361645728e-06
4.657000000000000000e+03,7.982112038007471710e-06
4.658000000000000000e+03,7.979471774888224900e-06
4.659000000000000000e+03,7.975779226399026811e-06
4.660000000000000000e+03,7.969416401465423405e-06
4.661000000000000000e+03,7.975978405738715082e-06
4.662000000000000000e+03,7.966032171680126339e-06
4.663000000000000000e+03,7.961963092384394258e-06
4.664000000000000000e+03,7.958330570545513183e-06
4.665000000000000000e+03,7.955962246342096478e-06
4.666000000000000000e+03,7.952650776132941246e-06
4.667000000000000000e+03,7.949762220960110426e-06
4.668000000000000000e+03,7.946121513668913394e-06
4.669000000000000000e+03,7.943532182252965868e-06
4.670000000000000000e+03,7.939841452753171325e-06
4.671000000000000000e+03,7.937926966405939311e-06
4.672000000000000000e+03,7.935057510621845722e-06
4.673000000000000000e+03,7.933028427942190319e-06
4.674000000000000000e+03,7.931425898277666420e-06
4.675000000000000000e+03,7.927140359242912382e-06
4.676000000000000000e+03,7.939551323943305761e-06
4.677000000000000000e+03,7.924579222162719816e-06
4.678000000000000000e+03,7.920146344986278564e-06
4.679000000000000000e+03,7.916108188510406762e-06
4.680000000000000000e+03,7.914680281828623265e-06
4.681000000000000000e+03,7.912059118098113686e-06
4.682000000000000000e+03,7.925207683001644909e-06
4.683000000000000000e+03,7.910042768344283104e-06
4.684000000000000000e+03,7.906966857262887061e-06
4.685000000000000000e+03,7.903143341536633670e-06
4.686000000000000000e+03,7.897732757555786520e-06
4.687000000000000000e+03,7.898573130660224706e-06
4.688000000000000000e+03,7.895731869211886078e-06
4.689000000000000000e+03,7.892316716606728733e-06
4.690000000000000000e+03,7.889560947660356760e-06
4.691000000000000000e+03,7.884817023295909166e-06
4.692000000000000000e+03,7.881998499215114862e-06
4.693000000000000000e+03,7.876998097344767302e-06
4.694000000000000000e+03,7.874318725953344256e-06
4.695000000000000000e+03,7.871997695474419743e-06
4.696000000000000000e+03,7.868587090342771262e-06
4.697000000000000000e+03,7.871812158555258065e-06
4.698000000000000000e+03,7.866863597882911563e-06
4.699000000000000000e+03,7.864418876124545932e-06
4.700000000000000000e+03,7.862500751798506826e-06
4.701000000000000000e+03,7.860590812924783677e-06
4.702000000000000000e+03,7.857723176130093634e-06
4.703000000000000000e+03,7.854243449401110411e-06
4.704000000000000000e+03,7.851694135752040893e-06
4.705000000000000000e+03,7.849893336242530495e-06
4.706000000000000000e+03,7.848094355722423643e-06
4.707000000000000000e+03,7.846452717785723507e-06
4.708000000000000000e+03,7.843427738407626748e-06
4.709000000000000000e+03,7.842254490242339671e-06
4.710000000000000000e+03,7.840571925044059753e-06
4.711000000000000000e+03,7.836000804672949016e-06
4.712000000000000000e+03,7.832853043510112911e-06
4.713000000000000000e+03,7.833710697013884783e-06
4.714000000000000000e+03,7.830713911971542984e-06
4.715000000000000000e+03,7.828268280718475580e-06
4.716000000000000000e+03,7.827271474525332451e-06
4.717000000000000000e+03,7.825453394616488367e-06
4.718000000000000000e+03,7.821908184268977493e-06
4.719000000000000000e+03,7.822639418009202927e-06
4.720000000000000000e+03,7.819719940016511828e-06
4.721000000000000000e+03,7.815512617526110262e-06
4.722000000000000000e+03,7.811574505467433482e-06
4.723000000000000000e+03,7.812452167854644358e-06
4.724000000000000000e+03,7.810127499396912754e-06
4.725000000000000000e+03,7.807527254044543952e-06
4.726000000000000000e+03,7.805863788235001266e-06
4.727000000000000000e+03,7.801480933267157525e-06
4.728000000000000000e+03,7.798004844516981393e-06
4.729000000000000000e+03,7.794767952873371542e-06
4.730000000000000000e+03,7.792094038450159132e-06
4.731000000000000000e+03,7.790838026267010719e-06
4.732000000000000000e+03,7.788146831444464624e-06
4.733000000000000000e+03,7.785679372318554670e-06
4.734000000000000000e+03,7.782899956509936601e-06
4.735000000000000000e+03,7.780044143146369606e-06
4.736000000000000000e+03,7.785636626067571342e-06
4.737000000000000000e+03,7.779077350278384984e-06
4.738000000000000000e+03,7.776937309245113283e-06
4.739000000000000000e+03,7.775851372571196407e-06
4.740000000000000000e+03,7.774060577503405511e-06
4.741000000000000000e+03,7.771966920699924231e-06
4.742000000000000000e+03,7.769626790832262486e-06
4.743000000000000000e+03,7.767822353343944997e-06
4.744000000000000000e+03,7.766509042994584888e-06
4.745000000000000000e+03,7.765167538309469819e-06
4.746000000000000000e+03,7.763267603877466172e-06
4.747000000000000000e+03,7.761281267448794097e-06
4.748000000000000000e+03,7.758698302495758981e-06
4.749000000000000000e+03,7.757051207590848207e-06
4.750000000000000000e+03,7.755636033834889531e-06
4.751000000000000000e+03,7.753495083306916058e-06
4.752000000000000000e+03,7.751717930659651756e-06
4.753000000000000000e+03,7.749084034003317356e-06
4.754000000000000000e+03,7.752449164399877191e-06
4.755000000000000000e+03,7.748013558739330620e-06
4.756000000000000000e+03,7.745511538814753294e-06
4.757000000000000000e+03,7.743319656583480537e-06
4.758000000000000000e+03,7.742028174106962979e-06
4.759000000000000000e+03,7.740575711068231612e-06
4.760000000000000000e+03,7.737255145912058651e-06
4.761000000000000000e+03,7.733670827292371541e-06
4.762000000000000000e+03,7.731134246569126844e-06
4.763000000000000000e+03,7.729342542006634176e-06
4.764000000000000000e+03,7.727981028438080102e-06
4.765000000000000000e+03,7.724468559899833053e-06
4.766000000000000000e+03,7.720954272372182459e-06
4.767000000000000000e+03,7.716903382970485836e-06
4.768000000000000000e+03,7.713039849477354437e-06
4.769000000000000000e+03,7.709942110523115844e-06
4.770000000000000000e+03,7.710002137173432857e-06
4.771000000000000000e+03,7.708820703555829823e-06
4.772000000000000000e+03,7.707238182774744928e-06
4.773000000000000000e+03,7.705770258326083422e-06
4.774000000000000000e+03,7.703403753112070262e-06
4.775000000000000000e+03,7.700300557189621031e-06
4.776000000000000000e+03,7.696311513427644968e-06
4.777000000000000000e+03,7.692252438573632389e-06
4.778000000000000000e+03,7.689513040531892329e-06
4.779000000000000000e+03,7.685135642532259226e-06
4.780000000000000000e+03,7.682498107897117734e-06
4.781000000000000000e+03,7.678712790948338807e-06
4.782000000000000000e+03,7.675583219679538161e-06
4.783000000000000000e+03,7.672078027098905295e-06
4.784000000000000000e+03,7.667653335374779999e-06
4.785000000000000000e+03,7.662681127840187401e-06
4.786000000000000000e+03,7.660230949113611132e-06
4.787000000000000000e+03,7.657122296222951263e-06
4.788000000000000000e+03,7.655585250176955014e-06
4.789000000000000000e+03,7.652892236365005374e-06
4.790000000000000000e+03,7.648118298675399274e-06
4.791000000000000000e+03,7.644804099982138723e-06
4.792000000000000000e+03,7.642154741915874183e-06
4.793000000000000000e+03,7.640685907972510904e-06
4.794000000000000000e+03,7.638504030182957649e-06
4.795000000000000000e+03,7.634724170202389359e-06
4.796000000000000000e+03,7.629902938788291067e-06
4.797000000000000000e+03,7.634296707692556083e-06
4.798000000000000000e+03,7.627749255334492773e-06
4.799000000000000000e+03,7.625173566339071840e-06
4.800000000000000000e+03,7.623774763487745076e-06
4.801000000000000000e+03,7.622328212164575234e-06
4.802000000000000000e+03,7.620149972353829071e-06
4.803000000000000000e+03,7.617986284458311275e-06
4.804000000000000000e+03,7.615724371135002002e-06
4.805000000000000000e+03,7.613278739881934598e-06
4.806000000000000000e+03,7.610171451233327389e-06
4.807000000000000000e+03,7.610605734953423962e-06
4.808000000000000000e+03,7.608394298586063087e-06
4.809000000000000000e+03,7.606568942719604820e-06
4.810000000000000000e+03,7.608464329678099602e-06
4.811000000000000000e+03,7.605112386954715475e-06
4.812000000000000000e+03,7.603926860610954463e-06
4.813000000000000000e+03,7.601475772389676422e-06
4.814000000000000000e+03,7.596270734211429954e-06
4.815000000000000000e+03,7.590130735479760915e-06
4.816000000000000000e+03,7.587166237499332055e-06
4.817000000000000000e+03,7.583610567962750793e-06
4.818000000000000000e+03,7.581335921713616699e-06
4.819000000000000000e+03,7.579924385936465114e-06
4.820000000000000000e+03,7.577824817417422310e-06
4.821000000000000000e+03,7.574833034595940262e-06
4.822000000000000000e+03,7.569416084152180701e-06
4.823000000000000000e+03,7.568915407318854704e-06
4.824000000000000000e+03,7.566025033156620339e-06
4.825000000000000000e+03,7.561106940556783229e-06
4.826000000000000000e+03,7.557506705779815093e-06
4.827000000000000000e+03,7.554049261671025306e-06
4.828000000000000000e+03,7.552109764219494537e-06
4.829000000000000000e+03,7.548608664365019649e-06
4.830000000000000000e+03,7.547277164121624082e-06
4.831000000000000000e+03,7.545545486209448427e-06
4.832000000000000000e+03,7.543780611740658060e-06
4.833000000000000000e+03,7.539135367551352829e-06
4.834000000000000000e+03,7.568291493953438476e-06
4.835000000000000000e+03,7.538363206549547613e-06
4.836000000000000000e+03,7.535562872362788767e-06
4.837000000000000000e+03,7.534089490945916623e-06
4.838000000000000000e+03,7.533271400461671874e-06
4.839000000000000000e+03,7.532196377724176273e-06
4.840000000000000000e+03,7.530873972427798435e-06
4.841000000000000000e+03,7.529715276177739725e-06
4.842000000000000000e+03,7.528037713200319558e-06
4.843000000000000000e+03,7.525491582782706246e-06
4.844000000000000000e+03,7.532599738624412566e-06
4.845000000000000000e+03,7.524722605012357235e-06
4.846000000000000000e+03,7.522698524553561583e-06
4.847000000000000000e+03,7.520686722273239866e-06
4.848000000000000000e+03,7.518131951655959710e-06
4.849000000000000000e+03,7.522596206399612129e-06
4.850000000000000000e+03,7.517274298152187839e-06
4.851000000000000000e+03,7.515825473092263564e-06
4.852000000000000000e+03,7.513669061154359952e-06
4.853000000000000000e+03,7.511684088967740536e-06
4.854000000000000000e+03,7.508344424422830343e-06
4.855000000000000000e+03,7.509810529882088304e-06
4.856000000000000000e+03,7.506798283429816365e-06
4.857000000000000000e+03,7.505075700464658439e-06
4.858000000000000000e+03,7.504011591663584113e-06
4.859000000000000000e+03,7.502893367927754298e-06
4.860000000000000000e+03,7.501353138650301844e-06
4.861000000000000000e+03,7.498319519072538242e-06
4.862000000000000000e+03,7.503454980906099081e-06
4.863000000000000000e+03,7.496623766201082617e-06
4.864000000000000000e+03,7.493967586924554780e-06
4.865000000000000000e+03,7.491624273825436831e-06
4.866000000000000000e+03,7.490219104511197656e-06
4.867000000000000000e+03,7.488281880796421319e-06
4.868000000000000000e+03,7.493284556403523311e-06
4.869000000000000000e+03,7.487633865821408108e-06
4.870000000000000000e+03,7.485890364478109404e-06
4.871000000000000000e+03,7.483838544430909678e-06
4.872000000000000000e+03,7.481800821551587433e-06
4.873000000000000000e+03,7.479769919882528484e-06
4.874000000000000000e+03,7.478075531253125519e-06
4.875000000000000000e+03,7.475191523553803563e-06
4.876000000000000000e+03,7.475581242033513263e-06
4.877000000000000000e+03,7.473258847312536091e-06
4.878000000000000000e+03,7.471412573067937046e-06
4.879000000000000000e+03,7.468645435437792912e-06
4.880000000000000000e+03,7.467204341082833707e-06
4.881000000000000000e+03,7.464306236215634272e-06
4.882000000000000000e+03,7.461508175765629858e-06
4.883000000000000000e+03,7.459258995368145406e-06
4.884000000000000000e+03,7.454132173734251410e-06
4.885000000000000000e+03,7.450139491993468255e-06
4.886000000000000000e+03,7.445536539307795465e-06
4.887000000000000000e+03,7.442316473316168413e-06
4.888000000000000000e+03,7.447536063409643248e-06
4.889000000000000000e+03,7.440596618835115805e-06
4.890000000000000000e+03,7.438336524501210079e-06
4.891000000000000000e+03,7.436897703883005306e-06
4.892000000000000000e+03,7.434323379129637033e-06
4.893000000000000000e+03,7.431718586303759366e-06
4.894000000000000000e+03,7.426986940117785707e-06
4.895000000000000000e+03,7.452131740137701854e-06
4.896000000000000000e+03,7.425187504850327969e-06
4.897000000000000000e+03,7.422372618748340756e-06
4.898000000000000000e+03,7.419994290103204548e-06
4.899000000000000000e+03,7.419862413371447474e-06
4.900000000000000000e+03,7.419132998620625585e-06
4.901000000000000000e+03,7.417679626087192446e-06
4.902000000000000000e+03,7.414185802190331742e-06
4.903000000000000000e+03,7.411715614580316469e-06
4.904000000000000000e+03,7.409071258734911680e-06
4.905000000000000000e+03,7.406595159409334883e-06
4.906000000000000000e+03,7.403823929053032771e-06
4.907000000000000000e+03,7.400442882499191910e-06
4.908000000000000000e+03,7.397238732664845884e-06
4.909000000000000000e+03,7.405828000628389418e-06
4.910000000000000000e+03,7.395927696052240208e-06
4.911000000000000000e+03,7.392326551780570298e-06
4.912000000000000000e+03,7.390435257548233494e-06
4.913000000000000000e+03,7.388518952211597934e-06
4.914000000000000000e+03,7.386858669633511454e-06
4.915000000000000000e+03,7.386568086076295003e-06
4.916000000000000000e+03,7.383827778539853171e-06
4.917000000000000000e+03,7.382865078398026526e-06
4.918000000000000000e+03,7.381025170616339892e-06
4.919000000000000000e+03,7.378073860309086740e-06
4.920000000000000000e+03,7.377709607681026682e-06
4.921000000000000000e+03,7.373852440650807694e-06
4.922000000000000000e+03,7.372651907644467428e-06
4.923000000000000000e+03,7.370435469056246802e-06
4.924000000000000000e+03,7.368640581262297928e-06
4.925000000000000000e+03,7.366356385318795219e-06
4.926000000000000000e+03,7.365105830103857443e-06
4.927000000000000000e+03,7.364232260442804545e-06
4.928000000000000000e+03,7.363245003944030032e-06
4.929000000000000000e+03,7.360572908510221168e-06
4.930000000000000000e+03,7.360448762483429164e-06
4.931000000000000000e+03,7.359118626482086256e-06
4.932000000000000000e+03,7.357542017416562885e-06
4.933000000000000000e+03,7.355988145718583837e-06
4.934000000000000000e+03,7.355380148510448635e-06
4.935000000000000000e+03,7.354267836490180343e-06
4.936000000000000000e+03,7.352936336246784776e-06
4.937000000000000000e+03,7.351832209678832442e-06
4.938000000000000000e+03,7.349379302468150854e-06
4.939000000000000000e+03,7.349605311901541427e-06
4.940000000000000000e+03,7.347993687289999798e-06
4.941000000000000000e+03,7.345376161538297310e-06
4.942000000000000000e+03,7.343947800109162927e-06
4.943000000000000000e+03,7.342466687987325713e-06
4.944000000000000000e+03,7.340963293245295063e-06
4.945000000000000000e+03,7.340341653616633266e-06
4.946000000000000000e+03,7.337728220591088757e-06
4.947000000000000000e+03,7.336787348322104663e-06
4.948000000000000000e+03,7.336011549341492355e-06
4.949000000000000000e+03,7.335251666518161073e-06
4.950000000000000000e+03,7.333706435019848868e-06
4.951000000000000000e+03,7.331024335144320503e-06
4.952000000000000000e+03,7.330053904297528788e-06
4.953000000000000000e+03,7.326373633986804634e-06
4.954000000000000000e+03,7.325023489102022722e-06
4.955000000000000000e+03,7.325221758947009221e-06
4.956000000000000000e+03,7.324205398617777973e-06
4.957000000000000000e+03,7.323077170440228656e-06
4.958000000000000000e+03,7.321630619117058814e-06
4.959000000000000000e+03,7.319761152757564560e-06
4.960000000000000000e+03,7.317703420994803309e-06
4.961000000000000000e+03,7.314512004086282104e-06
4.962000000000000000e+03,7.313799869734793901e-06
4.963000000000000000e+03,7.310496130230603740e-06
4.964000000000000000e+03,7.309424290724564344e-06
4.965000000000000000e+03,7.307986834348412231e-06
4.966000000000000000e+03,7.305899998755194247e-06
4.967000000000000000e+03,7.302719950530445203e-06
4.968000000000000000e+03,7.300428478629328310e-06
4.969000000000000000e+03,7.299190201592864469e-06
4.970000000000000000e+03,7.297151569218840450e-06
4.971000000000000000e+03,7.295413979591103271e-06
4.972000000000000000e+03,7.293693670362699777e-06
4.973000000000000000e+03,7.292413101822603494e-06
4.974000000000000000e+03,7.288791948667494580e-06
4.975000000000000000e+03,7.283830655069323257e-06
4.976000000000000000e+03,7.280494173755869269e-06
4.977000000000000000e+03,7.277289114426821470e-06
4.978000000000000000e+03,7.275422831298783422e-06
4.979000000000000000e+03,7.273963092302437872e-06
4.980000000000000000e+03,7.270811693160794675e-06
4.981000000000000000e+03,7.268522040249081329e-06
4.982000000000000000e+03,7.265995463967556134e-06
4.983000000000000000e+03,7.264187843247782439e-06
4.984000000000000000e+03,7.262697181431576610e-06
4.985000000000000000e+03,7.260347956616897136e-06
4.986000000000000000e+03,7.257800461957231164e-06
4.987000000000000000e+03,7.255322543642250821e-06
4.988000000000000000e+03,7.254088814079295844e-06
4.989000000000000000e+03,7.253627700265496969e-06
4.990000000000000000e+03,7.251270289998501539e-06
4.991000000000000000e+03,7.250557246152311563e-06
4.992000000000000000e+03,7.249524514918448403e-06
4.993000000000000000e+03,7.247763278428465128e-06
4.994000000000000000e+03,7.247181201819330454e-06
4.995000000000000000e+03,7.244027983688283712e-06
4.996000000000000000e+03,7.242800165840890259e-06
4.997000000000000000e+03,7.240858849399955943e-06
4.998000000000000000e+03,7.238216767291305587e-06
4.999000000000000000e+03,7.239802016556495801e-06
5.000000000000000000e+03,7.236625151563202962e-06
5.001000000000000000e+03,7.234767053887480870e-06
5.002000000000000000e+03,7.233801625261548907e-06
5.003000000000000000e+03,7.231549716379959136e-06
5.004000000000000000e+03,7.229061338875908405e-06
5.005000000000000000e+03,7.226598881970858201e-06
5.006000000000000000e+03,7.223663487820886075e-06
5.007000000000000000e+03,7.221167379611870274e-06
5.008000000000000000e+03,7.220903626148356125e-06
5.009000000000000000e+03,7.217237453005509451e-06
5.010000000000000000e+03,7.215382083813892677e-06
5.011000000000000000e+03,7.214201104943640530e-06
5.012000000000000000e+03,7.212087439256720245e-06
5.013000000000000000e+03,7.217334314191248268e-06
5.014000000000000000e+03,7.210663170553743839e-06
5.015000000000000000e+03,7.207807811937527731e-06
5.016000000000000000e+03,7.206103418866405264e-06
5.017000000000000000e+03,7.204270332294981927e-06
5.018000000000000000e+03,7.202240794867975637e-06
5.019000000000000000e+03,7.200478194135939702e-06
5.020000000000000000e+03,7.199188985396176577e-06
5.021000000000000000e+03,7.197940249170642346e-06
5.022000000000000000e+03,7.197379545686999336e-06
5.023000000000000000e+03,7.195880243671126664e-06
5.024000000000000000e+03,7.194535555754555389e-06
5.025000000000000000e+03,7.193644250946817920e-06
5.026000000000000000e+03,7.192058092186925933e-06
5.027000000000000000e+03,7.189707503130193800e-06
5.028000000000000000e+03,7.186707989603746682e-06
5.029000000000000000e+03,7.184855803643586114e-06
5.030000000000000000e+03,7.182932677096687257e-06
5.031000000000000000e+03,7.180605734902201220e-06
5.032000000000000000e+03,7.178884061431745067e-06
5.033000000000000000e+03,7.173778158175991848e-06
5.034000000000000000e+03,7.171629931690404192e-06
5.035000000000000000e+03,7.169478976720711216e-06
5.036000000000000000e+03,7.167065177782205865e-06
5.037000000000000000e+03,7.167442163336090744e-06
5.038000000000000000e+03,7.164800081227440387e-06
5.039000000000000000e+03,7.161438588809687644e-06
5.040000000000000000e+03,7.158655535022262484e-06
5.041000000000000000e+03,7.156322226364864036e-06
5.042000000000000000e+03,7.154113973228959367e-06
5.043000000000000000e+03,7.152313173719448969e-06
5.044000000000000000e+03,7.148905751819256693e-06
5.045000000000000000e+03,7.147283668018644676e-06
5.046000000000000000e+03,7.148759777919622138e-06
5.047000000000000000e+03,7.146251846279483289e-06
5.048000000000000000e+03,7.144570190575905144e-06
5.049000000000000000e+03,7.142823960748501122e-06
5.050000000000000000e+03,7.140039087971672416e-06
5.051000000000000000e+03,7.137366992537863553e-06
5.052000000000000000e+03,7.136371095839422196e-06
5.053000000000000000e+03,7.132369319151621312e-06
5.054000000000000000e+03,7.131116035452578217e-06
5.055000000000000000e+03,7.129783170967129990e-06
5.056000000000000000e+03,7.128752713470021263e-06
5.057000000000000000e+03,7.129044661269290373e-06
5.058000000000000000e+03,7.127998742362251505e-06
5.059000000000000000e+03,7.126335731300059706e-06
5.060000000000000000e+03,7.124882813513977453e-06
5.061000000000000000e+03,7.123421255528228357e-06
5.062000000000000000e+03,7.121625458239577711e-06
5.063000000000000000e+03,7.117894256225554273e-06
5.064000000000000000e+03,7.114781965356087312e-06
5.065000000000000000e+03,7.114272648323094472e-06
5.066000000000000000e+03,7.110725164238829166e-06
5.067000000000000000e+03,7.109435046004364267e-06
5.068000000000000000e+03,7.106618795660324395e-06
5.069000000000000000e+03,7.104033102223183960e-06
5.070000000000000000e+03,7.100153652572771534e-06
5.071000000000000000e+03,7.093500244081951678e-06
5.072000000000000000e+03,7.094713510014116764e-06
5.073000000000000000e+03,7.089801329129841179e-06
5.074000000000000000e+03,7.086518508003791794e-06
5.075000000000000000e+03,7.083482159941922873e-06
5.076000000000000000e+03,7.081755938997957855e-06
5.077000000000000000e+03,7.079311671986943111e-06
5.078000000000000000e+03,7.076246220094617456e-06
5.079000000000000000e+03,7.075740541040431708e-06
5.080000000000000000e+03,7.071186701068654656e-06
5.081000000000000000e+03,7.069676939863711596e-06
5.082000000000000000e+03,7.068441846058703959e-06
5.083000000000000000e+03,7.067138540151063353e-06
5.084000000000000000e+03,7.064709279802627861e-06
5.085000000000000000e+03,7.075855137372855097e-06
5.086000000000000000e+03,7.063689736241940409e-06
5.087000000000000000e+03,7.061236374283907935e-06
5.088000000000000000e+03,7.057392394926864654e-06
5.089000000000000000e+03,7.053426088532432914e-06
5.090000000000000000e+03,7.050996373436646536e-06
5.091000000000000000e+03,7.049897249089553952e-06
5.092000000000000000e+03,7.047633062029490247e-06
5.093000000000000000e+03,7.046566679491661489e-06
5.094000000000000000e+03,7.044950962153961882e-06
5.095000000000000000e+03,7.043820460239658132e-06
5.096000000000000000e+03,7.042257493594661355e-06
5.097000000000000000e+03,7.040570835670223460e-06
5.098000000000000000e+03,7.039077445369912311e-06
5.099000000000000000e+03,7.037881005089730024e-06
5.100000000000000000e+03,7.036775514279725030e-06
5.101000000000000000e+03,7.035294402157887816e-06
5.102000000000000000e+03,7.033801921352278441e-06
5.103000000000000000e+03,7.032734174572397023e-06
5.104000000000000000e+03,7.031236691545927897e-06
5.105000000000000000e+03,7.030057076917728409e-06
5.106000000000000000e+03,7.027718311292119324e-06
5.107000000000000000e+03,7.025735158094903454e-06
5.108000000000000000e+03,7.023550551821244881e-06
5.109000000000000000e+03,7.020852081041084602e-06
5.110000000000000000e+03,7.026805178611539304e-06
5.111000000000000000e+03,7.019414624664932489e-06
5.112000000000000000e+03,7.016609743004664779e-06
5.113000000000000000e+03,7.015155915723880753e-06
5.114000000000000000e+03,7.013497452135197818e-06
5.115000000000000000e+03,7.011640263954177499e-06
5.116000000000000000e+03,7.009096407273318619e-06
5.117000000000000000e+03,7.004785402386914939e-06
5.118000000000000000e+03,7.001063295319909230e-06
5.119000000000000000e+03,7.020278189884265885e-06
5.120000000000000000e+03,6.999982815614202991e-06
5.121000000000000000e+03,6.997786385909421369e-06
5.122000000000000000e+03,6.996338015596847981e-06
5.123000000000000000e+03,6.994210252742050216e-06
5.124000000000000000e+03,6.991367172304308042e-06
5.125000000000000000e+03,6.989412213442847133e-06
5.126000000000000000e+03,6.987756478338269517e-06
5.127000000000000000e+03,6.984088486206019297e-06
5.128000000000000000e+03,6.983354523981688544e-06
5.129000000000000000e+03,6.977824341447558254e-06
5.130000000000000000e+03,6.975601536396425217e-06
5.131000000000000000e+03,6.972995379328494892e-06
5.132000000000000000e+03,6.970474714762531221e-06
5.133000000000000000e+03,6.966940418351441622e-06
5.134000000000000000e+03,6.981031674513360485e-06
5.135000000000000000e+03,6.965242391743231565e-06
5.136000000000000000e+03,6.963174200791399926e-06
5.137000000000000000e+03,6.961368853808380663e-06
5.138000000000000000e+03,6.960655809962190688e-06
5.139000000000000000e+03,6.958952326385769993e-06
5.140000000000000000e+03,6.956988727324642241e-06
5.141000000000000000e+03,6.955546268727630377e-06
5.142000000000000000e+03,6.953193405934143811e-06
5.143000000000000000e+03,6.964240128581877798e-06
5.144000000000000000e+03,6.952179319341666996e-06
5.145000000000000000e+03,6.949409907974768430e-06
5.146000000000000000e+03,6.946615940250921994e-06
5.147000000000000000e+03,6.943449534446699545e-06
5.148000000000000000e+03,6.940305866010021418e-06
5.149000000000000000e+03,6.942117124708602205e-06
5.150000000000000000e+03,6.938102615094976500e-06
5.151000000000000000e+03,6.934166776773054153e-06
5.152000000000000000e+03,6.931727966730250046e-06
5.153000000000000000e+03,6.929720711923437193e-06
5.154000000000000000e+03,6.927478352736216038e-06
5.155000000000000000e+03,6.924882654857356101e-06
5.156000000000000000e+03,6.920906344021204859e-06
5.157000000000000000e+03,6.919175575603730977e-06
5.158000000000000000e+03,6.918216513440711424e-06
5.159000000000000000e+03,6.917267910466762260e-06
5.160000000000000000e+03,6.915835911058820784e-06
5.161000000000000000e+03,6.913593551871599630e-06
5.162000000000000000e+03,6.912178378115640953e-06
5.163000000000000000e+03,6.910484444233588874e-06
5.164000000000000000e+03,6.908914656378328800e-06
5.165000000000000000e+03,6.905836016812827438e-06
5.166000000000000000e+03,6.902430868649389595e-06
5.167000000000000000e+03,6.899523214087821543e-06
5.168000000000000000e+03,6.897164894326124340e-06
5.169000000000000000e+03,6.895147180330241099e-06
5.170000000000000000e+03,6.893048976053250954e-06
5.171000000000000000e+03,6.891139037179527804e-06
5.172000000000000000e+03,6.888888947287341580e-06
5.173000000000000000e+03,6.887403742439346388e-06
5.174000000000000000e+03,6.886465143907116726e-06
5.175000000000000000e+03,6.884531103423796594e-06
5.176000000000000000e+03,6.883958121761679649e-06
5.177000000000000000e+03,6.881903118483023718e-06
5.178000000000000000e+03,6.880897217342862859e-06
5.179000000000000000e+03,6.879417469463078305e-06
5.180000000000000000e+03,6.876970928715309128e-06
5.181000000000000000e+03,6.874671726109227166e-06
5.182000000000000000e+03,6.871627192595042288e-06
5.183000000000000000e+03,6.869624030514387414e-06
5.184000000000000000e+03,6.870827292004832998e-06
5.185000000000000000e+03,6.868214768473990262e-06
5.186000000000000000e+03,6.866246621939353645e-06
5.187000000000000000e+03,6.865041086712153628e-06
5.188000000000000000e+03,6.862624104542192072e-06
5.189000000000000000e+03,6.860421763121848926e-06
5.190000000000000000e+03,6.872182893857825547e-06
5.191000000000000000e+03,6.859302629891317338e-06
5.192000000000000000e+03,6.856130767118884251e-06
5.193000000000000000e+03,6.853841114207170904e-06
5.194000000000000000e+03,6.851471425761701539e-06
5.195000000000000000e+03,6.849348665127763525e-06
5.196000000000000000e+03,6.848365046607796103e-06
5.197000000000000000e+03,6.846243195468559861e-06
5.198000000000000000e+03,6.844450581411365420e-06
5.199000000000000000e+03,6.847543318144744262e-06
5.200000000000000000e+03,6.843503342679468915e-06
5.201000000000000000e+03,6.841690264991484582e-06
5.202000000000000000e+03,6.840619334980146959e-06
5.203000000000000000e+03,6.837316050223307684e-06
5.204000000000000000e+03,6.834050964243942872e-06
5.205000000000000000e+03,6.832461167505243793e-06
5.206000000000000000e+03,6.830636266386136413e-06
5.207000000000000000e+03,6.829675839981064200e-06
5.208000000000000000e+03,6.828755886090220883e-06
5.209000000000000000e+03,6.826991011621430516e-06
5.210000000000000000e+03,6.825314358138712123e-06
5.211000000000000000e+03,6.823000148870050907e-06
5.212000000000000000e+03,6.821066108386730775e-06
5.213000000000000000e+03,6.819391273893415928e-06
5.214000000000000000e+03,6.816664154030149803e-06
5.215000000000000000e+03,6.814383141318103299e-06
5.216000000000000000e+03,6.810434115323005244e-06
5.217000000000000000e+03,6.808242233091732487e-06
5.218000000000000000e+03,6.806355941080255434e-06
5.219000000000000000e+03,6.805127213738160208e-06
5.220000000000000000e+03,6.803107226005522534e-06
5.221000000000000000e+03,6.800463779654819518e-06
5.222000000000000000e+03,6.798513368266867474e-06
5.223000000000000000e+03,6.794904038542881608e-06
5.224000000000000000e+03,6.795693934691371396e-06
5.225000000000000000e+03,6.792658496124204248e-06
5.226000000000000000e+03,6.788338851038133726e-06
5.227000000000000000e+03,6.786463927710428834e-06
5.228000000000000000e+03,6.784177458030171692e-06
5.229000000000000000e+03,6.783507160434965044e-06
5.230000000000000000e+03,6.780764579161768779e-06
5.231000000000000000e+03,6.778680472052656114e-06
5.232000000000000000e+03,6.777009275538148358e-06
5.233000000000000000e+03,6.775817382731474936e-06
5.234000000000000000e+03,6.776207101211184636e-06
5.235000000000000000e+03,6.775137080694548786e-06
5.236000000000000000e+03,6.773863788112066686e-06
5.237000000000000000e+03,6.772723736503394321e-06
5.238000000000000000e+03,6.771103926439536735e-06
5.239000000000000000e+03,6.768721505068242550e-06
5.240000000000000000e+03,6.768804723833454773e-06
5.241000000000000000e+03,6.767277227481827140e-06
5.242000000000000000e+03,6.765456419088877738e-06
5.243000000000000000e+03,6.764013960491865873e-06
5.244000000000000000e+03,6.762353223166428506e-06
5.245000000000000000e+03,6.761087661288911477e-06
5.246000000000000000e+03,6.759355073882034048e-06
5.247000000000000000e+03,6.758457402611384168e-06
5.248000000000000000e+03,6.756105904059950262e-06
5.249000000000000000e+03,6.755341019015759230e-06
5.250000000000000000e+03,6.754693458788096905e-06
5.251000000000000000e+03,6.753993147867731750e-06
5.252000000000000000e+03,6.753448360541369766e-06
5.253000000000000000e+03,6.752893114025937393e-06
5.254000000000000000e+03,6.752169156243326142e-06
5.255000000000000000e+03,6.750608918082434684e-06
5.256000000000000000e+03,6.752789886377286166e-06
5.257000000000000000e+03,6.749840849806787446e-06
5.258000000000000000e+03,6.748927262378856540e-06
5.259000000000000000e+03,6.747944553353590891e-06
5.260000000000000000e+03,6.747282441210700199e-06
5.261000000000000000e+03,6.745424798282328993e-06
5.262000000000000000e+03,6.742720415786607191e-06
5.263000000000000000e+03,6.745888185832882300e-06
5.264000000000000000e+03,6.741388915543211624e-06
5.265000000000000000e+03,6.738841420883545652e-06
5.266000000000000000e+03,6.737594503647414967e-06
5.267000000000000000e+03,6.737039257131982595e-06
5.268000000000000000e+03,6.735928309353766963e-06
5.269000000000000000e+03,6.734972430422203615e-06
5.270000000000000000e+03,6.733025657013058662e-06
5.271000000000000000e+03,6.730911991326138377e-06
5.272000000000000000e+03,6.728342214046278968e-06
5.273000000000000000e+03,6.725776074745226651e-06
5.274000000000000000e+03,6.724300419591600075e-06
5.275000000000000000e+03,6.722710168105550110e-06
5.276000000000000000e+03,6.721261343045625836e-06
5.277000000000000000e+03,6.725835646648192778e-06
5.278000000000000000e+03,6.720121291436953470e-06
5.279000000000000000e+03,6.717135875078383833e-06
5.280000000000000000e+03,6.714290520903887227e-06
5.281000000000000000e+03,6.710874913551378995e-06
5.282000000000000000e+03,6.707822649332229048e-06
5.283000000000000000e+03,6.704995030304417014e-06
5.284000000000000000e+03,6.703591225232230499e-06
5.285000000000000000e+03,6.702116934320656583e-06
5.286000000000000000e+03,6.699359346384881064e-06
5.287000000000000000e+03,6.696710897813318297e-06
5.288000000000000000e+03,6.693909199384506792e-06
5.289000000000000000e+03,6.692316219414351508e-06
5.290000000000000000e+03,6.690696409350493923e-06
5.291000000000000000e+03,6.688864687021123245e-06
5.292000000000000000e+03,6.688774192298296839e-06
5.293000000000000000e+03,6.687263976346002892e-06
5.294000000000000000e+03,6.684269010293064639e-06
5.295000000000000000e+03,6.682929324597353116e-06
5.296000000000000000e+03,6.681794729956891388e-06
5.297000000000000000e+03,6.680377737211529166e-06
5.298000000000000000e+03,6.680070782749680802e-06
5.299000000000000000e+03,6.676983957731863484e-06
5.300000000000000000e+03,6.676295470242621377e-06
5.301000000000000000e+03,6.675606982753379270e-06
5.302000000000000000e+03,6.674563337583094835e-06
5.303000000000000000e+03,6.672899417026201263e-06
5.304000000000000000e+03,6.670831226074369624e-06
5.305000000000000000e+03,6.670405127806589007e-06
5.306000000000000000e+03,6.667633897450286895e-06
5.307000000000000000e+03,6.666735771432286128e-06
5.308000000000000000e+03,6.665292403340572491e-06
5.309000000000000000e+03,6.664226020802743733e-06
5.310000000000000000e+03,6.663181466137757525e-06
5.311000000000000000e+03,6.661011411779327318e-06
5.312000000000000000e+03,6.659911377937532961e-06
5.313000000000000000e+03,6.658345682808430865e-06
5.314000000000000000e+03,6.657459380221553147e-06
5.315000000000000000e+03,6.656055120402015746e-06
5.316000000000000000e+03,6.654415301454719156e-06
5.317000000000000000e+03,6.650780051131732762e-06
5.318000000000000000e+03,6.650212981185177341e-06
5.319000000000000000e+03,6.646438123425468802e-06
5.320000000000000000e+03,6.645050689257914200e-06
5.321000000000000000e+03,6.643924280069768429e-06
5.322000000000000000e+03,6.642515018029371276e-06
5.323000000000000000e+03,6.641168965870747343e-06
5.324000000000000000e+03,6.639405910391360521e-06
5.325000000000000000e+03,6.638070772169157863e-06
5.326000000000000000e+03,6.636422767769545317e-06
5.327000000000000000e+03,6.634808414673898369e-06
5.328000000000000000e+03,6.631242285948246717e-06
5.329000000000000000e+03,6.629064500884851441e-06
5.330000000000000000e+03,6.625971309404121712e-06
5.331000000000000000e+03,6.624160050705540925e-06
5.332000000000000000e+03,6.622820365009829402e-06
5.333000000000000000e+03,6.621414286200888455e-06
5.334000000000000000e+03,6.620110525545896962e-06
5.335000000000000000e+03,6.618291990889701992e-06
5.336000000000000000e+03,6.618859060836257413e-06
5.337000000000000000e+03,6.617431154154473916e-06
5.338000000000000000e+03,6.616179689444834366e-06
5.339000000000000000e+03,6.613657660636818036e-06
5.340000000000000000e+03,6.610486707359086722e-06
5.341000000000000000e+03,6.605294402106665075e-06
5.342000000000000000e+03,6.627150014537619427e-06
5.343000000000000000e+03,6.603944257221883163e-06
5.344000000000000000e+03,6.599408607144141570e-06
5.345000000000000000e+03,6.596337243536254391e-06
5.346000000000000000e+03,6.592832505702972412e-06
5.347000000000000000e+03,6.589677923329873011e-06
5.348000000000000000e+03,6.587900315935257822e-06
5.349000000000000000e+03,6.583953108929563314e-06
5.350000000000000000e+03,6.581907200597925112e-06
5.351000000000000000e+03,6.580205081263557076e-06
5.352000000000000000e+03,6.576256510015809909e-06
5.353000000000000000e+03,6.578780812560580671e-06
5.354000000000000000e+03,6.574171948159346357e-06
5.355000000000000000e+03,6.571050562342861667e-06
5.356000000000000000e+03,6.570644018211169168e-06
5.357000000000000000e+03,6.569358902197564021e-06
5.358000000000000000e+03,6.568393018824281171e-06
5.359000000000000000e+03,6.566871888935565948e-06
5.360000000000000000e+03,6.564629075000993907e-06
5.361000000000000000e+03,6.581833076779730618e-06
5.362000000000000000e+03,6.564057002833578736e-06
5.363000000000000000e+03,6.561735972354654223e-06
5.364000000000000000e+03,6.559745997947175056e-06
5.365000000000000000e+03,6.557260348927229643e-06
5.366000000000000000e+03,6.554555056936806068e-06
5.367000000000000000e+03,6.556326297868508846e-06
5.368000000000000000e+03,6.552511422341922298e-06
5.369000000000000000e+03,6.550283160322578624e-06
5.370000000000000000e+03,6.548606506839860231e-06
5.371000000000000000e+03,6.547583780047716573e-06
5.372000000000000000e+03,6.545977157657034695e-06
5.373000000000000000e+03,6.544894858961924911e-06
5.374000000000000000e+03,6.544166808453155681e-06
5.375000000000000000e+03,6.542737082781968638e-06
5.376000000000000000e+03,6.539954028994543478e-06
5.377000000000000000e+03,6.542816208821022883e-06
5.378000000000000000e+03,6.538610250572673976e-06
5.379000000000000000e+03,6.535619377245893702e-06
5.380000000000000000e+03,6.533242867590161040e-06
5.381000000000000000e+03,6.531799044751096517e-06
5.382000000000000000e+03,6.530197879328625277e-06
5.383000000000000000e+03,6.527249297505477443e-06
5.384000000000000000e+03,6.535746706504141912e-06
5.385000000000000000e+03,6.525870958284940571e-06
5.386000000000000000e+03,6.523027877847198397e-06
5.387000000000000000e+03,6.521130217151949182e-06
5.388000000000000000e+03,6.519816906802589074e-06
5.389000000000000000e+03,6.518661848531337455e-06
5.390000000000000000e+03,6.517065230582375079e-06
5.391000000000000000e+03,6.515476798085728660e-06
5.392000000000000000e+03,6.513591870316304266e-06
5.393000000000000000e+03,6.510657840408384800e-06
5.394000000000000000e+03,6.512583695439388976e-06
5.395000000000000000e+03,6.509083505079615861e-06
5.396000000000000000e+03,6.506801582872867584e-06
5.397000000000000000e+03,6.504930752271320671e-06
5.398000000000000000e+03,6.503684289782540873e-06
5.399000000000000000e+03,6.502395990537479520e-06
5.400000000000000000e+03,6.500119070551590994e-06
5.401000000000000000e+03,6.498441052826819941e-06
5.402000000000000000e+03,6.497340109490323812e-06
5.403000000000000000e+03,6.494836725323693827e-06
5.404000000000000000e+03,6.490051873697666451e-06
5.405000000000000000e+03,6.488421604444738477e-06
5.406000000000000000e+03,6.483827746706083417e-06
5.407000000000000000e+03,6.482539902208372951e-06
5.408000000000000000e+03,6.480972388089867309e-06
5.409000000000000000e+03,6.478250725194811821e-06
5.410000000000000000e+03,6.476363523688632995e-06
5.411000000000000000e+03,6.474173915194114670e-06
5.412000000000000000e+03,6.473534540418768302e-06
5.413000000000000000e+03,6.473071152868214995e-06
5.414000000000000000e+03,6.471481810876866803e-06
5.415000000000000000e+03,6.470610969699919224e-06
5.416000000000000000e+03,6.468889296229463071e-06
5.417000000000000000e+03,6.468219908128958195e-06
5.418000000000000000e+03,6.467697858170140535e-06
5.419000000000000000e+03,6.467239472840446979e-06
5.420000000000000000e+03,6.465756086981855333e-06
5.421000000000000000e+03,6.463406862167175859e-06
5.422000000000000000e+03,6.461912562372162938e-06
5.423000000000000000e+03,6.461879820562899113e-06
5.424000000000000000e+03,6.461253633460728452e-06
5.425000000000000000e+03,6.460279109887778759e-06
5.426000000000000000e+03,6.458976258727489039e-06
5.427000000000000000e+03,6.457321433117613196e-06
5.428000000000000000e+03,6.454784397647017613e-06
5.429000000000000000e+03,6.456912160501815379e-06
5.430000000000000000e+03,6.453200967371230945e-06
5.431000000000000000e+03,6.451196441048523411e-06
5.432000000000000000e+03,6.449088232329813763e-06
5.433000000000000000e+03,6.446710358432028443e-06
5.434000000000000000e+03,6.443839538405882195e-06
5.435000000000000000e+03,6.451085027947556227e-06
5.436000000000000000e+03,6.442562607844593003e-06
5.437000000000000000e+03,6.441217010433319956e-06
5.438000000000000000e+03,6.439089702325873077e-06
5.439000000000000000e+03,6.437302545236889273e-06
5.440000000000000000e+03,6.434966508095385507e-06
5.441000000000000000e+03,6.433253020077245310e-06
5.442000000000000000e+03,6.431696419895160943e-06
5.443000000000000000e+03,6.430392659240169451e-06
5.444000000000000000e+03,6.429341283364919946e-06
5.445000000000000000e+03,6.427966582123190165e-06
5.446000000000000000e+03,6.426203071896452457e-06
5.447000000000000000e+03,6.425058927561622113e-06
5.448000000000000000e+03,6.422756541724083945e-06
5.449000000000000000e+03,6.420769750548060983e-06
5.450000000000000000e+03,6.430977464333409443e-06
5.451000000000000000e+03,6.419800229195971042e-06
5.452000000000000000e+03,6.417039003281388432e-06
5.453000000000000000e+03,6.415882580768084154e-06
5.454000000000000000e+03,6.413591108866967261e-06
5.455000000000000000e+03,6.410980404325528070e-06
5.456000000000000000e+03,6.422241767722880468e-06
5.457000000000000000e+03,6.409919478755909950e-06
5.458000000000000000e+03,6.407833097910042852e-06
5.459000000000000000e+03,6.406296051864046603e-06
5.460000000000000000e+03,6.404144187399651855e-06
5.461000000000000000e+03,6.401355676644016057e-06
5.462000000000000000e+03,6.400048732757568359e-06
5.463000000000000000e+03,6.397061042662244290e-06
5.464000000000000000e+03,6.396040134859504178e-06
5.465000000000000000e+03,6.394448064384050667e-06
5.466000000000000000e+03,6.392391242115991190e-06
5.467000000000000000e+03,6.390963335434207693e-06
5.468000000000000000e+03,6.388665951817529276e-06
5.469000000000000000e+03,6.387551820807857439e-06
5.470000000000000000e+03,6.385042524925665930e-06
5.471000000000000000e+03,6.382615993061335757e-06
5.472000000000000000e+03,6.408005901903379709e-06
5.473000000000000000e+03,6.381918410625075921e-06
5.474000000000000000e+03,6.379683327395468950e-06
5.475000000000000000e+03,6.378153102559735999e-06
5.476000000000000000e+03,6.376717919920338318e-06
5.477000000000000000e+03,6.374938948283670470e-06
5.478000000000000000e+03,6.373442829499254003e-06
5.479000000000000000e+03,6.370724804583005607e-06
5.480000000000000000e+03,6.368537924572592601e-06
5.481000000000000000e+03,6.367292371578514576e-06
5.482000000000000000e+03,6.365078661474399269e-06
5.483000000000000000e+03,6.363884949678322300e-06
5.484000000000000000e+03,6.363326519931433722e-06
5.485000000000000000e+03,6.362679414451122284e-06
5.486000000000000000e+03,6.360907718772068620e-06
5.487000000000000000e+03,6.358076007018098608e-06
5.488000000000000000e+03,6.356100584525847808e-06
5.489000000000000000e+03,6.353627213684376329e-06
5.490000000000000000e+03,6.352213858917821199e-06
5.491000000000000000e+03,6.350653620756929740e-06
5.492000000000000000e+03,6.357108759402763098e-06
5.493000000000000000e+03,6.349561317620100453e-06
5.494000000000000000e+03,6.347209364321315661e-06
5.495000000000000000e+03,6.345798283291514963e-06
5.496000000000000000e+03,6.342903361655771732e-06
5.497000000000000000e+03,6.346575901261530817e-06
5.498000000000000000e+03,6.341802873066626489e-06
5.499000000000000000e+03,6.339339961414225399e-06
5.500000000000000000e+03,6.336875230772420764e-06
5.501000000000000000e+03,6.334498721116688102e-06
5.502000000000000000e+03,6.332075372483814135e-06
5.503000000000000000e+03,6.332328212010907009e-06
5.504000000000000000e+03,6.331151780614163727e-06
5.505000000000000000e+03,6.329458756226813421e-06
5.506000000000000000e+03,6.328138169919839129e-06
5.507000000000000000e+03,6.325984031718689948e-06
5.508000000000000000e+03,6.329660209303256124e-06
5.509000000000000000e+03,6.325429694697959349e-06
5.510000000000000000e+03,6.324166861304547638e-06
5.511000000000000000e+03,6.322945864667417482e-06
5.512000000000000000e+03,6.321312412183033302e-06
5.513000000000000000e+03,6.319364729279186577e-06
5.514000000000000000e+03,6.331746135401772335e-06
5.515000000000000000e+03,6.318622126855188981e-06
5.516000000000000000e+03,6.316598501143744215e-06
5.517000000000000000e+03,6.314810889307409525e-06
5.518000000000000000e+03,6.312393452390097082e-06
5.519000000000000000e+03,6.309785021585412323e-06
5.520000000000000000e+03,6.313657650025561452e-06
5.521000000000000000e+03,6.308670435828389600e-06
5.522000000000000000e+03,6.306391242105746642e-06
5.523000000000000000e+03,6.305390797933796421e-06
5.524000000000000000e+03,6.304313956206897274e-06
5.525000000000000000e+03,6.303040663624415174e-06
5.526000000000000000e+03,6.302244855760363862e-06
5.527000000000000000e+03,6.301514986262191087e-06
5.528000000000000000e+03,6.301063876890111715e-06
5.529000000000000000e+03,6.300285349425394088e-06
5.530000000000000000e+03,6.298472726484760642e-06
5.531000000000000000e+03,6.304548605839954689e-06
5.532000000000000000e+03,6.298103016888489947e-06
5.533000000000000000e+03,6.296749234024900943e-06
5.534000000000000000e+03,6.295173079706728458e-06
5.535000000000000000e+03,6.294742888712789863e-06
5.536000000000000000e+03,6.293962087511317804e-06
5.537000000000000000e+03,6.293448677752166986e-06
5.538000000000000000e+03,6.292435500654391944e-06
5.539000000000000000e+03,6.290481906034983695e-06
5.540000000000000000e+03,6.317905445030191913e-06
5.541000000000000000e+03,6.290202691161539406e-06
5.542000000000000000e+03,6.288591976044699550e-06
5.543000000000000000e+03,6.287602900556521490e-06
5.544000000000000000e+03,6.286728421400766820e-06
5.545000000000000000e+03,6.285696599661605433e-06
5.546000000000000000e+03,6.284784376475727186e-06
5.547000000000000000e+03,6.282713911787141114e-06
5.548000000000000000e+03,6.281770765781402588e-06
5.549000000000000000e+03,6.279603439907077700e-06
5.550000000000000000e+03,6.278373348322929814e-06
5.551000000000000000e+03,6.275802206801017746e-06
5.552000000000000000e+03,6.274206043599406257e-06
5.553000000000000000e+03,6.272292011999525130e-06
5.554000000000000000e+03,6.270878202485619113e-06
5.555000000000000000e+03,6.268504876061342657e-06
5.556000000000000000e+03,6.269836376304738224e-06
5.557000000000000000e+03,6.267866410780698061e-06
5.558000000000000000e+03,6.266267064347630367e-06
5.559000000000000000e+03,6.264870080485707149e-06
5.560000000000000000e+03,6.263237537496024743e-06
5.561000000000000000e+03,6.261268936214037240e-06
5.562000000000000000e+03,6.260116606426890939e-06
5.563000000000000000e+03,6.257124823605408892e-06
5.564000000000000000e+03,6.256012511585140601e-06
5.565000000000000000e+03,6.254784693737747148e-06
5.566000000000000000e+03,6.254862455534748733e-06
5.567000000000000000e+03,6.254395884752739221e-06
5.568000000000000000e+03,6.253380433918209746e-06
5.569000000000000000e+03,6.251762897591106594e-06
5.570000000000000000e+03,6.250319074752042070e-06
5.571000000000000000e+03,6.247832061490043998e-06
5.572000000000000000e+03,6.251437753235222772e-06
5.573000000000000000e+03,6.247024884942220524e-06
5.574000000000000000e+03,6.244667474675225094e-06
5.575000000000000000e+03,6.242923973331926391e-06
5.576000000000000000e+03,6.240219590836204588e-06
5.577000000000000000e+03,6.237079105630982667e-06
5.578000000000000000e+03,6.249036687222542241e-06
5.579000000000000000e+03,6.236150056793121621e-06
5.580000000000000000e+03,6.232823579921387136e-06
5.581000000000000000e+03,6.230693998077185825e-06
5.582000000000000000e+03,6.228344773262506351e-06
5.583000000000000000e+03,6.226051027624635026e-06
5.584000000000000000e+03,6.235847649804782122e-06
5.585000000000000000e+03,6.224866410775575787e-06
5.586000000000000000e+03,6.222042429726570845e-06
5.587000000000000000e+03,6.219500846782466397e-06
5.588000000000000000e+03,6.217990176082821563e-06
5.589000000000000000e+03,6.216550445969915017e-06
5.590000000000000000e+03,6.215217581484466791e-06
5.591000000000000000e+03,6.214077984623145312e-06
5.592000000000000000e+03,6.212982498254859820e-06
5.593000000000000000e+03,6.211041636561276391e-06
5.594000000000000000e+03,6.208792456163791940e-06
5.595000000000000000e+03,6.210017090779729187e-06
5.596000000000000000e+03,6.207621936482610181e-06
5.597000000000000000e+03,6.206634679983835667e-06
5.598000000000000000e+03,6.205370027601020411e-06
5.599000000000000000e+03,6.204621513461461291e-06
5.600000000000000000e+03,6.204968030942836776e-06
5.601000000000000000e+03,6.204171313584083691e-06
5.602000000000000000e+03,6.203615157573949546e-06
5.603000000000000000e+03,6.202577878866577521e-06
5.604000000000000000e+03,6.201886208145879209e-06
5.605000000000000000e+03,6.200471034389920533e-06
5.606000000000000000e+03,6.198074061103397980e-06
5.607000000000000000e+03,6.254527761484496295e-06
5.608000000000000000e+03,6.197446509759174660e-06
5.609000000000000000e+03,6.194713023432996124e-06
5.610000000000000000e+03,6.192678938532480970e-06
5.611000000000000000e+03,6.189841769810300320e-06
5.612000000000000000e+03,6.187666713231010363e-06
5.613000000000000000e+03,6.184141511766938493e-06
5.614000000000000000e+03,6.182106517371721566e-06
5.615000000000000000e+03,6.180811851663747802e-06
5.616000000000000000e+03,6.180076525197364390e-06
5.617000000000000000e+03,6.178890089358901605e-06
5.618000000000000000e+03,6.177166142151691020e-06
5.619000000000000000e+03,6.175254384288564324e-06
5.620000000000000000e+03,6.173145266075152904e-06
5.621000000000000000e+03,6.171800578158581629e-06
5.622000000000000000e+03,6.170418600959237665e-06
5.623000000000000000e+03,6.168621894175885245e-06
5.624000000000000000e+03,6.166581897559808567e-06
5.625000000000000000e+03,6.165186732687288895e-06
5.626000000000000000e+03,6.163783382362453267e-06
5.627000000000000000e+03,6.162306817714124918e-06
5.628000000000000000e+03,6.160394605103647336e-06
5.629000000000000000e+03,6.158967153169214725e-06
5.630000000000000000e+03,6.157284133223583922e-06
5.631000000000000000e+03,6.159762506285915151e-06
5.632000000000000000e+03,6.156605650176061317e-06
5.633000000000000000e+03,6.155383744044229388e-06
5.634000000000000000e+03,6.154661150503670797e-06
5.635000000000000000e+03,6.153653430374106392e-06
5.636000000000000000e+03,6.152517926238942891e-06
5.637000000000000000e+03,6.155985374789452180e-06
5.638000000000000000e+03,6.151761226647067815e-06
5.639000000000000000e+03,6.149988621473312378e-06
5.640000000000000000e+03,6.147985914140008390e-06
5.641000000000000000e+03,6.146535270090680569e-06
5.642000000000000000e+03,6.145307452243287116e-06
5.643000000000000000e+03,6.144800863694399595e-06
5.644000000000000000e+03,6.143175596662331372e-06
5.645000000000000000e+03,6.142499842098914087e-06
5.646000000000000000e+03,6.141807716630864888e-06
5.647000000000000000e+03,6.140562618384137750e-06
5.648000000000000000e+03,6.139079687272896990e-06
5.649000000000000000e+03,6.137317541288211942e-06
5.650000000000000000e+03,6.136292995506664738e-06
5.651000000000000000e+03,6.135144758445676416e-06
5.652000000000000000e+03,6.133745046099647880e-06
5.653000000000000000e+03,6.132319413154618815e-06
5.654000000000000000e+03,6.130866495368536562e-06
5.655000000000000000e+03,6.130236215540207922e-06
5.656000000000000000e+03,6.129539087851298973e-06
5.657000000000000000e+03,6.128623226686613634e-06
5.658000000000000000e+03,6.127665528765646741e-06
5.659000000000000000e+03,6.126485459390096366e-06
5.660000000000000000e+03,6.125549134594621137e-06
5.661000000000000000e+03,6.124224455561488867e-06
5.662000000000000000e+03,6.123260391177609563e-06
5.663000000000000000e+03,6.123161711002467200e-06
5.664000000000000000e+03,6.121051683294354007e-06
5.665000000000000000e+03,6.119958925410173833e-06
5.666000000000000000e+03,6.118389137554913759e-06
5.667000000000000000e+03,6.116799795563565567e-06
5.668000000000000000e+03,6.114742973295506090e-06
5.669000000000000000e+03,6.112732080509886146e-06
5.670000000000000000e+03,6.111298716859892011e-06
5.671000000000000000e+03,6.109640708018559963e-06
5.672000000000000000e+03,6.108474281063536182e-06
5.673000000000000000e+03,6.107203716965159401e-06
5.674000000000000000e+03,6.105645752541022375e-06
5.675000000000000000e+03,6.104242856963537633e-06
5.676000000000000000e+03,6.101619419496273622e-06
5.677000000000000000e+03,6.100526661612093449e-06
5.678000000000000000e+03,6.098702669987687841e-06
5.679000000000000000e+03,6.097680852690245956e-06
5.680000000000000000e+03,6.096479864936554804e-06
5.681000000000000000e+03,6.094769560149870813e-06
5.682000000000000000e+03,6.092872808949323371e-06
5.683000000000000000e+03,6.091638624639017507e-06
5.684000000000000000e+03,6.090167971706250682e-06
5.685000000000000000e+03,6.088084774091839790e-06
5.686000000000000000e+03,6.087256224418524653e-06
5.687000000000000000e+03,6.084404049033764750e-06
5.688000000000000000e+03,6.083438620407832786e-06
5.689000000000000000e+03,6.081868832552572712e-06
5.690000000000000000e+03,6.080046205170219764e-06
5.691000000000000000e+03,6.079063041397603229e-06
5.692000000000000000e+03,6.077732905396260321e-06
5.693000000000000000e+03,6.077193575038108975e-06
5.694000000000000000e+03,6.076430508983321488e-06
5.695000000000000000e+03,6.074903467379044741e-06
5.696000000000000000e+03,6.074082648410694674e-06
5.697000000000000000e+03,6.072383257560431957e-06
5.698000000000000000e+03,6.071403731766622514e-06
5.699000000000000000e+03,6.070879862818401307e-06
5.700000000000000000e+03,6.070064046070910990e-06
5.701000000000000000e+03,6.068799848435446620e-06
5.702000000000000000e+03,6.068663878977531567e-06
5.703000000000000000e+03,6.067827143851900473e-06
5.704000000000000000e+03,6.066838977858424187e-06
5.705000000000000000e+03,6.065698926249751821e-06
5.706000000000000000e+03,6.064818990125786513e-06
5.707000000000000000e+03,6.064124590920982882e-06
5.708000000000000000e+03,6.062909051252063364e-06
5.709000000000000000e+03,6.062206466594943777e-06
5.710000000000000000e+03,6.061672593205003068e-06
5.711000000000000000e+03,6.061282874725293368e-06
5.712000000000000000e+03,6.060339728719554842e-06
5.713000000000000000e+03,6.059823135728947818e-06
5.714000000000000000e+03,6.059399311197921634e-06
5.715000000000000000e+03,6.058854978618910536e-06
5.716000000000000000e+03,6.057104656065348536e-06
5.717000000000000000e+03,6.056457550585037097e-06
5.718000000000000000e+03,6.054773621144704521e-06
5.719000000000000000e+03,6.053763627278385684e-06
5.720000000000000000e+03,6.051940999896032736e-06
5.721000000000000000e+03,6.053608103684382513e-06
5.722000000000000000e+03,6.051201580703491345e-06
5.723000000000000000e+03,6.049877356417709962e-06
5.724000000000000000e+03,6.047163878974970430e-06
5.725000000000000000e+03,6.045654572517378256e-06
5.726000000000000000e+03,6.043804660293972120e-06
5.727000000000000000e+03,6.042019322194391862e-06
5.728000000000000000e+03,6.040216703695477918e-06
5.729000000000000000e+03,6.038467290636617690e-06
5.730000000000000000e+03,6.036279955878853798e-06
5.731000000000000000e+03,6.033882527844980359e-06
5.732000000000000000e+03,6.032311830495018512e-06
5.733000000000000000e+03,6.030649274180177599e-06
5.734000000000000000e+03,6.029264568496728316e-06
5.735000000000000000e+03,6.029141786711988971e-06
5.736000000000000000e+03,6.028207735653268173e-06
5.737000000000000000e+03,6.026620212651323527e-06
5.738000000000000000e+03,6.025119091646047309e-06
5.739000000000000000e+03,6.022784873493947089e-06
5.740000000000000000e+03,6.020636192261008546e-06
5.741000000000000000e+03,6.016552106302697212e-06
5.742000000000000000e+03,6.012924586684675887e-06
5.743000000000000000e+03,6.009927346894983202e-06
5.744000000000000000e+03,6.007833690091501921e-06
5.745000000000000000e+03,6.005680006637703627e-06
5.746000000000000000e+03,6.001895144436275586e-06
5.747000000000000000e+03,6.003168891766108572e-06
5.748000000000000000e+03,6.000845587550429627e-06
5.749000000000000000e+03,5.999233053444186226e-06
5.750000000000000000e+03,5.998268534312956035e-06
5.751000000000000000e+03,5.996604159008711576e-06
5.752000000000000000e+03,5.994337243464542553e-06
5.753000000000000000e+03,5.991680609440663829e-06
5.754000000000000000e+03,5.998687356623122469e-06
5.755000000000000000e+03,5.990762019791873172e-06
5.756000000000000000e+03,5.989887995383469388e-06
5.757000000000000000e+03,5.989189048705156893e-06
5.758000000000000000e+03,5.988031716697150841e-06
5.759000000000000000e+03,5.990894351270981133e-06
5.760000000000000000e+03,5.987365966575453058e-06
5.761000000000000000e+03,5.985943971609231085e-06
5.762000000000000000e+03,5.984949893900193274e-06
5.763000000000000000e+03,5.983752089377958328e-06
5.764000000000000000e+03,5.982180482533294708e-06
5.765000000000000000e+03,5.984842118778033182e-06
5.766000000000000000e+03,5.981451977277174592e-06
5.767000000000000000e+03,5.980647983960807323e-06
5.768000000000000000e+03,5.979753950668964535e-06
5.769000000000000000e+03,5.979007255518808961e-06
5.770000000000000000e+03,6.000258053973084316e-06
5.771000000000000000e+03,5.978802619210910052e-06
5.772000000000000000e+03,5.977990440442226827e-06
5.773000000000000000e+03,5.977162800263613462e-06
5.774000000000000000e+03,5.976020020170835778e-06
5.775000000000000000e+03,5.974302439426537603e-06
5.776000000000000000e+03,5.973427050776081160e-06
5.777000000000000000e+03,5.970888651063432917e-06
5.778000000000000000e+03,5.969893209112342447e-06
5.779000000000000000e+03,5.968979166937060654e-06
5.780000000000000000e+03,5.967688139207893983e-06
5.781000000000000000e+03,5.968106961518060416e-06
5.782000000000000000e+03,5.966469871054869145e-06
5.783000000000000000e+03,5.964260708424262702e-06
5.784000000000000000e+03,5.962490831734612584e-06
5.785000000000000000e+03,5.960947419225703925e-06
5.786000000000000000e+03,5.960679573036031798e-06
5.787000000000000000e+03,5.958741894573904574e-06
5.788000000000000000e+03,5.958021574770100415e-06
5.789000000000000000e+03,5.957041139481589198e-06
5.790000000000000000e+03,5.955751021247124299e-06
5.791000000000000000e+03,5.956545010121772066e-06
5.792000000000000000e+03,5.954840617050649598e-06
5.793000000000000000e+03,5.953049821982858703e-06
5.794000000000000000e+03,5.952153969701612368e-06
5.795000000000000000e+03,5.951912953605642542e-06
5.796000000000000000e+03,5.950594186288071796e-06
5.797000000000000000e+03,5.949987098574638367e-06
5.798000000000000000e+03,5.948793841525912285e-06
5.799000000000000000e+03,5.947569206909975037e-06
5.800000000000000000e+03,5.945796146988868713e-06
5.801000000000000000e+03,5.944857093709288165e-06
5.802000000000000000e+03,5.943140422459691763e-06
5.803000000000000000e+03,5.942301413597306237e-06
5.804000000000000000e+03,5.941468316450482234e-06
5.805000000000000000e+03,5.939742550253868103e-06
5.806000000000000000e+03,5.941058134339982644e-06
5.807000000000000000e+03,5.939026323176221922e-06
5.808000000000000000e+03,5.937868991168215871e-06
5.809000000000000000e+03,5.937003152212128043e-06
5.810000000000000000e+03,5.935533863521413878e-06
5.811000000000000000e+03,5.934100045124068856e-06
5.812000000000000000e+03,5.934382443228969350e-06
5.813000000000000000e+03,5.933420652581844479e-06
5.814000000000000000e+03,5.932614385528722778e-06
5.815000000000000000e+03,5.932274234510259703e-06
5.816000000000000000e+03,5.931712166784564033e-06
5.817000000000000000e+03,5.930755833105649799e-06
5.818000000000000000e+03,5.931384748691925779e-06
5.819000000000000000e+03,5.930447514401748776e-06
5.820000000000000000e+03,5.929746293986681849e-06
5.821000000000000000e+03,5.928944119659718126e-06
5.822000000000000000e+03,5.928000518906628713e-06
5.823000000000000000e+03,5.926704034209251404e-06
5.824000000000000000e+03,5.928121026954613626e-06
5.825000000000000000e+03,5.926134690525941551e-06
5.826000000000000000e+03,5.924967808823566884e-06
5.827000000000000000e+03,5.924387096456484869e-06
5.828000000000000000e+03,5.923486696701729670e-06
5.829000000000000000e+03,5.925239747739396989e-06
5.830000000000000000e+03,5.923351636738516390e-06
5.831000000000000000e+03,5.922701802774099633e-06
5.832000000000000000e+03,5.921972388023277745e-06
5.833000000000000000e+03,5.920864623476518318e-06
5.834000000000000000e+03,5.919640443607931957e-06
5.835000000000000000e+03,5.918032456975197420e-06
5.836000000000000000e+03,5.919101113249780610e-06
5.837000000000000000e+03,5.917031558055896312e-06
5.838000000000000000e+03,5.916261670790845528e-06
5.839000000000000000e+03,5.915176188864279538e-06
5.840000000000000000e+03,5.914330358791630715e-06
5.841000000000000000e+03,5.912904271099250764e-06
5.842000000000000000e+03,5.912484994041733444e-06
5.843000000000000000e+03,5.910386335017392412e-06
5.844000000000000000e+03,5.909057563258102164e-06
5.845000000000000000e+03,5.907747890887549147e-06
5.846000000000000000e+03,5.906083970330655575e-06
5.847000000000000000e+03,5.906135811528656632e-06
5.848000000000000000e+03,5.905132638872601092e-06
5.849000000000000000e+03,5.903846158616943285e-06
5.850000000000000000e+03,5.902844804950291291e-06
5.851000000000000000e+03,5.901274107600329444e-06
5.852000000000000000e+03,5.908539606025442481e-06
5.853000000000000000e+03,5.900933047087164596e-06
5.854000000000000000e+03,5.899874850001651794e-06
5.855000000000000000e+03,5.898814833926735446e-06
5.856000000000000000e+03,5.896684797335183248e-06
5.857000000000000000e+03,5.898256858927197754e-06
5.858000000000000000e+03,5.896039510844275355e-06
5.859000000000000000e+03,5.894958121643867344e-06
5.860000000000000000e+03,5.893926299904705957e-06
5.861000000000000000e+03,5.892418812436517328e-06
5.862000000000000000e+03,5.891060936846770346e-06
5.863000000000000000e+03,5.890134161745663732e-06
5.864000000000000000e+03,5.889105068490607664e-06
5.865000000000000000e+03,5.888187843083869666e-06
5.866000000000000000e+03,5.887115548830479383e-06
5.867000000000000000e+03,5.884981419512769207e-06
5.868000000000000000e+03,5.883895028091501445e-06
5.869000000000000000e+03,5.882465757167665288e-06
5.870000000000000000e+03,5.881769993720808998e-06
5.871000000000000000e+03,5.880966455151792616e-06
5.872000000000000000e+03,5.884271104150684550e-06
5.873000000000000000e+03,5.880458502360852435e-06
5.874000000000000000e+03,5.879130185348913074e-06
5.875000000000000000e+03,5.878371212020283565e-06
5.876000000000000000e+03,5.876951490790816024e-06
5.877000000000000000e+03,5.875630449736490846e-06
5.878000000000000000e+03,5.873938334843842313e-06
5.879000000000000000e+03,5.872604106116341427e-06
5.880000000000000000e+03,5.870792392670409754e-06
5.881000000000000000e+03,5.869358119525713846e-06
5.882000000000000000e+03,5.867243089596740901e-06
5.883000000000000000e+03,5.868385869689518586e-06
5.884000000000000000e+03,5.866030733159277588e-06
5.885000000000000000e+03,5.863926617166725919e-06
5.886000000000000000e+03,5.862559191882610321e-06
5.887000000000000000e+03,5.861234512849478051e-06
5.888000000000000000e+03,5.860378223587758839e-06
5.889000000000000000e+03,5.858967597305309027e-06
5.890000000000000000e+03,5.858004897163482383e-06
5.891000000000000000e+03,5.856166808371199295e-06
5.892000000000000000e+03,5.854067694599507377e-06
5.893000000000000000e+03,5.851476089446805418e-06
5.894000000000000000e+03,5.850099114468321204e-06
5.895000000000000000e+03,5.848399723618058488e-06
5.896000000000000000e+03,5.847719421581132337e-06
5.897000000000000000e+03,5.847031843586592004e-06
5.898000000000000000e+03,5.845745818078285083e-06
5.899000000000000000e+03,5.843501639901660383e-06
5.900000000000000000e+03,5.844645329489139840e-06
5.901000000000000000e+03,5.842568043590290472e-06
5.902000000000000000e+03,5.841142410645261407e-06
5.903000000000000000e+03,5.839968252985272557e-06
5.904000000000000000e+03,5.838518518430646509e-06
5.905000000000000000e+03,5.835326192027423531e-06
5.906000000000000000e+03,5.845416126248892397e-06
5.907000000000000000e+03,5.834410330862738192e-06
5.908000000000000000e+03,5.832180249853990972e-06
5.909000000000000000e+03,5.830227109981933609e-06
5.910000000000000000e+03,5.829238943988457322e-06
5.911000000000000000e+03,5.827808308822568506e-06
5.912000000000000000e+03,5.826419510412961245e-06
5.913000000000000000e+03,5.823686933581484482e-06
5.914000000000000000e+03,5.825780590384965762e-06
5.915000000000000000e+03,5.823222636536229402e-06
5.916000000000000000e+03,5.822716957482043654e-06
5.917000000000000000e+03,5.820228125230642036e-06
5.918000000000000000e+03,5.818088538944721222e-06
5.919000000000000000e+03,5.816773864353308454e-06
5.920000000000000000e+03,5.814614723931299523e-06
5.921000000000000000e+03,5.813713414681842551e-06
5.922000000000000000e+03,5.811309620185056701e-06
5.923000000000000000e+03,5.808169589727185667e-06
5.924000000000000000e+03,5.805254204460652545e-06
5.925000000000000000e+03,5.806212811876321211e-06
5.926000000000000000e+03,5.804075499327154830e-06
5.927000000000000000e+03,5.802256055176258087e-06
5.928000000000000000e+03,5.801052793685812503e-06
5.929000000000000000e+03,5.799392965855076909e-06
5.930000000000000000e+03,5.797745416202815250e-06
5.931000000000000000e+03,5.796115146949887276e-06
5.932000000000000000e+03,5.795161087007727474e-06
5.933000000000000000e+03,5.792987849417841062e-06
5.934000000000000000e+03,5.792449883301742375e-06
5.935000000000000000e+03,5.789399892819346860e-06
5.936000000000000000e+03,5.788832368125440553e-06
5.937000000000000000e+03,5.787569079984677956e-06
5.938000000000000000e+03,5.785504072264302522e-06
5.939000000000000000e+03,5.782113930763443932e-06
5.940000000000000000e+03,5.781759227829752490e-06
5.941000000000000000e+03,5.780086667073192075e-06
5.942000000000000000e+03,5.778211288998136297e-06
5.943000000000000000e+03,5.776575108029646799e-06
5.944000000000000000e+03,5.775588761025574058e-06
5.945000000000000000e+03,5.774510100309271365e-06
5.946000000000000000e+03,5.772830718342447653e-06
5.947000000000000000e+03,5.770339612354291603e-06
5.948000000000000000e+03,5.767775292042642832e-06
5.949000000000000000e+03,5.764642992289736867e-06
5.950000000000000000e+03,5.761007741966750473e-06
5.951000000000000000e+03,5.764346042269608006e-06
5.952000000000000000e+03,5.759441137342946604e-06
5.953000000000000000e+03,5.756694463343592361e-06
5.954000000000000000e+03,5.755093752668472007e-06
5.955000000000000000e+03,5.751758635597070679e-06
5.956000000000000000e+03,5.748341209255158901e-06
5.957000000000000000e+03,5.744469035562360659e-06
5.958000000000000000e+03,5.742357188864843920e-06
5.959000000000000000e+03,5.742527264374075457e-06
5.960000000000000000e+03,5.741525001212721691e-06
5.961000000000000000e+03,5.740207143389852718e-06
5.962000000000000000e+03,5.738620529882609844e-06
5.963000000000000000e+03,5.736866569350240752e-06
5.964000000000000000e+03,5.734825663239462301e-06
5.965000000000000000e+03,5.732167664973530918e-06
5.966000000000000000e+03,5.730945758841698989e-06
5.967000000000000000e+03,5.728793439629953355e-06
5.968000000000000000e+03,5.727310508518712595e-06
5.969000000000000000e+03,5.725932169298175722e-06
5.970000000000000000e+03,5.723793947254307568e-06
5.971000000000000000e+03,5.722761216020444408e-06
5.972000000000000000e+03,5.719663931813556701e-06
5.973000000000000000e+03,5.717432486562756822e-06
5.974000000000000000e+03,5.714255621569463983e-06
5.975000000000000000e+03,5.711424364562844858e-06
5.976000000000000000e+03,5.709925972041673958e-06
5.977000000000000000e+03,5.708459866582415998e-06
5.978000000000000000e+03,5.707640411856118590e-06
5.979000000000000000e+03,5.706290721718687564e-06
5.980000000000000000e+03,5.704911927750799805e-06
5.981000000000000000e+03,5.703481292584910989e-06
5.982000000000000000e+03,5.702283033315325156e-06
5.983000000000000000e+03,5.700405381503514946e-06
5.984000000000000000e+03,5.698442237189738080e-06
5.985000000000000000e+03,5.694563697034027427e-06
5.986000000000000000e+03,5.706911451852647588e-06
5.987000000000000000e+03,5.693878392776241526e-06
5.988000000000000000e+03,5.692176273441873491e-06
5.989000000000000000e+03,5.691017577191814780e-06
5.990000000000000000e+03,5.689407771569676697e-06
5.991000000000000000e+03,5.688214059773599729e-06
5.992000000000000000e+03,5.686640633939532563e-06
5.993000000000000000e+03,5.685376436304068193e-06
5.994000000000000000e+03,5.683984454663004726e-06
5.995000000000000000e+03,5.682778464688453823e-06
5.996000000000000000e+03,5.681342372554354370e-06
5.997000000000000000e+03,5.680420599674107507e-06
5.998000000000000000e+03,5.679121386492624879e-06
5.999000000000000000e+03,5.678202796843834221e-06
6.000000000000000000e+03,5.677432454831432551e-06
6.001000000000000000e+03,5.675916327163577080e-06
6.002000000000000000e+03,5.675331522070337087e-06
6.003000000000000000e+03,5.674807198374764994e-06
6.004000000000000000e+03,5.674199201166629791e-06
6.005000000000000000e+03,5.672793577105039731e-06
6.006000000000000000e+03,5.671106464433250949e-06
6.007000000000000000e+03,5.670184236805653200e-06
6.008000000000000000e+03,5.669234269589651376e-06
6.009000000000000000e+03,5.668362973665352911e-06
6.010000000000000000e+03,5.666768629453144968e-06
6.011000000000000000e+03,5.665287517331307754e-06
6.012000000000000000e+03,5.664385298587149009e-06
6.013000000000000000e+03,5.663844603986945003e-06
6.014000000000000000e+03,5.663125648425193503e-06
6.015000000000000000e+03,5.662401235895231366e-06
6.016000000000000000e+03,5.660991519107483327e-06
6.017000000000000000e+03,5.659316684614168480e-06
6.018000000000000000e+03,5.656570010614814237e-06
6.019000000000000000e+03,5.658017016685334966e-06
6.020000000000000000e+03,5.655087534250924364e-06
6.021000000000000000e+03,5.653382231685100123e-06
6.022000000000000000e+03,5.651857463817577809e-06
6.023000000000000000e+03,5.650120328937191516e-06
6.024000000000000000e+03,5.648210844810819253e-06
6.025000000000000000e+03,5.645536930387606844e-06
6.026000000000000000e+03,5.643466920446371660e-06
6.027000000000000000e+03,5.642235464620171115e-06
6.028000000000000000e+03,5.641011284751584753e-06
6.029000000000000000e+03,5.639805294777033851e-06
6.030000000000000000e+03,5.638635229843202978e-06
6.031000000000000000e+03,5.637677077174885198e-06
6.032000000000000000e+03,5.636896730720764026e-06
6.033000000000000000e+03,5.636217792925890535e-06
6.034000000000000000e+03,5.634731678583193570e-06
6.035000000000000000e+03,5.639005848934175447e-06
6.036000000000000000e+03,5.634201443172059953e-06
6.037000000000000000e+03,5.632955890177981928e-06
6.038000000000000000e+03,5.631880867440486327e-06
6.039000000000000000e+03,5.631042768072802573e-06
6.040000000000000000e+03,5.630030500469729304e-06
6.041000000000000000e+03,5.628859980788547546e-06
6.042000000000000000e+03,5.627299287880305201e-06
6.043000000000000000e+03,5.625706307910149917e-06
6.044000000000000000e+03,5.623499873763648793e-06
6.045000000000000000e+03,5.624026925943326205e-06
6.046000000000000000e+03,5.622833214147249237e-06
6.047000000000000000e+03,5.622051503451075405e-06
6.048000000000000000e+03,5.620450792775955051e-06
6.049000000000000000e+03,5.619740932161221281e-06
6.050000000000000000e+03,5.618456725642317906e-06
6.051000000000000000e+03,5.616657290374860168e-06
6.052000000000000000e+03,5.622937351290602237e-06
6.053000000000000000e+03,5.615905593003844842e-06
6.054000000000000000e+03,5.613860594166908413e-06
6.055000000000000000e+03,5.612519998976495117e-06
6.056000000000000000e+03,5.610936113953357562e-06
6.057000000000000000e+03,5.609969775832723826e-06
6.058000000000000000e+03,5.608942956314422190e-06
6.059000000000000000e+03,5.607798811979591846e-06
6.060000000000000000e+03,5.606450940831564367e-06
6.061000000000000000e+03,5.605266778729856014e-06
6.062000000000000000e+03,5.603962563327513635e-06
6.063000000000000000e+03,5.603247700491920114e-06
6.064000000000000000e+03,5.602120381809072569e-06
6.065000000000000000e+03,5.600887561740819365e-06
6.066000000000000000e+03,5.598757070401916280e-06
6.067000000000000000e+03,5.595626134891062975e-06
6.068000000000000000e+03,5.601526027021463960e-06
6.069000000000000000e+03,5.594180038315244019e-06
6.070000000000000000e+03,5.591323770204326138e-06
6.071000000000000000e+03,5.589837201114278287e-06
6.072000000000000000e+03,5.588759449892677367e-06
6.073000000000000000e+03,5.587588475464144722e-06
6.074000000000000000e+03,5.586366569332312793e-06
6.075000000000000000e+03,5.585146027442533523e-06
6.076000000000000000e+03,5.583419351751217619e-06
6.077000000000000000e+03,5.580477136390982196e-06
6.078000000000000000e+03,5.603263161901850253e-06
6.079000000000000000e+03,5.579762728302739561e-06
6.080000000000000000e+03,5.576789135375292972e-06
6.081000000000000000e+03,5.574930128204869106e-06
6.082000000000000000e+03,5.572808731812983751e-06
6.083000000000000000e+03,5.571700057771522552e-06
6.084000000000000000e+03,5.570202119997702539e-06
6.085000000000000000e+03,5.569022050622152165e-06
6.086000000000000000e+03,5.568153028434608132e-06
6.087000000000000000e+03,5.566880190599476919e-06
6.088000000000000000e+03,5.565400442719692364e-06
6.089000000000000000e+03,5.565491846937220544e-06
6.090000000000000000e+03,5.564368620980530977e-06
6.091000000000000000e+03,5.563246304518543184e-06
6.092000000000000000e+03,5.561717443924862891e-06
6.093000000000000000e+03,5.560921636060811579e-06
6.094000000000000000e+03,5.560461886489065364e-06
6.095000000000000000e+03,5.558313205256126821e-06
6.096000000000000000e+03,5.557672466238727793e-06
6.097000000000000000e+03,5.556636097026057541e-06
6.098000000000000000e+03,5.555695679504424334e-06
6.099000000000000000e+03,5.555001280299620703e-06
6.100000000000000000e+03,5.553880328079685569e-06
6.101000000000000000e+03,5.552850780077278614e-06
6.102000000000000000e+03,5.551905360334785655e-06
6.103000000000000000e+03,5.551024514716118574e-06
6.104000000000000000e+03,5.550124569708714262e-06
6.105000000000000000e+03,5.549201432586414739e-06
6.106000000000000000e+03,5.548631179408403113e-06
6.107000000000000000e+03,5.546520696952939034e-06
6.108000000000000000e+03,5.544982741412241012e-06
6.109000000000000000e+03,5.543080533243482932e-06
6.110000000000000000e+03,5.541831342270597816e-06
6.111000000000000000e+03,5.540742677112575620e-06
6.112000000000000000e+03,5.540342044696444646e-06
6.113000000000000000e+03,5.539591711567481980e-06
6.114000000000000000e+03,5.538363893720088527e-06
6.115000000000000000e+03,5.535701802727999166e-06
6.116000000000000000e+03,5.532992418011417612e-06
6.117000000000000000e+03,5.531753231480251998e-06
6.118000000000000000e+03,5.530427188205067068e-06
6.119000000000000000e+03,5.530044290935620666e-06
6.120000000000000000e+03,5.528909696295158938e-06
6.121000000000000000e+03,5.526514996745390818e-06
6.122000000000000000e+03,5.522639185073785484e-06
6.123000000000000000e+03,5.529015652427915484e-06
6.124000000000000000e+03,5.521116236195666716e-06
6.125000000000000000e+03,5.517525551113067195e-06
6.126000000000000000e+03,5.516191777132917196e-06
6.127000000000000000e+03,5.514317763299914077e-06
6.128000000000000000e+03,5.513522864930564538e-06
6.129000000000000000e+03,5.512192274181870744e-06
6.130000000000000000e+03,5.510271876119077206e-06
6.131000000000000000e+03,5.508359663508599624e-06
6.132000000000000000e+03,5.505768058355897665e-06
6.133000000000000000e+03,5.503799002326559275e-06
6.134000000000000000e+03,5.500098268385045230e-06
6.135000000000000000e+03,5.498681275639683008e-06
6.136000000000000000e+03,5.496807261806679890e-06
6.137000000000000000e+03,5.493744993145810440e-06
6.138000000000000000e+03,5.494395736604928970e-06
6.139000000000000000e+03,5.491918273037299514e-06
6.140000000000000000e+03,5.489412615133915097e-06
6.141000000000000000e+03,5.488504484674194828e-06
6.142000000000000000e+03,5.486358531925361603e-06
6.143000000000000000e+03,5.483119821292348206e-06
6.144000000000000000e+03,5.488424903887789696e-06
6.145000000000000000e+03,5.481681000674143434e-06
6.146000000000000000e+03,5.479423634824343026e-06
6.147000000000000000e+03,5.478667844727169722e-06
6.148000000000000000e+03,5.477127615449717268e-06
6.149000000000000000e+03,5.474420959217241034e-06
6.150000000000000000e+03,5.489677278092131019e-06
6.151000000000000000e+03,5.473305009218165651e-06
6.152000000000000000e+03,5.470771156979026273e-06
6.153000000000000000e+03,5.468401013786206022e-06
6.154000000000000000e+03,5.466366019390989095e-06
6.155000000000000000e+03,5.463481102196965367e-06
6.156000000000000000e+03,5.459598469315096736e-06
6.157000000000000000e+03,5.457967745314817876e-06
6.158000000000000000e+03,5.454517122416291386e-06
6.159000000000000000e+03,5.452987352327909321e-06
6.160000000000000000e+03,5.451824563351692632e-06
6.161000000000000000e+03,5.450253411254379898e-06
6.162000000000000000e+03,5.448751835501752794e-06
6.163000000000000000e+03,5.447105650091543794e-06
6.164000000000000000e+03,5.444098405860131606e-06
6.165000000000000000e+03,5.441342182166408747e-06
6.166000000000000000e+03,5.439098913484485820e-06
6.167000000000000000e+03,5.437743766378844157e-06
6.168000000000000000e+03,5.436835635919123888e-06
6.169000000000000000e+03,5.435375442175427452e-06
6.170000000000000000e+03,5.432812940853182226e-06
6.171000000000000000e+03,5.431940280686831102e-06
6.172000000000000000e+03,5.428627900982974097e-06
6.173000000000000000e+03,5.427882570074871182e-06
6.174000000000000000e+03,5.427153610071400180e-06
6.175000000000000000e+03,5.426281859399750829e-06
6.176000000000000000e+03,5.425285507953958586e-06
6.177000000000000000e+03,5.424430128186941147e-06
6.178000000000000000e+03,5.423372385848779231e-06
6.179000000000000000e+03,5.421583409770391881e-06
6.180000000000000000e+03,5.420094112196238711e-06
6.181000000000000000e+03,5.419170975073939189e-06
6.182000000000000000e+03,5.418398814072133973e-06
6.183000000000000000e+03,5.417684860731242225e-06
6.184000000000000000e+03,5.416735348262591287e-06
6.185000000000000000e+03,5.415102350525557995e-06
6.186000000000000000e+03,5.413196959125343710e-06
6.187000000000000000e+03,5.410390258475672454e-06
6.188000000000000000e+03,5.407723165262723342e-06
6.189000000000000000e+03,5.406598575063981116e-06
6.190000000000000000e+03,5.405374395195394754e-06
6.191000000000000000e+03,5.404531293606851250e-06
6.192000000000000000e+03,5.403072464105207473e-06
6.193000000000000000e+03,5.402033821155782789e-06
6.194000000000000000e+03,5.400596819526981562e-06
6.195000000000000000e+03,5.399429937824606895e-06
6.196000000000000000e+03,5.398303073889110237e-06
6.197000000000000000e+03,5.395273092290153727e-06
6.198000000000000000e+03,5.405864158092299476e-06
6.199000000000000000e+03,5.394300842453958467e-06
6.200000000000000000e+03,5.392254479374969378e-06
6.201000000000000000e+03,5.390024853113573045e-06
6.202000000000000000e+03,5.386426892073359340e-06
6.203000000000000000e+03,5.384014457376906648e-06
6.204000000000000000e+03,5.382119979913113639e-06
6.205000000000000000e+03,5.380560651246923953e-06
6.206000000000000000e+03,5.379689810069976375e-06
6.207000000000000000e+03,5.377255092753330246e-06
6.208000000000000000e+03,5.373845397116383538e-06
6.209000000000000000e+03,5.371126917452784255e-06
6.210000000000000000e+03,5.369353857531677932e-06
6.211000000000000000e+03,5.368006441131001338e-06
6.212000000000000000e+03,5.366979166865348816e-06
6.213000000000000000e+03,5.366392997530056164e-06
6.214000000000000000e+03,5.365626748243812472e-06
6.215000000000000000e+03,5.364740900404285640e-06
6.216000000000000000e+03,5.362916908779880032e-06
6.217000000000000000e+03,5.363411219150293618e-06
6.218000000000000000e+03,5.361666353564942256e-06
6.219000000000000000e+03,5.360699560696957633e-06
6.220000000000000000e+03,5.359424903872422874e-06
6.221000000000000000e+03,5.358035650715464726e-06
6.222000000000000000e+03,5.357012014428619295e-06
6.223000000000000000e+03,5.355921985028544441e-06
6.224000000000000000e+03,5.355347184377023950e-06
6.225000000000000000e+03,5.353541837394004688e-06
6.226000000000000000e+03,5.354658696887781844e-06
6.227000000000000000e+03,5.352643711376003921e-06
6.228000000000000000e+03,5.351232630346203223e-06
6.229000000000000000e+03,5.350154424377251416e-06
6.230000000000000000e+03,5.348871127353049815e-06
6.231000000000000000e+03,5.346575562725774944e-06
6.232000000000000000e+03,5.343221346265636384e-06
6.233000000000000000e+03,5.339982635632622987e-06
6.234000000000000000e+03,5.337269612937234342e-06
6.235000000000000000e+03,5.334191882866434753e-06
6.236000000000000000e+03,5.332383352651959285e-06
6.237000000000000000e+03,5.331019565346650779e-06
6.238000000000000000e+03,5.329622126737376675e-06
6.239000000000000000e+03,5.328849056240869686e-06
6.240000000000000000e+03,5.327469352778280154e-06
6.241000000000000000e+03,5.324501671566395089e-06
6.242000000000000000e+03,5.323305686033563688e-06
6.243000000000000000e+03,5.321743174135917798e-06
6.244000000000000000e+03,5.320373020367696881e-06
6.245000000000000000e+03,5.318748208082979545e-06
6.246000000000000000e+03,5.317543582350481302e-06
6.247000000000000000e+03,5.315365342539735138e-06
6.248000000000000000e+03,5.314173449733061716e-06
6.249000000000000000e+03,5.313158453645883128e-06
6.250000000000000000e+03,5.312211669661337510e-06
6.251000000000000000e+03,5.311229870130773634e-06
6.252000000000000000e+03,5.309706921252654865e-06
6.253000000000000000e+03,5.308775598678039387e-06
6.254000000000000000e+03,5.307208539306884632e-06
6.255000000000000000e+03,5.305681952449958771e-06
6.256000000000000000e+03,5.304214937495999038e-06
6.257000000000000000e+03,5.302670160745037720e-06
6.258000000000000000e+03,5.302493264025542885e-06
6.259000000000000000e+03,5.301264081936096773e-06
6.260000000000000000e+03,5.300729753798805177e-06
6.261000000000000000e+03,5.299708845996065065e-06
6.262000000000000000e+03,5.298280029819579795e-06
6.263000000000000000e+03,5.295540177030488849e-06
6.264000000000000000e+03,5.294872607919387519e-06
6.265000000000000000e+03,5.291689376463182271e-06
6.266000000000000000e+03,5.290754870657110587e-06
6.267000000000000000e+03,5.290112312650308013e-06
6.268000000000000000e+03,5.289109594741603360e-06
6.269000000000000000e+03,5.287144176691072062e-06
6.270000000000000000e+03,5.285632141749374568e-06
6.271000000000000000e+03,5.283603059069719166e-06
6.272000000000000000e+03,5.282341135171009228e-06
6.273000000000000000e+03,5.280841378407785669e-06
6.274000000000000000e+03,5.279332526697544381e-06
6.275000000000000000e+03,5.277781383483670652e-06
6.276000000000000000e+03,5.276517640595557168e-06
6.277000000000000000e+03,5.274947852740297094e-06
6.278000000000000000e+03,5.273520855553215370e-06
6.279000000000000000e+03,5.271602731227176264e-06
6.280000000000000000e+03,5.271060217637568712e-06
6.281000000000000000e+03,5.269945631880545989e-06
6.282000000000000000e+03,5.269315806799568236e-06
6.283000000000000000e+03,5.268249879009090364e-06
6.284000000000000000e+03,5.266290372674120590e-06
6.285000000000000000e+03,5.263234470476163551e-06
6.286000000000000000e+03,5.261554633761988953e-06
6.287000000000000000e+03,5.259758836473338306e-06
6.288000000000000000e+03,5.258913915895391256e-06
6.289000000000000000e+03,5.257694283500313759e-06
6.290000000000000000e+03,5.256830263533629477e-06
6.291000000000000000e+03,5.255938049231190234e-06
6.292000000000000000e+03,5.255042651697294787e-06
6.293000000000000000e+03,5.254644747765269130e-06
6.294000000000000000e+03,5.252603841654490680e-06
6.295000000000000000e+03,5.253365543467225507e-06
6.296000000000000000e+03,5.251831225905334577e-06
6.297000000000000000e+03,5.250315552984829992e-06
6.298000000000000000e+03,5.248374691291246563e-06
6.299000000000000000e+03,5.246722139418125153e-06
6.300000000000000000e+03,5.247633907856652513e-06
6.301000000000000000e+03,5.245768534223316237e-06
6.302000000000000000e+03,5.244678959570592269e-06
6.303000000000000000e+03,5.243340638116933405e-06
6.304000000000000000e+03,5.242393854132387787e-06
6.305000000000000000e+03,5.240708560450002551e-06
6.306000000000000000e+03,5.261716978566255420e-06
6.307000000000000000e+03,5.240384325588820502e-06
6.308000000000000000e+03,5.239146048552356660e-06
6.309000000000000000e+03,5.238173798716161400e-06
6.310000000000000000e+03,5.237058758211787790e-06
6.311000000000000000e+03,5.235772732703480870e-06
6.312000000000000000e+03,5.234939180809305981e-06
6.313000000000000000e+03,5.233321189734851941e-06
6.314000000000000000e+03,5.232412149780429900e-06
6.315000000000000000e+03,5.231535396887920797e-06
6.316000000000000000e+03,5.230010629020398483e-06
6.317000000000000000e+03,5.232515832176432014e-06
6.318000000000000000e+03,5.229157068242784590e-06
6.319000000000000000e+03,5.227279871178325266e-06
6.320000000000000000e+03,5.225979748502140865e-06
6.321000000000000000e+03,5.224750111665343866e-06
6.322000000000000000e+03,5.223671905696392059e-06
6.323000000000000000e+03,5.223788321018218994e-06
6.324000000000000000e+03,5.222824256634339690e-06
6.325000000000000000e+03,5.221673745836596936e-06
6.326000000000000000e+03,5.220935236138757318e-06
6.327000000000000000e+03,5.220350431045517325e-06
6.328000000000000000e+03,5.219073500484228134e-06
6.329000000000000000e+03,5.217873876972589642e-06
6.330000000000000000e+03,5.219299055170267820e-06
6.331000000000000000e+03,5.217134912527399138e-06
6.332000000000000000e+03,5.215912551648216322e-06
6.333000000000000000e+03,5.214867087488528341e-06
6.334000000000000000e+03,5.213756594457663596e-06
6.335000000000000000e+03,5.212100404605735093e-06
6.336000000000000000e+03,5.211200004850979894e-06
6.337000000000000000e+03,5.209878054301952943e-06
6.338000000000000000e+03,5.209060873312409967e-06
6.339000000000000000e+03,5.207849881116999313e-06
6.340000000000000000e+03,5.206937203183770180e-06
6.341000000000000000e+03,5.205238267080858350e-06
6.342000000000000000e+03,5.204182343732099980e-06
6.343000000000000000e+03,5.202954980632057413e-06
6.344000000000000000e+03,5.201128260523546487e-06
6.345000000000000000e+03,5.199476163397775963e-06
6.346000000000000000e+03,5.199490715313004330e-06
6.347000000000000000e+03,5.198322924115927890e-06
6.348000000000000000e+03,5.197253813093993813e-06
6.349000000000000000e+03,5.196880465518916026e-06
6.350000000000000000e+03,5.196189249545568600e-06
6.351000000000000000e+03,5.195760422793682665e-06
6.352000000000000000e+03,5.194984169065719470e-06
6.353000000000000000e+03,5.193806828174274415e-06
6.354000000000000000e+03,5.191158834350062534e-06
6.355000000000000000e+03,5.188884642848279327e-06
6.356000000000000000e+03,5.187041097087785602e-06
6.357000000000000000e+03,5.185257123230258003e-06
6.358000000000000000e+03,5.185342615732224658e-06
6.359000000000000000e+03,5.184377187106292695e-06
6.360000000000000000e+03,5.182934728509280831e-06
6.361000000000000000e+03,5.181813321541994810e-06
6.362000000000000000e+03,5.180418156669475138e-06
6.363000000000000000e+03,5.177855200599879026e-06
6.364000000000000000e+03,5.176446393306832761e-06
6.365000000000000000e+03,5.174780653760535643e-06
6.366000000000000000e+03,5.173003046365920454e-06
6.367000000000000000e+03,5.171573320694733411e-06
6.368000000000000000e+03,5.170070380700053647e-06
6.369000000000000000e+03,5.168381903786212206e-06
6.370000000000000000e+03,5.172316377866081893e-06
6.371000000000000000e+03,5.167646577319828793e-06
6.372000000000000000e+03,5.165816219232510775e-06
6.373000000000000000e+03,5.163798505236627534e-06
6.374000000000000000e+03,5.161063654668396339e-06
6.375000000000000000e+03,5.159992724657058716e-06
6.376000000000000000e+03,5.158248768566409126e-06
6.377000000000000000e+03,5.156922270543873310e-06
6.378000000000000000e+03,5.154707650945056230e-06
6.379000000000000000e+03,5.151972800376825035e-06
6.380000000000000000e+03,5.149996468389872462e-06
6.381000000000000000e+03,5.148072432348271832e-06
6.382000000000000000e+03,5.147149295225972310e-06
6.383000000000000000e+03,5.146319381310604513e-06
6.384000000000000000e+03,5.145283012097934261e-06
6.385000000000000000e+03,5.142692316439934075e-06
6.386000000000000000e+03,5.139876066095894203e-06
6.387000000000000000e+03,5.139261702424846590e-06
6.388000000000000000e+03,5.136148047313326970e-06
6.389000000000000000e+03,5.135038463777163997e-06
6.390000000000000000e+03,5.133265858603408560e-06
6.391000000000000000e+03,5.130955287313554436e-06
6.392000000000000000e+03,5.132767000759486109e-06
6.393000000000000000e+03,5.129503279022173956e-06
6.394000000000000000e+03,5.126828909851610661e-06
6.395000000000000000e+03,5.124997187522239983e-06
6.396000000000000000e+03,5.123481969349086285e-06
6.397000000000000000e+03,5.121610229252837598e-06
6.398000000000000000e+03,5.126544692757306620e-06
6.399000000000000000e+03,5.121068625157931820e-06
6.400000000000000000e+03,5.119471097714267671e-06
6.401000000000000000e+03,5.118838544149184600e-06
6.402000000000000000e+03,5.117965883982833475e-06
6.403000000000000000e+03,5.116638931212946773e-06
6.404000000000000000e+03,5.113780389365274459e-06
6.405000000000000000e+03,5.114591203891905025e-06
6.406000000000000000e+03,5.112681719765532762e-06
6.407000000000000000e+03,5.110886831971583888e-06
6.408000000000000000e+03,5.110046458867145702e-06
6.409000000000000000e+03,5.109139692649478093e-06
6.410000000000000000e+03,5.106834123580483720e-06
6.411000000000000000e+03,5.106279786559753120e-06
6.412000000000000000e+03,5.101049282529857010e-06
6.413000000000000000e+03,5.099567715660668910e-06
6.414000000000000000e+03,5.097487246530363336e-06
6.415000000000000000e+03,5.101104306959314272e-06
6.416000000000000000e+03,5.096744189359014854e-06
6.417000000000000000e+03,5.095339474792126566e-06
6.418000000000000000e+03,5.093058007332729176e-06
6.419000000000000000e+03,5.091778348287334666e-06
6.420000000000000000e+03,5.090328158985357732e-06
6.421000000000000000e+03,5.088512807560618967e-06
6.422000000000000000e+03,5.087550562166143209e-06
6.423000000000000000e+03,5.086543296783929691e-06
6.424000000000000000e+03,5.085528755444101989e-06
6.425000000000000000e+03,5.084530130261555314e-06
6.426000000000000000e+03,5.082879852125188336e-06
6.427000000000000000e+03,5.080647042632335797e-06
6.428000000000000000e+03,5.095151209388859570e-06
6.429000000000000000e+03,5.079992206447059289e-06
6.430000000000000000e+03,5.078287813375936821e-06
6.431000000000000000e+03,5.077143214293755591e-06
6.432000000000000000e+03,5.075789431430166587e-06
6.433000000000000000e+03,5.073965894553111866e-06
6.434000000000000000e+03,5.079712082078913227e-06
6.435000000000000000e+03,5.073353804618818685e-06
6.436000000000000000e+03,5.071789928479120135e-06
6.437000000000000000e+03,5.070939550932962447e-06
6.438000000000000000e+03,5.070022325526224449e-06
6.439000000000000000e+03,5.069862709206063300e-06
6.440000000000000000e+03,5.068752670922549441e-06
6.441000000000000000e+03,5.068387963547138497e-06
6.442000000000000000e+03,5.067774964118143544e-06
6.443000000000000000e+03,5.067157417215639725e-06
6.444000000000000000e+03,5.065513050794834271e-06
6.445000000000000000e+03,5.065128334535984322e-06
6.446000000000000000e+03,5.062685886514373124e-06
6.447000000000000000e+03,5.061881893198005855e-06
6.448000000000000000e+03,5.060785042587667704e-06
6.449000000000000000e+03,5.059506293036974967e-06
6.450000000000000000e+03,5.060060175310354680e-06
6.451000000000000000e+03,5.058617716713342816e-06
6.452000000000000000e+03,5.057217094872612506e-06
6.453000000000000000e+03,5.056531790614826605e-06
6.454000000000000000e+03,5.055501787865068763e-06
6.455000000000000000e+03,5.054499979451065883e-06
6.456000000000000000e+03,5.053973382018739358e-06
6.457000000000000000e+03,5.052237611380405724e-06
6.458000000000000000e+03,5.051582775195129216e-06
6.459000000000000000e+03,5.050240815762663260e-06
6.460000000000000000e+03,5.048585535405436531e-06
6.461000000000000000e+03,5.046755632065469399e-06
6.462000000000000000e+03,5.053892891737632453e-06
6.463000000000000000e+03,5.046150363341439515e-06
6.464000000000000000e+03,5.045130365033401176e-06
6.465000000000000000e+03,5.043354576628189534e-06
6.466000000000000000e+03,5.041473286837572232e-06
6.467000000000000000e+03,5.040057203586911783e-06
6.468000000000000000e+03,5.038052222516853362e-06
6.469000000000000000e+03,5.036205038777552545e-06
6.470000000000000000e+03,5.034485184296499938e-06
6.471000000000000000e+03,5.033043180446838960e-06
6.472000000000000000e+03,5.031967702961992472e-06
6.473000000000000000e+03,5.030580723541788757e-06
6.474000000000000000e+03,5.029699423175770789e-06
6.475000000000000000e+03,5.028689884056802839e-06
6.476000000000000000e+03,5.027692168368957937e-06
6.477000000000000000e+03,5.027740371588151902e-06
6.478000000000000000e+03,5.026919552619801834e-06
6.479000000000000000e+03,5.025711743655847386e-06
6.480000000000000000e+03,5.025049176765605807e-06
6.481000000000000000e+03,5.024164238420780748e-06
6.482000000000000000e+03,5.023513949709013104e-06
6.483000000000000000e+03,5.022679488320136443e-06
6.484000000000000000e+03,5.022152436140459031e-06
6.485000000000000000e+03,5.020888693252345547e-06
6.486000000000000000e+03,5.019813670514849946e-06
6.487000000000000000e+03,5.018807769374689087e-06
6.488000000000000000e+03,5.018079264118568972e-06
6.489000000000000000e+03,5.017556759412400424e-06
6.490000000000000000e+03,5.016035174776334316e-06
6.491000000000000000e+03,5.018598130845930427e-06
6.492000000000000000e+03,5.015399892727145925e-06
6.493000000000000000e+03,5.014151156501611695e-06
6.494000000000000000e+03,5.011869234294863418e-06
6.495000000000000000e+03,5.008944299333961681e-06
6.496000000000000000e+03,5.023980065743671730e-06
6.497000000000000000e+03,5.008384505345020443e-06
6.498000000000000000e+03,5.006904757465235889e-06
6.499000000000000000e+03,5.005609182262560353e-06
6.500000000000000000e+03,5.003611931897467002e-06
6.501000000000000000e+03,5.001769750379025936e-06
6.502000000000000000e+03,5.001762474421411753e-06
6.503000000000000000e+03,5.000447345082648098e-06
6.504000000000000000e+03,4.999027623853180557e-06
6.505000000000000000e+03,4.998280019208323210e-06
6.506000000000000000e+03,4.997353244107216597e-06
6.507000000000000000e+03,4.996314601157791913e-06
6.508000000000000000e+03,4.995441486244089901e-06
6.509000000000000000e+03,4.994589289708528668e-06
6.510000000000000000e+03,4.993496077076997608e-06
6.511000000000000000e+03,4.992548383597750217e-06
6.512000000000000000e+03,4.989909939467906952e-06
6.513000000000000000e+03,4.990273282601265237e-06
6.514000000000000000e+03,4.988890850654570386e-06
6.515000000000000000e+03,4.986972271581180394e-06
6.516000000000000000e+03,4.985949999536387622e-06
6.517000000000000000e+03,4.983944563718978316e-06
6.518000000000000000e+03,4.983355665899580345e-06
6.519000000000000000e+03,4.983494818588951603e-06
6.520000000000000000e+03,4.982890459359623492e-06
6.521000000000000000e+03,4.982072368875378743e-06
6.522000000000000000e+03,4.981048277841182426e-06
6.523000000000000000e+03,4.979801815352402627e-06
6.524000000000000000e+03,4.978544438927201554e-06
6.525000000000000000e+03,4.976908257958712056e-06
6.526000000000000000e+03,4.975099272996885702e-06
6.527000000000000000e+03,4.973583145329030231e-06
6.528000000000000000e+03,4.972650913259712979e-06
6.529000000000000000e+03,4.971539510734146461e-06
6.530000000000000000e+03,4.971339421899756417e-06
6.531000000000000000e+03,4.968905614077812061e-06
6.532000000000000000e+03,4.968215307599166408e-06
6.533000000000000000e+03,4.967232598573900759e-06
6.534000000000000000e+03,4.966017968399683014e-06
6.535000000000000000e+03,4.964856998412869871e-06
6.536000000000000000e+03,4.963863830198533833e-06
6.537000000000000000e+03,4.963354967912891880e-06
6.538000000000000000e+03,4.961229933542199433e-06
6.539000000000000000e+03,4.960083060723263770e-06
6.540000000000000000e+03,4.959117632097331807e-06
6.541000000000000000e+03,4.958148110745241866e-06
6.542000000000000000e+03,4.958197678206488490e-06
6.543000000000000000e+03,4.957239980285521597e-06
6.544000000000000000e+03,4.955787062499439344e-06
6.545000000000000000e+03,4.954731593898031861e-06
6.546000000000000000e+03,4.954410542268306017e-06
6.547000000000000000e+03,4.953069037583190948e-06
6.548000000000000000e+03,4.952663402946200222e-06
6.549000000000000000e+03,4.951898063154658303e-06
6.550000000000000000e+03,4.950793936586705968e-06
6.551000000000000000e+03,4.948906735080527142e-06
6.552000000000000000e+03,4.950083621224621311e-06
6.553000000000000000e+03,4.948131845594616607e-06
6.554000000000000000e+03,4.947101388097507879e-06
6.555000000000000000e+03,4.946298759023193270e-06
6.556000000000000000e+03,4.945601176586933434e-06
6.557000000000000000e+03,4.943758995068492368e-06
6.558000000000000000e+03,4.941596216667676345e-06
6.559000000000000000e+03,4.939766768075060099e-06
6.560000000000000000e+03,4.938592610415071249e-06
6.561000000000000000e+03,4.938211077387677506e-06
6.562000000000000000e+03,4.937557150697102770e-06
6.563000000000000000e+03,4.936316599923884496e-06
6.564000000000000000e+03,4.936805908073438331e-06
6.565000000000000000e+03,4.935788183502154425e-06
6.566000000000000000e+03,4.934856406180188060e-06
6.567000000000000000e+03,4.933982836519135162e-06
6.568000000000000000e+03,4.933121999783907086e-06
6.569000000000000000e+03,4.931534931529313326e-06
6.570000000000000000e+03,4.931853254674933851e-06
6.571000000000000000e+03,4.930789145873859525e-06
6.572000000000000000e+03,4.928914222546154633e-06
6.573000000000000000e+03,4.927791451336815953e-06
6.574000000000000000e+03,4.926833753415849060e-06
6.575000000000000000e+03,4.925195753457956016e-06
6.576000000000000000e+03,4.925066150462953374e-06
6.577000000000000000e+03,4.924066161038354039e-06
6.578000000000000000e+03,4.921776053379289806e-06
6.579000000000000000e+03,4.920393166685244069e-06
6.580000000000000000e+03,4.918606464343611151e-06
6.581000000000000000e+03,4.917188562103547156e-06
6.582000000000000000e+03,4.916158104606438428e-06
6.583000000000000000e+03,4.914810688205761835e-06
6.584000000000000000e+03,4.913777047477196902e-06
6.585000000000000000e+03,4.912715667160227895e-06
6.586000000000000000e+03,4.910959432891104370e-06
6.587000000000000000e+03,4.908715709461830556e-06
6.588000000000000000e+03,4.907487891614437103e-06
6.589000000000000000e+03,4.905526111542712897e-06
6.590000000000000000e+03,4.904201887256931514e-06
6.591000000000000000e+03,4.902974978904239833e-06
6.592000000000000000e+03,4.902385626337490976e-06
6.593000000000000000e+03,4.899917712464230135e-06
6.594000000000000000e+03,4.898706720268819481e-06
6.595000000000000000e+03,4.897297003481071442e-06
6.596000000000000000e+03,4.900148724118480459e-06
6.597000000000000000e+03,4.896723567071603611e-06
6.598000000000000000e+03,4.895999609288992360e-06
6.599000000000000000e+03,4.894755875284317881e-06
6.600000000000000000e+03,4.894204266747692600e-06
6.601000000000000000e+03,4.893089226243318990e-06
6.602000000000000000e+03,4.891836852038977668e-06
6.603000000000000000e+03,4.891032858722610399e-06
6.604000000000000000e+03,4.889924184681149200e-06
6.605000000000000000e+03,4.889282536169048399e-06
6.606000000000000000e+03,4.888605872110929340e-06
6.607000000000000000e+03,4.887555860477732494e-06
6.608000000000000000e+03,4.887283012067200616e-06
6.609000000000000000e+03,4.886961960437474772e-06
6.610000000000000000e+03,4.886681381321977824e-06
6.611000000000000000e+03,4.886146598437335342e-06
6.612000000000000000e+03,4.885137059318367392e-06
6.613000000000000000e+03,4.884765075985342264e-06
6.614000000000000000e+03,4.884086592937819660e-06
6.615000000000000000e+03,4.882981102127814665e-06
6.616000000000000000e+03,4.882825123786460608e-06
6.617000000000000000e+03,4.881563654635101557e-06
6.618000000000000000e+03,4.880897904513403773e-06
6.619000000000000000e+03,4.879839707427890971e-06
6.620000000000000000e+03,4.880787855654489249e-06
6.621000000000000000e+03,4.879524567513726652e-06
6.622000000000000000e+03,4.878817435383098200e-06
6.623000000000000000e+03,4.877939772995887324e-06
6.624000000000000000e+03,4.877038918493781239e-06
6.625000000000000000e+03,4.875626927969278768e-06
6.626000000000000000e+03,4.875206741417059675e-06
6.627000000000000000e+03,4.873177203990053385e-06
6.628000000000000000e+03,4.872653789789183065e-06
6.629000000000000000e+03,4.871916189586045220e-06
6.630000000000000000e+03,4.871055352850817144e-06
6.631000000000000000e+03,4.869718395639210939e-06
6.632000000000000000e+03,4.868127234658459201e-06
6.633000000000000000e+03,4.867340521741425619e-06
6.634000000000000000e+03,4.866273684456245974e-06
6.635000000000000000e+03,4.865307346335612237e-06
6.636000000000000000e+03,4.864158654527273029e-06
6.637000000000000000e+03,4.862649802817031741e-06
6.638000000000000000e+03,4.861529305344447494e-06
6.639000000000000000e+03,4.859895398112712428e-06
6.640000000000000000e+03,4.858931788476184011e-06
6.641000000000000000e+03,4.857130988966673613e-06
6.642000000000000000e+03,4.855793122260365635e-06
6.643000000000000000e+03,4.855229235545266420e-06
6.644000000000000000e+03,4.855181941820774227e-06
6.645000000000000000e+03,4.854780854657292366e-06
6.646000000000000000e+03,4.853770406043622643e-06
6.647000000000000000e+03,4.852561687584966421e-06
6.648000000000000000e+03,4.851262929150834680e-06
6.649000000000000000e+03,4.849675406148890033e-06
6.650000000000000000e+03,4.854984126723138615e-06
6.651000000000000000e+03,4.849272045248653740e-06
6.652000000000000000e+03,4.848148819291964173e-06
6.653000000000000000e+03,4.847189302381593734e-06
6.654000000000000000e+03,4.846059255214640871e-06
6.655000000000000000e+03,4.845052899327129126e-06
6.656000000000000000e+03,4.844203431275673211e-06
6.657000000000000000e+03,4.843150236411020160e-06
6.658000000000000000e+03,4.842500402446603402e-06
6.659000000000000000e+03,4.841898771701380610e-06
6.660000000000000000e+03,4.840538167627528310e-06
6.661000000000000000e+03,4.850215646001743153e-06
6.662000000000000000e+03,4.840150268137222156e-06
6.663000000000000000e+03,4.838743279833579436e-06
6.664000000000000000e+03,4.837896085518877953e-06
6.665000000000000000e+03,4.837161213799845427e-06
6.666000000000000000e+03,4.843898295803228393e-06
6.667000000000000000e+03,4.836860625800909474e-06
6.668000000000000000e+03,4.836416792386444286e-06
6.669000000000000000e+03,4.835214895138051361e-06
6.670000000000000000e+03,4.834198534808820114e-06
6.671000000000000000e+03,4.832852482650196180e-06
6.672000000000000000e+03,4.831076239497633651e-06
6.673000000000000000e+03,4.833700131712248549e-06
6.674000000000000000e+03,4.830610578210325912e-06
6.675000000000000000e+03,4.829833869735011831e-06
6.676000000000000000e+03,4.829110366699751467e-06
6.677000000000000000e+03,4.828117653232766315e-06
6.678000000000000000e+03,4.827428710996173322e-06
6.679000000000000000e+03,4.826164968108059838e-06
6.680000000000000000e+03,4.825335963687393814e-06
6.681000000000000000e+03,4.824831194127909839e-06
6.682000000000000000e+03,4.824103598366491497e-06
6.683000000000000000e+03,4.822796654480043799e-06
6.684000000000000000e+03,4.821545644517755136e-06
6.685000000000000000e+03,4.819992227567126974e-06
6.686000000000000000e+03,4.819462901650695130e-06
6.687000000000000000e+03,4.818935849471017718e-06
6.688000000000000000e+03,4.818710749532328919e-06
6.689000000000000000e+03,4.818284651264548302e-06
6.690000000000000000e+03,4.817347871721722186e-06
6.691000000000000000e+03,4.816484306502388790e-06
6.692000000000000000e+03,4.814246494788676500e-06
6.693000000000000000e+03,4.824249117518775165e-06
6.694000000000000000e+03,4.813588930119294673e-06
6.695000000000000000e+03,4.811883172806119546e-06
6.696000000000000000e+03,4.810648533748462796e-06
6.697000000000000000e+03,4.809518941328860819e-06
6.698000000000000000e+03,4.808047833648743108e-06
6.699000000000000000e+03,4.806076958630001172e-06
6.700000000000000000e+03,4.804953277925960720e-06
6.701000000000000000e+03,4.803321644430980086e-06
6.702000000000000000e+03,4.802587682206649333e-06
6.703000000000000000e+03,4.801532668352592736e-06
6.704000000000000000e+03,4.800256192538654432e-06
6.705000000000000000e+03,4.799093403562437743e-06
6.706000000000000000e+03,4.797509518539300188e-06
6.707000000000000000e+03,4.797524070454528555e-06
6.708000000000000000e+03,4.796971097675850615e-06
6.709000000000000000e+03,4.795835593540687114e-06
6.710000000000000000e+03,4.794577307620784268e-06
6.711000000000000000e+03,4.793526386492885649e-06
6.712000000000000000e+03,4.792557774635497481e-06
6.713000000000000000e+03,4.791020728589501232e-06
6.714000000000000000e+03,4.796503617399139330e-06
6.715000000000000000e+03,4.790520051756175235e-06
6.716000000000000000e+03,4.788988007931038737e-06
6.717000000000000000e+03,4.788103524333564565e-06
6.718000000000000000e+03,4.787195393873844296e-06
6.719000000000000000e+03,4.787149464391404763e-06
6.720000000000000000e+03,4.786215413332683966e-06
6.721000000000000000e+03,4.785612418345408514e-06
6.722000000000000000e+03,4.784708380611846223e-06
6.723000000000000000e+03,4.783998519997112453e-06
6.724000000000000000e+03,4.783264557772781700e-06
6.725000000000000000e+03,4.782378709933254868e-06
6.726000000000000000e+03,4.780586095876060426e-06
6.727000000000000000e+03,4.779813934874255210e-06
6.728000000000000000e+03,4.778202765010064468e-06
6.729000000000000000e+03,4.777496997121488675e-06
6.730000000000000000e+03,4.775573870574589819e-06
6.731000000000000000e+03,4.774354692926863208e-06
6.732000000000000000e+03,4.772723514179233462e-06
6.733000000000000000e+03,4.770980012835934758e-06
6.734000000000000000e+03,4.782438281836220995e-06
6.735000000000000000e+03,4.770543455379083753e-06
6.736000000000000000e+03,4.768867711391067132e-06
6.737000000000000000e+03,4.767962764162803069e-06
6.738000000000000000e+03,4.766573056258494034e-06
6.739000000000000000e+03,4.765144694829359651e-06
6.740000000000000000e+03,4.765441190102137625e-06
6.741000000000000000e+03,4.764238838106393814e-06
6.742000000000000000e+03,4.762550361192552373e-06
6.743000000000000000e+03,4.761302534461719915e-06
6.744000000000000000e+03,4.759202965942677110e-06
6.745000000000000000e+03,4.758165687235305086e-06
6.746000000000000000e+03,4.757365786645095795e-06
6.747000000000000000e+03,4.756979251396842301e-06
6.748000000000000000e+03,4.756271664518862963e-06
6.749000000000000000e+03,4.755007012136047706e-06
6.750000000000000000e+03,4.753486791742034256e-06
6.751000000000000000e+03,4.755027021019486710e-06
6.752000000000000000e+03,4.752650056616403162e-06
6.753000000000000000e+03,4.751331289298832417e-06
6.754000000000000000e+03,4.750495008920552209e-06
6.755000000000000000e+03,4.749269464809913188e-06
6.756000000000000000e+03,4.747979346575448290e-06
6.757000000000000000e+03,4.745667411043541506e-06
6.758000000000000000e+03,4.759158400702290237e-06
6.759000000000000000e+03,4.745103979075793177e-06
6.760000000000000000e+03,4.743824774777749553e-06
6.761000000000000000e+03,4.743093086290173233e-06
6.762000000000000000e+03,4.742198598250979558e-06
6.763000000000000000e+03,4.741003522212849930e-06
6.764000000000000000e+03,4.739954874821705744e-06
6.765000000000000000e+03,4.738571533380309120e-06
6.766000000000000000e+03,4.737594281323254108e-06
6.767000000000000000e+03,4.737171366286929697e-06
6.768000000000000000e+03,4.736512892122846097e-06
6.769000000000000000e+03,4.735657057608477771e-06
6.770000000000000000e+03,4.734789399662986398e-06
6.771000000000000000e+03,4.733945388579741120e-06
6.772000000000000000e+03,4.732887646241579205e-06
6.773000000000000000e+03,4.731668468593852594e-06
6.774000000000000000e+03,4.730322871182579547e-06
6.775000000000000000e+03,4.728872681880602613e-06
6.776000000000000000e+03,4.727592113340506330e-06
6.777000000000000000e+03,4.726678980659926310e-06
6.778000000000000000e+03,4.725789494841592386e-06
6.779000000000000000e+03,4.725184226117562503e-06
6.780000000000000000e+03,4.724695372715359554e-06
6.781000000000000000e+03,4.724030077341012657e-06
6.782000000000000000e+03,4.723319307231577113e-06
6.783000000000000000e+03,4.722998255601851270e-06
6.784000000000000000e+03,4.722424819192383438e-06
6.785000000000000000e+03,4.721468030766118318e-06
6.786000000000000000e+03,4.720056040241615847e-06
6.787000000000000000e+03,4.719386652141110972e-06
6.788000000000000000e+03,4.717806859844131395e-06
6.789000000000000000e+03,4.716994681075448170e-06
6.790000000000000000e+03,4.716203420684905723e-06
6.791000000000000000e+03,4.716115654446184635e-06
6.792000000000000000e+03,4.715487193607259542e-06
6.793000000000000000e+03,4.714736860478296876e-06
6.794000000000000000e+03,4.713568159786518663e-06
6.795000000000000000e+03,4.713082034868421033e-06
6.796000000000000000e+03,4.711986093752784654e-06
6.797000000000000000e+03,4.711026122095063329e-06
6.798000000000000000e+03,4.710339453595224768e-06
6.799000000000000000e+03,4.709791028290055692e-06
6.800000000000000000e+03,4.709469521912978962e-06
6.801000000000000000e+03,4.708532742370152846e-06
6.802000000000000000e+03,4.708598225988680497e-06
6.803000000000000000e+03,4.708022061095107347e-06
6.804000000000000000e+03,4.707570951723027974e-06
6.805000000000000000e+03,4.707115294877439737e-06
6.806000000000000000e+03,4.706796062237117440e-06
6.807000000000000000e+03,4.705911123892292380e-06
6.808000000000000000e+03,4.704511866293614730e-06
6.809000000000000000e+03,4.706085292127681896e-06
6.810000000000000000e+03,4.703580998466350138e-06
6.811000000000000000e+03,4.702058959082933143e-06
6.812000000000000000e+03,4.700647423305781558e-06
6.813000000000000000e+03,4.699145847553154454e-06
6.814000000000000000e+03,4.697396434494294226e-06
6.815000000000000000e+03,4.695519692177185789e-06
6.816000000000000000e+03,4.694395556725794449e-06
6.817000000000000000e+03,4.693209120887331665e-06
6.818000000000000000e+03,4.691527010436402634e-06
6.819000000000000000e+03,4.689780780608998612e-06
6.820000000000000000e+03,4.688637091021519154e-06
6.821000000000000000e+03,4.687222372012911364e-06
6.822000000000000000e+03,4.686283318733330816e-06
6.823000000000000000e+03,4.685396106651751325e-06
6.824000000000000000e+03,4.683737643063068390e-06
6.825000000000000000e+03,4.682123744714772329e-06
6.826000000000000000e+03,4.680795427702832967e-06
6.827000000000000000e+03,4.680040547100361437e-06
6.828000000000000000e+03,4.678936875279759988e-06
6.829000000000000000e+03,4.677334800362586975e-06
6.830000000000000000e+03,4.676122443925123662e-06
6.831000000000000000e+03,4.674314368457999080e-06
6.832000000000000000e+03,4.676472599385306239e-06
6.833000000000000000e+03,4.673559033108176664e-06
6.834000000000000000e+03,4.672624982049455866e-06
6.835000000000000000e+03,4.671804617828456685e-06
6.836000000000000000e+03,4.670205726142739877e-06
6.837000000000000000e+03,4.668112069339258596e-06
6.838000000000000000e+03,4.665644610213348642e-06
6.839000000000000000e+03,4.663953859562752768e-06
6.840000000000000000e+03,4.662076207750942558e-06
6.841000000000000000e+03,4.661077127821044996e-06
6.842000000000000000e+03,4.658798843593103811e-06
6.843000000000000000e+03,4.657746558223152533e-06
6.844000000000000000e+03,4.656405508285388350e-06
6.845000000000000000e+03,4.655839347833534703e-06
6.846000000000000000e+03,4.655212705984013155e-06
6.847000000000000000e+03,4.655367774830665439e-06
6.848000000000000000e+03,4.654711574403336272e-06
6.849000000000000000e+03,4.653969426726689562e-06
6.850000000000000000e+03,4.653349151340080425e-06
6.851000000000000000e+03,4.652672487281961367e-06
6.852000000000000000e+03,4.652040843211580068e-06
6.853000000000000000e+03,4.654169970308430493e-06
6.854000000000000000e+03,4.651657491194782779e-06
6.855000000000000000e+03,4.650788014259887859e-06
6.856000000000000000e+03,4.649561560654547065e-06
6.857000000000000000e+03,4.648743015422951430e-06
6.858000000000000000e+03,4.647464720619609579e-06
6.859000000000000000e+03,4.647618425224209204e-06
6.860000000000000000e+03,4.646657998819136992e-06
6.861000000000000000e+03,4.645182343665510416e-06
6.862000000000000000e+03,4.644111413654172793e-06
6.863000000000000000e+03,4.643161446438170969e-06
6.864000000000000000e+03,4.641116447601234540e-06
6.865000000000000000e+03,4.639092367142438889e-06
6.866000000000000000e+03,4.638372502085985616e-06
6.867000000000000000e+03,4.637302481569349766e-06
6.868000000000000000e+03,4.636475296138087288e-06
6.869000000000000000e+03,4.635696313926018775e-06
6.870000000000000000e+03,4.634020569938002154e-06
6.871000000000000000e+03,4.632152467820560560e-06
6.872000000000000000e+03,4.630888270185096189e-06
6.873000000000000000e+03,4.629869181371759623e-06
6.874000000000000000e+03,4.628998794942162931e-06
6.875000000000000000e+03,4.628097485692705959e-06
6.876000000000000000e+03,4.626215286407386884e-06
6.877000000000000000e+03,4.626725512935081497e-06
6.878000000000000000e+03,4.625308065442368388e-06
6.879000000000000000e+03,4.623910626833094284e-06
6.880000000000000000e+03,4.623278528015362099e-06
6.881000000000000000e+03,4.622714186552911997e-06
6.882000000000000000e+03,4.622184405889129266e-06
6.883000000000000000e+03,4.620609615813009441e-06
6.884000000000000000e+03,4.619148512574611232e-06
6.885000000000000000e+03,4.618150796886766329e-06
6.886000000000000000e+03,4.615793386619770899e-06
6.887000000000000000e+03,4.614947101799771190e-06
6.888000000000000000e+03,4.613919372786767781e-06
6.889000000000000000e+03,4.613286364474333823e-06
6.890000000000000000e+03,4.612697466654935852e-06
6.891000000000000000e+03,4.611626081896247342e-06
6.892000000000000000e+03,4.611008080246392637e-06
6.893000000000000000e+03,4.610121322912164032e-06
6.894000000000000000e+03,4.608078143064631149e-06
6.895000000000000000e+03,4.606928541761590168e-06
6.896000000000000000e+03,4.604677997122053057e-06
6.897000000000000000e+03,4.603215074894251302e-06
6.898000000000000000e+03,4.600737611326621845e-06
6.899000000000000000e+03,4.599662588589126244e-06
6.900000000000000000e+03,4.598608029482420534e-06
6.901000000000000000e+03,4.597920906235231087e-06
6.902000000000000000e+03,4.597005045070545748e-06
6.903000000000000000e+03,4.596955477609299123e-06
6.904000000000000000e+03,4.596617600327590480e-06
6.905000000000000000e+03,4.595835434884065762e-06
6.906000000000000000e+03,4.595125574269331992e-06
6.907000000000000000e+03,4.593873654812341556e-06
6.908000000000000000e+03,4.592686309479176998e-06
6.909000000000000000e+03,4.594470738084055483e-06
6.910000000000000000e+03,4.592204732034588233e-06
6.911000000000000000e+03,4.591114702634513378e-06
6.912000000000000000e+03,4.590111075231106952e-06
6.913000000000000000e+03,4.589064246829366311e-06
6.914000000000000000e+03,4.588146566675277427e-06
6.915000000000000000e+03,4.591777269524754956e-06
6.916000000000000000e+03,4.587782314047217369e-06
6.917000000000000000e+03,4.586904651660006493e-06
6.918000000000000000e+03,4.586143404594622552e-06
6.919000000000000000e+03,4.585084298014407977e-06
6.920000000000000000e+03,4.584145699482178316e-06
6.921000000000000000e+03,4.582662313623586670e-06
6.922000000000000000e+03,4.588313004205701873e-06
6.923000000000000000e+03,4.582292604027315974e-06
6.924000000000000000e+03,4.581489974953001365e-06
6.925000000000000000e+03,4.580642325890948996e-06
6.926000000000000000e+03,4.578777407004963607e-06
6.927000000000000000e+03,4.577111667458666489e-06
6.928000000000000000e+03,4.575474576995475218e-06
6.929000000000000000e+03,4.573960723064374179e-06
6.930000000000000000e+03,4.572518719214713201e-06
6.931000000000000000e+03,4.570831151795573533e-06
6.932000000000000000e+03,4.569292741507524624e-06
6.933000000000000000e+03,4.568303666019346565e-06
6.934000000000000000e+03,4.566566985886311159e-06
6.935000000000000000e+03,4.564301434584194794e-06
6.936000000000000000e+03,4.565978997561614960e-06
6.937000000000000000e+03,4.563143647828837857e-06
6.938000000000000000e+03,4.560681645671138540e-06
6.939000000000000000e+03,4.559439275908516720e-06
6.940000000000000000e+03,4.558448381430935115e-06
6.941000000000000000e+03,4.557499323709635064e-06
6.942000000000000000e+03,4.555489340418716893e-06
6.943000000000000000e+03,4.556510702968807891e-06
6.944000000000000000e+03,4.555075520329410210e-06
6.945000000000000000e+03,4.554412953439168632e-06
6.946000000000000000e+03,4.553585313260555267e-06
6.947000000000000000e+03,4.555682153295492753e-06
6.948000000000000000e+03,4.553185590339126065e-06
6.949000000000000000e+03,4.552463451545918360e-06
6.950000000000000000e+03,4.551128313323715702e-06
6.951000000000000000e+03,4.549874574877321720e-06
6.952000000000000000e+03,4.548709057416999713e-06
6.953000000000000000e+03,4.558857654046732932e-06
6.954000000000000000e+03,4.548436663753818721e-06
6.955000000000000000e+03,4.547459411696763709e-06
6.956000000000000000e+03,4.546623131318483502e-06
6.957000000000000000e+03,4.545715910353465006e-06
6.958000000000000000e+03,4.544689090835163370e-06
6.959000000000000000e+03,4.545893716567661613e-06
6.960000000000000000e+03,4.544311195786576718e-06
6.961000000000000000e+03,4.543328032013960183e-06
6.962000000000000000e+03,4.542041551758302376e-06
6.963000000000000000e+03,4.541213911579689011e-06
6.964000000000000000e+03,4.540335339697776362e-06
6.965000000000000000e+03,4.539831024885643274e-06
6.966000000000000000e+03,4.539040673989802599e-06
6.967000000000000000e+03,4.538330358627717942e-06
6.968000000000000000e+03,4.536389042186783627e-06
6.969000000000000000e+03,4.536965661827707663e-06
6.970000000000000000e+03,4.535732387012103572e-06
6.971000000000000000e+03,4.534808795142453164e-06
6.972000000000000000e+03,4.534138952294597402e-06
6.973000000000000000e+03,4.532919774646870792e-06
6.974000000000000000e+03,4.531775175564689562e-06
6.975000000000000000e+03,4.545380306808510795e-06
6.976000000000000000e+03,4.531560989562422037e-06
6.977000000000000000e+03,4.530673322733491659e-06
6.978000000000000000e+03,4.530146725301165134e-06
6.979000000000000000e+03,4.529344096226850525e-06
6.980000000000000000e+03,4.528734734776662663e-06
6.981000000000000000e+03,4.527636519924271852e-06
6.982000000000000000e+03,4.534532308753114194e-06
6.983000000000000000e+03,4.527129021880682558e-06
6.984000000000000000e+03,4.526153134065680206e-06
6.985000000000000000e+03,4.525411441136384383e-06
6.986000000000000000e+03,4.524366431724047288e-06
6.987000000000000000e+03,4.523154984781285748e-06
6.988000000000000000e+03,4.522028575593139976e-06
6.989000000000000000e+03,4.520619768300093710e-06
6.990000000000000000e+03,4.519624781096354127e-06
6.991000000000000000e+03,4.518701189226703718e-06
6.992000000000000000e+03,4.517346496868412942e-06
6.993000000000000000e+03,4.515229193202685565e-06
6.994000000000000000e+03,4.514045485848328099e-06
6.995000000000000000e+03,4.512970917858183384e-06
6.996000000000000000e+03,4.512871782935690135e-06
6.997000000000000000e+03,4.511485258262837306e-06
6.998000000000000000e+03,4.510592589213047177e-06
6.999000000000000000e+03,4.509367045102408156e-06
7.000000000000000000e+03,4.508279289439087734e-06
7.001000000000000000e+03,4.507664925768040121e-06
7.002000000000000000e+03,4.506797722569899634e-06
7.003000000000000000e+03,4.506384357227943838e-06
7.004000000000000000e+03,4.505817742028739303e-06
7.005000000000000000e+03,4.508783149503869936e-06
7.006000000000000000e+03,4.505584911385085434e-06
7.007000000000000000e+03,4.505043307290179655e-06
7.008000000000000000e+03,4.504458502196939662e-06
7.009000000000000000e+03,4.503464879235252738e-06
7.010000000000000000e+03,4.502689535001991317e-06
7.011000000000000000e+03,4.501741386775393039e-06
7.012000000000000000e+03,4.500741397350793704e-06
7.013000000000000000e+03,4.499428541748784482e-06
7.014000000000000000e+03,4.498592261370504275e-06
7.015000000000000000e+03,4.497506779443938285e-06
7.016000000000000000e+03,4.497834197536576539e-06
7.017000000000000000e+03,4.496928340813610703e-06
7.018000000000000000e+03,4.496218934946227819e-06
7.019000000000000000e+03,4.495659595704637468e-06
7.020000000000000000e+03,4.495246685110032558e-06
7.021000000000000000e+03,4.495408575166948140e-06
7.022000000000000000e+03,4.494882432481972501e-06
7.023000000000000000e+03,4.494402674026787281e-06
7.024000000000000000e+03,4.494181212066905573e-06
7.025000000000000000e+03,4.493947926675900817e-06
7.026000000000000000e+03,4.493247161008184776e-06
7.027000000000000000e+03,4.492105290410108864e-06
7.028000000000000000e+03,4.496859219216275960e-06
7.029000000000000000e+03,4.491611434787046164e-06
7.030000000000000000e+03,4.490164428716525435e-06
7.031000000000000000e+03,4.489222192205488682e-06
7.032000000000000000e+03,4.488197191676590592e-06
7.033000000000000000e+03,4.487294972932431847e-06
7.034000000000000000e+03,4.486370016820728779e-06
7.035000000000000000e+03,4.485630597628187388e-06
7.036000000000000000e+03,4.484574674279429018e-06
7.037000000000000000e+03,4.483530574361793697e-06
7.038000000000000000e+03,4.481701580516528338e-06
7.039000000000000000e+03,4.482415533857420087e-06
7.040000000000000000e+03,4.480872576095862314e-06
7.041000000000000000e+03,4.480011739360634238e-06
7.042000000000000000e+03,4.479476956475991756e-06
7.043000000000000000e+03,4.478422397369286045e-06
7.044000000000000000e+03,4.476963113120291382e-06
7.045000000000000000e+03,4.474680281418841332e-06
7.046000000000000000e+03,4.494580480240983889e-06
7.047000000000000000e+03,4.474156412470620126e-06
7.048000000000000000e+03,4.472199179872404784e-06
7.049000000000000000e+03,4.470569820114178583e-06
7.050000000000000000e+03,4.468702172744087875e-06
7.051000000000000000e+03,4.467744020075770095e-06
7.052000000000000000e+03,4.466702648642240092e-06
7.053000000000000000e+03,4.465901383809978142e-06
7.054000000000000000e+03,4.465057372726732865e-06
7.055000000000000000e+03,4.463490313355578110e-06
7.056000000000000000e+03,4.461949174583423883e-06
7.057000000000000000e+03,4.460774562176084146e-06
7.058000000000000000e+03,4.459882802620995790e-06
7.059000000000000000e+03,4.459056071937084198e-06
7.060000000000000000e+03,4.457969225768465549e-06
7.061000000000000000e+03,4.456911028682952747e-06
7.062000000000000000e+03,4.455478574527660385e-06
7.063000000000000000e+03,4.454401732800761238e-06
7.064000000000000000e+03,4.454078407434280962e-06
7.065000000000000000e+03,4.453618657862534747e-06
7.066000000000000000e+03,4.453273959370562807e-06
7.067000000000000000e+03,4.452466782822739333e-06
7.068000000000000000e+03,4.451678250916302204e-06
7.069000000000000000e+03,4.450377218745416030e-06
7.070000000000000000e+03,4.449298103281762451e-06
7.071000000000000000e+03,4.448560957825975493e-06
7.072000000000000000e+03,4.446898401511134580e-06
7.073000000000000000e+03,4.447495030035497621e-06
7.074000000000000000e+03,4.445724243851145729e-06
7.075000000000000000e+03,4.443470970727503300e-06
7.076000000000000000e+03,4.442249974090373144e-06
7.077000000000000000e+03,4.441175406100228429e-06
7.078000000000000000e+03,4.440119028004119173e-06
7.079000000000000000e+03,4.439335498318541795e-06
7.080000000000000000e+03,4.438155428942991421e-06
7.081000000000000000e+03,4.437480583874275908e-06
7.082000000000000000e+03,4.436731160240015015e-06
7.083000000000000000e+03,4.434616130311042070e-06
7.084000000000000000e+03,4.437594270711997524e-06
7.085000000000000000e+03,4.433857611729763448e-06
7.086000000000000000e+03,4.432243713381467387e-06
7.087000000000000000e+03,4.431215529621113092e-06
7.088000000000000000e+03,4.429608907230431214e-06
7.089000000000000000e+03,4.428478405316127464e-06
7.090000000000000000e+03,4.427734438650077209e-06
7.091000000000000000e+03,4.427022304298589006e-06
7.092000000000000000e+03,4.426477062224876136e-06
7.093000000000000000e+03,4.425899078341899440e-06
7.094000000000000000e+03,4.424228336574742571e-06
7.095000000000000000e+03,4.424772214406402782e-06
7.096000000000000000e+03,4.423124664754141122e-06
7.097000000000000000e+03,4.421786798047833145e-06
7.098000000000000000e+03,4.420433924678945914e-06
7.099000000000000000e+03,4.419326160132186487e-06
7.100000000000000000e+03,4.418286152940709144e-06
7.101000000000000000e+03,4.417545369506115094e-06
7.102000000000000000e+03,4.415933290147222579e-06
7.103000000000000000e+03,4.415016064740484580e-06
7.104000000000000000e+03,4.413245733303483576e-06
7.105000000000000000e+03,4.412018370203441009e-06
7.106000000000000000e+03,4.411078407429158688e-06
7.107000000000000000e+03,4.409883786138379946e-06
7.108000000000000000e+03,4.408887889439938590e-06
7.109000000000000000e+03,4.407743290357757360e-06
7.110000000000000000e+03,4.406986590765882283e-06
7.111000000000000000e+03,4.405932031659176573e-06
7.112000000000000000e+03,4.407634150993544608e-06
7.113000000000000000e+03,4.405333129398059100e-06
7.114000000000000000e+03,4.404088031151331961e-06
7.115000000000000000e+03,4.403023467602906749e-06
7.116000000000000000e+03,4.401144451549043879e-06
7.117000000000000000e+03,4.399274530442198738e-06
7.118000000000000000e+03,4.397964403324294835e-06
7.119000000000000000e+03,4.397139491629786789e-06
7.120000000000000000e+03,4.396771601022919640e-06
7.121000000000000000e+03,4.396230906422715634e-06
7.122000000000000000e+03,4.395526048028841615e-06
7.123000000000000000e+03,4.394331426738062873e-06
7.124000000000000000e+03,4.393269136926392093e-06
7.125000000000000000e+03,4.391653874336043373e-06
7.126000000000000000e+03,4.391094989841803908e-06
7.127000000000000000e+03,4.390595677250530571e-06
7.128000000000000000e+03,4.389683908812003210e-06
7.129000000000000000e+03,4.389137302496237680e-06
7.130000000000000000e+03,4.388425622892100364e-06
7.131000000000000000e+03,4.387745320855174214e-06
7.132000000000000000e+03,4.387047283671563491e-06
7.133000000000000000e+03,4.385994543554261327e-06
7.134000000000000000e+03,4.385624833957990631e-06
7.135000000000000000e+03,4.384806288726394996e-06
7.136000000000000000e+03,4.384410203783772886e-06
7.137000000000000000e+03,4.384065505291800946e-06
7.138000000000000000e+03,4.383097802929114550e-06
7.139000000000000000e+03,4.382977749628480524e-06
7.140000000000000000e+03,4.382191491458797827e-06
7.141000000000000000e+03,4.380769041745224968e-06
7.142000000000000000e+03,4.379630809125956148e-06
7.143000000000000000e+03,4.378533503768267110e-06
7.144000000000000000e+03,4.377393906906945631e-06
7.145000000000000000e+03,4.375725893623894081e-06
7.146000000000000000e+03,4.374381660454673693e-06
7.147000000000000000e+03,4.373358024167828262e-06
7.148000000000000000e+03,4.372503099148161709e-06
7.149000000000000000e+03,4.371540399006335065e-06
7.150000000000000000e+03,4.380015070637455210e-06
7.151000000000000000e+03,4.371015165816061199e-06
7.152000000000000000e+03,4.369594989839242771e-06
7.153000000000000000e+03,4.368862391856964678e-06
7.154000000000000000e+03,4.367660949355922639e-06
7.155000000000000000e+03,4.366560915514128283e-06
7.156000000000000000e+03,4.365965651231817901e-06
7.157000000000000000e+03,4.364662800071528181e-06
7.158000000000000000e+03,4.363723292044596747e-06
7.159000000000000000e+03,4.362737399787874892e-06
7.160000000000000000e+03,4.361741957836784422e-06
7.161000000000000000e+03,4.362250820122426376e-06
7.162000000000000000e+03,4.361226729088230059e-06
7.163000000000000000e+03,4.360098955658031628e-06
7.164000000000000000e+03,4.359219929028768092e-06
7.165000000000000000e+03,4.358371370472013950e-06
7.166000000000000000e+03,4.357399575383169577e-06
7.167000000000000000e+03,4.356124463811283931e-06
7.168000000000000000e+03,4.354690645413938910e-06
7.169000000000000000e+03,4.352906671556411311e-06
7.170000000000000000e+03,4.351356892584590241e-06
7.171000000000000000e+03,4.349306436779443175e-06
7.172000000000000000e+03,4.347321464592823759e-06
7.173000000000000000e+03,4.346178684500046074e-06
7.174000000000000000e+03,4.344911303633125499e-06
7.175000000000000000e+03,4.344330136518692598e-06
7.176000000000000000e+03,4.343215096014318988e-06
7.177000000000000000e+03,4.341763087722938508e-06
7.178000000000000000e+03,4.340422037785174325e-06
7.179000000000000000e+03,4.338956387073267251e-06
7.180000000000000000e+03,4.337724476499715820e-06
7.181000000000000000e+03,4.336256097303703427e-06
7.182000000000000000e+03,4.334633558755740523e-06
7.183000000000000000e+03,4.333362539910012856e-06
7.184000000000000000e+03,4.332308435550658032e-06
7.185000000000000000e+03,4.331318905315129086e-06
7.186000000000000000e+03,4.330237970862071961e-06
7.187000000000000000e+03,4.334080131229711697e-06
7.188000000000000000e+03,4.329898729338310659e-06
7.189000000000000000e+03,4.328980139689520001e-06
7.190000000000000000e+03,4.328162958699977025e-06
7.191000000000000000e+03,4.327432634454453364e-06
7.192000000000000000e+03,4.326597263570874929e-06
7.193000000000000000e+03,4.326922862674109638e-06
7.194000000000000000e+03,4.326050657255109400e-06
7.195000000000000000e+03,4.324960173107683659e-06
7.196000000000000000e+03,4.323987468524137512e-06
7.197000000000000000e+03,4.322817858337657526e-06
7.198000000000000000e+03,4.322499535192037001e-06
7.199000000000000000e+03,4.321143023844342679e-06
7.200000000000000000e+03,4.320433617976959795e-06
7.201000000000000000e+03,4.319826985010877252e-06
7.202000000000000000e+03,4.319118033890845254e-06
7.203000000000000000e+03,4.317844741308363155e-06
7.204000000000000000e+03,4.320344032748835161e-06
7.205000000000000000e+03,4.317360435379669070e-06
7.206000000000000000e+03,4.316428658057702705e-06
7.207000000000000000e+03,4.315927526477025822e-06
7.208000000000000000e+03,4.315450041758595034e-06
7.209000000000000000e+03,4.314333182264817879e-06
7.210000000000000000e+03,4.312939836381701753e-06
7.211000000000000000e+03,4.311350949137704447e-06
7.212000000000000000e+03,4.321640517446212471e-06
7.213000000000000000e+03,4.310831627662992105e-06
7.214000000000000000e+03,4.309642463340424001e-06
7.215000000000000000e+03,4.308202733227517456e-06
7.216000000000000000e+03,4.307002654968528077e-06
7.217000000000000000e+03,4.305835773266153410e-06
7.218000000000000000e+03,4.304477442929055542e-06
7.219000000000000000e+03,4.304105459596030414e-06
7.220000000000000000e+03,4.302678917156299576e-06
7.221000000000000000e+03,4.302115030441200361e-06
7.222000000000000000e+03,4.301420631236396730e-06
7.223000000000000000e+03,4.300322416384005919e-06
7.224000000000000000e+03,4.299757620174204931e-06
7.225000000000000000e+03,4.298135536373592913e-06
7.226000000000000000e+03,4.297125542507274076e-06
7.227000000000000000e+03,4.295563940104329959e-06
7.228000000000000000e+03,4.294247901270864531e-06
7.229000000000000000e+03,4.293292022339301184e-06
7.230000000000000000e+03,4.292077392165083438e-06
7.231000000000000000e+03,4.291503955755615607e-06
7.232000000000000000e+03,4.290221113478764892e-06
7.233000000000000000e+03,4.289201115170726553e-06
7.234000000000000000e+03,4.288130185159388930e-06
7.235000000000000000e+03,4.287334832042688504e-06
7.236000000000000000e+03,4.286491275706794113e-06
7.237000000000000000e+03,4.285438535589491948e-06
7.238000000000000000e+03,4.284621809347299859e-06
7.239000000000000000e+03,4.283637281332630664e-06
7.240000000000000000e+03,4.282956524548353627e-06
7.241000000000000000e+03,4.282031113689299673e-06
7.242000000000000000e+03,4.281134351913351566e-06
7.243000000000000000e+03,4.280502707842970267e-06
7.244000000000000000e+03,4.279687800590181723e-06
7.245000000000000000e+03,4.279263976059155539e-06
7.246000000000000000e+03,4.278785581846022978e-06
7.247000000000000000e+03,4.278162123227957636e-06
7.248000000000000000e+03,4.277558673493331298e-06
7.249000000000000000e+03,4.276389063306851313e-06
7.250000000000000000e+03,4.274893399269785732e-06
7.251000000000000000e+03,4.273937975085573271e-06
7.252000000000000000e+03,4.272870683053042740e-06
7.253000000000000000e+03,4.271794296073494479e-06
7.254000000000000000e+03,4.270423232810571790e-06
7.255000000000000000e+03,4.269687451596837491e-06
7.256000000000000000e+03,4.268425982445478439e-06
7.257000000000000000e+03,4.267564690962899476e-06
7.258000000000000000e+03,4.266989435564028099e-06
7.259000000000000000e+03,4.266100404493045062e-06
7.260000000000000000e+03,4.265587449481245130e-06
7.261000000000000000e+03,4.264979907020460814e-06
7.262000000000000000e+03,4.264519247954012826e-06
7.263000000000000000e+03,4.264132257958408445e-06
7.264000000000000000e+03,4.263453320163534954e-06
7.265000000000000000e+03,4.263104074198054150e-06
7.266000000000000000e+03,4.262285983713809401e-06
7.267000000000000000e+03,4.261948106432100758e-06
7.268000000000000000e+03,4.261233698343858123e-06
7.269000000000000000e+03,4.260345576767576858e-06
7.270000000000000000e+03,4.259367415215820074e-06
7.271000000000000000e+03,4.258415629010414705e-06
7.272000000000000000e+03,4.257743057678453624e-06
7.273000000000000000e+03,4.256930878909770399e-06
7.274000000000000000e+03,4.255406565789598972e-06
7.275000000000000000e+03,4.254606665199389681e-06
7.276000000000000000e+03,4.253362931194715202e-06
7.277000000000000000e+03,4.254959549143677577e-06
7.278000000000000000e+03,4.252853159414371476e-06
7.279000000000000000e+03,4.252171493135392666e-06
7.280000000000000000e+03,4.251455266057746485e-06
7.281000000000000000e+03,4.250724487064871937e-06
7.282000000000000000e+03,4.249545781931374222e-06
7.283000000000000000e+03,4.266526048013474792e-06
7.284000000000000000e+03,4.249240646458929405e-06
7.285000000000000000e+03,4.248302957421401516e-06
7.286000000000000000e+03,4.247720426064915955e-06
7.287000000000000000e+03,4.247173365001799539e-06
7.288000000000000000e+03,4.246559910825453699e-06
7.289000000000000000e+03,4.245465333951869980e-06
7.290000000000000000e+03,4.245637683197855949e-06
7.291000000000000000e+03,4.244802312314277515e-06
7.292000000000000000e+03,4.244206138537265360e-06
7.293000000000000000e+03,4.243874627718469128e-06
7.294000000000000000e+03,4.243644070811569691e-06
7.295000000000000000e+03,4.242742306814761832e-06
7.296000000000000000e+03,4.243294370098738000e-06
7.297000000000000000e+03,4.242229806550312787e-06
7.298000000000000000e+03,4.241291208018083125e-06
7.299000000000000000e+03,4.240157522872323170e-06
7.300000000000000000e+03,4.239567260810872540e-06
7.301000000000000000e+03,4.239208465151023120e-06
7.302000000000000000e+03,4.238485416863113642e-06
7.303000000000000000e+03,4.238123437971808016e-06
7.304000000000000000e+03,4.237604116497095674e-06
7.305000000000000000e+03,4.236654149281093851e-06
7.306000000000000000e+03,4.235632786731002852e-06
7.307000000000000000e+03,4.234840162098407745e-06
7.308000000000000000e+03,4.234041171002900228e-06
7.309000000000000000e+03,4.233109848428284749e-06
7.310000000000000000e+03,4.231809271004749462e-06
7.311000000000000000e+03,4.232722858432680368e-06
7.312000000000000000e+03,4.231051661918172613e-06
7.313000000000000000e+03,4.230278136674314737e-06
7.314000000000000000e+03,4.229257228871574625e-06
7.315000000000000000e+03,4.228419584251241758e-06
7.316000000000000000e+03,4.227591489325277507e-06
7.317000000000000000e+03,4.226816145092016086e-06
7.318000000000000000e+03,4.227214958518743515e-06
7.319000000000000000e+03,4.226400506013305858e-06
7.320000000000000000e+03,4.225942575430963188e-06
7.321000000000000000e+03,4.224742042424622923e-06
7.322000000000000000e+03,4.223955329507589340e-06
7.323000000000000000e+03,4.222790266794618219e-06
7.324000000000000000e+03,4.221943981974618509e-06
7.325000000000000000e+03,4.222332790959626436e-06
7.326000000000000000e+03,4.221127255732426420e-06
7.327000000000000000e+03,4.220554274070309475e-06
7.328000000000000000e+03,4.219552010908955708e-06
7.329000000000000000e+03,4.218436060909880325e-06
7.330000000000000000e+03,4.217547029838897288e-06
7.331000000000000000e+03,4.216657544020563364e-06
7.332000000000000000e+03,4.216155502945184708e-06
7.333000000000000000e+03,4.215658464090665802e-06
7.334000000000000000e+03,4.215183253108989447e-06
7.335000000000000000e+03,4.214322416373761371e-06
7.336000000000000000e+03,4.213461124891182408e-06
7.337000000000000000e+03,4.212518888380145654e-06
7.338000000000000000e+03,4.211779923934955150e-06
7.339000000000000000e+03,4.210402948956470937e-06
7.340000000000000000e+03,4.215790340822422877e-06
7.341000000000000000e+03,4.210105544188991189e-06
7.342000000000000000e+03,4.209479811834171414e-06
7.343000000000000000e+03,4.208328391541726887e-06
7.344000000000000000e+03,4.207427991786971688e-06
7.345000000000000000e+03,4.206857283861609176e-06
7.346000000000000000e+03,4.206251560390228406e-06
7.347000000000000000e+03,4.205740424367832020e-06
7.348000000000000000e+03,4.204934157314710319e-06
7.349000000000000000e+03,4.203841399430530146e-06
7.350000000000000000e+03,4.202952823106897995e-06
7.351000000000000000e+03,4.202513537165941671e-06
7.352000000000000000e+03,4.201927367830649018e-06
7.353000000000000000e+03,4.201850970275700092e-06
7.354000000000000000e+03,4.201449428364867344e-06
7.355000000000000000e+03,4.200785497232573107e-06
7.356000000000000000e+03,4.200058356218505651e-06
7.357000000000000000e+03,4.199136583338258788e-06
7.358000000000000000e+03,4.198620445095002651e-06
7.359000000000000000e+03,4.197479938738979399e-06
7.360000000000000000e+03,4.196835106995422393e-06
7.361000000000000000e+03,4.196033842163160443e-06
7.362000000000000000e+03,4.196236659481655806e-06
7.363000000000000000e+03,4.195620476821204647e-06
7.364000000000000000e+03,4.195005658402806148e-06
7.365000000000000000e+03,4.194401753920828924e-06
7.366000000000000000e+03,4.193865606794133782e-06
7.367000000000000000e+03,4.192781489109620452e-06
7.368000000000000000e+03,4.191333118797047064e-06
7.369000000000000000e+03,4.189778337604366243e-06
7.370000000000000000e+03,4.189138508081668988e-06
7.371000000000000000e+03,4.187639206065796316e-06
7.372000000000000000e+03,4.186730620858725160e-06
7.373000000000000000e+03,4.185469606454716995e-06
7.374000000000000000e+03,4.184309545962605625e-06
7.375000000000000000e+03,4.183721557637909427e-06
7.376000000000000000e+03,4.182023985777050257e-06
7.377000000000000000e+03,4.181188614893471822e-06
7.378000000000000000e+03,4.179863026365637779e-06
7.379000000000000000e+03,4.178567905910313129e-06
7.380000000000000000e+03,4.177790742687648162e-06
7.381000000000000000e+03,4.176797119725961238e-06
7.382000000000000000e+03,4.175522917648777366e-06
7.383000000000000000e+03,4.175299181952141225e-06
7.384000000000000000e+03,4.174748937657568604e-06
7.385000000000000000e+03,4.173904017079621553e-06
7.386000000000000000e+03,4.173680736130336300e-06
7.387000000000000000e+03,4.172063199803233147e-06
7.388000000000000000e+03,4.171402451902395114e-06
7.389000000000000000e+03,4.170792635704856366e-06
7.390000000000000000e+03,4.170023657934507355e-06
7.391000000000000000e+03,4.168700343143427745e-06
7.392000000000000000e+03,4.168108262092573568e-06
7.393000000000000000e+03,4.166789494775002822e-06
7.394000000000000000e+03,4.166268354310886934e-06
7.395000000000000000e+03,4.165633981756400317e-06
7.396000000000000000e+03,4.164966867392649874e-06
7.397000000000000000e+03,4.163822268310468644e-06
7.398000000000000000e+03,4.162297955190297216e-06
7.399000000000000000e+03,4.161129709245869890e-06
7.400000000000000000e+03,4.160177923040464520e-06
7.401000000000000000e+03,4.159139734838390723e-06
7.402000000000000000e+03,4.158595857006730512e-06
7.403000000000000000e+03,4.157050625508418307e-06
7.404000000000000000e+03,4.155518126935930923e-06
7.405000000000000000e+03,4.154653197474544868e-06
7.406000000000000000e+03,4.153411282459273934e-06
7.407000000000000000e+03,4.153931513428688049e-06
7.408000000000000000e+03,4.153014288021950051e-06
7.409000000000000000e+03,4.152435394644271582e-06
7.410000000000000000e+03,4.151618213654728606e-06
7.411000000000000000e+03,4.151131179241929203e-06
7.412000000000000000e+03,4.150249878875911236e-06
7.413000000000000000e+03,4.148900188738480210e-06
7.414000000000000000e+03,4.147198069404112175e-06
7.415000000000000000e+03,4.145912953390507028e-06
7.416000000000000000e+03,4.145361344853881747e-06
7.417000000000000000e+03,4.144345894019352272e-06
7.418000000000000000e+03,4.144003924011485651e-06
7.419000000000000000e+03,4.143224032304715365e-06
7.420000000000000000e+03,4.142807483731303364e-06
7.421000000000000000e+03,4.141773388255387545e-06
7.422000000000000000e+03,4.140638338867574930e-06
7.423000000000000000e+03,4.139769771427381784e-06
7.424000000000000000e+03,4.142472789681050926e-06
7.425000000000000000e+03,4.139295924687758088e-06
7.426000000000000000e+03,4.138460099056828767e-06
7.427000000000000000e+03,4.137292307859752327e-06
7.428000000000000000e+03,4.135994913667673245e-06
7.429000000000000000e+03,4.134951723244739696e-06
7.430000000000000000e+03,4.133672064199345186e-06
7.431000000000000000e+03,4.132756657782010734e-06
7.432000000000000000e+03,4.133346465096110478e-06
7.433000000000000000e+03,4.131880814384203404e-06
7.434000000000000000e+03,4.130425168114015833e-06
7.435000000000000000e+03,4.129354692850029096e-06
7.436000000000000000e+03,4.128422460780711845e-06
7.437000000000000000e+03,4.128386080992640927e-06
7.438000000000000000e+03,4.127419742872007191e-06
7.439000000000000000e+03,4.126054591324646026e-06
7.440000000000000000e+03,4.124871793464990333e-06
7.441000000000000000e+03,4.123899998376145959e-06
7.442000000000000000e+03,4.122643986192997545e-06
7.443000000000000000e+03,4.122474820178467780e-06
7.444000000000000000e+03,4.121113306609913707e-06
7.445000000000000000e+03,4.120492121728602797e-06
7.446000000000000000e+03,4.119791810808237642e-06
7.447000000000000000e+03,4.118482593185035512e-06
7.448000000000000000e+03,4.116884610994020477e-06
7.449000000000000000e+03,4.115649971936363727e-06
7.450000000000000000e+03,4.114685907552484423e-06
7.451000000000000000e+03,4.114499006391270086e-06
7.452000000000000000e+03,4.113441718800459057e-06
7.453000000000000000e+03,4.113129307370400056e-06
7.454000000000000000e+03,4.112723672733409330e-06
7.455000000000000000e+03,4.112481747142737731e-06
7.456000000000000000e+03,4.111731414013775066e-06
7.457000000000000000e+03,4.112344868190120906e-06
7.458000000000000000e+03,4.110906502319267020e-06
7.459000000000000000e+03,4.109668680030154064e-06
7.460000000000000000e+03,4.108409484615549445e-06
7.461000000000000000e+03,4.107546828890917823e-06
7.462000000000000000e+03,4.107092536287382245e-06
7.463000000000000000e+03,4.106428605155088007e-06
7.464000000000000000e+03,4.105534117115894333e-06
7.465000000000000000e+03,4.103929768461966887e-06
7.466000000000000000e+03,4.102751063328469172e-06
7.467000000000000000e+03,4.101499143871478736e-06
7.468000000000000000e+03,4.100679234397830442e-06
7.469000000000000000e+03,4.099669695278862491e-06
7.470000000000000000e+03,4.101531430933391675e-06
7.471000000000000000e+03,4.099121269973693416e-06
7.472000000000000000e+03,4.097741566511103883e-06
7.473000000000000000e+03,4.096689281141152605e-06
7.474000000000000000e+03,4.095298208994790912e-06
7.475000000000000000e+03,4.094057658221572638e-06
7.476000000000000000e+03,4.093128609383711591e-06
7.477000000000000000e+03,4.091931714356178418e-06
7.478000000000000000e+03,4.091165919817285612e-06
7.479000000000000000e+03,4.090477887075394392e-06
7.480000000000000000e+03,4.088698460691375658e-06
7.481000000000000000e+03,4.088711193617200479e-06
7.482000000000000000e+03,4.087632078153546900e-06
7.483000000000000000e+03,4.086059107066830620e-06
7.484000000000000000e+03,4.084854026586981490e-06
7.485000000000000000e+03,4.083640305907465518e-06
7.486000000000000000e+03,4.081841780134709552e-06
7.487000000000000000e+03,4.078687197761610150e-06
7.488000000000000000e+03,4.098576027899980545e-06
7.489000000000000000e+03,4.077953690284630284e-06
7.490000000000000000e+03,4.076108780282083899e-06
7.491000000000000000e+03,4.074956450494937599e-06
7.492000000000000000e+03,4.073982836416689679e-06
7.493000000000000000e+03,4.072442152391886339e-06
7.494000000000000000e+03,4.076361619809176773e-06
7.495000000000000000e+03,4.072040155733702704e-06
7.496000000000000000e+03,4.070978775416733697e-06
7.497000000000000000e+03,4.070270279044052586e-06
7.498000000000000000e+03,4.069705937581602484e-06
7.499000000000000000e+03,4.068885573360603303e-06
7.500000000000000000e+03,4.067702775500947610e-06
7.501000000000000000e+03,4.075210654264083132e-06
7.502000000000000000e+03,4.067435384058626369e-06
7.503000000000000000e+03,4.066528163093607873e-06
7.504000000000000000e+03,4.065929260832490399e-06
7.505000000000000000e+03,4.064716904395027086e-06
7.506000000000000000e+03,4.063542746735038236e-06
7.507000000000000000e+03,4.065056600666139275e-06
7.508000000000000000e+03,4.062757398060057312e-06
7.509000000000000000e+03,4.061104391439585015e-06
7.510000000000000000e+03,4.060037554154405370e-06
7.511000000000000000e+03,4.059615548612782732e-06
7.512000000000000000e+03,4.059349066665163264e-06
7.513000000000000000e+03,4.059064394823508337e-06
7.514000000000000000e+03,4.058476406498812139e-06
7.515000000000000000e+03,4.057861588080413640e-06
7.516000000000000000e+03,4.056802936247549951e-06
7.517000000000000000e+03,4.055471890751505271e-06
7.518000000000000000e+03,4.054510554851731285e-06
7.519000000000000000e+03,4.057721980643691495e-06
7.520000000000000000e+03,4.054005330544896424e-06
7.521000000000000000e+03,4.053319116792408749e-06
7.522000000000000000e+03,4.052319127367809415e-06
7.523000000000000000e+03,4.050627467222511768e-06
7.524000000000000000e+03,4.050506504427175969e-06
7.525000000000000000e+03,4.049611106893280521e-06
7.526000000000000000e+03,4.048340997542254627e-06
7.527000000000000000e+03,4.047154106956440955e-06
7.528000000000000000e+03,4.046217327413614839e-06
7.529000000000000000e+03,4.044911747769219801e-06
7.530000000000000000e+03,4.044278739456785843e-06
7.531000000000000000e+03,4.043624358018860221e-06
7.532000000000000000e+03,4.043004537379601970e-06
7.533000000000000000e+03,4.041902229801053181e-06
7.534000000000000000e+03,4.040589374199043959e-06
7.535000000000000000e+03,4.039640316477743909e-06
7.536000000000000000e+03,4.038848601339850575e-06
7.537000000000000000e+03,4.038184670207556337e-06
7.538000000000000000e+03,4.036732207168824971e-06
7.539000000000000000e+03,4.035709480376681313e-06
7.540000000000000000e+03,4.034793164464645088e-06
7.541000000000000000e+03,4.034305220557143912e-06
7.542000000000000000e+03,4.032547622045967728e-06
7.543000000000000000e+03,4.030652689834823832e-06
7.544000000000000000e+03,4.028692728752503172e-06
7.545000000000000000e+03,4.027532668260391802e-06
7.546000000000000000e+03,4.026197530038189143e-06
7.547000000000000000e+03,4.025570888188667595e-06
7.548000000000000000e+03,4.023292149213375524e-06
7.549000000000000000e+03,4.021958375233225524e-06
7.550000000000000000e+03,4.020682808913988993e-06
7.551000000000000000e+03,4.019881998829077929e-06
7.552000000000000000e+03,4.019290372525574639e-06
7.553000000000000000e+03,4.018866093247197568e-06
7.554000000000000000e+03,4.018163053842727095e-06
7.555000000000000000e+03,4.017666469735559076e-06
7.556000000000000000e+03,4.016068032797193155e-06
7.557000000000000000e+03,4.014045316580450162e-06
7.558000000000000000e+03,4.012730641989037395e-06
7.559000000000000000e+03,4.011482815258204937e-06
7.560000000000000000e+03,4.010414158983621746e-06
7.561000000000000000e+03,4.009496478829532862e-06
7.562000000000000000e+03,4.008084488305030391e-06
7.563000000000000000e+03,4.007376446679700166e-06
7.564000000000000000e+03,4.006388735433574766e-06
7.565000000000000000e+03,4.006158633274026215e-06
7.566000000000000000e+03,4.005766641057562083e-06
7.567000000000000000e+03,4.005185473943129182e-06
7.568000000000000000e+03,4.004414677183376625e-06
7.569000000000000000e+03,4.002600235253339633e-06
7.570000000000000000e+03,4.001335582870524377e-06
7.571000000000000000e+03,3.999819455202668905e-06
7.572000000000000000e+03,3.996788109361659735e-06
7.573000000000000000e+03,4.000989065389148891e-06
7.574000000000000000e+03,3.996097802883014083e-06
7.575000000000000000e+03,3.994561666331719607e-06
7.576000000000000000e+03,3.993279278802219778e-06
7.577000000000000000e+03,3.991698577010538429e-06
7.578000000000000000e+03,3.990123332187067717e-06
7.579000000000000000e+03,3.990266122855246067e-06
7.580000000000000000e+03,3.988829121226444840e-06
7.581000000000000000e+03,3.986494448326993734e-06
7.582000000000000000e+03,3.985070634371368214e-06
7.583000000000000000e+03,3.983518581662792712e-06
7.584000000000000000e+03,3.981771442340686917e-06
7.585000000000000000e+03,3.981774170824792236e-06
7.586000000000000000e+03,3.980418114224448800e-06
7.587000000000000000e+03,3.978705990448361263e-06
7.588000000000000000e+03,3.977538653998635709e-06
7.589000000000000000e+03,3.976902007707394660e-06
7.590000000000000000e+03,3.975970685132779181e-06
7.591000000000000000e+03,3.975069375883322209e-06
7.592000000000000000e+03,3.974120318162022159e-06
7.593000000000000000e+03,3.972847025579540059e-06
7.594000000000000000e+03,3.971655132772866637e-06
7.595000000000000000e+03,3.971189926232909784e-06
7.596000000000000000e+03,3.969582849094877020e-06
7.597000000000000000e+03,3.969162662542657927e-06
7.598000000000000000e+03,3.968094006268074736e-06
7.599000000000000000e+03,3.966773874708451331e-06
7.600000000000000000e+03,3.968105374951846898e-06
7.601000000000000000e+03,3.966186341131106019e-06
7.602000000000000000e+03,3.965312771470053121e-06
7.603000000000000000e+03,3.964242296206066385e-06
7.604000000000000000e+03,3.963250037486432120e-06
7.605000000000000000e+03,3.961338734370656312e-06
7.606000000000000000e+03,3.962659775424981490e-06
7.607000000000000000e+03,3.960596586694009602e-06
7.608000000000000000e+03,3.959601144742919132e-06
7.609000000000000000e+03,3.958693014283198863e-06
7.610000000000000000e+03,3.958083652833011001e-06
7.611000000000000000e+03,3.957044100388884544e-06
7.612000000000000000e+03,3.955219199269777164e-06
7.613000000000000000e+03,3.953751274821115658e-06
7.614000000000000000e+03,3.952809947804780677e-06
7.615000000000000000e+03,3.953498435294022784e-06
7.616000000000000000e+03,3.952104179916204885e-06
7.617000000000000000e+03,3.951253802370047197e-06
7.618000000000000000e+03,3.950355676352046430e-06
7.619000000000000000e+03,3.949427082261536270e-06
7.620000000000000000e+03,3.947526693082181737e-06
7.621000000000000000e+03,3.951635335397440940e-06
7.622000000000000000e+03,3.946840024582343176e-06
7.623000000000000000e+03,3.945468506572069600e-06
7.624000000000000000e+03,3.944532636523945257e-06
7.625000000000000000e+03,3.944157469959463924e-06
7.626000000000000000e+03,3.943342107959324494e-06
7.627000000000000000e+03,3.942917828680947423e-06
7.628000000000000000e+03,3.942090188502334058e-06
7.629000000000000000e+03,3.940717760997358710e-06
7.630000000000000000e+03,3.938789177482249215e-06
7.631000000000000000e+03,3.937014298571739346e-06
7.632000000000000000e+03,3.936001121473964304e-06
7.633000000000000000e+03,3.935223048756597564e-06
7.634000000000000000e+03,3.934403594030300155e-06
7.635000000000000000e+03,3.932799700123723596e-06
7.636000000000000000e+03,3.930810180463595316e-06
7.637000000000000000e+03,3.929205831809667870e-06
7.638000000000000000e+03,3.927886609744746238e-06
7.639000000000000000e+03,3.926856606994988397e-06
7.640000000000000000e+03,3.925501459889346734e-06
7.641000000000000000e+03,3.924305929103866220e-06
7.642000000000000000e+03,3.922688392776763067e-06
7.643000000000000000e+03,3.922811174561502412e-06
7.644000000000000000e+03,3.921703410014742985e-06
7.645000000000000000e+03,3.920884410035796463e-06
7.646000000000000000e+03,3.920133622159482911e-06
7.647000000000000000e+03,3.919538812624523416e-06
7.648000000000000000e+03,3.918011771020246670e-06
7.649000000000000000e+03,3.918911716027650982e-06
7.650000000000000000e+03,3.917482899851165712e-06
7.651000000000000000e+03,3.916492914868285879e-06
7.652000000000000000e+03,3.915758952643955126e-06
7.653000000000000000e+03,3.914922217518324032e-06
7.654000000000000000e+03,3.916980858775787055e-06
7.655000000000000000e+03,3.914538865501526743e-06
7.656000000000000000e+03,3.913552973244804889e-06
7.657000000000000000e+03,3.913052751158829778e-06
7.658000000000000000e+03,3.912648026016540825e-06
7.659000000000000000e+03,3.911688509106170386e-06
7.660000000000000000e+03,3.911499788955552503e-06
7.661000000000000000e+03,3.909640781785128638e-06
7.662000000000000000e+03,3.909196493623312563e-06
7.663000000000000000e+03,3.908141934516606852e-06
7.664000000000000000e+03,3.907895916199777275e-06
7.665000000000000000e+03,3.907253812940325588e-06
7.666000000000000000e+03,3.906837264366913587e-06
7.667000000000000000e+03,3.906328402081271634e-06
7.668000000000000000e+03,3.905909125023754314e-06
7.669000000000000000e+03,3.904873665305785835e-06
7.670000000000000000e+03,3.903824108419939876e-06
7.671000000000000000e+03,3.906277015630621463e-06
7.672000000000000000e+03,3.903541710315039381e-06
7.673000000000000000e+03,3.902865955751622096e-06
7.674000000000000000e+03,3.902319804183207452e-06
7.675000000000000000e+03,3.901829586538951844e-06
7.676000000000000000e+03,3.901046511600725353e-06
7.677000000000000000e+03,3.899773219018243253e-06
7.678000000000000000e+03,3.898389422829495743e-06
7.679000000000000000e+03,3.897326678270474076e-06
7.680000000000000000e+03,3.896314865414751694e-06
7.681000000000000000e+03,3.895598638337105513e-06
7.682000000000000000e+03,3.894746896548895165e-06
7.683000000000000000e+03,3.893326720572076738e-06
7.684000000000000000e+03,3.892696895491098985e-06
7.685000000000000000e+03,3.891276264766929671e-06
7.686000000000000000e+03,3.890360403602244332e-06
7.687000000000000000e+03,3.889245817845221609e-06
7.688000000000000000e+03,3.888461833412293345e-06
7.689000000000000000e+03,3.887701950588962063e-06
7.690000000000000000e+03,3.887202637997688726e-06
7.691000000000000000e+03,3.886633294314378873e-06
7.692000000000000000e+03,3.885743808496044949e-06
7.693000000000000000e+03,3.885029855155153200e-06
7.694000000000000000e+03,3.883845693053444847e-06
7.695000000000000000e+03,3.882907094521215186e-06
7.696000000000000000e+03,3.882133569277357310e-06
7.697000000000000000e+03,3.881290467688813806e-06
7.698000000000000000e+03,3.880832082359120250e-06
7.699000000000000000e+03,3.879600626532919705e-06
7.700000000000000000e+03,3.879445102938916534e-06
7.701000000000000000e+03,3.879024916386697441e-06
7.702000000000000000e+03,3.878541065205354244e-06
7.703000000000000000e+03,3.877962171827675775e-06
7.704000000000000000e+03,3.877710241795284674e-06
7.705000000000000000e+03,3.876916707667987794e-06
7.706000000000000000e+03,3.875861239066580310e-06
7.707000000000000000e+03,3.875015863741282374e-06
7.708000000000000000e+03,3.873879450111417100e-06
7.709000000000000000e+03,3.873326022585388273e-06
7.710000000000000000e+03,3.872754859912674874e-06
7.711000000000000000e+03,3.871115950460080057e-06
7.712000000000000000e+03,3.870606633427087218e-06
7.713000000000000000e+03,3.869275587931042537e-06
7.714000000000000000e+03,3.867656232614535838e-06
7.715000000000000000e+03,3.866248789563542232e-06
7.716000000000000000e+03,3.865368853439576924e-06
7.717000000000000000e+03,3.864354766847100109e-06
7.718000000000000000e+03,3.863265192194376141e-06
7.719000000000000000e+03,3.862046924041351303e-06
7.720000000000000000e+03,3.867260602419264615e-06
7.721000000000000000e+03,3.861766799673205242e-06
7.722000000000000000e+03,3.860361175611615181e-06
7.723000000000000000e+03,3.859342541545629501e-06
7.724000000000000000e+03,3.858142463286640123e-06
7.725000000000000000e+03,3.856982402794528753e-06
7.726000000000000000e+03,3.854897840938065201e-06
7.727000000000000000e+03,3.861239747493527830e-06
7.728000000000000000e+03,3.854101123579312116e-06
7.729000000000000000e+03,3.852524969261139631e-06
7.730000000000000000e+03,3.851587280223611742e-06
7.731000000000000000e+03,3.851334895443869755e-06
7.732000000000000000e+03,3.850240773317636922e-06
7.733000000000000000e+03,3.849849690595874563e-06
7.734000000000000000e+03,3.849226686725160107e-06
7.735000000000000000e+03,3.848728283628588542e-06
7.736000000000000000e+03,3.847781499644042924e-06
7.737000000000000000e+03,3.847478183161001652e-06
7.738000000000000000e+03,3.846158051601378247e-06
7.739000000000000000e+03,3.845633727905806154e-06
7.740000000000000000e+03,3.845302217087009922e-06
7.741000000000000000e+03,3.844588263746118173e-06
7.742000000000000000e+03,3.843656031676800922e-06
7.743000000000000000e+03,3.843027570837875828e-06
7.744000000000000000e+03,3.842316800728440285e-06
7.745000000000000000e+03,3.841822035610675812e-06
7.746000000000000000e+03,3.841048055619467050e-06
7.747000000000000000e+03,3.839360942947678268e-06
7.748000000000000000e+03,3.837377789750462398e-06
7.749000000000000000e+03,3.836094037978909910e-06
7.750000000000000000e+03,3.834657491097459570e-06
7.751000000000000000e+03,3.833854862023144960e-06
7.752000000000000000e+03,3.832621132460189983e-06
7.753000000000000000e+03,3.831456524494569749e-06
7.754000000000000000e+03,3.829982688330346718e-06
7.755000000000000000e+03,3.829199158644769341e-06
7.756000000000000000e+03,3.828361059277085587e-06
7.757000000000000000e+03,3.827437922154786065e-06
7.758000000000000000e+03,3.826115062111057341e-06
7.759000000000000000e+03,3.825787189271068200e-06
7.760000000000000000e+03,3.824022314802277833e-06
7.761000000000000000e+03,3.823492988885845989e-06
7.762000000000000000e+03,3.822514827334089205e-06
7.763000000000000000e+03,3.821890913968672976e-06
7.764000000000000000e+03,3.821505288215121254e-06
7.765000000000000000e+03,3.821150130534078926e-06
7.766000000000000000e+03,3.820749498117947951e-06
7.767000000000000000e+03,3.819970970653230324e-06
7.768000000000000000e+03,3.818623554252553731e-06
7.769000000000000000e+03,3.816855496552307159e-06
7.770000000000000000e+03,3.816544904111651704e-06
7.771000000000000000e+03,3.814148840319830924e-06
7.772000000000000000e+03,3.813481725956080481e-06
7.773000000000000000e+03,3.812472414210787974e-06
7.774000000000000000e+03,3.821260634140344337e-06
7.775000000000000000e+03,3.812166369243641384e-06
7.776000000000000000e+03,3.811485612459364347e-06
7.777000000000000000e+03,3.810278712990111671e-06
7.778000000000000000e+03,3.809162308243685402e-06
7.779000000000000000e+03,3.807854000115185045e-06
7.780000000000000000e+03,3.805864253081381321e-06
7.781000000000000000e+03,3.804751486313762143e-06
7.782000000000000000e+03,3.803243544098222628e-06
7.783000000000000000e+03,3.802529818131006323e-06
7.784000000000000000e+03,3.801351112997508608e-06
7.785000000000000000e+03,3.799678324867272750e-06
7.786000000000000000e+03,3.800147396759712137e-06
7.787000000000000000e+03,3.798927309617283754e-06
7.788000000000000000e+03,3.797387307713506743e-06
7.789000000000000000e+03,3.796664941546623595e-06
7.790000000000000000e+03,3.795336169787333347e-06
7.791000000000000000e+03,3.794113581534475088e-06
7.792000000000000000e+03,3.794523308897623792e-06
7.793000000000000000e+03,3.793291853071423247e-06
7.794000000000000000e+03,3.792256393353454769e-06
7.795000000000000000e+03,3.791558810917194933e-06
7.796000000000000000e+03,3.790520850088796578e-06
7.797000000000000000e+03,3.789161837630672380e-06
7.798000000000000000e+03,3.788753247135900892e-06
7.799000000000000000e+03,3.787426294366014190e-06
7.800000000000000000e+03,3.786757588386535645e-06
7.801000000000000000e+03,3.785762828556471504e-06
7.802000000000000000e+03,3.784876753343269229e-06
7.803000000000000000e+03,3.783871306950459257e-06
7.804000000000000000e+03,3.783213287533726543e-06
7.805000000000000000e+03,3.782597104873275384e-06
7.806000000000000000e+03,3.781733312280266546e-06
7.807000000000000000e+03,3.781550049097859301e-06
7.808000000000000000e+03,3.780827228183625266e-06
7.809000000000000000e+03,3.780488668780890293e-06
7.810000000000000000e+03,3.780035285672056489e-06
7.811000000000000000e+03,3.779625558308907785e-06
7.812000000000000000e+03,3.778658765440923162e-06
7.813000000000000000e+03,3.778042582780472003e-06
7.814000000000000000e+03,3.776902758545475081e-06
7.815000000000000000e+03,3.776247467612847686e-06
7.816000000000000000e+03,3.775667437366792001e-06
7.817000000000000000e+03,3.775203595068887807e-06
7.818000000000000000e+03,3.774384140342590399e-06
7.819000000000000000e+03,3.773693833863944747e-06
7.820000000000000000e+03,3.773053094846545719e-06
7.821000000000000000e+03,3.772030822801752947e-06
7.822000000000000000e+03,3.771050614886917174e-06
7.823000000000000000e+03,3.768637043322087266e-06
7.824000000000000000e+03,3.772709533222950995e-06
7.825000000000000000e+03,3.767792804865166545e-06
7.826000000000000000e+03,3.766496547541464679e-06
7.827000000000000000e+03,3.765229848795570433e-06
7.828000000000000000e+03,3.764460188904195093e-06
7.829000000000000000e+03,3.762695996556431055e-06
7.830000000000000000e+03,3.790873734033084475e-06
7.831000000000000000e+03,3.762276492125238292e-06
7.832000000000000000e+03,3.760530034924158826e-06
7.833000000000000000e+03,3.759630317290429957e-06
7.834000000000000000e+03,3.758475941140204668e-06
7.835000000000000000e+03,3.757350441446760669e-06
7.836000000000000000e+03,3.760962499654851854e-06
7.837000000000000000e+03,3.756885234906803817e-06
7.838000000000000000e+03,3.755721536435885355e-06
7.839000000000000000e+03,3.754608997041941620e-06
7.840000000000000000e+03,3.753425971808610484e-06
7.841000000000000000e+03,3.752480779439792968e-06
7.842000000000000000e+03,3.751062195078702644e-06
7.843000000000000000e+03,3.750016503545339219e-06
7.844000000000000000e+03,3.749367124328273349e-06
7.845000000000000000e+03,3.748450126295210794e-06
7.846000000000000000e+03,3.747452865354716778e-06
7.847000000000000000e+03,3.746822585526388139e-06
7.848000000000000000e+03,3.746270749616087414e-06
7.849000000000000000e+03,3.745478807104518637e-06
7.850000000000000000e+03,3.744661853488651104e-06
7.851000000000000000e+03,3.743839897651923820e-06
7.852000000000000000e+03,3.743226898222928867e-06
7.853000000000000000e+03,3.741973159776534885e-06
7.854000000000000000e+03,3.740774900506949052e-06
7.855000000000000000e+03,3.740071406355127692e-06
7.856000000000000000e+03,3.739539806701941416e-06
7.857000000000000000e+03,3.739017301995772868e-06
7.858000000000000000e+03,3.738450232049217448e-06
7.859000000000000000e+03,3.739615522135864012e-06
7.860000000000000000e+03,3.738214900295133702e-06
7.861000000000000000e+03,3.737644874490797520e-06
7.862000000000000000e+03,3.737301767614553683e-06
7.863000000000000000e+03,3.736805865628411993e-06
7.864000000000000000e+03,3.736093276529572904e-06
7.865000000000000000e+03,3.736612143256934360e-06
7.866000000000000000e+03,3.735687869266257621e-06
7.867000000000000000e+03,3.734915708264452405e-06
7.868000000000000000e+03,3.733888206625124440e-06
7.869000000000000000e+03,3.733033054231782444e-06
7.870000000000000000e+03,3.732569439307553694e-06
7.871000000000000000e+03,3.731884817170794122e-06
7.872000000000000000e+03,3.731220886038499884e-06
7.873000000000000000e+03,3.730239768628962338e-06
7.874000000000000000e+03,3.729707032107398845e-06
7.875000000000000000e+03,3.729841409949585795e-06
7.876000000000000000e+03,3.729159288923256099e-06
7.877000000000000000e+03,3.728410320036346093e-06
7.878000000000000000e+03,3.727691591848270036e-06
7.879000000000000000e+03,3.726882141563692130e-06
7.880000000000000000e+03,3.725850547198206186e-06
7.881000000000000000e+03,3.725139094967744313e-06
7.882000000000000000e+03,3.723620693563134409e-06
7.883000000000000000e+03,3.722695282704080455e-06
7.884000000000000000e+03,3.721899474840029143e-06
7.885000000000000000e+03,3.720961558428825811e-06
7.886000000000000000e+03,3.719121878020814620e-06
7.887000000000000000e+03,3.717251956913969480e-06
7.888000000000000000e+03,3.735986410902114585e-06
7.889000000000000000e+03,3.716934543263050728e-06
7.890000000000000000e+03,3.715718548846780322e-06
7.891000000000000000e+03,3.714791318998322822e-06
7.892000000000000000e+03,3.713350679390714504e-06
7.893000000000000000e+03,3.711552153617958538e-06
7.894000000000000000e+03,3.710294549819082022e-06
7.895000000000000000e+03,3.708564008775283583e-06
7.896000000000000000e+03,3.707798896357417107e-06
7.897000000000000000e+03,3.707117684825789183e-06
7.898000000000000000e+03,3.705765948325279169e-06
7.899000000000000000e+03,3.704713662955327891e-06
7.900000000000000000e+03,3.703599531945656054e-06
7.901000000000000000e+03,3.703229140228359029e-06
7.902000000000000000e+03,3.702566118590766564e-06
7.903000000000000000e+03,3.701940613609622233e-06
7.904000000000000000e+03,3.701792593346908689e-06
7.905000000000000000e+03,3.700801698869327083e-06
7.906000000000000000e+03,3.700414254126371816e-06
7.907000000000000000e+03,3.700039087561890483e-06
7.908000000000000000e+03,3.699749640873051248e-06
7.909000000000000000e+03,3.699161879922030494e-06
7.910000000000000000e+03,3.698563659781939350e-06
7.911000000000000000e+03,3.698006366903427988e-06
7.912000000000000000e+03,3.697433612614986487e-06
7.913000000000000000e+03,3.697284228110220283e-06
7.914000000000000000e+03,3.696442490763729438e-06
7.915000000000000000e+03,3.696102339745266363e-06
7.916000000000000000e+03,3.695304030770785175e-06
7.917000000000000000e+03,3.694840188472880982e-06
7.918000000000000000e+03,3.694070073834154755e-06
7.919000000000000000e+03,3.693314738484332338e-06
7.920000000000000000e+03,3.692269729071995243e-06
7.921000000000000000e+03,3.694166935019893572e-06
7.922000000000000000e+03,3.691934125527041033e-06
7.923000000000000000e+03,3.691518941195681691e-06
7.924000000000000000e+03,3.690816356538562104e-06
7.925000000000000000e+03,3.690065341288573109e-06
7.926000000000000000e+03,3.689801587825058959e-06
7.927000000000000000e+03,3.689058758027385920e-06
7.928000000000000000e+03,3.688816832436714321e-06
7.929000000000000000e+03,3.688427341330680065e-06
7.930000000000000000e+03,3.687954631459433585e-06
7.931000000000000000e+03,3.687639491545269266e-06
7.932000000000000000e+03,3.687038997668423690e-06
7.933000000000000000e+03,3.686734999064356089e-06
7.934000000000000000e+03,3.686131549329729751e-06
7.935000000000000000e+03,3.685251613205764443e-06
7.936000000000000000e+03,3.684246166812954471e-06
7.937000000000000000e+03,3.683298018586356193e-06
7.938000000000000000e+03,3.682022452267119661e-06
7.939000000000000000e+03,3.681232101371278986e-06
7.940000000000000000e+03,3.680438567243982106e-06
7.941000000000000000e+03,3.679319434013450518e-06
7.942000000000000000e+03,3.680311920106760226e-06
7.943000000000000000e+03,3.679073188322945498e-06
7.944000000000000000e+03,3.678616167235304601e-06
7.945000000000000000e+03,3.677369704746524803e-06
7.946000000000000000e+03,3.676237838590168394e-06
7.947000000000000000e+03,3.675166453831479885e-06
7.948000000000000000e+03,3.675831749205826782e-06
7.949000000000000000e+03,3.674832669275929220e-06
7.950000000000000000e+03,3.674219442473258823e-06
7.951000000000000000e+03,3.673636911116773263e-06
7.952000000000000000e+03,3.672878847282845527e-06
7.953000000000000000e+03,3.672201955851051025e-06
7.954000000000000000e+03,3.671060540000326000e-06
7.955000000000000000e+03,3.679630935948807746e-06
7.956000000000000000e+03,3.670804289868101478e-06
7.957000000000000000e+03,3.669882516987854615e-06
7.958000000000000000e+03,3.669007128337398171e-06
7.959000000000000000e+03,3.667729743028758094e-06
7.960000000000000000e+03,3.666931661427952349e-06
7.961000000000000000e+03,3.665753183668130077e-06
7.962000000000000000e+03,3.665398480734438635e-06
7.963000000000000000e+03,3.663903498818399385e-06
7.964000000000000000e+03,3.663145662358147092e-06
7.965000000000000000e+03,3.662483095467905514e-06
7.966000000000000000e+03,3.662788458314025775e-06
7.967000000000000000e+03,3.662158633233048022e-06
7.968000000000000000e+03,3.661790060505154543e-06
7.969000000000000000e+03,3.661444679892156273e-06
7.970000000000000000e+03,3.661011078293086030e-06
7.971000000000000000e+03,3.660064976429566741e-06
7.972000000000000000e+03,3.659139565570512787e-06
7.973000000000000000e+03,3.657396973721915856e-06
7.974000000000000000e+03,3.656604121715645306e-06
7.975000000000000000e+03,3.655375621747225523e-06
7.976000000000000000e+03,3.653589601526618935e-06
7.977000000000000000e+03,3.652600980785791762e-06
7.978000000000000000e+03,3.651689439720939845e-06
7.979000000000000000e+03,3.649487780421623029e-06
7.980000000000000000e+03,3.649075324574369006e-06
7.981000000000000000e+03,3.648598521976964548e-06
7.982000000000000000e+03,3.647884796009748243e-06
7.983000000000000000e+03,3.648060101113514975e-06
7.984000000000000000e+03,3.646943696367088705e-06
7.985000000000000000e+03,3.645530341600533575e-06
7.986000000000000000e+03,3.644530579549609683e-06
7.987000000000000000e+03,3.643803211161866784e-06
7.988000000000000000e+03,3.643100626504747197e-06
7.989000000000000000e+03,3.641988996605505235e-06
7.990000000000000000e+03,3.640948989414027892e-06
7.991000000000000000e+03,3.640269824245478958e-06
7.992000000000000000e+03,3.639499482233077288e-06
7.993000000000000000e+03,3.639145461420412175e-06
7.994000000000000000e+03,3.637479721874115057e-06
7.995000000000000000e+03,3.637069539763615467e-06
7.996000000000000000e+03,3.636263045336818323e-06
7.997000000000000000e+03,3.636099336290499195e-06
7.998000000000000000e+03,3.635091388787259348e-06
7.999000000000000000e+03,3.634439508459763601e-06
8.000000000000000000e+03,3.633699634519871324e-06
8.001000000000000000e+03,3.633054348028963432e-06
8.002000000000000000e+03,3.632355401350650936e-06
8.003000000000000000e+03,3.631735580711392686e-06
8.004000000000000000e+03,3.631714434959576465e-06
8.005000000000000000e+03,3.631221488831215538e-06
8.006000000000000000e+03,3.630650098784826696e-06
8.007000000000000000e+03,3.630256742326309904e-06
8.008000000000000000e+03,3.629122602433199063e-06
8.009000000000000000e+03,3.627731757660512812e-06
8.010000000000000000e+03,3.626022134994855151e-06
8.011000000000000000e+03,3.626406169132678770e-06
8.012000000000000000e+03,3.625287035902147181e-06
8.013000000000000000e+03,3.624501914600841701e-06
8.014000000000000000e+03,3.623748170866747387e-06
8.015000000000000000e+03,3.622759777499595657e-06
8.016000000000000000e+03,3.620177039920235984e-06
8.017000000000000000e+03,3.619875087679247372e-06
8.018000000000000000e+03,3.617306902015116066e-06
8.019000000000000000e+03,3.616272351791849360e-06
8.020000000000000000e+03,3.615790546973585151e-06
8.021000000000000000e+03,3.614919251049286686e-06
8.022000000000000000e+03,3.618153868956142105e-06
8.023000000000000000e+03,3.614605248003499582e-06
8.024000000000000000e+03,3.614074785218690522e-06
8.025000000000000000e+03,3.613300577853806317e-06
8.026000000000000000e+03,3.612520458773360588e-06
8.027000000000000000e+03,3.611245119827799499e-06
8.028000000000000000e+03,3.610887006288976409e-06
8.029000000000000000e+03,3.609407713156542741e-06
8.030000000000000000e+03,3.609120540204457939e-06
8.031000000000000000e+03,3.608211954997386783e-06
8.032000000000000000e+03,3.606623749874415807e-06
8.033000000000000000e+03,3.606564632718800567e-06
8.034000000000000000e+03,3.605738356782239862e-06
8.035000000000000000e+03,3.604673565860139206e-06
8.036000000000000000e+03,3.603781806305050850e-06
8.037000000000000000e+03,3.603278855734970421e-06
8.038000000000000000e+03,3.602942797442665324e-06
8.039000000000000000e+03,3.601946673370548524e-06
8.040000000000000000e+03,3.600922127589001320e-06
8.041000000000000000e+03,3.601062189773074351e-06
8.042000000000000000e+03,3.600139280024450272e-06
8.043000000000000000e+03,3.599278215915546753e-06
8.044000000000000000e+03,3.598288003558991477e-06
8.045000000000000000e+03,3.598873263399582356e-06
8.046000000000000000e+03,3.597841441660420969e-06
8.047000000000000000e+03,3.597066097427159548e-06
8.048000000000000000e+03,3.596431724872672930e-06
8.049000000000000000e+03,3.596047235987498425e-06
8.050000000000000000e+03,3.595471071093925275e-06
8.051000000000000000e+03,3.594554527808213606e-06
8.052000000000000000e+03,3.593693008951959200e-06
8.053000000000000000e+03,3.592187113099498674e-06
8.054000000000000000e+03,3.591157110349740833e-06
8.055000000000000000e+03,3.590215328586054966e-06
8.056000000000000000e+03,3.589017751437495463e-06
8.057000000000000000e+03,3.588792651498806663e-06
8.058000000000000000e+03,3.587324499676469713e-06
8.059000000000000000e+03,3.587017317840945907e-06
8.060000000000000000e+03,3.586521643228479661e-06
8.061000000000000000e+03,3.585711056075524539e-06
8.062000000000000000e+03,3.584713113014004193e-06
8.063000000000000000e+03,3.586028242352767847e-06
8.064000000000000000e+03,3.584337946449522860e-06
8.065000000000000000e+03,3.583674470064579509e-06
8.066000000000000000e+03,3.582887984521221370e-06
8.067000000000000000e+03,3.581759301596321166e-06
8.068000000000000000e+03,3.580880957088083960e-06
8.069000000000000000e+03,3.579652229745988734e-06
8.070000000000000000e+03,3.578618134270072915e-06
8.071000000000000000e+03,3.577829829737311229e-06
8.072000000000000000e+03,3.576858716769493185e-06
8.073000000000000000e+03,3.575695700419601053e-06
8.074000000000000000e+03,3.574477204892900772e-06
8.075000000000000000e+03,3.573577942006522790e-06
8.076000000000000000e+03,3.572172772692283615e-06
8.077000000000000000e+03,3.571124352674814872e-06
8.078000000000000000e+03,3.570278749975841492e-06
8.079000000000000000e+03,3.569722593965707347e-06
8.080000000000000000e+03,3.569524778868071735e-06
8.081000000000000000e+03,3.568738065951038152e-06
8.082000000000000000e+03,3.568445208657067269e-06
8.083000000000000000e+03,3.567823114281054586e-06
8.084000000000000000e+03,3.566765826690243557e-06
8.085000000000000000e+03,3.565754695955547504e-06
8.086000000000000000e+03,3.564479584383661859e-06
8.087000000000000000e+03,3.563540758477756754e-06
8.088000000000000000e+03,3.561650601113797165e-06
8.089000000000000000e+03,3.561286575859412551e-06
8.090000000000000000e+03,3.560379127520718612e-06
8.091000000000000000e+03,3.559949163900455460e-06
8.092000000000000000e+03,3.559394826879724860e-06
8.093000000000000000e+03,3.558579010132234544e-06
8.094000000000000000e+03,3.562293841241626069e-06
8.095000000000000000e+03,3.558107437129365280e-06
8.096000000000000000e+03,3.557697709766216576e-06
8.097000000000000000e+03,3.557335958248586394e-06
8.098000000000000000e+03,3.556819365257979371e-06
8.099000000000000000e+03,3.556377350832917728e-06
8.100000000000000000e+03,3.555951252565137111e-06
8.101000000000000000e+03,3.555357352524879389e-06
8.102000000000000000e+03,3.555047442205250263e-06
8.103000000000000000e+03,3.554512886694283225e-06
8.104000000000000000e+03,3.554097474989248440e-06
8.105000000000000000e+03,3.553163651304203086e-06
8.106000000000000000e+03,3.552202088030753657e-06
8.107000000000000000e+03,3.551694817360839806e-06
8.108000000000000000e+03,3.551163899828679860e-06
8.109000000000000000e+03,3.550512246874859557e-06
8.110000000000000000e+03,3.550011570041533560e-06
8.111000000000000000e+03,3.549098664734628983e-06
8.112000000000000000e+03,3.552193902578437701e-06
8.113000000000000000e+03,3.548894028426730074e-06
8.114000000000000000e+03,3.548072299963678233e-06
8.115000000000000000e+03,3.547230335243511945e-06
8.116000000000000000e+03,3.546060270309681073e-06
8.117000000000000000e+03,3.545368372215307318e-06
8.118000000000000000e+03,3.546869493220583536e-06
8.119000000000000000e+03,3.544953415257623419e-06
8.120000000000000000e+03,3.544516175679746084e-06
8.121000000000000000e+03,3.544070295902201906e-06
8.122000000000000000e+03,3.543630327840219252e-06
8.123000000000000000e+03,3.542769718478666618e-06
8.124000000000000000e+03,3.541483465596684255e-06
8.125000000000000000e+03,3.542360673236544244e-06
8.126000000000000000e+03,3.540796797096845694e-06
8.127000000000000000e+03,3.539349108905298635e-06
8.128000000000000000e+03,3.538500550348544493e-06
8.129000000000000000e+03,3.537486463756067678e-06
8.130000000000000000e+03,3.537446900736540556e-06
8.131000000000000000e+03,3.536911208357196301e-06
8.132000000000000000e+03,3.536206577336997725e-06
8.133000000000000000e+03,3.535520363584510051e-06
8.134000000000000000e+03,3.534974439389770851e-06
8.135000000000000000e+03,3.534473762556444854e-06
8.136000000000000000e+03,3.533633389452006668e-06
8.137000000000000000e+03,3.533124072419013828e-06
8.138000000000000000e+03,3.531817810653592460e-06
8.139000000000000000e+03,3.533056087690056302e-06
8.140000000000000000e+03,3.531003812895505689e-06
8.141000000000000000e+03,3.529631612764205784e-06
8.142000000000000000e+03,3.528942897901288234e-06
8.143000000000000000e+03,3.528680736053502187e-06
8.144000000000000000e+03,3.528419938447768800e-06
8.145000000000000000e+03,3.527779199430369772e-06
8.146000000000000000e+03,3.526862428770982660e-06
8.147000000000000000e+03,3.526189175317995250e-06
8.148000000000000000e+03,3.525753982103196904e-06
8.149000000000000000e+03,3.525323336361907423e-06
8.150000000000000000e+03,3.524465000737109222e-06
8.151000000000000000e+03,3.524123030729242601e-06
8.152000000000000000e+03,3.523246277836733498e-06
8.153000000000000000e+03,3.523692384987953119e-06
8.154000000000000000e+03,3.522931820043595508e-06
8.155000000000000000e+03,3.522441829773015343e-06
8.156000000000000000e+03,3.521912503856583498e-06
8.157000000000000000e+03,3.520702193782199174e-06
8.158000000000000000e+03,3.523899522406281903e-06
8.159000000000000000e+03,3.520319296512752771e-06
8.160000000000000000e+03,3.519371148286154494e-06
8.161000000000000000e+03,3.518429139148793183e-06
8.162000000000000000e+03,3.517403001751517877e-06
8.163000000000000000e+03,3.516234528433415107e-06
8.164000000000000000e+03,3.515339358273195103e-06
8.165000000000000000e+03,3.513909859975683503e-06
8.166000000000000000e+03,3.513362344165216200e-06
8.167000000000000000e+03,3.512893727020127699e-06
8.168000000000000000e+03,3.512446483000530861e-06
8.169000000000000000e+03,3.511565864755539224e-06
8.170000000000000000e+03,3.510693431962863542e-06
8.171000000000000000e+03,3.509865337036899291e-06
8.172000000000000000e+03,3.509483576635830104e-06
8.173000000000000000e+03,3.508715963107533753e-06
8.174000000000000000e+03,3.507757583065540530e-06
8.175000000000000000e+03,3.506448592816013843e-06
8.176000000000000000e+03,3.506670964270597324e-06
8.177000000000000000e+03,3.505972699713311158e-06
8.178000000000000000e+03,3.505590939312241971e-06
8.179000000000000000e+03,3.504995675029931590e-06
8.180000000000000000e+03,3.504299456835724413e-06
8.181000000000000000e+03,3.502998424664838240e-06
8.182000000000000000e+03,3.501372020764392801e-06
8.183000000000000000e+03,3.504062533465912566e-06
8.184000000000000000e+03,3.500588263705139980e-06
8.185000000000000000e+03,3.499731747069745325e-06
8.186000000000000000e+03,3.499013928376371041e-06
8.187000000000000000e+03,3.498505066090729088e-06
8.188000000000000000e+03,3.497238822092185728e-06
8.189000000000000000e+03,3.498978458083001897e-06
8.190000000000000000e+03,3.496791350698913448e-06
8.191000000000000000e+03,3.496044200801406987e-06
8.192000000000000000e+03,3.495444389045587741e-06
8.193000000000000000e+03,3.494910515655647032e-06
8.194000000000000000e+03,3.494338670861907303e-06
8.195000000000000000e+03,3.493200210868963040e-06
8.196000000000000000e+03,3.492773657853831537e-06
8.197000000000000000e+03,3.492093810564256273e-06
8.198000000000000000e+03,3.491182269499404356e-06
8.199000000000000000e+03,3.490471044642617926e-06
8.200000000000000000e+03,3.491012648737523705e-06
8.201000000000000000e+03,3.489829623504192568e-06
8.202000000000000000e+03,3.488784614091855474e-06
8.203000000000000000e+03,3.488046786515042186e-06
8.204000000000000000e+03,3.487581807348760776e-06
8.205000000000000000e+03,3.487101139398873784e-06
8.206000000000000000e+03,3.486631158011732623e-06
8.207000000000000000e+03,3.485983143036719412e-06
8.208000000000000000e+03,3.487145249891909771e-06
8.209000000000000000e+03,3.485588649709825404e-06
8.210000000000000000e+03,3.485180741336080246e-06
8.211000000000000000e+03,3.484261014818912372e-06
8.212000000000000000e+03,3.483812406557262875e-06
8.213000000000000000e+03,3.484315811874694191e-06
8.214000000000000000e+03,3.483448836050229147e-06
8.215000000000000000e+03,3.482988176983781159e-06
8.216000000000000000e+03,3.482470674498472363e-06
8.217000000000000000e+03,3.482148713374044746e-06
8.218000000000000000e+03,3.481803787508397363e-06
8.219000000000000000e+03,3.481410885797231458e-06
8.220000000000000000e+03,3.481000021565705538e-06
8.221000000000000000e+03,3.480478426354238763e-06
8.222000000000000000e+03,3.479919314486323856e-06
8.223000000000000000e+03,3.478834059933433309e-06
8.224000000000000000e+03,3.478525968603207730e-06
8.225000000000000000e+03,3.477518248473643325e-06
8.226000000000000000e+03,3.477096470305696130e-06
8.227000000000000000e+03,3.476627171039581299e-06
8.228000000000000000e+03,3.476177880656905472e-06
8.229000000000000000e+03,3.475192897894885391e-06
8.230000000000000000e+03,3.474699269645498134e-06
8.231000000000000000e+03,3.474263849057024345e-06
8.232000000000000000e+03,3.473676088106003590e-06
8.233000000000000000e+03,3.472571734164375812e-06
8.234000000000000000e+03,3.474553750493214466e-06
8.235000000000000000e+03,3.472274102023220621e-06
8.236000000000000000e+03,3.471780473773833364e-06
8.237000000000000000e+03,3.471255240583559498e-06
8.238000000000000000e+03,3.470700903562828898e-06
8.239000000000000000e+03,3.469917828624602407e-06
8.240000000000000000e+03,3.469127477728761733e-06
8.241000000000000000e+03,3.468070872258977033e-06
8.242000000000000000e+03,3.467424903647042811e-06
8.243000000000000000e+03,3.466781890892889351e-06
8.244000000000000000e+03,3.466409907559864223e-06
8.245000000000000000e+03,3.465654799583717249e-06
8.246000000000000000e+03,3.464623205218231305e-06
8.247000000000000000e+03,3.464883548076613806e-06
8.248000000000000000e+03,3.463911298240418546e-06
8.249000000000000000e+03,3.463243047008290887e-06
8.250000000000000000e+03,3.462801032583229244e-06
8.251000000000000000e+03,3.462426775513449684e-06
8.252000000000000000e+03,3.461675987637136132e-06
8.253000000000000000e+03,3.462172344370628707e-06
8.254000000000000000e+03,3.461152800809941255e-06
8.255000000000000000e+03,3.460126436038990505e-06
8.256000000000000000e+03,3.459376785031054169e-06
8.257000000000000000e+03,3.458739456618786789e-06
8.258000000000000000e+03,3.458230139585793950e-06
8.259000000000000000e+03,3.457599177636438981e-06
8.260000000000000000e+03,3.457177399468491785e-06
8.261000000000000000e+03,3.456784043009974994e-06
8.262000000000000000e+03,3.456181957517401315e-06
8.263000000000000000e+03,3.454971420069341548e-06
8.264000000000000000e+03,3.454028046689927578e-06
8.265000000000000000e+03,3.452938017289852723e-06
8.266000000000000000e+03,3.452027613093378022e-06
8.267000000000000000e+03,3.450882331890170462e-06
8.268000000000000000e+03,3.449835730862105265e-06
8.269000000000000000e+03,3.448891220614314079e-06
8.270000000000000000e+03,3.448081088208709843e-06
8.271000000000000000e+03,3.447710696491412818e-06
8.272000000000000000e+03,3.447022209002170712e-06
8.273000000000000000e+03,3.446736172918463126e-06
8.274000000000000000e+03,3.446040409471606836e-06
8.275000000000000000e+03,3.445556103542912751e-06
8.276000000000000000e+03,3.444988351475331001e-06
8.277000000000000000e+03,3.443764626354095526e-06
8.278000000000000000e+03,3.444805315666599199e-06
8.279000000000000000e+03,3.442887873461586423e-06
8.280000000000000000e+03,3.441606395426788367e-06
8.281000000000000000e+03,3.441704393480904400e-06
8.282000000000000000e+03,3.441103444856707938e-06
8.283000000000000000e+03,3.440453383518615738e-06
8.284000000000000000e+03,3.440033196966396645e-06
8.285000000000000000e+03,3.439615284150931984e-06
8.286000000000000000e+03,3.439476813582587056e-06
8.287000000000000000e+03,3.438851990722469054e-06
8.288000000000000000e+03,3.438573230596375652e-06
8.289000000000000000e+03,3.438034354985575192e-06
8.290000000000000000e+03,3.437396117078606039e-06
8.291000000000000000e+03,3.436779934418154880e-06
8.292000000000000000e+03,3.436159659031545743e-06
8.293000000000000000e+03,3.435860890022013336e-06
8.294000000000000000e+03,3.435192638789885677e-06
8.295000000000000000e+03,3.434787231526570395e-06
8.296000000000000000e+03,3.433770643823663704e-06
8.297000000000000000e+03,3.432935955061111599e-06
8.298000000000000000e+03,3.432089442867436446e-06
8.299000000000000000e+03,3.431609229664900340e-06
8.300000000000000000e+03,3.431205414017313160e-06
8.301000000000000000e+03,3.430749075050698593e-06
8.302000000000000000e+03,3.429818889344460331e-06
8.303000000000000000e+03,3.430454853514675051e-06
8.304000000000000000e+03,3.429439630053821020e-06
8.305000000000000000e+03,3.428894387980108149e-06
8.306000000000000000e+03,3.428170430197496898e-06
8.307000000000000000e+03,3.427466708672000095e-06
8.308000000000000000e+03,3.427039473535842262e-06
8.309000000000000000e+03,3.426283228691318072e-06
8.310000000000000000e+03,3.425773229537298903e-06
8.311000000000000000e+03,3.425270278967218474e-06
8.312000000000000000e+03,3.424351007197401486e-06
8.313000000000000000e+03,3.423094085519551300e-06
8.314000000000000000e+03,3.422039071665494703e-06
8.315000000000000000e+03,3.421218025323469192e-06
8.316000000000000000e+03,3.420436087253619917e-06
8.317000000000000000e+03,3.419550921535119414e-06
8.318000000000000000e+03,3.418294681978295557e-06
8.319000000000000000e+03,3.422967438382329419e-06
8.320000000000000000e+03,3.418004780542105436e-06
8.321000000000000000e+03,3.417029120100778528e-06
8.322000000000000000e+03,3.416076197026995942e-06
8.323000000000000000e+03,3.415286982999532484e-06
8.324000000000000000e+03,3.414723323658108711e-06
8.325000000000000000e+03,3.414296315895626321e-06
8.326000000000000000e+03,3.413585091038839892e-06
8.327000000000000000e+03,3.412604655750328675e-06
8.328000000000000000e+03,3.411458692426094785e-06
8.329000000000000000e+03,3.410256567804026417e-06
8.330000000000000000e+03,3.409519422348239459e-06
8.331000000000000000e+03,3.408657676118309610e-06
8.332000000000000000e+03,3.407992380743962713e-06
8.333000000000000000e+03,3.406532187000266276e-06
8.334000000000000000e+03,3.405028564884560183e-06
8.335000000000000000e+03,3.404194103495683521e-06
8.336000000000000000e+03,3.402733000257285312e-06
8.337000000000000000e+03,3.402110223760246299e-06
8.338000000000000000e+03,3.401800540814292617e-06
8.339000000000000000e+03,3.401280537218553945e-06
8.340000000000000000e+03,3.400953119125915691e-06
8.341000000000000000e+03,3.399884008103981614e-06
8.342000000000000000e+03,3.399448360141832381e-06
8.343000000000000000e+03,3.398880380700575188e-06
8.344000000000000000e+03,3.397989985387539491e-06
8.345000000000000000e+03,3.397243062863708474e-06
8.346000000000000000e+03,3.396405645617051050e-06
8.347000000000000000e+03,3.395874045963864774e-06
8.348000000000000000e+03,3.395505927983322181e-06
8.349000000000000000e+03,3.394885425223037601e-06
8.350000000000000000e+03,3.394166469661286101e-06
8.351000000000000000e+03,3.394084160390775651e-06
8.352000000000000000e+03,3.393422048247884959e-06
8.353000000000000000e+03,3.392492544662673026e-06
8.354000000000000000e+03,3.391812469999422319e-06
8.355000000000000000e+03,3.390930487512378022e-06
8.356000000000000000e+03,3.389990297364420258e-06
8.357000000000000000e+03,3.389304083611932583e-06
8.358000000000000000e+03,3.388769982848316431e-06
8.359000000000000000e+03,3.388083769095828757e-06
8.360000000000000000e+03,3.387795004528015852e-06
8.361000000000000000e+03,3.387304104762733914e-06
8.362000000000000000e+03,3.386401658644899726e-06
8.363000000000000000e+03,3.385040827197371982e-06
8.364000000000000000e+03,3.383622242836281657e-06
8.365000000000000000e+03,3.382767090442939661e-06
8.366000000000000000e+03,3.381982878636335954e-06
8.367000000000000000e+03,3.381629994692048058e-06
8.368000000000000000e+03,3.380923772056121379e-06
8.369000000000000000e+03,3.380401494723628275e-06
8.370000000000000000e+03,3.379908093847916462e-06
8.371000000000000000e+03,3.379130475877900608e-06
8.372000000000000000e+03,3.378407654963666573e-06
8.373000000000000000e+03,3.378799192432779819e-06
8.374000000000000000e+03,3.378170049472828396e-06
8.375000000000000000e+03,3.377741677468293346e-06
8.376000000000000000e+03,3.377280336280819029e-06
8.377000000000000000e+03,3.376803533683414571e-06
8.378000000000000000e+03,3.376050244696671143e-06
8.379000000000000000e+03,3.375732831045752391e-06
8.380000000000000000e+03,3.375022060936316848e-06
8.381000000000000000e+03,3.374863354110857472e-06
8.382000000000000000e+03,3.374424977664602920e-06
8.383000000000000000e+03,3.374011839696322568e-06
8.384000000000000000e+03,3.373679419382824562e-06
8.385000000000000000e+03,3.373282424945500679e-06
8.386000000000000000e+03,3.372823130121105351e-06
8.387000000000000000e+03,3.372190803929697722e-06
8.388000000000000000e+03,3.371366801729891449e-06
8.389000000000000000e+03,3.370332706253975630e-06
8.390000000000000000e+03,3.374399284439277835e-06
8.391000000000000000e+03,3.369886144355405122e-06
8.392000000000000000e+03,3.369303840372595005e-06
8.393000000000000000e+03,3.368940951986587606e-06
8.394000000000000000e+03,3.368296574990381487e-06
8.395000000000000000e+03,3.367829322087345645e-06
8.396000000000000000e+03,3.366895725775975734e-06
8.397000000000000000e+03,3.366582859598565847e-06
8.398000000000000000e+03,3.366057626408291981e-06
8.399000000000000000e+03,3.365706561453407630e-06
8.400000000000000000e+03,3.364997837707051076e-06
8.401000000000000000e+03,3.364531266925041564e-06
8.402000000000000000e+03,3.363840960446395911e-06
8.403000000000000000e+03,3.363351879670517519e-06
8.404000000000000000e+03,3.362802772244322114e-06
8.405000000000000000e+03,3.362029019626788795e-06
8.406000000000000000e+03,3.360927394169266336e-06
8.407000000000000000e+03,3.362520374139421619e-06
8.408000000000000000e+03,3.360428991072694771e-06
8.409000000000000000e+03,3.359858737894683145e-06
8.410000000000000000e+03,3.359337142683216371e-06
8.411000000000000000e+03,3.358734829816967249e-06
8.412000000000000000e+03,3.357366495038149878e-06
8.413000000000000000e+03,3.356629349582362920e-06
8.414000000000000000e+03,3.355247827130369842e-06
8.415000000000000000e+03,3.354546379341627471e-06
8.416000000000000000e+03,3.353926103955018334e-06
8.417000000000000000e+03,3.352508429088629782e-06
8.418000000000000000e+03,3.350954557390650734e-06
8.419000000000000000e+03,3.350902261445298791e-06
8.420000000000000000e+03,3.350128508827765472e-06
8.421000000000000000e+03,3.349481630721129477e-06
8.422000000000000000e+03,3.348976406414294615e-06
8.423000000000000000e+03,3.348478230691398494e-06
8.424000000000000000e+03,3.347926622154773213e-06
8.425000000000000000e+03,3.347390247654402629e-06
8.426000000000000000e+03,3.346965513628674671e-06
8.427000000000000000e+03,3.346596258779754862e-06
8.428000000000000000e+03,3.346203357068588957e-06
8.429000000000000000e+03,3.345682898725499399e-06
8.430000000000000000e+03,3.345066261317697354e-06
8.431000000000000000e+03,3.344464403198799118e-06
8.432000000000000000e+03,3.343849357406725176e-06
8.433000000000000000e+03,3.342669515404850245e-06
8.434000000000000000e+03,3.347573056089458987e-06
8.435000000000000000e+03,3.342358013469493017e-06
8.436000000000000000e+03,3.341660658406908624e-06
8.437000000000000000e+03,3.341020601510535926e-06
8.438000000000000000e+03,3.340310513522126712e-06
8.439000000000000000e+03,3.339092472742777318e-06
8.440000000000000000e+03,3.339482873343513347e-06
8.441000000000000000e+03,3.338418082421412691e-06
8.442000000000000000e+03,3.337246880619204603e-06
8.443000000000000000e+03,3.336451527502504177e-06
8.444000000000000000e+03,3.335523160785669461e-06
8.445000000000000000e+03,3.334490202178130858e-06
8.446000000000000000e+03,3.333366976221441291e-06
8.447000000000000000e+03,3.332614141982048750e-06
8.448000000000000000e+03,3.331649622850818560e-06
8.449000000000000000e+03,3.331040261400630698e-06
8.450000000000000000e+03,3.328844968564226292e-06
8.451000000000000000e+03,3.334792381792794913e-06
8.452000000000000000e+03,3.328564844196080230e-06
8.453000000000000000e+03,3.328085767861921340e-06
8.454000000000000000e+03,3.327171498312964104e-06
8.455000000000000000e+03,3.326224486954743043e-06
8.456000000000000000e+03,3.325005536680691876e-06
8.457000000000000000e+03,3.323770215502008796e-06
8.458000000000000000e+03,3.322471002320526168e-06
8.459000000000000000e+03,3.321621534269070253e-06
8.460000000000000000e+03,3.320430550957098603e-06
8.461000000000000000e+03,3.319444203953025863e-06
8.462000000000000000e+03,3.318649532957351767e-06
8.463000000000000000e+03,3.317828486615326256e-06
8.464000000000000000e+03,3.317275741210323758e-06
8.465000000000000000e+03,3.316158881716546603e-06
8.466000000000000000e+03,3.314054083602968603e-06
8.467000000000000000e+03,3.313132765470072627e-06
8.468000000000000000e+03,3.312328090032679029e-06
8.469000000000000000e+03,3.311552745799417607e-06
8.470000000000000000e+03,3.313092975076870061e-06
8.471000000000000000e+03,3.311000000394415110e-06
8.472000000000000000e+03,3.309654175609466620e-06
8.473000000000000000e+03,3.308510713395662606e-06
8.474000000000000000e+03,3.307199449409381486e-06
8.475000000000000000e+03,3.305626705696340650e-06
8.476000000000000000e+03,3.306102826172718778e-06
8.477000000000000000e+03,3.304742222098866478e-06
8.478000000000000000e+03,3.304185611341381446e-06
8.479000000000000000e+03,3.303441872049006633e-06
8.480000000000000000e+03,3.302598088339436799e-06
8.481000000000000000e+03,3.302175628050463274e-06
8.482000000000000000e+03,3.301109700259985402e-06
8.483000000000000000e+03,3.300781827419996262e-06
8.484000000000000000e+03,3.300137905171141028e-06
8.485000000000000000e+03,3.299384161437046714e-06
8.486000000000000000e+03,3.298295951026375405e-06
8.487000000000000000e+03,3.314890818728599697e-06
8.488000000000000000e+03,3.298006276963860728e-06
8.489000000000000000e+03,3.297167268101475202e-06
8.490000000000000000e+03,3.296178647360648029e-06
8.491000000000000000e+03,3.295657734270207584e-06
8.492000000000000000e+03,3.295572014394565485e-06
8.493000000000000000e+03,3.294516318419482559e-06
8.494000000000000000e+03,3.294038378953700885e-06
8.495000000000000000e+03,3.293534291515243240e-06
8.496000000000000000e+03,3.292960627732099965e-06
8.497000000000000000e+03,3.295251417512190528e-06
8.498000000000000000e+03,3.292512928965152241e-06
8.499000000000000000e+03,3.291472012278973125e-06
8.500000000000000000e+03,3.290812628620187752e-06
8.501000000000000000e+03,3.289932692496222444e-06
8.502000000000000000e+03,3.289110964033170603e-06
8.503000000000000000e+03,3.288248990429565310e-06
8.504000000000000000e+03,3.287467279733391479e-06
8.505000000000000000e+03,3.287323579570511356e-06
8.506000000000000000e+03,3.285998445790028200e-06
8.507000000000000000e+03,3.285651018813950941e-06
8.508000000000000000e+03,3.285095544924843125e-06
8.509000000000000000e+03,3.284906597400549799e-06
8.510000000000000000e+03,3.284536660430603661e-06
8.511000000000000000e+03,3.284188323959824629e-06
8.512000000000000000e+03,3.283826572442194447e-06
8.513000000000000000e+03,3.283380010543623939e-06
8.514000000000000000e+03,3.282596253484371118e-06
8.515000000000000000e+03,3.284084868937497959e-06
8.516000000000000000e+03,3.282273837612592615e-06
8.517000000000000000e+03,3.281696081103291363e-06
8.518000000000000000e+03,3.281425051682163030e-06
8.519000000000000000e+03,3.281104454799788073e-06
8.520000000000000000e+03,3.280709051978192292e-06
8.521000000000000000e+03,3.280063992860959843e-06
8.522000000000000000e+03,3.279189286331529729e-06
8.523000000000000000e+03,3.278341864643152803e-06
8.524000000000000000e+03,3.278026042607962154e-06
8.525000000000000000e+03,3.277653377153910697e-06
8.526000000000000000e+03,3.277333007645211183e-06
8.527000000000000000e+03,3.276775487393024378e-06
8.528000000000000000e+03,3.276229563198285177e-06
8.529000000000000000e+03,3.275029257565620355e-06
8.530000000000000000e+03,3.274461732871714048e-06
8.531000000000000000e+03,3.273674110459978692e-06
8.532000000000000000e+03,3.273095899203326553e-06
8.533000000000000000e+03,3.272777803431381471e-06
8.534000000000000000e+03,3.271951982242171653e-06
8.535000000000000000e+03,3.271199375376454554e-06
8.536000000000000000e+03,3.270447905379114673e-06
8.537000000000000000e+03,3.269773060310399160e-06
8.538000000000000000e+03,3.270142542532994412e-06
8.539000000000000000e+03,3.269188482590834610e-06
8.540000000000000000e+03,3.268303771619684994e-06
8.541000000000000000e+03,3.267601186962565407e-06
8.542000000000000000e+03,3.266678731961292215e-06
8.543000000000000000e+03,3.267303782195085660e-06
8.544000000000000000e+03,3.266350859121303074e-06
8.545000000000000000e+03,3.265938175900373608e-06
8.546000000000000000e+03,3.265286977693904191e-06
8.547000000000000000e+03,3.264178076278767549e-06
8.548000000000000000e+03,3.264229690103093162e-06
8.549000000000000000e+03,3.263651251472765580e-06
8.550000000000000000e+03,3.262718109908746555e-06
8.551000000000000000e+03,3.262194923081551678e-06
8.552000000000000000e+03,3.261858864789246581e-06
8.553000000000000000e+03,3.261350457250955515e-06
8.554000000000000000e+03,3.260482117184437811e-06
8.555000000000000000e+03,3.259866616645012982e-06
8.556000000000000000e+03,3.258988272136775777e-06
8.557000000000000000e+03,3.258537390138371848e-06
8.558000000000000000e+03,3.257972821302246302e-06
8.559000000000000000e+03,3.257440766901709139e-06
8.560000000000000000e+03,3.256326863265712745e-06
8.561000000000000000e+03,3.255534238633117639e-06
8.562000000000000000e+03,3.254207285863230936e-06
8.563000000000000000e+03,3.253199793107341975e-06
8.564000000000000000e+03,3.253453542129136622e-06
8.565000000000000000e+03,3.252738679293543100e-06
8.566000000000000000e+03,3.252168653489206918e-06
8.567000000000000000e+03,3.251683665439486504e-06
8.568000000000000000e+03,3.251188900321722031e-06
8.569000000000000000e+03,3.250702775403624400e-06
8.570000000000000000e+03,3.250232339269132353e-06
8.571000000000000000e+03,3.249655947001883760e-06
8.572000000000000000e+03,3.248859457016806118e-06
8.573000000000000000e+03,3.249044084441266023e-06
8.574000000000000000e+03,3.248377197451191023e-06
8.575000000000000000e+03,3.247743734391406178e-06
8.576000000000000000e+03,3.247005906814592890e-06
8.577000000000000000e+03,3.246306732762604952e-06
8.578000000000000000e+03,3.245246489314013161e-06
8.579000000000000000e+03,3.244841764171724208e-06
8.580000000000000000e+03,3.243777427996974438e-06
8.581000000000000000e+03,3.243316314183175564e-06
8.582000000000000000e+03,3.242872708142385818e-06
8.583000000000000000e+03,3.242246066292864271e-06
8.584000000000000000e+03,3.241298372813616879e-06
8.585000000000000000e+03,3.241024842282058671e-06
8.586000000000000000e+03,3.239963916712440550e-06
8.587000000000000000e+03,3.239622628825600259e-06
8.588000000000000000e+03,3.239254738218733110e-06
8.589000000000000000e+03,3.239203351768082939e-06
8.590000000000000000e+03,3.238894805690506473e-06
8.591000000000000000e+03,3.238586259612930007e-06
8.592000000000000000e+03,3.237978035031119362e-06
8.593000000000000000e+03,3.237450755477766506e-06
8.594000000000000000e+03,3.236814563933876343e-06
8.595000000000000000e+03,3.236477141399518587e-06
8.596000000000000000e+03,3.236207021473092027e-06
8.597000000000000000e+03,3.235837766624172218e-06
8.598000000000000000e+03,3.235047643102006987e-06
8.599000000000000000e+03,3.234486939618363976e-06
8.600000000000000000e+03,3.233655434087268077e-06
8.601000000000000000e+03,3.232288690924178809e-06
8.602000000000000000e+03,3.231670007153297774e-06
8.603000000000000000e+03,3.231175924156559631e-06
8.604000000000000000e+03,3.230353740946156904e-06
8.605000000000000000e+03,3.230101356166414917e-06
8.606000000000000000e+03,3.229714138797135092e-06
8.607000000000000000e+03,3.229096591894631274e-06
8.608000000000000000e+03,3.229939920856850222e-06
8.609000000000000000e+03,3.228587956982664764e-06
8.610000000000000000e+03,3.227786010029376484e-06
8.611000000000000000e+03,3.227194383725873195e-06
8.612000000000000000e+03,3.226742592232767493e-06
8.613000000000000000e+03,3.225832415409968235e-06
8.614000000000000000e+03,3.225357886549318209e-06
8.615000000000000000e+03,3.224072543162037618e-06
8.616000000000000000e+03,3.223595285817282274e-06
8.617000000000000000e+03,3.223145085939904675e-06
8.618000000000000000e+03,3.222653276679920964e-06
8.619000000000000000e+03,3.221703991584945470e-06
8.620000000000000000e+03,3.221239239792339504e-06
8.621000000000000000e+03,3.220623739252914675e-06
8.622000000000000000e+03,3.220301096007460728e-06
8.623000000000000000e+03,3.219806103516020812e-06
8.624000000000000000e+03,3.219750624339212663e-06
8.625000000000000000e+03,3.219071459170663729e-06
8.626000000000000000e+03,3.218645133529207669e-06
8.627000000000000000e+03,3.218189704057294875e-06
8.628000000000000000e+03,3.217686071366188116e-06
8.629000000000000000e+03,3.217327957827365026e-06
8.630000000000000000e+03,3.216486447854549624e-06
8.631000000000000000e+03,3.216223376512061805e-06
8.632000000000000000e+03,3.215957121938117780e-06
8.633000000000000000e+03,3.215656533939181827e-06
8.634000000000000000e+03,3.215156539226882160e-06
8.635000000000000000e+03,3.214443950128043070e-06
8.636000000000000000e+03,3.214055368516710587e-06
8.637000000000000000e+03,3.213142690583481453e-06
8.638000000000000000e+03,3.212743649783078581e-06
8.639000000000000000e+03,3.212133378838188946e-06
8.640000000000000000e+03,3.212110641470644623e-06
8.641000000000000000e+03,3.211789135093567893e-06
8.642000000000000000e+03,3.211230477973003872e-06
8.643000000000000000e+03,3.210780050721950829e-06
8.644000000000000000e+03,3.210491968275164254e-06
8.645000000000000000e+03,3.210101340300752781e-06
8.646000000000000000e+03,3.209702981621376239e-06
8.647000000000000000e+03,3.209343503840500489e-06
8.648000000000000000e+03,3.208685711797443219e-06
8.649000000000000000e+03,3.209010174032300711e-06
8.650000000000000000e+03,3.208337830074015073e-06
8.651000000000000000e+03,3.207784175174310803e-06
8.652000000000000000e+03,3.207109102731919847e-06
8.653000000000000000e+03,3.206559313184698112e-06
8.654000000000000000e+03,3.205969960617949255e-06
8.655000000000000000e+03,3.206648671039147303e-06
8.656000000000000000e+03,3.205779194104252383e-06
8.657000000000000000e+03,3.205193479516310617e-06
8.658000000000000000e+03,3.204345603080582805e-06
8.659000000000000000e+03,3.203282176400534809e-06
8.660000000000000000e+03,3.203404958185274154e-06
8.661000000000000000e+03,3.202897232768009417e-06
8.662000000000000000e+03,3.202768311894033104e-06
8.663000000000000000e+03,3.202305833838181570e-06
8.664000000000000000e+03,3.202105290256440639e-06
8.665000000000000000e+03,3.201836079824715853e-06
8.666000000000000000e+03,3.201341542080626823e-06
8.667000000000000000e+03,3.201342678949004039e-06
8.668000000000000000e+03,3.200977971573593095e-06
8.669000000000000000e+03,3.200266519343131222e-06
8.670000000000000000e+03,3.199798584319069050e-06
8.671000000000000000e+03,3.199247203156119213e-06
8.672000000000000000e+03,3.199154434696538374e-06
8.673000000000000000e+03,3.198655349478940479e-06
8.674000000000000000e+03,3.198315880581503734e-06
8.675000000000000000e+03,3.197835667378967628e-06
8.676000000000000000e+03,3.197410023858537897e-06
8.677000000000000000e+03,3.196670149918645620e-06
8.678000000000000000e+03,3.196859324816614389e-06
8.679000000000000000e+03,3.196319994458463043e-06
8.680000000000000000e+03,3.195909130226937123e-06
8.681000000000000000e+03,3.195696308466722257e-06
8.682000000000000000e+03,3.195245653841993771e-06
8.683000000000000000e+03,3.194481450918829069e-06
8.684000000000000000e+03,3.197454361725249328e-06
8.685000000000000000e+03,3.194044438714627177e-06
8.686000000000000000e+03,3.193379143340280280e-06
8.687000000000000000e+03,3.192966005371999927e-06
8.688000000000000000e+03,3.192526492057368159e-06
8.689000000000000000e+03,3.192530584783526137e-06
8.690000000000000000e+03,3.192303438481758349e-06
8.691000000000000000e+03,3.191730456819641404e-06
8.692000000000000000e+03,3.191047198924934492e-06
8.693000000000000000e+03,3.190572897437959909e-06
8.694000000000000000e+03,3.190077450199169107e-06
8.695000000000000000e+03,3.189583139828755520e-06
8.696000000000000000e+03,3.188691607647342607e-06
8.697000000000000000e+03,3.189235258105327375e-06
8.698000000000000000e+03,3.188144773957901634e-06
8.699000000000000000e+03,3.187194579368224367e-06
8.700000000000000000e+03,3.186481535522034392e-06
8.701000000000000000e+03,3.185343075529090129e-06
8.702000000000000000e+03,3.185690502505167387e-06
8.703000000000000000e+03,3.184728711858042516e-06
8.704000000000000000e+03,3.184013849022448994e-06
8.705000000000000000e+03,3.183023181918542832e-06
8.706000000000000000e+03,3.182258524248027243e-06
8.707000000000000000e+03,3.181892680004239082e-06
8.708000000000000000e+03,3.180978865202632733e-06
8.709000000000000000e+03,3.180090971000026911e-06
8.710000000000000000e+03,3.183218723279424012e-06
8.711000000000000000e+03,3.179647137585561723e-06
8.712000000000000000e+03,3.178656925229006447e-06
8.713000000000000000e+03,3.178097358613740653e-06
8.714000000000000000e+03,3.177219923600205220e-06
8.715000000000000000e+03,3.177633971063187346e-06
8.716000000000000000e+03,3.176908649038523436e-06
8.717000000000000000e+03,3.176359086864977144e-06
8.718000000000000000e+03,3.175926167386933230e-06
8.719000000000000000e+03,3.175338406435912475e-06
8.720000000000000000e+03,3.174930043314816430e-06
8.721000000000000000e+03,3.174478479195386171e-06
8.722000000000000000e+03,3.174143330397782847e-06
8.723000000000000000e+03,3.173638560838298872e-06
8.724000000000000000e+03,3.172955757690942846e-06
8.725000000000000000e+03,3.172704964526928961e-06
8.726000000000000000e+03,3.171595153617090546e-06
8.727000000000000000e+03,3.170973059241077863e-06
8.728000000000000000e+03,3.170533545926446095e-06
8.729000000000000000e+03,3.170006038999417797e-06
8.730000000000000000e+03,3.169303454342298210e-06
8.731000000000000000e+03,3.168638158967951313e-06
8.732000000000000000e+03,3.168196599290240556e-06
8.733000000000000000e+03,3.167729119013529271e-06
8.734000000000000000e+03,3.167683189531089738e-06
8.735000000000000000e+03,3.167379190927022137e-06
8.736000000000000000e+03,3.166858959957608022e-06
8.737000000000000000e+03,3.165702537444303744e-06
8.738000000000000000e+03,3.165071348121273331e-06
8.739000000000000000e+03,3.164365580232697539e-06
8.740000000000000000e+03,3.163530664096469991e-06
8.741000000000000000e+03,3.162986786264809780e-06
8.742000000000000000e+03,3.161590484523912892e-06
8.743000000000000000e+03,3.162732355121988803e-06
8.744000000000000000e+03,3.161338781865197234e-06
8.745000000000000000e+03,3.160730784657062031e-06
8.746000000000000000e+03,3.159565494570415467e-06
8.747000000000000000e+03,3.158663503199932165e-06
8.748000000000000000e+03,3.166929218423319981e-06
8.749000000000000000e+03,3.158294703098363243e-06
8.750000000000000000e+03,3.157947958243312314e-06
8.751000000000000000e+03,3.157404535159002990e-06
8.752000000000000000e+03,3.156650109303882346e-06
8.753000000000000000e+03,3.155894091833033599e-06
8.754000000000000000e+03,3.155135345878079534e-06
8.755000000000000000e+03,3.154598289256682619e-06
8.756000000000000000e+03,3.154872047161916271e-06
8.757000000000000000e+03,3.153966417812625878e-06
8.758000000000000000e+03,3.153221996399224736e-06
8.759000000000000000e+03,3.152628323732642457e-06
8.760000000000000000e+03,3.151286819047527388e-06
8.761000000000000000e+03,3.150189286316162907e-06
8.762000000000000000e+03,3.149569465676904656e-06
8.763000000000000000e+03,3.149314125039381906e-06
8.764000000000000000e+03,3.148614723613718525e-06
8.765000000000000000e+03,3.148394853269564919e-06
8.766000000000000000e+03,3.147837560391053557e-06
8.767000000000000000e+03,3.147202733089216053e-06
8.768000000000000000e+03,3.146411927446024492e-06
8.769000000000000000e+03,3.146666358588845469e-06
8.770000000000000000e+03,3.145834853057749569e-06
8.771000000000000000e+03,3.145451501040952280e-06
8.772000000000000000e+03,3.144783931929850951e-06
8.773000000000000000e+03,3.144240281471866183e-06
8.774000000000000000e+03,3.143539743177825585e-06
8.775000000000000000e+03,3.142830792057793587e-06
8.776000000000000000e+03,3.142200512229464948e-06
8.777000000000000000e+03,3.141593197142356075e-06
8.778000000000000000e+03,3.141305569442920387e-06
8.779000000000000000e+03,3.140451781291631050e-06
8.780000000000000000e+03,3.140027502013253979e-06
8.781000000000000000e+03,3.139176897093420848e-06
8.782000000000000000e+03,3.137933163088746369e-06
8.783000000000000000e+03,3.140073204122018069e-06
8.784000000000000000e+03,3.137565045108203776e-06
8.785000000000000000e+03,3.136903160338988528e-06
8.786000000000000000e+03,3.136460463792900555e-06
8.787000000000000000e+03,3.135865654257941060e-06
8.788000000000000000e+03,3.134925009362632409e-06
8.789000000000000000e+03,3.133950713163358159e-06
8.790000000000000000e+03,3.133181962766684592e-06
8.791000000000000000e+03,3.132758365609333850e-06
8.792000000000000000e+03,3.132228584945551120e-06
8.793000000000000000e+03,3.131917083010193892e-06
8.794000000000000000e+03,3.131318180749076419e-06
8.795000000000000000e+03,3.130629011138807982e-06
8.796000000000000000e+03,3.130426193820312619e-06
8.797000000000000000e+03,3.130121513095218688e-06
8.798000000000000000e+03,3.129929382339469157e-06
8.799000000000000000e+03,3.129424840153660625e-06
8.800000000000000000e+03,3.129002379864687100e-06
8.801000000000000000e+03,3.128638581983977929e-06
8.802000000000000000e+03,3.128287289655418135e-06
8.803000000000000000e+03,3.127859599771909416e-06
8.804000000000000000e+03,3.127574473182903603e-06
8.805000000000000000e+03,3.127529907942516729e-06
8.806000000000000000e+03,3.127158151983167045e-06
8.807000000000000000e+03,3.126655428786762059e-06
8.808000000000000000e+03,3.126386900476063602e-06
8.809000000000000000e+03,3.125991725028143264e-06
8.810000000000000000e+03,3.125558123429073021e-06
8.811000000000000000e+03,3.124911245322437026e-06
8.812000000000000000e+03,3.125878492937772535e-06
8.813000000000000000e+03,3.124715476587880403e-06
8.814000000000000000e+03,3.124247768937493674e-06
8.815000000000000000e+03,3.123802798654651269e-06
8.816000000000000000e+03,3.123428996332222596e-06
8.817000000000000000e+03,3.122902853647246957e-06
8.818000000000000000e+03,3.122254156551207416e-06
8.819000000000000000e+03,3.121682539131143130e-06
8.820000000000000000e+03,3.121236431979923509e-06
8.821000000000000000e+03,3.120460860372986645e-06
8.822000000000000000e+03,3.119996108580380678e-06
8.823000000000000000e+03,3.119138227702933364e-06
8.824000000000000000e+03,3.120019982816302218e-06
8.825000000000000000e+03,3.118852418992901221e-06
8.826000000000000000e+03,3.118469294349779375e-06
8.827000000000000000e+03,3.118096401522052474e-06
8.828000000000000000e+03,3.117718961220816709e-06
8.829000000000000000e+03,3.116928382951300591e-06
8.830000000000000000e+03,3.117530695817549713e-06
8.831000000000000000e+03,3.116583457085653208e-06
8.832000000000000000e+03,3.115586878266185522e-06
8.833000000000000000e+03,3.114830633421661332e-06
8.834000000000000000e+03,3.114277433269307949e-06
8.835000000000000000e+03,3.113541197308222763e-06
8.836000000000000000e+03,3.113523689535213634e-06
8.837000000000000000e+03,3.113097591267433017e-06
8.838000000000000000e+03,3.112635340585256927e-06
8.839000000000000000e+03,3.112148988293483853e-06
8.840000000000000000e+03,3.111727210125536658e-06
8.841000000000000000e+03,3.110825218755053356e-06
8.842000000000000000e+03,3.114767650913563557e-06
8.843000000000000000e+03,3.110510533588239923e-06
8.844000000000000000e+03,3.109610815954511054e-06
8.845000000000000000e+03,3.108758619418949820e-06
8.846000000000000000e+03,3.107188604190014303e-06
8.847000000000000000e+03,3.106219992332626134e-06
8.848000000000000000e+03,3.105025825789198279e-06
8.849000000000000000e+03,3.104062216152669862e-06
8.850000000000000000e+03,3.103110884694615379e-06
8.851000000000000000e+03,3.101871243416098878e-06
8.852000000000000000e+03,3.100391950283665210e-06
8.853000000000000000e+03,3.099697778452537023e-06
8.854000000000000000e+03,3.097535227425396442e-06
8.855000000000000000e+03,3.096779892075574026e-06
8.856000000000000000e+03,3.096295813520555384e-06
8.857000000000000000e+03,3.095976353506557643e-06
8.858000000000000000e+03,3.095360852967132814e-06
8.859000000000000000e+03,3.093993427683017217e-06
8.860000000000000000e+03,3.094256271651829593e-06
8.861000000000000000e+03,3.093471150350524113e-06
8.862000000000000000e+03,3.092690121775376610e-06
8.863000000000000000e+03,3.092203769483603537e-06
8.864000000000000000e+03,3.091746748395962641e-06
8.865000000000000000e+03,3.090920472459401935e-06
8.866000000000000000e+03,3.089991196247865446e-06
8.867000000000000000e+03,3.089136953349225223e-06
8.868000000000000000e+03,3.088405037487973459e-06
8.869000000000000000e+03,3.087782943111960776e-06
8.870000000000000000e+03,3.087265895374002866e-06
8.871000000000000000e+03,3.086930291829048656e-06
8.872000000000000000e+03,3.086112428718479350e-06
8.873000000000000000e+03,3.085023081439430825e-06
8.874000000000000000e+03,3.086605147473164834e-06
8.875000000000000000e+03,3.084531499553122558e-06
8.876000000000000000e+03,3.083586307184305042e-06
8.877000000000000000e+03,3.082970806644880213e-06
8.878000000000000000e+03,3.082634520978899673e-06
8.879000000000000000e+03,3.082324838032945991e-06
8.880000000000000000e+03,3.081242539337836206e-06
8.881000000000000000e+03,3.080436499658389948e-06
8.882000000000000000e+03,3.079630459978943691e-06
8.883000000000000000e+03,3.079513362536090426e-06
8.884000000000000000e+03,3.078370809816988185e-06
8.885000000000000000e+03,3.077906285398057662e-06
8.886000000000000000e+03,3.076898792642168701e-06
8.887000000000000000e+03,3.075919039474683814e-06
8.888000000000000000e+03,3.075483164138859138e-06
8.889000000000000000e+03,3.074733285757247359e-06
8.890000000000000000e+03,3.074534333791234531e-06
8.891000000000000000e+03,3.073691914323717356e-06
8.892000000000000000e+03,3.073337666137376800e-06
8.893000000000000000e+03,3.071887704209075309e-06
8.894000000000000000e+03,3.071304263357887976e-06
8.895000000000000000e+03,3.070005732297431678e-06
8.896000000000000000e+03,3.068664682359667495e-06
8.897000000000000000e+03,3.071777882723836228e-06
8.898000000000000000e+03,3.068292244279291481e-06
8.899000000000000000e+03,3.067842953896615654e-06
8.900000000000000000e+03,3.067313855353859253e-06
8.901000000000000000e+03,3.066905037485412322e-06
8.902000000000000000e+03,3.066035333176841959e-06
8.903000000000000000e+03,3.064580596401356161e-06
8.904000000000000000e+03,3.065093324039480649e-06
8.905000000000000000e+03,3.063758640564628877e-06
8.906000000000000000e+03,3.062801170017337427e-06
8.907000000000000000e+03,3.062420091737294570e-06
8.908000000000000000e+03,3.062039240830927156e-06
8.909000000000000000e+03,3.061791403524694033e-06
8.910000000000000000e+03,3.060982407987467013e-06
8.911000000000000000e+03,3.060311428271234035e-06
8.912000000000000000e+03,3.059260507143335417e-06
8.913000000000000000e+03,3.058477659578784369e-06
8.914000000000000000e+03,3.057792127947323024e-06
8.915000000000000000e+03,3.057085223190370016e-06
8.916000000000000000e+03,3.056680043300730176e-06
8.917000000000000000e+03,3.055214165215147659e-06
8.918000000000000000e+03,3.054815124414744787e-06
8.919000000000000000e+03,3.053282853215932846e-06
8.920000000000000000e+03,3.052542751902365126e-06
8.921000000000000000e+03,3.051944304388598539e-06
8.922000000000000000e+03,3.051235808015917428e-06
8.923000000000000000e+03,3.050879286092822440e-06
8.924000000000000000e+03,3.050147370231570676e-06
8.925000000000000000e+03,3.049704218938131817e-06
8.926000000000000000e+03,3.049263114007771946e-06
8.927000000000000000e+03,3.048495727853151038e-06
8.928000000000000000e+03,3.048415919693070464e-06
8.929000000000000000e+03,3.047827249247347936e-06
8.930000000000000000e+03,3.047104883080464788e-06
8.931000000000000000e+03,3.046593064937042072e-06
8.932000000000000000e+03,3.046288384211948141e-06
8.933000000000000000e+03,3.046076017199084163e-06
8.934000000000000000e+03,3.045534413104178384e-06
8.935000000000000000e+03,3.045173116333899088e-06
8.936000000000000000e+03,3.044850018341094255e-06
8.937000000000000000e+03,3.044464165213867091e-06
8.938000000000000000e+03,3.044210416192072444e-06
8.939000000000000000e+03,3.043403012270573527e-06
8.940000000000000000e+03,3.043308879568940029e-06
8.941000000000000000e+03,3.042219304916216061e-06
8.942000000000000000e+03,3.041959644178859890e-06
8.943000000000000000e+03,3.041407126147532836e-06
8.944000000000000000e+03,3.040715682800509967e-06
8.945000000000000000e+03,3.040494448214303702e-06
8.946000000000000000e+03,3.039282546524191275e-06
8.947000000000000000e+03,3.038971271962509491e-06
8.948000000000000000e+03,3.038510385522386059e-06
8.949000000000000000e+03,3.038090881091193296e-06
8.950000000000000000e+03,3.037156147911446169e-06
8.951000000000000000e+03,3.036670250367023982e-06
8.952000000000000000e+03,3.036017233171151020e-06
8.953000000000000000e+03,3.035372401427594014e-06
8.954000000000000000e+03,3.035075678781140596e-06
8.955000000000000000e+03,3.034539076907094568e-06
8.956000000000000000e+03,3.033389248230378143e-06
8.957000000000000000e+03,3.031984078916138969e-06
8.958000000000000000e+03,3.030850393770379014e-06
8.959000000000000000e+03,3.029779009011690505e-06
8.960000000000000000e+03,3.029213985428214073e-06
8.961000000000000000e+03,3.028540049854200333e-06
8.962000000000000000e+03,3.028023002116242424e-06
8.963000000000000000e+03,3.027274487976683304e-06
8.964000000000000000e+03,3.026238800885039382e-06
8.965000000000000000e+03,3.024376155735808425e-06
8.966000000000000000e+03,3.022475084435427561e-06
8.967000000000000000e+03,3.020984422619221732e-06
8.968000000000000000e+03,3.020087660843273625e-06
8.969000000000000000e+03,3.019419636984821409e-06
8.970000000000000000e+03,3.018873485416406766e-06
8.971000000000000000e+03,3.018277084265719168e-06
8.972000000000000000e+03,3.017820290551753715e-06
8.973000000000000000e+03,3.016962182300630957e-06
8.974000000000000000e+03,3.015035872522275895e-06
8.975000000000000000e+03,3.013035211552050896e-06
8.976000000000000000e+03,3.011536136909853667e-06
8.977000000000000000e+03,3.013194373124861158e-06
8.978000000000000000e+03,3.010964974237140268e-06
8.979000000000000000e+03,3.010186219398747198e-06
8.980000000000000000e+03,3.009763986483449116e-06
8.981000000000000000e+03,3.008806743309833109e-06
8.982000000000000000e+03,3.008345174748683348e-06
8.983000000000000000e+03,3.007335863003390841e-06
8.984000000000000000e+03,3.009804004250327125e-06
8.985000000000000000e+03,3.007095983775798231e-06
8.986000000000000000e+03,3.006469114552601241e-06
8.987000000000000000e+03,3.005685584867023863e-06
8.988000000000000000e+03,3.004504378623096272e-06
8.989000000000000000e+03,3.011999979207757860e-06
8.990000000000000000e+03,3.004176505783107132e-06
8.991000000000000000e+03,3.003344545504660346e-06
8.992000000000000000e+03,3.002368202942307107e-06
8.993000000000000000e+03,3.001493496412876993e-06
8.994000000000000000e+03,3.000544666065252386e-06
8.995000000000000000e+03,2.999472144438186660e-06
8.996000000000000000e+03,2.999116759383468889e-06
8.997000000000000000e+03,2.998226591444108635e-06
8.998000000000000000e+03,2.997846195285092108e-06
8.999000000000000000e+03,2.997172941832104698e-06
9.000000000000000000e+03,2.996205012095742859e-06
9.001000000000000000e+03,2.998757736349944025e-06
9.002000000000000000e+03,2.995921249748789705e-06
9.003000000000000000e+03,2.995281192852417007e-06
9.004000000000000000e+03,2.994924898302997462e-06
9.005000000000000000e+03,2.994393753397162072e-06
9.006000000000000000e+03,2.993536327267065644e-06
9.007000000000000000e+03,2.996965804413775913e-06
9.008000000000000000e+03,2.993321459143771790e-06
9.009000000000000000e+03,2.992464715134701692e-06
9.010000000000000000e+03,2.991750761793809943e-06
9.011000000000000000e+03,2.992512918353895657e-06
9.012000000000000000e+03,2.991302380905835889e-06
9.013000000000000000e+03,2.990833536387071945e-06
9.014000000000000000e+03,2.990120947288232855e-06
9.015000000000000000e+03,2.989557060573133640e-06
9.016000000000000000e+03,2.988492042277357541e-06
9.017000000000000000e+03,2.987144625876680948e-06
9.018000000000000000e+03,2.987116658914601430e-06
9.019000000000000000e+03,2.986333583976374939e-06
9.020000000000000000e+03,2.985437959068804048e-06
9.021000000000000000e+03,2.984940692840609699e-06
9.022000000000000000e+03,2.984372258652001619e-06
9.023000000000000000e+03,2.983427066283184104e-06
9.024000000000000000e+03,2.982802698170416988e-06
9.025000000000000000e+03,2.982128307849052362e-06
9.026000000000000000e+03,2.981741317853447981e-06
9.027000000000000000e+03,2.981343868668773212e-06
9.028000000000000000e+03,2.980807494168402627e-06
9.029000000000000000e+03,2.980345925607252866e-06
9.030000000000000000e+03,2.979918235723744147e-06
9.031000000000000000e+03,2.978858447022503242e-06
9.032000000000000000e+03,2.978926431751460768e-06
9.033000000000000000e+03,2.978214524773648009e-06
9.034000000000000000e+03,2.977132226078538224e-06
9.035000000000000000e+03,2.976442146973568015e-06
9.036000000000000000e+03,2.975931465698522516e-06
9.037000000000000000e+03,2.975538336613681167e-06
9.038000000000000000e+03,2.975269808302982710e-06
9.039000000000000000e+03,2.974551989609608427e-06
9.040000000000000000e+03,2.973900336655788124e-06
9.041000000000000000e+03,2.973141363327158615e-06
9.042000000000000000e+03,2.972474021589732729e-06
9.043000000000000000e+03,2.971965159304090776e-06
9.044000000000000000e+03,2.971308276755735278e-06
9.045000000000000000e+03,2.970715286210179329e-06
9.046000000000000000e+03,2.969815113829099573e-06
9.047000000000000000e+03,2.969331944768782705e-06
9.048000000000000000e+03,2.968300123029621318e-06
9.049000000000000000e+03,2.967469299619551748e-06
9.050000000000000000e+03,2.966822648886591196e-06
9.051000000000000000e+03,2.966080273836269043e-06
9.052000000000000000e+03,2.964913392133894376e-06
9.053000000000000000e+03,2.966168494822341017e-06
9.054000000000000000e+03,2.964496161439456046e-06
9.055000000000000000e+03,2.963904080388601869e-06
9.056000000000000000e+03,2.963186716442578472e-06
9.057000000000000000e+03,2.962578491860767826e-06
9.058000000000000000e+03,2.961677409984986298e-06
9.059000000000000000e+03,2.960543270091875456e-06
9.060000000000000000e+03,2.959643552458146587e-06
9.061000000000000000e+03,2.959325229312526062e-06
9.062000000000000000e+03,2.958704953925916925e-06
9.063000000000000000e+03,2.958299774036277086e-06
9.064000000000000000e+03,2.957748620247002691e-06
9.065000000000000000e+03,2.956823664135299623e-06
9.066000000000000000e+03,2.957034439532435499e-06
9.067000000000000000e+03,2.956457819891511463e-06
9.068000000000000000e+03,2.955711579488706775e-06
9.069000000000000000e+03,2.955127229142817669e-06
9.070000000000000000e+03,2.954467390736681409e-06
9.071000000000000000e+03,2.953769126179395244e-06
9.072000000000000000e+03,2.953420334961265326e-06
9.073000000000000000e+03,2.952644535980653018e-06
9.074000000000000000e+03,2.951940587081480771e-06
9.075000000000000000e+03,2.951122041849885136e-06
9.076000000000000000e+03,2.950492216768907383e-06
9.077000000000000000e+03,2.949908321170369163e-06
9.078000000000000000e+03,2.949527242890326306e-06
9.079000000000000000e+03,2.948709607153432444e-06
9.080000000000000000e+03,2.948077280962024815e-06
9.081000000000000000e+03,2.947687335108639672e-06
9.082000000000000000e+03,2.947137545561417937e-06
9.083000000000000000e+03,2.946768972833524458e-06
9.084000000000000000e+03,2.946284666904830374e-06
9.085000000000000000e+03,2.945793767139548436e-06
9.086000000000000000e+03,2.945255346276098862e-06
9.087000000000000000e+03,2.944625521195121109e-06
9.088000000000000000e+03,2.944425432360731065e-06
9.089000000000000000e+03,2.943989557024906389e-06
9.090000000000000000e+03,2.943754680018173531e-06
9.091000000000000000e+03,2.943416575362789445e-06
9.092000000000000000e+03,2.943171693914337084e-06
9.093000000000000000e+03,2.942714445453020744e-06
9.094000000000000000e+03,2.942154424090404063e-06
9.095000000000000000e+03,2.941727188954246230e-06
9.096000000000000000e+03,2.941101001852075569e-06
9.097000000000000000e+03,2.940654667327180505e-06
9.098000000000000000e+03,2.939938440249534324e-06
9.099000000000000000e+03,2.939473915830603801e-06
9.100000000000000000e+03,2.938866145996144041e-06
9.101000000000000000e+03,2.938585566880647093e-06
9.102000000000000000e+03,2.938284751508035697e-06
9.103000000000000000e+03,2.937976887551485561e-06
9.104000000000000000e+03,2.937595809271442704e-06
9.105000000000000000e+03,2.937091949206660502e-06
9.106000000000000000e+03,2.936462806246709079e-06
9.107000000000000000e+03,2.936666533059906214e-06
9.108000000000000000e+03,2.936052624136209488e-06
9.109000000000000000e+03,2.935219526989385486e-06
9.110000000000000000e+03,2.934602889581583440e-06
9.111000000000000000e+03,2.934130179710336961e-06
9.112000000000000000e+03,2.933572204710799269e-06
9.113000000000000000e+03,2.932818233603029512e-06
9.114000000000000000e+03,2.932532652266672812e-06
9.115000000000000000e+03,2.932048118964303285e-06
9.116000000000000000e+03,2.931748667833744548e-06
9.117000000000000000e+03,2.931281642304384150e-06
9.118000000000000000e+03,2.930905338871525601e-06
9.119000000000000000e+03,2.930658865807345137e-06
9.120000000000000000e+03,2.930376240328769200e-06
9.121000000000000000e+03,2.930087703134631738e-06
9.122000000000000000e+03,2.929771198978414759e-06
9.123000000000000000e+03,2.929305082943756133e-06
9.124000000000000000e+03,2.928991762018995360e-06
9.125000000000000000e+03,2.927989953604992479e-06
9.126000000000000000e+03,2.927441300926147960e-06
9.127000000000000000e+03,2.926412662418442778e-06
9.128000000000000000e+03,2.925859462266089395e-06
9.129000000000000000e+03,2.925583430624101311e-06
9.130000000000000000e+03,2.925263061115401797e-06
9.131000000000000000e+03,2.925001581388642080e-06
9.132000000000000000e+03,2.924377668023225851e-06
9.133000000000000000e+03,2.923925194409093820e-06
9.134000000000000000e+03,2.923995452874805778e-06
9.135000000000000000e+03,2.923612555605359375e-06
9.136000000000000000e+03,2.923345164163038135e-06
9.137000000000000000e+03,2.923057991210953332e-06
9.138000000000000000e+03,2.922822204709518701e-06
9.139000000000000000e+03,2.922089151979889721e-06
9.140000000000000000e+03,2.921610985140432604e-06
9.141000000000000000e+03,2.921080294981948100e-06
9.142000000000000000e+03,2.920833367170416750e-06
9.143000000000000000e+03,2.920371571235591546e-06
9.144000000000000000e+03,2.919706503234920092e-06
9.145000000000000000e+03,2.919038706750143319e-06
9.146000000000000000e+03,2.918846121247042902e-06
9.147000000000000000e+03,2.917726988016511314e-06
9.148000000000000000e+03,2.917323854489950463e-06
9.149000000000000000e+03,2.916989387813373469e-06
9.150000000000000000e+03,2.916436642408370972e-06
9.151000000000000000e+03,2.916287712650955655e-06
9.152000000000000000e+03,2.915538516390370205e-06
9.153000000000000000e+03,2.915243157985969447e-06
9.154000000000000000e+03,2.914820697696995921e-06
9.155000000000000000e+03,2.914368224082863890e-06
9.156000000000000000e+03,2.913778189395088702e-06
9.157000000000000000e+03,2.913246589741902426e-06
9.158000000000000000e+03,2.912654281317372806e-06
9.159000000000000000e+03,2.912165427915169857e-06
9.160000000000000000e+03,2.911435331043321639e-06
9.161000000000000000e+03,2.911043111453182064e-06
9.162000000000000000e+03,2.910511966547346674e-06
9.163000000000000000e+03,2.910037892434047535e-06
9.164000000000000000e+03,2.909355316660366952e-06
9.165000000000000000e+03,2.908733904405380599e-06
9.166000000000000000e+03,2.908042915805708617e-06
9.167000000000000000e+03,2.907620000769384205e-06
9.168000000000000000e+03,2.906827830884139985e-06
9.169000000000000000e+03,2.906634108512662351e-06
9.170000000000000000e+03,2.905928340624086559e-06
9.171000000000000000e+03,2.905557494159438647e-06
9.172000000000000000e+03,2.905084556914516725e-06
9.173000000000000000e+03,2.904297843997483142e-06
9.174000000000000000e+03,2.904094117184286006e-06
9.175000000000000000e+03,2.903052518377080560e-06
9.176000000000000000e+03,2.902764890677644871e-06
9.177000000000000000e+03,2.902227379308897071e-06
9.178000000000000000e+03,2.901688276324421167e-06
9.179000000000000000e+03,2.900902472902089357e-06
9.180000000000000000e+03,2.900232857427909039e-06
9.181000000000000000e+03,2.899573246395448223e-06
9.182000000000000000e+03,2.899026412706007250e-06
9.183000000000000000e+03,2.898634193115867674e-06
9.184000000000000000e+03,2.898224465752718970e-06
9.185000000000000000e+03,2.897738568208296783e-06
9.186000000000000000e+03,2.897093054343713447e-06
9.187000000000000000e+03,2.896495061577297747e-06
9.188000000000000000e+03,2.896480737035744824e-06
9.189000000000000000e+03,2.895887064369162545e-06
9.190000000000000000e+03,2.895524403356830589e-06
9.191000000000000000e+03,2.894709723477717489e-06
9.192000000000000000e+03,2.893749524446320720e-06
9.193000000000000000e+03,2.895910256484057754e-06
9.194000000000000000e+03,2.893538749049184844e-06
9.195000000000000000e+03,2.892992597480770200e-06
9.196000000000000000e+03,2.892654038078035228e-06
9.197000000000000000e+03,2.892250677177798934e-06
9.198000000000000000e+03,2.891715666919481009e-06
9.199000000000000000e+03,2.891202939281356521e-06
9.200000000000000000e+03,2.890262749133398756e-06
9.201000000000000000e+03,2.891826625273097306e-06
9.202000000000000000e+03,2.889731604227563366e-06
9.203000000000000000e+03,2.889056759158847854e-06
9.204000000000000000e+03,2.888470362449879758e-06
9.205000000000000000e+03,2.887920345528982580e-06
9.206000000000000000e+03,2.887336222556768917e-06
9.207000000000000000e+03,2.886604534069192596e-06
9.208000000000000000e+03,2.885624326154356822e-06
9.209000000000000000e+03,2.884558853111229837e-06
9.210000000000000000e+03,2.884494961108430289e-06
9.211000000000000000e+03,2.884157083826721646e-06
9.212000000000000000e+03,2.883747583837248385e-06
9.213000000000000000e+03,2.883308070522616617e-06
9.214000000000000000e+03,2.882875151044572704e-06
9.215000000000000000e+03,2.882390845115878619e-06
9.216000000000000000e+03,2.882066837628372014e-06
9.217000000000000000e+03,2.881719638025970198e-06
9.218000000000000000e+03,2.881271257137996145e-06
9.219000000000000000e+03,2.880774445657152683e-06
9.220000000000000000e+03,2.879943394873407669e-06
9.221000000000000000e+03,2.882468152165529318e-06
9.222000000000000000e+03,2.879723751902929507e-06
9.223000000000000000e+03,2.879406792999361642e-06
9.224000000000000000e+03,2.878988425436546095e-06
9.225000000000000000e+03,2.878560962926712818e-06
9.226000000000000000e+03,2.878116902138572186e-06
9.227000000000000000e+03,2.877710130633204244e-06
9.228000000000000000e+03,2.877063025152892806e-06
9.229000000000000000e+03,2.876599182854988612e-06
9.230000000000000000e+03,2.875845439120894298e-06
9.231000000000000000e+03,2.875219934139749967e-06
9.232000000000000000e+03,2.874478241210454144e-06
9.233000000000000000e+03,2.873994617402786389e-06
9.234000000000000000e+03,2.873448693208047189e-06
9.235000000000000000e+03,2.872497589123668149e-06
9.236000000000000000e+03,2.871255674108397216e-06
9.237000000000000000e+03,2.870435309887398034e-06
9.238000000000000000e+03,2.869025138352299109e-06
9.239000000000000000e+03,2.868259571187081747e-06
9.240000000000000000e+03,2.867996272470918484e-06
9.241000000000000000e+03,2.867728881028597243e-06
9.242000000000000000e+03,2.867377816073712893e-06
9.243000000000000000e+03,2.866860086214728653e-06
9.244000000000000000e+03,2.866288468794664368e-06
9.245000000000000000e+03,2.865461510737077333e-06
9.246000000000000000e+03,2.865145916075562127e-06
9.247000000000000000e+03,2.864660700652166270e-06
9.248000000000000000e+03,2.864152293113875203e-06
9.249000000000000000e+03,2.863426971089211293e-06
9.250000000000000000e+03,2.862967903638491407e-06
9.251000000000000000e+03,2.862442670448217541e-06
9.252000000000000000e+03,2.862013616322656162e-06
9.253000000000000000e+03,2.861755319827352650e-06
9.254000000000000000e+03,2.861472012227750383e-06
9.255000000000000000e+03,2.861359917005756870e-06
9.256000000000000000e+03,2.860843096641474403e-06
9.257000000000000000e+03,2.860667109416681342e-06
9.258000000000000000e+03,2.860266022253199480e-06
9.259000000000000000e+03,2.859678943423205055e-06
9.260000000000000000e+03,2.860783524738508277e-06
9.261000000000000000e+03,2.859124606402474456e-06
9.262000000000000000e+03,2.857864728866843507e-06
9.263000000000000000e+03,2.857355411833850667e-06
9.264000000000000000e+03,2.856727178368601017e-06
9.265000000000000000e+03,2.857040044546010904e-06
9.266000000000000000e+03,2.856512082871631719e-06
9.267000000000000000e+03,2.856244464055635035e-06
9.268000000000000000e+03,2.855971388271427713e-06
9.269000000000000000e+03,2.855650336641701870e-06
9.270000000000000000e+03,2.855243565136333928e-06
9.271000000000000000e+03,2.857670097000664100e-06
9.272000000000000000e+03,2.855135107893147506e-06
9.273000000000000000e+03,2.854612830560654402e-06
9.274000000000000000e+03,2.854010517694405280e-06
9.275000000000000000e+03,2.853343175956979394e-06
9.276000000000000000e+03,2.852775423889397644e-06
9.277000000000000000e+03,2.852724946933449246e-06
9.278000000000000000e+03,2.852404804798425175e-06
9.279000000000000000e+03,2.852004854503320530e-06
9.280000000000000000e+03,2.851803628800553270e-06
9.281000000000000000e+03,2.851452336471993476e-06
9.282000000000000000e+03,2.851020099114975892e-06
9.283000000000000000e+03,2.850622649930301122e-06
9.284000000000000000e+03,2.850297050827066414e-06
9.285000000000000000e+03,2.850064220183412544e-06
9.286000000000000000e+03,2.849641077773412690e-06
9.287000000000000000e+03,2.849079464795067906e-06
9.288000000000000000e+03,2.848628582796663977e-06
9.289000000000000000e+03,2.848303665814455599e-06
9.290000000000000000e+03,2.847821178875165060e-06
9.291000000000000000e+03,2.847567429853370413e-06
9.292000000000000000e+03,2.846840288839302957e-06
9.293000000000000000e+03,2.846249344656825997e-06
9.294000000000000000e+03,2.845885319402441382e-06
9.295000000000000000e+03,2.845434210030362010e-06
9.296000000000000000e+03,2.844951950464746915e-06
9.297000000000000000e+03,2.844707296389969997e-06
9.298000000000000000e+03,2.844371692845015787e-06
9.299000000000000000e+03,2.844051323336316273e-06
9.300000000000000000e+03,2.844148866643081419e-06
9.301000000000000000e+03,2.843981746991630644e-06
9.302000000000000000e+03,2.843800757545977831e-06
9.303000000000000000e+03,2.843128868335043080e-06
9.304000000000000000e+03,2.842572030203882605e-06
9.305000000000000000e+03,2.841947207343764603e-06
9.306000000000000000e+03,2.841506102413404733e-06
9.307000000000000000e+03,2.841200739567284472e-06
9.308000000000000000e+03,2.840785782609600574e-06
9.309000000000000000e+03,2.840471779563813470e-06
9.310000000000000000e+03,2.840112756530288607e-06
9.311000000000000000e+03,2.839639364538015798e-06
9.312000000000000000e+03,2.838652108039241284e-06
9.313000000000000000e+03,2.838585260178660974e-06
9.314000000000000000e+03,2.837367219399311580e-06
9.315000000000000000e+03,2.836980229403707199e-06
9.316000000000000000e+03,2.836247176674078219e-06
9.317000000000000000e+03,2.835228087860741653e-06
9.318000000000000000e+03,2.838544105543405749e-06
9.319000000000000000e+03,2.834631231962703168e-06
9.320000000000000000e+03,2.833371581800747663e-06
9.321000000000000000e+03,2.832801555996411480e-06
9.322000000000000000e+03,2.832447989931097254e-06
9.323000000000000000e+03,2.832177642630995251e-06
9.324000000000000000e+03,2.831905248967814259e-06
9.325000000000000000e+03,2.831393430824391544e-06
9.326000000000000000e+03,2.831220172083703801e-06
9.327000000000000000e+03,2.830641051332349889e-06
9.328000000000000000e+03,2.831871142916497774e-06
9.329000000000000000e+03,2.830446646839845926e-06
9.330000000000000000e+03,2.829795676007051952e-06
9.331000000000000000e+03,2.829437335094553418e-06
9.332000000000000000e+03,2.828854803738067858e-06
9.333000000000000000e+03,2.828321157721802592e-06
9.334000000000000000e+03,2.827664957294473425e-06
9.335000000000000000e+03,2.827137222993769683e-06
9.336000000000000000e+03,2.826614945661276579e-06
9.337000000000000000e+03,2.826182026183232665e-06
9.338000000000000000e+03,2.825621777446940541e-06
9.339000000000000000e+03,2.824578814397682436e-06
9.340000000000000000e+03,2.824104740284383297e-06
9.341000000000000000e+03,2.823706381605006754e-06
9.342000000000000000e+03,2.823405793606070802e-06
9.343000000000000000e+03,2.822944907165947370e-06
9.344000000000000000e+03,2.822653641487704590e-06
9.345000000000000000e+03,2.822145461323088966e-06
9.346000000000000000e+03,2.821931957441847771e-06
9.347000000000000000e+03,2.821263024088693783e-06
9.348000000000000000e+03,2.820424015226308256e-06
9.349000000000000000e+03,2.819569090206641704e-06
9.350000000000000000e+03,2.820062263708678074e-06
9.351000000000000000e+03,2.819232349793310277e-06
9.352000000000000000e+03,2.818599796228227206e-06
9.353000000000000000e+03,2.818036819007829763e-06
9.354000000000000000e+03,2.817595714077469893e-06
9.355000000000000000e+03,2.817899257934186608e-06
9.356000000000000000e+03,2.817299900925718248e-06
9.357000000000000000e+03,2.816631194946239702e-06
9.358000000000000000e+03,2.816252845150302164e-06
9.359000000000000000e+03,2.815314928739098832e-06
9.360000000000000000e+03,2.814686013152822852e-06
9.361000000000000000e+03,2.814471827150555328e-06
9.362000000000000000e+03,2.813651690303231589e-06
9.363000000000000000e+03,2.813403398249647580e-06
9.364000000000000000e+03,2.812920911310357042e-06
9.365000000000000000e+03,2.812675120367202908e-06
9.366000000000000000e+03,2.812121465467498638e-06
9.367000000000000000e+03,2.811667400237638503e-06
9.368000000000000000e+03,2.811382728395983577e-06
9.369000000000000000e+03,2.810679461617837660e-06
9.370000000000000000e+03,2.810622390825301409e-06
9.371000000000000000e+03,2.810006208164850250e-06
9.372000000000000000e+03,2.809748821164248511e-06
9.373000000000000000e+03,2.809464149322593585e-06
9.374000000000000000e+03,2.809119905577972531e-06
9.375000000000000000e+03,2.808546469168504700e-06
9.376000000000000000e+03,2.807851842590025626e-06
9.377000000000000000e+03,2.807662895065732300e-06
9.378000000000000000e+03,2.807121745718177408e-06
9.379000000000000000e+03,2.806707243507844396e-06
9.380000000000000000e+03,2.806381644404609688e-06
9.381000000000000000e+03,2.805993972287978977e-06
9.382000000000000000e+03,2.805652002280112356e-06
9.383000000000000000e+03,2.805036501740687527e-06
9.384000000000000000e+03,2.804791847665910609e-06
9.385000000000000000e+03,2.804161340463906527e-06
9.386000000000000000e+03,2.803374627546872944e-06
9.387000000000000000e+03,2.802471726681687869e-06
9.388000000000000000e+03,2.801881464620237239e-06
9.389000000000000000e+03,2.801226628434960730e-06
9.390000000000000000e+03,2.800706852212897502e-06
9.391000000000000000e+03,2.800334186758846045e-06
9.392000000000000000e+03,2.799512913043145090e-06
9.393000000000000000e+03,2.800501988531323150e-06
9.394000000000000000e+03,2.799077265080995858e-06
9.395000000000000000e+03,2.798572495521511883e-06
9.396000000000000000e+03,2.797877414195681922e-06
9.397000000000000000e+03,2.797234628815203905e-06
9.398000000000000000e+03,2.796375838443054818e-06
9.399000000000000000e+03,2.800617266984772868e-06
9.400000000000000000e+03,2.796137323457514867e-06
9.401000000000000000e+03,2.795565933411126025e-06
9.402000000000000000e+03,2.795153022816521116e-06
9.403000000000000000e+03,2.794698730212985538e-06
9.404000000000000000e+03,2.794078682200051844e-06
9.405000000000000000e+03,2.792956365738064051e-06
9.406000000000000000e+03,2.792433178910869174e-06
9.407000000000000000e+03,2.791736960716661997e-06
9.408000000000000000e+03,2.791514361888403073e-06
9.409000000000000000e+03,2.791207180052879266e-06
9.410000000000000000e+03,2.791794486256549135e-06
9.411000000000000000e+03,2.790969119814690202e-06
9.412000000000000000e+03,2.790812686725985259e-06
9.413000000000000000e+03,2.790382495732046664e-06
9.414000000000000000e+03,2.790106464090058580e-06
9.415000000000000000e+03,2.789406380543368869e-06
9.416000000000000000e+03,2.788654455798678100e-06
9.417000000000000000e+03,2.787711537166615017e-06
9.418000000000000000e+03,2.787233825074508786e-06
9.419000000000000000e+03,2.786912318697432056e-06
9.420000000000000000e+03,2.786672439469839446e-06
9.421000000000000000e+03,2.786428012768737972e-06
9.422000000000000000e+03,2.786013055811054073e-06
9.423000000000000000e+03,2.785712467812118120e-06
9.424000000000000000e+03,2.785219521683757193e-06
9.425000000000000000e+03,2.784822072499082424e-06
9.426000000000000000e+03,2.784385969789582305e-06
9.427000000000000000e+03,2.786849790936685167e-06
9.428000000000000000e+03,2.784238859021570534e-06
9.429000000000000000e+03,2.783824811558588408e-06
9.430000000000000000e+03,2.783392119454219937e-06
9.431000000000000000e+03,2.783048103083274327e-06
9.432000000000000000e+03,2.782756610031356104e-06
9.433000000000000000e+03,2.782348246910260059e-06
9.434000000000000000e+03,2.782798674161313102e-06
9.435000000000000000e+03,2.782041292448411696e-06
9.436000000000000000e+03,2.781550620056805201e-06
9.437000000000000000e+03,2.781115881589357741e-06
9.438000000000000000e+03,2.780846671157632954e-06
9.439000000000000000e+03,2.781870307444478385e-06
9.440000000000000000e+03,2.780697968773893081e-06
9.441000000000000000e+03,2.780396926027606241e-06
9.442000000000000000e+03,2.780002887448063120e-06
9.443000000000000000e+03,2.779779379125102423e-06
9.444000000000000000e+03,2.779382612061453983e-06
9.445000000000000000e+03,2.778575435513630509e-06
9.446000000000000000e+03,2.778040652628988028e-06
9.447000000000000000e+03,2.777332383629982360e-06
9.448000000000000000e+03,2.776726432784926146e-06
9.449000000000000000e+03,2.776103883661562577e-06
9.450000000000000000e+03,2.775195298454491422e-06
9.451000000000000000e+03,2.774529548332793638e-06
9.452000000000000000e+03,2.774052518361713737e-06
9.453000000000000000e+03,2.773661208266275935e-06
9.454000000000000000e+03,2.773282631096662953e-06
9.455000000000000000e+03,2.772329935396555811e-06
9.456000000000000000e+03,2.774768972813035361e-06
9.457000000000000000e+03,2.772094376268796623e-06
9.458000000000000000e+03,2.771702838799683377e-06
9.459000000000000000e+03,2.771269237200613134e-06
9.460000000000000000e+03,2.770378159766551107e-06
9.461000000000000000e+03,2.769501861621392891e-06
9.462000000000000000e+03,2.768775175354676321e-06
9.463000000000000000e+03,2.767896830846439116e-06
9.464000000000000000e+03,2.767211299214977771e-06
9.465000000000000000e+03,2.766136958598508500e-06
9.466000000000000000e+03,2.766265424725133926e-06
9.467000000000000000e+03,2.765481440292205662e-06
9.468000000000000000e+03,2.765044655461679213e-06
9.469000000000000000e+03,2.764483951978036202e-06
9.470000000000000000e+03,2.764358441709191538e-06
9.471000000000000000e+03,2.763993961707456037e-06
9.472000000000000000e+03,2.763263864835607819e-06
9.473000000000000000e+03,2.762797066679922864e-06
9.474000000000000000e+03,2.762255462585017085e-06
9.475000000000000000e+03,2.761909627224667929e-06
9.476000000000000000e+03,2.761594942057854496e-06
9.477000000000000000e+03,2.761447603916167282e-06
9.478000000000000000e+03,2.761196356004802510e-06
9.479000000000000000e+03,2.760950337687972933e-06
9.480000000000000000e+03,2.760653842415194958e-06
9.481000000000000000e+03,2.760211827990133315e-06
9.482000000000000000e+03,2.759517428785329685e-06
9.483000000000000000e+03,2.759044718914083205e-06
9.484000000000000000e+03,2.758232085398049094e-06
9.485000000000000000e+03,2.757939000730402768e-06
9.486000000000000000e+03,2.757475385806174017e-06
9.487000000000000000e+03,2.756953335847356357e-06
9.488000000000000000e+03,2.756250751190236770e-06
9.489000000000000000e+03,2.755821924438350834e-06
9.490000000000000000e+03,2.755453351710457355e-06
9.491000000000000000e+03,2.755116383923450485e-06
9.492000000000000000e+03,2.754827164608286694e-06
9.493000000000000000e+03,2.754362640189356171e-06
9.494000000000000000e+03,2.754156867013080046e-06
9.495000000000000000e+03,2.753823764578555711e-06
9.496000000000000000e+03,2.753522267084917985e-06
9.497000000000000000e+03,2.752944510575616732e-06
9.498000000000000000e+03,2.752347654677578248e-06
9.499000000000000000e+03,2.751458850980270654e-06
9.500000000000000000e+03,2.751013880697428249e-06
9.501000000000000000e+03,2.750517069216584787e-06
9.502000000000000000e+03,2.749931354628643021e-06
9.503000000000000000e+03,2.749237410171190277e-06
9.504000000000000000e+03,2.748922270257025957e-06
9.505000000000000000e+03,2.748188308032695204e-06
9.506000000000000000e+03,2.747778808043221943e-06
9.507000000000000000e+03,2.747317921603098512e-06
9.508000000000000000e+03,2.746600557657075115e-06
9.509000000000000000e+03,2.747083726717391983e-06
9.510000000000000000e+03,2.746234486039611511e-06
9.511000000000000000e+03,2.745639221757301129e-06
9.512000000000000000e+03,2.745306119322776794e-06
9.513000000000000000e+03,2.744528728726436384e-06
9.514000000000000000e+03,2.743866843957221135e-06
9.515000000000000000e+03,2.743461436693905853e-06
9.516000000000000000e+03,2.742950982792535797e-06
9.517000000000000000e+03,2.742584456427721307e-06
9.518000000000000000e+03,2.742237938946345821e-06
9.519000000000000000e+03,2.741576054177130572e-06
9.520000000000000000e+03,2.740913714660564438e-06
9.521000000000000000e+03,2.748341103142593056e-06
9.522000000000000000e+03,2.740772742981789634e-06
9.523000000000000000e+03,2.740194304351462051e-06
9.524000000000000000e+03,2.739941010077018291e-06
9.525000000000000000e+03,2.739519914030097425e-06
9.526000000000000000e+03,2.739160208875546232e-06
9.527000000000000000e+03,2.738713192229624838e-06
9.528000000000000000e+03,2.738360763032687828e-06
9.529000000000000000e+03,2.738094053711392917e-06
9.530000000000000000e+03,2.737716158662806265e-06
9.531000000000000000e+03,2.737164095378830098e-06
9.532000000000000000e+03,2.736861688390490599e-06
9.533000000000000000e+03,2.736722535701119341e-06
9.534000000000000000e+03,2.736573151196353137e-06
9.535000000000000000e+03,2.736502210609614849e-06
9.536000000000000000e+03,2.736262558755697682e-06
9.537000000000000000e+03,2.735991074587218463e-06
9.538000000000000000e+03,2.735599764491780661e-06
9.539000000000000000e+03,2.735154794208938256e-06
9.540000000000000000e+03,2.734527015491039492e-06
9.541000000000000000e+03,2.733979044933221303e-06
9.542000000000000000e+03,2.733517021624720655e-06
9.543000000000000000e+03,2.733115252340212464e-06
9.544000000000000000e+03,2.732784651016118005e-06
9.545000000000000000e+03,2.732785333137144335e-06
9.546000000000000000e+03,2.732648454184527509e-06
9.547000000000000000e+03,2.732324674070696346e-06
9.548000000000000000e+03,2.732088887569261715e-06
9.549000000000000000e+03,2.731860149651765823e-06
9.550000000000000000e+03,2.731952918111346662e-06
9.551000000000000000e+03,2.731738732109079137e-06
9.552000000000000000e+03,2.731568429226172157e-06
9.553000000000000000e+03,2.731302856773254462e-06
9.554000000000000000e+03,2.731151425905409269e-06
9.555000000000000000e+03,2.730821734076016583e-06
9.556000000000000000e+03,2.730432470343657769e-06
9.557000000000000000e+03,2.730825144681148231e-06
9.558000000000000000e+03,2.730207597778644413e-06
9.559000000000000000e+03,2.729835387071943842e-06
9.560000000000000000e+03,2.729513880694867112e-06
9.561000000000000000e+03,2.729589368755114265e-06
9.562000000000000000e+03,2.729363586695399135e-06
9.563000000000000000e+03,2.729138032009359449e-06
9.564000000000000000e+03,2.728875415414222516e-06
9.565000000000000000e+03,2.728464551182696596e-06
9.566000000000000000e+03,2.728169874899322167e-06
9.567000000000000000e+03,2.727811988734174520e-06
9.568000000000000000e+03,2.727462288021342829e-06
9.569000000000000000e+03,2.727226274146232754e-06
9.570000000000000000e+03,2.727052788031869568e-06
9.571000000000000000e+03,2.726784259721171111e-06
9.572000000000000000e+03,2.726419097598409280e-06
9.573000000000000000e+03,2.726170350797474384e-06
9.574000000000000000e+03,2.725651484070112929e-06
9.575000000000000000e+03,2.725790182012133300e-06
9.576000000000000000e+03,2.725283366089570336e-06
9.577000000000000000e+03,2.724962541833519936e-06
9.578000000000000000e+03,2.724387513808324002e-06
9.579000000000000000e+03,2.725706963246921077e-06
9.580000000000000000e+03,2.724293835854041390e-06
9.581000000000000000e+03,2.724005071286228485e-06
9.582000000000000000e+03,2.723559646256035194e-06
9.583000000000000000e+03,2.723221996348001994e-06
9.584000000000000000e+03,2.722475073824170977e-06
9.585000000000000000e+03,2.723471425269963220e-06
9.586000000000000000e+03,2.722278622968588024e-06
9.587000000000000000e+03,2.721693135754321702e-06
9.588000000000000000e+03,2.721292730711866170e-06
9.589000000000000000e+03,2.720835027503198944e-06
9.590000000000000000e+03,2.720589009186369367e-06
9.591000000000000000e+03,2.720285010582301766e-06
9.592000000000000000e+03,2.720168822634150274e-06
9.593000000000000000e+03,2.719878239076933824e-06
9.594000000000000000e+03,2.719384838201222010e-06
9.595000000000000000e+03,2.718833229664596729e-06
9.596000000000000000e+03,2.719698841247009113e-06
9.597000000000000000e+03,2.718687483138637617e-06
9.598000000000000000e+03,2.718282075875322334e-06
9.599000000000000000e+03,2.717708184718503617e-06
9.600000000000000000e+03,2.717449660849524662e-06
9.601000000000000000e+03,2.716951712500303984e-06
9.602000000000000000e+03,2.716432618399267085e-06
9.603000000000000000e+03,2.715913296924554743e-06
9.604000000000000000e+03,2.715496975724818185e-06
9.605000000000000000e+03,2.715202526815119199e-06
9.606000000000000000e+03,2.714855554586392827e-06
9.607000000000000000e+03,2.714325091801583767e-06
9.608000000000000000e+03,2.713948333621374331e-06
9.609000000000000000e+03,2.713735739234834909e-06
9.610000000000000000e+03,2.712935838644625619e-06
9.611000000000000000e+03,2.712701643758919090e-06
9.612000000000000000e+03,2.712386958592105657e-06
9.613000000000000000e+03,2.712051809794502333e-06
9.614000000000000000e+03,2.711745992201031186e-06
9.615000000000000000e+03,2.711073875616420992e-06
9.616000000000000000e+03,2.710503849812084809e-06
9.617000000000000000e+03,2.710254875637474470e-06
9.618000000000000000e+03,2.709872660489054397e-06
9.619000000000000000e+03,2.710612079681595787e-06
9.620000000000000000e+03,2.709667796807480045e-06
9.621000000000000000e+03,2.709359705477254465e-06
9.622000000000000000e+03,2.708971578613272868e-06
9.623000000000000000e+03,2.708607098611537367e-06
9.624000000000000000e+03,2.708131432882510126e-06
9.625000000000000000e+03,2.708109832383343019e-06
9.626000000000000000e+03,2.707928615564014763e-06
9.627000000000000000e+03,2.707600970097701065e-06
9.628000000000000000e+03,2.707395879042451270e-06
9.629000000000000000e+03,2.707053226913558319e-06
9.630000000000000000e+03,2.706500481508555822e-06
9.631000000000000000e+03,2.706100758587126620e-06
9.632000000000000000e+03,2.705803808566997759e-06
9.633000000000000000e+03,2.705336100916611031e-06
9.634000000000000000e+03,2.704735379666090012e-06
9.635000000000000000e+03,2.705899532884359360e-06
9.636000000000000000e+03,2.704482540138997138e-06
9.637000000000000000e+03,2.704024609556654468e-06
9.638000000000000000e+03,2.703773589018965140e-06
9.639000000000000000e+03,2.703398877201834694e-06
9.640000000000000000e+03,2.703184918573242612e-06
9.641000000000000000e+03,2.702722667891066521e-06
9.642000000000000000e+03,2.702475740079535171e-06
9.643000000000000000e+03,2.702109213714720681e-06
9.644000000000000000e+03,2.701517587411217391e-06
9.645000000000000000e+03,2.701483253986225463e-06
9.646000000000000000e+03,2.701163111851201393e-06
9.647000000000000000e+03,2.700666300370357931e-06
9.648000000000000000e+03,2.700410050238133408e-06
9.649000000000000000e+03,2.700145159906242043e-06
9.650000000000000000e+03,2.700051254578283988e-06
9.651000000000000000e+03,2.699755668800207786e-06
9.652000000000000000e+03,2.699708147702040151e-06
9.653000000000000000e+03,2.699485776247456670e-06
9.654000000000000000e+03,2.699142214623861946e-06
9.655000000000000000e+03,2.698715206861379556e-06
9.656000000000000000e+03,2.698170646908693016e-06
9.657000000000000000e+03,2.697873924262239598e-06
9.658000000000000000e+03,2.697461241041310132e-06
9.659000000000000000e+03,2.696956698855501600e-06
9.660000000000000000e+03,2.696521505640703253e-06
9.661000000000000000e+03,2.696252522582653910e-06
9.662000000000000000e+03,2.695716375455958769e-06
9.663000000000000000e+03,2.696444425964727998e-06
9.664000000000000000e+03,2.695540388231165707e-06
9.665000000000000000e+03,2.695211378522799350e-06
9.666000000000000000e+03,2.694726845220429823e-06
9.667000000000000000e+03,2.694081558729521930e-06
9.668000000000000000e+03,2.693669785003294237e-06
9.669000000000000000e+03,2.693132728381897323e-06
9.670000000000000000e+03,2.692897624001489021e-06
9.671000000000000000e+03,2.692479938559699804e-06
9.672000000000000000e+03,2.692157067940570414e-06
9.673000000000000000e+03,2.691726649572956376e-06
9.674000000000000000e+03,2.691456757020205259e-06
9.675000000000000000e+03,2.691079089345294051e-06
9.676000000000000000e+03,2.690853079911903478e-06
9.677000000000000000e+03,2.690531118787475862e-06
9.678000000000000000e+03,2.690183691811398603e-06
9.679000000000000000e+03,2.689895154617261142e-06
9.680000000000000000e+03,2.689486109375138767e-06
9.681000000000000000e+03,2.689239408937282860e-06
9.682000000000000000e+03,2.688780796233913861e-06
9.683000000000000000e+03,2.688279209905886091e-06
9.684000000000000000e+03,2.688235781533876434e-06
9.685000000000000000e+03,2.687884943952667527e-06
9.686000000000000000e+03,2.687506139409379102e-06
9.687000000000000000e+03,2.687116420929669403e-06
9.688000000000000000e+03,2.686754442038363777e-06
9.689000000000000000e+03,2.686414063646225259e-06
9.690000000000000000e+03,2.685563686100067571e-06
9.691000000000000000e+03,2.685081653908127919e-06
9.692000000000000000e+03,2.684858600332518108e-06
9.693000000000000000e+03,2.684287665033480152e-06
9.694000000000000000e+03,2.684097808014485054e-06
9.695000000000000000e+03,2.684074615899589844e-06
9.696000000000000000e+03,2.683789034563233145e-06
9.697000000000000000e+03,2.683787215573829599e-06
9.698000000000000000e+03,2.683256298041669652e-06
9.699000000000000000e+03,2.683079173948499374e-06
9.700000000000000000e+03,2.682728336367290467e-06
9.701000000000000000e+03,2.682846343304845504e-06
9.702000000000000000e+03,2.682510967133566737e-06
9.703000000000000000e+03,2.682158310562954284e-06
9.704000000000000000e+03,2.681597607079311274e-06
9.705000000000000000e+03,2.681036221474641934e-06
9.706000000000000000e+03,2.680525540199596435e-06
9.707000000000000000e+03,2.679566023289225996e-06
9.708000000000000000e+03,2.678798637134605087e-06
9.709000000000000000e+03,2.678615601325873286e-06
9.710000000000000000e+03,2.677996690181316808e-06
9.711000000000000000e+03,2.677842985576717183e-06
9.712000000000000000e+03,2.677570591913536191e-06
9.713000000000000000e+03,2.676971917026094161e-06
9.714000000000000000e+03,2.679465978872030973e-06
9.715000000000000000e+03,2.676724989214562811e-06
9.716000000000000000e+03,2.676029907888732851e-06
9.717000000000000000e+03,2.675704308785498142e-06
9.718000000000000000e+03,2.675192490642075427e-06
9.719000000000000000e+03,2.675040377653203905e-06
9.720000000000000000e+03,2.674789357115514576e-06
9.721000000000000000e+03,2.674655434020678513e-06
9.722000000000000000e+03,2.674359393495251425e-06
9.723000000000000000e+03,2.674382130862795748e-06
9.724000000000000000e+03,2.674303686944767833e-06
9.725000000000000000e+03,2.674013103387551382e-06
9.726000000000000000e+03,2.673655671969754621e-06
9.727000000000000000e+03,2.672994924068916589e-06
9.728000000000000000e+03,2.672266873560147360e-06
9.729000000000000000e+03,2.673728658919571899e-06
9.730000000000000000e+03,2.672060645636520348e-06
9.731000000000000000e+03,2.671645233931485564e-06
9.732000000000000000e+03,2.671451056812657043e-06
9.733000000000000000e+03,2.671281663424451835e-06
9.734000000000000000e+03,2.671048378033447079e-06
9.735000000000000000e+03,2.671426045708358288e-06
9.736000000000000000e+03,2.670843514351872727e-06
9.737000000000000000e+03,2.670586809472297318e-06
9.738000000000000000e+03,2.670252342795720324e-06
9.739000000000000000e+03,2.669963123480556533e-06
9.740000000000000000e+03,2.669659579623839818e-06
9.741000000000000000e+03,2.669229616003576666e-06
9.742000000000000000e+03,2.669130026333732530e-06
9.743000000000000000e+03,2.668682100193109363e-06
9.744000000000000000e+03,2.668442220965516753e-06
9.745000000000000000e+03,2.668082743184641004e-06
9.746000000000000000e+03,2.667748503881739452e-06
9.747000000000000000e+03,2.668743718459154479e-06
9.748000000000000000e+03,2.667568196557112969e-06
9.749000000000000000e+03,2.667133230715990067e-06
9.750000000000000000e+03,2.666862883415888064e-06
9.751000000000000000e+03,2.666638692971901037e-06
9.752000000000000000e+03,2.666396312633878551e-06
9.753000000000000000e+03,2.665928832357167266e-06
9.754000000000000000e+03,2.665654619704582728e-06
9.755000000000000000e+03,2.665036618054728024e-06
9.756000000000000000e+03,2.665240799615276046e-06
9.757000000000000000e+03,2.664924068085383624e-06
9.758000000000000000e+03,2.664650992301176302e-06
9.759000000000000000e+03,2.664276962605072185e-06
9.760000000000000000e+03,2.663992745510768145e-06
9.761000000000000000e+03,2.663689201654051431e-06
9.762000000000000000e+03,2.663448185558081605e-06
9.763000000000000000e+03,2.663204213604331017e-06
9.764000000000000000e+03,2.663036411831853911e-06
9.765000000000000000e+03,2.662668293851311319e-06
9.766000000000000000e+03,2.662183987922617234e-06
9.767000000000000000e+03,2.662273345777066424e-06
9.768000000000000000e+03,2.661744929355336353e-06
9.769000000000000000e+03,2.661200142028974369e-06
9.770000000000000000e+03,2.660988911884487607e-06
9.771000000000000000e+03,2.660423888301011175e-06
9.772000000000000000e+03,2.659679466887610033e-06
9.773000000000000000e+03,2.660425479916739278e-06
9.774000000000000000e+03,2.659241772562381811e-06
9.775000000000000000e+03,2.658770426933187991e-06
9.776000000000000000e+03,2.658422317836084403e-06
9.777000000000000000e+03,2.658091489138314500e-06
9.778000000000000000e+03,2.657704044395359233e-06
9.779000000000000000e+03,2.658016683199093677e-06
9.780000000000000000e+03,2.657344111867132597e-06
9.781000000000000000e+03,2.656885499163763598e-06
9.782000000000000000e+03,2.656295919223339297e-06
9.783000000000000000e+03,2.655994194356026128e-06
9.784000000000000000e+03,2.655610387591877952e-06
9.785000000000000000e+03,2.655423031683312729e-06
9.786000000000000000e+03,2.655093112480244599e-06
9.787000000000000000e+03,2.654813897606800310e-06
9.788000000000000000e+03,2.654374156918493100e-06
9.789000000000000000e+03,2.653804813235183246e-06
9.790000000000000000e+03,2.653205456226714887e-06
9.791000000000000000e+03,2.652868715813383460e-06
9.792000000000000000e+03,2.652596322150202468e-06
9.793000000000000000e+03,2.652382818268961273e-06
9.794000000000000000e+03,2.651947625054162927e-06
9.795000000000000000e+03,2.651826207511476241e-06
9.796000000000000000e+03,2.651418299137731083e-06
9.797000000000000000e+03,2.651188196978182532e-06
9.798000000000000000e+03,2.650963779160520062e-06
9.799000000000000000e+03,2.650667738635092974e-06
9.800000000000000000e+03,2.650031319717527367e-06
9.801000000000000000e+03,2.650347823873744346e-06
9.802000000000000000e+03,2.649592943271272816e-06
9.803000000000000000e+03,2.649052248671068810e-06
9.804000000000000000e+03,2.648644567670999095e-06
9.805000000000000000e+03,2.648424469953170046e-06
9.806000000000000000e+03,2.647769406394218095e-06
9.807000000000000000e+03,2.647281462486716919e-06
9.808000000000000000e+03,2.646721895871451125e-06
9.809000000000000000e+03,2.646245093274046667e-06
9.810000000000000000e+03,2.645803988343686797e-06
9.811000000000000000e+03,2.645241238496964797e-06
9.812000000000000000e+03,2.645603899509296753e-06
9.813000000000000000e+03,2.645003405632451177e-06
9.814000000000000000e+03,2.644891083036782220e-06
9.815000000000000000e+03,2.644616415636846796e-06
9.816000000000000000e+03,2.644406322360737249e-06
9.817000000000000000e+03,2.644246023919549771e-06
9.818000000000000000e+03,2.644018195496755652e-06
9.819000000000000000e+03,2.643884045028244145e-06
9.820000000000000000e+03,2.643734205776127055e-06
9.821000000000000000e+03,2.643545712999184616e-06
9.822000000000000000e+03,2.643006837388384156e-06
9.823000000000000000e+03,2.642781055328669026e-06
9.824000000000000000e+03,2.642209892655955628e-06
9.825000000000000000e+03,2.642041181388776749e-06
9.826000000000000000e+03,2.641870651132194325e-06
9.827000000000000000e+03,2.641668288561049849e-06
9.828000000000000000e+03,2.641019591465010308e-06
9.829000000000000000e+03,2.640486854943446815e-06
9.830000000000000000e+03,2.640237198647810146e-06
9.831000000000000000e+03,2.639844524310319684e-06
9.832000000000000000e+03,2.639579861352103762e-06
9.833000000000000000e+03,2.639324748088256456e-06
9.834000000000000000e+03,2.638797695908579044e-06
9.835000000000000000e+03,2.640038246681797318e-06
9.836000000000000000e+03,2.638642399688251317e-06
9.837000000000000000e+03,2.638299974933033809e-06
9.838000000000000000e+03,2.638011665112571791e-06
9.839000000000000000e+03,2.638128307808074169e-06
9.840000000000000000e+03,2.637931629578815773e-06
9.841000000000000000e+03,2.637786337800207548e-06
9.842000000000000000e+03,2.637325223986408673e-06
9.843000000000000000e+03,2.636909812281373888e-06
9.844000000000000000e+03,2.636680846990202554e-06
9.845000000000000000e+03,2.636237923070439138e-06
9.846000000000000000e+03,2.635847067722352222e-06
9.847000000000000000e+03,2.635446662679896690e-06
9.848000000000000000e+03,2.634980091897887178e-06
9.849000000000000000e+03,2.634568318171659485e-06
9.850000000000000000e+03,2.634218390085152350e-06
9.851000000000000000e+03,2.633717485878150910e-06
9.852000000000000000e+03,2.634505790410912596e-06
9.853000000000000000e+03,2.633434633025899529e-06
9.854000000000000000e+03,2.633167014209902845e-06
9.855000000000000000e+03,2.632767973409499973e-06
9.856000000000000000e+03,2.632436462590703741e-06
9.857000000000000000e+03,2.631913503137184307e-06
9.858000000000000000e+03,2.631856887091998942e-06
9.859000000000000000e+03,2.631233201100258157e-06
9.860000000000000000e+03,2.630908056744374335e-06
9.861000000000000000e+03,2.630405106174293905e-06
9.862000000000000000e+03,2.629853497637668625e-06
9.863000000000000000e+03,2.630101789691252634e-06
9.864000000000000000e+03,2.629463324410608038e-06
9.865000000000000000e+03,2.628912852742359973e-06
9.866000000000000000e+03,2.628635456858319230e-06
9.867000000000000000e+03,2.628316678965347819e-06
9.868000000000000000e+03,2.628032007123692892e-06
9.869000000000000000e+03,2.627750291139818728e-06
9.870000000000000000e+03,2.627569756441516802e-06
9.871000000000000000e+03,2.627255980769405141e-06
9.872000000000000000e+03,2.626818741191527806e-06
9.873000000000000000e+03,2.626578861963935196e-06
9.874000000000000000e+03,2.626093873914214782e-06
9.875000000000000000e+03,2.625736215122742578e-06
9.876000000000000000e+03,2.625528622957062908e-06
9.877000000000000000e+03,2.624952685437165201e-06
9.878000000000000000e+03,2.624464514155988581e-06
9.879000000000000000e+03,2.625392426125472412e-06
9.880000000000000000e+03,2.624043645482743159e-06
9.881000000000000000e+03,2.623610498631023802e-06
9.882000000000000000e+03,2.622762394821620546e-06
9.883000000000000000e+03,2.623940417834091932e-06
9.884000000000000000e+03,2.622525926199159585e-06
9.885000000000000000e+03,2.622208739921916276e-06
9.886000000000000000e+03,2.621797193569364026e-06
9.887000000000000000e+03,2.621532303237472661e-06
9.888000000000000000e+03,2.620850182211142965e-06
9.889000000000000000e+03,2.621912244649138302e-06
9.890000000000000000e+03,2.620609393488848582e-06
9.891000000000000000e+03,2.620261511765420437e-06
9.892000000000000000e+03,2.619976839923765510e-06
9.893000000000000000e+03,2.619389078972744755e-06
9.894000000000000000e+03,2.618859980429988354e-06
9.895000000000000000e+03,2.618303597046178766e-06
9.896000000000000000e+03,2.617902737256372347e-06
9.897000000000000000e+03,2.617545987959601916e-06
9.898000000000000000e+03,2.617335212562466040e-06
9.899000000000000000e+03,2.617039626784389839e-06
9.900000000000000000e+03,2.615969151520403102e-06
9.901000000000000000e+03,2.615409812278812751e-06
9.902000000000000000e+03,2.614428240121924318e-06
9.903000000000000000e+03,2.613679043861338869e-06
9.904000000000000000e+03,2.612949856484192424e-06
9.905000000000000000e+03,2.612611297081457451e-06
9.906000000000000000e+03,2.612272737678722478e-06
9.907000000000000000e+03,2.611893478388083167e-06
9.908000000000000000e+03,2.611057880130829290e-06
9.909000000000000000e+03,2.610682258818997070e-06
9.910000000000000000e+03,2.609894409033586271e-06
9.911000000000000000e+03,2.609554030641447753e-06
9.912000000000000000e+03,2.609139983178465627e-06
9.913000000000000000e+03,2.608260501801851206e-06
9.914000000000000000e+03,2.608879185572732240e-06
9.915000000000000000e+03,2.607960368550266139e-06
9.916000000000000000e+03,2.607494479889282957e-06
9.917000000000000000e+03,2.607192755021969788e-06
9.918000000000000000e+03,2.606821453809970990e-06
9.919000000000000000e+03,2.606410362204769626e-06
9.920000000000000000e+03,2.606067255328525789e-06
9.921000000000000000e+03,2.605691861390369013e-06
9.922000000000000000e+03,2.605292365842615254e-06
9.923000000000000000e+03,2.604964265628950670e-06
9.924000000000000000e+03,2.604507017167634331e-06
9.925000000000000000e+03,2.604152768981293775e-06
9.926000000000000000e+03,2.603902657938306220e-06
9.927000000000000000e+03,2.603482926133438013e-06
9.928000000000000000e+03,2.602933136586216278e-06
9.929000000000000000e+03,2.602555014163954183e-06
9.930000000000000000e+03,2.601861297080176882e-06
9.931000000000000000e+03,2.601563437565346248e-06
9.932000000000000000e+03,2.601319465611595660e-06
9.933000000000000000e+03,2.600873813207726926e-06
9.934000000000000000e+03,2.599859726615250111e-06
9.935000000000000000e+03,2.598873606984852813e-06
9.936000000000000000e+03,2.597897491796175018e-06
9.937000000000000000e+03,2.597996399344992824e-06
9.938000000000000000e+03,2.597450020402902737e-06
9.939000000000000000e+03,2.596966851342585869e-06
9.940000000000000000e+03,2.596739022919791751e-06
9.941000000000000000e+03,2.596091462692129426e-06
9.942000000000000000e+03,2.595445494080195203e-06
9.943000000000000000e+03,2.594551006041001529e-06
9.944000000000000000e+03,2.593653562144027092e-06
9.945000000000000000e+03,2.593137651274446398e-06
9.946000000000000000e+03,2.592794999145553447e-06
9.947000000000000000e+03,2.592513283161679283e-06
9.948000000000000000e+03,2.592160626591066830e-06
9.949000000000000000e+03,2.591576730992528610e-06
9.950000000000000000e+03,2.591704287624452263e-06
9.951000000000000000e+03,2.591349812064436264e-06
9.952000000000000000e+03,2.591057182144140825e-06
9.953000000000000000e+03,2.590730900919879787e-06
9.954000000000000000e+03,2.590500571386655793e-06
9.955000000000000000e+03,2.590242274891352281e-06
9.956000000000000000e+03,2.589677251307875849e-06
9.957000000000000000e+03,2.589104269645758905e-06
9.958000000000000000e+03,2.588772076705936342e-06
9.959000000000000000e+03,2.588544703030493110e-06
9.960000000000000000e+03,2.588331653896602802e-06
9.961000000000000000e+03,2.587776180007494986e-06
9.962000000000000000e+03,2.587148856036947109e-06
9.963000000000000000e+03,2.586429445727844723e-06
9.964000000000000000e+03,2.585868742244201712e-06
9.965000000000000000e+03,2.585502443253062665e-06
9.966000000000000000e+03,2.585087258921703324e-06
9.967000000000000000e+03,2.584676849437528290e-06
9.968000000000000000e+03,2.583925152066512965e-06
9.969000000000000000e+03,2.583924242571811192e-06
9.970000000000000000e+03,2.583539753686636686e-06
9.971000000000000000e+03,2.583090690677636303e-06
9.972000000000000000e+03,2.582695060482365079e-06
9.973000000000000000e+03,2.582343768153805286e-06
9.974000000000000000e+03,2.582116621852037497e-06
9.975000000000000000e+03,2.581784883659565821e-06
9.976000000000000000e+03,2.581621174613246694e-06
9.977000000000000000e+03,2.581496801212779246e-06
9.978000000000000000e+03,2.580959744591382332e-06
9.979000000000000000e+03,2.580017053332994692e-06
9.980000000000000000e+03,2.579384727141587064e-06
9.981000000000000000e+03,2.578835392341716215e-06
9.982000000000000000e+03,2.578347903181565925e-06
9.983000000000000000e+03,2.578055955382296816e-06
9.984000000000000000e+03,2.578070279923849739e-06
9.985000000000000000e+03,2.577913846835144795e-06
9.986000000000000000e+03,2.577512759671662934e-06
9.987000000000000000e+03,2.576883844085386954e-06
9.988000000000000000e+03,2.576373844931367785e-06
9.989000000000000000e+03,2.575765847723232582e-06
9.990000000000000000e+03,2.575201506260782480e-06
9.991000000000000000e+03,2.574659902165876701e-06
9.992000000000000000e+03,2.574146719780401327e-06
9.993000000000000000e+03,2.573499159552739002e-06
9.994000000000000000e+03,2.573118536020047031e-06
9.995000000000000000e+03,2.572411858636769466e-06
9.996000000000000000e+03,2.572227685959660448e-06
9.997000000000000000e+03,2.571698587416904047e-06
9.998000000000000000e+03,2.571526692918268964e-06
9.999000000000000000e+03,2.571319782873615623e-06
1.000000000000000000e+04,2.571036247900337912e-06
1.000100000000000000e+04,2.570561036918661557e-06
1.000200000000000000e+04,2.569895741544314660e-06
1.000300000000000000e+04,2.569200660218484700e-06
1.000400000000000000e+04,2.568632226029876620e-06
1.000500000000000000e+04,2.568257286839070730e-06
1.000600000000000000e+04,2.567526507846196182e-06
1.000700000000000000e+04,2.567380761320237070e-06
1.000800000000000000e+04,2.566769353506970219e-06
1.000900000000000000e+04,2.566549255789141171e-06
1.001000000000000000e+04,2.565968088674708270e-06
1.001100000000000000e+04,2.565934437370742671e-06
1.001200000000000000e+04,2.565587692515691742e-06
1.001300000000000000e+04,2.565177055657841265e-06
1.001400000000000000e+04,2.564768010415718891e-06
1.001500000000000000e+04,2.564454462117282674e-06
1.001600000000000000e+04,2.563999487392720766e-06
1.001700000000000000e+04,2.563501084296149202e-06
1.001800000000000000e+04,2.563319412729470059e-06
1.001900000000000000e+04,2.562725285315536894e-06
1.002000000000000000e+04,2.562520876381313428e-06
1.002100000000000000e+04,2.562237114034360275e-06
1.002200000000000000e+04,2.561917199273011647e-06
1.002300000000000000e+04,2.561827841418562457e-06
1.002400000000000000e+04,2.561337396400631405e-06
1.002500000000000000e+04,2.561187102401163429e-06
1.002600000000000000e+04,2.560977918619755656e-06
1.002700000000000000e+04,2.560640041338047013e-06
1.002800000000000000e+04,2.560115945016150363e-06
1.002900000000000000e+04,2.560627081038546748e-06
1.003000000000000000e+04,2.559956101322313771e-06
1.003100000000000000e+04,2.559569111326709390e-06
1.003200000000000000e+04,2.559027052484452724e-06
1.003300000000000000e+04,2.558670530561357737e-06
1.003400000000000000e+04,2.557607786002336070e-06
1.003500000000000000e+04,2.557155085014528595e-06
1.003600000000000000e+04,2.556409299359074794e-06
1.003700000000000000e+04,2.555958644734346308e-06
1.003800000000000000e+04,2.555551645855302922e-06
1.003900000000000000e+04,2.555714900154271163e-06
1.004000000000000000e+04,2.555314722485491075e-06
1.004100000000000000e+04,2.554899083406780846e-06
1.004200000000000000e+04,2.554137608967721462e-06
1.004300000000000000e+04,2.553509148128796369e-06
1.004400000000000000e+04,2.552985051806899719e-06
1.004500000000000000e+04,2.552276555434218608e-06
1.004600000000000000e+04,2.551681973272934556e-06
1.004700000000000000e+04,2.551085572122246958e-06
1.004800000000000000e+04,2.550523731770226732e-06
1.004900000000000000e+04,2.550183580751763657e-06
1.005000000000000000e+04,2.549826831454993226e-06
1.005100000000000000e+04,2.549451664890511893e-06
1.005200000000000000e+04,2.548963720983010717e-06
1.005300000000000000e+04,2.550350927776889876e-06
1.005400000000000000e+04,2.548649263189872727e-06
1.005500000000000000e+04,2.548192924223258160e-06
1.005600000000000000e+04,2.547645181039115414e-06
1.005700000000000000e+04,2.547325266277766787e-06
1.005800000000000000e+04,2.546756604715483263e-06
1.005900000000000000e+04,2.546348696341738105e-06
1.006000000000000000e+04,2.545772304074489512e-06
1.006100000000000000e+04,2.545590859881485812e-06
1.006200000000000000e+04,2.544881681387778372e-06
1.006300000000000000e+04,2.544579729146789759e-06
1.006400000000000000e+04,2.543928758313995786e-06
1.006500000000000000e+04,2.543399887144914828e-06
1.006600000000000000e+04,2.543028813306591474e-06
1.006700000000000000e+04,2.542190259191556834e-06
1.006800000000000000e+04,2.542014499340439215e-06
1.006900000000000000e+04,2.540448576837661676e-06
1.007000000000000000e+04,2.540096829761750996e-06
1.007100000000000000e+04,2.539602746765012853e-06
1.007200000000000000e+04,2.539123897804529406e-06
1.007300000000000000e+04,2.538832177378935739e-06
1.007400000000000000e+04,2.538189391998457722e-06
1.007500000000000000e+04,2.537937916713417508e-06
1.007600000000000000e+04,2.537443606343003921e-06
1.007700000000000000e+04,2.536740566938533448e-06
1.007800000000000000e+04,2.536407919251359999e-06
1.007900000000000000e+04,2.535705561967915855e-06
1.008000000000000000e+04,2.535350631660548970e-06
1.008100000000000000e+04,2.534996838221559301e-06
1.008200000000000000e+04,2.534357918193563819e-06
1.008300000000000000e+04,2.533563247197889723e-06
1.008400000000000000e+04,2.534358827688265592e-06
1.008500000000000000e+04,2.533259475967497565e-06
1.008600000000000000e+04,2.532711732783354819e-06
1.008700000000000000e+04,2.532353619244531728e-06
1.008800000000000000e+04,2.531883865231066011e-06
1.008900000000000000e+04,2.531267227823263966e-06
1.009000000000000000e+04,2.531516884118900634e-06
1.009100000000000000e+04,2.530927531552151777e-06
1.009200000000000000e+04,2.530152414692565799e-06
1.009300000000000000e+04,2.529511903048842214e-06
1.009400000000000000e+04,2.528880486352136359e-06
1.009500000000000000e+04,2.530404572098632343e-06
1.009600000000000000e+04,2.528709956095553935e-06
1.009700000000000000e+04,2.528298182369326241e-06
1.009800000000000000e+04,2.527703145460691303e-06
1.009900000000000000e+04,2.527090600779047236e-06
1.010000000000000000e+04,2.526314574424759485e-06
1.010100000000000000e+04,2.526423031667945907e-06
1.010200000000000000e+04,2.525919853724190034e-06
1.010300000000000000e+04,2.525314585000160150e-06
1.010400000000000000e+04,2.524667252146173269e-06
1.010500000000000000e+04,2.523693865441600792e-06
1.010600000000000000e+04,2.522962176954024471e-06
1.010700000000000000e+04,2.522155909900902770e-06
1.010800000000000000e+04,2.521471287764143199e-06
1.010900000000000000e+04,2.521227088436717167e-06
1.011000000000000000e+04,2.521026544854976237e-06
1.011100000000000000e+04,2.520675479900091887e-06
1.011200000000000000e+04,2.520459020161069930e-06
1.011300000000000000e+04,2.520209136491757818e-06
1.011400000000000000e+04,2.519883310014847666e-06
1.011500000000000000e+04,2.519192548788851127e-06
1.011600000000000000e+04,2.518998144296347164e-06
1.011700000000000000e+04,2.518384917493676767e-06
1.011800000000000000e+04,2.518170504117733799e-06
1.011900000000000000e+04,2.517859002182376571e-06
1.012000000000000000e+04,2.517138682378572412e-06
1.012100000000000000e+04,2.517798975532059558e-06
1.012200000000000000e+04,2.516572294553043321e-06
1.012300000000000000e+04,2.515692358429078013e-06
1.012400000000000000e+04,2.514950210752431303e-06
1.012500000000000000e+04,2.514380867069121450e-06
1.012600000000000000e+04,2.513882918719900772e-06
1.012700000000000000e+04,2.513479785193339922e-06
1.012800000000000000e+04,2.512941591703565791e-06
1.012900000000000000e+04,2.512550281608127989e-06
1.013000000000000000e+04,2.512255605324753560e-06
1.013100000000000000e+04,2.512174432922620326e-06
1.013200000000000000e+04,2.511759930712287314e-06
1.013300000000000000e+04,2.511677166694425978e-06
1.013400000000000000e+04,2.511397269699955359e-06
1.013500000000000000e+04,2.511115326342405751e-06
1.013600000000000000e+04,2.511964794393861666e-06
1.013700000000000000e+04,2.510966396584990434e-06
1.013800000000000000e+04,2.510399781385785900e-06
1.013900000000000000e+04,2.509946853024302982e-06
1.014000000000000000e+04,2.509539854145259596e-06
1.014100000000000000e+04,2.509133537387242541e-06
1.014200000000000000e+04,2.509120804461417720e-06
1.014300000000000000e+04,2.508435045456280932e-06
1.014400000000000000e+04,2.508226316422224045e-06
1.014500000000000000e+04,2.507838871679268777e-06
1.014600000000000000e+04,2.507168119336711243e-06
1.014700000000000000e+04,2.506464397811214440e-06
1.014800000000000000e+04,2.506259306755964644e-06
1.014900000000000000e+04,2.505740212654927745e-06
1.015000000000000000e+04,2.505578095224336721e-06
1.015100000000000000e+04,2.505333441149559803e-06
1.015200000000000000e+04,2.505601287339231931e-06
1.015300000000000000e+04,2.505097427274449728e-06
1.015400000000000000e+04,2.504765006960951723e-06
1.015500000000000000e+04,2.504330041119828820e-06
1.015600000000000000e+04,2.504039230188936926e-06
1.015700000000000000e+04,2.503608811821322888e-06
1.015800000000000000e+04,2.503050154700758867e-06
1.015900000000000000e+04,2.502765710232779384e-06
1.016000000000000000e+04,2.502396910131210461e-06
1.016100000000000000e+04,2.502178858776460402e-06
1.016200000000000000e+04,2.501866674720076844e-06
1.016300000000000000e+04,2.501288463463424705e-06
1.016400000000000000e+04,2.502543793525546789e-06
1.016500000000000000e+04,2.501048584235832095e-06
1.016600000000000000e+04,2.500309165043290704e-06
1.016700000000000000e+04,2.499868060112930834e-06
1.016800000000000000e+04,2.499499260011361912e-06
1.016900000000000000e+04,2.499263473509927280e-06
1.017000000000000000e+04,2.498945150364306755e-06
1.017100000000000000e+04,2.498765752534382045e-06
1.017200000000000000e+04,2.498199137335177511e-06
1.017300000000000000e+04,2.497951072655268945e-06
1.017400000000000000e+04,2.497378545740502886e-06
1.017500000000000000e+04,2.497058403605478816e-06
1.017600000000000000e+04,2.496775323379551992e-06
1.017700000000000000e+04,2.496301704013603739e-06
1.017800000000000000e+04,2.495773060218198225e-06
1.017900000000000000e+04,2.495314902262180112e-06
1.018000000000000000e+04,2.495078661013394594e-06
1.018100000000000000e+04,2.494797172403195873e-06
1.018200000000000000e+04,2.494283080523018725e-06
1.018300000000000000e+04,2.494021600796259008e-06
1.018400000000000000e+04,2.493512965884292498e-06
1.018500000000000000e+04,2.493084366506082006e-06
1.018600000000000000e+04,2.492095745765254833e-06
1.018700000000000000e+04,2.491511850166716613e-06
1.018800000000000000e+04,2.494773298167274334e-06
1.018900000000000000e+04,2.491293571438291110e-06
1.019000000000000000e+04,2.490857696102466434e-06
1.019100000000000000e+04,2.490744918759446591e-06
1.019200000000000000e+04,2.490538008714793250e-06
1.019300000000000000e+04,2.490213546479935758e-06
1.019400000000000000e+04,2.489548023731913418e-06
1.019500000000000000e+04,2.496765091564157046e-06
1.019600000000000000e+04,2.489343387424014509e-06
1.019700000000000000e+04,2.488730842742370442e-06
1.019800000000000000e+04,2.488313612047932111e-06
1.019900000000000000e+04,2.487892516001011245e-06
1.020000000000000000e+04,2.487536221451591700e-06
1.020100000000000000e+04,2.487882738932967186e-06
1.020200000000000000e+04,2.487288838892709464e-06
1.020300000000000000e+04,2.486997573214466684e-06
1.020400000000000000e+04,2.486597395545686595e-06
1.020500000000000000e+04,2.486204266460845247e-06
1.020600000000000000e+04,2.486322500772075728e-06
1.020700000000000000e+04,2.486023731762543321e-06
1.020800000000000000e+04,2.485640379745746031e-06
1.020900000000000000e+04,2.485425284248776734e-06
1.021000000000000000e+04,2.485221557435579598e-06
1.021100000000000000e+04,2.484990545781329274e-06
1.021200000000000000e+04,2.484748392816982232e-06
1.021300000000000000e+04,2.484140850356197916e-06
1.021400000000000000e+04,2.483749767634435557e-06
1.021500000000000000e+04,2.483395519448095001e-06
1.021600000000000000e+04,2.483083790139062330e-06
1.021700000000000000e+04,2.482166564732324332e-06
1.021800000000000000e+04,2.481848014213028364e-06
1.021900000000000000e+04,2.480890543665736914e-06
1.022000000000000000e+04,2.480427156115183607e-06
1.022100000000000000e+04,2.479912609487655573e-06
1.022200000000000000e+04,2.480684315742109902e-06
1.022300000000000000e+04,2.479736167515511625e-06
1.022400000000000000e+04,2.479301883795415051e-06
1.022500000000000000e+04,2.479032445990014821e-06
1.022600000000000000e+04,2.478693886587279849e-06
1.022700000000000000e+04,2.478610213074716739e-06
1.022800000000000000e+04,2.478159103702637367e-06
1.022900000000000000e+04,2.477789394106366672e-06
1.023000000000000000e+04,2.477307134540751576e-06
1.023100000000000000e+04,2.476615236446377821e-06
1.023200000000000000e+04,2.479318254700046964e-06
1.023300000000000000e+04,2.476351255609188229e-06
1.023400000000000000e+04,2.475778728694422171e-06
1.023500000000000000e+04,2.475355586284422316e-06
1.023600000000000000e+04,2.475066594342933968e-06
1.023700000000000000e+04,2.474905159033369273e-06
1.023800000000000000e+04,2.474705979693681002e-06
1.023900000000000000e+04,2.474405164321069606e-06
1.024000000000000000e+04,2.474233042448759079e-06
1.024100000000000000e+04,2.473712356731994078e-06
1.024200000000000000e+04,2.473384711265680380e-06
1.024300000000000000e+04,2.472967707944917493e-06
1.024400000000000000e+04,2.472499318173504435e-06
1.024500000000000000e+04,2.472349251547711901e-06
1.024600000000000000e+04,2.472065943948109634e-06
1.024700000000000000e+04,2.471877451171167195e-06
1.024800000000000000e+04,2.471556854288792238e-06
1.024900000000000000e+04,2.471248535584891215e-06
1.025000000000000000e+04,2.470882463967427611e-06
1.025100000000000000e+04,2.470155777700711042e-06
1.025200000000000000e+04,2.470054596415138803e-06
1.025300000000000000e+04,2.469673290761420503e-06
1.025400000000000000e+04,2.469127593940356746e-06
1.025500000000000000e+04,2.468731508997734636e-06
1.025600000000000000e+04,2.468445927661377937e-06
1.025700000000000000e+04,2.468226739438250661e-06
1.025800000000000000e+04,2.467853164489497431e-06
1.025900000000000000e+04,2.467174908815650269e-06
1.026000000000000000e+04,2.466638989062630571e-06
1.026100000000000000e+04,2.465759507686016150e-06
1.026200000000000000e+04,2.480278453731443733e-06
1.026300000000000000e+04,2.465524630679283291e-06
1.026400000000000000e+04,2.464806811985909007e-06
1.026500000000000000e+04,2.464395493007032201e-06
1.026600000000000000e+04,2.464138333380105905e-06
1.026700000000000000e+04,2.463875716784968972e-06
1.026800000000000000e+04,2.463715190970106050e-06
1.026900000000000000e+04,2.463255441398359835e-06
1.027000000000000000e+04,2.462948486936511472e-06
1.027100000000000000e+04,2.462324346197419800e-06
1.027200000000000000e+04,2.462017164361895993e-06
1.027300000000000000e+04,2.461357553329435177e-06
1.027400000000000000e+04,2.461050144120235927e-06
1.027500000000000000e+04,2.460800033077248372e-06
1.027600000000000000e+04,2.460197947584674694e-06
1.027700000000000000e+04,2.459841198287904263e-06
1.027800000000000000e+04,2.459295046719489619e-06
1.027900000000000000e+04,2.458933977322885767e-06
1.028000000000000000e+04,2.458717972331214696e-06
1.028100000000000000e+04,2.458764129187329672e-06
1.028200000000000000e+04,2.458610197209054604e-06
1.028300000000000000e+04,2.458398739690892398e-06
1.028400000000000000e+04,2.457945811329409480e-06
1.028500000000000000e+04,2.457553364365594462e-06
1.028600000000000000e+04,2.456943320794380270e-06
1.028700000000000000e+04,2.457052914905943908e-06
1.028800000000000000e+04,2.456623178659356199e-06
1.028900000000000000e+04,2.456029051245423034e-06
1.029000000000000000e+04,2.455519279465079308e-06
1.029100000000000000e+04,2.455103867760044523e-06
1.029200000000000000e+04,2.454725745337782428e-06
1.029300000000000000e+04,2.454432888043811545e-06
1.029400000000000000e+04,2.454139121255138889e-06
1.029500000000000000e+04,2.453957222314784303e-06
1.029600000000000000e+04,2.453728484397288412e-06
1.029700000000000000e+04,2.453262823109980673e-06
1.029800000000000000e+04,2.453203478580689989e-06
1.029900000000000000e+04,2.452580929457326420e-06
1.030000000000000000e+04,2.452278522468986921e-06
1.030100000000000000e+04,2.452115722917369567e-06
1.030200000000000000e+04,2.451840828143758699e-06
1.030300000000000000e+04,2.452620947224204428e-06
1.030400000000000000e+04,2.451688942528562620e-06
1.030500000000000000e+04,2.451494310662383214e-06
1.030600000000000000e+04,2.451371074130292982e-06
1.030700000000000000e+04,2.451110731271910481e-06
1.030800000000000000e+04,2.450780129947816022e-06
1.030900000000000000e+04,2.450360170769272372e-06
1.031000000000000000e+04,2.450223973937681876e-06
1.031100000000000000e+04,2.449980456731282175e-06
1.031200000000000000e+04,2.449733301546075381e-06
1.031300000000000000e+04,2.449331532261567190e-06
1.031400000000000000e+04,2.449916564728482626e-06
1.031500000000000000e+04,2.449234671075828373e-06
1.031600000000000000e+04,2.448982286296086386e-06
1.031700000000000000e+04,2.448645318509079516e-06
1.031800000000000000e+04,2.448295617796247825e-06
1.031900000000000000e+04,2.447888618917204440e-06
1.032000000000000000e+04,2.447541419314802624e-06
1.032100000000000000e+04,2.447108499836758710e-06
1.032200000000000000e+04,2.446792677801568061e-06
1.032300000000000000e+04,2.446326334393233992e-06
1.032400000000000000e+04,2.446135340505861677e-06
1.032500000000000000e+04,2.445671270834282041e-06
1.032600000000000000e+04,2.445201744194491766e-06
1.032700000000000000e+04,2.444582150928908959e-06
1.032800000000000000e+04,2.444324309180956334e-06
1.032900000000000000e+04,2.443999846946098842e-06
1.033000000000000000e+04,2.443856374156894162e-06
1.033100000000000000e+04,2.443431412757490762e-06
1.033200000000000000e+04,2.442857748974347487e-06
1.033300000000000000e+04,2.442351615172810853e-06
1.033400000000000000e+04,2.441996230118093081e-06
1.033500000000000000e+04,2.441624701532418840e-06
1.033600000000000000e+04,2.441347305648378097e-06
1.033700000000000000e+04,2.441259766783332452e-06
1.033800000000000000e+04,2.441248398099560291e-06
1.033900000000000000e+04,2.440939397274632938e-06
1.034000000000000000e+04,2.440749995002988726e-06
1.034100000000000000e+04,2.440637445033644326e-06
1.034200000000000000e+04,2.440412345094955526e-06
1.034300000000000000e+04,2.440055141050834209e-06
1.034400000000000000e+04,2.440230446154600941e-06
1.034500000000000000e+04,2.439896661599050276e-06
1.034600000000000000e+04,2.439620402583386749e-06
1.034700000000000000e+04,2.439180434521404095e-06
1.034800000000000000e+04,2.438823912598309107e-06
1.034900000000000000e+04,2.438442834318266250e-06
1.035000000000000000e+04,2.437964894852484576e-06
1.035100000000000000e+04,2.437673174426890910e-06
1.035200000000000000e+04,2.437459670545649715e-06
1.035300000000000000e+04,2.437113607811625116e-06
1.035400000000000000e+04,2.436517206660937518e-06
1.035500000000000000e+04,2.436036311337375082e-06
1.035600000000000000e+04,2.435376018183887936e-06
1.035700000000000000e+04,2.435020405755494721e-06
1.035800000000000000e+04,2.434414909657789394e-06
1.035900000000000000e+04,2.433807139823329635e-06
1.036000000000000000e+04,2.435765509289922193e-06
1.036100000000000000e+04,2.433673216728493571e-06
1.036200000000000000e+04,2.433317149552749470e-06
1.036300000000000000e+04,2.432870132906828076e-06
1.036400000000000000e+04,2.432352857795194723e-06
1.036500000000000000e+04,2.431714392514550127e-06
1.036600000000000000e+04,2.433655936329159886e-06
1.036700000000000000e+04,2.431574557704152539e-06
1.036800000000000000e+04,2.431092298138537444e-06
1.036900000000000000e+04,2.430459744573454373e-06
1.037000000000000000e+04,2.429521600788575597e-06
1.037100000000000000e+04,2.429155301797436550e-06
1.037200000000000000e+04,2.428622565275873058e-06
1.037300000000000000e+04,2.428417928967974149e-06
1.037400000000000000e+04,2.428117113595362753e-06
1.037500000000000000e+04,2.427603931209887378e-06
1.037600000000000000e+04,2.427615754641010426e-06
1.037700000000000000e+04,2.427361550871864893e-06
1.037800000000000000e+04,2.426979335723444819e-06
1.037900000000000000e+04,2.426792889309581369e-06
1.038000000000000000e+04,2.426545734124374576e-06
1.038100000000000000e+04,2.426303353786352091e-06
1.038200000000000000e+04,2.425721277177217416e-06
1.038300000000000000e+04,2.425198545097373426e-06
1.038400000000000000e+04,2.424733793304767460e-06
1.038500000000000000e+04,2.424527792754815891e-06
1.038600000000000000e+04,2.424271315248915926e-06
1.038700000000000000e+04,2.424152853564010002e-06
1.038800000000000000e+04,2.423836349407793023e-06
1.038900000000000000e+04,2.423487330815987661e-06
1.039000000000000000e+04,2.423246314720017835e-06
1.039100000000000000e+04,2.422988700345740654e-06
1.039200000000000000e+04,2.422763145659700967e-06
1.039300000000000000e+04,2.422698344162199646e-06
1.039400000000000000e+04,2.422302259219577536e-06
1.039500000000000000e+04,2.421855242573656142e-06
1.039600000000000000e+04,2.426729679427808151e-06
1.039700000000000000e+04,2.421754970782785676e-06
1.039800000000000000e+04,2.421577619315939955e-06
1.039900000000000000e+04,2.421289309495477937e-06
1.040000000000000000e+04,2.421209273961721919e-06
1.040100000000000000e+04,2.421057160972850397e-06
1.040200000000000000e+04,2.420853888907004148e-06
1.040300000000000000e+04,2.420557393634226173e-06
1.040400000000000000e+04,2.420256578261614777e-06
1.040500000000000000e+04,2.419920292595634237e-06
1.040600000000000000e+04,2.419621978333452716e-06
1.040700000000000000e+04,2.419441898382501677e-06
1.040800000000000000e+04,2.419161319267004728e-06
1.040900000000000000e+04,2.419046950308256783e-06
1.041000000000000000e+04,2.418715212115785107e-06
1.041100000000000000e+04,2.418699523332179524e-06
1.041200000000000000e+04,2.418459416730911471e-06
1.041300000000000000e+04,2.418021949779358692e-06
1.041400000000000000e+04,2.417527412035269663e-06
1.041500000000000000e+04,2.416881443423335440e-06
1.041600000000000000e+04,2.416266397631261498e-06
1.041700000000000000e+04,2.416114057268714532e-06
1.041800000000000000e+04,2.415566996205598116e-06
1.041900000000000000e+04,2.415435346847516485e-06
1.042000000000000000e+04,2.415283006484969519e-06
1.042100000000000000e+04,2.414829623376135714e-06
1.042200000000000000e+04,2.414474920442444272e-06
1.042300000000000000e+04,2.413821675872895867e-06
1.042400000000000000e+04,2.413440597592853010e-06
1.042500000000000000e+04,2.412866479062358849e-06
1.042600000000000000e+04,2.412575213384116068e-06
1.042700000000000000e+04,2.412274398011504672e-06
1.042800000000000000e+04,2.411945388303138316e-06
1.042900000000000000e+04,2.411666855550720356e-06
1.043000000000000000e+04,2.411334207863546908e-06
1.043100000000000000e+04,2.410698698440683074e-06
1.043200000000000000e+04,2.410791239526588470e-06
1.043300000000000000e+04,2.410513161521521397e-06
1.043400000000000000e+04,2.410283968856674619e-06
1.043500000000000000e+04,2.410198703728383407e-06
1.043600000000000000e+04,2.410082970527582802e-06
1.043700000000000000e+04,2.409882881693192758e-06
1.043800000000000000e+04,2.409574790362967178e-06
1.043900000000000000e+04,2.409491344224079512e-06
1.044000000000000000e+04,2.409121862001484260e-06
1.044100000000000000e+04,2.408954969723708928e-06
1.044200000000000000e+04,2.408755108262994327e-06
1.044300000000000000e+04,2.408603904768824577e-06
1.044400000000000000e+04,2.408122554697911255e-06
1.044500000000000000e+04,2.407803094683913514e-06
1.044600000000000000e+04,2.408056843705708161e-06
1.044700000000000000e+04,2.407501824563951232e-06
1.044800000000000000e+04,2.407174633844988421e-06
1.044900000000000000e+04,2.406983412583940662e-06
1.045000000000000000e+04,2.406546400379738770e-06
1.045100000000000000e+04,2.406230578344548121e-06
1.045200000000000000e+04,2.408701220701914281e-06
1.045300000000000000e+04,2.406142584732151590e-06
1.045400000000000000e+04,2.405780378467170522e-06
1.045500000000000000e+04,2.405526174698024988e-06
1.045600000000000000e+04,2.405349732725881040e-06
1.045700000000000000e+04,2.404985934845171869e-06
1.045800000000000000e+04,2.404449560344801284e-06
1.045900000000000000e+04,2.404070301054161973e-06
1.046000000000000000e+04,2.403618282187380828e-06
1.046100000000000000e+04,2.403276084805838764e-06
1.046200000000000000e+04,2.403091684755054303e-06
1.046300000000000000e+04,2.402841573712066747e-06
1.046400000000000000e+04,2.402441850790637545e-06
1.046500000000000000e+04,2.402314521532389335e-06
1.046600000000000000e+04,2.402013478786102496e-06
1.046700000000000000e+04,2.401898427706328221e-06
1.046800000000000000e+04,2.401699475740315393e-06
1.046900000000000000e+04,2.401439815002959222e-06
1.047000000000000000e+04,2.401245183136779815e-06
1.047100000000000000e+04,2.400892981313518248e-06
1.047200000000000000e+04,2.400655148449004628e-06
1.047300000000000000e+04,2.400289076831541024e-06
1.047400000000000000e+04,2.399834556854330003e-06
1.047500000000000000e+04,2.399474396952427924e-06
1.047600000000000000e+04,2.399099230387946591e-06
1.047700000000000000e+04,2.398735659880912863e-06
1.047800000000000000e+04,2.398500782874180004e-06
1.047900000000000000e+04,2.398357992206001654e-06
1.048000000000000000e+04,2.398049900875776075e-06
1.048100000000000000e+04,2.397848447799333371e-06
1.048200000000000000e+04,2.397699745415593497e-06
1.048300000000000000e+04,2.397443722657044418e-06
1.048400000000000000e+04,2.397277285126619972e-06
1.048500000000000000e+04,2.397149955868371762e-06
1.048600000000000000e+04,2.396898025835980661e-06
1.048700000000000000e+04,2.396703166596125811e-06
1.048800000000000000e+04,2.396264562776195817e-06
1.048900000000000000e+04,2.398691094640525989e-06
1.049000000000000000e+04,2.396092668277560733e-06
1.049100000000000000e+04,2.395758428974659182e-06
1.049200000000000000e+04,2.395395085841300897e-06
1.049300000000000000e+04,2.394789134996244684e-06
1.049400000000000000e+04,2.394400326011236757e-06
1.049500000000000000e+04,2.393770955677609891e-06
1.049600000000000000e+04,2.393539261902333237e-06
1.049700000000000000e+04,2.393246404608362354e-06
1.049800000000000000e+04,2.393003569522988982e-06
1.049900000000000000e+04,2.392612486801226623e-06
1.050000000000000000e+04,2.392318947386229411e-06
1.050100000000000000e+04,2.392049282207153738e-06
1.050200000000000000e+04,2.391871475992957130e-06
1.050300000000000000e+04,2.391693442405085079e-06
1.050400000000000000e+04,2.391358066233806312e-06
1.050500000000000000e+04,2.390946747254929505e-06
1.050600000000000000e+04,2.397865046077640727e-06
1.050700000000000000e+04,2.390874442426138557e-06
1.050800000000000000e+04,2.390483587078051642e-06
1.050900000000000000e+04,2.390033387200674042e-06
1.051000000000000000e+04,2.389701421634526923e-06
1.051100000000000000e+04,2.389450401096837595e-06
1.051200000000000000e+04,2.389226210652850568e-06
1.051300000000000000e+04,2.389014525761012919e-06
1.051400000000000000e+04,2.388878556303097866e-06
1.051500000000000000e+04,2.388765551586402580e-06
1.051600000000000000e+04,2.388669827269040979e-06
1.051700000000000000e+04,2.388452458035317250e-06
1.051800000000000000e+04,2.388333996350411326e-06
1.051900000000000000e+04,2.388218717896961607e-06
1.052000000000000000e+04,2.387931317571201362e-06
1.052100000000000000e+04,2.388302618783200160e-06
1.052200000000000000e+04,2.387797621850040741e-06
1.052300000000000000e+04,2.387611857557203621e-06
1.052400000000000000e+04,2.387447011642507277e-06
1.052500000000000000e+04,2.387307631579460576e-06
1.052600000000000000e+04,2.387055701547069475e-06
1.052700000000000000e+04,2.386857886449433863e-06
1.052800000000000000e+04,2.386551841482287273e-06
1.052900000000000000e+04,2.386353799010976218e-06
1.053000000000000000e+04,2.386204187132534571e-06
1.053100000000000000e+04,2.386095047768321820e-06
1.053200000000000000e+04,2.385974994467687793e-06
1.053300000000000000e+04,2.385750576650025323e-06
1.053400000000000000e+04,2.385335619692341425e-06
1.053500000000000000e+04,2.384945901212631725e-06
1.053600000000000000e+04,2.384552317380439490e-06
1.053700000000000000e+04,2.384359277129988186e-06
1.053800000000000000e+04,2.384234676355845295e-06
1.053900000000000000e+04,2.384131903454544954e-06
1.054000000000000000e+04,2.383965920671471395e-06
1.054100000000000000e+04,2.383568244113121182e-06
1.054200000000000000e+04,2.383382252446608618e-06
1.054300000000000000e+04,2.383134415140375495e-06
1.054400000000000000e+04,2.383050969001487829e-06
1.054500000000000000e+04,2.382912953180493787e-06
1.054600000000000000e+04,2.382706952630542219e-06
1.054700000000000000e+04,2.382351567575824447e-06
1.054800000000000000e+04,2.381932745265658014e-06
1.054900000000000000e+04,2.381568492637597956e-06
1.055000000000000000e+04,2.381301783316303045e-06
1.055100000000000000e+04,2.381035756116034463e-06
1.055200000000000000e+04,2.380635578447254375e-06
1.055300000000000000e+04,2.380331579843186773e-06
1.055400000000000000e+04,2.380101022936287336e-06
1.055500000000000000e+04,2.379975057920091785e-06
1.055600000000000000e+04,2.379807938268641010e-06
1.055700000000000000e+04,2.379706529609393328e-06
1.055800000000000000e+04,2.379340003244578838e-06
1.055900000000000000e+04,2.379024408583063632e-06
1.056000000000000000e+04,2.378855469942209311e-06
1.056100000000000000e+04,2.378614681219914928e-06
1.056200000000000000e+04,2.378329554630909115e-06
1.056300000000000000e+04,2.378161525484756567e-06
1.056400000000000000e+04,2.377674036324606277e-06
1.056500000000000000e+04,2.377063310632365756e-06
1.056600000000000000e+04,2.378378894718480296e-06
1.056700000000000000e+04,2.376766815359587781e-06
1.056800000000000000e+04,2.376444399487809278e-06
1.056900000000000000e+04,2.376194743192172609e-06
1.057000000000000000e+04,2.375909389229491353e-06
1.057100000000000000e+04,2.375619487793301232e-06
1.057200000000000000e+04,2.375260464759776369e-06
1.057300000000000000e+04,2.375043550273403525e-06
1.057400000000000000e+04,2.374752057221485302e-06
1.057500000000000000e+04,2.374658379267202690e-06
1.057600000000000000e+04,2.374361656620749272e-06
1.057700000000000000e+04,2.373986944803618826e-06
1.057800000000000000e+04,2.373791403442737646e-06
1.057900000000000000e+04,2.373519464526907541e-06
1.058000000000000000e+04,2.373313691350631416e-06
1.058100000000000000e+04,2.373204779360094108e-06
1.058200000000000000e+04,2.372997187194414437e-06
1.058300000000000000e+04,2.372878725509508513e-06
1.058400000000000000e+04,2.372889184698578902e-06
1.058500000000000000e+04,2.372875542278052308e-06
1.058600000000000000e+04,2.372824383201077580e-06
1.058700000000000000e+04,2.372631342950626276e-06
1.058800000000000000e+04,2.372470135014737025e-06
1.058900000000000000e+04,2.372139761064318009e-06
1.059000000000000000e+04,2.371807340750820003e-06
1.059100000000000000e+04,2.371617028984474018e-06
1.059200000000000000e+04,2.371383743593469262e-06
1.059300000000000000e+04,2.371177060922491364e-06
1.059400000000000000e+04,2.370912625337950885e-06
1.059500000000000000e+04,2.370727088418789208e-06
1.059600000000000000e+04,2.370626134506892413e-06
1.059700000000000000e+04,2.370429683651309460e-06
1.059800000000000000e+04,2.370256652284297161e-06
1.059900000000000000e+04,2.370050651734345593e-06
1.060000000000000000e+04,2.369615231145871803e-06
1.060100000000000000e+04,2.369466301388456486e-06
1.060200000000000000e+04,2.369343974351068027e-06
1.060300000000000000e+04,2.369088406339869834e-06
1.060400000000000000e+04,2.368737796132336371e-06
1.060500000000000000e+04,2.368658442719606683e-06
1.060600000000000000e+04,2.368472223679418676e-06
1.060700000000000000e+04,2.368326931900810450e-06
1.060800000000000000e+04,2.368108653172384948e-06
1.060900000000000000e+04,2.367853085161186755e-06
1.061000000000000000e+04,2.367633214817033149e-06
1.061100000000000000e+04,2.367417891946388409e-06
1.061200000000000000e+04,2.367224396948586218e-06
1.061300000000000000e+04,2.367047954976442270e-06
1.061400000000000000e+04,2.366835360589902848e-06
1.061500000000000000e+04,2.366666421949048527e-06
1.061600000000000000e+04,2.366600938330520876e-06
1.061700000000000000e+04,2.366481794524588622e-06
1.061800000000000000e+04,2.366317858104594052e-06
1.061900000000000000e+04,2.366143235121853650e-06
1.062000000000000000e+04,2.365964746786630712e-06
1.062100000000000000e+04,2.365709633522783406e-06
1.062200000000000000e+04,2.365518412261735648e-06
1.062300000000000000e+04,2.365186901442939416e-06
1.062400000000000000e+04,2.364896772633073851e-06
1.062500000000000000e+04,2.364494321227539331e-06
1.062600000000000000e+04,2.364273768762359396e-06
1.062700000000000000e+04,2.363829707974218763e-06
1.062800000000000000e+04,2.363651219638995826e-06
1.062900000000000000e+04,2.363401790717034601e-06
1.063000000000000000e+04,2.362911118325428106e-06
1.063100000000000000e+04,2.369002231716876850e-06
1.063200000000000000e+04,2.362864961469313130e-06
1.063300000000000000e+04,2.362392024224391207e-06
1.063400000000000000e+04,2.362165560043649748e-06
1.063500000000000000e+04,2.361781753279501572e-06
1.063600000000000000e+04,2.361494580327416770e-06
1.063700000000000000e+04,2.361187171118217520e-06
1.063800000000000000e+04,2.360714915994321927e-06
1.063900000000000000e+04,2.360529833822511137e-06
1.064000000000000000e+04,2.360293365200050175e-06
1.064100000000000000e+04,2.360022108405246399e-06
1.064200000000000000e+04,2.359648760830168612e-06
1.064300000000000000e+04,2.359214022362721153e-06
1.064400000000000000e+04,2.358582150918664411e-06
1.064500000000000000e+04,2.358160600124392658e-06
1.064600000000000000e+04,2.357510766159975901e-06
1.064700000000000000e+04,2.357048060730448924e-06
1.064800000000000000e+04,2.357070115976966918e-06
1.064900000000000000e+04,2.356769527978030965e-06
1.065000000000000000e+04,2.356416416660067625e-06
1.065100000000000000e+04,2.356251570745371282e-06
1.065200000000000000e+04,2.355920059926575050e-06
1.065300000000000000e+04,2.355465994696714915e-06
1.065400000000000000e+04,2.355020797040197067e-06
1.065500000000000000e+04,2.354628122702706605e-06
1.065600000000000000e+04,2.354316393393673934e-06
1.065700000000000000e+04,2.354229764023330063e-06
1.065800000000000000e+04,2.353966692680842243e-06
1.065900000000000000e+04,2.353624722672975622e-06
1.066000000000000000e+04,2.353150421186001040e-06
1.066100000000000000e+04,2.352931232962873764e-06
1.066200000000000000e+04,2.352508317926549353e-06
1.066300000000000000e+04,2.352235924263368361e-06
1.066400000000000000e+04,2.351406692469026893e-06
1.066500000000000000e+04,2.351411467316211201e-06
1.066600000000000000e+04,2.351074954276555218e-06
1.066700000000000000e+04,2.350640670556458645e-06
1.066800000000000000e+04,2.349993337702471763e-06
1.066900000000000000e+04,2.350518798266421072e-06
1.067000000000000000e+04,2.349761416553519666e-06
1.067100000000000000e+04,2.349248916289070621e-06
1.067200000000000000e+04,2.348743237234884873e-06
1.067300000000000000e+04,2.348347379665938206e-06
1.067400000000000000e+04,2.348092493775766343e-06
1.067500000000000000e+04,2.347784402445540763e-06
1.067600000000000000e+04,2.347357167309382930e-06
1.067700000000000000e+04,2.346710971323773265e-06
1.067800000000000000e+04,2.345938128200941719e-06
1.067900000000000000e+04,2.359631935178185813e-06
1.068000000000000000e+04,2.345705752304638736e-06
1.068100000000000000e+04,2.344910399187938310e-06
1.068200000000000000e+04,2.344497033845982514e-06
1.068300000000000000e+04,2.344089352845912799e-06
1.068400000000000000e+04,2.343691221540211700e-06
1.068500000000000000e+04,2.343130063309217803e-06
1.068600000000000000e+04,2.342351763218175620e-06
1.068700000000000000e+04,2.341828576390980743e-06
1.068800000000000000e+04,2.341738081668154337e-06
1.068900000000000000e+04,2.341283106943592429e-06
1.069000000000000000e+04,2.341123945370782167e-06
1.069100000000000000e+04,2.340875653317198157e-06
1.069200000000000000e+04,2.340520495636155829e-06
1.069300000000000000e+04,2.340000492040417157e-06
1.069400000000000000e+04,2.341014806006569415e-06
1.069500000000000000e+04,2.339682623642147519e-06
1.069600000000000000e+04,2.339629872949444689e-06
1.069700000000000000e+04,2.339525508432416245e-06
1.069800000000000000e+04,2.339455022593028843e-06
1.069900000000000000e+04,2.339083266633679159e-06
1.070000000000000000e+04,2.338988679184694774e-06
1.070100000000000000e+04,2.338471176699385978e-06
1.070200000000000000e+04,2.338296326342970133e-06
1.070300000000000000e+04,2.338064859941368923e-06
1.070400000000000000e+04,2.337825662834802642e-06
1.070500000000000000e+04,2.337430487386882305e-06
1.070600000000000000e+04,2.337101932425866835e-06
1.070700000000000000e+04,2.336753141207736917e-06
1.070800000000000000e+04,2.336515535716898739e-06
1.070900000000000000e+04,2.336154238946619444e-06
1.071000000000000000e+04,2.335672888875706121e-06
1.071100000000000000e+04,2.335116050744545646e-06
1.071200000000000000e+04,2.334779765078565106e-06
1.071300000000000000e+04,2.334370037715416402e-06
1.071400000000000000e+04,2.334290002181660384e-06
1.071500000000000000e+04,2.334194505237974226e-06
1.071600000000000000e+04,2.333993052161531523e-06
1.071700000000000000e+04,2.333766815354465507e-06
1.071800000000000000e+04,2.333485326744266786e-06
1.071900000000000000e+04,2.333303427803912200e-06
1.072000000000000000e+04,2.332935082449694164e-06
1.072100000000000000e+04,2.332720896447426639e-06
1.072200000000000000e+04,2.332227268198039383e-06
1.072300000000000000e+04,2.332656322323600762e-06
1.072400000000000000e+04,2.331821178813697770e-06
1.072500000000000000e+04,2.331212954231887124e-06
1.072600000000000000e+04,2.330962388441548683e-06
1.072700000000000000e+04,2.330688857909990475e-06
1.072800000000000000e+04,2.330602683286997490e-06
1.072900000000000000e+04,2.330375309611554258e-06
1.073000000000000000e+04,2.330270945094525814e-06
1.073100000000000000e+04,2.329872586415149271e-06
1.073200000000000000e+04,2.329464905415079556e-06
1.073300000000000000e+04,2.329080643903580494e-06
1.073400000000000000e+04,2.328562459297245368e-06
1.073500000000000000e+04,2.328064283574349247e-06
1.073600000000000000e+04,2.327813945157686248e-06
1.073700000000000000e+04,2.327494485143688507e-06
1.073800000000000000e+04,2.327123183931689709e-06
1.073900000000000000e+04,2.326965841348282993e-06
1.074000000000000000e+04,2.326738467672839761e-06
1.074100000000000000e+04,2.326342837477568537e-06
1.074200000000000000e+04,2.325987907170201652e-06
1.074300000000000000e+04,2.325659124835510738e-06
1.074400000000000000e+04,2.325300783923012204e-06
1.074500000000000000e+04,2.324941988263162784e-06
1.074600000000000000e+04,2.324398792552528903e-06
1.074700000000000000e+04,2.324434490219573490e-06
1.074800000000000000e+04,2.324214847249095328e-06
1.074900000000000000e+04,2.323859916941728443e-06
1.075000000000000000e+04,2.323610033272416331e-06
1.075100000000000000e+04,2.323124817849020474e-06
1.075200000000000000e+04,2.322441787327989005e-06
1.075300000000000000e+04,2.321890406165039167e-06
1.075400000000000000e+04,2.321482270417618565e-06
1.075500000000000000e+04,2.321078682143706828e-06
1.075600000000000000e+04,2.320734211025410332e-06
1.075700000000000000e+04,2.320245357623207383e-06
1.075800000000000000e+04,2.319613486179150641e-06
1.075900000000000000e+04,2.319076202184078284e-06
1.076000000000000000e+04,2.318341103091370314e-06
1.076100000000000000e+04,2.318124415978672914e-06
1.076200000000000000e+04,2.317676035090698861e-06
1.076300000000000000e+04,2.317405687790596858e-06
1.076400000000000000e+04,2.316942300240043551e-06
1.076500000000000000e+04,2.316175368832773529e-06
1.076600000000000000e+04,2.316650807188125327e-06
1.076700000000000000e+04,2.315799747520941310e-06
1.076800000000000000e+04,2.315066922164987773e-06
1.076900000000000000e+04,2.314462108188308775e-06
1.077000000000000000e+04,2.313960294486605562e-06
1.077100000000000000e+04,2.313319782842881978e-06
1.077200000000000000e+04,2.319507302672718652e-06
1.077300000000000000e+04,2.313117647645412944e-06
1.077400000000000000e+04,2.312681544935912825e-06
1.077500000000000000e+04,2.312421656824881211e-06
1.077600000000000000e+04,2.311596745130373165e-06
1.077700000000000000e+04,2.310896434210008010e-06
1.077800000000000000e+04,2.310735681021469645e-06
1.077900000000000000e+04,2.310349373146891594e-06
1.078000000000000000e+04,2.309648607479175553e-06
1.078100000000000000e+04,2.309232058905763552e-06
1.078200000000000000e+04,2.308876219103694893e-06
1.078300000000000000e+04,2.308568809894495644e-06
1.078400000000000000e+04,2.308210468981997110e-06
1.078500000000000000e+04,2.307839622517349198e-06
1.078600000000000000e+04,2.307558361280825920e-06
1.078700000000000000e+04,2.307137947354931384e-06
1.078800000000000000e+04,2.307506974830175750e-06
1.078900000000000000e+04,2.306831902387784794e-06
1.079000000000000000e+04,2.306005171703873202e-06
1.079100000000000000e+04,2.305082261955249123e-06
1.079200000000000000e+04,2.304341478520655073e-06
1.079300000000000000e+04,2.303901965206023306e-06
1.079400000000000000e+04,2.303599103470332921e-06
1.079500000000000000e+04,2.303103428857866675e-06
