0.000000000000000000e+00,8.404305577278137207e-01
1.000000000000000000e+00,9.812960624694824219e+00
2.000000000000000000e+00,6.846730709075927734e-01
3.000000000000000000e+00,4.379429817199707031e-01
4.000000000000000000e+00,4.203930795192718506e-01
5.000000000000000000e+00,4.040671885013580322e-01
6.000000000000000000e+00,3.673332631587982178e-01
7.000000000000000000e+00,3.440470695495605469e-01
8.000000000000000000e+00,3.241983056068420410e-01
9.000000000000000000e+00,3.139590322971343994e-01
1.000000000000000000e+01,2.950964868068695068e-01
1.100000000000000000e+01,2.946029603481292725e-01
1.200000000000000000e+01,2.830325365066528320e-01
1.300000000000000000e+01,2.791657149791717529e-01
1.400000000000000000e+01,2.720639109611511230e-01
1.500000000000000000e+01,2.644949853420257568e-01
1.600000000000000000e+01,2.502973377704620361e-01
1.700000000000000000e+01,2.228896468877792358e-01
1.800000000000000000e+01,2.077495157718658447e-01
1.900000000000000000e+01,1.879304051399230957e-01
2.000000000000000000e+01,1.809235066175460815e-01
2.100000000000000000e+01,1.726013720035552979e-01
2.200000000000000000e+01,1.616916507482528687e-01
2.300000000000000000e+01,1.544692665338516235e-01
2.400000000000000000e+01,1.475344896316528320e-01
2.500000000000000000e+01,1.425858587026596069e-01
2.600000000000000000e+01,1.365200132131576538e-01
2.700000000000000000e+01,1.324704587459564209e-01
2.800000000000000000e+01,1.279922127723693848e-01
2.900000000000000000e+01,1.256611049175262451e-01
3.000000000000000000e+01,1.212646737694740295e-01
3.100000000000000000e+01,1.157166957855224609e-01
3.200000000000000000e+01,1.061196029186248779e-01
3.300000000000000000e+01,1.031318604946136475e-01
3.400000000000000000e+01,9.507282823324203491e-02
3.500000000000000000e+01,9.206513315439224243e-02
3.600000000000000000e+01,8.557447791099548340e-02
3.700000000000000000e+01,7.506159693002700806e-02
3.800000000000000000e+01,7.329800724983215332e-02
3.900000000000000000e+01,6.706219166517257690e-02
4.000000000000000000e+01,6.364371627569198608e-02
4.100000000000000000e+01,6.204272434115409851e-02
4.200000000000000000e+01,6.083167716860771179e-02
4.300000000000000000e+01,5.726016312837600708e-02
4.400000000000000000e+01,5.475106835365295410e-02
4.500000000000000000e+01,5.307509005069732666e-02
4.600000000000000000e+01,5.202100798487663269e-02
4.700000000000000000e+01,5.004864931106567383e-02
4.800000000000000000e+01,4.824534058570861816e-02
4.900000000000000000e+01,4.580293595790863037e-02
5.000000000000000000e+01,4.420633986592292786e-02
5.100000000000000000e+01,4.328222572803497314e-02
5.200000000000000000e+01,4.271494224667549133e-02
5.300000000000000000e+01,4.199960827827453613e-02
5.400000000000000000e+01,4.095786437392234802e-02
5.500000000000000000e+01,3.980042785406112671e-02
5.600000000000000000e+01,3.883921727538108826e-02
5.700000000000000000e+01,3.836106508970260620e-02
5.800000000000000000e+01,3.801153972744941711e-02
5.900000000000000000e+01,3.704676032066345215e-02
6.000000000000000000e+01,3.629598394036293030e-02
6.100000000000000000e+01,3.560043871402740479e-02
6.200000000000000000e+01,3.506664559245109558e-02
6.300000000000000000e+01,3.459428623318672180e-02
6.400000000000000000e+01,3.398277610540390015e-02
6.500000000000000000e+01,3.339888155460357666e-02
6.600000000000000000e+01,3.257956728339195251e-02
6.700000000000000000e+01,3.197931870818138123e-02
6.800000000000000000e+01,3.130578622221946716e-02
6.900000000000000000e+01,3.052053228020668030e-02
7.000000000000000000e+01,2.988066338002681732e-02
7.100000000000000000e+01,2.894267626106739044e-02
7.200000000000000000e+01,2.823392301797866821e-02
7.300000000000000000e+01,2.767391875386238098e-02
7.400000000000000000e+01,2.705148607492446899e-02
7.500000000000000000e+01,2.651964686810970306e-02
7.600000000000000000e+01,2.584934048354625702e-02
7.700000000000000000e+01,2.530354075133800507e-02
7.800000000000000000e+01,2.476456388831138611e-02
7.900000000000000000e+01,2.392967417836189270e-02
8.000000000000000000e+01,2.356138452887535095e-02
8.100000000000000000e+01,2.260123938322067261e-02
8.200000000000000000e+01,2.228062227368354797e-02
8.300000000000000000e+01,2.151084691286087036e-02
8.400000000000000000e+01,2.048568986356258392e-02
8.500000000000000000e+01,1.929943263530731201e-02
8.600000000000000000e+01,1.856430061161518097e-02
8.700000000000000000e+01,1.786277443170547485e-02
8.800000000000000000e+01,1.631835103034973145e-02
8.900000000000000000e+01,1.685013808310031891e-02
9.000000000000000000e+01,1.563224941492080688e-02
9.100000000000000000e+01,1.534346956759691238e-02
9.200000000000000000e+01,1.435145828872919083e-02
9.300000000000000000e+01,1.408930681645870209e-02
9.400000000000000000e+01,1.360594946891069412e-02
9.500000000000000000e+01,1.289354264736175537e-02
9.600000000000000000e+01,1.197860669344663620e-02
9.700000000000000000e+01,1.127233542501926422e-02
9.800000000000000000e+01,1.072255987673997879e-02
9.900000000000000000e+01,1.036982517689466476e-02
1.000000000000000000e+02,9.891786612570285797e-03
1.010000000000000000e+02,9.645046666264533997e-03
1.020000000000000000e+02,9.165555238723754883e-03
1.030000000000000000e+02,8.838048204779624939e-03
1.040000000000000000e+02,8.499450981616973877e-03
1.050000000000000000e+02,8.189338259398937225e-03
1.060000000000000000e+02,7.720842026174068451e-03
1.070000000000000000e+02,7.255493197590112686e-03
1.080000000000000000e+02,7.039261516183614731e-03
1.090000000000000000e+02,6.852015852928161621e-03
1.100000000000000000e+02,6.642391905188560486e-03
1.110000000000000000e+02,6.472518201917409897e-03
1.120000000000000000e+02,6.309611722826957703e-03
1.130000000000000000e+02,6.167280953377485275e-03
1.140000000000000000e+02,6.046327762305736542e-03
1.150000000000000000e+02,5.854061339050531387e-03
1.160000000000000000e+02,5.570140201598405838e-03
1.170000000000000000e+02,5.351976957172155380e-03
1.180000000000000000e+02,5.180822685360908508e-03
1.190000000000000000e+02,5.044398829340934753e-03
1.200000000000000000e+02,4.887782502919435501e-03
1.210000000000000000e+02,4.760135430842638016e-03
1.220000000000000000e+02,4.688763059675693512e-03
1.230000000000000000e+02,4.598376341164112091e-03
1.240000000000000000e+02,4.475328605622053146e-03
1.250000000000000000e+02,4.354400094598531723e-03
1.260000000000000000e+02,4.210532177239656448e-03
1.270000000000000000e+02,4.091166891157627106e-03
1.280000000000000000e+02,3.957015927881002426e-03
1.290000000000000000e+02,3.807118162512779236e-03
1.300000000000000000e+02,3.701270325109362602e-03
1.310000000000000000e+02,3.623986383900046349e-03
1.320000000000000000e+02,3.564792918041348457e-03
1.330000000000000000e+02,3.492388641461730003e-03
1.340000000000000000e+02,3.389412770047783852e-03
1.350000000000000000e+02,3.285746788606047630e-03
1.360000000000000000e+02,3.214522497728466988e-03
1.370000000000000000e+02,3.174325218424201012e-03
1.380000000000000000e+02,3.144502406939864159e-03
1.390000000000000000e+02,3.092945087701082230e-03
1.400000000000000000e+02,3.022434888407588005e-03
1.410000000000000000e+02,2.951477654278278351e-03
1.420000000000000000e+02,2.863744040951132774e-03
1.430000000000000000e+02,2.800498856231570244e-03
1.440000000000000000e+02,2.759997965767979622e-03
1.450000000000000000e+02,2.707908628508448601e-03
1.460000000000000000e+02,2.616742625832557678e-03
1.470000000000000000e+02,2.520457608625292778e-03
1.480000000000000000e+02,2.441185293719172478e-03
1.490000000000000000e+02,2.362604951485991478e-03
1.500000000000000000e+02,2.294591860845685005e-03
1.510000000000000000e+02,2.233763225376605988e-03
1.520000000000000000e+02,2.194295171648263931e-03
1.530000000000000000e+02,2.156349364668130875e-03
1.540000000000000000e+02,2.120011951774358749e-03
1.550000000000000000e+02,2.071205526590347290e-03
1.560000000000000000e+02,2.018302446231245995e-03
1.570000000000000000e+02,1.990805147215723991e-03
1.580000000000000000e+02,1.965485280379652977e-03
1.590000000000000000e+02,1.925424556247889996e-03
1.600000000000000000e+02,1.878883340395987034e-03
1.610000000000000000e+02,1.843799022026360035e-03
1.620000000000000000e+02,1.797469682060182095e-03
1.630000000000000000e+02,1.759561593644320965e-03
1.640000000000000000e+02,1.725778565742075443e-03
1.650000000000000000e+02,1.693151658400893211e-03
1.660000000000000000e+02,1.659500179812312126e-03
1.670000000000000000e+02,1.635329681448638439e-03
1.680000000000000000e+02,1.614958746358752251e-03
1.690000000000000000e+02,1.592487329617142677e-03
1.700000000000000000e+02,1.566706225275993347e-03
1.710000000000000000e+02,1.540346420370042324e-03
1.720000000000000000e+02,1.499642035923898220e-03
1.730000000000000000e+02,1.468054251745343208e-03
1.740000000000000000e+02,1.430505770258605480e-03
1.750000000000000000e+02,1.397710992023348808e-03
1.760000000000000000e+02,1.365834963507950306e-03
1.770000000000000000e+02,1.342954812571406364e-03
1.780000000000000000e+02,1.318357419222593307e-03
1.790000000000000000e+02,1.302329008467495441e-03
1.800000000000000000e+02,1.286244834773242474e-03
1.810000000000000000e+02,1.266121282242238522e-03
1.820000000000000000e+02,1.250372733920812607e-03
1.830000000000000000e+02,1.232654787600040436e-03
1.840000000000000000e+02,1.188559574075043201e-03
1.850000000000000000e+02,1.203776220791041851e-03
1.860000000000000000e+02,1.172960619442164898e-03
1.870000000000000000e+02,1.148599665611982346e-03
1.880000000000000000e+02,1.131599186919629574e-03
1.890000000000000000e+02,1.122298417612910271e-03
1.900000000000000000e+02,1.114764949306845665e-03
1.910000000000000000e+02,1.096327789127826691e-03
1.920000000000000000e+02,1.082426286302506924e-03
1.930000000000000000e+02,1.057838788256049156e-03
1.940000000000000000e+02,1.051637809723615646e-03
1.950000000000000000e+02,1.027191756293177605e-03
1.960000000000000000e+02,1.018119044601917267e-03
1.970000000000000000e+02,1.002901233732700348e-03
1.980000000000000000e+02,9.833867661654949188e-04
1.990000000000000000e+02,9.849115740507841110e-04
2.000000000000000000e+02,9.715821943245828152e-04
2.010000000000000000e+02,9.574232972227036953e-04
2.020000000000000000e+02,9.412030340172350407e-04
2.030000000000000000e+02,9.289871086366474628e-04
2.040000000000000000e+02,9.161069174297153950e-04
2.050000000000000000e+02,9.043705067597329617e-04
2.060000000000000000e+02,8.923221612349152565e-04
2.070000000000000000e+02,8.784263627603650093e-04
2.080000000000000000e+02,8.654334233142435551e-04
2.090000000000000000e+02,8.456903742626309395e-04
2.100000000000000000e+02,8.282338967546820641e-04
2.110000000000000000e+02,8.154907263815402985e-04
2.120000000000000000e+02,8.074457291513681412e-04
2.130000000000000000e+02,7.998837390914559364e-04
2.140000000000000000e+02,7.919733179733157158e-04
2.150000000000000000e+02,7.784902700223028660e-04
2.160000000000000000e+02,7.540911901742219925e-04
2.170000000000000000e+02,7.445880328305065632e-04
2.180000000000000000e+02,7.367936777882277966e-04
2.190000000000000000e+02,7.329056970775127411e-04
2.200000000000000000e+02,7.279212004505097866e-04
2.210000000000000000e+02,7.200759137049317360e-04
2.220000000000000000e+02,7.273968658410012722e-04
2.230000000000000000e+02,7.158825173974037170e-04
2.240000000000000000e+02,7.097655325196683407e-04
2.250000000000000000e+02,7.017005118541419506e-04
2.260000000000000000e+02,6.922779721207916737e-04
2.270000000000000000e+02,6.826948374509811401e-04
2.280000000000000000e+02,6.775449728593230247e-04
2.290000000000000000e+02,6.737042567692697048e-04
2.300000000000000000e+02,6.689133588224649429e-04
2.310000000000000000e+02,6.646225810982286930e-04
2.320000000000000000e+02,6.578562897630035877e-04
2.330000000000000000e+02,6.533617270179092884e-04
2.340000000000000000e+02,6.496538990177214146e-04
2.350000000000000000e+02,6.445997278206050396e-04
2.360000000000000000e+02,6.382588180713355541e-04
2.370000000000000000e+02,6.315296050161123276e-04
2.380000000000000000e+02,6.252511520870029926e-04
2.390000000000000000e+02,6.179024931043386459e-04
2.400000000000000000e+02,6.080455495975911617e-04
2.410000000000000000e+02,6.081099854782223701e-04
2.420000000000000000e+02,6.033993558958172798e-04
2.430000000000000000e+02,5.984387826174497604e-04
2.440000000000000000e+02,5.941863055340945721e-04
2.450000000000000000e+02,5.906262667849659920e-04
2.460000000000000000e+02,5.868215812370181084e-04
2.470000000000000000e+02,5.808592541143298149e-04
2.480000000000000000e+02,5.765472888015210629e-04
2.490000000000000000e+02,5.726413801312446594e-04
2.500000000000000000e+02,5.696285516023635864e-04
2.510000000000000000e+02,5.666088545694947243e-04
2.520000000000000000e+02,5.609038053080439568e-04
2.530000000000000000e+02,5.658233421854674816e-04
2.540000000000000000e+02,5.561414873227477074e-04
2.550000000000000000e+02,5.506809102371335030e-04
2.560000000000000000e+02,5.470143514685332775e-04
2.570000000000000000e+02,5.440362147055566311e-04
2.580000000000000000e+02,5.413188482634723186e-04
2.590000000000000000e+02,5.385716794990003109e-04
2.600000000000000000e+02,5.324105732142925262e-04
2.610000000000000000e+02,5.280080949887633324e-04
2.620000000000000000e+02,5.229981616139411926e-04
2.630000000000000000e+02,5.176920676603913307e-04
2.640000000000000000e+02,5.152541561983525753e-04
2.650000000000000000e+02,5.127448821440339088e-04
2.660000000000000000e+02,5.103741423226892948e-04
2.670000000000000000e+02,5.077248788438737392e-04
2.680000000000000000e+02,5.116511601954698563e-04
2.690000000000000000e+02,5.063225980848073959e-04
2.700000000000000000e+02,5.038313684053719044e-04
2.710000000000000000e+02,5.017280927859246731e-04
2.720000000000000000e+02,4.992817412130534649e-04
2.730000000000000000e+02,4.966622218489646912e-04
2.740000000000000000e+02,4.924721433781087399e-04
2.750000000000000000e+02,4.903735825791954994e-04
2.760000000000000000e+02,4.850266559515148401e-04
2.770000000000000000e+02,4.822876071557402611e-04
2.780000000000000000e+02,4.794094129465520382e-04
2.790000000000000000e+02,4.741021548397839069e-04
2.800000000000000000e+02,4.679402336478233337e-04
2.810000000000000000e+02,4.657529352698475122e-04
2.820000000000000000e+02,4.620378604158759117e-04
2.830000000000000000e+02,4.608542949426919222e-04
2.840000000000000000e+02,4.591260512825101614e-04
2.850000000000000000e+02,4.554186307359486818e-04
2.860000000000000000e+02,4.533361352514475584e-04
2.870000000000000000e+02,4.500539216678589582e-04
2.880000000000000000e+02,4.478123155422508717e-04
2.890000000000000000e+02,4.449015250429511070e-04
2.900000000000000000e+02,4.432291025295853615e-04
2.910000000000000000e+02,4.387053486425429583e-04
2.920000000000000000e+02,4.369548696558922529e-04
2.930000000000000000e+02,4.344280168879777193e-04
2.940000000000000000e+02,4.307044437155127525e-04
2.950000000000000000e+02,4.277669941075146198e-04
2.960000000000000000e+02,4.243068688083440065e-04
2.970000000000000000e+02,4.229917540214955807e-04
2.980000000000000000e+02,4.208899044897407293e-04
2.990000000000000000e+02,4.187496670056134462e-04
3.000000000000000000e+02,4.166460130363702774e-04
3.010000000000000000e+02,4.147493455093353987e-04
3.020000000000000000e+02,4.128944419790059328e-04
3.030000000000000000e+02,4.075103788636624813e-04
3.040000000000000000e+02,4.045290406793355942e-04
3.050000000000000000e+02,4.002269706688821316e-04
3.060000000000000000e+02,3.970512480009347200e-04
3.070000000000000000e+02,3.947969817090779543e-04
3.080000000000000000e+02,3.918587171938270330e-04
3.090000000000000000e+02,3.888517967425286770e-04
3.100000000000000000e+02,3.863944439217448235e-04
3.110000000000000000e+02,3.855064860545098782e-04
3.120000000000000000e+02,3.839376731775701046e-04
3.130000000000000000e+02,3.818282566498965025e-04
3.140000000000000000e+02,3.802514111157506704e-04
3.150000000000000000e+02,3.762668638955801725e-04
3.160000000000000000e+02,3.756616206374019384e-04
3.170000000000000000e+02,3.716030041687190533e-04
3.180000000000000000e+02,3.704914706759154797e-04
3.190000000000000000e+02,3.693826438393443823e-04
3.200000000000000000e+02,3.685549600049853325e-04
3.210000000000000000e+02,3.672762832138687372e-04
3.220000000000000000e+02,3.656360204331576824e-04
3.230000000000000000e+02,3.645586839411407709e-04
3.240000000000000000e+02,3.634008753579109907e-04
3.250000000000000000e+02,3.615210589487105608e-04
3.260000000000000000e+02,3.606795798987150192e-04
3.270000000000000000e+02,3.591513086576014757e-04
3.280000000000000000e+02,3.561214834917336702e-04
3.290000000000000000e+02,3.551972331479191780e-04
3.300000000000000000e+02,3.521172911860048771e-04
3.310000000000000000e+02,3.511770337354391813e-04
3.320000000000000000e+02,3.490438102744519711e-04
3.330000000000000000e+02,3.485385968815535307e-04
3.340000000000000000e+02,3.464629699010401964e-04
3.350000000000000000e+02,3.454033285379409790e-04
3.360000000000000000e+02,3.442556771915405989e-04
3.370000000000000000e+02,3.421747824177145958e-04
3.380000000000000000e+02,3.391107602510601282e-04
3.390000000000000000e+02,3.425062750466167927e-04
3.400000000000000000e+02,3.381172718945890665e-04
3.410000000000000000e+02,3.363606811035424471e-04
3.420000000000000000e+02,3.347632882650941610e-04
3.430000000000000000e+02,3.334046923555433750e-04
3.440000000000000000e+02,3.318728995509445667e-04
3.450000000000000000e+02,3.308243467472493649e-04
3.460000000000000000e+02,3.300306270830333233e-04
3.470000000000000000e+02,3.290524473413825035e-04
3.480000000000000000e+02,3.276042116340249777e-04
3.490000000000000000e+02,3.267845895607024431e-04
3.500000000000000000e+02,3.255986957810819149e-04
3.510000000000000000e+02,3.248062275815755129e-04
3.520000000000000000e+02,3.237764758523553610e-04
3.530000000000000000e+02,3.225520194973796606e-04
3.540000000000000000e+02,3.209791029803454876e-04
3.550000000000000000e+02,3.199396014679223299e-04
3.560000000000000000e+02,3.187013207934796810e-04
3.570000000000000000e+02,3.168898983858525753e-04
3.580000000000000000e+02,3.160519117955118418e-04
3.590000000000000000e+02,3.138532338198274374e-04
3.600000000000000000e+02,3.130770637653768063e-04
3.610000000000000000e+02,3.121976333204656839e-04
3.620000000000000000e+02,3.105213399976491928e-04
3.630000000000000000e+02,3.074637788813561201e-04
3.640000000000000000e+02,3.060335584450513124e-04
3.650000000000000000e+02,3.037639544345438480e-04
3.660000000000000000e+02,3.028123173862695694e-04
3.670000000000000000e+02,3.016531991306692362e-04
3.680000000000000000e+02,2.994367678184062243e-04
3.690000000000000000e+02,3.016155678778886795e-04
3.700000000000000000e+02,2.984525344800204039e-04
3.710000000000000000e+02,2.970075001940131187e-04
3.720000000000000000e+02,2.956433163490146399e-04
3.730000000000000000e+02,2.947832981590181589e-04
3.740000000000000000e+02,2.934730146080255508e-04
3.750000000000000000e+02,2.925553417298942804e-04
3.760000000000000000e+02,2.919610997196286917e-04
3.770000000000000000e+02,2.913958160206675529e-04
3.780000000000000000e+02,2.906428999267518520e-04
3.790000000000000000e+02,2.900725230574607849e-04
3.800000000000000000e+02,2.891237381845712662e-04
3.810000000000000000e+02,2.884251589421182871e-04
3.820000000000000000e+02,2.871003234758973122e-04
3.830000000000000000e+02,2.865354472305625677e-04
3.840000000000000000e+02,2.857576764654368162e-04
3.850000000000000000e+02,2.844124392140656710e-04
3.860000000000000000e+02,2.839639200828969479e-04
3.870000000000000000e+02,2.820354420691728592e-04
3.880000000000000000e+02,2.814206527546048164e-04
3.890000000000000000e+02,2.806950069498270750e-04
3.900000000000000000e+02,2.800764632411301136e-04
3.910000000000000000e+02,2.792160375975072384e-04
3.920000000000000000e+02,2.780308714136481285e-04
3.930000000000000000e+02,2.770669816527515650e-04
3.940000000000000000e+02,2.771847939584404230e-04
3.950000000000000000e+02,2.763358643278479576e-04
3.960000000000000000e+02,2.752789878286421299e-04
3.970000000000000000e+02,2.739716146606951952e-04
3.980000000000000000e+02,2.729615662246942520e-04
3.990000000000000000e+02,2.718733740039169788e-04
4.000000000000000000e+02,2.708291867747902870e-04
4.010000000000000000e+02,2.701866033021360636e-04
4.020000000000000000e+02,2.692766138352453709e-04
4.030000000000000000e+02,2.683201455511152744e-04
4.040000000000000000e+02,2.669340756256133318e-04
4.050000000000000000e+02,2.660418103914707899e-04
4.060000000000000000e+02,2.652841794770210981e-04
4.070000000000000000e+02,2.647520159371197224e-04
4.080000000000000000e+02,2.636435674503445625e-04
4.090000000000000000e+02,2.626634959597140551e-04
4.100000000000000000e+02,2.619101724121719599e-04
4.110000000000000000e+02,2.612686657812446356e-04
4.120000000000000000e+02,2.606417692732065916e-04
4.130000000000000000e+02,2.597320708446204662e-04
4.140000000000000000e+02,2.588646311778575182e-04
4.150000000000000000e+02,2.584105241112411022e-04
4.160000000000000000e+02,2.577867126092314720e-04
4.170000000000000000e+02,2.571324293967336416e-04
4.180000000000000000e+02,2.557326224632561207e-04
4.190000000000000000e+02,2.555733080953359604e-04
4.200000000000000000e+02,2.539511187933385372e-04
4.210000000000000000e+02,2.534378436394035816e-04
4.220000000000000000e+02,2.523673756513744593e-04
4.230000000000000000e+02,2.511556376703083515e-04
4.240000000000000000e+02,2.498726535122841597e-04
4.250000000000000000e+02,2.490312617737799883e-04
4.260000000000000000e+02,2.483209536876529455e-04
4.270000000000000000e+02,2.476875670254230499e-04
4.280000000000000000e+02,2.468066231813281775e-04
4.290000000000000000e+02,2.462365373503416777e-04
4.300000000000000000e+02,2.456311194691807032e-04
4.310000000000000000e+02,2.451694163028150797e-04
4.320000000000000000e+02,2.446043363306671381e-04
4.330000000000000000e+02,2.439338713884353638e-04
4.340000000000000000e+02,2.437584626022726297e-04
4.350000000000000000e+02,2.428187435725703835e-04
4.360000000000000000e+02,2.424764097668230534e-04
4.370000000000000000e+02,2.418431249679997563e-04
4.380000000000000000e+02,2.406447165412828326e-04
4.390000000000000000e+02,2.391402231296524405e-04
4.400000000000000000e+02,2.390254958299919963e-04
4.410000000000000000e+02,2.383367245784029365e-04
4.420000000000000000e+02,2.376836782786995173e-04
4.430000000000000000e+02,2.372485469095408916e-04
4.440000000000000000e+02,2.367295965086668730e-04
4.450000000000000000e+02,2.355878386879339814e-04
4.460000000000000000e+02,2.345608227187767625e-04
4.470000000000000000e+02,2.335973258595913649e-04
4.480000000000000000e+02,2.324958768440410495e-04
4.490000000000000000e+02,2.314629382453858852e-04
4.500000000000000000e+02,2.307429822394624352e-04
4.510000000000000000e+02,2.297969767823815346e-04
4.520000000000000000e+02,2.293959114467725158e-04
4.530000000000000000e+02,2.287528477609157562e-04
4.540000000000000000e+02,2.277299936395138502e-04
4.550000000000000000e+02,2.270018594572320580e-04
4.560000000000000000e+02,2.258970198454335332e-04
4.570000000000000000e+02,2.252712001791223884e-04
4.580000000000000000e+02,2.246850490337237716e-04
4.590000000000000000e+02,2.238752640550956130e-04
4.600000000000000000e+02,2.239722234662622213e-04
4.610000000000000000e+02,2.233506675111129880e-04
4.620000000000000000e+02,2.226587239420041442e-04
4.630000000000000000e+02,2.222430193796753883e-04
4.640000000000000000e+02,2.214670385001227260e-04
4.650000000000000000e+02,2.206461940659210086e-04
4.660000000000000000e+02,2.198872534791007638e-04
4.670000000000000000e+02,2.192489628214389086e-04
4.680000000000000000e+02,2.187518548453226686e-04
4.690000000000000000e+02,2.181674062740057707e-04
4.700000000000000000e+02,2.173284738091751933e-04
4.710000000000000000e+02,2.161809970857575536e-04
4.720000000000000000e+02,2.150047366740182042e-04
4.730000000000000000e+02,2.141942677553743124e-04
4.740000000000000000e+02,2.134448004653677344e-04
4.750000000000000000e+02,2.128251508111134171e-04
4.760000000000000000e+02,2.120581921190023422e-04
4.770000000000000000e+02,2.112128277076408267e-04
4.780000000000000000e+02,2.104602317558601499e-04
4.790000000000000000e+02,2.099541161442175508e-04
4.800000000000000000e+02,2.092712820740416646e-04
4.810000000000000000e+02,2.086661115754395723e-04
4.820000000000000000e+02,2.080632257275283337e-04
4.830000000000000000e+02,2.073582145385444164e-04
4.840000000000000000e+02,2.077376411762088537e-04
4.850000000000000000e+02,2.069623733405023813e-04
4.860000000000000000e+02,2.065453591058030725e-04
4.870000000000000000e+02,2.061872946796938777e-04
4.880000000000000000e+02,2.057769597740843892e-04
4.890000000000000000e+02,2.050346083706244826e-04
4.900000000000000000e+02,2.067383757093921304e-04
4.910000000000000000e+02,2.047182497335597873e-04
4.920000000000000000e+02,2.042618289124220610e-04
4.930000000000000000e+02,2.038792590610682964e-04
4.940000000000000000e+02,2.035286597674712539e-04
4.950000000000000000e+02,2.028292656177654862e-04
4.960000000000000000e+02,2.026256988756358624e-04
4.970000000000000000e+02,2.013889752561226487e-04
4.980000000000000000e+02,2.009487652685493231e-04
4.990000000000000000e+02,2.003320696530863643e-04
5.000000000000000000e+02,1.996230421354994178e-04
5.010000000000000000e+02,1.988946896744892001e-04
5.020000000000000000e+02,1.981859677471220493e-04
5.030000000000000000e+02,1.977148349396884441e-04
5.040000000000000000e+02,1.968385913642123342e-04
5.050000000000000000e+02,1.955248299054801464e-04
5.060000000000000000e+02,1.949986180989071727e-04
5.070000000000000000e+02,1.936042535817250609e-04
5.080000000000000000e+02,1.931441365741193295e-04
5.090000000000000000e+02,1.925828400999307632e-04
5.100000000000000000e+02,1.920355134643614292e-04
5.110000000000000000e+02,1.914905442390590906e-04
5.120000000000000000e+02,1.905567478388547897e-04
5.130000000000000000e+02,1.900891365949064493e-04
5.140000000000000000e+02,1.894238230306655169e-04
5.150000000000000000e+02,1.884521043393760920e-04
5.160000000000000000e+02,1.880278141470625997e-04
5.170000000000000000e+02,1.866498350864276290e-04
5.180000000000000000e+02,1.863113866420462728e-04
5.190000000000000000e+02,1.858095492934808135e-04
5.200000000000000000e+02,1.850963599281385541e-04
5.210000000000000000e+02,1.844168000388890505e-04
5.220000000000000000e+02,1.839618489611893892e-04
5.230000000000000000e+02,1.833176211221143603e-04
5.240000000000000000e+02,1.829526590881869197e-04
5.250000000000000000e+02,1.823621423682197928e-04
5.260000000000000000e+02,1.815455616451799870e-04
5.270000000000000000e+02,1.812795671867206693e-04
5.280000000000000000e+02,1.801798061933368444e-04
5.290000000000000000e+02,1.797173463273793459e-04
5.300000000000000000e+02,1.790127425920218229e-04
5.310000000000000000e+02,1.785554632078856230e-04
5.320000000000000000e+02,1.780145685188472271e-04
5.330000000000000000e+02,1.776366407284513116e-04
5.340000000000000000e+02,1.771203969838097692e-04
5.350000000000000000e+02,1.765811030054464936e-04
5.360000000000000000e+02,1.760275481501594186e-04
5.370000000000000000e+02,1.752573007252067327e-04
5.380000000000000000e+02,1.748907379806041718e-04
5.390000000000000000e+02,1.743569737300276756e-04
5.400000000000000000e+02,1.739195431582629681e-04
5.410000000000000000e+02,1.731269294396042824e-04
5.420000000000000000e+02,1.726481423247605562e-04
5.430000000000000000e+02,1.721488224575296044e-04
5.440000000000000000e+02,1.718896382953971624e-04
5.450000000000000000e+02,1.715607941150665283e-04
5.460000000000000000e+02,1.711008517304435372e-04
5.470000000000000000e+02,1.704612514004111290e-04
5.480000000000000000e+02,1.702512527117505670e-04
5.490000000000000000e+02,1.695689861662685871e-04
5.500000000000000000e+02,1.692455552984029055e-04
5.510000000000000000e+02,1.688311749603599310e-04
5.520000000000000000e+02,1.680960413068532944e-04
5.530000000000000000e+02,1.677813706919550896e-04
5.540000000000000000e+02,1.670331985224038363e-04
5.550000000000000000e+02,1.668433105805888772e-04
5.560000000000000000e+02,1.664847368374466896e-04
5.570000000000000000e+02,1.660618436289951205e-04
5.580000000000000000e+02,1.657515822444111109e-04
5.590000000000000000e+02,1.655109372222796082e-04
5.600000000000000000e+02,1.652801001910120249e-04
5.610000000000000000e+02,1.649574987823143601e-04
5.620000000000000000e+02,1.642747811274603009e-04
5.630000000000000000e+02,1.632412167964503169e-04
5.640000000000000000e+02,1.638829417061060667e-04
5.650000000000000000e+02,1.626367156859487295e-04
5.660000000000000000e+02,1.619395334273576736e-04
5.670000000000000000e+02,1.615420769667252898e-04
5.680000000000000000e+02,1.609573810128495097e-04
5.690000000000000000e+02,1.605551951797679067e-04
5.700000000000000000e+02,1.599867391632869840e-04
5.710000000000000000e+02,1.597912778379395604e-04
5.720000000000000000e+02,1.593821216374635696e-04
5.730000000000000000e+02,1.587877923157066107e-04
5.740000000000000000e+02,1.581020187586545944e-04
5.750000000000000000e+02,1.577080547576770186e-04
5.760000000000000000e+02,1.571380998939275742e-04
5.770000000000000000e+02,1.568234583828598261e-04
5.780000000000000000e+02,1.566763385199010372e-04
5.790000000000000000e+02,1.563568657729774714e-04
5.800000000000000000e+02,1.561322715133428574e-04
5.810000000000000000e+02,1.559349475428462029e-04
5.820000000000000000e+02,1.555857597850263119e-04
5.830000000000000000e+02,1.547306746942922473e-04
5.840000000000000000e+02,1.580525422468781471e-04
5.850000000000000000e+02,1.544852129882201552e-04
5.860000000000000000e+02,1.536169729661196470e-04
5.870000000000000000e+02,1.530418521724641323e-04
5.880000000000000000e+02,1.525511179352179170e-04
5.890000000000000000e+02,1.522906241007149220e-04
5.900000000000000000e+02,1.519169163657352328e-04
5.910000000000000000e+02,1.514641626272350550e-04
5.920000000000000000e+02,1.511738810222595930e-04
5.930000000000000000e+02,1.514572795713320374e-04
5.940000000000000000e+02,1.509997237008064985e-04
5.950000000000000000e+02,1.506643602624535561e-04
5.960000000000000000e+02,1.502221275586634874e-04
5.970000000000000000e+02,1.498651108704507351e-04
5.980000000000000000e+02,1.496004988439381123e-04
5.990000000000000000e+02,1.493925519753247499e-04
6.000000000000000000e+02,1.489824499003589153e-04
6.010000000000000000e+02,1.485768734710291028e-04
6.020000000000000000e+02,1.477268087910488248e-04
6.030000000000000000e+02,1.494124735472723842e-04
6.040000000000000000e+02,1.473977754358202219e-04
6.050000000000000000e+02,1.466388202970847487e-04
6.060000000000000000e+02,1.462012587580829859e-04
6.070000000000000000e+02,1.455919700674712658e-04
6.080000000000000000e+02,1.451177085982635617e-04
6.090000000000000000e+02,1.449871488148346543e-04
6.100000000000000000e+02,1.446278620278462768e-04
6.110000000000000000e+02,1.444542140234261751e-04
6.120000000000000000e+02,1.442823704564943910e-04
6.130000000000000000e+02,1.438613398931920528e-04
6.140000000000000000e+02,1.436727470718324184e-04
6.150000000000000000e+02,1.430725678801536560e-04
6.160000000000000000e+02,1.428437972208485007e-04
6.170000000000000000e+02,1.425032533006742597e-04
6.180000000000000000e+02,1.420218759449198842e-04
6.190000000000000000e+02,1.440039341105148196e-04
6.200000000000000000e+02,1.418386236764490604e-04
6.210000000000000000e+02,1.414520811522379518e-04
6.220000000000000000e+02,1.412445562891662121e-04
6.230000000000000000e+02,1.409946416970342398e-04
6.240000000000000000e+02,1.406939263688400388e-04
6.250000000000000000e+02,1.406665978720411658e-04
6.260000000000000000e+02,1.404467620886862278e-04
6.270000000000000000e+02,1.400808541802689433e-04
6.280000000000000000e+02,1.398841559421271086e-04
6.290000000000000000e+02,1.395597209921106696e-04
6.300000000000000000e+02,1.391597470501437783e-04
6.310000000000000000e+02,1.387965603498741984e-04
6.320000000000000000e+02,1.383882772643119097e-04
6.330000000000000000e+02,1.380704343318939209e-04
6.340000000000000000e+02,1.376786240143701434e-04
6.350000000000000000e+02,1.371863472741097212e-04
6.360000000000000000e+02,1.378077431581914425e-04
6.370000000000000000e+02,1.369616074953228235e-04
6.380000000000000000e+02,1.366614451399073005e-04
6.390000000000000000e+02,1.363221090286970139e-04
6.400000000000000000e+02,1.360011519864201546e-04
6.410000000000000000e+02,1.354880514554679394e-04
6.420000000000000000e+02,1.365863572573289275e-04
6.430000000000000000e+02,1.351990213152021170e-04
6.440000000000000000e+02,1.348870137007907033e-04
6.450000000000000000e+02,1.346198114333674312e-04
6.460000000000000000e+02,1.343892508884891868e-04
6.470000000000000000e+02,1.338536530965939164e-04
6.480000000000000000e+02,1.336597924819216132e-04
6.490000000000000000e+02,1.330748491454869509e-04
6.500000000000000000e+02,1.327284408034756780e-04
6.510000000000000000e+02,1.324580225627869368e-04
6.520000000000000000e+02,1.323137839790433645e-04
6.530000000000000000e+02,1.320102310273796320e-04
6.540000000000000000e+02,1.318269933108240366e-04
6.550000000000000000e+02,1.316387933911755681e-04
6.560000000000000000e+02,1.313637912971898913e-04
6.570000000000000000e+02,1.310396910412237048e-04
6.580000000000000000e+02,1.307685015490278602e-04
6.590000000000000000e+02,1.305009791394695640e-04
6.600000000000000000e+02,1.302524615311995149e-04
6.610000000000000000e+02,1.300289150094613433e-04
6.620000000000000000e+02,1.298365095863118768e-04
6.630000000000000000e+02,1.295651745749637485e-04
6.640000000000000000e+02,1.292815722990781069e-04
6.650000000000000000e+02,1.288126659346744418e-04
6.660000000000000000e+02,1.287828636122867465e-04
6.670000000000000000e+02,1.285568578168749809e-04
6.680000000000000000e+02,1.284049067180603743e-04
6.690000000000000000e+02,1.282466982956975698e-04
6.700000000000000000e+02,1.280647411476820707e-04
6.710000000000000000e+02,1.276288821827620268e-04
6.720000000000000000e+02,1.280780707020312548e-04
6.730000000000000000e+02,1.274417154490947723e-04
6.740000000000000000e+02,1.269569329451769590e-04
6.750000000000000000e+02,1.266442559426650405e-04
6.760000000000000000e+02,1.262838195543736219e-04
6.770000000000000000e+02,1.259172277059406042e-04
6.780000000000000000e+02,1.258435950148850679e-04
6.790000000000000000e+02,1.254160888493061066e-04
6.800000000000000000e+02,1.252656511496752501e-04
6.810000000000000000e+02,1.249960478162392974e-04
6.820000000000000000e+02,1.247296459041535854e-04
6.830000000000000000e+02,1.247219042852520943e-04
6.840000000000000000e+02,1.245864405063912272e-04
6.850000000000000000e+02,1.244377199327573180e-04
6.860000000000000000e+02,1.242579892277717590e-04
6.870000000000000000e+02,1.240303245140239596e-04
6.880000000000000000e+02,1.236328971572220325e-04
6.890000000000000000e+02,1.232173963217064738e-04
6.900000000000000000e+02,1.227250031661242247e-04
6.910000000000000000e+02,1.222976279677823186e-04
6.920000000000000000e+02,1.217789904330857098e-04
6.930000000000000000e+02,1.217052704305388033e-04
6.940000000000000000e+02,1.213232753798365593e-04
6.950000000000000000e+02,1.211362832691520452e-04
6.960000000000000000e+02,1.209533365909010172e-04
6.970000000000000000e+02,1.206978558911941946e-04
6.980000000000000000e+02,1.205826556542888284e-04
6.990000000000000000e+02,1.203131905640475452e-04
7.000000000000000000e+02,1.202302228193730116e-04
7.010000000000000000e+02,1.201231934828683734e-04
7.020000000000000000e+02,1.199291727971285582e-04
7.030000000000000000e+02,1.196344819618389010e-04
7.040000000000000000e+02,1.202097628265619278e-04
7.050000000000000000e+02,1.194737924379296601e-04
7.060000000000000000e+02,1.191182600450702012e-04
7.070000000000000000e+02,1.188333626487292349e-04
7.080000000000000000e+02,1.185995570267550647e-04
7.090000000000000000e+02,1.183240892714820802e-04
7.100000000000000000e+02,1.184238790301606059e-04
7.110000000000000000e+02,1.181454863399267197e-04
7.120000000000000000e+02,1.178670863737352192e-04
7.130000000000000000e+02,1.176704390672966838e-04
7.140000000000000000e+02,1.174708595499396324e-04
7.150000000000000000e+02,1.173962082248181105e-04
7.160000000000000000e+02,1.171410549432039261e-04
7.170000000000000000e+02,1.170191026176325977e-04
7.180000000000000000e+02,1.168390008388087153e-04
7.190000000000000000e+02,1.165488502010703087e-04
7.200000000000000000e+02,1.165523499366827309e-04
7.210000000000000000e+02,1.163344277301803231e-04
7.220000000000000000e+02,1.159946477855555713e-04
7.230000000000000000e+02,1.157387232524342835e-04
7.240000000000000000e+02,1.155429636128246784e-04
7.250000000000000000e+02,1.153751218225806952e-04
7.260000000000000000e+02,1.152361728600226343e-04
7.270000000000000000e+02,1.150422831415198743e-04
7.280000000000000000e+02,1.147398506873287261e-04
7.290000000000000000e+02,1.156502694357186556e-04
7.300000000000000000e+02,1.146284848800860345e-04
7.310000000000000000e+02,1.144104826380498707e-04
7.320000000000000000e+02,1.142282926593907177e-04
7.330000000000000000e+02,1.140020103775896132e-04
7.340000000000000000e+02,1.137087019742466509e-04
7.350000000000000000e+02,1.136069040512666106e-04
7.360000000000000000e+02,1.132463221438229084e-04
7.370000000000000000e+02,1.131446479121223092e-04
7.380000000000000000e+02,1.129224547185003757e-04
7.390000000000000000e+02,1.126403585658408701e-04
7.400000000000000000e+02,1.123334295698441565e-04
7.410000000000000000e+02,1.120191009249538183e-04
7.420000000000000000e+02,1.117290230467915535e-04
7.430000000000000000e+02,1.115072955144569278e-04
7.440000000000000000e+02,1.110046505345962942e-04
7.450000000000000000e+02,1.109371441998519003e-04
7.460000000000000000e+02,1.104152470361441374e-04
7.470000000000000000e+02,1.101565139833837748e-04
7.480000000000000000e+02,1.098208813345991075e-04
7.490000000000000000e+02,1.094728504540398717e-04
7.500000000000000000e+02,1.104805924114771187e-04
7.510000000000000000e+02,1.093304163077846169e-04
7.520000000000000000e+02,1.090458899852819741e-04
7.530000000000000000e+02,1.088877324946224689e-04
7.540000000000000000e+02,1.086404809029772878e-04
7.550000000000000000e+02,1.082975359167903662e-04
7.560000000000000000e+02,1.111388701247051358e-04
7.570000000000000000e+02,1.082080634660087526e-04
7.580000000000000000e+02,1.079401481547392905e-04
7.590000000000000000e+02,1.076128464774228632e-04
7.600000000000000000e+02,1.071485021384432912e-04
7.610000000000000000e+02,1.069764402927830815e-04
7.620000000000000000e+02,1.065401884261518717e-04
7.630000000000000000e+02,1.063071031239815056e-04
7.640000000000000000e+02,1.061271177604794502e-04
7.650000000000000000e+02,1.058647612808272243e-04
7.660000000000000000e+02,1.055813554557971656e-04
7.670000000000000000e+02,1.051871804520487785e-04
7.680000000000000000e+02,1.049293059622868896e-04
7.690000000000000000e+02,1.051238068612292409e-04
7.700000000000000000e+02,1.047371260938234627e-04
7.710000000000000000e+02,1.044614109559915960e-04
7.720000000000000000e+02,1.042998046614229679e-04
7.730000000000000000e+02,1.039987546391785145e-04
7.740000000000000000e+02,1.036857502185739577e-04
7.750000000000000000e+02,1.035166060319170356e-04
7.760000000000000000e+02,1.032336222124285996e-04
7.770000000000000000e+02,1.030930725391954184e-04
7.780000000000000000e+02,1.027774706017225981e-04
7.790000000000000000e+02,1.024939774652011693e-04
7.800000000000000000e+02,1.022204378386959434e-04
7.810000000000000000e+02,1.020030467770993710e-04
7.820000000000000000e+02,1.018338225549086928e-04
7.830000000000000000e+02,1.015721572912298143e-04
7.840000000000000000e+02,1.012440698104910553e-04
7.850000000000000000e+02,1.009185943985357881e-04
7.860000000000000000e+02,1.003953439067117870e-04
7.870000000000000000e+02,1.015566813293844461e-04
7.880000000000000000e+02,1.002265125862322748e-04
7.890000000000000000e+02,9.981274342862889171e-05
7.900000000000000000e+02,9.956951544154435396e-05
7.910000000000000000e+02,9.926754137268289924e-05
7.920000000000000000e+02,9.899499127641320229e-05
7.930000000000000000e+02,9.875622345134615898e-05
7.940000000000000000e+02,9.845886233961209655e-05
7.950000000000000000e+02,9.832592331804335117e-05
7.960000000000000000e+02,9.813091310206800699e-05
7.970000000000000000e+02,9.807125024963170290e-05
7.980000000000000000e+02,9.783650602912530303e-05
7.990000000000000000e+02,9.769313328433781862e-05
8.000000000000000000e+02,9.754938218975439668e-05
8.010000000000000000e+02,9.728739678394049406e-05
8.020000000000000000e+02,9.674581087892875075e-05
8.030000000000000000e+02,9.649092680774629116e-05
8.040000000000000000e+02,9.607819083612412214e-05
8.050000000000000000e+02,9.583043720340356231e-05
8.060000000000000000e+02,9.558961028233170509e-05
8.070000000000000000e+02,9.539698658045381308e-05
8.080000000000000000e+02,9.507186041446402669e-05
8.090000000000000000e+02,9.488309297012165189e-05
8.100000000000000000e+02,9.473197133047506213e-05
8.110000000000000000e+02,9.461647277930751443e-05
8.120000000000000000e+02,9.445830801269039512e-05
8.130000000000000000e+02,9.420081914868205786e-05
8.140000000000000000e+02,9.404750016983598471e-05
8.150000000000000000e+02,9.381656855111941695e-05
8.160000000000000000e+02,9.382244024891406298e-05
8.170000000000000000e+02,9.364129073219373822e-05
8.180000000000000000e+02,9.333287744084373116e-05
8.190000000000000000e+02,9.301397949457168579e-05
8.200000000000000000e+02,9.282099927077069879e-05
8.210000000000000000e+02,9.263320680474862456e-05
8.220000000000000000e+02,9.240758663509041071e-05
8.230000000000000000e+02,9.207730909110978246e-05
8.240000000000000000e+02,9.197127656079828739e-05
8.250000000000000000e+02,9.160835907096043229e-05
8.260000000000000000e+02,9.145455260295420885e-05
8.270000000000000000e+02,9.119576134253293276e-05
8.280000000000000000e+02,9.110981045523658395e-05
8.290000000000000000e+02,9.094023698708042502e-05
8.300000000000000000e+02,9.080069867195561528e-05
8.310000000000000000e+02,9.062395110959187150e-05
8.320000000000000000e+02,9.044326725415885448e-05
8.330000000000000000e+02,9.021550067700445652e-05
8.340000000000000000e+02,9.010011854115873575e-05
8.350000000000000000e+02,8.992539369501173496e-05
8.360000000000000000e+02,8.972620707936584949e-05
8.370000000000000000e+02,8.927828457672148943e-05
8.380000000000000000e+02,8.911963959690183401e-05
8.390000000000000000e+02,8.876337233232334256e-05
8.400000000000000000e+02,8.862390677677467465e-05
8.410000000000000000e+02,8.848681318340823054e-05
8.420000000000000000e+02,8.832644380163401365e-05
8.430000000000000000e+02,8.810906729195266962e-05
8.440000000000000000e+02,8.787080150796100497e-05
8.450000000000000000e+02,8.765324309933930635e-05
8.460000000000000000e+02,8.736522431718185544e-05
8.470000000000000000e+02,8.711717964615672827e-05
8.480000000000000000e+02,8.675370190758258104e-05
8.490000000000000000e+02,8.653106488054618239e-05
8.500000000000000000e+02,8.623501344118267298e-05
8.510000000000000000e+02,8.587742922827601433e-05
8.520000000000000000e+02,8.571302169002592564e-05
8.530000000000000000e+02,8.549774793209508061e-05
8.540000000000000000e+02,8.534399239579215646e-05
8.550000000000000000e+02,8.516177331330254674e-05
8.560000000000000000e+02,8.487163722747936845e-05
8.570000000000000000e+02,8.439676457783207297e-05
8.580000000000000000e+02,8.424092811765149236e-05
8.590000000000000000e+02,8.371513831662014127e-05
8.600000000000000000e+02,8.345276000909507275e-05
8.610000000000000000e+02,8.335559687111526728e-05
8.620000000000000000e+02,8.307313692057505250e-05
8.630000000000000000e+02,8.296763553516939282e-05
8.640000000000000000e+02,8.280214387923479080e-05
8.650000000000000000e+02,8.263863855972886086e-05
8.660000000000000000e+02,8.244791388278827071e-05
8.670000000000000000e+02,8.224648627219721675e-05
8.680000000000000000e+02,8.194048132281750441e-05
8.690000000000000000e+02,8.163218444678932428e-05
8.700000000000000000e+02,8.134705421980470419e-05
8.710000000000000000e+02,8.104776497930288315e-05
8.720000000000000000e+02,8.085439912974834442e-05
8.730000000000000000e+02,8.054648787947371602e-05
8.740000000000000000e+02,8.041136607062071562e-05
8.750000000000000000e+02,8.018969674594700336e-05
8.760000000000000000e+02,8.007953147171065211e-05
8.770000000000000000e+02,7.993254985194653273e-05
8.780000000000000000e+02,7.971503509907051921e-05
8.790000000000000000e+02,7.956617628224194050e-05
8.800000000000000000e+02,7.931364234536886215e-05
8.810000000000000000e+02,7.917939365142956376e-05
8.820000000000000000e+02,7.902731158537790179e-05
8.830000000000000000e+02,7.873003778513520956e-05
8.840000000000000000e+02,7.966379780555143952e-05
8.850000000000000000e+02,7.862786151235923171e-05
8.860000000000000000e+02,7.847142114769667387e-05
8.870000000000000000e+02,7.830498361727222800e-05
8.880000000000000000e+02,7.812977855792269111e-05
8.890000000000000000e+02,7.786852802382782102e-05
8.900000000000000000e+02,7.822751649655401707e-05
8.910000000000000000e+02,7.776188431307673454e-05
8.920000000000000000e+02,7.755414117127656937e-05
8.930000000000000000e+02,7.743126479908823967e-05
8.940000000000000000e+02,7.727638148935511708e-05
8.950000000000000000e+02,7.705808093305677176e-05
8.960000000000000000e+02,7.707885379204526544e-05
8.970000000000000000e+02,7.691935752518475056e-05
8.980000000000000000e+02,7.666484452784061432e-05
8.990000000000000000e+02,7.650050974916666746e-05
9.000000000000000000e+02,7.633252243977040052e-05
9.010000000000000000e+02,7.614446076331660151e-05
9.020000000000000000e+02,7.587870641145855188e-05
9.030000000000000000e+02,7.569281297037377954e-05
9.040000000000000000e+02,7.554198964498937130e-05
9.050000000000000000e+02,7.541739614680409431e-05
9.060000000000000000e+02,7.530070433858782053e-05
9.070000000000000000e+02,7.501358049921691418e-05
9.080000000000000000e+02,7.525246473960578442e-05
9.090000000000000000e+02,7.481650391127914190e-05
9.100000000000000000e+02,7.458846812369301915e-05
9.110000000000000000e+02,7.444582297466695309e-05
9.120000000000000000e+02,7.430752884829416871e-05
9.130000000000000000e+02,7.405769429169595242e-05
9.140000000000000000e+02,7.383137563010677695e-05
9.150000000000000000e+02,7.358877337537705898e-05
9.160000000000000000e+02,7.341973832808434963e-05
9.170000000000000000e+02,7.337090937653556466e-05
9.180000000000000000e+02,7.327597995754331350e-05
9.190000000000000000e+02,7.317795825656503439e-05
9.200000000000000000e+02,7.304158498300239444e-05
9.210000000000000000e+02,7.286969776032492518e-05
9.220000000000000000e+02,7.258824189193546772e-05
9.230000000000000000e+02,7.432581332977861166e-05
9.240000000000000000e+02,7.250556518556550145e-05
9.250000000000000000e+02,7.226229354273527861e-05
9.260000000000000000e+02,7.211762567749246955e-05
9.270000000000000000e+02,7.190013275248929858e-05
9.280000000000000000e+02,7.176694634836167097e-05
9.290000000000000000e+02,7.157892105169594288e-05
9.300000000000000000e+02,7.141486275941133499e-05
9.310000000000000000e+02,7.132773316698148847e-05
9.320000000000000000e+02,7.118159555830061436e-05
9.330000000000000000e+02,7.088166603352874517e-05
9.340000000000000000e+02,7.200933760032057762e-05
9.350000000000000000e+02,7.077832560753449798e-05
9.360000000000000000e+02,7.043348159641027451e-05
9.370000000000000000e+02,7.021290366537868977e-05
9.380000000000000000e+02,6.998964090598747134e-05
9.390000000000000000e+02,7.013315916992723942e-05
9.400000000000000000e+02,6.991765258135274053e-05
9.410000000000000000e+02,6.979864701861515641e-05
9.420000000000000000e+02,6.966714863665401936e-05
9.430000000000000000e+02,6.955402204766869545e-05
9.440000000000000000e+02,6.946784560568630695e-05
9.450000000000000000e+02,6.923872570041567087e-05
9.460000000000000000e+02,6.905109330546110868e-05
9.470000000000000000e+02,6.886722985655069351e-05
9.480000000000000000e+02,6.871022924315184355e-05
9.490000000000000000e+02,6.857734115328639746e-05
9.500000000000000000e+02,6.845282041467726231e-05
9.510000000000000000e+02,6.835691601736471057e-05
9.520000000000000000e+02,6.812642095610499382e-05
9.530000000000000000e+02,6.791295891162008047e-05
9.540000000000000000e+02,6.788994505768641829e-05
9.550000000000000000e+02,6.767484592273831367e-05
9.560000000000000000e+02,6.760171527275815606e-05
9.570000000000000000e+02,6.750027387170121074e-05
9.580000000000000000e+02,6.734100315952673554e-05
9.590000000000000000e+02,6.713911716360598803e-05
9.600000000000000000e+02,6.695789488730952144e-05
9.610000000000000000e+02,6.683646643068641424e-05
9.620000000000000000e+02,6.657133053522557020e-05
9.630000000000000000e+02,6.631098949583247304e-05
9.640000000000000000e+02,6.596983439521864057e-05
9.650000000000000000e+02,6.664697866654023528e-05
9.660000000000000000e+02,6.580096669495105743e-05
9.670000000000000000e+02,6.565212970599532127e-05
9.680000000000000000e+02,6.555092113558202982e-05
9.690000000000000000e+02,6.548353121615946293e-05
9.700000000000000000e+02,6.528721132781356573e-05
9.710000000000000000e+02,6.506491627078503370e-05
9.720000000000000000e+02,6.486636266345158219e-05
9.730000000000000000e+02,6.467825733125209808e-05
9.740000000000000000e+02,6.453032256104052067e-05
9.750000000000000000e+02,6.442920130211859941e-05
9.760000000000000000e+02,6.429212953662499785e-05
9.770000000000000000e+02,6.407817272702232003e-05
9.780000000000000000e+02,6.384440348483622074e-05
9.790000000000000000e+02,6.356726953526958823e-05
9.800000000000000000e+02,6.327805749606341124e-05
9.810000000000000000e+02,6.310175376711413264e-05
9.820000000000000000e+02,6.290588498814031482e-05
9.830000000000000000e+02,6.275724445004016161e-05
9.840000000000000000e+02,6.278768705669790506e-05
9.850000000000000000e+02,6.268659490160644054e-05
9.860000000000000000e+02,6.255762127693742514e-05
9.870000000000000000e+02,6.242412200663238764e-05
9.880000000000000000e+02,6.226198456715792418e-05
9.890000000000000000e+02,6.202539225341752172e-05
9.900000000000000000e+02,6.219394708750769496e-05
9.910000000000000000e+02,6.192076398292556405e-05
9.920000000000000000e+02,6.174430745886638761e-05
9.930000000000000000e+02,6.159745680633932352e-05
9.940000000000000000e+02,6.139504694147035480e-05
9.950000000000000000e+02,6.171600398374721408e-05
9.960000000000000000e+02,6.131328700575977564e-05
9.970000000000000000e+02,6.116654549259692430e-05
9.980000000000000000e+02,6.099931124481372535e-05
9.990000000000000000e+02,6.083186963223852217e-05
1.000000000000000000e+03,6.056126221665181220e-05
1.001000000000000000e+03,6.022584420861676335e-05
1.002000000000000000e+03,6.166710227262228727e-05
1.003000000000000000e+03,6.016191400703974068e-05
1.004000000000000000e+03,5.996425898047164083e-05
1.005000000000000000e+03,5.987305485177785158e-05
1.006000000000000000e+03,5.977383261779323220e-05
1.007000000000000000e+03,5.979615525575354695e-05
1.008000000000000000e+03,5.972068902337923646e-05
1.009000000000000000e+03,5.963821968180127442e-05
1.010000000000000000e+03,5.952335777692496777e-05
1.011000000000000000e+03,5.945908924331888556e-05
1.012000000000000000e+03,5.931554915150627494e-05
1.013000000000000000e+03,5.915664587519131601e-05
1.014000000000000000e+03,5.891956243431195617e-05
1.015000000000000000e+03,5.870516906725242734e-05
1.016000000000000000e+03,5.858126314706169069e-05
1.017000000000000000e+03,5.832803071825765073e-05
1.018000000000000000e+03,5.859296288690529764e-05
1.019000000000000000e+03,5.821684680995531380e-05
1.020000000000000000e+03,5.805728869745507836e-05
1.021000000000000000e+03,5.794928802060894668e-05
1.022000000000000000e+03,5.775424142484553158e-05
1.023000000000000000e+03,5.753151344833895564e-05
1.024000000000000000e+03,5.844286715728230774e-05
1.025000000000000000e+03,5.744901864090934396e-05
1.026000000000000000e+03,5.725420851376838982e-05
1.027000000000000000e+03,5.712868733098730445e-05
1.028000000000000000e+03,5.694736319128423929e-05
1.029000000000000000e+03,5.676059299730695784e-05
1.030000000000000000e+03,5.657292786054313183e-05
1.031000000000000000e+03,5.652611798723228276e-05
1.032000000000000000e+03,5.623676042887382209e-05
1.033000000000000000e+03,5.615863847197033465e-05
1.034000000000000000e+03,5.596927439910359681e-05
1.035000000000000000e+03,5.586168117588385940e-05
1.036000000000000000e+03,5.576104013016447425e-05
1.037000000000000000e+03,5.560141653404571116e-05
1.038000000000000000e+03,5.539991252589970827e-05
1.039000000000000000e+03,5.568491906160488725e-05
1.040000000000000000e+03,5.531880742637440562e-05
1.041000000000000000e+03,5.518550824490375817e-05
1.042000000000000000e+03,5.505871740751899779e-05
1.043000000000000000e+03,5.496268204296939075e-05
1.044000000000000000e+03,5.492924901773221791e-05
1.045000000000000000e+03,5.478252205648459494e-05
1.046000000000000000e+03,5.473275086842477322e-05
1.047000000000000000e+03,5.462211993290111423e-05
1.048000000000000000e+03,5.448235242511145771e-05
1.049000000000000000e+03,5.432866964838467538e-05
1.050000000000000000e+03,5.419788794824853539e-05
1.051000000000000000e+03,5.410526864579878747e-05
1.052000000000000000e+03,5.398871871875599027e-05
1.053000000000000000e+03,5.381767914514057338e-05
1.054000000000000000e+03,5.365566175896674395e-05
1.055000000000000000e+03,5.356528708944097161e-05
1.056000000000000000e+03,5.336009417078457773e-05
1.057000000000000000e+03,5.313220026437193155e-05
1.058000000000000000e+03,5.296959352563135326e-05
1.059000000000000000e+03,5.286437954055145383e-05
1.060000000000000000e+03,5.278061507851816714e-05
1.061000000000000000e+03,5.271769623504951596e-05
1.062000000000000000e+03,5.261257319943979383e-05
1.063000000000000000e+03,5.256049553281627595e-05
1.064000000000000000e+03,5.240308746579103172e-05
1.065000000000000000e+03,5.235079515841789544e-05
1.066000000000000000e+03,5.229154703556559980e-05
1.067000000000000000e+03,5.218902879278175533e-05
1.068000000000000000e+03,5.198938742978498340e-05
1.069000000000000000e+03,5.187689021113328636e-05
1.070000000000000000e+03,5.170895019546151161e-05
1.071000000000000000e+03,5.161089939065277576e-05
1.072000000000000000e+03,5.152344601810909808e-05
1.073000000000000000e+03,5.139075437909923494e-05
1.074000000000000000e+03,5.117754335515201092e-05
1.075000000000000000e+03,5.102155046188272536e-05
1.076000000000000000e+03,5.085195152787491679e-05
1.077000000000000000e+03,5.066299490863457322e-05
1.078000000000000000e+03,5.048100865678861737e-05
1.079000000000000000e+03,5.014961425331421196e-05
1.080000000000000000e+03,5.000125020160339773e-05
1.081000000000000000e+03,4.977568460162729025e-05
1.082000000000000000e+03,4.954161340720020235e-05
1.083000000000000000e+03,4.936918776365928352e-05
1.084000000000000000e+03,4.916460602544248104e-05
1.085000000000000000e+03,4.907018592348322272e-05
1.086000000000000000e+03,4.897530743619427085e-05
1.087000000000000000e+03,4.885661473963409662e-05
1.088000000000000000e+03,4.875049853581003845e-05
1.089000000000000000e+03,4.852816346101462841e-05
1.090000000000000000e+03,4.828809323953464627e-05
1.091000000000000000e+03,4.813165651285089552e-05
1.092000000000000000e+03,4.798778536496683955e-05
1.093000000000000000e+03,4.782629548572003841e-05
1.094000000000000000e+03,4.766479105455800891e-05
1.095000000000000000e+03,4.742024975712411106e-05
1.096000000000000000e+03,4.725756662082858384e-05
1.097000000000000000e+03,4.712681766250170767e-05
1.098000000000000000e+03,4.695582174463197589e-05
1.099000000000000000e+03,4.683362203650176525e-05
1.100000000000000000e+03,4.667492612497881055e-05
1.101000000000000000e+03,4.654310032492503524e-05
1.102000000000000000e+03,4.643511056201532483e-05
1.103000000000000000e+03,4.629266550182364881e-05
1.104000000000000000e+03,4.611590338754467666e-05
1.105000000000000000e+03,4.606597576639614999e-05
1.106000000000000000e+03,4.593276389641687274e-05
1.107000000000000000e+03,4.588933734339661896e-05
1.108000000000000000e+03,4.577548679662868381e-05
1.109000000000000000e+03,4.565605559037066996e-05
1.110000000000000000e+03,4.554081897367723286e-05
1.111000000000000000e+03,4.543788963928818703e-05
1.112000000000000000e+03,4.534691470325924456e-05
1.113000000000000000e+03,4.525252370513044298e-05
1.114000000000000000e+03,4.511411680141463876e-05
1.115000000000000000e+03,4.502181036514230072e-05
1.116000000000000000e+03,4.489511411520652473e-05
1.117000000000000000e+03,4.481457290239632130e-05
1.118000000000000000e+03,4.473523586057126522e-05
1.119000000000000000e+03,4.467309918254613876e-05
1.120000000000000000e+03,4.451665154192596674e-05
1.121000000000000000e+03,4.427755266078747809e-05
1.122000000000000000e+03,4.432570858625695109e-05
1.123000000000000000e+03,4.415172588778659701e-05
1.124000000000000000e+03,4.398798773763701320e-05
1.125000000000000000e+03,4.391754919197410345e-05
1.126000000000000000e+03,4.383824125397950411e-05
1.127000000000000000e+03,4.372377952677197754e-05
1.128000000000000000e+03,4.360037200967781246e-05
1.129000000000000000e+03,4.351204188424162567e-05
1.130000000000000000e+03,4.335981066105887294e-05
1.131000000000000000e+03,4.320538209867663682e-05
1.132000000000000000e+03,4.316780177759937942e-05
1.133000000000000000e+03,4.294584869057871401e-05
1.134000000000000000e+03,4.286565672373399138e-05
1.135000000000000000e+03,4.274602906662039459e-05
1.136000000000000000e+03,4.255038948031142354e-05
1.137000000000000000e+03,4.246886237524449825e-05
1.138000000000000000e+03,4.207688107271678746e-05
1.139000000000000000e+03,4.196165536995977163e-05
1.140000000000000000e+03,4.187656304566189647e-05
1.141000000000000000e+03,4.180620817351154983e-05
1.142000000000000000e+03,4.165666177868843079e-05
1.143000000000000000e+03,4.150243330514058471e-05
1.144000000000000000e+03,4.137910582358017564e-05
1.145000000000000000e+03,4.124041515751741827e-05
1.146000000000000000e+03,4.107745553483255208e-05
1.147000000000000000e+03,4.095130134373903275e-05
1.148000000000000000e+03,4.083690510015003383e-05
1.149000000000000000e+03,4.070526847499422729e-05
1.150000000000000000e+03,4.056785110151395202e-05
1.151000000000000000e+03,4.044246816192753613e-05
1.152000000000000000e+03,4.029673073091544211e-05
1.153000000000000000e+03,4.018115578219294548e-05
1.154000000000000000e+03,4.038228871650062501e-05
1.155000000000000000e+03,4.007674942840822041e-05
1.156000000000000000e+03,3.990006007370539010e-05
1.157000000000000000e+03,3.981307600042782724e-05
1.158000000000000000e+03,3.970698890043422580e-05
1.159000000000000000e+03,3.966118674725294113e-05
1.160000000000000000e+03,3.956692307838238776e-05
1.161000000000000000e+03,3.950773680116981268e-05
1.162000000000000000e+03,3.940455644624307752e-05
1.163000000000000000e+03,3.927647048840299249e-05
1.164000000000000000e+03,3.915679917554371059e-05
1.165000000000000000e+03,3.902573007508181036e-05
1.166000000000000000e+03,3.897028000210411847e-05
1.167000000000000000e+03,3.886693230015225708e-05
1.168000000000000000e+03,3.875440233969129622e-05
1.169000000000000000e+03,3.868064959533512592e-05
1.170000000000000000e+03,3.855736576952040195e-05
1.171000000000000000e+03,3.844672392006032169e-05
1.172000000000000000e+03,3.832066795439459383e-05
1.173000000000000000e+03,3.826118336291983724e-05
1.174000000000000000e+03,3.803684012382291257e-05
1.175000000000000000e+03,3.794822259806096554e-05
1.176000000000000000e+03,3.782349813263863325e-05
1.177000000000000000e+03,3.771959018195047975e-05
1.178000000000000000e+03,3.760326944757252932e-05
1.179000000000000000e+03,3.751984695554710925e-05
1.180000000000000000e+03,3.741556793102063239e-05
1.181000000000000000e+03,3.737390215974301100e-05
1.182000000000000000e+03,3.725792703335173428e-05
1.183000000000000000e+03,3.718657535500824451e-05
1.184000000000000000e+03,3.712585385073907673e-05
1.185000000000000000e+03,3.700327215483412147e-05
1.186000000000000000e+03,3.676780397654511034e-05
1.187000000000000000e+03,3.682446549646556377e-05
1.188000000000000000e+03,3.659317371784709394e-05
1.189000000000000000e+03,3.641597868409007788e-05
1.190000000000000000e+03,3.621260475483722985e-05
1.191000000000000000e+03,3.612854925449937582e-05
1.192000000000000000e+03,3.597162503865547478e-05
1.193000000000000000e+03,3.593911242205649614e-05
1.194000000000000000e+03,3.577835741452872753e-05
1.195000000000000000e+03,3.570906119421124458e-05
1.196000000000000000e+03,3.560765617294237018e-05
1.197000000000000000e+03,3.547095548128709197e-05
1.198000000000000000e+03,3.534474308253265917e-05
1.199000000000000000e+03,3.519463643897324800e-05
1.200000000000000000e+03,3.511719478410668671e-05
1.201000000000000000e+03,3.500055026961490512e-05
1.202000000000000000e+03,3.487558569759130478e-05
1.203000000000000000e+03,3.473120887065306306e-05
1.204000000000000000e+03,3.454830948612652719e-05
1.205000000000000000e+03,3.441427907091565430e-05
1.206000000000000000e+03,3.425790782785043120e-05
1.207000000000000000e+03,3.412563819438219070e-05
1.208000000000000000e+03,3.400796776986680925e-05
1.209000000000000000e+03,3.390766869415529072e-05
1.210000000000000000e+03,3.384251613169908524e-05
1.211000000000000000e+03,3.368063335074111819e-05
1.212000000000000000e+03,3.351952909724786878e-05
1.213000000000000000e+03,3.364178701303899288e-05
1.214000000000000000e+03,3.345463119330815971e-05
1.215000000000000000e+03,3.335172004881314933e-05
1.216000000000000000e+03,3.323754208395257592e-05
1.217000000000000000e+03,3.312473927508108318e-05
1.218000000000000000e+03,3.299071613582782447e-05
1.219000000000000000e+03,3.345387813169509172e-05
1.220000000000000000e+03,3.292870678706094623e-05
1.221000000000000000e+03,3.281679892097599804e-05
1.222000000000000000e+03,3.267449574195779860e-05
1.223000000000000000e+03,3.253999602748081088e-05
1.224000000000000000e+03,3.248051143600605428e-05
1.225000000000000000e+03,3.236946940887719393e-05
1.226000000000000000e+03,3.231909795431420207e-05
1.227000000000000000e+03,3.220774669898673892e-05
1.228000000000000000e+03,3.207055488019250333e-05
1.229000000000000000e+03,3.186815592925995588e-05
1.230000000000000000e+03,3.193125667166896164e-05
1.231000000000000000e+03,3.174832818331196904e-05
1.232000000000000000e+03,3.159619518555700779e-05
1.233000000000000000e+03,3.146168819512240589e-05
1.234000000000000000e+03,3.130473487544804811e-05
1.235000000000000000e+03,3.117802771157585084e-05
1.236000000000000000e+03,3.109437238890677691e-05
1.237000000000000000e+03,3.096921500400640070e-05
1.238000000000000000e+03,3.090781683567911386e-05
1.239000000000000000e+03,3.083577030338346958e-05
1.240000000000000000e+03,3.068832302233204246e-05
1.241000000000000000e+03,3.049950646527577192e-05
1.242000000000000000e+03,3.037662463611923158e-05
1.243000000000000000e+03,3.026404920092318207e-05
1.244000000000000000e+03,3.016461778315715492e-05
1.245000000000000000e+03,3.004474638146348298e-05
1.246000000000000000e+03,3.002398625540081412e-05
1.247000000000000000e+03,2.992159716086462140e-05
1.248000000000000000e+03,2.987245534313842654e-05
1.249000000000000000e+03,2.979159944516140968e-05
1.250000000000000000e+03,2.971367575810290873e-05
1.251000000000000000e+03,2.963491169793996960e-05
1.252000000000000000e+03,2.952359864138998091e-05
1.253000000000000000e+03,2.943914478237275034e-05
1.254000000000000000e+03,2.938249417638871819e-05
1.255000000000000000e+03,2.927067544078454375e-05
1.256000000000000000e+03,2.918599238910246640e-05
1.257000000000000000e+03,2.909587055910378695e-05
1.258000000000000000e+03,2.895121360779739916e-05
1.259000000000000000e+03,2.877935185097157955e-05
1.260000000000000000e+03,2.869368472602218390e-05
1.261000000000000000e+03,2.855812090274412185e-05
1.262000000000000000e+03,2.851885619747918099e-05
1.263000000000000000e+03,2.844324080797377974e-05
1.264000000000000000e+03,2.841096465999726206e-05
1.265000000000000000e+03,2.822138958435971290e-05
1.266000000000000000e+03,2.816073538269847631e-05
1.267000000000000000e+03,2.804774339892901480e-05
1.268000000000000000e+03,2.804489668051246554e-05
1.269000000000000000e+03,2.798828427330590785e-05
1.270000000000000000e+03,2.792392297124024481e-05
1.271000000000000000e+03,2.780083741527050734e-05
1.272000000000000000e+03,2.769645107036922127e-05
1.273000000000000000e+03,2.762950134638231248e-05
1.274000000000000000e+03,2.750837847997900099e-05
1.275000000000000000e+03,2.745192068687174469e-05
1.276000000000000000e+03,2.737529212026856840e-05
1.277000000000000000e+03,2.730772575887385756e-05
1.278000000000000000e+03,2.724766454775817692e-05
1.279000000000000000e+03,2.717288225539959967e-05
1.280000000000000000e+03,2.710866283450741321e-05
1.281000000000000000e+03,2.702901292650494725e-05
1.282000000000000000e+03,2.691456757020205259e-05
1.283000000000000000e+03,2.684982973732985556e-05
1.284000000000000000e+03,2.670042158570140600e-05
1.285000000000000000e+03,2.659365600266028196e-05
1.286000000000000000e+03,2.642641084094066173e-05
1.287000000000000000e+03,2.631912866490893066e-05
1.288000000000000000e+03,2.618854705360718071e-05
1.289000000000000000e+03,2.610672345326747745e-05
1.290000000000000000e+03,2.599529034341685474e-05
1.291000000000000000e+03,2.591627890069503337e-05
1.292000000000000000e+03,2.580032924015540630e-05
1.293000000000000000e+03,2.570542710600420833e-05
1.294000000000000000e+03,2.562697227403987199e-05
1.295000000000000000e+03,2.554762068029958755e-05
1.296000000000000000e+03,2.549906457716133446e-05
1.297000000000000000e+03,2.545495590311475098e-05
1.298000000000000000e+03,2.535332350817043334e-05
1.299000000000000000e+03,2.522197974030859768e-05
1.300000000000000000e+03,2.510822196200024337e-05
1.301000000000000000e+03,2.503584619262255728e-05
1.302000000000000000e+03,2.496728666301351041e-05
1.303000000000000000e+03,2.490778751962352544e-05
1.304000000000000000e+03,2.478694295859895647e-05
1.305000000000000000e+03,2.467796548444312066e-05
1.306000000000000000e+03,2.457905065966770053e-05
1.307000000000000000e+03,2.450844112900085747e-05
1.308000000000000000e+03,2.447652695991564542e-05
1.309000000000000000e+03,2.444915844534989446e-05
1.310000000000000000e+03,2.441676042508333921e-05
1.311000000000000000e+03,2.434769703540951014e-05
1.312000000000000000e+03,2.423113073746208102e-05
1.313000000000000000e+03,2.441662763885688037e-05
1.314000000000000000e+03,2.418105214019306004e-05
1.315000000000000000e+03,2.409153967164456844e-05
1.316000000000000000e+03,2.402839709247928113e-05
1.317000000000000000e+03,2.394949115114286542e-05
1.318000000000000000e+03,2.382634920650161803e-05
1.319000000000000000e+03,2.410381057416088879e-05
1.320000000000000000e+03,2.377599776082206517e-05
1.321000000000000000e+03,2.367999695707112551e-05
1.322000000000000000e+03,2.364432657486759126e-05
1.323000000000000000e+03,2.359158315812237561e-05
1.324000000000000000e+03,2.355690594413317740e-05
1.325000000000000000e+03,2.351020884816534817e-05
1.326000000000000000e+03,2.343741289223544300e-05
1.327000000000000000e+03,2.334684722882229835e-05
1.328000000000000000e+03,2.328392838535364717e-05
1.329000000000000000e+03,2.321068313904106617e-05
1.330000000000000000e+03,2.315650453965645283e-05
1.331000000000000000e+03,2.311084790562745184e-05
1.332000000000000000e+03,2.302121538377832621e-05
1.333000000000000000e+03,2.292111639690119773e-05
1.334000000000000000e+03,2.285372102051042020e-05
1.335000000000000000e+03,2.278289866808336228e-05
1.336000000000000000e+03,2.271911580464802682e-05
1.337000000000000000e+03,2.265111288579646498e-05
1.338000000000000000e+03,2.260022483824286610e-05
1.339000000000000000e+03,2.253774073324166238e-05
1.340000000000000000e+03,2.247990596515592188e-05
1.341000000000000000e+03,2.241091169707942754e-05
1.342000000000000000e+03,2.233110353699885309e-05
1.343000000000000000e+03,2.224745549028739333e-05
1.344000000000000000e+03,2.221582144557032734e-05
1.345000000000000000e+03,2.215584572695661336e-05
1.346000000000000000e+03,2.212507752119563520e-05
1.347000000000000000e+03,2.208579098805785179e-05
1.348000000000000000e+03,2.202166433562524617e-05
1.349000000000000000e+03,2.206834869866725057e-05
1.350000000000000000e+03,2.198481342929881066e-05
1.351000000000000000e+03,2.192356805608142167e-05
1.352000000000000000e+03,2.188658436352852732e-05
1.353000000000000000e+03,2.183945252909325063e-05
1.354000000000000000e+03,2.177472197217866778e-05
1.355000000000000000e+03,2.173727443732786924e-05
1.356000000000000000e+03,2.167319325963035226e-05
1.357000000000000000e+03,2.164152647310402244e-05
1.358000000000000000e+03,2.158696588594466448e-05
1.359000000000000000e+03,2.149667852791026235e-05
1.360000000000000000e+03,2.146334372810088098e-05
1.361000000000000000e+03,2.139918251486960799e-05
1.362000000000000000e+03,2.134452188329305500e-05
1.363000000000000000e+03,2.131354267476126552e-05
1.364000000000000000e+03,2.126594699802808464e-05
1.365000000000000000e+03,2.119548480550292879e-05
1.366000000000000000e+03,2.108356602548155934e-05
1.367000000000000000e+03,2.115806637448258698e-05
1.368000000000000000e+03,2.101875907101202756e-05
1.369000000000000000e+03,2.094246519845910370e-05
1.370000000000000000e+03,2.087732536892872304e-05
1.371000000000000000e+03,2.082804530800785869e-05
1.372000000000000000e+03,2.077564749924931675e-05
1.373000000000000000e+03,2.068511275865603238e-05
1.374000000000000000e+03,2.055518780252896249e-05
1.375000000000000000e+03,2.069209767796564847e-05
1.376000000000000000e+03,2.049898284894879907e-05
1.377000000000000000e+03,2.041786683548707515e-05
1.378000000000000000e+03,2.037901322182733566e-05
1.379000000000000000e+03,2.035025681834667921e-05
1.380000000000000000e+03,2.031042822636663914e-05
1.381000000000000000e+03,2.025187313847709447e-05
1.382000000000000000e+03,2.020492320298217237e-05
1.383000000000000000e+03,2.013687844737432897e-05
1.384000000000000000e+03,2.009321360674221069e-05
1.385000000000000000e+03,2.004418274736963212e-05
1.386000000000000000e+03,1.997902472794521600e-05
1.387000000000000000e+03,1.991907447518315166e-05
1.388000000000000000e+03,1.988628355320543051e-05
1.389000000000000000e+03,1.985487870115321130e-05
1.390000000000000000e+03,1.979766420845407993e-05
1.391000000000000000e+03,1.971957681234925985e-05
1.392000000000000000e+03,1.963830982276704162e-05
1.393000000000000000e+03,1.960282315849326551e-05
1.394000000000000000e+03,1.953697392309550196e-05
1.395000000000000000e+03,1.950589467014651746e-05
1.396000000000000000e+03,1.946109478012658656e-05
1.397000000000000000e+03,1.940979745995718986e-05
1.398000000000000000e+03,1.935910950123798102e-05
1.399000000000000000e+03,1.932447230501566082e-05
1.400000000000000000e+03,1.929225436470005661e-05
1.401000000000000000e+03,1.926036748045589775e-05
1.402000000000000000e+03,1.922030969581101090e-05
1.403000000000000000e+03,1.916213841468561441e-05
1.404000000000000000e+03,1.934742613229900599e-05
1.405000000000000000e+03,1.914194763230625540e-05
1.406000000000000000e+03,1.910316132125444710e-05
1.407000000000000000e+03,1.905764111143071204e-05
1.408000000000000000e+03,1.898258415167219937e-05
1.409000000000000000e+03,1.891076499305199832e-05
1.410000000000000000e+03,1.901337782328482717e-05
1.411000000000000000e+03,1.889086888695601374e-05
1.412000000000000000e+03,1.884459015855100006e-05
1.413000000000000000e+03,1.882091419247444719e-05
1.414000000000000000e+03,1.877027534646913409e-05
1.415000000000000000e+03,1.870694359240587801e-05
1.416000000000000000e+03,1.863032412074971944e-05
1.417000000000000000e+03,1.862038152466993779e-05
1.418000000000000000e+03,1.856166454672347754e-05
1.419000000000000000e+03,1.855063965194858611e-05
1.420000000000000000e+03,1.853609683166723698e-05
1.421000000000000000e+03,1.850758962973486632e-05
1.422000000000000000e+03,1.845328915806021541e-05
1.423000000000000000e+03,1.855934533523395658e-05
1.424000000000000000e+03,1.842919664341025054e-05
1.425000000000000000e+03,1.838013304222840816e-05
1.426000000000000000e+03,1.838641401263885200e-05
1.427000000000000000e+03,1.835789407778065652e-05
1.428000000000000000e+03,1.833176065701991320e-05
1.429000000000000000e+03,1.830070323194377124e-05
1.430000000000000000e+03,1.826443985919468105e-05
1.431000000000000000e+03,1.820466786739416420e-05
1.432000000000000000e+03,1.832637644838541746e-05
1.433000000000000000e+03,1.818842429202049971e-05
1.434000000000000000e+03,1.815487303247209638e-05
1.435000000000000000e+03,1.813553899410180748e-05
1.436000000000000000e+03,1.810423054848797619e-05
1.437000000000000000e+03,1.805567444534972310e-05
1.438000000000000000e+03,1.810643152566626668e-05
1.439000000000000000e+03,1.803111808840185404e-05
1.440000000000000000e+03,1.799570964067243040e-05
1.441000000000000000e+03,1.797134063963312656e-05
1.442000000000000000e+03,1.794369563867803663e-05
1.443000000000000000e+03,1.791212343960069120e-05
1.444000000000000000e+03,1.788006375136319548e-05
1.445000000000000000e+03,1.784544474503491074e-05
1.446000000000000000e+03,1.782173239917028695e-05
1.447000000000000000e+03,1.779212470864877105e-05
1.448000000000000000e+03,1.776371209416538477e-05
1.449000000000000000e+03,1.774359407136216760e-05
1.450000000000000000e+03,1.772980431269388646e-05
1.451000000000000000e+03,1.768378388078417629e-05
1.452000000000000000e+03,1.766522291291039437e-05
1.453000000000000000e+03,1.761165185598656535e-05
1.454000000000000000e+03,1.759139377099927515e-05
1.455000000000000000e+03,1.756099118210840970e-05
1.456000000000000000e+03,1.755272751324810088e-05
1.457000000000000000e+03,1.751544732542242855e-05
1.458000000000000000e+03,1.749468174239154905e-05
1.459000000000000000e+03,1.747470560076180845e-05
1.460000000000000000e+03,1.744869587128050625e-05
1.461000000000000000e+03,1.739749677653890103e-05
1.462000000000000000e+03,1.749120565364137292e-05
1.463000000000000000e+03,1.737443199090193957e-05
1.464000000000000000e+03,1.733968019834719598e-05
1.465000000000000000e+03,1.730659278109669685e-05
1.466000000000000000e+03,1.727988092170562595e-05
1.467000000000000000e+03,1.725944093777798116e-05
1.468000000000000000e+03,1.722280467220116407e-05
1.469000000000000000e+03,1.721375701890792698e-05
1.470000000000000000e+03,1.717726991046220064e-05
1.471000000000000000e+03,1.715072357910685241e-05
1.472000000000000000e+03,1.711968434392474592e-05
1.473000000000000000e+03,1.708258241706062108e-05
1.474000000000000000e+03,1.701155815680976957e-05
1.475000000000000000e+03,1.726285518088843673e-05
1.476000000000000000e+03,1.699407403066288680e-05
1.477000000000000000e+03,1.693916055955924094e-05
1.478000000000000000e+03,1.691266879788599908e-05
1.479000000000000000e+03,1.687485200818628073e-05
1.480000000000000000e+03,1.683306618360802531e-05
1.481000000000000000e+03,1.675434941716957837e-05
1.482000000000000000e+03,1.671959398663602769e-05
1.483000000000000000e+03,1.666697426117025316e-05
1.484000000000000000e+03,1.664211595198139548e-05
1.485000000000000000e+03,1.661116766626946628e-05
1.486000000000000000e+03,1.651432103244587779e-05
1.487000000000000000e+03,1.644108124310150743e-05
1.488000000000000000e+03,1.639489528315607458e-05
1.489000000000000000e+03,1.638745743548497558e-05
1.490000000000000000e+03,1.633583633520174772e-05
1.491000000000000000e+03,1.630643964745104313e-05
1.492000000000000000e+03,1.625443474040366709e-05
1.493000000000000000e+03,1.619936483621131629e-05
1.494000000000000000e+03,1.619969589228276163e-05
1.495000000000000000e+03,1.615984911040868610e-05
1.496000000000000000e+03,1.609773426025640219e-05
1.497000000000000000e+03,1.607018748472910374e-05
1.498000000000000000e+03,1.604445060365833342e-05
1.499000000000000000e+03,1.601393523742444813e-05
1.500000000000000000e+03,1.599803545104805380e-05
1.501000000000000000e+03,1.597453592694364488e-05
1.502000000000000000e+03,1.595561661815736443e-05
1.503000000000000000e+03,1.591797808941919357e-05
1.504000000000000000e+03,1.589253224665299058e-05
1.505000000000000000e+03,1.587654878676403314e-05
1.506000000000000000e+03,1.586130201758351177e-05
1.507000000000000000e+03,1.583874109201133251e-05
1.508000000000000000e+03,1.579047966515645385e-05
1.509000000000000000e+03,1.582569711899850518e-05
1.510000000000000000e+03,1.577304283273406327e-05
1.511000000000000000e+03,1.574331872689072043e-05
1.512000000000000000e+03,1.572078508615959436e-05
1.513000000000000000e+03,1.570350286783650517e-05
1.514000000000000000e+03,1.568021434650290757e-05
1.515000000000000000e+03,1.565587444929406047e-05
1.516000000000000000e+03,1.559431984787806869e-05
1.517000000000000000e+03,1.556463575980160385e-05
1.518000000000000000e+03,1.550945853523444384e-05
1.519000000000000000e+03,1.547703686810564250e-05
1.520000000000000000e+03,1.545533450553193688e-05
1.521000000000000000e+03,1.544110637041740119e-05
1.522000000000000000e+03,1.542357131256721914e-05
1.523000000000000000e+03,1.541111487313173711e-05
1.524000000000000000e+03,1.538747528684325516e-05
1.525000000000000000e+03,1.537345087854191661e-05
1.526000000000000000e+03,1.535959017928689718e-05
1.527000000000000000e+03,1.533262548036873341e-05
1.528000000000000000e+03,1.546858948131557554e-05
1.529000000000000000e+03,1.532081296318210661e-05
1.530000000000000000e+03,1.529611108708195388e-05
1.531000000000000000e+03,1.528171378595288843e-05
1.532000000000000000e+03,1.527825224911794066e-05
1.533000000000000000e+03,1.526147207187023014e-05
1.534000000000000000e+03,1.525310290162451565e-05
1.535000000000000000e+03,1.523997889307793230e-05
1.536000000000000000e+03,1.522614638815866783e-05
1.537000000000000000e+03,1.519472334621241316e-05
1.538000000000000000e+03,1.521982539998134598e-05
1.539000000000000000e+03,1.517887540103401989e-05
1.540000000000000000e+03,1.516172869742149487e-05
1.541000000000000000e+03,1.514780069555854425e-05
1.542000000000000000e+03,1.513546703790780157e-05
1.543000000000000000e+03,1.510898800916038454e-05
1.544000000000000000e+03,1.507651995780179277e-05
1.545000000000000000e+03,1.515965868748025969e-05
1.546000000000000000e+03,1.506529315520310774e-05
1.547000000000000000e+03,1.504570536781102419e-05
1.548000000000000000e+03,1.503305611549876630e-05
1.549000000000000000e+03,1.501661517977481708e-05
1.550000000000000000e+03,1.499628433521138504e-05
1.551000000000000000e+03,1.500758116890210658e-05
1.552000000000000000e+03,1.498548681411193684e-05
1.553000000000000000e+03,1.496618551755091175e-05
1.554000000000000000e+03,1.495310516475001350e-05
1.555000000000000000e+03,1.494117350375745445e-05
1.556000000000000000e+03,1.492535739089362323e-05
1.557000000000000000e+03,1.489521855546627194e-05
1.558000000000000000e+03,1.497163793828804046e-05
1.559000000000000000e+03,1.488043380959425122e-05
1.560000000000000000e+03,1.485649681853828952e-05
1.561000000000000000e+03,1.484094900661148131e-05
1.562000000000000000e+03,1.482270363339921460e-05
1.563000000000000000e+03,1.480184619140345603e-05
1.564000000000000000e+03,1.477777914260514081e-05
1.565000000000000000e+03,1.474849250371335074e-05
1.566000000000000000e+03,1.473455995437689126e-05
1.567000000000000000e+03,1.469914150220574811e-05
1.568000000000000000e+03,1.466235789848724380e-05
1.569000000000000000e+03,1.462466389057226479e-05
1.570000000000000000e+03,1.460865132685285062e-05
1.571000000000000000e+03,1.459752002119785175e-05
1.572000000000000000e+03,1.458510269003454596e-05
1.573000000000000000e+03,1.456515747122466564e-05
1.574000000000000000e+03,1.454852554161334410e-05
1.575000000000000000e+03,1.450972740713041276e-05
1.576000000000000000e+03,1.448330840503331274e-05
1.577000000000000000e+03,1.446115675207693130e-05
1.578000000000000000e+03,1.444640201953006908e-05
1.579000000000000000e+03,1.443325254513183609e-05
1.580000000000000000e+03,1.441245422029169276e-05
1.581000000000000000e+03,1.448799775971565396e-05
1.582000000000000000e+03,1.440363212168449536e-05
1.583000000000000000e+03,1.438131312170298770e-05
1.584000000000000000e+03,1.435939793736906722e-05
1.585000000000000000e+03,1.433560555597068742e-05
1.586000000000000000e+03,1.430847532901680097e-05
1.587000000000000000e+03,1.429095846106065437e-05
1.588000000000000000e+03,1.424323363607982174e-05
1.589000000000000000e+03,1.422127752448432148e-05
1.590000000000000000e+03,1.419645832356764004e-05
1.591000000000000000e+03,1.422322111466201022e-05
1.592000000000000000e+03,1.418928513885475695e-05
1.593000000000000000e+03,1.417958173988154158e-05
1.594000000000000000e+03,1.415949736838229001e-05
1.595000000000000000e+03,1.414097368979128078e-05
1.596000000000000000e+03,1.411840639775618911e-05
1.597000000000000000e+03,1.411706762155517936e-05
1.598000000000000000e+03,1.410350341757293791e-05
1.599000000000000000e+03,1.408805383107392117e-05
1.600000000000000000e+03,1.406290266459109262e-05
1.601000000000000000e+03,1.403874011884909123e-05
1.602000000000000000e+03,1.398792392137693241e-05
1.603000000000000000e+03,1.423238973075058311e-05
1.604000000000000000e+03,1.397679261572193354e-05
1.605000000000000000e+03,1.394281662214780226e-05
1.606000000000000000e+03,1.391560726915486157e-05
1.607000000000000000e+03,1.388195141771575436e-05
1.608000000000000000e+03,1.384729330311529338e-05
1.609000000000000000e+03,1.383479866490233690e-05
1.610000000000000000e+03,1.379552486469037831e-05
1.611000000000000000e+03,1.377722310280660167e-05
1.612000000000000000e+03,1.376473028358304873e-05
1.613000000000000000e+03,1.373087434330955148e-05
1.614000000000000000e+03,1.376960699417395517e-05
1.615000000000000000e+03,1.372057158732786775e-05
1.616000000000000000e+03,1.370183781546074897e-05
1.617000000000000000e+03,1.367692220810567960e-05
1.618000000000000000e+03,1.365005209663650021e-05
1.619000000000000000e+03,1.362541024718666449e-05
1.620000000000000000e+03,1.361998874926939607e-05
1.621000000000000000e+03,1.359107500320533291e-05
1.622000000000000000e+03,1.358083500235807151e-05
1.623000000000000000e+03,1.355808035441441461e-05
1.624000000000000000e+03,1.352875369775574654e-05
1.625000000000000000e+03,1.349448575638234615e-05
1.626000000000000000e+03,1.353563038719585165e-05
1.627000000000000000e+03,1.347379657090641558e-05
1.628000000000000000e+03,1.345018154097488150e-05
1.629000000000000000e+03,1.342455743724713102e-05
1.630000000000000000e+03,1.340705784969031811e-05
1.631000000000000000e+03,1.338215133728226647e-05
1.632000000000000000e+03,1.336245532002067193e-05
1.633000000000000000e+03,1.334156513621564955e-05
1.634000000000000000e+03,1.330742270511109382e-05
1.635000000000000000e+03,1.336274453933583573e-05
1.636000000000000000e+03,1.329283077211584896e-05
1.637000000000000000e+03,1.326025449088774621e-05
1.638000000000000000e+03,1.323045762546826154e-05
1.639000000000000000e+03,1.319980037806089967e-05
1.640000000000000000e+03,1.316497582593001425e-05
1.641000000000000000e+03,1.339711252512643114e-05
1.642000000000000000e+03,1.315355711994925514e-05
1.643000000000000000e+03,1.312361473537748680e-05
1.644000000000000000e+03,1.309999515797244385e-05
1.645000000000000000e+03,1.307633556280052289e-05
1.646000000000000000e+03,1.305564910580869764e-05
1.647000000000000000e+03,1.303838780586374924e-05
1.648000000000000000e+03,1.301365682593313977e-05
1.649000000000000000e+03,1.299696850765030831e-05
1.650000000000000000e+03,1.298492679779883474e-05
1.651000000000000000e+03,1.297529615840176120e-05
1.652000000000000000e+03,1.296941627515479922e-05
1.653000000000000000e+03,1.296030768571654335e-05
1.654000000000000000e+03,1.295118636335246265e-05
1.655000000000000000e+03,1.292988235945813358e-05
1.656000000000000000e+03,1.297028029512148350e-05
1.657000000000000000e+03,1.292228080274071544e-05
1.658000000000000000e+03,1.290440559387207031e-05
1.659000000000000000e+03,1.288561179535463452e-05
1.660000000000000000e+03,1.285967391595477238e-05
1.661000000000000000e+03,1.284522841160651296e-05
1.662000000000000000e+03,1.282640369026921690e-05
1.663000000000000000e+03,1.281522327190032229e-05
1.664000000000000000e+03,1.279805474041495472e-05
1.665000000000000000e+03,1.277725368709070608e-05
1.666000000000000000e+03,1.274444730370305479e-05
1.667000000000000000e+03,1.276541661354713142e-05
1.668000000000000000e+03,1.272593726753257215e-05
1.669000000000000000e+03,1.270204211323289201e-05
1.670000000000000000e+03,1.268630330741871148e-05
1.671000000000000000e+03,1.267518655367894098e-05
1.672000000000000000e+03,1.265907030756352469e-05
1.673000000000000000e+03,1.264410639123525470e-05
1.674000000000000000e+03,1.263605099666165188e-05
1.675000000000000000e+03,1.261680608877213672e-05
1.676000000000000000e+03,1.258989232155727223e-05
1.677000000000000000e+03,1.257971689483383670e-05
1.678000000000000000e+03,1.255787447007605806e-05
1.679000000000000000e+03,1.254865674127358943e-05
1.680000000000000000e+03,1.253707705473061651e-05
1.681000000000000000e+03,1.251332741958322003e-05
1.682000000000000000e+03,1.248097578354645520e-05
1.683000000000000000e+03,1.247176260221749544e-05
1.684000000000000000e+03,1.245209114131284878e-05
1.685000000000000000e+03,1.244635495822876692e-05
1.686000000000000000e+03,1.243994938704418018e-05
1.687000000000000000e+03,1.242605321749579161e-05
1.688000000000000000e+03,1.240351775777526200e-05
1.689000000000000000e+03,1.239156063093105331e-05
1.690000000000000000e+03,1.237117703567491844e-05
1.691000000000000000e+03,1.236203297594329342e-05
1.692000000000000000e+03,1.235272247868124396e-05
1.693000000000000000e+03,1.234185037901625037e-05
1.694000000000000000e+03,1.232878457813058048e-05
1.695000000000000000e+03,1.231368878507055342e-05
1.696000000000000000e+03,1.230396628670860082e-05
1.697000000000000000e+03,1.228213841386605054e-05
1.698000000000000000e+03,1.232617159985238686e-05
1.699000000000000000e+03,1.227595839736750349e-05
1.700000000000000000e+03,1.225791584147373214e-05
1.701000000000000000e+03,1.224171683134045452e-05
1.702000000000000000e+03,1.222373612108640373e-05
1.703000000000000000e+03,1.221039019583258778e-05
1.704000000000000000e+03,1.218372017319779843e-05
1.705000000000000000e+03,1.238397089764475822e-05
1.706000000000000000e+03,1.217843509948579594e-05
1.707000000000000000e+03,1.215511292684823275e-05
1.708000000000000000e+03,1.213680207001743838e-05
1.709000000000000000e+03,1.211770631925901398e-05
1.710000000000000000e+03,1.210035679832799360e-05
1.711000000000000000e+03,1.208729281643172726e-05
1.712000000000000000e+03,1.205472199217183515e-05
1.713000000000000000e+03,1.203586271003587171e-05
1.714000000000000000e+03,1.202353269036393613e-05
1.715000000000000000e+03,1.199929556605638936e-05
1.716000000000000000e+03,1.198849440697813407e-05
1.717000000000000000e+03,1.197785331896739081e-05
1.718000000000000000e+03,1.196453740703873336e-05
1.719000000000000000e+03,1.195756976812845096e-05
1.720000000000000000e+03,1.195116510643856600e-05
1.721000000000000000e+03,1.193264233734225854e-05
1.722000000000000000e+03,1.192810395878041163e-05
1.723000000000000000e+03,1.189461545436643064e-05
1.724000000000000000e+03,1.188089117931667715e-05
1.725000000000000000e+03,1.186827557830838487e-05
1.726000000000000000e+03,1.185384280688595027e-05
1.727000000000000000e+03,1.185473684017779306e-05
1.728000000000000000e+03,1.184094890049891546e-05
1.729000000000000000e+03,1.182513642561389133e-05
1.730000000000000000e+03,1.181839525088435039e-05
1.731000000000000000e+03,1.180311028292635456e-05
1.732000000000000000e+03,1.181485458801034838e-05
1.733000000000000000e+03,1.179677838081261143e-05
1.734000000000000000e+03,1.178719321615062654e-05
1.735000000000000000e+03,1.177459125756286085e-05
1.736000000000000000e+03,1.175708621303783730e-05
1.737000000000000000e+03,1.173427517642267048e-05
1.738000000000000000e+03,1.169603274320252240e-05
1.739000000000000000e+03,1.184609936899505556e-05
1.740000000000000000e+03,1.168502240034285933e-05
1.741000000000000000e+03,1.166594665846787393e-05
1.742000000000000000e+03,1.165006415249081329e-05
1.743000000000000000e+03,1.163069282483775169e-05
1.744000000000000000e+03,1.160881674877600744e-05
1.745000000000000000e+03,1.158275881607551128e-05
1.746000000000000000e+03,1.156561847892589867e-05
1.747000000000000000e+03,1.155461359303444624e-05
1.748000000000000000e+03,1.153939774667378515e-05
1.749000000000000000e+03,1.153114862972870469e-05
1.750000000000000000e+03,1.151713331637438387e-05
1.751000000000000000e+03,1.150282878370489925e-05
1.752000000000000000e+03,1.153640187112614512e-05
1.753000000000000000e+03,1.149444869952276349e-05
1.754000000000000000e+03,1.147968941950239241e-05
1.755000000000000000e+03,1.146560316556133330e-05
1.756000000000000000e+03,1.144220641435822472e-05
1.757000000000000000e+03,1.146051999967312440e-05
1.758000000000000000e+03,1.143365534517215565e-05
1.759000000000000000e+03,1.141550910688238218e-05
1.760000000000000000e+03,1.139920914283720776e-05
1.761000000000000000e+03,1.138174775405786932e-05
1.762000000000000000e+03,1.136151149694342166e-05
1.763000000000000000e+03,1.136828905146103352e-05
1.764000000000000000e+03,1.134969443228328601e-05
1.765000000000000000e+03,1.132370380219072104e-05
1.766000000000000000e+03,1.130692999140592292e-05
1.767000000000000000e+03,1.129052452597534284e-05
1.768000000000000000e+03,1.128248095483286306e-05
1.769000000000000000e+03,1.127167615777580068e-05
1.770000000000000000e+03,1.126579172705532983e-05
1.771000000000000000e+03,1.125773815147113055e-05
1.772000000000000000e+03,1.125230846810154617e-05
1.773000000000000000e+03,1.124561913457000628e-05
1.774000000000000000e+03,1.123522633861284703e-05
1.775000000000000000e+03,1.122637058870168403e-05
1.776000000000000000e+03,1.120764773077098653e-05
1.777000000000000000e+03,1.130744203692302108e-05
1.778000000000000000e+03,1.120305387303233147e-05
1.779000000000000000e+03,1.119128683058079332e-05
1.780000000000000000e+03,1.118014915846288204e-05
1.781000000000000000e+03,1.116096336772898212e-05
1.782000000000000000e+03,1.114725910156266764e-05
1.783000000000000000e+03,1.113487815018743277e-05
1.784000000000000000e+03,1.112150584958726540e-05
1.785000000000000000e+03,1.111064739234279841e-05
1.786000000000000000e+03,1.109882032324094325e-05
1.787000000000000000e+03,1.108154356188606471e-05
1.788000000000000000e+03,1.107587195292580873e-05
1.789000000000000000e+03,1.106783747673034668e-05
1.790000000000000000e+03,1.106383570004254580e-05
1.791000000000000000e+03,1.105230603570817038e-05
1.792000000000000000e+03,1.104673810914391652e-05
1.793000000000000000e+03,1.104019611375406384e-05
1.794000000000000000e+03,1.102982423617504537e-05
1.795000000000000000e+03,1.100939334719441831e-05
1.796000000000000000e+03,1.101862744690151885e-05
1.797000000000000000e+03,1.100088320526992902e-05
1.798000000000000000e+03,1.099384462577290833e-05
1.799000000000000000e+03,1.098588381864828989e-05
1.800000000000000000e+03,1.097568474506260827e-05
1.801000000000000000e+03,1.095606876333476976e-05
1.802000000000000000e+03,1.094381514121778309e-05
1.803000000000000000e+03,1.092143702408066019e-05
1.804000000000000000e+03,1.091022477339720353e-05
1.805000000000000000e+03,1.090025216399226338e-05
1.806000000000000000e+03,1.089373108698055148e-05
1.807000000000000000e+03,1.088474164134822786e-05
1.808000000000000000e+03,1.087948203348787501e-05
1.809000000000000000e+03,1.087415967049309984e-05
1.810000000000000000e+03,1.087023429136024788e-05
1.811000000000000000e+03,1.086638530978234485e-05
1.812000000000000000e+03,1.085639632947277278e-05
1.813000000000000000e+03,1.085292751668021083e-05
1.814000000000000000e+03,1.084662108041811734e-05
1.815000000000000000e+03,1.083296046999748796e-05
1.816000000000000000e+03,1.082089056581025943e-05
1.817000000000000000e+03,1.081345089914975688e-05
1.818000000000000000e+03,1.080433321476448327e-05
1.819000000000000000e+03,1.082006383512634784e-05
1.820000000000000000e+03,1.079930552805308253e-05
1.821000000000000000e+03,1.079099365597357973e-05
1.822000000000000000e+03,1.077870456356322393e-05
1.823000000000000000e+03,1.076997978088911623e-05
1.824000000000000000e+03,1.076161879609571770e-05
1.825000000000000000e+03,1.074835745384916663e-05
1.826000000000000000e+03,1.074020838132128119e-05
1.827000000000000000e+03,1.073050316335866228e-05
1.828000000000000000e+03,1.071672977559501305e-05
1.829000000000000000e+03,1.074356896424433216e-05
1.830000000000000000e+03,1.070861799234990031e-05
1.831000000000000000e+03,1.069602330971974880e-05
1.832000000000000000e+03,1.068212441168725491e-05
1.833000000000000000e+03,1.065975448000244796e-05
1.834000000000000000e+03,1.069339577952632681e-05
1.835000000000000000e+03,1.065399010258261114e-05
1.836000000000000000e+03,1.064233038050588220e-05
1.837000000000000000e+03,1.063183481164742261e-05
1.838000000000000000e+03,1.061446255334885791e-05
1.839000000000000000e+03,1.059858186636120081e-05
1.840000000000000000e+03,1.058865655068075284e-05
1.841000000000000000e+03,1.057552071870304644e-05
1.842000000000000000e+03,1.056918881658930331e-05
1.843000000000000000e+03,1.056218479789094999e-05
1.844000000000000000e+03,1.055700886354316026e-05
1.845000000000000000e+03,1.054718086379580200e-05
1.846000000000000000e+03,1.054215317708440125e-05
1.847000000000000000e+03,1.053593859978718683e-05
1.848000000000000000e+03,1.053556661645416170e-05
1.849000000000000000e+03,1.053137111739488319e-05
1.850000000000000000e+03,1.052368861564900726e-05
1.851000000000000000e+03,1.051403341989498585e-05
1.852000000000000000e+03,1.050037553795846179e-05
1.853000000000000000e+03,1.050031914928695187e-05
1.854000000000000000e+03,1.049463935487437993e-05
1.855000000000000000e+03,1.048383819579612464e-05
1.856000000000000000e+03,1.047268688125768676e-05
1.857000000000000000e+03,1.046216948452638462e-05
1.858000000000000000e+03,1.045254884957103059e-05
1.859000000000000000e+03,1.043980591930449009e-05
1.860000000000000000e+03,1.043560314428759739e-05
1.861000000000000000e+03,1.042271833284758031e-05
1.862000000000000000e+03,1.041589348460547626e-05
1.863000000000000000e+03,1.040512506733648479e-05
1.864000000000000000e+03,1.039917788148159161e-05
1.865000000000000000e+03,1.038782011164585128e-05
1.866000000000000000e+03,1.038111804518848658e-05
1.867000000000000000e+03,1.037371384882135317e-05
1.868000000000000000e+03,1.036252342601073906e-05
1.869000000000000000e+03,1.035130298987496644e-05
1.870000000000000000e+03,1.034151955536799505e-05
1.871000000000000000e+03,1.032943237078143284e-05
1.872000000000000000e+03,1.032471755024744198e-05
1.873000000000000000e+03,1.031913143378915265e-05
1.874000000000000000e+03,1.031555711961118504e-05
1.875000000000000000e+03,1.030837029247777537e-05
1.876000000000000000e+03,1.029849954647943377e-05
1.877000000000000000e+03,1.029386839945800602e-05
1.878000000000000000e+03,1.028380393108818680e-05
1.879000000000000000e+03,1.028001497616060078e-05
1.880000000000000000e+03,1.027641883410979062e-05
1.881000000000000000e+03,1.026857353281229734e-05
1.882000000000000000e+03,1.027774487738497555e-05
1.883000000000000000e+03,1.026307654683478177e-05
1.884000000000000000e+03,1.025158053380437195e-05
1.885000000000000000e+03,1.023991080728592351e-05
1.886000000000000000e+03,1.023104050545953214e-05
1.887000000000000000e+03,1.022054766508517787e-05
1.888000000000000000e+03,1.020288891595555469e-05
1.889000000000000000e+03,1.023696404445217922e-05
1.890000000000000000e+03,1.019714909489266574e-05
1.891000000000000000e+03,1.018281909637153149e-05
1.892000000000000000e+03,1.017457088892115280e-05
1.893000000000000000e+03,1.016597616398939863e-05
1.894000000000000000e+03,1.015463203657418489e-05
1.895000000000000000e+03,1.013711516861803830e-05
1.896000000000000000e+03,1.012623761198483407e-05
1.897000000000000000e+03,1.011330914479913190e-05
1.898000000000000000e+03,1.010448067972902209e-05
1.899000000000000000e+03,1.008633807941805571e-05
1.900000000000000000e+03,1.006274032988585532e-05
1.901000000000000000e+03,1.012897882901597768e-05
1.902000000000000000e+03,1.005467311188112944e-05
1.903000000000000000e+03,1.003869147098157555e-05
1.904000000000000000e+03,1.003066881821723655e-05
1.905000000000000000e+03,1.002104090730426833e-05
1.906000000000000000e+03,1.000705287879100069e-05
1.907000000000000000e+03,9.997193956223782152e-06
1.908000000000000000e+03,9.988727470044977963e-06
1.909000000000000000e+03,9.982359188143163919e-06
1.910000000000000000e+03,9.974133718060329556e-06
1.911000000000000000e+03,9.969741768145468086e-06
1.912000000000000000e+03,9.945320925908163190e-06
1.913000000000000000e+03,9.939342817233409733e-06
1.914000000000000000e+03,9.924239748215768486e-06
1.915000000000000000e+03,9.904048965836409479e-06
1.916000000000000000e+03,9.885694453259930015e-06
1.917000000000000000e+03,9.870483154372777790e-06
1.918000000000000000e+03,9.856994438450783491e-06
1.919000000000000000e+03,9.847835826803930104e-06
1.920000000000000000e+03,9.838347068580333143e-06
1.921000000000000000e+03,9.832039722823537886e-06
1.922000000000000000e+03,9.824706467043142766e-06
1.923000000000000000e+03,9.818264516070485115e-06
1.924000000000000000e+03,9.807029528019484133e-06
1.925000000000000000e+03,9.793334356800187379e-06
1.926000000000000000e+03,9.775631042430177331e-06
1.927000000000000000e+03,9.771717486728448421e-06
1.928000000000000000e+03,9.759411113918758929e-06
1.929000000000000000e+03,9.753941412782296538e-06
1.930000000000000000e+03,9.743618647917173803e-06
1.931000000000000000e+03,9.726198186399415135e-06
1.932000000000000000e+03,9.708079232950694859e-06
1.933000000000000000e+03,9.698016583570279181e-06
1.934000000000000000e+03,9.685876648291014135e-06
1.935000000000000000e+03,9.676567970018368214e-06
1.936000000000000000e+03,9.663718628871720284e-06
1.937000000000000000e+03,9.640958523959852755e-06
1.938000000000000000e+03,9.773381862032692879e-06
1.939000000000000000e+03,9.637109542381949723e-06
1.940000000000000000e+03,9.622596735425759107e-06
1.941000000000000000e+03,9.610066626919433475e-06
1.942000000000000000e+03,9.590181434759870172e-06
1.943000000000000000e+03,9.569896974426228553e-06
1.944000000000000000e+03,9.604491424397565424e-06
1.945000000000000000e+03,9.558270903653465211e-06
1.946000000000000000e+03,9.537692676531150937e-06
1.947000000000000000e+03,9.527790098218247294e-06
1.948000000000000000e+03,9.517742910247761756e-06
1.949000000000000000e+03,9.510293239145539701e-06
1.950000000000000000e+03,9.500990927335806191e-06
1.951000000000000000e+03,9.494000551057979465e-06
1.952000000000000000e+03,9.478924766881391406e-06
1.953000000000000000e+03,9.481933375354856253e-06
1.954000000000000000e+03,9.473773388890549541e-06
1.955000000000000000e+03,9.464865797781385481e-06
1.956000000000000000e+03,9.455687177251093090e-06
1.957000000000000000e+03,9.455180588702205569e-06
1.958000000000000000e+03,9.451395271753426641e-06
1.959000000000000000e+03,9.444625902688130736e-06
1.960000000000000000e+03,9.438325832888949662e-06
1.961000000000000000e+03,9.430953468836378306e-06
1.962000000000000000e+03,9.424477866559755057e-06
1.963000000000000000e+03,9.411981409357395023e-06
1.964000000000000000e+03,9.437909284315537661e-06
1.965000000000000000e+03,9.407992365595418960e-06
1.966000000000000000e+03,9.396626410307362676e-06
1.967000000000000000e+03,9.384390068589709699e-06
1.968000000000000000e+03,9.370888619741890579e-06
1.969000000000000000e+03,9.362597666040528566e-06
1.970000000000000000e+03,9.357107956020627171e-06
1.971000000000000000e+03,9.351428161608055234e-06
1.972000000000000000e+03,9.343296369479503483e-06
1.973000000000000000e+03,9.326124200015328825e-06
1.974000000000000000e+03,9.305531420977786183e-06
1.975000000000000000e+03,9.293494258599821478e-06
1.976000000000000000e+03,9.285347005061339587e-06
1.977000000000000000e+03,9.276322998630348593e-06
1.978000000000000000e+03,9.271937415178399533e-06
1.979000000000000000e+03,9.265254448109772056e-06
1.980000000000000000e+03,9.256136763724498451e-06
1.981000000000000000e+03,9.242343367077410221e-06
1.982000000000000000e+03,9.279716323362663388e-06
1.983000000000000000e+03,9.237704034603666514e-06
1.984000000000000000e+03,9.229520401277113706e-06
1.985000000000000000e+03,9.224663699569646269e-06
1.986000000000000000e+03,9.218591003445908427e-06
1.987000000000000000e+03,9.211225915350951254e-06
1.988000000000000000e+03,9.204764864989556372e-06
1.989000000000000000e+03,9.198056432069279253e-06
1.990000000000000000e+03,9.191984645440243185e-06
1.991000000000000000e+03,9.186718671116977930e-06
1.992000000000000000e+03,9.172586942440830171e-06
1.993000000000000000e+03,9.236036021320614964e-06
1.994000000000000000e+03,9.168368706014007330e-06
1.995000000000000000e+03,9.155652151093818247e-06
1.996000000000000000e+03,9.142354429059196264e-06
1.997000000000000000e+03,9.133174899034202099e-06
1.998000000000000000e+03,9.125880751525983214e-06
1.999000000000000000e+03,9.123118616116698831e-06
2.000000000000000000e+03,9.111976396525278687e-06
2.001000000000000000e+03,9.108102858590427786e-06
2.002000000000000000e+03,9.101603609451558441e-06
2.003000000000000000e+03,9.097015208681114018e-06
2.004000000000000000e+03,9.090266757993958890e-06
2.005000000000000000e+03,9.083801160159055144e-06
2.006000000000000000e+03,9.074347872228827327e-06
2.007000000000000000e+03,9.086686077353078872e-06
2.008000000000000000e+03,9.069526640814729035e-06
2.009000000000000000e+03,9.061672244570218027e-06
2.010000000000000000e+03,9.053043868334498256e-06
2.011000000000000000e+03,9.040969416673760861e-06
2.012000000000000000e+03,9.058685463969595730e-06
2.013000000000000000e+03,9.037083145813085139e-06
2.014000000000000000e+03,9.030381988850422204e-06
2.015000000000000000e+03,9.026100087794475257e-06
2.016000000000000000e+03,9.022140147862955928e-06
2.017000000000000000e+03,9.019285243994090706e-06
2.018000000000000000e+03,9.010856047098059207e-06
2.019000000000000000e+03,9.002475962915923446e-06
2.020000000000000000e+03,8.984357918961904943e-06
2.021000000000000000e+03,9.009329005493782461e-06
2.022000000000000000e+03,8.979226549854502082e-06
2.023000000000000000e+03,8.964661901700310409e-06
2.024000000000000000e+03,8.951698873715940863e-06
2.025000000000000000e+03,8.934975085139740258e-06
2.026000000000000000e+03,8.920325853978283703e-06
2.027000000000000000e+03,8.910340511647518724e-06
2.028000000000000000e+03,8.896350664144847542e-06
2.029000000000000000e+03,8.884632734407205135e-06
2.030000000000000000e+03,8.866612915880978107e-06
2.031000000000000000e+03,8.865138624969404191e-06
2.032000000000000000e+03,8.857575267029460520e-06
2.033000000000000000e+03,8.848156539897900075e-06
2.034000000000000000e+03,8.838393114274367690e-06
2.035000000000000000e+03,8.831119885144289583e-06
2.036000000000000000e+03,8.822659765428397804e-06
2.037000000000000000e+03,8.816457921057008207e-06
2.038000000000000000e+03,8.803955097391735762e-06
2.039000000000000000e+03,8.796231668384280056e-06
2.040000000000000000e+03,8.783346856944262981e-06
2.041000000000000000e+03,8.777049515629187226e-06
2.042000000000000000e+03,8.770212843955960125e-06
2.043000000000000000e+03,8.763369805819820613e-06
2.044000000000000000e+03,8.750535926083102822e-06
2.045000000000000000e+03,8.758830517763271928e-06
2.046000000000000000e+03,8.747028914513066411e-06
2.047000000000000000e+03,8.741666533751413226e-06
2.048000000000000000e+03,8.735665687709115446e-06
2.049000000000000000e+03,8.727986823942046613e-06
2.050000000000000000e+03,8.723756764084100723e-06
2.051000000000000000e+03,8.717737728147767484e-06
2.052000000000000000e+03,8.714583600522018969e-06
2.053000000000000000e+03,8.707657798368018121e-06
2.054000000000000000e+03,8.698282726982142776e-06
2.055000000000000000e+03,8.689263268024660647e-06
2.056000000000000000e+03,8.676889592607039958e-06
2.057000000000000000e+03,8.717967830307316035e-06
2.058000000000000000e+03,8.674452146806288511e-06
2.059000000000000000e+03,8.670261195220518857e-06
2.060000000000000000e+03,8.661050742375664413e-06
2.061000000000000000e+03,8.654225894133560359e-06
2.062000000000000000e+03,8.647997674415819347e-06
2.063000000000000000e+03,8.641579370305407792e-06
2.064000000000000000e+03,8.628678187960758805e-06
2.065000000000000000e+03,8.617772436991799623e-06
2.066000000000000000e+03,8.612338206148706377e-06
2.067000000000000000e+03,8.593163329351227731e-06
2.068000000000000000e+03,8.588393029640428722e-06
2.069000000000000000e+03,8.581426300224848092e-06
2.070000000000000000e+03,8.574375897296704352e-06
2.071000000000000000e+03,8.567392796976491809e-06
2.072000000000000000e+03,8.561613867641426623e-06
2.073000000000000000e+03,8.557990440749563277e-06
2.074000000000000000e+03,8.555209205951541662e-06
2.075000000000000000e+03,8.552908184356056154e-06
2.076000000000000000e+03,8.544721822545398027e-06
2.077000000000000000e+03,8.547020115656778216e-06
2.078000000000000000e+03,8.542444447812158614e-06
2.079000000000000000e+03,8.538577276340220124e-06
2.080000000000000000e+03,8.531168532499577850e-06
2.081000000000000000e+03,8.523249562131240964e-06
2.082000000000000000e+03,8.510831321473233402e-06
2.083000000000000000e+03,8.519241418980527669e-06
2.084000000000000000e+03,8.504800462105777115e-06
2.085000000000000000e+03,8.498162060277536511e-06
2.086000000000000000e+03,8.493274435750208795e-06
2.087000000000000000e+03,8.489320862281601876e-06
2.088000000000000000e+03,8.478860763716511428e-06
2.089000000000000000e+03,8.478854397253599018e-06
2.090000000000000000e+03,8.474092282995115966e-06
2.091000000000000000e+03,8.465668543067295104e-06
2.092000000000000000e+03,8.461116522084921598e-06
2.093000000000000000e+03,8.455171155219431967e-06
2.094000000000000000e+03,8.446941137663088739e-06
2.095000000000000000e+03,8.448068001598585397e-06
2.096000000000000000e+03,8.442075341008603573e-06
2.097000000000000000e+03,8.434401024715043604e-06
2.098000000000000000e+03,8.430418347415979952e-06
2.099000000000000000e+03,8.425530722888652235e-06
2.100000000000000000e+03,8.419728146691340953e-06
2.101000000000000000e+03,8.411650924244895577e-06
2.102000000000000000e+03,8.403949323110282421e-06
2.103000000000000000e+03,8.396754310524556786e-06
2.104000000000000000e+03,8.392505151277873665e-06
2.105000000000000000e+03,8.388644346268847585e-06
2.106000000000000000e+03,8.382684427488129586e-06
2.107000000000000000e+03,8.377118319913279265e-06
2.108000000000000000e+03,8.364035238628275692e-06
2.109000000000000000e+03,8.389941285713575780e-06
2.110000000000000000e+03,8.360208994417916983e-06
2.111000000000000000e+03,8.353027624252717942e-06
2.112000000000000000e+03,8.347792572749312967e-06
2.113000000000000000e+03,8.343028639501426369e-06
2.114000000000000000e+03,8.336328392033465207e-06
2.115000000000000000e+03,8.346023605554364622e-06
2.116000000000000000e+03,8.332419383805245161e-06
2.117000000000000000e+03,8.326717761519830674e-06
2.118000000000000000e+03,8.320966117025818676e-06
2.119000000000000000e+03,8.315950253745540977e-06
2.120000000000000000e+03,8.306359632115345448e-06
2.121000000000000000e+03,8.316008461406454444e-06
2.122000000000000000e+03,8.302091373479925096e-06
2.123000000000000000e+03,8.293343853438273072e-06
2.124000000000000000e+03,8.284458999696653336e-06
2.125000000000000000e+03,8.271679689642041922e-06
2.126000000000000000e+03,8.261538823717273772e-06
2.127000000000000000e+03,8.253955456893891096e-06
2.128000000000000000e+03,8.244992386607918888e-06
2.129000000000000000e+03,8.235745553974993527e-06
2.130000000000000000e+03,8.221380085160490125e-06
2.131000000000000000e+03,8.210700798372272402e-06
2.132000000000000000e+03,8.203906872950028628e-06
2.133000000000000000e+03,8.198106115742120892e-06
2.134000000000000000e+03,8.190349035430699587e-06
2.135000000000000000e+03,8.181278644769918174e-06
2.136000000000000000e+03,8.173854439519345760e-06
2.137000000000000000e+03,8.170272849383763969e-06
2.138000000000000000e+03,8.164197424775920808e-06
2.139000000000000000e+03,8.154075658239889890e-06
2.140000000000000000e+03,8.143299965013284236e-06
2.141000000000000000e+03,8.132954462780617177e-06
2.142000000000000000e+03,8.129648449539672583e-06
2.143000000000000000e+03,8.122515282593667507e-06
2.144000000000000000e+03,8.117292964016087353e-06
2.145000000000000000e+03,8.110125236271414906e-06
2.146000000000000000e+03,8.101457751763518900e-06
2.147000000000000000e+03,8.117557626974303275e-06
2.148000000000000000e+03,8.097527825157158077e-06
2.149000000000000000e+03,8.091274139587767422e-06
2.150000000000000000e+03,8.086156412900891155e-06
2.151000000000000000e+03,8.076986887317616493e-06
2.152000000000000000e+03,8.065243491728324443e-06
2.153000000000000000e+03,8.050461474340409040e-06
2.154000000000000000e+03,8.037864063226152211e-06
2.155000000000000000e+03,8.028841875784564763e-06
2.156000000000000000e+03,8.019512279133778065e-06
2.157000000000000000e+03,8.007371434359811246e-06
2.158000000000000000e+03,7.996221938810776919e-06
2.159000000000000000e+03,7.982494025782216340e-06
2.160000000000000000e+03,7.975662811077199876e-06
2.161000000000000000e+03,7.970466867845971137e-06
2.162000000000000000e+03,7.963008101796731353e-06
2.163000000000000000e+03,7.954223292472306639e-06
2.164000000000000000e+03,7.949531209305860102e-06
2.165000000000000000e+03,7.945841389300767332e-06
2.166000000000000000e+03,7.938774615467991680e-06
2.167000000000000000e+03,7.942519914649892598e-06
2.168000000000000000e+03,7.934157110867090523e-06
2.169000000000000000e+03,7.926851139927748591e-06
2.170000000000000000e+03,7.920162715890910476e-06
2.171000000000000000e+03,7.913652552815619856e-06
2.172000000000000000e+03,7.905299753474537283e-06
2.173000000000000000e+03,7.894722330092918128e-06
2.174000000000000000e+03,7.885591912781819701e-06
2.175000000000000000e+03,7.867126441851723939e-06
2.176000000000000000e+03,7.858576282160356641e-06
2.177000000000000000e+03,7.847172128094825894e-06
2.178000000000000000e+03,7.836425538698676974e-06
2.179000000000000000e+03,7.821777217031922191e-06
2.180000000000000000e+03,7.823670785001013428e-06
2.181000000000000000e+03,7.815105163899715990e-06
2.182000000000000000e+03,7.804961569490842521e-06
2.183000000000000000e+03,7.796588761266320944e-06
2.184000000000000000e+03,7.787218237353954464e-06
2.185000000000000000e+03,7.784557055856566876e-06
2.186000000000000000e+03,7.777810424158815295e-06
2.187000000000000000e+03,7.775187441438902169e-06
2.188000000000000000e+03,7.770516276650596410e-06
2.189000000000000000e+03,7.762769200780894607e-06
2.190000000000000000e+03,7.755372280371375382e-06
2.191000000000000000e+03,7.750265467620920390e-06
2.192000000000000000e+03,7.747588824713602662e-06
2.193000000000000000e+03,7.742585694359149784e-06
2.194000000000000000e+03,7.734608516329899430e-06
2.195000000000000000e+03,7.726367584837134928e-06
2.196000000000000000e+03,7.718868801021017134e-06
2.197000000000000000e+03,7.710039426456205547e-06
2.198000000000000000e+03,7.703724804741796106e-06
2.199000000000000000e+03,7.697094588365871459e-06
2.200000000000000000e+03,7.688984624110162258e-06
2.201000000000000000e+03,7.682152499910444021e-06
2.202000000000000000e+03,7.686158824071753770e-06
2.203000000000000000e+03,7.679280315642245114e-06
2.204000000000000000e+03,7.675442248000763357e-06
2.205000000000000000e+03,7.671864295843988657e-06
2.206000000000000000e+03,7.663074029551353306e-06
2.207000000000000000e+03,7.651169653399847448e-06
2.208000000000000000e+03,7.634061148564796895e-06
2.209000000000000000e+03,7.670257218705955893e-06
2.210000000000000000e+03,7.630060281371697783e-06
2.211000000000000000e+03,7.623432793479878455e-06
2.212000000000000000e+03,7.619524694746360183e-06
2.213000000000000000e+03,7.616676612087758258e-06
2.214000000000000000e+03,7.610029115312499925e-06
2.215000000000000000e+03,7.622116754646413028e-06
2.216000000000000000e+03,7.607019597344333306e-06
2.217000000000000000e+03,7.599631771881831810e-06
2.218000000000000000e+03,7.592573638248723000e-06
2.219000000000000000e+03,7.586321316921385005e-06
2.220000000000000000e+03,7.579870725749060512e-06
2.221000000000000000e+03,7.574117262265644968e-06
2.222000000000000000e+03,7.569199624413158745e-06
2.223000000000000000e+03,7.563465260318480432e-06
2.224000000000000000e+03,7.558922334283124655e-06
2.225000000000000000e+03,7.562575319752795622e-06
2.226000000000000000e+03,7.555318006779998541e-06
2.227000000000000000e+03,7.548935627710307017e-06
2.228000000000000000e+03,7.545627795479958877e-06
2.229000000000000000e+03,7.540554634033469483e-06
2.230000000000000000e+03,7.539558282587677240e-06
2.231000000000000000e+03,7.534707947343122214e-06
2.232000000000000000e+03,7.531984920206014067e-06
2.233000000000000000e+03,7.529897175118094310e-06
2.234000000000000000e+03,7.526697118009906262e-06
2.235000000000000000e+03,7.518939582951134071e-06
2.236000000000000000e+03,7.520447525166673586e-06
2.237000000000000000e+03,7.513882337661925703e-06
2.238000000000000000e+03,7.508119779231492430e-06
2.239000000000000000e+03,7.500743777200113982e-06
2.240000000000000000e+03,7.496200396417407319e-06
2.241000000000000000e+03,7.489921244996367022e-06
2.242000000000000000e+03,7.482718501705676317e-06
2.243000000000000000e+03,7.477154667867580429e-06
2.244000000000000000e+03,7.475118309230310842e-06
2.245000000000000000e+03,7.468284820788539946e-06
2.246000000000000000e+03,7.464697773684747517e-06
2.247000000000000000e+03,7.459592779923696071e-06
2.248000000000000000e+03,7.462657777068670839e-06
2.249000000000000000e+03,7.456612365785986185e-06
2.250000000000000000e+03,7.451754754583816975e-06
2.251000000000000000e+03,7.444334642059402540e-06
2.252000000000000000e+03,7.439221462846035138e-06
2.253000000000000000e+03,7.433956852764822543e-06
2.254000000000000000e+03,7.432788606820395216e-06
2.255000000000000000e+03,7.424751856888178736e-06
2.256000000000000000e+03,7.420790097967255861e-06
2.257000000000000000e+03,7.414249921566806734e-06
2.258000000000000000e+03,7.406324129988206550e-06
2.259000000000000000e+03,7.424664545396808535e-06
2.260000000000000000e+03,7.402250048471614718e-06
2.261000000000000000e+03,7.395400189125211909e-06
2.262000000000000000e+03,7.390923656203085557e-06
2.263000000000000000e+03,7.385185199382249266e-06
2.264000000000000000e+03,7.379572707577608526e-06
2.265000000000000000e+03,7.371795163635397330e-06
2.266000000000000000e+03,7.366792942775646225e-06
2.267000000000000000e+03,7.361767984548350796e-06
2.268000000000000000e+03,7.351725344051374123e-06
2.269000000000000000e+03,7.348127837758511305e-06
2.270000000000000000e+03,7.343143352045444772e-06
2.271000000000000000e+03,7.337129318329971284e-06
2.272000000000000000e+03,7.327422281377948821e-06
2.273000000000000000e+03,7.340140655287541449e-06
2.274000000000000000e+03,7.323046247620368376e-06
2.275000000000000000e+03,7.318783445953158662e-06
2.276000000000000000e+03,7.311914941965369508e-06
2.277000000000000000e+03,7.302494395844405517e-06
2.278000000000000000e+03,7.309463398996740580e-06
2.279000000000000000e+03,7.296262083400506526e-06
2.280000000000000000e+03,7.286558229679940268e-06
2.281000000000000000e+03,7.277976692421361804e-06
2.282000000000000000e+03,7.271915819728747010e-06
2.283000000000000000e+03,7.262948201969265938e-06
2.284000000000000000e+03,7.260452093760250136e-06
2.285000000000000000e+03,7.252760042320005596e-06
2.286000000000000000e+03,7.249164355016546324e-06
2.287000000000000000e+03,7.243334493978181854e-06
2.288000000000000000e+03,7.241699677251745015e-06
2.289000000000000000e+03,7.230564278870588169e-06
2.290000000000000000e+03,7.225420176837360486e-06
2.291000000000000000e+03,7.218554401333676651e-06
2.292000000000000000e+03,7.207554517663083971e-06
2.293000000000000000e+03,7.216441645141458139e-06
2.294000000000000000e+03,7.200826530606718734e-06
2.295000000000000000e+03,7.191145414253696799e-06
2.296000000000000000e+03,7.186071798059856519e-06
2.297000000000000000e+03,7.176867256930563599e-06
2.298000000000000000e+03,7.174652182584395632e-06
2.299000000000000000e+03,7.166941486502764747e-06
2.300000000000000000e+03,7.161599569371901453e-06
2.301000000000000000e+03,7.156823357945540920e-06
2.302000000000000000e+03,7.149895282054785639e-06
2.303000000000000000e+03,7.154881132009904832e-06
2.304000000000000000e+03,7.145176823541987687e-06
2.305000000000000000e+03,7.136002295737853274e-06
2.306000000000000000e+03,7.131747679522959515e-06
2.307000000000000000e+03,7.128342986106872559e-06
2.308000000000000000e+03,7.126328455342445523e-06
2.309000000000000000e+03,7.122647730284370482e-06
2.310000000000000000e+03,7.120182544895214960e-06
2.311000000000000000e+03,7.115098924259655178e-06
2.312000000000000000e+03,7.106787052180152386e-06
2.313000000000000000e+03,7.127977369236759841e-06
2.314000000000000000e+03,7.103122698026709259e-06
2.315000000000000000e+03,7.094460670487023890e-06
2.316000000000000000e+03,7.088914571795612574e-06
2.317000000000000000e+03,7.083002401486737654e-06
2.318000000000000000e+03,7.076468136801850051e-06
2.319000000000000000e+03,7.070150786603335291e-06
2.320000000000000000e+03,7.061857104417867959e-06
2.321000000000000000e+03,7.053487024677451700e-06
2.322000000000000000e+03,7.046094651741441339e-06
2.323000000000000000e+03,7.042218840069836006e-06
2.324000000000000000e+03,7.034663212834857404e-06
2.325000000000000000e+03,7.032168014120543376e-06
2.326000000000000000e+03,7.029536391200963408e-06
2.327000000000000000e+03,7.026673756627133116e-06
2.328000000000000000e+03,7.020621069386834279e-06
2.329000000000000000e+03,7.011887646513059735e-06
2.330000000000000000e+03,7.002355687291128561e-06
2.331000000000000000e+03,6.993398073973366991e-06
2.332000000000000000e+03,6.987904725974658504e-06
2.333000000000000000e+03,6.983801540627609938e-06
2.334000000000000000e+03,6.981988917686976492e-06
2.335000000000000000e+03,6.977391876716865227e-06
2.336000000000000000e+03,6.972573828534223139e-06
2.337000000000000000e+03,6.968741217860952020e-06
2.338000000000000000e+03,6.961129656701814383e-06
2.339000000000000000e+03,6.954570835659978911e-06
2.340000000000000000e+03,6.940783350728452206e-06
2.341000000000000000e+03,6.933857548574451357e-06
2.342000000000000000e+03,6.925995421624975279e-06
2.343000000000000000e+03,6.920054602232994512e-06
2.344000000000000000e+03,6.912969638506183401e-06
2.345000000000000000e+03,6.908219347678823397e-06
2.346000000000000000e+03,6.903867415530839935e-06
2.347000000000000000e+03,6.899432719364995137e-06
2.348000000000000000e+03,6.890125405334401876e-06
2.349000000000000000e+03,6.880067303427495062e-06
2.350000000000000000e+03,6.874746304674772546e-06
2.351000000000000000e+03,6.859643690404482186e-06
2.352000000000000000e+03,6.849253168184077367e-06
2.353000000000000000e+03,6.837828550487756729e-06
2.354000000000000000e+03,6.831438895460451022e-06
2.355000000000000000e+03,6.821215265517821535e-06
2.356000000000000000e+03,6.816047516622347757e-06
2.357000000000000000e+03,6.806405053794151172e-06
2.358000000000000000e+03,6.801126801292411983e-06
2.359000000000000000e+03,6.796269644837593660e-06
2.360000000000000000e+03,6.790462066419422626e-06
2.361000000000000000e+03,6.786543053749483079e-06
2.362000000000000000e+03,6.781394858990097418e-06
2.363000000000000000e+03,6.773357199563179165e-06
2.364000000000000000e+03,6.775156634830636904e-06
2.365000000000000000e+03,6.766687420167727396e-06
2.366000000000000000e+03,6.760350515833124518e-06
2.367000000000000000e+03,6.755758022336522117e-06
2.368000000000000000e+03,6.750231023033848032e-06
2.369000000000000000e+03,6.743417543475516140e-06
2.370000000000000000e+03,6.736057457601418719e-06
2.371000000000000000e+03,6.731051144015509635e-06
2.372000000000000000e+03,6.725299954268848523e-06
2.373000000000000000e+03,6.715407835145015270e-06
2.374000000000000000e+03,6.742944606230594218e-06
2.375000000000000000e+03,6.712160939059685916e-06
2.376000000000000000e+03,6.705975010845577344e-06
2.377000000000000000e+03,6.701884558424353600e-06
2.378000000000000000e+03,6.696901436953339726e-06
2.379000000000000000e+03,6.697854587400797755e-06
2.380000000000000000e+03,6.693524937873007730e-06
2.381000000000000000e+03,6.686736014671623707e-06
2.382000000000000000e+03,6.679327725578332320e-06
2.383000000000000000e+03,6.675210443063406274e-06
2.384000000000000000e+03,6.671307346550747752e-06
2.385000000000000000e+03,6.663821750407805666e-06
2.386000000000000000e+03,6.661192401224980131e-06
2.387000000000000000e+03,6.650567229371517897e-06
2.388000000000000000e+03,6.646849215030670166e-06
2.389000000000000000e+03,6.642153948632767424e-06
2.390000000000000000e+03,6.638258582825073972e-06
2.391000000000000000e+03,6.632475560763850808e-06
2.392000000000000000e+03,6.625127753068227321e-06
2.393000000000000000e+03,6.620305612159427255e-06
2.394000000000000000e+03,6.613899586227489635e-06
2.395000000000000000e+03,6.606887836824171245e-06
2.396000000000000000e+03,6.602600933547364548e-06
2.397000000000000000e+03,6.596093044208828360e-06
2.398000000000000000e+03,6.590562861674698070e-06
2.399000000000000000e+03,6.585209121112711728e-06
2.400000000000000000e+03,6.578546617674874142e-06
2.401000000000000000e+03,6.571362973772920668e-06
2.402000000000000000e+03,6.558421773661393672e-06
2.403000000000000000e+03,6.552290869876742363e-06
2.404000000000000000e+03,6.538897650898434222e-06
2.405000000000000000e+03,6.533419309562304989e-06
2.406000000000000000e+03,6.523518095491454005e-06
2.407000000000000000e+03,6.514057531603612006e-06
2.408000000000000000e+03,6.503482381958747283e-06
2.409000000000000000e+03,6.490678515547187999e-06
2.410000000000000000e+03,6.486024176410865039e-06
2.411000000000000000e+03,6.474509063991717994e-06
2.412000000000000000e+03,6.468854280683444813e-06
2.413000000000000000e+03,6.460920758399879560e-06
2.414000000000000000e+03,6.447008217946859077e-06
2.415000000000000000e+03,6.637591013713972643e-06
2.416000000000000000e+03,6.444653990911319852e-06
2.417000000000000000e+03,6.431551355490228161e-06
2.418000000000000000e+03,6.423591003112960607e-06
2.419000000000000000e+03,6.411608865164453164e-06
2.420000000000000000e+03,6.403126008081017062e-06
2.421000000000000000e+03,6.391504484781762585e-06
2.422000000000000000e+03,6.384298103512264788e-06
2.423000000000000000e+03,6.375078100973041728e-06
2.424000000000000000e+03,6.370858045556815341e-06
2.425000000000000000e+03,6.361535270116291940e-06
2.426000000000000000e+03,6.354542620101710781e-06
2.427000000000000000e+03,6.348567239911062643e-06
2.428000000000000000e+03,6.339314040815224871e-06
2.429000000000000000e+03,6.330878932203631848e-06
2.430000000000000000e+03,6.318449777609203011e-06
2.431000000000000000e+03,6.313554877124261111e-06
2.432000000000000000e+03,6.306363047769991681e-06
2.433000000000000000e+03,6.301987014012411237e-06
2.434000000000000000e+03,6.297247182374121621e-06
2.435000000000000000e+03,6.293064416240667924e-06
2.436000000000000000e+03,6.290147666732082143e-06
2.437000000000000000e+03,6.276751264522317797e-06
2.438000000000000000e+03,6.276375188463134691e-06
2.439000000000000000e+03,6.271043275773990899e-06
2.440000000000000000e+03,6.261993803491350263e-06
2.441000000000000000e+03,6.254521849768934771e-06
2.442000000000000000e+03,6.249975740502122790e-06
2.443000000000000000e+03,6.245114946068497375e-06
2.444000000000000000e+03,6.235744422156130895e-06
2.445000000000000000e+03,6.235518412722740322e-06
2.446000000000000000e+03,6.230365670489845797e-06
2.447000000000000000e+03,6.225195647857617587e-06
2.448000000000000000e+03,6.215239864104660228e-06
2.449000000000000000e+03,6.210349511093227193e-06
2.450000000000000000e+03,6.200011284818174317e-06
2.451000000000000000e+03,6.186572591104777530e-06
2.452000000000000000e+03,6.181532626214902848e-06
2.453000000000000000e+03,6.169980679260334000e-06
2.454000000000000000e+03,6.167060746520292014e-06
2.455000000000000000e+03,6.165079867059830576e-06
2.456000000000000000e+03,6.161732926557306200e-06
2.457000000000000000e+03,6.158544238132890314e-06
2.458000000000000000e+03,6.152384685265133157e-06
2.459000000000000000e+03,6.144245162431616336e-06
2.460000000000000000e+03,6.132302587502636015e-06
2.461000000000000000e+03,6.122963895904831588e-06
2.462000000000000000e+03,6.116112217569025233e-06
2.463000000000000000e+03,6.110611593612702563e-06
2.464000000000000000e+03,6.102677616581786424e-06
2.465000000000000000e+03,6.097212462918832898e-06
2.466000000000000000e+03,6.086404937377665192e-06
2.467000000000000000e+03,6.080002549424534664e-06
2.468000000000000000e+03,6.076592399040237069e-06
2.469000000000000000e+03,6.071782081562560052e-06
2.470000000000000000e+03,6.068634775147074834e-06
2.471000000000000000e+03,6.063935870770365000e-06
2.472000000000000000e+03,6.062014563212869689e-06
2.473000000000000000e+03,6.059961378923617303e-06
2.474000000000000000e+03,6.053518518456257880e-06
2.475000000000000000e+03,6.085814675316214561e-06
2.476000000000000000e+03,6.050349838915280998e-06
2.477000000000000000e+03,6.043385837983805686e-06
2.478000000000000000e+03,6.037501407263334841e-06
2.479000000000000000e+03,6.031232715031364933e-06
2.480000000000000000e+03,6.026370101608335972e-06
2.481000000000000000e+03,6.021586159477010369e-06
2.482000000000000000e+03,6.018149178999010473e-06
2.483000000000000000e+03,6.014709470036905259e-06
2.484000000000000000e+03,6.012359790474874899e-06
2.485000000000000000e+03,6.005067916703410447e-06
2.486000000000000000e+03,6.018738986313110217e-06
2.487000000000000000e+03,6.002108420943841338e-06
2.488000000000000000e+03,5.997370408294955269e-06
2.489000000000000000e+03,5.992156729917041957e-06
2.490000000000000000e+03,5.988460088701685891e-06
2.491000000000000000e+03,5.985234565741848201e-06
2.492000000000000000e+03,5.980075002298690379e-06
2.493000000000000000e+03,5.975316980766365305e-06
2.494000000000000000e+03,5.971505288471234962e-06
2.495000000000000000e+03,5.964174761174945161e-06
2.496000000000000000e+03,5.954021162324352190e-06
2.497000000000000000e+03,5.952111678197979927e-06
2.498000000000000000e+03,5.943378710071556270e-06
2.499000000000000000e+03,5.941013114352244884e-06
2.500000000000000000e+03,5.937222795182606205e-06
2.501000000000000000e+03,5.946372311882441863e-06
2.502000000000000000e+03,5.934743057878222317e-06
2.503000000000000000e+03,5.930004135734634474e-06
2.504000000000000000e+03,5.922248874412616715e-06
2.505000000000000000e+03,5.918143415328813717e-06
2.506000000000000000e+03,5.910413619858445600e-06
2.507000000000000000e+03,5.903997134737437591e-06
2.508000000000000000e+03,5.898905783396912739e-06
2.509000000000000000e+03,5.894990408705780283e-06
2.510000000000000000e+03,5.891622095077764243e-06
2.511000000000000000e+03,5.887142378924181685e-06
2.512000000000000000e+03,5.882069672225043178e-06
2.513000000000000000e+03,5.876876912225270644e-06
2.514000000000000000e+03,5.869854248885530978e-06
2.515000000000000000e+03,5.859074917680118233e-06
2.516000000000000000e+03,5.851855803484795615e-06
2.517000000000000000e+03,5.843363851454341784e-06
2.518000000000000000e+03,5.838795914314687252e-06
2.519000000000000000e+03,5.832676379213808104e-06
2.520000000000000000e+03,5.828113899042364210e-06
2.521000000000000000e+03,5.821244485559873283e-06
2.522000000000000000e+03,5.814328233100241050e-06
2.523000000000000000e+03,5.809234608022961766e-06
2.524000000000000000e+03,5.805266937386477366e-06
2.525000000000000000e+03,5.798720394523115829e-06
2.526000000000000000e+03,5.794547632831381634e-06
2.527000000000000000e+03,5.792263891635229811e-06
2.528000000000000000e+03,5.787239388155285269e-06
2.529000000000000000e+03,5.778428203484509140e-06
2.530000000000000000e+03,5.774717919848626480e-06
2.531000000000000000e+03,5.764163233834551647e-06
2.532000000000000000e+03,5.760500698670512065e-06
2.533000000000000000e+03,5.755340225732652470e-06
2.534000000000000000e+03,5.750105174229247496e-06
2.535000000000000000e+03,5.744220288761425763e-06
2.536000000000000000e+03,5.741223503719083965e-06
2.537000000000000000e+03,5.737503670388832688e-06
2.538000000000000000e+03,5.731847068091155961e-06
2.539000000000000000e+03,5.728776159230619669e-06
2.540000000000000000e+03,5.721914476453093812e-06
2.541000000000000000e+03,5.718555257772095501e-06
2.542000000000000000e+03,5.713788596040103585e-06
2.543000000000000000e+03,5.708569005946628749e-06
2.544000000000000000e+03,5.703482656826963648e-06
2.545000000000000000e+03,5.697407686966471374e-06
2.546000000000000000e+03,5.695390882465289906e-06
2.547000000000000000e+03,5.692696049663936719e-06
2.548000000000000000e+03,5.688962119165807962e-06
2.549000000000000000e+03,5.682707524101715535e-06
2.550000000000000000e+03,5.690794750989880413e-06
2.551000000000000000e+03,5.679254172719083726e-06
2.552000000000000000e+03,5.672070528817130253e-06
2.553000000000000000e+03,5.666173365170834586e-06
2.554000000000000000e+03,5.661429895553737879e-06
2.555000000000000000e+03,5.657990641338983551e-06
2.556000000000000000e+03,5.653701919072773308e-06
2.557000000000000000e+03,5.650630555464886129e-06
2.558000000000000000e+03,5.648046226269798353e-06
2.559000000000000000e+03,5.644054908771067858e-06
2.560000000000000000e+03,5.637766207655658945e-06
2.561000000000000000e+03,5.648614660458406433e-06
2.562000000000000000e+03,5.635209163301624358e-06
2.563000000000000000e+03,5.630282885249471292e-06
2.564000000000000000e+03,5.627340215141884983e-06
2.565000000000000000e+03,5.626901838695630431e-06
2.566000000000000000e+03,5.624794539471622556e-06
2.567000000000000000e+03,5.621847321890527382e-06
2.568000000000000000e+03,5.616493581328541040e-06
2.569000000000000000e+03,5.612653694697655737e-06
2.570000000000000000e+03,5.605336355074541643e-06
2.571000000000000000e+03,5.595009042735910043e-06
2.572000000000000000e+03,5.604159923677798361e-06
2.573000000000000000e+03,5.590287400991655886e-06
2.574000000000000000e+03,5.583687197940889746e-06
2.575000000000000000e+03,5.578007403528317809e-06
2.576000000000000000e+03,5.572998361458303407e-06
2.577000000000000000e+03,5.566150321101304144e-06
2.578000000000000000e+03,5.554093604587251320e-06
2.579000000000000000e+03,5.544558007386513054e-06
2.580000000000000000e+03,5.536079243029234931e-06
2.581000000000000000e+03,5.535999662242829800e-06
2.582000000000000000e+03,5.530928774533094838e-06
2.583000000000000000e+03,5.522994342754827812e-06
2.584000000000000000e+03,5.513206360774347559e-06
2.585000000000000000e+03,5.509521997737465426e-06
2.586000000000000000e+03,5.500237421074416488e-06
2.587000000000000000e+03,5.499213784787571058e-06
2.588000000000000000e+03,5.494435299624456093e-06
2.589000000000000000e+03,5.486826466949423775e-06
2.590000000000000000e+03,5.479068477143300697e-06
2.591000000000000000e+03,5.470805717777693644e-06
2.592000000000000000e+03,5.463964498630957678e-06
2.593000000000000000e+03,5.457603037939406931e-06
2.594000000000000000e+03,5.453465291793690994e-06
2.595000000000000000e+03,5.443559984996682033e-06
2.596000000000000000e+03,5.446480372484074906e-06
2.597000000000000000e+03,5.436759693111525849e-06
2.598000000000000000e+03,5.429193606687476858e-06
2.599000000000000000e+03,5.423665697890101001e-06
2.600000000000000000e+03,5.421077275968855247e-06
2.601000000000000000e+03,5.414369752543279901e-06
2.602000000000000000e+03,5.404968760558404028e-06
2.603000000000000000e+03,5.445528586278669536e-06
2.604000000000000000e+03,5.403075192589312792e-06
2.605000000000000000e+03,5.399338988354429603e-06
2.606000000000000000e+03,5.395575044531142339e-06
2.607000000000000000e+03,5.389049874793272465e-06
2.608000000000000000e+03,5.380354195949621499e-06
2.609000000000000000e+03,5.371612132876180112e-06
2.610000000000000000e+03,5.366188361222157255e-06
2.611000000000000000e+03,5.361026524042245001e-06
2.612000000000000000e+03,5.357021109375637025e-06
2.613000000000000000e+03,5.352469543140614405e-06
2.614000000000000000e+03,5.364523531170561910e-06
2.615000000000000000e+03,5.350700575945666060e-06
2.616000000000000000e+03,5.345831141312373802e-06
2.617000000000000000e+03,5.342687472875695676e-06
2.618000000000000000e+03,5.338089067663531750e-06
2.619000000000000000e+03,5.333147328201448545e-06
2.620000000000000000e+03,5.329895884642610326e-06
2.621000000000000000e+03,5.322501237969845533e-06
2.622000000000000000e+03,5.317639534041518345e-06
2.623000000000000000e+03,5.312563644110923633e-06
2.624000000000000000e+03,5.308636445988668129e-06
2.625000000000000000e+03,5.304680598783306777e-06
2.626000000000000000e+03,5.300353677739622071e-06
2.627000000000000000e+03,5.297329153108876199e-06
2.628000000000000000e+03,5.289879936754005030e-06
2.629000000000000000e+03,5.284451162879122421e-06
2.630000000000000000e+03,5.280524419504217803e-06
2.631000000000000000e+03,5.275884632283123210e-06
2.632000000000000000e+03,5.271983809507219121e-06
2.633000000000000000e+03,5.264332230581203476e-06
2.634000000000000000e+03,5.262794275040505454e-06
2.635000000000000000e+03,5.254353254713350907e-06
2.636000000000000000e+03,5.251677976048085839e-06
2.637000000000000000e+03,5.247768967819865793e-06
2.638000000000000000e+03,5.258413239062065259e-06
2.639000000000000000e+03,5.246256932878168300e-06
2.640000000000000000e+03,5.242869974608765915e-06
2.641000000000000000e+03,5.239719939709175378e-06
2.642000000000000000e+03,5.235235221334733069e-06
2.643000000000000000e+03,5.229504949966212735e-06
2.644000000000000000e+03,5.220974799158284441e-06
2.645000000000000000e+03,5.214844804868334904e-06
2.646000000000000000e+03,5.208786660659825429e-06
2.647000000000000000e+03,5.205587058298988268e-06
2.648000000000000000e+03,5.202000011195195839e-06
2.649000000000000000e+03,5.199585302761988714e-06
2.650000000000000000e+03,5.196278380026342347e-06
2.651000000000000000e+03,5.194820460019400343e-06
2.652000000000000000e+03,5.192493517824914306e-06
2.653000000000000000e+03,5.186758244235534221e-06
2.654000000000000000e+03,5.196949587116250768e-06
2.655000000000000000e+03,5.184855126572074369e-06
2.656000000000000000e+03,5.180160769668873399e-06
2.657000000000000000e+03,5.177696948521770537e-06
2.658000000000000000e+03,5.174712441657902673e-06
2.659000000000000000e+03,5.172105829842621461e-06
2.660000000000000000e+03,5.169805262994486839e-06
2.661000000000000000e+03,5.167291874386137351e-06
2.662000000000000000e+03,5.165009952179389074e-06
2.663000000000000000e+03,5.162680281500797719e-06
2.664000000000000000e+03,5.157100531505420804e-06
2.665000000000000000e+03,5.162180059414822608e-06
2.666000000000000000e+03,5.154937298357253894e-06
2.667000000000000000e+03,5.150988272362155840e-06
2.668000000000000000e+03,5.146857347426703200e-06
2.669000000000000000e+03,5.143112502992153168e-06
2.670000000000000000e+03,5.139002951182192191e-06
2.671000000000000000e+03,5.134660113981226459e-06
2.672000000000000000e+03,5.131493253429653123e-06
2.673000000000000000e+03,5.127053555042948574e-06
2.674000000000000000e+03,5.123550636199070141e-06
2.675000000000000000e+03,5.113051429361803457e-06
2.676000000000000000e+03,5.123032678966410458e-06
2.677000000000000000e+03,5.109021003590896726e-06
2.678000000000000000e+03,5.100750968267675489e-06
2.679000000000000000e+03,5.094471362099284306e-06
2.680000000000000000e+03,5.095898814033716917e-06
2.681000000000000000e+03,5.092128958494868129e-06
2.682000000000000000e+03,5.088204034109367058e-06
2.683000000000000000e+03,5.085275006422307342e-06
2.684000000000000000e+03,5.081230938230874017e-06
2.685000000000000000e+03,5.076941761217312887e-06
2.686000000000000000e+03,5.070571660326095298e-06
2.687000000000000000e+03,5.064553079137112945e-06
2.688000000000000000e+03,5.061310730525292456e-06
2.689000000000000000e+03,5.056062491348711774e-06
2.690000000000000000e+03,5.051024345448240638e-06
2.691000000000000000e+03,5.045516445534303784e-06
2.692000000000000000e+03,5.041509666625643149e-06
2.693000000000000000e+03,5.038367817178368568e-06
2.694000000000000000e+03,5.035152298660250381e-06
2.695000000000000000e+03,5.041552867623977363e-06
2.696000000000000000e+03,5.032849912822712213e-06
2.697000000000000000e+03,5.028464784118114039e-06
2.698000000000000000e+03,5.025596692576073110e-06
2.699000000000000000e+03,5.023151516070356593e-06
2.700000000000000000e+03,5.018359843234065920e-06
2.701000000000000000e+03,5.020933713240083307e-06
2.702000000000000000e+03,5.015304850530810654e-06
2.703000000000000000e+03,5.010964741813950241e-06
2.704000000000000000e+03,5.008425432606600225e-06
2.705000000000000000e+03,5.005073035135865211e-06
2.706000000000000000e+03,4.999723842047387734e-06
2.707000000000000000e+03,4.995130893803434446e-06
2.708000000000000000e+03,4.992200956621672958e-06
2.709000000000000000e+03,4.987991815141867846e-06
2.710000000000000000e+03,4.986003204976441339e-06
2.711000000000000000e+03,4.982768132322235033e-06
2.712000000000000000e+03,4.981841357221128419e-06
2.713000000000000000e+03,4.979061486665159464e-06
2.714000000000000000e+03,4.977133812644751742e-06
2.715000000000000000e+03,4.974286184733500704e-06
2.716000000000000000e+03,4.971229827788192779e-06
2.717000000000000000e+03,4.965135303791612387e-06
2.718000000000000000e+03,4.988239652448100969e-06
2.719000000000000000e+03,4.963630544807529077e-06
2.720000000000000000e+03,4.958718363923253492e-06
2.721000000000000000e+03,4.956034445058321580e-06
2.722000000000000000e+03,4.951468781655421481e-06
2.723000000000000000e+03,4.946048193232854828e-06
2.724000000000000000e+03,4.974945568392286077e-06
2.725000000000000000e+03,4.944142801832640544e-06
2.726000000000000000e+03,4.937913217872846872e-06
2.727000000000000000e+03,4.932565389026422054e-06
2.728000000000000000e+03,4.929866918246261775e-06
2.729000000000000000e+03,4.927444479108089581e-06
2.730000000000000000e+03,4.925544089928735048e-06
2.731000000000000000e+03,4.920182163914432749e-06
2.732000000000000000e+03,4.913284556096186861e-06
2.733000000000000000e+03,4.902491127722896636e-06
2.734000000000000000e+03,4.902214641333557665e-06
2.735000000000000000e+03,4.896714017377234995e-06
2.736000000000000000e+03,4.892272954748477787e-06
2.737000000000000000e+03,4.888912826572777703e-06
2.738000000000000000e+03,4.885243470198474824e-06
2.739000000000000000e+03,4.881921995547600091e-06
2.740000000000000000e+03,4.876802904618671164e-06
2.741000000000000000e+03,4.874979367741616443e-06
2.742000000000000000e+03,4.871500095759984106e-06
2.743000000000000000e+03,4.868176347372354940e-06
2.744000000000000000e+03,4.861872639594366774e-06
2.745000000000000000e+03,4.859447017224738374e-06
2.746000000000000000e+03,4.855370661971392110e-06
2.747000000000000000e+03,4.851282483286922798e-06
2.748000000000000000e+03,4.844421255256747827e-06
2.749000000000000000e+03,4.860503850068198517e-06
2.750000000000000000e+03,4.841132977162487805e-06
2.751000000000000000e+03,4.836499556404305622e-06
2.752000000000000000e+03,4.831394107895903289e-06
2.753000000000000000e+03,4.831847945752087981e-06
2.754000000000000000e+03,4.829581484955269843e-06
2.755000000000000000e+03,4.825931227969704196e-06
2.756000000000000000e+03,4.819861260330071673e-06
2.757000000000000000e+03,4.814246949536027387e-06
2.758000000000000000e+03,4.807381174032343552e-06
2.759000000000000000e+03,4.803842330147745088e-06
2.760000000000000000e+03,4.800543138117063791e-06
2.761000000000000000e+03,4.798136615136172622e-06
2.762000000000000000e+03,4.795899258169811219e-06
2.763000000000000000e+03,4.790125331055605784e-06
2.764000000000000000e+03,4.787025773111963645e-06
2.765000000000000000e+03,4.782878477271879092e-06
2.766000000000000000e+03,4.780278231919510290e-06
2.767000000000000000e+03,4.777069534611655399e-06
2.768000000000000000e+03,4.778291895490838215e-06
2.769000000000000000e+03,4.774295575771247968e-06
2.770000000000000000e+03,4.768786766362609342e-06
2.771000000000000000e+03,4.763815013575367630e-06
2.772000000000000000e+03,4.760324827657314017e-06
2.773000000000000000e+03,4.758142495120409876e-06
2.774000000000000000e+03,4.756171165354317054e-06
2.775000000000000000e+03,4.752943823405075818e-06
2.776000000000000000e+03,4.749515483126742765e-06
2.777000000000000000e+03,4.743933004647260532e-06
2.778000000000000000e+03,4.738087227451615036e-06
2.779000000000000000e+03,4.734958565677516162e-06
2.780000000000000000e+03,4.731038188765523955e-06
2.781000000000000000e+03,4.726704446511575952e-06
2.782000000000000000e+03,4.722534868051297963e-06
2.783000000000000000e+03,4.714914211945142597e-06
2.784000000000000000e+03,4.712006557383574545e-06
2.785000000000000000e+03,4.708220785687444732e-06
2.786000000000000000e+03,4.715861450677039102e-06
2.787000000000000000e+03,4.705979790742276236e-06
2.788000000000000000e+03,4.702007117884932086e-06
2.789000000000000000e+03,4.694870312960119918e-06
2.790000000000000000e+03,4.687781711254501715e-06
2.791000000000000000e+03,4.679289304476696998e-06
2.792000000000000000e+03,4.668579094868618995e-06
2.793000000000000000e+03,4.668298515753122047e-06
2.794000000000000000e+03,4.662959327106364071e-06
2.795000000000000000e+03,4.658511443267343566e-06
2.796000000000000000e+03,4.655456450564088300e-06
2.797000000000000000e+03,4.650701612263219431e-06
2.798000000000000000e+03,4.646361048799008131e-06
2.799000000000000000e+03,4.638067821360891685e-06
2.800000000000000000e+03,4.631476258509792387e-06
2.801000000000000000e+03,4.631041520042344928e-06
2.802000000000000000e+03,4.626407189789460972e-06
2.803000000000000000e+03,4.621670541382627562e-06
2.804000000000000000e+03,4.618550974555546418e-06
2.805000000000000000e+03,4.611502390616806224e-06
2.806000000000000000e+03,4.602684839483117685e-06
2.807000000000000000e+03,4.595969585352577269e-06
2.808000000000000000e+03,4.589024229062488303e-06
2.809000000000000000e+03,4.584617272485047579e-06
2.810000000000000000e+03,4.587647708831354976e-06
2.811000000000000000e+03,4.582475867209723219e-06
2.812000000000000000e+03,4.579384039971046150e-06
2.813000000000000000e+03,4.577338586386758834e-06
2.814000000000000000e+03,4.573581918521085754e-06
2.815000000000000000e+03,4.568690656014950946e-06
2.816000000000000000e+03,4.561775767797371373e-06
2.817000000000000000e+03,4.555103714665165171e-06
2.818000000000000000e+03,4.550095582089852542e-06
2.819000000000000000e+03,4.546617674350272864e-06
2.820000000000000000e+03,4.544194325717398897e-06
2.821000000000000000e+03,4.537037966656498611e-06
2.822000000000000000e+03,4.538475423032650724e-06
2.823000000000000000e+03,4.532917955657467246e-06
2.824000000000000000e+03,4.526212251221295446e-06
2.825000000000000000e+03,4.522053131950087845e-06
2.826000000000000000e+03,4.521062237472506240e-06
2.827000000000000000e+03,4.516469289228552952e-06
2.828000000000000000e+03,4.515055479714646935e-06
2.829000000000000000e+03,4.512833129410864785e-06
2.830000000000000000e+03,4.510839062277227640e-06
2.831000000000000000e+03,4.508674464887008071e-06
2.832000000000000000e+03,4.504396201809868217e-06
2.833000000000000000e+03,4.501961029745871201e-06
2.834000000000000000e+03,4.496553628996480256e-06
2.835000000000000000e+03,4.503077889239648357e-06
2.836000000000000000e+03,4.495262146519962698e-06
2.837000000000000000e+03,4.492352218221640214e-06
2.838000000000000000e+03,4.489081220526713878e-06
2.839000000000000000e+03,4.484019427763996646e-06
2.840000000000000000e+03,4.478710707189748064e-06
2.841000000000000000e+03,4.511211045610252768e-06
2.842000000000000000e+03,4.476994035940151662e-06
2.843000000000000000e+03,4.473356057133059949e-06
2.844000000000000000e+03,4.470396561373490840e-06
2.845000000000000000e+03,4.466666723601520061e-06
2.846000000000000000e+03,4.462764991330914199e-06
2.847000000000000000e+03,4.459476258489303291e-06
2.848000000000000000e+03,4.455077032616827637e-06
2.849000000000000000e+03,4.452451321412809193e-06
2.850000000000000000e+03,4.444308160600485280e-06
2.851000000000000000e+03,4.438929863681551069e-06
2.852000000000000000e+03,4.431712568475631997e-06
2.853000000000000000e+03,4.429780346981715411e-06
2.854000000000000000e+03,4.427384283189894632e-06
2.855000000000000000e+03,4.426444320415612310e-06
2.856000000000000000e+03,4.423750397108960897e-06
2.857000000000000000e+03,4.419742708705598488e-06
2.858000000000000000e+03,4.414964678289834410e-06
2.859000000000000000e+03,4.410643668961711228e-06
2.860000000000000000e+03,4.407577762322034687e-06
2.861000000000000000e+03,4.404626452014781535e-06
2.862000000000000000e+03,4.400235866341972724e-06
2.863000000000000000e+03,4.394178176880814135e-06
2.864000000000000000e+03,4.389140030980342999e-06
2.865000000000000000e+03,4.386993623484158888e-06
2.866000000000000000e+03,4.385070951684610918e-06
2.867000000000000000e+03,4.382874521979829296e-06
2.868000000000000000e+03,4.380892278277315199e-06
2.869000000000000000e+03,4.374152013042476028e-06
2.870000000000000000e+03,4.368676400190452114e-06
2.871000000000000000e+03,4.361917490314226598e-06
2.872000000000000000e+03,4.361352694104425609e-06
2.873000000000000000e+03,4.358964815764920786e-06
2.874000000000000000e+03,4.354230895842192695e-06
2.875000000000000000e+03,4.350657945906277746e-06
2.876000000000000000e+03,4.345413344708504155e-06
2.877000000000000000e+03,4.338475264376029372e-06
2.878000000000000000e+03,4.333250217314343899e-06
2.879000000000000000e+03,4.328825980337569490e-06
2.880000000000000000e+03,4.324753717810381204e-06
2.881000000000000000e+03,4.322298991610296071e-06
2.882000000000000000e+03,4.319794243201613426e-06
2.883000000000000000e+03,4.319889285397948697e-06
2.884000000000000000e+03,4.317986622481839731e-06
2.885000000000000000e+03,4.314711532060755417e-06
2.886000000000000000e+03,4.312171768106054515e-06
2.887000000000000000e+03,4.308437382860574871e-06
2.888000000000000000e+03,4.305446964281145483e-06
2.889000000000000000e+03,4.301184617361286655e-06
2.890000000000000000e+03,4.299058218748541549e-06
2.891000000000000000e+03,4.297227860661223531e-06
2.892000000000000000e+03,4.296246061130659655e-06
2.893000000000000000e+03,4.294257450965233147e-06
2.894000000000000000e+03,4.291987352189607918e-06
2.895000000000000000e+03,4.290342531021451578e-06
2.896000000000000000e+03,4.286746843717992306e-06
2.897000000000000000e+03,4.287315732653951272e-06
2.898000000000000000e+03,4.282900135876843706e-06
2.899000000000000000e+03,4.278781943867215887e-06
2.900000000000000000e+03,4.275105311535298824e-06
2.901000000000000000e+03,4.271639681974193081e-06
2.902000000000000000e+03,4.273959802958415821e-06
2.903000000000000000e+03,4.269853434379911050e-06
2.904000000000000000e+03,4.266730229574022815e-06
2.905000000000000000e+03,4.264902145223459229e-06
2.906000000000000000e+03,4.260635250830091536e-06
2.907000000000000000e+03,4.256310148775810376e-06
2.908000000000000000e+03,4.256173269823193550e-06
2.909000000000000000e+03,4.253587121638702229e-06
2.910000000000000000e+03,4.250822712492663413e-06
2.911000000000000000e+03,4.248985078447731212e-06
2.912000000000000000e+03,4.246341632097028196e-06
2.913000000000000000e+03,4.242394879838684574e-06
2.914000000000000000e+03,4.238421297486638650e-06
2.915000000000000000e+03,4.233269464748445898e-06
2.916000000000000000e+03,4.231801085552433506e-06
2.917000000000000000e+03,4.229166279401397333e-06
2.918000000000000000e+03,4.227226781949866563e-06
2.919000000000000000e+03,4.225409611535724252e-06
2.920000000000000000e+03,4.222519692120840773e-06
2.921000000000000000e+03,4.219964012008858845e-06
2.922000000000000000e+03,4.216820798319531605e-06
2.923000000000000000e+03,4.214924501866335049e-06
2.924000000000000000e+03,4.215107765048742294e-06
2.925000000000000000e+03,4.214312866679392755e-06
2.926000000000000000e+03,4.213291049381950870e-06
2.927000000000000000e+03,4.211348823446314782e-06
2.928000000000000000e+03,4.209278358757728711e-06
2.929000000000000000e+03,4.206196081213420257e-06
2.930000000000000000e+03,4.204786364425672218e-06
2.931000000000000000e+03,4.200671810394851491e-06
2.932000000000000000e+03,4.198823717160848901e-06
2.933000000000000000e+03,4.195714609522838145e-06
2.934000000000000000e+03,4.191263542452361435e-06
2.935000000000000000e+03,4.190538220427697524e-06
2.936000000000000000e+03,4.183298187854234129e-06
2.937000000000000000e+03,4.181297754257684574e-06
2.938000000000000000e+03,4.178593826509313658e-06
2.939000000000000000e+03,4.176356014795601368e-06
2.940000000000000000e+03,4.172830358584178612e-06
2.941000000000000000e+03,4.169222847849596292e-06
2.942000000000000000e+03,4.167096903984202072e-06
2.943000000000000000e+03,4.163962785241892561e-06
2.944000000000000000e+03,4.167150109424255788e-06
2.945000000000000000e+03,4.161140168434940279e-06
2.946000000000000000e+03,4.156581326242303476e-06
2.947000000000000000e+03,4.153785084781702608e-06
2.948000000000000000e+03,4.150252152612665668e-06
2.949000000000000000e+03,4.148102561885025352e-06
2.950000000000000000e+03,4.144599188293796033e-06
2.951000000000000000e+03,4.153891495661810040e-06
2.952000000000000000e+03,4.142882971791550517e-06
2.953000000000000000e+03,4.139843440498225391e-06
2.954000000000000000e+03,4.137035375606501475e-06
2.955000000000000000e+03,4.133584297960624099e-06
2.956000000000000000e+03,4.134824848733842373e-06
2.957000000000000000e+03,4.131764399062376469e-06
2.958000000000000000e+03,4.128668933844892308e-06
2.959000000000000000e+03,4.125614395888987929e-06
2.960000000000000000e+03,4.122904556425055489e-06
2.961000000000000000e+03,4.118637207284336910e-06
2.962000000000000000e+03,4.116553554922575131e-06
2.963000000000000000e+03,4.110126610612496734e-06
2.964000000000000000e+03,4.108072516828542575e-06
2.965000000000000000e+03,4.105068910575937480e-06
2.966000000000000000e+03,4.101149897905997932e-06
2.967000000000000000e+03,4.100480509805493057e-06
2.968000000000000000e+03,4.097256805835058913e-06
2.969000000000000000e+03,4.093328243470750749e-06
2.970000000000000000e+03,4.090646598342573270e-06
2.971000000000000000e+03,4.088410605618264526e-06
2.972000000000000000e+03,4.083912699570646510e-06
2.973000000000000000e+03,4.079220161656849086e-06
2.974000000000000000e+03,4.075401193404104561e-06
2.975000000000000000e+03,4.071925559401279315e-06
2.976000000000000000e+03,4.068776433996390551e-06
2.977000000000000000e+03,4.061846993863582611e-06
2.978000000000000000e+03,4.058010745211504400e-06
2.979000000000000000e+03,4.054164037370355800e-06
2.980000000000000000e+03,4.050134066346799955e-06
2.981000000000000000e+03,4.045727564516710117e-06
2.982000000000000000e+03,4.044964043714571744e-06
2.983000000000000000e+03,4.041302872792584822e-06
2.984000000000000000e+03,4.040166459162719548e-06
2.985000000000000000e+03,4.037354756292188540e-06
2.986000000000000000e+03,4.034272478747880086e-06
2.987000000000000000e+03,4.031241587654221803e-06
2.988000000000000000e+03,4.027585873700445518e-06
2.989000000000000000e+03,4.023784185847034678e-06
2.990000000000000000e+03,4.020551386929582804e-06
2.991000000000000000e+03,4.017038463643984869e-06
2.992000000000000000e+03,4.014780188299482688e-06
2.993000000000000000e+03,4.011975761386565864e-06
2.994000000000000000e+03,4.008785253972746432e-06
2.995000000000000000e+03,4.004409674962516874e-06
2.996000000000000000e+03,4.002813057013554499e-06
2.997000000000000000e+03,3.997814474132610485e-06
2.998000000000000000e+03,3.996631221525603905e-06
2.999000000000000000e+03,3.992654910689452663e-06
3.000000000000000000e+03,3.989561719208722934e-06
3.001000000000000000e+03,3.988612661487422884e-06
3.002000000000000000e+03,3.985848252341384068e-06
3.003000000000000000e+03,3.984728664363501593e-06
3.004000000000000000e+03,3.982896487286780030e-06
3.005000000000000000e+03,3.980755082011455670e-06
3.006000000000000000e+03,3.978050699515733868e-06
3.007000000000000000e+03,3.975543222622945905e-06
3.008000000000000000e+03,3.973012553615262732e-06
3.009000000000000000e+03,3.971906153310555965e-06
3.010000000000000000e+03,3.971009846281958744e-06
3.011000000000000000e+03,3.968892542616231367e-06
3.012000000000000000e+03,3.967606062360573560e-06
3.013000000000000000e+03,3.965947144024539739e-06
3.014000000000000000e+03,3.964132247347151861e-06
3.015000000000000000e+03,3.962931259593460709e-06
3.016000000000000000e+03,3.961121819884283468e-06
3.017000000000000000e+03,3.959842160838888958e-06
3.018000000000000000e+03,3.958098659495590255e-06
3.019000000000000000e+03,3.956132786697708070e-06
3.020000000000000000e+03,3.955415195378009230e-06
3.021000000000000000e+03,3.952500264858826995e-06
3.022000000000000000e+03,3.951730377593776211e-06
3.023000000000000000e+03,3.950389782403362915e-06
3.024000000000000000e+03,3.948591711377957836e-06
3.025000000000000000e+03,3.946292963519226760e-06
3.026000000000000000e+03,3.942579951399238780e-06
3.027000000000000000e+03,3.940559054171899334e-06
3.028000000000000000e+03,3.938568170269718394e-06
3.029000000000000000e+03,3.936874236387666315e-06
3.030000000000000000e+03,3.936021130357403308e-06
3.031000000000000000e+03,3.933177140424959362e-06
3.032000000000000000e+03,3.932156232622219250e-06
3.033000000000000000e+03,3.930512775696115568e-06
3.034000000000000000e+03,3.928093065042048693e-06
3.035000000000000000e+03,3.924241809727391228e-06
3.036000000000000000e+03,3.933126663469010964e-06
3.037000000000000000e+03,3.922838459402555600e-06
3.038000000000000000e+03,3.921335519407875836e-06
3.039000000000000000e+03,3.920536528312368318e-06
3.040000000000000000e+03,3.920028575521428138e-06
3.041000000000000000e+03,3.918062247976195067e-06
3.042000000000000000e+03,3.916532477887813002e-06
3.043000000000000000e+03,3.914110493496991694e-06
3.044000000000000000e+03,3.912259671778883785e-06
3.045000000000000000e+03,3.909739007212920114e-06
3.046000000000000000e+03,3.906536676367977634e-06
3.047000000000000000e+03,3.903446213371353224e-06
3.048000000000000000e+03,3.900639057974331081e-06
3.049000000000000000e+03,3.896117505064466968e-06
3.050000000000000000e+03,3.893386747222393751e-06
3.051000000000000000e+03,3.890227617375785485e-06
3.052000000000000000e+03,3.886986633006017655e-06
3.053000000000000000e+03,3.885366368194809183e-06
3.054000000000000000e+03,3.880744316120399162e-06
3.055000000000000000e+03,3.875733000313630328e-06
3.056000000000000000e+03,3.874344201904023066e-06
3.057000000000000000e+03,3.869827651215018705e-06
3.058000000000000000e+03,3.868172370857791975e-06
3.059000000000000000e+03,3.865509370371000841e-06
3.060000000000000000e+03,3.864433892886154354e-06
3.061000000000000000e+03,3.860559900203952566e-06
3.062000000000000000e+03,3.858553554891841486e-06
3.063000000000000000e+03,3.856459898088360205e-06
3.064000000000000000e+03,3.857156116282567382e-06
3.065000000000000000e+03,3.855230261251563206e-06
3.066000000000000000e+03,3.852788267977302894e-06
3.067000000000000000e+03,3.850183475151425228e-06
3.068000000000000000e+03,3.848019332508556545e-06
3.069000000000000000e+03,3.846044819511007518e-06
3.070000000000000000e+03,3.844024377031018957e-06
3.071000000000000000e+03,3.842010301013942808e-06
3.072000000000000000e+03,3.839876171696232632e-06
3.073000000000000000e+03,3.837352323898812756e-06
3.074000000000000000e+03,3.834656581602757797e-06
3.075000000000000000e+03,3.832490619970485568e-06
3.076000000000000000e+03,3.830398782156407833e-06
3.077000000000000000e+03,3.828619355772389099e-06
3.078000000000000000e+03,3.826945885521126911e-06
3.079000000000000000e+03,3.825220574071863666e-06
3.080000000000000000e+03,3.822804046649252996e-06
3.081000000000000000e+03,3.820653091679560021e-06
3.082000000000000000e+03,3.817483047896530479e-06
3.083000000000000000e+03,3.815539002971490845e-06
3.084000000000000000e+03,3.812884642684366554e-06
3.085000000000000000e+03,3.810370799328666180e-06
3.086000000000000000e+03,3.816999651462538168e-06
3.087000000000000000e+03,3.808567726082401350e-06
3.088000000000000000e+03,3.805430196734960191e-06
3.089000000000000000e+03,3.803750132647110149e-06
3.090000000000000000e+03,3.801228103839093819e-06
3.091000000000000000e+03,3.801758111876551993e-06
3.092000000000000000e+03,3.799948899541050196e-06
3.093000000000000000e+03,3.797347062572953291e-06
3.094000000000000000e+03,3.795156999331084080e-06
3.095000000000000000e+03,3.792963070736732334e-06
3.096000000000000000e+03,3.789864877035142854e-06
3.097000000000000000e+03,3.785174385484424420e-06
3.098000000000000000e+03,3.787027253565611318e-06
3.099000000000000000e+03,3.782775365834822878e-06
3.100000000000000000e+03,3.780343377002282068e-06
3.101000000000000000e+03,3.778781092478311621e-06
3.102000000000000000e+03,3.776933908739010803e-06
3.103000000000000000e+03,3.772768423004890792e-06
3.104000000000000000e+03,3.778163772949483246e-06
3.105000000000000000e+03,3.770988541873521172e-06
3.106000000000000000e+03,3.766947202166193165e-06
3.107000000000000000e+03,3.764281473195296712e-06
3.108000000000000000e+03,3.761736252272385173e-06
3.109000000000000000e+03,3.760108711503562517e-06
3.110000000000000000e+03,3.756116029762779362e-06
3.111000000000000000e+03,3.752989414351759478e-06
3.112000000000000000e+03,3.750219093490159139e-06
3.113000000000000000e+03,3.747333266801433638e-06
3.114000000000000000e+03,3.745032927326974459e-06
3.115000000000000000e+03,3.742280341612058692e-06
3.116000000000000000e+03,3.739852445505675860e-06
3.117000000000000000e+03,3.736035523616010323e-06
3.118000000000000000e+03,3.733230641955742612e-06
3.119000000000000000e+03,3.729906666194438003e-06
3.120000000000000000e+03,3.731112656168988906e-06
3.121000000000000000e+03,3.728380761458538473e-06
3.122000000000000000e+03,3.727012199306045659e-06
3.123000000000000000e+03,3.724803718796465546e-06
3.124000000000000000e+03,3.725164788193069398e-06
3.125000000000000000e+03,3.723642976183327846e-06
3.126000000000000000e+03,3.722323754118406214e-06
3.127000000000000000e+03,3.716391347552416846e-06
3.128000000000000000e+03,3.712602619998506270e-06
3.129000000000000000e+03,3.708958729475853033e-06
3.130000000000000000e+03,3.706753886945080012e-06
3.131000000000000000e+03,3.704084519995376468e-06
3.132000000000000000e+03,3.701268042277661152e-06
3.133000000000000000e+03,3.697938382174470462e-06
3.134000000000000000e+03,3.693912503877072595e-06
3.135000000000000000e+03,3.691880692713311873e-06
3.136000000000000000e+03,3.689812956508831121e-06
3.137000000000000000e+03,3.687670186991454102e-06
3.138000000000000000e+03,3.682665465021273121e-06
3.139000000000000000e+03,3.680313284348812886e-06
3.140000000000000000e+03,3.675657580970437266e-06
3.141000000000000000e+03,3.672983439173549414e-06
3.142000000000000000e+03,3.669956413432373665e-06
3.143000000000000000e+03,3.665424856080790050e-06
3.144000000000000000e+03,3.662106337287696078e-06
3.145000000000000000e+03,3.659296680780244060e-06
3.146000000000000000e+03,3.657113438748638146e-06
3.147000000000000000e+03,3.653325165942078456e-06
3.148000000000000000e+03,3.659215508378110826e-06
3.149000000000000000e+03,3.652281975519144908e-06
3.150000000000000000e+03,3.650017106338054873e-06
3.151000000000000000e+03,3.648467327366233803e-06
3.152000000000000000e+03,3.645286597020458430e-06
3.153000000000000000e+03,3.641686589617165737e-06
3.154000000000000000e+03,3.635364691945142113e-06
3.155000000000000000e+03,3.638277121353894472e-06
3.156000000000000000e+03,3.632717607615632005e-06
3.157000000000000000e+03,3.629068260124768130e-06
3.158000000000000000e+03,3.627371825132286176e-06
3.159000000000000000e+03,3.625151521191583015e-06
3.160000000000000000e+03,3.621493306127376854e-06
3.161000000000000000e+03,3.618729806476039812e-06
3.162000000000000000e+03,3.616353069446631707e-06
3.163000000000000000e+03,3.614167781051946804e-06
3.164000000000000000e+03,3.612865839386358857e-06
3.165000000000000000e+03,3.610757403293973766e-06
3.166000000000000000e+03,3.608047109082690440e-06
3.167000000000000000e+03,3.604586481742444448e-06
3.168000000000000000e+03,3.599806177589925937e-06
3.169000000000000000e+03,3.595807356759905815e-06
3.170000000000000000e+03,3.593067731344490312e-06
3.171000000000000000e+03,3.588913386920467019e-06
3.172000000000000000e+03,3.585013473639264703e-06
3.173000000000000000e+03,3.587853143471875228e-06
3.174000000000000000e+03,3.582221324904821813e-06
3.175000000000000000e+03,3.577026745915645733e-06
3.176000000000000000e+03,3.573966068870504387e-06
3.177000000000000000e+03,3.568676220311317593e-06
3.178000000000000000e+03,3.568199190340237692e-06
3.179000000000000000e+03,3.565711949704564176e-06
3.180000000000000000e+03,3.562893652997445315e-06
3.181000000000000000e+03,3.560315462891594507e-06
3.182000000000000000e+03,3.556922820280306041e-06
3.183000000000000000e+03,3.555750026862369850e-06
3.184000000000000000e+03,3.553312353687942959e-06
3.185000000000000000e+03,3.551639565557707101e-06
3.186000000000000000e+03,3.549668235791614279e-06
3.187000000000000000e+03,3.547904952938552015e-06
3.188000000000000000e+03,3.544884066286613233e-06
3.189000000000000000e+03,3.541655814842670225e-06
3.190000000000000000e+03,3.541588739608414471e-06
3.191000000000000000e+03,3.539099452609661967e-06
3.192000000000000000e+03,3.536456461006309837e-06
3.193000000000000000e+03,3.535167479640222155e-06
3.194000000000000000e+03,3.533071321726310998e-06
3.195000000000000000e+03,3.530542471708031371e-06
3.196000000000000000e+03,3.528434035615646280e-06
3.197000000000000000e+03,3.526451109792105854e-06
3.198000000000000000e+03,3.523352461343165487e-06
3.199000000000000000e+03,3.523291297824471258e-06
3.200000000000000000e+03,3.521484586599399336e-06
3.201000000000000000e+03,3.519258598316810094e-06
3.202000000000000000e+03,3.516596507324720733e-06
3.203000000000000000e+03,3.513687943268450908e-06
3.204000000000000000e+03,3.510235956127871759e-06
3.205000000000000000e+03,3.506634357108850963e-06
3.206000000000000000e+03,3.513141336952685378e-06
3.207000000000000000e+03,3.505575932649662718e-06
3.208000000000000000e+03,3.503771040413994342e-06
3.209000000000000000e+03,3.502246045172796585e-06
3.210000000000000000e+03,3.499698550513130613e-06
3.211000000000000000e+03,3.496324325169553049e-06
3.212000000000000000e+03,3.489260279820882715e-06
3.213000000000000000e+03,3.490021072138915770e-06
3.214000000000000000e+03,3.486059995339019224e-06
3.215000000000000000e+03,3.481363592072739266e-06
3.216000000000000000e+03,3.477837253740290180e-06
3.217000000000000000e+03,3.475084213278023526e-06
3.218000000000000000e+03,3.468572003839653917e-06
3.219000000000000000e+03,3.469110652076778933e-06
3.220000000000000000e+03,3.466150246822508052e-06
3.221000000000000000e+03,3.462810127530246973e-06
3.222000000000000000e+03,3.460501829977147281e-06
3.223000000000000000e+03,3.458482069618185051e-06
3.224000000000000000e+03,3.456616468611173332e-06
3.225000000000000000e+03,3.454784973655478097e-06
3.226000000000000000e+03,3.452607188592082821e-06
3.227000000000000000e+03,3.448182269494282082e-06
3.228000000000000000e+03,3.447824610702809878e-06
3.229000000000000000e+03,3.445766196819022298e-06
3.230000000000000000e+03,3.441746912358212285e-06
3.231000000000000000e+03,3.437435680098133162e-06
3.232000000000000000e+03,3.433047595535754226e-06
3.233000000000000000e+03,3.428356649237684906e-06
3.234000000000000000e+03,3.424558826736756600e-06
3.235000000000000000e+03,3.421588189667090774e-06
3.236000000000000000e+03,3.419093900447478518e-06
3.237000000000000000e+03,3.416834033487248234e-06
3.238000000000000000e+03,3.414597813389264047e-06
3.239000000000000000e+03,3.412759042475954629e-06
3.240000000000000000e+03,3.411120133023359813e-06
3.241000000000000000e+03,3.409206101423478685e-06
3.242000000000000000e+03,3.408007387406541966e-06
3.243000000000000000e+03,3.406179303055978380e-06
3.244000000000000000e+03,3.404107701499015093e-06
3.245000000000000000e+03,3.415600531297968701e-06
3.246000000000000000e+03,3.402675702091073617e-06
3.247000000000000000e+03,3.399493152755894698e-06
3.248000000000000000e+03,3.397387672521290369e-06
3.249000000000000000e+03,3.393968199816299602e-06
3.250000000000000000e+03,3.392947519387234934e-06
3.251000000000000000e+03,3.390698111616075039e-06
3.252000000000000000e+03,3.389639005035860464e-06
3.253000000000000000e+03,3.388384811842115596e-06
3.254000000000000000e+03,3.386249318282352760e-06
3.255000000000000000e+03,3.388673121662577614e-06
3.256000000000000000e+03,3.384887804713798687e-06
3.257000000000000000e+03,3.382767772563965991e-06
3.258000000000000000e+03,3.380962198207271285e-06
3.259000000000000000e+03,3.379367626621387899e-06
3.260000000000000000e+03,3.377573875695816241e-06
3.261000000000000000e+03,3.374870175321120769e-06
3.262000000000000000e+03,3.372773562659858726e-06
3.263000000000000000e+03,3.371123966644518077e-06
3.264000000000000000e+03,3.367870249348925427e-06
3.265000000000000000e+03,3.366770897628157400e-06
3.266000000000000000e+03,3.365399606991559267e-06
3.267000000000000000e+03,3.364097437952295877e-06
3.268000000000000000e+03,3.362501502124359831e-06
3.269000000000000000e+03,3.360967639309819788e-06
3.270000000000000000e+03,3.359149332027300261e-06
3.271000000000000000e+03,3.357479727128520608e-06
3.272000000000000000e+03,3.354546379341627471e-06
3.273000000000000000e+03,3.352209887452772819e-06
3.274000000000000000e+03,3.347415031385025941e-06
3.275000000000000000e+03,3.347288838995154947e-06
3.276000000000000000e+03,3.345128789078444242e-06
3.277000000000000000e+03,3.340983084854087792e-06
3.278000000000000000e+03,3.337044290674384683e-06
3.279000000000000000e+03,3.333786025905283168e-06
3.280000000000000000e+03,3.331460902700200677e-06
3.281000000000000000e+03,3.328767434140900150e-06
3.282000000000000000e+03,3.326099431433249265e-06
3.283000000000000000e+03,3.319674078738898970e-06
3.284000000000000000e+03,3.323069222460617311e-06
3.285000000000000000e+03,3.317602022434584796e-06
3.286000000000000000e+03,3.314064542792038992e-06
3.287000000000000000e+03,3.311204181954963133e-06
3.288000000000000000e+03,3.307511178718414158e-06
3.289000000000000000e+03,3.302388904558029026e-06
3.290000000000000000e+03,3.299272066215053201e-06
3.291000000000000000e+03,3.295863052699132822e-06
3.292000000000000000e+03,3.293975396445603110e-06
3.293000000000000000e+03,3.290369249953073449e-06
3.294000000000000000e+03,3.288636435172520578e-06
3.295000000000000000e+03,3.285397269792156294e-06
3.296000000000000000e+03,3.283996875325101428e-06
3.297000000000000000e+03,3.284212880316772498e-06
3.298000000000000000e+03,3.283183332314365543e-06
3.299000000000000000e+03,3.281618546679965220e-06
3.300000000000000000e+03,3.279617430962389335e-06
3.301000000000000000e+03,3.277404630352975801e-06
3.302000000000000000e+03,3.274884875281713903e-06
3.303000000000000000e+03,3.272289404776529409e-06
3.304000000000000000e+03,3.268389036747976206e-06
3.305000000000000000e+03,3.266807652835268527e-06
3.306000000000000000e+03,3.264519136791932397e-06
3.307000000000000000e+03,3.262994368924410082e-06
3.308000000000000000e+03,3.261172423663083464e-06
3.309000000000000000e+03,3.259558297941111960e-06
3.310000000000000000e+03,3.257998059780220501e-06
3.311000000000000000e+03,3.256861191403004341e-06
3.312000000000000000e+03,3.254380089856567793e-06
3.313000000000000000e+03,3.253235718148062006e-06
3.314000000000000000e+03,3.251422867833753116e-06
3.315000000000000000e+03,3.250440613555838354e-06
3.316000000000000000e+03,3.248812618039664812e-06
3.317000000000000000e+03,3.246624828534550034e-06
3.318000000000000000e+03,3.243276523789972998e-06
3.319000000000000000e+03,3.240317028030403890e-06
3.320000000000000000e+03,3.238626959500834346e-06
3.321000000000000000e+03,3.237709051973070018e-06
3.322000000000000000e+03,3.236459861000184901e-06
3.323000000000000000e+03,3.236463271605316550e-06
3.324000000000000000e+03,3.235085614505806006e-06
3.325000000000000000e+03,3.233312781958375126e-06
3.326000000000000000e+03,3.232286189813748933e-06
3.327000000000000000e+03,3.231029495509574190e-06
3.328000000000000000e+03,3.229551793992868625e-06
3.329000000000000000e+03,3.227642537240171805e-06
3.330000000000000000e+03,3.226058879590709694e-06
3.331000000000000000e+03,3.224638930987566710e-06
3.332000000000000000e+03,3.222443865524837747e-06
3.333000000000000000e+03,3.221009592380141839e-06
3.334000000000000000e+03,3.218921165171195753e-06
3.335000000000000000e+03,3.215810011170106009e-06
3.336000000000000000e+03,3.222992745577357709e-06
3.337000000000000000e+03,3.214733396816882305e-06
3.338000000000000000e+03,3.212276169506367296e-06
3.339000000000000000e+03,3.211131797797861509e-06
3.340000000000000000e+03,3.209200031051295809e-06
3.341000000000000000e+03,3.207034978913725354e-06
3.342000000000000000e+03,3.203373807991738431e-06
3.343000000000000000e+03,3.206467908967169933e-06
3.344000000000000000e+03,3.201907020411454141e-06
3.345000000000000000e+03,3.200004357495345175e-06
3.346000000000000000e+03,3.198862714270944707e-06
3.347000000000000000e+03,3.197632622686796822e-06
3.348000000000000000e+03,3.196452553311246447e-06
3.349000000000000000e+03,3.193939392076572403e-06
3.350000000000000000e+03,3.192664735252037644e-06
3.351000000000000000e+03,3.190900088156922720e-06
3.352000000000000000e+03,3.189307790307793766e-06
3.353000000000000000e+03,3.187107722624205053e-06
3.354000000000000000e+03,3.189510834999964572e-06
3.355000000000000000e+03,3.186437197655322962e-06
3.356000000000000000e+03,3.185852619935758412e-06
3.357000000000000000e+03,3.184879460604861379e-06
3.358000000000000000e+03,3.184033175784861669e-06
3.359000000000000000e+03,3.181963393217301928e-06
3.360000000000000000e+03,3.183257149430573918e-06
3.361000000000000000e+03,3.181017973474808969e-06
3.362000000000000000e+03,3.178940232828608714e-06
3.363000000000000000e+03,3.177164899170747958e-06
3.364000000000000000e+03,3.175919118802994490e-06
3.365000000000000000e+03,3.174393214067094959e-06
3.366000000000000000e+03,3.171731123075005598e-06
3.367000000000000000e+03,3.172833203279878944e-06
3.368000000000000000e+03,3.170009222230874002e-06
3.369000000000000000e+03,3.167436261719558388e-06
3.370000000000000000e+03,3.165556563544669189e-06
3.371000000000000000e+03,3.164205963912536390e-06
3.372000000000000000e+03,3.166805299770203419e-06
3.373000000000000000e+03,3.163339897582773119e-06
3.374000000000000000e+03,3.161889253533445299e-06
3.375000000000000000e+03,3.159819470965885557e-06
3.376000000000000000e+03,3.158261733915423974e-06
3.377000000000000000e+03,3.156286084049497731e-06
3.378000000000000000e+03,3.159768084515235387e-06
3.379000000000000000e+03,3.155609874738729559e-06
3.380000000000000000e+03,3.154460273435688578e-06
3.381000000000000000e+03,3.153842044412158430e-06
3.382000000000000000e+03,3.152788394800154492e-06
3.383000000000000000e+03,3.150959400954889134e-06
3.384000000000000000e+03,3.148781615891493857e-06
3.385000000000000000e+03,3.146335529891075566e-06
3.386000000000000000e+03,3.144911715935450047e-06
3.387000000000000000e+03,3.143379899483988993e-06
3.388000000000000000e+03,3.141564775432925671e-06
3.389000000000000000e+03,3.139494992865365930e-06
3.390000000000000000e+03,3.137959538435097784e-06
3.391000000000000000e+03,3.137375415462884121e-06
3.392000000000000000e+03,3.136436362183303572e-06
3.393000000000000000e+03,3.134648522973293439e-06
3.394000000000000000e+03,3.133408654321101494e-06
3.395000000000000000e+03,3.131661514998995699e-06
3.396000000000000000e+03,3.141374236292904243e-06
3.397000000000000000e+03,3.130998493361403234e-06
3.398000000000000000e+03,3.129170863758190535e-06
3.399000000000000000e+03,3.127524223600630648e-06
3.400000000000000000e+03,3.125813691440271214e-06
3.401000000000000000e+03,3.123693659290438518e-06
3.402000000000000000e+03,3.120568635495146737e-06
3.403000000000000000e+03,3.121324198218644597e-06
3.404000000000000000e+03,3.119266693829558790e-06
3.405000000000000000e+03,3.117732603641343303e-06
3.406000000000000000e+03,3.116763309662928805e-06
3.407000000000000000e+03,3.115834260825067759e-06
3.408000000000000000e+03,3.114680566795868799e-06
3.409000000000000000e+03,3.112315653197583742e-06
3.410000000000000000e+03,3.112153081019641832e-06
3.411000000000000000e+03,3.110363195446552709e-06
3.412000000000000000e+03,3.109414592472603545e-06
3.413000000000000000e+03,3.108294322373694740e-06
3.414000000000000000e+03,3.107361408183351159e-06
3.415000000000000000e+03,3.106277745246188715e-06
3.416000000000000000e+03,3.105549922111094929e-06
3.417000000000000000e+03,3.104601319137145765e-06
3.418000000000000000e+03,3.103761400780058466e-06
3.419000000000000000e+03,3.101396941929124296e-06
3.420000000000000000e+03,3.112223112111678347e-06
3.421000000000000000e+03,3.100856702076271176e-06
3.422000000000000000e+03,3.099443347309716046e-06
3.423000000000000000e+03,3.098143679380882531e-06
3.424000000000000000e+03,3.095977035627583973e-06
3.425000000000000000e+03,3.094446583418175578e-06
3.426000000000000000e+03,3.092438419116660953e-06
3.427000000000000000e+03,3.091118969678063877e-06
3.428000000000000000e+03,3.089477786488714628e-06
3.429000000000000000e+03,3.087982577198999934e-06
3.430000000000000000e+03,3.086261131102219224e-06
3.431000000000000000e+03,3.084915306317270733e-06
3.432000000000000000e+03,3.083015371885267086e-06
3.433000000000000000e+03,3.081102477153763175e-06
3.434000000000000000e+03,3.079238695136155002e-06
3.435000000000000000e+03,3.077007477259030566e-06
3.436000000000000000e+03,3.075899257964920253e-06
3.437000000000000000e+03,3.074142796322121285e-06
3.438000000000000000e+03,3.072246727242600173e-06
3.439000000000000000e+03,3.073070956816081889e-06
3.440000000000000000e+03,3.071275841648457572e-06
3.441000000000000000e+03,3.069527792831650004e-06
3.442000000000000000e+03,3.068366368097485974e-06
3.443000000000000000e+03,3.066611498070415109e-06
3.444000000000000000e+03,3.064712245759437792e-06
3.445000000000000000e+03,3.063989879592554644e-06
3.446000000000000000e+03,3.062150199184543453e-06
3.447000000000000000e+03,3.061286406591534615e-06
3.448000000000000000e+03,3.060044264202588238e-06
3.449000000000000000e+03,3.057502908632159233e-06
3.450000000000000000e+03,3.064537395403021947e-06
3.451000000000000000e+03,3.056505192944314331e-06
3.452000000000000000e+03,3.054198941754293628e-06
3.453000000000000000e+03,3.052109832424321212e-06
3.454000000000000000e+03,3.050323130082688294e-06
3.455000000000000000e+03,3.048467306143720634e-06
3.456000000000000000e+03,3.047168092962238006e-06
3.457000000000000000e+03,3.045418679903377779e-06
3.458000000000000000e+03,3.042916432605125010e-06
3.459000000000000000e+03,3.040897809114539996e-06
3.460000000000000000e+03,3.038306886082864366e-06
3.461000000000000000e+03,3.036504267583950423e-06
3.462000000000000000e+03,3.034242809007992037e-06
3.463000000000000000e+03,3.031335836567450315e-06
3.464000000000000000e+03,3.029282879651873372e-06
3.465000000000000000e+03,3.025560090463841334e-06
3.466000000000000000e+03,3.022661076101940125e-06
3.467000000000000000e+03,3.018908046215074137e-06
3.468000000000000000e+03,3.015433549080626108e-06
3.469000000000000000e+03,3.014690037161926739e-06
3.470000000000000000e+03,3.013643890881212428e-06
3.471000000000000000e+03,3.012963361470610835e-06
3.472000000000000000e+03,3.012226443388499320e-06
3.473000000000000000e+03,3.010765567523776554e-06
3.474000000000000000e+03,3.007127588716684841e-06
3.475000000000000000e+03,3.005292455782182515e-06
3.476000000000000000e+03,3.003666051881737076e-06
3.477000000000000000e+03,3.003135361723252572e-06
3.478000000000000000e+03,3.002026232934440486e-06
3.479000000000000000e+03,3.000502601935295388e-06
3.480000000000000000e+03,2.999589924002066255e-06
3.481000000000000000e+03,2.998472382387262769e-06
3.482000000000000000e+03,2.997411229443969205e-06
3.483000000000000000e+03,2.996611101480084471e-06
3.484000000000000000e+03,2.994485839735716581e-06
3.485000000000000000e+03,2.992537247337168083e-06
3.486000000000000000e+03,2.989289441757136956e-06
3.487000000000000000e+03,2.987243988172849640e-06
3.488000000000000000e+03,2.984943876072065905e-06
3.489000000000000000e+03,2.986928393511334434e-06
3.490000000000000000e+03,2.984135335282189772e-06
3.491000000000000000e+03,2.982802470796741545e-06
3.492000000000000000e+03,2.980994850076967850e-06
3.493000000000000000e+03,2.978993506985716522e-06
3.494000000000000000e+03,2.977049007313326001e-06
3.495000000000000000e+03,2.973825303342891857e-06
3.496000000000000000e+03,2.971745743707288057e-06
3.497000000000000000e+03,2.968257376778637990e-06
3.498000000000000000e+03,2.964778104797005653e-06
3.499000000000000000e+03,2.963095084851374850e-06
3.500000000000000000e+03,2.959539642688469030e-06
3.501000000000000000e+03,2.958503046102123335e-06
3.502000000000000000e+03,2.957786591650801711e-06
3.503000000000000000e+03,2.956498292405740358e-06
3.504000000000000000e+03,2.960104666271945462e-06
3.505000000000000000e+03,2.955984655272914097e-06
3.506000000000000000e+03,2.955176114483037964e-06
3.507000000000000000e+03,2.953560624519013800e-06
3.508000000000000000e+03,2.952618160634301603e-06
3.509000000000000000e+03,2.951290525743388571e-06
3.510000000000000000e+03,2.950622047137585469e-06
3.511000000000000000e+03,2.948426754301181063e-06
3.512000000000000000e+03,2.945703954537748359e-06
3.513000000000000000e+03,2.944274910987587646e-06
3.514000000000000000e+03,2.941004368040012196e-06
3.515000000000000000e+03,2.939673322543967515e-06
3.516000000000000000e+03,2.938070792879443616e-06
3.517000000000000000e+03,2.935965767392190173e-06
3.518000000000000000e+03,2.941023240055073984e-06
3.519000000000000000e+03,2.934144049504538998e-06
3.520000000000000000e+03,2.931519475168897770e-06
3.521000000000000000e+03,2.929871925516636111e-06
3.522000000000000000e+03,2.928227331722155213e-06
3.523000000000000000e+03,2.927471996372332796e-06
3.524000000000000000e+03,2.925330136349657550e-06
3.525000000000000000e+03,2.924226691902731545e-06
3.526000000000000000e+03,2.923002057286794297e-06
3.527000000000000000e+03,2.921475470429868437e-06
3.528000000000000000e+03,2.918977997978799976e-06
3.529000000000000000e+03,2.917637402788386680e-06
3.530000000000000000e+03,2.916825451393378899e-06
3.531000000000000000e+03,2.915852974183508195e-06
3.532000000000000000e+03,2.914830247391364537e-06
3.533000000000000000e+03,2.913035132223740220e-06
3.534000000000000000e+03,2.911533101723762229e-06
3.535000000000000000e+03,2.910192051785998046e-06
3.536000000000000000e+03,2.908476744778454304e-06
3.537000000000000000e+03,2.907025873355451040e-06
3.538000000000000000e+03,2.905239171013818122e-06
3.539000000000000000e+03,2.903495442296843976e-06
3.540000000000000000e+03,2.902526375692104921e-06
3.541000000000000000e+03,2.901483185269171372e-06
3.542000000000000000e+03,2.900417257478693500e-06
3.543000000000000000e+03,2.898937509598908946e-06
3.544000000000000000e+03,2.897243120969505981e-06
3.545000000000000000e+03,2.903127324316301383e-06
3.546000000000000000e+03,2.896596015489194542e-06
3.547000000000000000e+03,2.895296802307711914e-06
3.548000000000000000e+03,2.894117642426863313e-06
3.549000000000000000e+03,2.892440306823118590e-06
3.550000000000000000e+03,2.891137455662828870e-06
3.551000000000000000e+03,2.889506049541523680e-06
3.552000000000000000e+03,2.888265271394629963e-06
3.553000000000000000e+03,2.886041784222470596e-06
3.554000000000000000e+03,2.883168690459569916e-06
3.555000000000000000e+03,2.887753453251207247e-06
3.556000000000000000e+03,2.881937916754395701e-06
3.557000000000000000e+03,2.879087332985363901e-06
3.558000000000000000e+03,2.877479801099980250e-06
3.559000000000000000e+03,2.876641246984945610e-06
3.560000000000000000e+03,2.875509153454913758e-06
3.561000000000000000e+03,2.874350002457504161e-06
3.562000000000000000e+03,2.873351832022308372e-06
3.563000000000000000e+03,2.871815013349987566e-06
3.564000000000000000e+03,2.874292704291292466e-06
3.565000000000000000e+03,2.871017613870208152e-06
3.566000000000000000e+03,2.869099716917844489e-06
3.567000000000000000e+03,2.867158400476910174e-06
3.568000000000000000e+03,2.864560201487620361e-06
3.569000000000000000e+03,2.861979510271339677e-06
3.570000000000000000e+03,2.861683242372237146e-06
3.571000000000000000e+03,2.859982032532570884e-06
3.572000000000000000e+03,2.856697165043442510e-06
3.573000000000000000e+03,2.855090770026436076e-06
3.574000000000000000e+03,2.853283376680337824e-06
3.575000000000000000e+03,2.851769750122912228e-06
3.576000000000000000e+03,2.851108092727372423e-06
3.577000000000000000e+03,2.849814563887775876e-06
3.578000000000000000e+03,2.848220219675567932e-06
3.579000000000000000e+03,2.847026735253166407e-06
3.580000000000000000e+03,2.853240857803029940e-06
3.581000000000000000e+03,2.846541747203445993e-06
3.582000000000000000e+03,2.845169319698470645e-06
3.583000000000000000e+03,2.843518359441077337e-06
3.584000000000000000e+03,2.841513605744694360e-06
3.585000000000000000e+03,2.840010438376339152e-06
3.586000000000000000e+03,2.843210495484527200e-06
3.587000000000000000e+03,2.839252829289762303e-06
3.588000000000000000e+03,2.838090495060896501e-06
3.589000000000000000e+03,2.837148485923535191e-06
3.590000000000000000e+03,2.836280145857017487e-06
3.591000000000000000e+03,2.834657379935379140e-06
3.592000000000000000e+03,2.834277665897388943e-06
3.593000000000000000e+03,2.831089432220323943e-06
3.594000000000000000e+03,2.830127641573199071e-06
3.595000000000000000e+03,2.829110144375590608e-06
3.596000000000000000e+03,2.827987373166251928e-06
3.597000000000000000e+03,2.826623585860943422e-06
3.598000000000000000e+03,2.824000603141030297e-06
3.599000000000000000e+03,2.823178192556952126e-06
3.600000000000000000e+03,2.822275064318091609e-06
3.601000000000000000e+03,2.821348516590660438e-06
3.602000000000000000e+03,2.820100917233503424e-06
3.603000000000000000e+03,2.819545215970720164e-06
3.604000000000000000e+03,2.818639131874078885e-06
3.605000000000000000e+03,2.818062057485803962e-06
3.606000000000000000e+03,2.817372660501860082e-06
3.607000000000000000e+03,2.816164396790554747e-06
3.608000000000000000e+03,2.815922016452532262e-06
3.609000000000000000e+03,2.813823130054515786e-06
3.610000000000000000e+03,2.813015498759341426e-06
3.611000000000000000e+03,2.812049842759734020e-06
3.612000000000000000e+03,2.810985506584984250e-06
3.613000000000000000e+03,2.809113311741384678e-06
3.614000000000000000e+03,2.809008265103329904e-06
3.615000000000000000e+03,2.807714281516382471e-06
3.616000000000000000e+03,2.806451448122970760e-06
3.617000000000000000e+03,2.805314807119430043e-06
3.618000000000000000e+03,2.804310270221321844e-06
3.619000000000000000e+03,2.803612233037711121e-06
3.620000000000000000e+03,2.802209792207577266e-06
3.621000000000000000e+03,2.800416723403031938e-06
3.622000000000000000e+03,2.814441586451721378e-06
3.623000000000000000e+03,2.799754383886465803e-06
3.624000000000000000e+03,2.797941988319507800e-06
3.625000000000000000e+03,2.796909939206670970e-06
3.626000000000000000e+03,2.795419732137816027e-06
3.627000000000000000e+03,2.793831527014845051e-06
3.628000000000000000e+03,2.792553914332529530e-06
3.629000000000000000e+03,2.790065536828478798e-06
3.630000000000000000e+03,2.789058044072589837e-06
3.631000000000000000e+03,2.787854782582144253e-06
3.632000000000000000e+03,2.787097173495567404e-06
3.633000000000000000e+03,2.785473952826578170e-06
3.634000000000000000e+03,2.783586978694074787e-06
3.635000000000000000e+03,2.782227284114924259e-06
3.636000000000000000e+03,2.781695229714387096e-06
3.637000000000000000e+03,2.779868509605876170e-06
3.638000000000000000e+03,2.779179339995607734e-06
3.639000000000000000e+03,2.778089310595532879e-06
3.640000000000000000e+03,2.776599785647704266e-06
3.641000000000000000e+03,2.775331495286081918e-06
3.642000000000000000e+03,2.774258291537989862e-06
3.643000000000000000e+03,2.773190999505459331e-06
3.644000000000000000e+03,2.772356310742907226e-06
3.645000000000000000e+03,2.771129857137566432e-06
3.646000000000000000e+03,2.769364300547749735e-06
3.647000000000000000e+03,2.775684151856694371e-06
3.648000000000000000e+03,2.768852255030651577e-06
3.649000000000000000e+03,2.767841579043306410e-06
3.650000000000000000e+03,2.767223350019776262e-06
3.651000000000000000e+03,2.766377747320802882e-06
3.652000000000000000e+03,2.765175395325059071e-06
3.653000000000000000e+03,2.765396175163914450e-06
3.654000000000000000e+03,2.764488044704194181e-06
3.655000000000000000e+03,2.763003067229874432e-06
3.656000000000000000e+03,2.761988753263722174e-06
3.657000000000000000e+03,2.760914412647252902e-06
3.658000000000000000e+03,2.759724793577333912e-06
3.659000000000000000e+03,2.757204129011370242e-06
3.660000000000000000e+03,2.785867764032445848e-06
3.661000000000000000e+03,2.756643198154051788e-06
3.662000000000000000e+03,2.753733497229404747e-06
3.663000000000000000e+03,2.751831971181672998e-06
3.664000000000000000e+03,2.749722398220910691e-06
3.665000000000000000e+03,2.749549366853898391e-06
3.666000000000000000e+03,2.748829274423769675e-06
3.667000000000000000e+03,2.747587586782174185e-06
3.668000000000000000e+03,2.745814072113716975e-06
3.669000000000000000e+03,2.744202902249526232e-06
3.670000000000000000e+03,2.742945753198000602e-06
3.671000000000000000e+03,2.740505351539468393e-06
3.672000000000000000e+03,2.738211833275272511e-06
3.673000000000000000e+03,2.736035412453929894e-06
3.674000000000000000e+03,2.734386271185940132e-06
3.675000000000000000e+03,2.733446308411657810e-06
3.676000000000000000e+03,2.732605707933544181e-06
3.677000000000000000e+03,2.730730784605839290e-06
3.678000000000000000e+03,2.728720119193894789e-06
3.679000000000000000e+03,2.730210781010100618e-06
3.680000000000000000e+03,2.727850414885324426e-06
3.681000000000000000e+03,2.726595084823202342e-06
3.682000000000000000e+03,2.725566218941821717e-06
3.683000000000000000e+03,2.724269506870768964e-06
3.684000000000000000e+03,2.721952796491677873e-06
3.685000000000000000e+03,2.720984866755316034e-06
3.686000000000000000e+03,2.718351424846332520e-06
3.687000000000000000e+03,2.717396228035795502e-06
3.688000000000000000e+03,2.716381004574941471e-06
3.689000000000000000e+03,2.714759148148004897e-06
3.690000000000000000e+03,2.714986749197123572e-06
3.691000000000000000e+03,2.713645699259359390e-06
3.692000000000000000e+03,2.711894694584771059e-06
3.693000000000000000e+03,2.710953367568436079e-06
3.694000000000000000e+03,2.710850594667135738e-06
3.695000000000000000e+03,2.709736008910113014e-06
3.696000000000000000e+03,2.709329464778420515e-06
3.697000000000000000e+03,2.708549118324299343e-06
3.698000000000000000e+03,2.707612111407797784e-06
3.699000000000000000e+03,2.706458644752274267e-06
3.700000000000000000e+03,2.704580538193113171e-06
3.701000000000000000e+03,2.703767677303403616e-06
3.702000000000000000e+03,2.702661959119723178e-06
3.703000000000000000e+03,2.701567836993490346e-06
3.704000000000000000e+03,2.699029437280842103e-06
3.705000000000000000e+03,2.697562877074233256e-06
3.706000000000000000e+03,2.694568138394970447e-06
3.707000000000000000e+03,2.693079977689194493e-06
3.708000000000000000e+03,2.692149564609280787e-06
3.709000000000000000e+03,2.691142526600742713e-06
3.710000000000000000e+03,2.688836730158072896e-06
3.711000000000000000e+03,2.693773694772971794e-06
3.712000000000000000e+03,2.687944743229309097e-06
3.713000000000000000e+03,2.685741037566913292e-06
3.714000000000000000e+03,2.684124638108187355e-06
3.715000000000000000e+03,2.682545755305909552e-06
3.716000000000000000e+03,2.680944362509762868e-06
3.717000000000000000e+03,2.679383442227845080e-06
3.718000000000000000e+03,2.678610371731338091e-06
3.719000000000000000e+03,2.677327756828162819e-06
3.720000000000000000e+03,2.675725681910989806e-06
3.721000000000000000e+03,2.674397364899050444e-06
3.722000000000000000e+03,2.672113623702898622e-06
3.723000000000000000e+03,2.669562263690750115e-06
3.724000000000000000e+03,2.668393108251621015e-06
3.725000000000000000e+03,2.666798991413088515e-06
3.726000000000000000e+03,2.666113914528978057e-06
3.727000000000000000e+03,2.664997964529902674e-06
3.728000000000000000e+03,2.663234226929489523e-06
3.729000000000000000e+03,2.671040647328482009e-06
3.730000000000000000e+03,2.662635552042047493e-06
3.731000000000000000e+03,2.660743348315008916e-06
3.732000000000000000e+03,2.659095343915396370e-06
3.733000000000000000e+03,2.656898232089588419e-06
3.734000000000000000e+03,2.654626996445585974e-06
3.735000000000000000e+03,2.658750872797099873e-06
3.736000000000000000e+03,2.653836190802394412e-06
3.737000000000000000e+03,2.652068133102147840e-06
3.738000000000000000e+03,2.650360102052218281e-06
3.739000000000000000e+03,2.648148210937506519e-06
3.740000000000000000e+03,2.646519078552955762e-06
3.741000000000000000e+03,2.644739424795261584e-06
3.742000000000000000e+03,2.643264451762661338e-06
3.743000000000000000e+03,2.641594846863881685e-06
3.744000000000000000e+03,2.640104639795026742e-06
3.745000000000000000e+03,2.638035994095844217e-06
3.746000000000000000e+03,2.636305907799396664e-06
3.747000000000000000e+03,2.634002612467156723e-06
3.748000000000000000e+03,2.632818677739123814e-06
3.749000000000000000e+03,2.631446250234148465e-06
3.750000000000000000e+03,2.632144742165110074e-06
3.751000000000000000e+03,2.630834160299855284e-06
3.752000000000000000e+03,2.629512891871854663e-06
3.753000000000000000e+03,2.627602498250780627e-06
3.754000000000000000e+03,2.626383547976729460e-06
3.755000000000000000e+03,2.625142087708809413e-06
3.756000000000000000e+03,2.625379238452296704e-06
3.757000000000000000e+03,2.624263515826896764e-06
3.758000000000000000e+03,2.623289901748648845e-06
3.759000000000000000e+03,2.621859948703786358e-06
3.760000000000000000e+03,2.620746272441465408e-06
3.761000000000000000e+03,2.618014832478365861e-06
3.762000000000000000e+03,2.615806351968785748e-06
3.763000000000000000e+03,2.614441200421424583e-06
3.764000000000000000e+03,2.613342985569033772e-06
3.765000000000000000e+03,2.612736352602951229e-06
3.766000000000000000e+03,2.611885975056793541e-06
3.767000000000000000e+03,2.610382125567412004e-06
3.768000000000000000e+03,2.609971943456912413e-06
3.769000000000000000e+03,2.608791419334011152e-06
3.770000000000000000e+03,2.608281874927342869e-06
3.771000000000000000e+03,2.607695705592050217e-06
3.772000000000000000e+03,2.606793941595242359e-06
3.773000000000000000e+03,2.605319878057343885e-06
3.774000000000000000e+03,2.606985617603641003e-06
3.775000000000000000e+03,2.604669589345576242e-06
3.776000000000000000e+03,2.603881966933840886e-06
3.777000000000000000e+03,2.603348775664926507e-06
3.778000000000000000e+03,2.602760787340230308e-06
3.779000000000000000e+03,2.602007725727162324e-06
3.780000000000000000e+03,2.600598236313089728e-06
3.781000000000000000e+03,2.600585503387264907e-06
3.782000000000000000e+03,2.599903382360935211e-06
3.783000000000000000e+03,2.598992978164460510e-06
3.784000000000000000e+03,2.597698994577513076e-06
3.785000000000000000e+03,2.596139438537647948e-06
3.786000000000000000e+03,2.594476200101780705e-06
3.787000000000000000e+03,2.607117039588047192e-06
3.788000000000000000e+03,2.594005763967288658e-06
3.789000000000000000e+03,2.592706778159481473e-06
3.790000000000000000e+03,2.591235670479363762e-06
3.791000000000000000e+03,2.589193627500208095e-06
3.792000000000000000e+03,2.587730250525055453e-06
3.793000000000000000e+03,2.586573828011751175e-06
3.794000000000000000e+03,2.585368520158226602e-06
3.795000000000000000e+03,2.583908553788205609e-06
3.796000000000000000e+03,2.582226215963601135e-06
3.797000000000000000e+03,2.580624368420103565e-06
3.798000000000000000e+03,2.579114379841485061e-06
3.799000000000000000e+03,2.577625991762033664e-06
3.800000000000000000e+03,2.576860424596816301e-06
3.801000000000000000e+03,2.575885446276515722e-06
3.802000000000000000e+03,2.574981181169277988e-06
3.803000000000000000e+03,2.573794063209788874e-06
3.804000000000000000e+03,2.572886614871094935e-06
3.805000000000000000e+03,2.572074436102411710e-06
3.806000000000000000e+03,2.570970082160783932e-06
3.807000000000000000e+03,2.574690370238386095e-06
3.808000000000000000e+03,2.570720425865147263e-06
3.809000000000000000e+03,2.569987145761842839e-06
3.810000000000000000e+03,2.568873469499521889e-06
3.811000000000000000e+03,2.567817318777088076e-06
3.812000000000000000e+03,2.566965576988877729e-06
3.813000000000000000e+03,2.567144065324100666e-06
3.814000000000000000e+03,2.566288458183407784e-06
3.815000000000000000e+03,2.565065869930549525e-06
3.816000000000000000e+03,2.564014039307949133e-06
3.817000000000000000e+03,2.562865574873285368e-06
3.818000000000000000e+03,2.561257133493199944e-06
3.819000000000000000e+03,2.561399242040351965e-06
3.820000000000000000e+03,2.560200755397090688e-06
3.821000000000000000e+03,2.558655296525103040e-06
3.822000000000000000e+03,2.557824245741358027e-06
3.823000000000000000e+03,2.556636445660842583e-06
3.824000000000000000e+03,2.555225819378392771e-06
3.825000000000000000e+03,2.553021886342321523e-06
3.826000000000000000e+03,2.554464344939333387e-06
3.827000000000000000e+03,2.552323394411359914e-06
3.828000000000000000e+03,2.551292936914251186e-06
3.829000000000000000e+03,2.550468252593418583e-06
3.830000000000000000e+03,2.549487817304907367e-06
3.831000000000000000e+03,2.547578105804859661e-06
3.832000000000000000e+03,2.547732265156810172e-06
3.833000000000000000e+03,2.546280938986456022e-06
3.834000000000000000e+03,2.544512881286209449e-06
3.835000000000000000e+03,2.542465608712518588e-06
3.836000000000000000e+03,2.541316007409477606e-06
3.837000000000000000e+03,2.539868773965281434e-06
3.838000000000000000e+03,2.537811724323546514e-06
3.839000000000000000e+03,2.536831516408710741e-06
3.840000000000000000e+03,2.535574822104535997e-06
3.841000000000000000e+03,2.534510940677137114e-06
3.842000000000000000e+03,2.533442739149904810e-06
3.843000000000000000e+03,2.533334964027744718e-06
3.844000000000000000e+03,2.532850885472726077e-06
3.845000000000000000e+03,2.532299276936100796e-06
3.846000000000000000e+03,2.530868414396536537e-06
3.847000000000000000e+03,2.529394578232313506e-06
3.848000000000000000e+03,2.528453933337004855e-06
3.849000000000000000e+03,2.527436890886747278e-06
3.850000000000000000e+03,2.526615844544721767e-06
3.851000000000000000e+03,2.526412345105200075e-06
3.852000000000000000e+03,2.523930106690386310e-06
3.853000000000000000e+03,2.522871000110171735e-06
3.854000000000000000e+03,2.521616352169075981e-06
3.855000000000000000e+03,2.519990403015981428e-06
3.856000000000000000e+03,2.522097247492638417e-06
3.857000000000000000e+03,2.519208919693483040e-06
3.858000000000000000e+03,2.517541361157782376e-06
3.859000000000000000e+03,2.516551376174902543e-06
3.860000000000000000e+03,2.515072083042468876e-06
3.861000000000000000e+03,2.513846311558154412e-06
3.862000000000000000e+03,2.513474328225129284e-06
3.863000000000000000e+03,2.512066203053109348e-06
3.864000000000000000e+03,2.511694447093759663e-06
3.865000000000000000e+03,2.510965714463964105e-06
3.866000000000000000e+03,2.510017793611041270e-06
3.867000000000000000e+03,2.509560090402374044e-06
3.868000000000000000e+03,2.507678800611756742e-06
3.869000000000000000e+03,2.506380042177625000e-06
3.870000000000000000e+03,2.505664042473654263e-06
3.871000000000000000e+03,2.504352778487373143e-06
3.872000000000000000e+03,2.502962843209388666e-06
3.873000000000000000e+03,2.502396228010184132e-06
3.874000000000000000e+03,2.500908067304408178e-06
3.875000000000000000e+03,2.500458776921732351e-06
3.876000000000000000e+03,2.499592028470942751e-06
3.877000000000000000e+03,2.498567255315720104e-06
3.878000000000000000e+03,2.497842388038407080e-06
3.879000000000000000e+03,2.495818989700637758e-06
3.880000000000000000e+03,2.494721684342948720e-06
3.881000000000000000e+03,2.493083457011380233e-06
3.882000000000000000e+03,2.492013891242095269e-06
3.883000000000000000e+03,2.490991391823627055e-06
3.884000000000000000e+03,2.490110091457609087e-06
3.885000000000000000e+03,2.488940936018479988e-06
3.886000000000000000e+03,2.487465053491177969e-06
3.887000000000000000e+03,2.485118557160603814e-06
3.888000000000000000e+03,2.489199005140108056e-06
3.889000000000000000e+03,2.484146989445434883e-06
3.890000000000000000e+03,2.482340505594038405e-06
3.891000000000000000e+03,2.481062210790696554e-06
3.892000000000000000e+03,2.479650902387220412e-06
3.893000000000000000e+03,2.477796670063980855e-06
3.894000000000000000e+03,2.475225528542068787e-06
3.895000000000000000e+03,2.474184611855889671e-06
3.896000000000000000e+03,2.472164396749576554e-06
3.897000000000000000e+03,2.471254447300452739e-06
3.898000000000000000e+03,2.471084599164896645e-06
3.899000000000000000e+03,2.470096660545095801e-06
3.900000000000000000e+03,2.469621222189744003e-06
3.901000000000000000e+03,2.468879984007799067e-06
3.902000000000000000e+03,2.468086449880502187e-06
3.903000000000000000e+03,2.467344984324881807e-06
3.904000000000000000e+03,2.466113073751330376e-06
3.905000000000000000e+03,2.465644911353592761e-06
3.906000000000000000e+03,2.464872977725462988e-06
3.907000000000000000e+03,2.464303634042153135e-06
3.908000000000000000e+03,2.463463033564039506e-06
3.909000000000000000e+03,2.462532620484125800e-06
3.910000000000000000e+03,2.461692702127038501e-06
3.911000000000000000e+03,2.461765006955829449e-06
3.912000000000000000e+03,2.461226586092379875e-06
3.913000000000000000e+03,2.460525820424663834e-06
3.914000000000000000e+03,2.459403731336351484e-06
3.915000000000000000e+03,2.458438075336744078e-06
3.916000000000000000e+03,2.457195250826771371e-06
3.917000000000000000e+03,2.455667072354117408e-06
3.918000000000000000e+03,2.455019966873805970e-06
3.919000000000000000e+03,2.453391743983956985e-06
3.920000000000000000e+03,2.452650733175687492e-06
3.921000000000000000e+03,2.451488853694172576e-06
3.922000000000000000e+03,2.467982767484500073e-06
3.923000000000000000e+03,2.451191221553017385e-06
3.924000000000000000e+03,2.450294459777069278e-06
3.925000000000000000e+03,2.449310841257101856e-06
3.926000000000000000e+03,2.448440454827505164e-06
3.927000000000000000e+03,2.447413180561852641e-06
3.928000000000000000e+03,2.450180318191996776e-06
3.929000000000000000e+03,2.446808593958849087e-06
3.930000000000000000e+03,2.445174459353438579e-06
3.931000000000000000e+03,2.443806351948296651e-06
3.932000000000000000e+03,2.442450067974277772e-06
3.933000000000000000e+03,2.441243395878700539e-06
3.934000000000000000e+03,2.440548769300221466e-06
3.935000000000000000e+03,2.439296167722204700e-06
3.936000000000000000e+03,2.438729552523000166e-06
3.937000000000000000e+03,2.437850753267412074e-06
3.938000000000000000e+03,2.436767999824951403e-06
3.939000000000000000e+03,2.435703208902850747e-06
3.940000000000000000e+03,2.435089982100180350e-06
3.941000000000000000e+03,2.434599082334898412e-06
3.942000000000000000e+03,2.433808049318031408e-06
3.943000000000000000e+03,2.432444944133749232e-06
3.944000000000000000e+03,2.431687789794523269e-06
3.945000000000000000e+03,2.430345602988381870e-06
3.946000000000000000e+03,2.429397682135459036e-06
3.947000000000000000e+03,2.428477728244615719e-06
3.948000000000000000e+03,2.427531399007420987e-06
3.949000000000000000e+03,2.426859282422810793e-06
3.950000000000000000e+03,2.425620323265320621e-06
3.951000000000000000e+03,2.425555067020468414e-06
3.952000000000000000e+03,2.425050752208335325e-06
3.953000000000000000e+03,2.424116701149614528e-06
3.954000000000000000e+03,2.423051000732812099e-06
3.955000000000000000e+03,2.422891384412650950e-06
3.956000000000000000e+03,2.421892986603779718e-06
3.957000000000000000e+03,2.421478257019771263e-06
3.958000000000000000e+03,2.420859573248890229e-06
3.959000000000000000e+03,2.420190639895736240e-06
3.960000000000000000e+03,2.418316626062733121e-06
3.961000000000000000e+03,2.428334482829086483e-06
3.962000000000000000e+03,2.417836185486521572e-06
3.963000000000000000e+03,2.416689994788612239e-06
3.964000000000000000e+03,2.416169991192873567e-06
3.965000000000000000e+03,2.415579501757747494e-06
3.966000000000000000e+03,2.414924210825120099e-06
3.967000000000000000e+03,2.413784386590123177e-06
3.968000000000000000e+03,2.412826916042831726e-06
3.969000000000000000e+03,2.412312369415303692e-06
3.970000000000000000e+03,2.411405830571311526e-06
3.971000000000000000e+03,2.410266233709990047e-06
3.972000000000000000e+03,2.409193257335573435e-06
3.973000000000000000e+03,2.408253067187615670e-06
3.974000000000000000e+03,2.407712827334762551e-06
3.975000000000000000e+03,2.406065277682500891e-06
3.976000000000000000e+03,2.404400220257230103e-06
3.977000000000000000e+03,2.404869064775994048e-06
3.978000000000000000e+03,2.403344524282147177e-06
3.979000000000000000e+03,2.402440941295935772e-06
3.980000000000000000e+03,2.401899337201029994e-06
3.981000000000000000e+03,2.401712890787166543e-06
3.982000000000000000e+03,2.400996891083195806e-06
3.983000000000000000e+03,2.399955747023341246e-06
3.984000000000000000e+03,2.403815187790314667e-06
3.985000000000000000e+03,2.399613094894448295e-06
3.986000000000000000e+03,2.398561719019198790e-06
3.987000000000000000e+03,2.397696334810461849e-06
3.988000000000000000e+03,2.396868467258173041e-06
3.989000000000000000e+03,2.395982846792321652e-06
3.990000000000000000e+03,2.394197053945390508e-06
3.991000000000000000e+03,2.403180133114801720e-06
3.992000000000000000e+03,2.393601562289404683e-06
3.993000000000000000e+03,2.392045416854671203e-06
3.994000000000000000e+03,2.390810550423339009e-06
3.995000000000000000e+03,2.389435849181609228e-06
3.996000000000000000e+03,2.387940185144543648e-06
3.997000000000000000e+03,2.398672222625464201e-06
3.998000000000000000e+03,2.387343783993856050e-06
3.999000000000000000e+03,2.385579591646092013e-06
4.000000000000000000e+03,2.384442723268875852e-06
4.001000000000000000e+03,2.383409309913986363e-06
4.002000000000000000e+03,2.382402044531772844e-06
4.003000000000000000e+03,2.381151489316835068e-06
4.004000000000000000e+03,2.379134002694627270e-06
4.005000000000000000e+03,2.378023054916411638e-06
4.006000000000000000e+03,2.376821612415369600e-06
4.007000000000000000e+03,2.375368467255611904e-06
4.008000000000000000e+03,2.373797087784623727e-06
4.009000000000000000e+03,2.372902827119105496e-06
4.010000000000000000e+03,2.371797791056451388e-06
4.011000000000000000e+03,2.370498805248644203e-06
4.012000000000000000e+03,2.368914238104480319e-06
4.013000000000000000e+03,2.367802608205238357e-06
4.014000000000000000e+03,2.366495209571439773e-06
4.015000000000000000e+03,2.365291038586292416e-06
4.016000000000000000e+03,2.364277406741166487e-06
4.017000000000000000e+03,2.363178964515100233e-06
4.018000000000000000e+03,2.361447286602924578e-06
4.019000000000000000e+03,2.359931386308744550e-06
4.020000000000000000e+03,2.358031906624091789e-06
4.021000000000000000e+03,2.356747927478863858e-06
4.022000000000000000e+03,2.355571496082120575e-06
4.023000000000000000e+03,2.354307753194007091e-06
4.024000000000000000e+03,2.351868488403852098e-06
4.025000000000000000e+03,2.351153170820907690e-06
4.026000000000000000e+03,2.349725718886475079e-06
4.027000000000000000e+03,2.349141595914261416e-06
4.028000000000000000e+03,2.348185034861671738e-06
4.029000000000000000e+03,2.346715746170957573e-06
4.030000000000000000e+03,2.346107748962822370e-06
4.031000000000000000e+03,2.343899495826917700e-06
4.032000000000000000e+03,2.343325604670098983e-06
4.033000000000000000e+03,2.342359721296816133e-06
4.034000000000000000e+03,2.341786512261023745e-06
4.035000000000000000e+03,2.340568244107998908e-06
4.036000000000000000e+03,2.339845877941115759e-06
4.037000000000000000e+03,2.338034164495184086e-06
4.038000000000000000e+03,2.336661964363884181e-06
4.039000000000000000e+03,2.335165163458441384e-06
4.040000000000000000e+03,2.333671318410779350e-06
4.041000000000000000e+03,2.332588337594643235e-06
4.042000000000000000e+03,2.332358462808770128e-06
4.043000000000000000e+03,2.331252744625089690e-06
4.044000000000000000e+03,2.330760253244079649e-06
4.045000000000000000e+03,2.329961489522247575e-06
4.046000000000000000e+03,2.328843947907444090e-06
4.047000000000000000e+03,2.328997652512043715e-06
4.048000000000000000e+03,2.327808260815800168e-06
4.049000000000000000e+03,2.325830109839444049e-06
4.050000000000000000e+03,2.324420165678020567e-06
4.051000000000000000e+03,2.322903583262814209e-06
4.052000000000000000e+03,2.321803094673668966e-06
4.053000000000000000e+03,2.320374278497183695e-06
4.054000000000000000e+03,2.319276745765819214e-06
4.055000000000000000e+03,2.317692633369006217e-06
4.056000000000000000e+03,2.316091695320210420e-06
4.057000000000000000e+03,2.314448465767782182e-06
4.058000000000000000e+03,2.313260665687266737e-06
4.059000000000000000e+03,2.311945991095853969e-06
4.060000000000000000e+03,2.310257514182012528e-06
4.061000000000000000e+03,2.307703653059434146e-06
4.062000000000000000e+03,2.305444240846554749e-06
4.063000000000000000e+03,2.303404471604153514e-06
4.064000000000000000e+03,2.301995891684782691e-06
4.065000000000000000e+03,2.300358801221591420e-06
4.066000000000000000e+03,2.298585741300485097e-06
4.067000000000000000e+03,2.299634388691629283e-06
4.068000000000000000e+03,2.297781520610442385e-06
4.069000000000000000e+03,2.296956608915934339e-06
4.070000000000000000e+03,2.296358843523194082e-06
4.071000000000000000e+03,2.295169679200625978e-06
4.072000000000000000e+03,2.293171746714506298e-06
4.073000000000000000e+03,2.291648115715361200e-06
4.074000000000000000e+03,2.289576968905748799e-06
4.075000000000000000e+03,2.288838004460558295e-06
4.076000000000000000e+03,2.287726374561316334e-06
4.077000000000000000e+03,2.286698190800962038e-06
4.078000000000000000e+03,2.284960373799549416e-06
4.079000000000000000e+03,2.285355776621145196e-06
4.080000000000000000e+03,2.283993126184213907e-06
4.081000000000000000e+03,2.282638206452247687e-06
4.082000000000000000e+03,2.282566583744483069e-06
4.083000000000000000e+03,2.281932211189996451e-06
4.084000000000000000e+03,2.281219622091157362e-06
4.085000000000000000e+03,2.280090711792581715e-06
4.086000000000000000e+03,2.278413376188836992e-06
4.087000000000000000e+03,2.278687816215096973e-06
4.088000000000000000e+03,2.277611883982899599e-06
4.089000000000000000e+03,2.276209670526441187e-06
4.090000000000000000e+03,2.274893859066651203e-06
4.091000000000000000e+03,2.273176505696028471e-06
4.092000000000000000e+03,2.278732608829159290e-06
4.093000000000000000e+03,2.272670371894491836e-06
4.094000000000000000e+03,2.271379798912676051e-06
4.095000000000000000e+03,2.270453023811569437e-06
4.096000000000000000e+03,2.269342076033353806e-06
4.097000000000000000e+03,2.267667923661065288e-06
4.098000000000000000e+03,2.265829152747755870e-06
4.099000000000000000e+03,2.264024942633113824e-06
4.100000000000000000e+03,2.263239139210782014e-06
4.101000000000000000e+03,2.262570433231303468e-06
4.102000000000000000e+03,2.261944246129132807e-06
4.103000000000000000e+03,2.261431063743657432e-06
4.104000000000000000e+03,2.259755774502991699e-06
4.105000000000000000e+03,2.259071607113583013e-06
4.106000000000000000e+03,2.258331278426339850e-06
4.107000000000000000e+03,2.257756250401143916e-06
4.108000000000000000e+03,2.256904508612933569e-06
4.109000000000000000e+03,2.255854269606061280e-06
4.110000000000000000e+03,2.254532773804385215e-06
4.111000000000000000e+03,2.253416823805309832e-06
4.112000000000000000e+03,2.252015519843553193e-06
4.113000000000000000e+03,2.251212208648212254e-06
4.114000000000000000e+03,2.250651732538244687e-06
4.115000000000000000e+03,2.248884584332699887e-06
4.116000000000000000e+03,2.247806150990072638e-06
4.117000000000000000e+03,2.246568101327284239e-06
4.118000000000000000e+03,2.245833229608251713e-06
4.119000000000000000e+03,2.245123368993517943e-06
4.120000000000000000e+03,2.244334609713405371e-06
4.121000000000000000e+03,2.243309381810831837e-06
4.122000000000000000e+03,2.242617028969107196e-06
4.123000000000000000e+03,2.240766889372025616e-06
4.124000000000000000e+03,2.239815785287646577e-06
4.125000000000000000e+03,2.238352180938818492e-06
4.126000000000000000e+03,2.237125954707153141e-06
4.127000000000000000e+03,2.236088675999781117e-06
4.128000000000000000e+03,2.234986368421232328e-06
4.129000000000000000e+03,2.233756958958110772e-06
4.130000000000000000e+03,2.233713530586101115e-06
4.131000000000000000e+03,2.233156465081265196e-06
4.132000000000000000e+03,2.232702854598755948e-06
4.133000000000000000e+03,2.231521420981152914e-06
4.134000000000000000e+03,2.230098516520229168e-06
4.135000000000000000e+03,2.228819539595860988e-06
4.136000000000000000e+03,2.227574896096484736e-06
4.137000000000000000e+03,2.226144033556920476e-06
4.138000000000000000e+03,2.225114485554513521e-06
4.139000000000000000e+03,2.224252511950908229e-06
4.140000000000000000e+03,2.223833917014417239e-06
4.141000000000000000e+03,2.222911689386819489e-06
4.142000000000000000e+03,2.222329612777684815e-06
4.143000000000000000e+03,2.221326667495304719e-06
4.144000000000000000e+03,2.220765736637986265e-06
4.145000000000000000e+03,2.220080432380200364e-06
4.146000000000000000e+03,2.218960617028642446e-06
4.147000000000000000e+03,2.216991333625628613e-06
4.148000000000000000e+03,2.216850589320529252e-06
4.149000000000000000e+03,2.215789209003560245e-06
4.150000000000000000e+03,2.215040922237676568e-06
4.151000000000000000e+03,2.214404275946435519e-06
4.152000000000000000e+03,2.213760581071255729e-06
4.153000000000000000e+03,2.212005483670509420e-06
4.154000000000000000e+03,2.218704139522742480e-06
4.155000000000000000e+03,2.211695345977204852e-06
4.156000000000000000e+03,2.210707862104754895e-06
4.157000000000000000e+03,2.210126694990321994e-06
4.158000000000000000e+03,2.209425247201579623e-06
4.159000000000000000e+03,2.208703108408371918e-06
4.160000000000000000e+03,2.207676971011096612e-06
4.161000000000000000e+03,2.206259296144708060e-06
4.162000000000000000e+03,2.205808641519979574e-06
4.163000000000000000e+03,2.204954625995014794e-06
4.164000000000000000e+03,2.203900976383010857e-06
4.165000000000000000e+03,2.203438498327159323e-06
4.166000000000000000e+03,2.202285486418986693e-06
4.167000000000000000e+03,2.201686811531544663e-06
4.168000000000000000e+03,2.201041297666961327e-06
4.169000000000000000e+03,2.199223217758117244e-06
4.170000000000000000e+03,2.197695494032814167e-06
4.171000000000000000e+03,2.196701871071127243e-06
4.172000000000000000e+03,2.195744173150160350e-06
4.173000000000000000e+03,2.194902435803669505e-06
4.174000000000000000e+03,2.192844021919881925e-06
4.175000000000000000e+03,2.191543671870022081e-06
4.176000000000000000e+03,2.190712393712601624e-06
4.177000000000000000e+03,2.189866563639952801e-06
4.178000000000000000e+03,2.189197857660474256e-06
4.179000000000000000e+03,2.188576900152838789e-06
4.180000000000000000e+03,2.188798816860071383e-06
4.181000000000000000e+03,2.188072357967030257e-06
4.182000000000000000e+03,2.187070776926702820e-06
4.183000000000000000e+03,2.186315214203204960e-06
4.184000000000000000e+03,2.185382300012861378e-06
4.185000000000000000e+03,2.184301138186128810e-06
4.186000000000000000e+03,2.184063305321615189e-06
4.187000000000000000e+03,2.182569915021304041e-06
4.188000000000000000e+03,2.182206799261621200e-06
4.189000000000000000e+03,2.181268428103066981e-06
4.190000000000000000e+03,2.179915782107855193e-06
4.191000000000000000e+03,2.178406248276587576e-06
4.192000000000000000e+03,2.176936504838522524e-06
4.193000000000000000e+03,2.175554072891827673e-06
4.194000000000000000e+03,2.175334884668700397e-06
4.195000000000000000e+03,2.174245537389651872e-06
4.196000000000000000e+03,2.173864913856959902e-06
4.197000000000000000e+03,2.173385155401774682e-06
4.198000000000000000e+03,2.172570475522661582e-06
4.199000000000000000e+03,2.171444975829217583e-06
4.200000000000000000e+03,2.170125981137971394e-06
4.201000000000000000e+03,2.169393837903044187e-06
4.202000000000000000e+03,2.168606670238659717e-06
4.203000000000000000e+03,2.167905222449917346e-06
4.204000000000000000e+03,2.167298589483834803e-06
4.205000000000000000e+03,2.166100784961599857e-06
4.206000000000000000e+03,2.165457999581121840e-06
4.207000000000000000e+03,2.163859790016431361e-06
4.208000000000000000e+03,2.162018745366367511e-06
4.209000000000000000e+03,2.161465090466663241e-06
4.210000000000000000e+03,2.161007159884320572e-06
4.211000000000000000e+03,2.160545136575819924e-06
4.212000000000000000e+03,2.159399627998936921e-06
4.213000000000000000e+03,2.162380496883997694e-06
4.214000000000000000e+03,2.159013320124358870e-06
4.215000000000000000e+03,2.157953304049442522e-06
4.216000000000000000e+03,2.157180915673961863e-06
4.217000000000000000e+03,2.156344180548330769e-06
4.218000000000000000e+03,2.155312131435493939e-06
4.219000000000000000e+03,2.153506329705123790e-06
4.220000000000000000e+03,2.152954039047472179e-06
4.221000000000000000e+03,2.151848093490116298e-06
4.222000000000000000e+03,2.151367880287580192e-06
4.223000000000000000e+03,2.150298541891970672e-06
4.224000000000000000e+03,2.149548663510358892e-06
4.225000000000000000e+03,2.149013425878365524e-06
4.226000000000000000e+03,2.148536395907285623e-06
4.227000000000000000e+03,2.147982741007581353e-06
4.228000000000000000e+03,2.146809038094943389e-06
4.229000000000000000e+03,2.145831558664212935e-06
4.230000000000000000e+03,2.144968448192230426e-06
4.231000000000000000e+03,2.144200834663934074e-06
4.232000000000000000e+03,2.143730398529442027e-06
4.233000000000000000e+03,2.142735638699377887e-06
4.234000000000000000e+03,2.142381617886712775e-06
4.235000000000000000e+03,2.140817741747014225e-06
4.236000000000000000e+03,2.140457127097761258e-06
4.237000000000000000e+03,2.139678599633043632e-06
4.238000000000000000e+03,2.138661102435435168e-06
4.239000000000000000e+03,2.137948513336596079e-06
4.240000000000000000e+03,2.136948978659347631e-06
4.241000000000000000e+03,2.136442390110460110e-06
4.242000000000000000e+03,2.135292106686392799e-06
4.243000000000000000e+03,2.134486976501648314e-06
4.244000000000000000e+03,2.134380338247865438e-06
4.245000000000000000e+03,2.133921952918171883e-06
4.246000000000000000e+03,2.133141833837726153e-06
4.247000000000000000e+03,2.132624558726092800e-06
4.248000000000000000e+03,2.131891278622788377e-06
4.249000000000000000e+03,2.131456540155340917e-06
4.250000000000000000e+03,2.130842858605319634e-06
4.251000000000000000e+03,2.130169832526007667e-06
4.252000000000000000e+03,2.129685981344664469e-06
4.253000000000000000e+03,2.128578898918931372e-06
4.254000000000000000e+03,2.127664401996298693e-06
4.255000000000000000e+03,2.126440449501387775e-06
4.256000000000000000e+03,2.125877244907314889e-06
4.257000000000000000e+03,2.126370645783026703e-06
4.258000000000000000e+03,2.125484115822473541e-06
4.259000000000000000e+03,2.125031414834666066e-06
4.260000000000000000e+03,2.124626462318701670e-06
4.261000000000000000e+03,2.124074171661050059e-06
4.262000000000000000e+03,2.123377953466842882e-06
4.263000000000000000e+03,2.123989588653785177e-06
4.264000000000000000e+03,2.123015292454510927e-06
4.265000000000000000e+03,2.122285877703689039e-06
4.266000000000000000e+03,2.121834086210583337e-06
4.267000000000000000e+03,2.120994395227171481e-06
4.268000000000000000e+03,2.119948021572781727e-06
4.269000000000000000e+03,2.122350906574865803e-06
4.270000000000000000e+03,2.119455075444420800e-06
4.271000000000000000e+03,2.118425527442013845e-06
4.272000000000000000e+03,2.117814119628746994e-06
4.273000000000000000e+03,2.117271378665463999e-06
4.274000000000000000e+03,2.116853011102648452e-06
4.275000000000000000e+03,2.116276618835399859e-06
4.276000000000000000e+03,2.115574716299306601e-06
4.277000000000000000e+03,2.115100869559682906e-06
4.278000000000000000e+03,2.114321887347614393e-06
4.279000000000000000e+03,2.113794835167936981e-06
4.280000000000000000e+03,2.113002892656368203e-06
4.281000000000000000e+03,2.112460833814111538e-06
4.282000000000000000e+03,2.112006313836900517e-06
4.283000000000000000e+03,2.110829200319130905e-06
4.284000000000000000e+03,2.111049298036959954e-06
4.285000000000000000e+03,2.110114792230888270e-06
4.286000000000000000e+03,2.109023625962436199e-06
4.287000000000000000e+03,2.108414946633274667e-06
4.288000000000000000e+03,2.107865384459728375e-06
4.289000000000000000e+03,2.107269665430067107e-06
4.290000000000000000e+03,2.106577312588342465e-06
4.291000000000000000e+03,2.105696921717026271e-06
4.292000000000000000e+03,2.108247599608148448e-06
4.293000000000000000e+03,2.105341764035983942e-06
4.294000000000000000e+03,2.104542772940476425e-06
4.295000000000000000e+03,2.103738552250433713e-06
4.296000000000000000e+03,2.103120550600579008e-06
4.297000000000000000e+03,2.102366352119133808e-06
4.298000000000000000e+03,2.101106701957178302e-06
4.299000000000000000e+03,2.103665792674291879e-06
4.300000000000000000e+03,2.100433221130515449e-06
4.301000000000000000e+03,2.099706307490123436e-06
4.302000000000000000e+03,2.098946424666792154e-06
4.303000000000000000e+03,2.098164259223267436e-06
4.304000000000000000e+03,2.096888692904030904e-06
4.305000000000000000e+03,2.096773414450581186e-06
4.306000000000000000e+03,2.095786840072833002e-06
4.307000000000000000e+03,2.095538775392924435e-06
4.308000000000000000e+03,2.095170430038706400e-06
4.309000000000000000e+03,2.094733417834504507e-06
4.310000000000000000e+03,2.094184992529335432e-06
4.311000000000000000e+03,2.093250259349588305e-06
4.312000000000000000e+03,2.092487420668476261e-06
4.313000000000000000e+03,2.091909209411824122e-06
4.314000000000000000e+03,2.091140231641475111e-06
4.315000000000000000e+03,2.090565885737305507e-06
4.316000000000000000e+03,2.089987219733302481e-06
4.317000000000000000e+03,2.089291001539095305e-06
4.318000000000000000e+03,2.088070232275640592e-06
4.319000000000000000e+03,2.087365373881766573e-06
4.320000000000000000e+03,2.086841504933545366e-06
4.321000000000000000e+03,2.086202812279225327e-06
4.322000000000000000e+03,2.085540245388983749e-06
4.323000000000000000e+03,2.084286961689940654e-06
4.324000000000000000e+03,2.083094841509591788e-06
4.325000000000000000e+03,2.081657839880790561e-06
4.326000000000000000e+03,2.082825631077867001e-06
4.327000000000000000e+03,2.080986405417206697e-06
4.328000000000000000e+03,2.080318381558754481e-06
4.329000000000000000e+03,2.079445948766078800e-06
4.330000000000000000e+03,2.078710394926019944e-06
4.331000000000000000e+03,2.077117187582189217e-06
4.332000000000000000e+03,2.075645625154720619e-06
4.333000000000000000e+03,2.075299562420696020e-06
4.334000000000000000e+03,2.074169287880067714e-06
4.335000000000000000e+03,2.073868017760105431e-06
4.336000000000000000e+03,2.073060613838606514e-06
4.337000000000000000e+03,2.072236156891449355e-06
4.338000000000000000e+03,2.071364860967150889e-06
4.339000000000000000e+03,2.070524260489037260e-06
4.340000000000000000e+03,2.069537458737613633e-06
4.341000000000000000e+03,2.068863750537275337e-06
4.342000000000000000e+03,2.066719162030494772e-06
4.343000000000000000e+03,2.063949523289920762e-06
4.344000000000000000e+03,2.064572072413284332e-06
4.345000000000000000e+03,2.062725798168685287e-06
4.346000000000000000e+03,2.061240820694365539e-06
4.347000000000000000e+03,2.060711722151609138e-06
4.348000000000000000e+03,2.060144879578729160e-06
4.349000000000000000e+03,2.059323378489352763e-06
4.350000000000000000e+03,2.058354311884613708e-06
4.351000000000000000e+03,2.057098981822491623e-06
4.352000000000000000e+03,2.056227458524517715e-06
4.353000000000000000e+03,2.055479853879660368e-06
4.354000000000000000e+03,2.054222250080783851e-06
4.355000000000000000e+03,2.052910076599800959e-06
4.356000000000000000e+03,2.051694764304556884e-06
4.357000000000000000e+03,2.050505827355664223e-06
4.358000000000000000e+03,2.049519935098942369e-06
4.359000000000000000e+03,2.047471753030549735e-06
4.360000000000000000e+03,2.047207544819684699e-06
4.361000000000000000e+03,2.045310793619137257e-06
4.362000000000000000e+03,2.044308075710432604e-06
4.363000000000000000e+03,2.042950427494361065e-06
4.364000000000000000e+03,2.042686446657171473e-06
4.365000000000000000e+03,2.041406105490750633e-06
4.366000000000000000e+03,2.040748313447693363e-06
4.367000000000000000e+03,2.039479795712395571e-06
4.368000000000000000e+03,2.037847480096388608e-06
4.369000000000000000e+03,2.036767455138033256e-06
4.370000000000000000e+03,2.035249508480774239e-06
4.371000000000000000e+03,2.034370936598861590e-06
4.372000000000000000e+03,2.033214968832908198e-06
4.373000000000000000e+03,2.031229541898937896e-06
4.374000000000000000e+03,2.031176563832559623e-06
4.375000000000000000e+03,2.030105406447546557e-06
4.376000000000000000e+03,2.029378720180829987e-06
4.377000000000000000e+03,2.028793005592888221e-06
4.378000000000000000e+03,2.028270955634070560e-06
4.379000000000000000e+03,2.027081563937827013e-06
4.380000000000000000e+03,2.025470621447311714e-06
4.381000000000000000e+03,2.024073637585388497e-06
4.382000000000000000e+03,2.023211891355458647e-06
4.383000000000000000e+03,2.022724629568983801e-06
4.384000000000000000e+03,2.021676436925190501e-06
4.385000000000000000e+03,2.019533440034138039e-06
4.386000000000000000e+03,2.019916792050935328e-06
4.387000000000000000e+03,2.018525719904573634e-06
4.388000000000000000e+03,2.017114866248448379e-06
4.389000000000000000e+03,2.015693780776928179e-06
4.390000000000000000e+03,2.014332949329400435e-06
4.391000000000000000e+03,2.014277924899943173e-06
4.392000000000000000e+03,2.013423227253952064e-06
4.393000000000000000e+03,2.011811830016085878e-06
4.394000000000000000e+03,2.010714979405747727e-06
4.395000000000000000e+03,2.009865283980616368e-06
4.396000000000000000e+03,2.008823230426060036e-06
4.397000000000000000e+03,2.007542889259639196e-06
4.398000000000000000e+03,2.006213662752998061e-06
4.399000000000000000e+03,2.005002215810236521e-06
4.400000000000000000e+03,2.003885128942783922e-06
4.401000000000000000e+03,2.002931296374299563e-06
4.402000000000000000e+03,2.001973825827008113e-06
4.403000000000000000e+03,2.000543418034794740e-06
4.404000000000000000e+03,1.999817413889104500e-06
4.405000000000000000e+03,1.998175775952404365e-06
4.406000000000000000e+03,1.997729668801184744e-06
4.407000000000000000e+03,1.995955699385376647e-06
4.408000000000000000e+03,1.994629883483867161e-06
4.409000000000000000e+03,1.993665364352636971e-06
4.410000000000000000e+03,1.992964826058596373e-06
4.411000000000000000e+03,1.991618091778946109e-06
4.412000000000000000e+03,1.990087866943213157e-06
4.413000000000000000e+03,1.988907342820311897e-06
4.414000000000000000e+03,1.988131543839699589e-06
4.415000000000000000e+03,1.987283212656620890e-06
4.416000000000000000e+03,1.986531742659281008e-06
4.417000000000000000e+03,1.986076995308394544e-06
4.418000000000000000e+03,1.984840537261334248e-06
4.419000000000000000e+03,1.983790753001812845e-06
4.420000000000000000e+03,1.982783260245923884e-06
4.421000000000000000e+03,1.982200501515762880e-06
4.422000000000000000e+03,1.981720288313226774e-06
4.423000000000000000e+03,1.980472461582394317e-06
4.424000000000000000e+03,1.980216438823845237e-06
4.425000000000000000e+03,1.979149146791314706e-06
4.426000000000000000e+03,1.978716682060621679e-06
4.427000000000000000e+03,1.977942474695737474e-06
4.428000000000000000e+03,1.976658722924184985e-06
4.429000000000000000e+03,1.979740318347467110e-06
4.430000000000000000e+03,1.975990699065732770e-06
4.431000000000000000e+03,1.975168743229005486e-06
4.432000000000000000e+03,1.974599854293046519e-06
4.433000000000000000e+03,1.973999815163551830e-06
4.434000000000000000e+03,1.973026428458979353e-06
4.435000000000000000e+03,1.972241989278700203e-06
4.436000000000000000e+03,1.971689925994724035e-06
4.437000000000000000e+03,1.971195615624310449e-06
4.438000000000000000e+03,1.970581934074289165e-06
4.439000000000000000e+03,1.969230197573779151e-06
4.440000000000000000e+03,1.967940079339314252e-06
4.441000000000000000e+03,1.966871650438406505e-06
4.442000000000000000e+03,1.966013314813608304e-06
4.443000000000000000e+03,1.965412138815736398e-06
4.444000000000000000e+03,1.964326884262845851e-06
4.445000000000000000e+03,1.964032890100497752e-06
4.446000000000000000e+03,1.962866917892824858e-06
4.447000000000000000e+03,1.962262331289821304e-06
4.448000000000000000e+03,1.961589987331535667e-06
4.449000000000000000e+03,1.960468580364249647e-06
4.450000000000000000e+03,1.961027464858489111e-06
4.451000000000000000e+03,1.959872861334588379e-06
4.452000000000000000e+03,1.958706434379564598e-06
4.453000000000000000e+03,1.957842414412880316e-06
4.454000000000000000e+03,1.956876303665922023e-06
4.455000000000000000e+03,1.955682364496169612e-06
4.456000000000000000e+03,1.954599383680033498e-06
4.457000000000000000e+03,1.953523906195187010e-06
4.458000000000000000e+03,1.952553020601044409e-06
4.459000000000000000e+03,1.952078491740394384e-06
4.460000000000000000e+03,1.951296553670545109e-06
4.461000000000000000e+03,1.950438445419422351e-06
4.462000000000000000e+03,1.949770648934645578e-06
4.463000000000000000e+03,1.951108060893602669e-06
4.464000000000000000e+03,1.949433681147638708e-06
4.465000000000000000e+03,1.948754061231738888e-06
4.466000000000000000e+03,1.948205863300245255e-06
4.467000000000000000e+03,1.947633563759154640e-06
4.468000000000000000e+03,1.947033524629659951e-06
4.469000000000000000e+03,1.946021257026586682e-06
4.470000000000000000e+03,1.946008751474437304e-06
4.471000000000000000e+03,1.945447365869767964e-06
4.472000000000000000e+03,1.944620635185856372e-06
4.473000000000000000e+03,1.944077666848897934e-06
4.474000000000000000e+03,1.943629968081950210e-06
4.475000000000000000e+03,1.943213646882213652e-06
4.476000000000000000e+03,1.942602011695271358e-06
4.477000000000000000e+03,1.941881237144116312e-06
4.478000000000000000e+03,1.941158870977233164e-06
4.479000000000000000e+03,1.940449919857201166e-06
4.480000000000000000e+03,1.940609081430011429e-06
4.481000000000000000e+03,1.940119318533106707e-06
4.482000000000000000e+03,1.939606590894982219e-06
4.483000000000000000e+03,1.939146386575885117e-06
4.484000000000000000e+03,1.938627974595874548e-06
4.485000000000000000e+03,1.938043624249985442e-06
4.486000000000000000e+03,1.938843070092843845e-06
4.487000000000000000e+03,1.937783054017927498e-06
4.488000000000000000e+03,1.937150727826519869e-06
4.489000000000000000e+03,1.936437683980329894e-06
4.490000000000000000e+03,1.935417230924940668e-06
4.491000000000000000e+03,1.934246711243758909e-06
4.492000000000000000e+03,1.934177362272748724e-06
4.493000000000000000e+03,1.932685336214490235e-06
4.494000000000000000e+03,1.932349960043211468e-06
4.495000000000000000e+03,1.931755377881927416e-06
4.496000000000000000e+03,1.931218321260530502e-06
4.497000000000000000e+03,1.930548251038999297e-06
4.498000000000000000e+03,1.930022335727699101e-06
4.499000000000000000e+03,1.929408881551353261e-06
4.500000000000000000e+03,1.928787924043717794e-06
4.501000000000000000e+03,1.928149686136748642e-06
4.502000000000000000e+03,1.927437779158935882e-06
4.503000000000000000e+03,1.926745881064562127e-06
4.504000000000000000e+03,1.928203118950477801e-06
4.505000000000000000e+03,1.926400727825239301e-06
4.506000000000000000e+03,1.925746346387313679e-06
4.507000000000000000e+03,1.925182687045889907e-06
4.508000000000000000e+03,1.924794332808232866e-06
4.509000000000000000e+03,1.924135631270473823e-06
4.510000000000000000e+03,1.923401896419818513e-06
4.511000000000000000e+03,1.922793671838007867e-06
4.512000000000000000e+03,1.922199771797750145e-06
4.513000000000000000e+03,1.921661123560625128e-06
4.514000000000000000e+03,1.920965587487444282e-06
4.515000000000000000e+03,1.920230033647385426e-06
4.516000000000000000e+03,1.919032229125150479e-06
4.517000000000000000e+03,1.918433326864033006e-06
4.518000000000000000e+03,1.917915142257697880e-06
4.519000000000000000e+03,1.916772362164920196e-06
4.520000000000000000e+03,1.919665919558610767e-06
4.521000000000000000e+03,1.916357405207236297e-06
4.522000000000000000e+03,1.915273742270073853e-06
4.523000000000000000e+03,1.914493850563303567e-06
4.524000000000000000e+03,1.913444293677457608e-06
4.525000000000000000e+03,1.912537527459789999e-06
4.526000000000000000e+03,1.910957053041784093e-06
4.527000000000000000e+03,1.912452717078849673e-06
4.528000000000000000e+03,1.910315859277034178e-06
4.529000000000000000e+03,1.909363163576927036e-06
4.530000000000000000e+03,1.908746071421774104e-06
4.531000000000000000e+03,1.907987098093144596e-06
4.532000000000000000e+03,1.909023922053165734e-06
4.533000000000000000e+03,1.907633304654154927e-06
4.534000000000000000e+03,1.906878537738521118e-06
4.535000000000000000e+03,1.906217221403494477e-06
4.536000000000000000e+03,1.905692329273733776e-06
4.537000000000000000e+03,1.905050908135308418e-06
4.538000000000000000e+03,1.904473606373358052e-06
4.539000000000000000e+03,1.903794554891646840e-06
4.540000000000000000e+03,1.903350266729830764e-06
4.541000000000000000e+03,1.902542635434656404e-06
4.542000000000000000e+03,1.901520590763539076e-06
4.543000000000000000e+03,1.900852794278762303e-06
4.544000000000000000e+03,1.900072902571992017e-06
4.545000000000000000e+03,1.899649532788316719e-06
4.546000000000000000e+03,1.898799837363185361e-06
4.547000000000000000e+03,1.897520974125654902e-06
4.548000000000000000e+03,1.896880576168769039e-06
4.549000000000000000e+03,1.895454715850064531e-06
4.550000000000000000e+03,1.894778733912971802e-06
4.551000000000000000e+03,1.894276579150755424e-06
4.552000000000000000e+03,1.893576836664578877e-06
4.553000000000000000e+03,1.893083322102029342e-06
4.554000000000000000e+03,1.892443947326682974e-06
4.555000000000000000e+03,1.892120735647040419e-06
4.556000000000000000e+03,1.891504780360264704e-06
4.557000000000000000e+03,1.890671455839765258e-06
4.558000000000000000e+03,1.890068915599840693e-06
4.559000000000000000e+03,1.888786982817691751e-06
4.560000000000000000e+03,1.889735131044290029e-06
4.561000000000000000e+03,1.888373844849411398e-06
4.562000000000000000e+03,1.887612029349838849e-06
4.563000000000000000e+03,1.887035750769427978e-06
4.564000000000000000e+03,1.886249719973420724e-06
4.565000000000000000e+03,1.885354549813200720e-06
4.566000000000000000e+03,1.885662413769750856e-06
4.567000000000000000e+03,1.884744847302499693e-06
4.568000000000000000e+03,1.883653226286696736e-06
4.569000000000000000e+03,1.882931996988190804e-06
4.570000000000000000e+03,1.882299784483620897e-06
4.571000000000000000e+03,1.881384150692611001e-06
4.572000000000000000e+03,1.879512183222686872e-06
4.573000000000000000e+03,1.884976995825127233e-06
4.574000000000000000e+03,1.878838247648673132e-06
4.575000000000000000e+03,1.877835074992617592e-06
4.576000000000000000e+03,1.877286990747961681e-06
4.577000000000000000e+03,1.876766191344358958e-06
4.578000000000000000e+03,1.876251417343155481e-06
4.579000000000000000e+03,1.875515636129421182e-06
4.580000000000000000e+03,1.875034399745345581e-06
4.581000000000000000e+03,1.874443682936544064e-06
4.582000000000000000e+03,1.873676865216111764e-06
4.583000000000000000e+03,1.872408006420300808e-06
4.584000000000000000e+03,1.870970095296797808e-06
4.585000000000000000e+03,1.869654056463332381e-06
4.586000000000000000e+03,1.868763206402945798e-06
4.587000000000000000e+03,1.867724222393007949e-06
4.588000000000000000e+03,1.867187052084773313e-06
4.589000000000000000e+03,1.866244474513223395e-06
4.590000000000000000e+03,1.865457534222514369e-06
4.591000000000000000e+03,1.865107151388656348e-06
4.592000000000000000e+03,1.864869091150467284e-06
4.593000000000000000e+03,1.864431965259427670e-06
4.594000000000000000e+03,1.864058845058025327e-06
4.595000000000000000e+03,1.863666625467885751e-06
4.596000000000000000e+03,1.863090346887474880e-06
4.597000000000000000e+03,1.862064777924388181e-06
4.598000000000000000e+03,1.862234967120457441e-06
4.599000000000000000e+03,1.861692567217687611e-06
4.600000000000000000e+03,1.861273176473332569e-06
4.601000000000000000e+03,1.860860038505052216e-06
4.602000000000000000e+03,1.860445536294719204e-06
4.603000000000000000e+03,1.859574808804609347e-06
4.604000000000000000e+03,1.858549694588873535e-06
4.605000000000000000e+03,1.857740471677971072e-06
4.606000000000000000e+03,1.856906010289094411e-06
4.607000000000000000e+03,1.856171365943737328e-06
4.608000000000000000e+03,1.855325308497413062e-06
4.609000000000000000e+03,1.854651031862886157e-06
4.610000000000000000e+03,1.853888306868611835e-06
4.611000000000000000e+03,1.853129447226820048e-06
4.612000000000000000e+03,1.851992351475928444e-06
4.613000000000000000e+03,1.852215063991025090e-06
4.614000000000000000e+03,1.851383558459929191e-06
4.615000000000000000e+03,1.850759645094512962e-06
4.616000000000000000e+03,1.850178477980080061e-06
4.617000000000000000e+03,1.849432464950950816e-06
4.618000000000000000e+03,1.848985675678704865e-06
4.619000000000000000e+03,1.847874386839976069e-06
4.620000000000000000e+03,1.847390080911281984e-06
4.621000000000000000e+03,1.846731038313009776e-06
4.622000000000000000e+03,1.845862129812303465e-06
4.623000000000000000e+03,1.845988094828499015e-06
4.624000000000000000e+03,1.845267775024694856e-06
4.625000000000000000e+03,1.844225835156976245e-06
4.626000000000000000e+03,1.843526433731312864e-06
4.627000000000000000e+03,1.842733695411880035e-06
4.628000000000000000e+03,1.842078972913441248e-06
4.629000000000000000e+03,1.841992116169421934e-06
4.630000000000000000e+03,1.841195285123831127e-06
4.631000000000000000e+03,1.840822733356617391e-06
4.632000000000000000e+03,1.840419713516894262e-06
4.633000000000000000e+03,1.839858100538549479e-06
4.634000000000000000e+03,1.839714514062507078e-06
4.635000000000000000e+03,1.838338789639237802e-06
4.636000000000000000e+03,1.837949639593716711e-06
4.637000000000000000e+03,1.837593458731134888e-06
4.638000000000000000e+03,1.836922365328064188e-06
4.639000000000000000e+03,1.835929992921592202e-06
4.640000000000000000e+03,1.835251964621420484e-06
4.641000000000000000e+03,1.834586214499722701e-06
4.642000000000000000e+03,1.833837814047001302e-06
4.643000000000000000e+03,1.833193209677119739e-06
4.644000000000000000e+03,1.832500629461719655e-06
4.645000000000000000e+03,1.831800886975543108e-06
4.646000000000000000e+03,1.831294639487168752e-06
4.647000000000000000e+03,1.830741894082166255e-06
4.648000000000000000e+03,1.830764063015521970e-06
4.649000000000000000e+03,1.830537030400591902e-06
4.650000000000000000e+03,1.830156179494224489e-06
4.651000000000000000e+03,1.829628786254033912e-06
4.652000000000000000e+03,1.829011011977854650e-06
4.653000000000000000e+03,1.827678829613432754e-06
4.654000000000000000e+03,1.835036982811288908e-06
4.655000000000000000e+03,1.827443611546186730e-06
4.656000000000000000e+03,1.826407356020354200e-06
4.657000000000000000e+03,1.825789013309986331e-06
4.658000000000000000e+03,1.825129061217012350e-06
4.659000000000000000e+03,1.824521405069390312e-06
4.660000000000000000e+03,1.826053903641877696e-06
4.661000000000000000e+03,1.824272771955293138e-06
4.662000000000000000e+03,1.823683078328031115e-06
4.663000000000000000e+03,1.823272896217531525e-06
4.664000000000000000e+03,1.822772674131556414e-06
4.665000000000000000e+03,1.822553258534753695e-06
4.666000000000000000e+03,1.822246190386067610e-06
4.667000000000000000e+03,1.821931505219254177e-06
4.668000000000000000e+03,1.821634555199125316e-06
4.669000000000000000e+03,1.821178898353537079e-06
4.670000000000000000e+03,1.820895818127610255e-06
4.671000000000000000e+03,1.820053853407443967e-06
4.672000000000000000e+03,1.819650606194045395e-06
4.673000000000000000e+03,1.819260091906471644e-06
4.674000000000000000e+03,1.818724513213965110e-06
4.675000000000000000e+03,1.819354451981780585e-06
4.676000000000000000e+03,1.818406076381506864e-06
4.677000000000000000e+03,1.817800125536450651e-06
4.678000000000000000e+03,1.817435531847877428e-06
4.679000000000000000e+03,1.816762619455403183e-06
4.680000000000000000e+03,1.816096187212679069e-06
4.681000000000000000e+03,1.815447944863990415e-06
4.682000000000000000e+03,1.814930101318168454e-06
4.683000000000000000e+03,1.814576080505503342e-06
4.684000000000000000e+03,1.813908511394402012e-06
4.685000000000000000e+03,1.812614868867967743e-06
4.686000000000000000e+03,1.814602910599205643e-06
4.687000000000000000e+03,1.812132268241839483e-06
4.688000000000000000e+03,1.811453330446965992e-06
4.689000000000000000e+03,1.811018819353193976e-06
4.690000000000000000e+03,1.810577828109671827e-06
4.691000000000000000e+03,1.809904688343522139e-06
4.692000000000000000e+03,1.809593641155515797e-06
4.693000000000000000e+03,1.809086256798764225e-06
4.694000000000000000e+03,1.808939828151778784e-06
4.695000000000000000e+03,1.808716319828818087e-06
4.696000000000000000e+03,1.808278625503589865e-06
4.697000000000000000e+03,1.807496346373227425e-06
4.698000000000000000e+03,1.807658236430143006e-06
4.699000000000000000e+03,1.807045578061661217e-06
4.700000000000000000e+03,1.806439058782416396e-06
4.701000000000000000e+03,1.806033765205938835e-06
4.702000000000000000e+03,1.805643364605202805e-06
4.703000000000000000e+03,1.804775706659711432e-06
4.704000000000000000e+03,1.807859916880261153e-06
4.705000000000000000e+03,1.804553107831452508e-06
4.706000000000000000e+03,1.803860072868701536e-06
4.707000000000000000e+03,1.803611780815117527e-06
4.708000000000000000e+03,1.803235932129609864e-06
4.709000000000000000e+03,1.802955921448301524e-06
4.710000000000000000e+03,1.802521978788718116e-06
4.711000000000000000e+03,1.801735152184846811e-06
4.712000000000000000e+03,1.802171823328535538e-06
4.713000000000000000e+03,1.801311441340658348e-06
4.714000000000000000e+03,1.800731183720927220e-06
4.715000000000000000e+03,1.800218001335451845e-06
4.716000000000000000e+03,1.799470965124783106e-06
4.717000000000000000e+03,1.798555672394286375e-06
4.718000000000000000e+03,1.798722564672061708e-06
4.719000000000000000e+03,1.798049879653262906e-06
4.720000000000000000e+03,1.797533059288980439e-06
4.721000000000000000e+03,1.797034542505571153e-06
4.722000000000000000e+03,1.796308538359880913e-06
4.723000000000000000e+03,1.795511707314290106e-06
4.724000000000000000e+03,1.794497279661300126e-06
4.725000000000000000e+03,1.794009676814312115e-06
4.726000000000000000e+03,1.793454430298879743e-06
4.727000000000000000e+03,1.792833813851757441e-06
4.728000000000000000e+03,1.791633280845417175e-06
4.729000000000000000e+03,1.798853304535441566e-06
4.730000000000000000e+03,1.791357817637617700e-06
4.731000000000000000e+03,1.790520173017284833e-06
4.732000000000000000e+03,1.789735961210681126e-06
4.733000000000000000e+03,1.788621375453658402e-06
4.734000000000000000e+03,1.787725864232925232e-06
4.735000000000000000e+03,1.787158453225856647e-06
4.736000000000000000e+03,1.786355710464704316e-06
4.737000000000000000e+03,1.785897666195523925e-06
4.738000000000000000e+03,1.785425524758466054e-06
4.739000000000000000e+03,1.784330265763856005e-06
4.740000000000000000e+03,1.788418330761487596e-06
4.741000000000000000e+03,1.784029223017569166e-06
4.742000000000000000e+03,1.783377342690073419e-06
4.743000000000000000e+03,1.782908611858147196e-06
4.744000000000000000e+03,1.782376330083934590e-06
4.745000000000000000e+03,1.781832793312787544e-06
4.746000000000000000e+03,1.781252194632543251e-06
4.747000000000000000e+03,1.780907837201084476e-06
4.748000000000000000e+03,1.780550519470125437e-06
4.749000000000000000e+03,1.780185812094714493e-06
4.750000000000000000e+03,1.779861804607207887e-06
4.751000000000000000e+03,1.779448666638927534e-06
4.752000000000000000e+03,1.779211288521764800e-06
4.753000000000000000e+03,1.778740056579408702e-06
4.754000000000000000e+03,1.778018713594065048e-06
4.755000000000000000e+03,1.777198121999390423e-06
4.756000000000000000e+03,1.777637749000859912e-06
4.757000000000000000e+03,1.776842736944672652e-06
4.758000000000000000e+03,1.776405838427308481e-06
4.759000000000000000e+03,1.775924715730070602e-06
4.760000000000000000e+03,1.775221335265086964e-06
4.761000000000000000e+03,1.773975441210495774e-06
4.762000000000000000e+03,1.774444854163448326e-06
4.763000000000000000e+03,1.773421786310791504e-06
4.764000000000000000e+03,1.772302766767097637e-06
4.765000000000000000e+03,1.771722963894717395e-06
4.766000000000000000e+03,1.771317101884051226e-06
4.767000000000000000e+03,1.770962740010872949e-06
4.768000000000000000e+03,1.770544940882246010e-06
4.769000000000000000e+03,1.770301537362684030e-06
4.770000000000000000e+03,1.769733785295102280e-06
4.771000000000000000e+03,1.769423874975473154e-06
4.772000000000000000e+03,1.768471292962203734e-06
4.773000000000000000e+03,1.768150582392991055e-06
4.774000000000000000e+03,1.767596927493286785e-06
4.775000000000000000e+03,1.766792138369055465e-06
4.776000000000000000e+03,1.765849106050154660e-06
4.777000000000000000e+03,1.764758849276404362e-06
4.778000000000000000e+03,1.763183263392420486e-06
4.779000000000000000e+03,1.762288206919038203e-06
4.780000000000000000e+03,1.761629391694441438e-06
4.781000000000000000e+03,1.760859049682039768e-06
4.782000000000000000e+03,1.760086206559208222e-06
4.783000000000000000e+03,1.759503561515884940e-06
4.784000000000000000e+03,1.758050530042964965e-06
4.785000000000000000e+03,1.761175894898769911e-06
4.786000000000000000e+03,1.757790300871420186e-06
4.787000000000000000e+03,1.757182531036960427e-06
4.788000000000000000e+03,1.756613755787839182e-06
4.789000000000000000e+03,1.755630023581034038e-06
4.790000000000000000e+03,1.754647541929443832e-06
4.791000000000000000e+03,1.757124096002371516e-06
4.792000000000000000e+03,1.754235427142702974e-06
4.793000000000000000e+03,1.753458377606875729e-06
4.794000000000000000e+03,1.752850380398740526e-06
4.795000000000000000e+03,1.752062303239654284e-06
4.796000000000000000e+03,1.751020135998260230e-06
4.797000000000000000e+03,1.751982949826924596e-06
4.798000000000000000e+03,1.750525484567333478e-06
4.799000000000000000e+03,1.749448983900947496e-06
4.800000000000000000e+03,1.748671024870418478e-06
4.801000000000000000e+03,1.747791429806966335e-06
4.802000000000000000e+03,1.746749262565572280e-06
4.803000000000000000e+03,1.745806684994022362e-06
4.804000000000000000e+03,1.745114104778622277e-06
4.805000000000000000e+03,1.744712562867789529e-06
4.806000000000000000e+03,1.744182213769818190e-06
4.807000000000000000e+03,1.743935968079313170e-06
4.808000000000000000e+03,1.743280677146685775e-06
4.809000000000000000e+03,1.742835365803330205e-06
4.810000000000000000e+03,1.742382323755009566e-06
4.811000000000000000e+03,1.741310256875294726e-06
4.812000000000000000e+03,1.741112214403983671e-06
4.813000000000000000e+03,1.740232505653693806e-06
4.814000000000000000e+03,1.739923845889279619e-06
4.815000000000000000e+03,1.739426465974247549e-06
4.816000000000000000e+03,1.738820174068678170e-06
4.817000000000000000e+03,1.738115997795830481e-06
4.818000000000000000e+03,1.738638275128323585e-06
4.819000000000000000e+03,1.737594971018552314e-06
4.820000000000000000e+03,1.736827925924444571e-06
4.821000000000000000e+03,1.736176045596948825e-06
4.822000000000000000e+03,1.735721184559224639e-06
4.823000000000000000e+03,1.735131831992475782e-06
4.824000000000000000e+03,1.734917759677045979e-06
4.825000000000000000e+03,1.734179591039719526e-06
4.826000000000000000e+03,1.733427325234515592e-06
4.827000000000000000e+03,1.733377530399593525e-06
4.828000000000000000e+03,1.733119006530614570e-06
4.829000000000000000e+03,1.732502823870163411e-06
4.830000000000000000e+03,1.731977249619376380e-06
4.831000000000000000e+03,1.731004886096343398e-06
4.832000000000000000e+03,1.729826294649683405e-06
4.833000000000000000e+03,1.730711005620833021e-06
4.834000000000000000e+03,1.729291511765040923e-06
4.835000000000000000e+03,1.728535039546841290e-06
4.836000000000000000e+03,1.728058236949436832e-06
4.837000000000000000e+03,1.727485255287319887e-06
4.838000000000000000e+03,1.726565528770152014e-06
4.839000000000000000e+03,1.726839514049061108e-06
4.840000000000000000e+03,1.726054051687242463e-06
4.841000000000000000e+03,1.725597712720627896e-06
4.842000000000000000e+03,1.725227207316493150e-06
4.843000000000000000e+03,1.724875687614257913e-06
4.844000000000000000e+03,1.724371713862637989e-06
4.845000000000000000e+03,1.723587729429709725e-06
4.846000000000000000e+03,1.723081481941335369e-06
4.847000000000000000e+03,1.722310912555258255e-06
4.848000000000000000e+03,1.721626176731660962e-06
4.849000000000000000e+03,1.720616410239017569e-06
4.850000000000000000e+03,1.720162345009157434e-06
4.851000000000000000e+03,1.719298779789824039e-06
4.852000000000000000e+03,1.718947714834939688e-06
4.853000000000000000e+03,1.718424982755095698e-06
4.854000000000000000e+03,1.717694999570085201e-06
4.855000000000000000e+03,1.716689780550950672e-06
4.856000000000000000e+03,1.715823827908025123e-06
4.857000000000000000e+03,1.714968334454169963e-06
4.858000000000000000e+03,1.714704239930142649e-06
4.859000000000000000e+03,1.714179802547732834e-06
4.860000000000000000e+03,1.713821347948396578e-06
4.861000000000000000e+03,1.713507231215771753e-06
4.862000000000000000e+03,1.712955963739659637e-06
4.863000000000000000e+03,1.712353196126059629e-06
4.864000000000000000e+03,1.711924028313660529e-06
4.865000000000000000e+03,1.711489971967239399e-06
4.866000000000000000e+03,1.711232584966637660e-06
4.867000000000000000e+03,1.711015215732913930e-06
4.868000000000000000e+03,1.710482706585025880e-06
4.869000000000000000e+03,1.713012011350656394e-06
4.870000000000000000e+03,1.710263973109249491e-06
4.871000000000000000e+03,1.709834464236337226e-06
4.872000000000000000e+03,1.709241814751294442e-06
4.873000000000000000e+03,1.708531385702372063e-06
4.874000000000000000e+03,1.707769911263312679e-06
4.875000000000000000e+03,1.707649175841652323e-06
4.876000000000000000e+03,1.706656235000991728e-06
4.877000000000000000e+03,1.706336774986993987e-06
4.878000000000000000e+03,1.705879299152002204e-06
4.879000000000000000e+03,1.708627451080246828e-06
4.880000000000000000e+03,1.705756176306749694e-06
4.881000000000000000e+03,1.705528802631306462e-06
4.882000000000000000e+03,1.705167051113676280e-06
4.883000000000000000e+03,1.704635451460490003e-06
4.884000000000000000e+03,1.704043143035960384e-06
4.885000000000000000e+03,1.703721068224695046e-06
4.886000000000000000e+03,1.703365114735788666e-06
4.887000000000000000e+03,1.703178099887736607e-06
4.888000000000000000e+03,1.702937538539117668e-06
4.889000000000000000e+03,1.702328177088929806e-06
4.890000000000000000e+03,1.701960286482062656e-06
4.891000000000000000e+03,1.701097517070593312e-06
4.892000000000000000e+03,1.700677330518374220e-06
4.893000000000000000e+03,1.700268171589414123e-06
4.894000000000000000e+03,1.699766471574548632e-06
4.895000000000000000e+03,1.699009203548484948e-06
4.896000000000000000e+03,1.698131086413923185e-06
4.897000000000000000e+03,1.697149741630710196e-06
4.898000000000000000e+03,1.696553454166860320e-06
4.899000000000000000e+03,1.696120421001978684e-06
4.900000000000000000e+03,1.695723881312005688e-06
4.901000000000000000e+03,1.695416472102806438e-06
4.902000000000000000e+03,1.694722868705866858e-06
4.903000000000000000e+03,1.693760736998228822e-06
4.904000000000000000e+03,1.692980504230945371e-06
4.905000000000000000e+03,1.692126716079656035e-06
4.906000000000000000e+03,1.691691750238533132e-06
4.907000000000000000e+03,1.691055672381480690e-06
4.908000000000000000e+03,1.689821488071174826e-06
4.909000000000000000e+03,1.688722932158270851e-06
4.910000000000000000e+03,1.688054794612980913e-06
4.911000000000000000e+03,1.687452936494082678e-06
4.912000000000000000e+03,1.686965333647094667e-06
4.913000000000000000e+03,1.686206132944789715e-06
4.914000000000000000e+03,1.685470579104730859e-06
4.915000000000000000e+03,1.684390554146375507e-06
4.916000000000000000e+03,1.684113385636010207e-06
4.917000000000000000e+03,1.683228447291185148e-06
4.918000000000000000e+03,1.683850427980360109e-06
4.919000000000000000e+03,1.682914103184884880e-06
4.920000000000000000e+03,1.682340325714903884e-06
4.921000000000000000e+03,1.681600565461849328e-06
4.922000000000000000e+03,1.681155367805331480e-06
4.923000000000000000e+03,1.680328296060906723e-06
4.924000000000000000e+03,1.679394017628510483e-06
4.925000000000000000e+03,1.682078050180280115e-06
4.926000000000000000e+03,1.679068077464762609e-06
4.927000000000000000e+03,1.678321837061957922e-06
4.928000000000000000e+03,1.677634145380579866e-06
4.929000000000000000e+03,1.676319129728653934e-06
4.930000000000000000e+03,1.675802877798560075e-06
4.931000000000000000e+03,1.674553232078324072e-06
4.932000000000000000e+03,1.673884298725170083e-06
4.933000000000000000e+03,1.673308361205272377e-06
4.934000000000000000e+03,1.673073711572214961e-06
4.935000000000000000e+03,1.672687744758150075e-06
4.936000000000000000e+03,1.672253574724891223e-06
4.937000000000000000e+03,1.671747895670705475e-06
4.938000000000000000e+03,1.671075096965068951e-06
4.939000000000000000e+03,1.670373990236839745e-06
4.940000000000000000e+03,1.669739162935002241e-06
4.941000000000000000e+03,1.669115022195910569e-06
4.942000000000000000e+03,1.668164827606233303e-06
4.943000000000000000e+03,1.667473043198697269e-06
4.944000000000000000e+03,1.666770685915253125e-06
4.945000000000000000e+03,1.666185312387824524e-06
4.946000000000000000e+03,1.665731133471126668e-06
4.947000000000000000e+03,1.664946580604009796e-06
4.948000000000000000e+03,1.664361889197607525e-06
4.949000000000000000e+03,1.663737975832191296e-06
4.950000000000000000e+03,1.663186822042916901e-06
4.951000000000000000e+03,1.662535055402258877e-06
4.952000000000000000e+03,1.662117597334145103e-06
4.953000000000000000e+03,1.661301780586654786e-06
4.954000000000000000e+03,1.660863631514075678e-06
4.955000000000000000e+03,1.660521320445695892e-06
4.956000000000000000e+03,1.659978124735062011e-06
4.957000000000000000e+03,1.659108647800167091e-06
4.958000000000000000e+03,1.659464601289073471e-06
4.959000000000000000e+03,1.658753717492800206e-06
4.960000000000000000e+03,1.658181076891196426e-06
4.961000000000000000e+03,1.657680968492059037e-06
4.962000000000000000e+03,1.657140956012881361e-06
4.963000000000000000e+03,1.656440417718840763e-06
4.964000000000000000e+03,1.656544782235869206e-06
4.965000000000000000e+03,1.655961909818870481e-06
4.966000000000000000e+03,1.655402911637793295e-06
4.967000000000000000e+03,1.654848460930224974e-06
4.968000000000000000e+03,1.654353013691434171e-06
4.969000000000000000e+03,1.654817197049851529e-06
4.970000000000000000e+03,1.654029233577603009e-06
4.971000000000000000e+03,1.653476942919951398e-06
4.972000000000000000e+03,1.653002982493489981e-06
4.973000000000000000e+03,1.652445234867627732e-06
4.974000000000000000e+03,1.652036075938667636e-06
4.975000000000000000e+03,1.651618958931067027e-06
4.976000000000000000e+03,1.651326215323933866e-06
4.977000000000000000e+03,1.651031539040559437e-06
4.978000000000000000e+03,1.650826220611634199e-06
4.979000000000000000e+03,1.650203785175108351e-06
4.980000000000000000e+03,1.649217324484197889e-06
4.981000000000000000e+03,1.649951173021690920e-06
4.982000000000000000e+03,1.648688339628279209e-06
4.983000000000000000e+03,1.647745079935702961e-06
4.984000000000000000e+03,1.647250201131100766e-06
4.985000000000000000e+03,1.646778741815069225e-06
4.986000000000000000e+03,1.646182454351219349e-06
4.987000000000000000e+03,1.645802285565878265e-06
4.988000000000000000e+03,1.645126531002460979e-06
4.989000000000000000e+03,1.644751819185330532e-06
4.990000000000000000e+03,1.644220901653170586e-06
4.991000000000000000e+03,1.645566385377605911e-06
4.992000000000000000e+03,1.643984205657034181e-06
4.993000000000000000e+03,1.643451696509146132e-06
4.994000000000000000e+03,1.642888378228235524e-06
4.995000000000000000e+03,1.642408051338861696e-06
4.996000000000000000e+03,1.642053916839358862e-06
4.997000000000000000e+03,1.641620315240288619e-06
4.998000000000000000e+03,1.641242192818026524e-06
4.999000000000000000e+03,1.640506866351643112e-06
5.000000000000000000e+03,1.639818378862401005e-06
5.001000000000000000e+03,1.639148649701382965e-06
5.002000000000000000e+03,1.638354774513572920e-06
5.003000000000000000e+03,1.637527361708634999e-06
5.004000000000000000e+03,1.636951424188737292e-06
5.005000000000000000e+03,1.636241790947678965e-06
5.006000000000000000e+03,1.635528519727813546e-06
5.007000000000000000e+03,1.635008288758399431e-06
5.008000000000000000e+03,1.634418595131137408e-06
5.009000000000000000e+03,1.633757165109273046e-06
5.010000000000000000e+03,1.634099703551328275e-06
5.011000000000000000e+03,1.633290253266750369e-06
5.012000000000000000e+03,1.632299245102331042e-06
5.013000000000000000e+03,1.631787768019421492e-06
5.014000000000000000e+03,1.631207737773365807e-06
5.015000000000000000e+03,1.630567794563830830e-06
5.016000000000000000e+03,1.630620090509182774e-06
5.017000000000000000e+03,1.630043584555096459e-06
5.018000000000000000e+03,1.629100552236195654e-06
5.019000000000000000e+03,1.628499830985674635e-06
5.020000000000000000e+03,1.627839537832187489e-06
5.021000000000000000e+03,1.627038841434114147e-06
5.022000000000000000e+03,1.626287826184125151e-06
5.023000000000000000e+03,1.625630261514743324e-06
5.024000000000000000e+03,1.624995434212905820e-06
5.025000000000000000e+03,1.624425635782245081e-06
5.026000000000000000e+03,1.623422463126189541e-06
5.027000000000000000e+03,1.624229867047688458e-06
5.028000000000000000e+03,1.622940544621087611e-06
5.029000000000000000e+03,1.622463742023683153e-06
5.030000000000000000e+03,1.622018999114516191e-06
5.031000000000000000e+03,1.622144168322847690e-06
5.032000000000000000e+03,1.621678507035539951e-06
5.033000000000000000e+03,1.621110413907445036e-06
5.034000000000000000e+03,1.620419311620935332e-06
5.035000000000000000e+03,1.619796307750220876e-06
5.036000000000000000e+03,1.619023123566876166e-06
5.037000000000000000e+03,1.618266082914487924e-06
5.038000000000000000e+03,1.617273710508015938e-06
5.039000000000000000e+03,1.616008944438362960e-06
5.040000000000000000e+03,1.615245309949386865e-06
5.041000000000000000e+03,1.615002702237688936e-06
5.042000000000000000e+03,1.614394818716391455e-06
5.043000000000000000e+03,1.614014081496861763e-06
5.044000000000000000e+03,1.613533072486461606e-06
5.045000000000000000e+03,1.613472363715118263e-06
5.046000000000000000e+03,1.613170297787291929e-06
5.047000000000000000e+03,1.612439746168092825e-06
5.048000000000000000e+03,1.611671564205607865e-06
5.049000000000000000e+03,1.611036850590608083e-06
5.050000000000000000e+03,1.610675440133491065e-06
5.051000000000000000e+03,1.610147933206462767e-06
5.052000000000000000e+03,1.609863488738483284e-06
5.053000000000000000e+03,1.609506853128550574e-06
5.054000000000000000e+03,1.609038577043975238e-06
5.055000000000000000e+03,1.608422053323010914e-06
5.056000000000000000e+03,1.607747776688484009e-06
5.057000000000000000e+03,1.607271656212105881e-06
5.058000000000000000e+03,1.606851469659886789e-06
5.059000000000000000e+03,1.605583520358777605e-06
5.060000000000000000e+03,1.604666977073065937e-06
5.061000000000000000e+03,1.603390614945965353e-06
5.062000000000000000e+03,1.602770794306707103e-06
5.063000000000000000e+03,1.601818894414464012e-06
5.064000000000000000e+03,1.601023654984601308e-06
5.065000000000000000e+03,1.599863026058301330e-06
5.066000000000000000e+03,1.598627818566455971e-06
5.067000000000000000e+03,1.597739014869148377e-06
5.068000000000000000e+03,1.597239247530524153e-06
5.069000000000000000e+03,1.596704919393232558e-06
5.070000000000000000e+03,1.596148081262072083e-06
5.071000000000000000e+03,1.595788830854871776e-06
5.072000000000000000e+03,1.595050434843869880e-06
5.073000000000000000e+03,1.594281798134034034e-06
5.074000000000000000e+03,1.593274305378145073e-06
5.075000000000000000e+03,1.592788976267911494e-06
5.076000000000000000e+03,1.591899945196928456e-06
5.077000000000000000e+03,1.591008185641840100e-06
5.078000000000000000e+03,1.590560600561730098e-06
5.079000000000000000e+03,1.589592216078017373e-06
5.080000000000000000e+03,1.589241946930997074e-06
5.081000000000000000e+03,1.588709324096271303e-06
5.082000000000000000e+03,1.588569602972711436e-06
5.083000000000000000e+03,1.587731048857676797e-06
5.084000000000000000e+03,1.587392034707590938e-06
5.085000000000000000e+03,1.587024371474399231e-06
5.086000000000000000e+03,1.587495262356242165e-06
5.087000000000000000e+03,1.586886469340242911e-06
5.088000000000000000e+03,1.586498342476261314e-06
5.089000000000000000e+03,1.585909672030538786e-06
5.090000000000000000e+03,1.585427867212274577e-06
5.091000000000000000e+03,1.584730057402339298e-06
5.092000000000000000e+03,1.583444372954545543e-06
5.093000000000000000e+03,1.585201516718370840e-06
5.094000000000000000e+03,1.582994173077167943e-06
5.095000000000000000e+03,1.581953142704151105e-06
5.096000000000000000e+03,1.581346623424906284e-06
5.097000000000000000e+03,1.581530682415177580e-06
5.098000000000000000e+03,1.581001811246096622e-06
5.099000000000000000e+03,1.580448042659554631e-06
5.100000000000000000e+03,1.579848685651086271e-06
5.101000000000000000e+03,1.579131208018225152e-06
5.102000000000000000e+03,1.579029913045815192e-06
5.103000000000000000e+03,1.578389287715253886e-06
5.104000000000000000e+03,1.578107685418217443e-06
5.105000000000000000e+03,1.577487182657932863e-06
5.106000000000000000e+03,1.576732870489649940e-06
5.107000000000000000e+03,1.575895907990343403e-06
5.108000000000000000e+03,1.574957764205464628e-06
5.109000000000000000e+03,1.574012685523484834e-06
5.110000000000000000e+03,1.573264626131276600e-06
5.111000000000000000e+03,1.572631163071491756e-06
5.112000000000000000e+03,1.571581492498808075e-06
5.113000000000000000e+03,1.571262600918998942e-06
5.114000000000000000e+03,1.570661765981640201e-06
5.115000000000000000e+03,1.569886080687865615e-06
5.116000000000000000e+03,1.568813218000286724e-06
5.117000000000000000e+03,1.569584355820552446e-06
5.118000000000000000e+03,1.568214770486520138e-06
5.119000000000000000e+03,1.567239110045193229e-06
5.120000000000000000e+03,1.566610308145754971e-06
5.121000000000000000e+03,1.565952629789535422e-06
5.122000000000000000e+03,1.565546881465706974e-06
5.123000000000000000e+03,1.565031539030314889e-06
5.124000000000000000e+03,1.564379090268630534e-06
5.125000000000000000e+03,1.564073158988321666e-06
5.126000000000000000e+03,1.563179125696478877e-06
5.127000000000000000e+03,1.564174112900218461e-06
5.128000000000000000e+03,1.562766215101873968e-06
5.129000000000000000e+03,1.562252009534859098e-06
5.130000000000000000e+03,1.561764065627357922e-06
5.131000000000000000e+03,1.561443355058145244e-06
5.132000000000000000e+03,1.560958025947911665e-06
5.133000000000000000e+03,1.560419946144975256e-06
5.134000000000000000e+03,1.560043074277928099e-06
5.135000000000000000e+03,1.559499878567294218e-06
5.136000000000000000e+03,1.559152110530703794e-06
5.137000000000000000e+03,1.558226585984812118e-06
5.138000000000000000e+03,1.557694417897437233e-06
5.139000000000000000e+03,1.557089944981271401e-06
5.140000000000000000e+03,1.556749111841781996e-06
5.141000000000000000e+03,1.556421807435981464e-06
5.142000000000000000e+03,1.556242068545543589e-06
5.143000000000000000e+03,1.555546759846038185e-06
5.144000000000000000e+03,1.555261974317545537e-06
5.145000000000000000e+03,1.554855316499015316e-06
5.146000000000000000e+03,1.554431150907475967e-06
5.147000000000000000e+03,1.553874994897341821e-06
5.148000000000000000e+03,1.553447077640157659e-06
5.149000000000000000e+03,1.553048150526592508e-06
5.150000000000000000e+03,1.552546564198564738e-06
5.151000000000000000e+03,1.552218918732251041e-06
5.152000000000000000e+03,1.551464720250805840e-06
5.153000000000000000e+03,1.551180730530177243e-06
5.154000000000000000e+03,1.550906063130241819e-06
5.155000000000000000e+03,1.550675165162829217e-06
5.156000000000000000e+03,1.550320121168624610e-06
5.157000000000000000e+03,1.550630940982955508e-06
5.158000000000000000e+03,1.549924945720704272e-06
5.159000000000000000e+03,1.549230205455387477e-06
5.160000000000000000e+03,1.548735212963947561e-06
5.161000000000000000e+03,1.547929741718689911e-06
5.162000000000000000e+03,1.549184844407136552e-06
5.163000000000000000e+03,1.547774672872037627e-06
5.164000000000000000e+03,1.547534907331282739e-06
5.165000000000000000e+03,1.546731255075428635e-06
5.166000000000000000e+03,1.545911118228104897e-06
5.167000000000000000e+03,1.547376655253174249e-06
5.168000000000000000e+03,1.545641794109542388e-06
5.169000000000000000e+03,1.544873498460219707e-06
5.170000000000000000e+03,1.544426368127460591e-06
5.171000000000000000e+03,1.543956386740319431e-06
5.172000000000000000e+03,1.543395910630351864e-06
5.173000000000000000e+03,1.543140797366504557e-06
5.174000000000000000e+03,1.542356244499387685e-06
5.175000000000000000e+03,1.542108179819479119e-06
5.176000000000000000e+03,1.541795995763095561e-06
5.177000000000000000e+03,1.541436517982219812e-06
5.178000000000000000e+03,1.540959601697977632e-06
5.179000000000000000e+03,1.540584435133496299e-06
5.180000000000000000e+03,1.540280095468915533e-06
5.181000000000000000e+03,1.539986328680242877e-06
5.182000000000000000e+03,1.539537493044917937e-06
5.183000000000000000e+03,1.539198819955345243e-06
5.184000000000000000e+03,1.538995206828985829e-06
5.185000000000000000e+03,1.538828428238048218e-06
5.186000000000000000e+03,1.538490550956339575e-06
5.187000000000000000e+03,1.538167339276697021e-06
5.188000000000000000e+03,1.537734192424977664e-06
5.189000000000000000e+03,1.537210550850431900e-06
5.190000000000000000e+03,1.536946456326404586e-06
5.191000000000000000e+03,1.536481818220636342e-06
5.192000000000000000e+03,1.536046056571649387e-06
5.193000000000000000e+03,1.535103479000099469e-06
5.194000000000000000e+03,1.536185209261020645e-06
5.195000000000000000e+03,1.534716943751845974e-06
5.196000000000000000e+03,1.534285956950043328e-06
5.197000000000000000e+03,1.534029706817818806e-06
5.198000000000000000e+03,1.533756744720449205e-06
5.199000000000000000e+03,1.533258910058066249e-06
5.200000000000000000e+03,1.536497734377917368e-06
5.201000000000000000e+03,1.533066324554965831e-06
5.202000000000000000e+03,1.532722308184020221e-06
5.203000000000000000e+03,1.532425699224404525e-06
5.204000000000000000e+03,1.532193323328101542e-06
5.205000000000000000e+03,1.531724365122499876e-06
5.206000000000000000e+03,1.530969939267379232e-06
5.207000000000000000e+03,1.537753064440039452e-06
5.208000000000000000e+03,1.530737449684238527e-06
5.209000000000000000e+03,1.530039639874303248e-06
5.210000000000000000e+03,1.529389464849373326e-06
5.211000000000000000e+03,1.528765210423443932e-06
5.212000000000000000e+03,1.528691996099951211e-06
5.213000000000000000e+03,1.528222810520674102e-06
5.214000000000000000e+03,1.527979407001112122e-06
5.215000000000000000e+03,1.527634935882815626e-06
5.216000000000000000e+03,1.527299332337861415e-06
5.217000000000000000e+03,1.526941673546389211e-06
5.218000000000000000e+03,1.526575374555250164e-06
5.219000000000000000e+03,1.526200207990768831e-06
5.220000000000000000e+03,1.525959760328987613e-06
5.221000000000000000e+03,1.525456923445744906e-06
5.222000000000000000e+03,1.525044808659004048e-06
5.223000000000000000e+03,1.524804019936709665e-06
5.224000000000000000e+03,1.524554136267397553e-06
5.225000000000000000e+03,1.524203071312513202e-06
5.226000000000000000e+03,1.523636456113308668e-06
5.227000000000000000e+03,1.523408627690514550e-06
5.228000000000000000e+03,1.522988100077782292e-06
5.229000000000000000e+03,1.522770844530896284e-06
5.230000000000000000e+03,1.522537672826729249e-06
5.231000000000000000e+03,1.522097704764746595e-06
5.232000000000000000e+03,1.521578951724222861e-06
5.233000000000000000e+03,1.521022682027250994e-06
5.234000000000000000e+03,1.520617047390260268e-06
5.235000000000000000e+03,1.520187197456834838e-06
5.236000000000000000e+03,1.519854208709148224e-06
5.237000000000000000e+03,1.519465399724140298e-06
5.238000000000000000e+03,1.519053853371588048e-06
5.239000000000000000e+03,1.518806016065354925e-06
5.240000000000000000e+03,1.518513613518734928e-06
5.241000000000000000e+03,1.517641635473410133e-06
5.242000000000000000e+03,1.517184159638418350e-06
5.243000000000000000e+03,1.516306269877532031e-06
5.244000000000000000e+03,1.515745225333375856e-06
5.245000000000000000e+03,1.515307985755498521e-06
5.246000000000000000e+03,1.514837890681519639e-06
5.247000000000000000e+03,1.514474774921836797e-06
5.248000000000000000e+03,1.513671008979144972e-06
5.249000000000000000e+03,1.515439521426742431e-06
5.250000000000000000e+03,1.513494794380676467e-06
5.251000000000000000e+03,1.513138840891770087e-06
5.252000000000000000e+03,1.512813810222723987e-06
5.253000000000000000e+03,1.512329504294029903e-06
5.254000000000000000e+03,1.511812911303422879e-06
5.255000000000000000e+03,1.511544041932211258e-06
5.256000000000000000e+03,1.510901029178057797e-06
5.257000000000000000e+03,1.510572474217042327e-06
5.258000000000000000e+03,1.510141260041564237e-06
5.259000000000000000e+03,1.509310209257819224e-06
5.260000000000000000e+03,1.508806235506199300e-06
5.261000000000000000e+03,1.508343416389834601e-06
5.262000000000000000e+03,1.507928232058475260e-06
5.263000000000000000e+03,1.506957346464332659e-06
5.264000000000000000e+03,1.505811155766423326e-06
5.265000000000000000e+03,1.504670080976211466e-06
5.266000000000000000e+03,1.503565385974070523e-06
5.267000000000000000e+03,1.503086309639911633e-06
5.268000000000000000e+03,1.502578925283160061e-06
5.269000000000000000e+03,1.502336886005650740e-06
5.270000000000000000e+03,1.502096438343869522e-06
5.271000000000000000e+03,1.501451038166123908e-06
5.272000000000000000e+03,1.500710709478880744e-06
5.273000000000000000e+03,1.499973564023093786e-06
5.274000000000000000e+03,1.499539393989834934e-06
5.275000000000000000e+03,1.499258473813824821e-06
5.276000000000000000e+03,1.498949131928384304e-06
5.277000000000000000e+03,1.497969947195088025e-06
5.278000000000000000e+03,1.497153789387084544e-06
5.279000000000000000e+03,1.496553068136563525e-06
5.280000000000000000e+03,1.495076730861910619e-06
5.281000000000000000e+03,1.493934064455970656e-06
5.282000000000000000e+03,1.506317516941635404e-06
5.283000000000000000e+03,1.493635977567464579e-06
5.284000000000000000e+03,1.492522301305143628e-06
5.285000000000000000e+03,1.491608600190375000e-06
5.286000000000000000e+03,1.491396119490673300e-06
5.287000000000000000e+03,1.490333147557976190e-06
5.288000000000000000e+03,1.490185923103126697e-06
5.289000000000000000e+03,1.489340093030477874e-06
5.290000000000000000e+03,1.488614088884787634e-06
5.291000000000000000e+03,1.488022803641797509e-06
5.292000000000000000e+03,1.487602503402740695e-06
5.293000000000000000e+03,1.487232907493307721e-06
5.294000000000000000e+03,1.486965857111499645e-06
5.295000000000000000e+03,1.486503720116161276e-06
5.296000000000000000e+03,1.485846496507292613e-06
5.297000000000000000e+03,1.485396182943077292e-06
5.298000000000000000e+03,1.485115831201255787e-06
5.299000000000000000e+03,1.484510335103550460e-06
5.300000000000000000e+03,1.484322751821309794e-06
5.301000000000000000e+03,1.483908249610976782e-06
5.302000000000000000e+03,1.483378923694544937e-06
5.303000000000000000e+03,1.483023766013502609e-06
5.304000000000000000e+03,1.482462153035157826e-06
5.305000000000000000e+03,1.482198968005832285e-06
5.306000000000000000e+03,1.481683966630953364e-06
5.307000000000000000e+03,1.481234676248277538e-06
5.308000000000000000e+03,1.480803121012286283e-06
5.309000000000000000e+03,1.480322566749237012e-06
5.310000000000000000e+03,1.479885554545035120e-06
5.311000000000000000e+03,1.479224806644197088e-06
5.312000000000000000e+03,1.478887497796677053e-06
5.313000000000000000e+03,1.478458784731628839e-06
5.314000000000000000e+03,1.478206172578211408e-06
5.315000000000000000e+03,1.477903424529358745e-06
5.316000000000000000e+03,1.477314071962609887e-06
5.317000000000000000e+03,1.477274281569407322e-06
5.318000000000000000e+03,1.476900251873303205e-06
5.319000000000000000e+03,1.476285660828580149e-06
5.320000000000000000e+03,1.475598423894552980e-06
5.321000000000000000e+03,1.474913574384117965e-06
5.322000000000000000e+03,1.474638338549993932e-06
5.323000000000000000e+03,1.473483962399768643e-06
5.324000000000000000e+03,1.473075826652348042e-06
5.325000000000000000e+03,1.472481926612090319e-06
5.326000000000000000e+03,1.471835730626480654e-06
5.327000000000000000e+03,1.473180077482538763e-06
5.328000000000000000e+03,1.471489099458267447e-06
5.329000000000000000e+03,1.470910319767426699e-06
5.330000000000000000e+03,1.470560391680919565e-06
5.331000000000000000e+03,1.470197503294912167e-06
5.332000000000000000e+03,1.469580865887110122e-06
5.333000000000000000e+03,1.469059611736156512e-06
5.334000000000000000e+03,1.468519712943816558e-06
5.335000000000000000e+03,1.468116124669904821e-06
5.336000000000000000e+03,1.467749825678765774e-06
5.337000000000000000e+03,1.467573042646108661e-06
5.338000000000000000e+03,1.466646040171326604e-06
5.339000000000000000e+03,1.466415596951264888e-06
5.340000000000000000e+03,1.466056801291415468e-06
5.341000000000000000e+03,1.465915261178452056e-06
5.342000000000000000e+03,1.465633090447227005e-06
5.343000000000000000e+03,1.465351601837028284e-06
5.344000000000000000e+03,1.464981210119731259e-06
5.345000000000000000e+03,1.464428009967377875e-06
5.346000000000000000e+03,1.464964952901937068e-06
5.347000000000000000e+03,1.464050455979304388e-06
5.348000000000000000e+03,1.463473722651542630e-06
5.349000000000000000e+03,1.463052399230946321e-06
5.350000000000000000e+03,1.462890963921381626e-06
5.351000000000000000e+03,1.462604586777160875e-06
5.352000000000000000e+03,1.462386649109248538e-06
5.353000000000000000e+03,1.462150407860463019e-06
5.354000000000000000e+03,1.461845613448531367e-06
5.355000000000000000e+03,1.461261376789479982e-06
5.356000000000000000e+03,1.460607336412067525e-06
5.357000000000000000e+03,1.460262069485906977e-06
5.358000000000000000e+03,1.459675900150614325e-06
5.359000000000000000e+03,1.459286522731417790e-06
5.360000000000000000e+03,1.458757424188661389e-06
5.361000000000000000e+03,1.458271412957401481e-06
5.362000000000000000e+03,1.457977987229241990e-06
5.363000000000000000e+03,1.457570874663360883e-06
5.364000000000000000e+03,1.457204348298546392e-06
5.365000000000000000e+03,1.456684231015969999e-06
5.366000000000000000e+03,1.456397171750722919e-06
5.367000000000000000e+03,1.456082600270747207e-06
5.368000000000000000e+03,1.455765186619828455e-06
5.369000000000000000e+03,1.455144570172706153e-06
5.370000000000000000e+03,1.454378661946975626e-06
5.371000000000000000e+03,1.453719505661865696e-06
5.372000000000000000e+03,1.453771915294055361e-06
5.373000000000000000e+03,1.453328536626941059e-06
5.374000000000000000e+03,1.452878677810076624e-06
5.375000000000000000e+03,1.452527044421003666e-06
5.376000000000000000e+03,1.451926891604671255e-06
5.377000000000000000e+03,1.451503067073645070e-06
5.378000000000000000e+03,1.451076968805864453e-06
5.379000000000000000e+03,1.450730451324488968e-06
5.380000000000000000e+03,1.450360514354542829e-06
5.381000000000000000e+03,1.450115632906090468e-06
5.382000000000000000e+03,1.449735805181262549e-06
5.383000000000000000e+03,1.449216028959199321e-06
5.384000000000000000e+03,1.448936586712079588e-06
5.385000000000000000e+03,1.448471607545798179e-06
5.386000000000000000e+03,1.448177954443963245e-06
5.387000000000000000e+03,1.447570753043692093e-06
5.388000000000000000e+03,1.447593035663885530e-06
5.389000000000000000e+03,1.447275280952453613e-06
5.390000000000000000e+03,1.446853161723993253e-06
5.391000000000000000e+03,1.446359078727255110e-06
5.392000000000000000e+03,1.445776092623418663e-06
5.393000000000000000e+03,1.445065777261334006e-06
5.394000000000000000e+03,1.445498469365702476e-06
5.395000000000000000e+03,1.444625922886189073e-06
5.396000000000000000e+03,1.444152189833403099e-06
5.397000000000000000e+03,1.443815563106909394e-06
5.398000000000000000e+03,1.443402993572817650e-06
5.399000000000000000e+03,1.442618554392538499e-06
5.400000000000000000e+03,1.442404141016595531e-06
5.401000000000000000e+03,1.441501694898761343e-06
5.402000000000000000e+03,1.441208496544277295e-06
5.403000000000000000e+03,1.440830487808852922e-06
5.404000000000000000e+03,1.440247046957665589e-06
5.405000000000000000e+03,1.440972141608654056e-06
5.406000000000000000e+03,1.439896550436969846e-06
5.407000000000000000e+03,1.439306061001843773e-06
5.408000000000000000e+03,1.438868821423966438e-06
5.409000000000000000e+03,1.438502408745989669e-06
5.410000000000000000e+03,1.438038452761247754e-06
5.411000000000000000e+03,1.437514811186701991e-06
5.412000000000000000e+03,1.437632590750581585e-06
5.413000000000000000e+03,1.437197283848945517e-06
5.414000000000000000e+03,1.436743900740111712e-06
5.415000000000000000e+03,1.436448769709386397e-06
5.416000000000000000e+03,1.435829744877992198e-06
5.417000000000000000e+03,1.435466629118309356e-06
5.418000000000000000e+03,1.435040871911041904e-06
5.419000000000000000e+03,1.434630121366353706e-06
5.420000000000000000e+03,1.433734269085107371e-06
5.421000000000000000e+03,1.433108195669774432e-06
5.422000000000000000e+03,1.432974841009126976e-06
5.423000000000000000e+03,1.432207909601856954e-06
5.424000000000000000e+03,1.431988607691891957e-06
5.425000000000000000e+03,1.431510781912948005e-06
5.426000000000000000e+03,1.430842758054495789e-06
5.427000000000000000e+03,1.430228053322935011e-06
5.428000000000000000e+03,1.429351868864614516e-06
5.429000000000000000e+03,1.428863129149249289e-06
5.430000000000000000e+03,1.428365862921054941e-06
5.431000000000000000e+03,1.427770598638744559e-06
5.432000000000000000e+03,1.426688527317310218e-06
5.433000000000000000e+03,1.425890673090179916e-06
5.434000000000000000e+03,1.425501181984145660e-06
5.435000000000000000e+03,1.425217419637192506e-06
5.436000000000000000e+03,1.424700485586072318e-06
5.437000000000000000e+03,1.423573507963737939e-06
5.438000000000000000e+03,1.422882633050903678e-06
5.439000000000000000e+03,1.422454147359530907e-06
5.440000000000000000e+03,1.422155605723673943e-06
5.441000000000000000e+03,1.421804313395114150e-06
5.442000000000000000e+03,1.421337174178916030e-06
5.443000000000000000e+03,1.420475200575310737e-06
5.444000000000000000e+03,1.420629246240423527e-06
5.445000000000000000e+03,1.420004082319792360e-06
5.446000000000000000e+03,1.419297632310190238e-06
5.447000000000000000e+03,1.418409510733908974e-06
5.448000000000000000e+03,1.417484781995881349e-06
5.449000000000000000e+03,1.416731947756488807e-06
5.450000000000000000e+03,1.416709096702106763e-06
5.451000000000000000e+03,1.416153509126161225e-06
5.452000000000000000e+03,1.416034706380742136e-06
5.453000000000000000e+03,1.415766746504232287e-06
5.454000000000000000e+03,1.415246288161142729e-06
5.455000000000000000e+03,1.414176495018182322e-06
5.456000000000000000e+03,1.414089069839974400e-06
5.457000000000000000e+03,1.413664222127408721e-06
5.458000000000000000e+03,1.412779170095745940e-06
5.459000000000000000e+03,1.412308733961253893e-06
5.460000000000000000e+03,1.411779635418497492e-06
5.461000000000000000e+03,1.411414928043086547e-06
5.462000000000000000e+03,1.410916866007028148e-06
5.463000000000000000e+03,1.410608319929451682e-06
5.464000000000000000e+03,1.410177219440811314e-06
5.465000000000000000e+03,1.410025333825615235e-06
5.466000000000000000e+03,1.409620949743839446e-06
5.467000000000000000e+03,1.409313426847802475e-06
5.468000000000000000e+03,1.409061837875924539e-06
5.469000000000000000e+03,1.408886191711644642e-06
5.470000000000000000e+03,1.408587991136300843e-06
5.471000000000000000e+03,1.408244429512706120e-06
5.472000000000000000e+03,1.407899617333896458e-06
5.473000000000000000e+03,1.407502281836059410e-06
5.474000000000000000e+03,1.407855734214535914e-06
5.475000000000000000e+03,1.407320155522029381e-06
5.476000000000000000e+03,1.406960564054315910e-06
5.477000000000000000e+03,1.406673959536419716e-06
5.478000000000000000e+03,1.406206251886032987e-06
5.479000000000000000e+03,1.405974899171269499e-06
5.480000000000000000e+03,1.405546299793059006e-06
5.481000000000000000e+03,1.405310854352137540e-06
5.482000000000000000e+03,1.405060970682825428e-06
5.483000000000000000e+03,1.404713316333072726e-06
5.484000000000000000e+03,1.404401245963526890e-06
5.485000000000000000e+03,1.403776195729733445e-06
5.486000000000000000e+03,1.403356691298540682e-06
5.487000000000000000e+03,1.402976067765848711e-06
5.488000000000000000e+03,1.402489260726724751e-06
5.489000000000000000e+03,1.402803377459349576e-06
5.490000000000000000e+03,1.402142061124322936e-06
5.491000000000000000e+03,1.401537815581832547e-06
5.492000000000000000e+03,1.401019744662335142e-06
5.493000000000000000e+03,1.400421410835406277e-06
5.494000000000000000e+03,1.400411633767362218e-06
5.495000000000000000e+03,1.400220526193152182e-06
5.496000000000000000e+03,1.399855477757228073e-06
5.497000000000000000e+03,1.399604002472187858e-06
5.498000000000000000e+03,1.399383563693845645e-06
5.499000000000000000e+03,1.399125949319568463e-06
5.500000000000000000e+03,1.398533754581876565e-06
5.501000000000000000e+03,1.398319227519095875e-06
5.502000000000000000e+03,1.397624032506428193e-06
5.503000000000000000e+03,1.397439859829319175e-06
5.504000000000000000e+03,1.397157689098094124e-06
5.505000000000000000e+03,1.396638708683894947e-06
5.506000000000000000e+03,1.395823460370593239e-06
5.507000000000000000e+03,1.395574599882820621e-06
5.508000000000000000e+03,1.394620653627498541e-06
5.509000000000000000e+03,1.394298806189908646e-06
5.510000000000000000e+03,1.393986167386174202e-06
5.511000000000000000e+03,1.393599859511596151e-06
5.512000000000000000e+03,1.392914555253810249e-06
5.513000000000000000e+03,1.392107037645473611e-06
5.514000000000000000e+03,1.391840783071529586e-06
5.515000000000000000e+03,1.391110572512843646e-06
5.516000000000000000e+03,1.390882744090049528e-06
5.517000000000000000e+03,1.390491092934098560e-06
5.518000000000000000e+03,1.390713350701844320e-06
5.519000000000000000e+03,1.390284296576282941e-06
5.520000000000000000e+03,1.390021452607470565e-06
5.521000000000000000e+03,1.389461203871178441e-06
5.522000000000000000e+03,1.389021463182871230e-06
5.523000000000000000e+03,1.388801706525555346e-06
5.524000000000000000e+03,1.388161422255507205e-06
5.525000000000000000e+03,1.387889483339677099e-06
5.526000000000000000e+03,1.387477254866098519e-06
5.527000000000000000e+03,1.387810243613785133e-06
5.528000000000000000e+03,1.387293650623178110e-06
5.529000000000000000e+03,1.386980898132605944e-06
5.530000000000000000e+03,1.386738404107745737e-06
5.531000000000000000e+03,1.386525809721206315e-06
5.532000000000000000e+03,1.386185772389580961e-06
5.533000000000000000e+03,1.386190774610440712e-06
5.534000000000000000e+03,1.385941004627966322e-06
5.535000000000000000e+03,1.385507971463084687e-06
5.536000000000000000e+03,1.385285941069014370e-06
5.537000000000000000e+03,1.385079372084874194e-06
5.538000000000000000e+03,1.384831193718127906e-06
5.539000000000000000e+03,1.384497863909928128e-06
5.540000000000000000e+03,1.384074948873603716e-06
5.541000000000000000e+03,1.383587346026615705e-06
5.542000000000000000e+03,1.383596440973633435e-06
5.543000000000000000e+03,1.383342350891325623e-06
5.544000000000000000e+03,1.382883510814281181e-06
5.545000000000000000e+03,1.382560412821476348e-06
5.546000000000000000e+03,1.382124651172489394e-06
5.547000000000000000e+03,1.381722313453792594e-06
5.548000000000000000e+03,1.382632035529240966e-06
5.549000000000000000e+03,1.381481638418335933e-06
5.550000000000000000e+03,1.380965727548755240e-06
5.551000000000000000e+03,1.380699927722162101e-06
5.552000000000000000e+03,1.380563844577409327e-06
5.553000000000000000e+03,1.380353751301299781e-06
5.554000000000000000e+03,1.380231992698099930e-06
5.555000000000000000e+03,1.379852847094298340e-06
5.556000000000000000e+03,1.379622858621587511e-06
5.557000000000000000e+03,1.379160721626249142e-06
5.558000000000000000e+03,1.379749051011458505e-06
5.559000000000000000e+03,1.378992578793258872e-06
5.560000000000000000e+03,1.378679598929011263e-06
5.561000000000000000e+03,1.378358547299285419e-06
5.562000000000000000e+03,1.378050797029573005e-06
5.563000000000000000e+03,1.377694275106478017e-06
5.564000000000000000e+03,1.377136641167453490e-06
5.565000000000000000e+03,1.376757495563651901e-06
5.566000000000000000e+03,1.376443037770513911e-06
5.567000000000000000e+03,1.376255909235624131e-06
5.568000000000000000e+03,1.375920533064345364e-06
5.569000000000000000e+03,1.375643932988168672e-06
5.570000000000000000e+03,1.375254782942647580e-06
5.571000000000000000e+03,1.374842554469069000e-06
5.572000000000000000e+03,1.374347220917115919e-06
5.573000000000000000e+03,1.373911572954966687e-06
5.574000000000000000e+03,1.373471491206146311e-06
5.575000000000000000e+03,1.373054487885383423e-06
5.576000000000000000e+03,1.373106783830735367e-06
5.577000000000000000e+03,1.372829956380883232e-06
5.578000000000000000e+03,1.372603264826466329e-06
5.579000000000000000e+03,1.372377255393075757e-06
5.580000000000000000e+03,1.372065185023529921e-06
5.581000000000000000e+03,1.371520738757681102e-06
5.582000000000000000e+03,1.371675580230657943e-06
5.583000000000000000e+03,1.371160351482103579e-06
5.584000000000000000e+03,1.370349536955473013e-06
5.585000000000000000e+03,1.369844881082826760e-06
5.586000000000000000e+03,1.369394794892286882e-06
5.587000000000000000e+03,1.369149345009645913e-06
5.588000000000000000e+03,1.368748598906677216e-06
5.589000000000000000e+03,1.368338757856690791e-06
5.590000000000000000e+03,1.368047492178448010e-06
5.591000000000000000e+03,1.367571030641556717e-06
5.592000000000000000e+03,1.367189156553649809e-06
5.593000000000000000e+03,1.366580477224488277e-06
5.594000000000000000e+03,1.366260903523652814e-06
5.595000000000000000e+03,1.365967477795493323e-06
5.596000000000000000e+03,1.365744310533045791e-06
5.597000000000000000e+03,1.365480898130044807e-06
5.598000000000000000e+03,1.365187017654534429e-06
5.599000000000000000e+03,1.364982495033473242e-06
5.600000000000000000e+03,1.364521381219674367e-06
5.601000000000000000e+03,1.364614718113443814e-06
5.602000000000000000e+03,1.364231252409808803e-06
5.603000000000000000e+03,1.364001604997611139e-06
5.604000000000000000e+03,1.363588921776681673e-06
5.605000000000000000e+03,1.363238311569148209e-06
5.606000000000000000e+03,1.363429760203871410e-06
5.607000000000000000e+03,1.362934881399269216e-06
5.608000000000000000e+03,1.362476496069575660e-06
5.609000000000000000e+03,1.362149646411126014e-06
5.610000000000000000e+03,1.361821887257974595e-06
5.611000000000000000e+03,1.361601789540145546e-06
5.612000000000000000e+03,1.361047793579928111e-06
5.613000000000000000e+03,1.360662622573727276e-06
5.614000000000000000e+03,1.359663770017505158e-06
5.615000000000000000e+03,1.367763388770981692e-06
5.616000000000000000e+03,1.359428893010772299e-06
5.617000000000000000e+03,1.358828740194439888e-06
5.618000000000000000e+03,1.358177541987970471e-06
5.619000000000000000e+03,1.357566702608892228e-06
5.620000000000000000e+03,1.356640041194623336e-06
5.621000000000000000e+03,1.355416088699712418e-06
5.622000000000000000e+03,1.356455641143838875e-06
5.623000000000000000e+03,1.354980327050725464e-06
5.624000000000000000e+03,1.354305027234659065e-06
5.625000000000000000e+03,1.353908601231523789e-06
5.626000000000000000e+03,1.353422590000263881e-06
5.627000000000000000e+03,1.352742742710688617e-06
5.628000000000000000e+03,1.352224671791191213e-06
5.629000000000000000e+03,1.351925220660632476e-06
5.630000000000000000e+03,1.351343144051497802e-06
5.631000000000000000e+03,1.350831553281750530e-06
5.632000000000000000e+03,1.350107709185977001e-06
5.633000000000000000e+03,1.351033006358193234e-06
5.634000000000000000e+03,1.349789386040356476e-06
5.635000000000000000e+03,1.349184913124190643e-06
5.636000000000000000e+03,1.348698560832417570e-06
5.637000000000000000e+03,1.348299178971501533e-06
5.638000000000000000e+03,1.347688453279261012e-06
5.639000000000000000e+03,1.346966996607079636e-06
5.640000000000000000e+03,1.346470980934100226e-06
5.641000000000000000e+03,1.345822738585411571e-06
5.642000000000000000e+03,1.346377985100843944e-06
5.643000000000000000e+03,1.345541136288375128e-06
5.644000000000000000e+03,1.345087071058514994e-06
5.645000000000000000e+03,1.344695306215726305e-06
5.646000000000000000e+03,1.343890062344144098e-06
5.647000000000000000e+03,1.345946998299041297e-06
5.648000000000000000e+03,1.343629492112086155e-06
5.649000000000000000e+03,1.343101871498220135e-06
5.650000000000000000e+03,1.342692826256097760e-06
5.651000000000000000e+03,1.342201585430302657e-06
5.652000000000000000e+03,1.341518441222433466e-06
5.653000000000000000e+03,1.341028337265015580e-06
5.654000000000000000e+03,1.339855089099728502e-06
5.655000000000000000e+03,1.339184905191359576e-06
5.656000000000000000e+03,1.338543142992421053e-06
5.657000000000000000e+03,1.337972662440733984e-06
5.658000000000000000e+03,1.337709136350895278e-06
5.659000000000000000e+03,1.337248590971285012e-06
5.660000000000000000e+03,1.336738932877779007e-06
5.661000000000000000e+03,1.336541913588007446e-06
5.662000000000000000e+03,1.335865249529888388e-06
5.663000000000000000e+03,1.335540559921355452e-06
5.664000000000000000e+03,1.335030901827849448e-06
5.665000000000000000e+03,1.334571607003454119e-06
5.666000000000000000e+03,1.334072976533207111e-06
5.667000000000000000e+03,1.333727482233371120e-06
5.668000000000000000e+03,1.333578666162793525e-06
5.669000000000000000e+03,1.333195541519671679e-06
5.670000000000000000e+03,1.332385409114067443e-06
5.671000000000000000e+03,1.332844703938462771e-06
5.672000000000000000e+03,1.331989324171445332e-06
5.673000000000000000e+03,1.331513885816093534e-06
5.674000000000000000e+03,1.331187945652345661e-06
5.675000000000000000e+03,1.330885993411357049e-06
5.676000000000000000e+03,1.330582904301991221e-06
5.677000000000000000e+03,1.330014470113383140e-06
5.678000000000000000e+03,1.329610313405282795e-06
5.679000000000000000e+03,1.329172846453730017e-06
5.680000000000000000e+03,1.328894313701312058e-06
5.681000000000000000e+03,1.328692974311707076e-06
5.682000000000000000e+03,1.328489247498509940e-06
5.683000000000000000e+03,1.328036773884377908e-06
5.684000000000000000e+03,1.327820655205869116e-06
5.685000000000000000e+03,1.327554855379275978e-06
5.686000000000000000e+03,1.327038944509695284e-06
5.687000000000000000e+03,1.326634787801594939e-06
5.688000000000000000e+03,1.325967673437844496e-06
5.689000000000000000e+03,1.325201765212113969e-06
5.690000000000000000e+03,1.325210973845969420e-06
5.691000000000000000e+03,1.324703362115542404e-06
5.692000000000000000e+03,1.324080471931665670e-06
5.693000000000000000e+03,1.323688820775714703e-06
5.694000000000000000e+03,1.323316951129527297e-06
5.695000000000000000e+03,1.322912567047751509e-06
5.696000000000000000e+03,1.322370962952845730e-06
5.697000000000000000e+03,1.321945774179766886e-06
5.698000000000000000e+03,1.321544914389960468e-06
5.699000000000000000e+03,1.320890987699385732e-06
5.700000000000000000e+03,1.320868591392354574e-06
5.701000000000000000e+03,1.320512751590285916e-06
5.702000000000000000e+03,1.320250362368824426e-06
5.703000000000000000e+03,1.320065621257526800e-06
5.704000000000000000e+03,1.319824946222070139e-06
5.705000000000000000e+03,1.319782654718437698e-06
5.706000000000000000e+03,1.319320858783612493e-06
5.707000000000000000e+03,1.319216949013934936e-06
5.708000000000000000e+03,1.319059606430528220e-06
5.709000000000000000e+03,1.318865656685375143e-06
5.710000000000000000e+03,1.318355771218193695e-06
5.711000000000000000e+03,1.318255840487836394e-06
5.712000000000000000e+03,1.317616693086165469e-06
5.713000000000000000e+03,1.317444457527017221e-06
5.714000000000000000e+03,1.317273813583597075e-06
5.715000000000000000e+03,1.316992779720749240e-06
5.716000000000000000e+03,1.316672410212049726e-06
5.717000000000000000e+03,1.316243924520676956e-06
5.718000000000000000e+03,1.315845565841300413e-06
5.719000000000000000e+03,1.315437202720204368e-06
5.720000000000000000e+03,1.314855921918933745e-06
5.721000000000000000e+03,1.315358417741663288e-06
5.722000000000000000e+03,1.314717678724264260e-06
5.723000000000000000e+03,1.314540099883743096e-06
5.724000000000000000e+03,1.314294763687939849e-06
5.725000000000000000e+03,1.314113092121260706e-06
5.726000000000000000e+03,1.313589677920390386e-06
5.727000000000000000e+03,1.314305222877010237e-06
5.728000000000000000e+03,1.313396410296263639e-06
5.729000000000000000e+03,1.313007942371768877e-06
5.730000000000000000e+03,1.312594690716650803e-06
5.731000000000000000e+03,1.312347308157768566e-06
5.732000000000000000e+03,1.312189169766497798e-06
5.733000000000000000e+03,1.311829237238271162e-06
5.734000000000000000e+03,1.311560595240734983e-06
5.735000000000000000e+03,1.311388245994749013e-06
5.736000000000000000e+03,1.311101755163690541e-06
5.737000000000000000e+03,1.310608922722167335e-06
5.738000000000000000e+03,1.310191805714566726e-06
5.739000000000000000e+03,1.309978074459650088e-06
5.740000000000000000e+03,1.309591425524558872e-06
5.741000000000000000e+03,1.309298454543750267e-06
5.742000000000000000e+03,1.308952619183401112e-06
5.743000000000000000e+03,1.308633045482565649e-06
5.744000000000000000e+03,1.308263108512619510e-06
5.745000000000000000e+03,1.307922047999454662e-06
5.746000000000000000e+03,1.307474462919344660e-06
5.747000000000000000e+03,1.307179218201781623e-06
5.748000000000000000e+03,1.306711851611908060e-06
5.749000000000000000e+03,1.306457647842762526e-06
5.750000000000000000e+03,1.306133981415769085e-06
5.751000000000000000e+03,1.305544287788507063e-06
5.752000000000000000e+03,1.305577143284608610e-06
5.753000000000000000e+03,1.305161276832222939e-06
5.754000000000000000e+03,1.304634224652545527e-06
5.755000000000000000e+03,1.304258262280200142e-06
5.756000000000000000e+03,1.303816361541976221e-06
5.757000000000000000e+03,1.303564204135909677e-06
5.758000000000000000e+03,1.302900386690453161e-06
5.759000000000000000e+03,1.302565806327038445e-06
5.760000000000000000e+03,1.302276587011874653e-06
5.761000000000000000e+03,1.301967358813271858e-06
5.762000000000000000e+03,1.301435986533761024e-06
5.763000000000000000e+03,1.301048655477643479e-06
5.764000000000000000e+03,1.300361645917291753e-06
5.765000000000000000e+03,1.299673840549075976e-06
5.766000000000000000e+03,1.298922484238573816e-06
5.767000000000000000e+03,1.298473534916411154e-06
5.768000000000000000e+03,1.298123152082553133e-06
5.769000000000000000e+03,1.297935455113474745e-06
5.770000000000000000e+03,1.297514700127067044e-06
5.771000000000000000e+03,1.296913410442357417e-06
5.772000000000000000e+03,1.296775621995038819e-06
5.773000000000000000e+03,1.296372147407964803e-06
5.774000000000000000e+03,1.296240384363045450e-06
5.775000000000000000e+03,1.296063032896199729e-06
5.776000000000000000e+03,1.296334403377841227e-06
5.777000000000000000e+03,1.295973788728588261e-06
5.778000000000000000e+03,1.295747779295197688e-06
5.779000000000000000e+03,1.295495508202293422e-06
5.780000000000000000e+03,1.295282118007889949e-06
5.781000000000000000e+03,1.294998241974099074e-06
5.782000000000000000e+03,1.294634671467065345e-06
5.783000000000000000e+03,1.295042011406621896e-06
5.784000000000000000e+03,1.294529056394821964e-06
5.785000000000000000e+03,1.294345679525576998e-06
5.786000000000000000e+03,1.294162757403682917e-06
5.787000000000000000e+03,1.293988020734104794e-06
5.788000000000000000e+03,1.293629452447930817e-06
5.789000000000000000e+03,1.293015884584747255e-06
5.790000000000000000e+03,1.293971763516310602e-06
5.791000000000000000e+03,1.292660954277380370e-06
5.792000000000000000e+03,1.292179717893304769e-06
5.793000000000000000e+03,1.291859234697767533e-06
5.794000000000000000e+03,1.291611397391534410e-06
5.795000000000000000e+03,1.291185526497429237e-06
5.796000000000000000e+03,1.290741238335613161e-06
5.797000000000000000e+03,1.290309796786459628e-06
5.798000000000000000e+03,1.290013415200519376e-06
5.799000000000000000e+03,1.289742840526741929e-06
5.800000000000000000e+03,1.289190890929603484e-06
5.801000000000000000e+03,1.288895305151527282e-06
5.802000000000000000e+03,1.288588123316003475e-06
5.803000000000000000e+03,1.288240582653088495e-06
5.804000000000000000e+03,1.287517875425692182e-06
5.805000000000000000e+03,1.291321950702695176e-06
5.806000000000000000e+03,1.287351324208430015e-06
5.807000000000000000e+03,1.286926817556377500e-06
5.808000000000000000e+03,1.286632596020353958e-06
5.809000000000000000e+03,1.286273686673666816e-06
5.810000000000000000e+03,1.285921825910918415e-06
5.811000000000000000e+03,1.285564621866797097e-06
5.812000000000000000e+03,1.284727204620139673e-06
5.813000000000000000e+03,1.284124664380215108e-06
5.814000000000000000e+03,1.284179006688646041e-06
5.815000000000000000e+03,1.283799065276980400e-06
5.816000000000000000e+03,1.283506321669847239e-06
5.817000000000000000e+03,1.283216533920494840e-06
5.818000000000000000e+03,1.283195615542354062e-06
5.819000000000000000e+03,1.282771222577139270e-06
5.820000000000000000e+03,1.282558059756411240e-06
5.821000000000000000e+03,1.282265884583466686e-06
5.822000000000000000e+03,1.281860136259638239e-06
5.823000000000000000e+03,1.282119796996994410e-06
5.824000000000000000e+03,1.281652544093958568e-06
5.825000000000000000e+03,1.281258050767064560e-06
5.826000000000000000e+03,1.280974743167462293e-06
5.827000000000000000e+03,1.280559217775589786e-06
5.828000000000000000e+03,1.280111405321804341e-06
5.829000000000000000e+03,1.279725893255090341e-06
5.830000000000000000e+03,1.279175421586842276e-06
5.831000000000000000e+03,1.278777403967978898e-06
5.832000000000000000e+03,1.278277522942516953e-06
5.833000000000000000e+03,1.277943738386966288e-06
5.834000000000000000e+03,1.277709543501259759e-06
5.835000000000000000e+03,1.277300270885461941e-06
5.836000000000000000e+03,1.277019464396289550e-06
5.837000000000000000e+03,1.276853481613215990e-06
5.838000000000000000e+03,1.276293232876923867e-06
5.839000000000000000e+03,1.275609406548028346e-06
5.840000000000000000e+03,1.274989699595607817e-06
5.841000000000000000e+03,1.274601231671113055e-06
5.842000000000000000e+03,1.274362944059248548e-06
5.843000000000000000e+03,1.274084070246317424e-06
5.844000000000000000e+03,1.273507109544880223e-06
5.845000000000000000e+03,1.272869894819450565e-06
5.846000000000000000e+03,1.273120346922951285e-06
5.847000000000000000e+03,1.272547592634509783e-06
5.848000000000000000e+03,1.271939822800050024e-06
5.849000000000000000e+03,1.271585347240034025e-06
5.850000000000000000e+03,1.270992243007640354e-06
5.851000000000000000e+03,1.270750772164319642e-06
5.852000000000000000e+03,1.270389930141391233e-06
5.853000000000000000e+03,1.269980543838755693e-06
5.854000000000000000e+03,1.269581730412028264e-06
5.855000000000000000e+03,1.268867549697461072e-06
5.856000000000000000e+03,1.270812845177715644e-06
5.857000000000000000e+03,1.268653250008355826e-06
5.858000000000000000e+03,1.268223854822281282e-06
5.859000000000000000e+03,1.267837546947703231e-06
5.860000000000000000e+03,1.267321067643933930e-06
5.861000000000000000e+03,1.266716935788281262e-06
5.862000000000000000e+03,1.267052198272722308e-06
5.863000000000000000e+03,1.266422486878582276e-06
5.864000000000000000e+03,1.266013100575946737e-06
5.865000000000000000e+03,1.265627588509232737e-06
5.866000000000000000e+03,1.265234573111229111e-06
5.867000000000000000e+03,1.264909997189533897e-06
5.868000000000000000e+03,1.264492425434582401e-06
5.869000000000000000e+03,1.264294837710622232e-06
5.870000000000000000e+03,1.263942976947873831e-06
5.871000000000000000e+03,1.263645799554069526e-06
5.872000000000000000e+03,1.263196168110880535e-06
5.873000000000000000e+03,1.262812929780920967e-06
5.874000000000000000e+03,1.262487444364523981e-06
5.875000000000000000e+03,1.262513478650362231e-06
5.876000000000000000e+03,1.262343289454292972e-06
5.877000000000000000e+03,1.262133650925534312e-06
5.878000000000000000e+03,1.261554984921531286e-06
5.879000000000000000e+03,1.261220631931792013e-06
5.880000000000000000e+03,1.260630597244016826e-06
5.881000000000000000e+03,1.260182671103393659e-06
5.882000000000000000e+03,1.259825353372434620e-06
5.883000000000000000e+03,1.259465193470532540e-06
5.884000000000000000e+03,1.259063878933375236e-06
5.885000000000000000e+03,1.258319230146298651e-06
5.886000000000000000e+03,1.257957137568155304e-06
5.887000000000000000e+03,1.257198732673714403e-06
5.888000000000000000e+03,1.256703626495436765e-06
5.889000000000000000e+03,1.256215455214260146e-06
5.890000000000000000e+03,1.255724555448978208e-06
5.891000000000000000e+03,1.255117808796057943e-06
5.892000000000000000e+03,1.254668404726544395e-06
5.893000000000000000e+03,1.254198309652565513e-06
5.894000000000000000e+03,1.253974232895416208e-06
5.895000000000000000e+03,1.253678419743664563e-06
5.896000000000000000e+03,1.253333834938530345e-06
5.897000000000000000e+03,1.253107257070951164e-06
5.898000000000000000e+03,1.252723677680478431e-06
5.899000000000000000e+03,1.252248921446152963e-06
5.900000000000000000e+03,1.251856929229688831e-06
5.901000000000000000e+03,1.251598632734385319e-06
5.902000000000000000e+03,1.251303274329984561e-06
5.903000000000000000e+03,1.250935952157306019e-06
5.904000000000000000e+03,1.251249159395229071e-06
5.905000000000000000e+03,1.250682998943375424e-06
5.906000000000000000e+03,1.250177319889189675e-06
5.907000000000000000e+03,1.249810338777024299e-06
5.908000000000000000e+03,1.249494971489184536e-06
5.909000000000000000e+03,1.249211550202744547e-06
5.910000000000000000e+03,1.248829676114837639e-06
5.911000000000000000e+03,1.248414491783478297e-06
5.912000000000000000e+03,1.248184616997605190e-06
5.913000000000000000e+03,1.247940531357016880e-06
5.914000000000000000e+03,1.247726913788937964e-06
5.915000000000000000e+03,1.247292061634652782e-06
5.916000000000000000e+03,1.246876649929617997e-06
5.917000000000000000e+03,1.246946681021654513e-06
5.918000000000000000e+03,1.246587316927616484e-06
5.919000000000000000e+03,1.246162128154537641e-06
5.920000000000000000e+03,1.245894509338540956e-06
5.921000000000000000e+03,1.245511271008581389e-06
5.922000000000000000e+03,1.245074372491217218e-06
5.923000000000000000e+03,1.246144961442041676e-06
5.924000000000000000e+03,1.244875079464691225e-06
5.925000000000000000e+03,1.244398731614637654e-06
5.926000000000000000e+03,1.243998553945857566e-06
5.927000000000000000e+03,1.243550514118396677e-06
5.928000000000000000e+03,1.243064502887136769e-06
5.929000000000000000e+03,1.244008558387577068e-06
5.930000000000000000e+03,1.242811777046881616e-06
5.931000000000000000e+03,1.242356233888131101e-06
5.932000000000000000e+03,1.242122948497126345e-06
5.933000000000000000e+03,1.241871700585761573e-06
5.934000000000000000e+03,1.241532572748837993e-06
5.935000000000000000e+03,1.240890469489386305e-06
5.936000000000000000e+03,1.240786446032871027e-06
5.937000000000000000e+03,1.240062942997610662e-06
5.938000000000000000e+03,1.239874109160155058e-06
5.939000000000000000e+03,1.239500534211401828e-06
5.940000000000000000e+03,1.238935055880574510e-06
5.941000000000000000e+03,1.238003505932283588e-06
5.942000000000000000e+03,1.242601683770772070e-06
5.943000000000000000e+03,1.237662445419118740e-06
5.944000000000000000e+03,1.237162337019981351e-06
5.945000000000000000e+03,1.236787511516013183e-06
5.946000000000000000e+03,1.236564344253565650e-06
5.947000000000000000e+03,1.236288426298415288e-06
5.948000000000000000e+03,1.235804688803909812e-06
5.949000000000000000e+03,1.235563217960589100e-06
5.950000000000000000e+03,1.235229774465551600e-06
5.951000000000000000e+03,1.234871092492539901e-06
5.952000000000000000e+03,1.234100182045949623e-06
5.953000000000000000e+03,1.233419311574834865e-06
5.954000000000000000e+03,1.233131797562236898e-06
5.955000000000000000e+03,1.232274939866329078e-06
5.956000000000000000e+03,1.231879423357895575e-06
5.957000000000000000e+03,1.231570308846130501e-06
5.958000000000000000e+03,1.231039618687645998e-06
5.959000000000000000e+03,1.230740735991275869e-06
5.960000000000000000e+03,1.230468683388608042e-06
5.961000000000000000e+03,1.230387397299637087e-06
5.962000000000000000e+03,1.229960957971343305e-06
5.963000000000000000e+03,1.229753479492501356e-06
5.964000000000000000e+03,1.229489271281636320e-06
5.965000000000000000e+03,1.229260647050978150e-06
5.966000000000000000e+03,1.229141503245045897e-06
5.967000000000000000e+03,1.228419137078162748e-06
5.968000000000000000e+03,1.228158453159267083e-06
5.969000000000000000e+03,1.227845018547668587e-06
5.970000000000000000e+03,1.227490656674490310e-06
5.971000000000000000e+03,1.227190296049229801e-06
5.972000000000000000e+03,1.226836047862889245e-06
5.973000000000000000e+03,1.226662789122201502e-06
5.974000000000000000e+03,1.226321160174848046e-06
5.975000000000000000e+03,1.225930873260949738e-06
5.976000000000000000e+03,1.225627443091070745e-06
5.977000000000000000e+03,1.224961010848346632e-06
5.978000000000000000e+03,1.224633138008357491e-06
5.979000000000000000e+03,1.224046741299389396e-06
5.980000000000000000e+03,1.223460799337772187e-06
5.981000000000000000e+03,1.223003664563293569e-06
5.982000000000000000e+03,1.222455239258124493e-06
5.983000000000000000e+03,1.222098035214003175e-06
5.984000000000000000e+03,1.221480374624661636e-06
5.985000000000000000e+03,1.221147499563812744e-06
5.986000000000000000e+03,1.220850094796332996e-06
5.987000000000000000e+03,1.220929448209062684e-06
5.988000000000000000e+03,1.220687067871040199e-06
5.989000000000000000e+03,1.220405806634516921e-06
5.990000000000000000e+03,1.220166268467437476e-06
5.991000000000000000e+03,1.219828618559404276e-06
5.992000000000000000e+03,1.219842374666768592e-06
5.993000000000000000e+03,1.219676619257370476e-06
5.994000000000000000e+03,1.219416049025312532e-06
5.995000000000000000e+03,1.219105683958332520e-06
5.996000000000000000e+03,1.218847273776191287e-06
5.997000000000000000e+03,1.218469037667091470e-06
5.998000000000000000e+03,1.217820454257889651e-06
5.999000000000000000e+03,1.217964268107607495e-06
6.000000000000000000e+03,1.217418684973381460e-06
6.001000000000000000e+03,1.216872988152317703e-06
6.002000000000000000e+03,1.217306930811901111e-06
6.003000000000000000e+03,1.216748842125525698e-06
6.004000000000000000e+03,1.216578993989969604e-06
6.005000000000000000e+03,1.216400733028422110e-06
6.006000000000000000e+03,1.216196210407360923e-06
6.007000000000000000e+03,1.215768634210689925e-06
6.008000000000000000e+03,1.215062638948438689e-06
6.009000000000000000e+03,1.214348799294384662e-06
6.010000000000000000e+03,1.213849373016273603e-06
6.011000000000000000e+03,1.213217728945892304e-06
6.012000000000000000e+03,1.212801066685642581e-06
6.013000000000000000e+03,1.212332222166878637e-06
6.014000000000000000e+03,1.212047550325223710e-06
6.015000000000000000e+03,1.211419544233649503e-06
6.016000000000000000e+03,1.211256744682032149e-06
6.017000000000000000e+03,1.210708546750538517e-06
6.018000000000000000e+03,1.210990831168601289e-06
6.019000000000000000e+03,1.210557115882693324e-06
6.020000000000000000e+03,1.210245955007849261e-06
6.021000000000000000e+03,1.209894890052964911e-06
6.022000000000000000e+03,1.209436163662758190e-06
6.023000000000000000e+03,1.208995854540262371e-06
6.024000000000000000e+03,1.208844082611904014e-06
6.025000000000000000e+03,1.208270987262949347e-06
6.026000000000000000e+03,1.208022695209365338e-06
6.027000000000000000e+03,1.207668560709862504e-06
6.028000000000000000e+03,1.207072841680201236e-06
6.029000000000000000e+03,1.209273364111140836e-06
6.030000000000000000e+03,1.206880824611289427e-06
6.031000000000000000e+03,1.206387196361902170e-06
6.032000000000000000e+03,1.206052047564298846e-06
6.033000000000000000e+03,1.205624585054465570e-06
6.034000000000000000e+03,1.205290686812077183e-06
6.035000000000000000e+03,1.204922227771021426e-06
6.036000000000000000e+03,1.204228965434595011e-06
6.037000000000000000e+03,1.204088789563684259e-06
6.038000000000000000e+03,1.203753754452918656e-06
6.039000000000000000e+03,1.203536271532357205e-06
6.040000000000000000e+03,1.203309238917427137e-06
6.041000000000000000e+03,1.202925091092765797e-06
6.042000000000000000e+03,1.202457156068703625e-06
6.043000000000000000e+03,1.201855184262967668e-06
6.044000000000000000e+03,1.201552549900952727e-06
6.045000000000000000e+03,1.201205350298550911e-06
6.046000000000000000e+03,1.201015948026906699e-06
6.047000000000000000e+03,1.200646352117473725e-06
6.048000000000000000e+03,1.200228325615171343e-06
6.049000000000000000e+03,1.199885332425765228e-06
6.050000000000000000e+03,1.199695816467283294e-06
6.051000000000000000e+03,1.199263692797103431e-06
6.052000000000000000e+03,1.199059965983906295e-06
6.053000000000000000e+03,1.198706399918592069e-06
6.054000000000000000e+03,1.198250970446679275e-06
6.055000000000000000e+03,1.198442646455077920e-06
6.056000000000000000e+03,1.197816459352907259e-06
6.057000000000000000e+03,1.197508140649006236e-06
6.058000000000000000e+03,1.197101028083125129e-06
6.059000000000000000e+03,1.196987909679592121e-06
6.060000000000000000e+03,1.196770767819543835e-06
6.061000000000000000e+03,1.196383095702913124e-06
6.062000000000000000e+03,1.196487460219941568e-06
6.063000000000000000e+03,1.196088078359025531e-06
6.064000000000000000e+03,1.195438244394608773e-06
6.065000000000000000e+03,1.195232584905170370e-06
6.066000000000000000e+03,1.194629589917894918e-06
6.067000000000000000e+03,1.194400965687236749e-06
6.068000000000000000e+03,1.194212813970807474e-06
6.069000000000000000e+03,1.193800585497228894e-06
6.070000000000000000e+03,1.193104822050372604e-06
6.071000000000000000e+03,1.193355274153873324e-06
6.072000000000000000e+03,1.192617446577060036e-06
6.073000000000000000e+03,1.191861656479886733e-06
6.074000000000000000e+03,1.191586761706275865e-06
6.075000000000000000e+03,1.191172600556456018e-06
6.076000000000000000e+03,1.191019691759720445e-06
6.077000000000000000e+03,1.190659077110467479e-06
6.078000000000000000e+03,1.190267084894003347e-06
6.079000000000000000e+03,1.189879981211561244e-06
6.080000000000000000e+03,1.189488671116123442e-06
6.081000000000000000e+03,1.189317572425352409e-06
6.082000000000000000e+03,1.189057570627483074e-06
6.083000000000000000e+03,1.188700480270199478e-06
6.084000000000000000e+03,1.188340661428810563e-06
6.085000000000000000e+03,1.187962993753899354e-06
6.086000000000000000e+03,1.187532234325772151e-06
6.087000000000000000e+03,1.187277803182951175e-06
6.088000000000000000e+03,1.186900476568553131e-06
6.089000000000000000e+03,1.186459257951355539e-06
6.090000000000000000e+03,1.186361032523564063e-06
6.091000000000000000e+03,1.185803853331890423e-06
6.092000000000000000e+03,1.185609903586737346e-06
6.093000000000000000e+03,1.185235419143282343e-06
6.094000000000000000e+03,1.184665961773134768e-06
6.095000000000000000e+03,1.185610358334088232e-06
6.096000000000000000e+03,1.184376742457970977e-06
6.097000000000000000e+03,1.183707922791654710e-06
6.098000000000000000e+03,1.183215886157995556e-06
6.099000000000000000e+03,1.182917458208976313e-06
6.100000000000000000e+03,1.182623577733465936e-06
6.101000000000000000e+03,1.182420419354457408e-06
6.102000000000000000e+03,1.182000573862751480e-06
6.103000000000000000e+03,1.181453853860148229e-06
6.104000000000000000e+03,1.180842900794232264e-06
6.105000000000000000e+03,1.180349613605358172e-06
6.106000000000000000e+03,1.179710011456336360e-06
6.107000000000000000e+03,1.179567220788158011e-06
6.108000000000000000e+03,1.178993443318177015e-06
6.109000000000000000e+03,1.178716502181487158e-06
6.110000000000000000e+03,1.178378965960291680e-06
6.111000000000000000e+03,1.177797457785345614e-06
6.112000000000000000e+03,1.178098955278983340e-06
6.113000000000000000e+03,1.177413992081710603e-06
6.114000000000000000e+03,1.176931846202933230e-06
6.115000000000000000e+03,1.176700266114494298e-06
6.116000000000000000e+03,1.176351702270039823e-06
6.117000000000000000e+03,1.175892521132482216e-06
6.118000000000000000e+03,1.175525653707154561e-06
6.119000000000000000e+03,1.174885255750268698e-06
6.120000000000000000e+03,1.174554313365661073e-06
6.121000000000000000e+03,1.174299768536002375e-06
6.122000000000000000e+03,1.174082626675954089e-06
6.123000000000000000e+03,1.173708483293012250e-06
6.124000000000000000e+03,1.173301939161319751e-06
6.125000000000000000e+03,1.172928818959917407e-06
6.126000000000000000e+03,1.172476686406298541e-06
6.127000000000000000e+03,1.171602093563706148e-06
6.128000000000000000e+03,1.173385271613369696e-06
6.129000000000000000e+03,1.171260009869001806e-06
6.130000000000000000e+03,1.170599489341839217e-06
6.131000000000000000e+03,1.170250698123709299e-06
6.132000000000000000e+03,1.169902475339767989e-06
6.133000000000000000e+03,1.169493202723970171e-06
6.134000000000000000e+03,1.169041865978215355e-06
6.135000000000000000e+03,1.168751737168349791e-06
6.136000000000000000e+03,1.168279936791805085e-06
6.137000000000000000e+03,1.167994696515961550e-06
6.138000000000000000e+03,1.167368850474304054e-06
6.139000000000000000e+03,1.167075879493495449e-06
6.140000000000000000e+03,1.166720721812453121e-06
6.141000000000000000e+03,1.166425136034376919e-06
6.142000000000000000e+03,1.166252445727877785e-06
6.143000000000000000e+03,1.165936737379524857e-06
6.144000000000000000e+03,1.165630465038702823e-06
6.145000000000000000e+03,1.165042817774519790e-06
6.146000000000000000e+03,1.165405478786851745e-06
6.147000000000000000e+03,1.164763375527400058e-06
6.148000000000000000e+03,1.164476202575315256e-06
6.149000000000000000e+03,1.164168452305602841e-06
6.150000000000000000e+03,1.163909473689273000e-06
6.151000000000000000e+03,1.163423235084337648e-06
6.152000000000000000e+03,1.163155616268340964e-06
6.153000000000000000e+03,1.162516014119319152e-06
6.154000000000000000e+03,1.162171770374698099e-06
6.155000000000000000e+03,1.161755790235474706e-06
6.156000000000000000e+03,1.161482600764429662e-06
6.157000000000000000e+03,1.161143586614343803e-06
6.158000000000000000e+03,1.160877332040399779e-06
6.159000000000000000e+03,1.160619831352960318e-06
6.160000000000000000e+03,1.160360739049792755e-06
6.161000000000000000e+03,1.159998191724298522e-06
6.162000000000000000e+03,1.159784233095706441e-06
6.163000000000000000e+03,1.159453404397936538e-06
6.164000000000000000e+03,1.159755584012600593e-06
6.165000000000000000e+03,1.159252860816195607e-06
6.166000000000000000e+03,1.159035605269309599e-06
6.167000000000000000e+03,1.158713757831719704e-06
6.168000000000000000e+03,1.158875988949148450e-06
6.169000000000000000e+03,1.158623604169406462e-06
6.170000000000000000e+03,1.158543682322488166e-06
6.171000000000000000e+03,1.158454324468038976e-06
6.172000000000000000e+03,1.158266741185798310e-06
6.173000000000000000e+03,1.158068698714487255e-06
6.174000000000000000e+03,1.157659426098689437e-06
6.175000000000000000e+03,1.157848373622982763e-06
6.176000000000000000e+03,1.157342694568797015e-06
6.177000000000000000e+03,1.156786311184987426e-06
6.178000000000000000e+03,1.156308712779718917e-06
6.179000000000000000e+03,1.155923200713004917e-06
6.180000000000000000e+03,1.155631821347924415e-06
6.181000000000000000e+03,1.155135919361782726e-06
6.182000000000000000e+03,1.154781330114929006e-06
6.183000000000000000e+03,1.154362848865275737e-06
6.184000000000000000e+03,1.153953348875802476e-06
6.185000000000000000e+03,1.153615130533580668e-06
6.186000000000000000e+03,1.152927438852202613e-06
6.187000000000000000e+03,1.152818754235340748e-06
6.188000000000000000e+03,1.152254299086052924e-06
6.189000000000000000e+03,1.152038180407544132e-06
6.190000000000000000e+03,1.151891638073720969e-06
6.191000000000000000e+03,1.151620608652592637e-06
6.192000000000000000e+03,1.151027390733361244e-06
6.193000000000000000e+03,1.150700427388073877e-06
6.194000000000000000e+03,1.150045591202797368e-06
6.195000000000000000e+03,1.149786271525954362e-06
6.196000000000000000e+03,1.149513082054909319e-06
6.197000000000000000e+03,1.149321860793861561e-06
6.198000000000000000e+03,1.148991259469767101e-06
6.199000000000000000e+03,1.148748538071231451e-06
6.200000000000000000e+03,1.148331762124144007e-06
6.201000000000000000e+03,1.147725697592250071e-06
6.202000000000000000e+03,1.148363139691355173e-06
6.203000000000000000e+03,1.147488774222438224e-06
6.204000000000000000e+03,1.146928070738795213e-06
6.205000000000000000e+03,1.146543240793107543e-06
6.206000000000000000e+03,1.146104409599502105e-06
6.207000000000000000e+03,1.145714918493467849e-06
6.208000000000000000e+03,1.144946395470469724e-06
6.209000000000000000e+03,1.144308271250338294e-06
6.210000000000000000e+03,1.143784970736305695e-06
6.211000000000000000e+03,1.143266786129970569e-06
6.212000000000000000e+03,1.142793280450860038e-06
6.213000000000000000e+03,1.142530209108372219e-06
6.214000000000000000e+03,1.142152200372947846e-06
6.215000000000000000e+03,1.141692678174877074e-06
6.216000000000000000e+03,1.141512598223926034e-06
6.217000000000000000e+03,1.140933932219923008e-06
6.218000000000000000e+03,1.141680741056916304e-06
6.219000000000000000e+03,1.140573772318020929e-06
6.220000000000000000e+03,1.140003746513684746e-06
6.221000000000000000e+03,1.139719870479893871e-06
6.222000000000000000e+03,1.139441565101151355e-06
6.223000000000000000e+03,1.139264213634305634e-06
6.224000000000000000e+03,1.138944526246632449e-06
6.225000000000000000e+03,1.138607331085950136e-06
6.226000000000000000e+03,1.138402353717538062e-06
6.227000000000000000e+03,1.137908384407637641e-06
6.228000000000000000e+03,1.137548338192573283e-06
6.229000000000000000e+03,1.136864852924190927e-06
6.230000000000000000e+03,1.136498553933051880e-06
6.231000000000000000e+03,1.136226273956708610e-06
6.232000000000000000e+03,1.135705588239943609e-06
6.233000000000000000e+03,1.135766183324449230e-06
6.234000000000000000e+03,1.135202637669863179e-06
6.235000000000000000e+03,1.134502554123173468e-06
6.236000000000000000e+03,1.133992554969154298e-06
6.237000000000000000e+03,1.133401838160352781e-06
6.238000000000000000e+03,1.132988131757883821e-06
6.239000000000000000e+03,1.132720854002400301e-06
6.240000000000000000e+03,1.132368538492301013e-06
6.241000000000000000e+03,1.132108423007593956e-06
6.242000000000000000e+03,1.131811245613789652e-06
6.243000000000000000e+03,1.131550220634380821e-06
6.244000000000000000e+03,1.131388671637978405e-06
6.245000000000000000e+03,1.131166868617583532e-06
6.246000000000000000e+03,1.130711439145670738e-06
6.247000000000000000e+03,1.130282498706947081e-06
6.248000000000000000e+03,1.129757379203510936e-06
6.249000000000000000e+03,1.129094584939593915e-06
6.250000000000000000e+03,1.128788539972447325e-06
6.251000000000000000e+03,1.128248072745918762e-06
6.252000000000000000e+03,1.128044232245883904e-06
6.253000000000000000e+03,1.127691916735784616e-06
6.254000000000000000e+03,1.127947825807495974e-06
6.255000000000000000e+03,1.127553559854277410e-06
6.256000000000000000e+03,1.127224663832748774e-06
6.257000000000000000e+03,1.126953407037944999e-06
6.258000000000000000e+03,1.126418624153302517e-06
6.259000000000000000e+03,1.125688413594616577e-06
6.260000000000000000e+03,1.127030600400757976e-06
6.261000000000000000e+03,1.125408516600145958e-06
6.262000000000000000e+03,1.124711729971750174e-06
6.263000000000000000e+03,1.124367713600804564e-06
6.264000000000000000e+03,1.124083951253851410e-06
6.265000000000000000e+03,1.123837023442320060e-06
6.266000000000000000e+03,1.123232436839316506e-06
6.267000000000000000e+03,1.122701405620318837e-06
6.268000000000000000e+03,1.121675040849368088e-06
6.269000000000000000e+03,1.121305899687286001e-06
6.270000000000000000e+03,1.120527599596243817e-06
6.271000000000000000e+03,1.120271917898207903e-06
6.272000000000000000e+03,1.119564899454417173e-06
6.273000000000000000e+03,1.119168132390768733e-06
6.274000000000000000e+03,1.118621639761840925e-06
6.275000000000000000e+03,1.118301611313654575e-06
6.276000000000000000e+03,1.117972828978963662e-06
6.277000000000000000e+03,1.117401211558899377e-06
6.278000000000000000e+03,1.117978285947174300e-06
6.279000000000000000e+03,1.117139504458464216e-06
6.280000000000000000e+03,1.116768316933303140e-06
6.281000000000000000e+03,1.116470571105310228e-06
6.282000000000000000e+03,1.116292878577951342e-06
6.283000000000000000e+03,1.115997406486712862e-06
6.284000000000000000e+03,1.115329041567747481e-06
6.285000000000000000e+03,1.115683630814601202e-06
6.286000000000000000e+03,1.115019244934956077e-06
6.287000000000000000e+03,1.114708311433787458e-06
6.288000000000000000e+03,1.114467522711493075e-06
6.289000000000000000e+03,1.114274141400528606e-06
6.290000000000000000e+03,1.113941493713355158e-06
6.291000000000000000e+03,1.113555072151939385e-06
6.292000000000000000e+03,1.113047687795187812e-06
6.293000000000000000e+03,1.112519612433970906e-06
6.294000000000000000e+03,1.112375798584253062e-06
6.295000000000000000e+03,1.111878873416571878e-06
6.296000000000000000e+03,1.111691062760655768e-06
6.297000000000000000e+03,1.111321694224898238e-06
6.298000000000000000e+03,1.110804873860615771e-06
6.299000000000000000e+03,1.110013158722722437e-06
6.300000000000000000e+03,1.109703589463606477e-06
6.301000000000000000e+03,1.109187110159837175e-06
6.302000000000000000e+03,1.109006234401022084e-06
6.303000000000000000e+03,1.108767833102319855e-06
6.304000000000000000e+03,1.108469518840138335e-06
6.305000000000000000e+03,1.108174046748899855e-06
6.306000000000000000e+03,1.107882894757494796e-06
6.307000000000000000e+03,1.107541265810141340e-06
6.308000000000000000e+03,1.107350954043795355e-06
6.309000000000000000e+03,1.107167236114037223e-06
6.310000000000000000e+03,1.107084131035662722e-06
6.311000000000000000e+03,1.106753529711568262e-06
6.312000000000000000e+03,1.106660192817798816e-06
6.313000000000000000e+03,1.106497961700370070e-06
6.314000000000000000e+03,1.106277295548352413e-06
6.315000000000000000e+03,1.106045942833588924e-06
6.316000000000000000e+03,1.105459546124620829e-06
6.317000000000000000e+03,1.105204546547611244e-06
6.318000000000000000e+03,1.104970692722417880e-06
6.319000000000000000e+03,1.104726152334478684e-06
6.320000000000000000e+03,1.104047669286956079e-06
6.321000000000000000e+03,1.104404987017915118e-06
6.322000000000000000e+03,1.103862018680956680e-06
6.323000000000000000e+03,1.103464796869957354e-06
6.324000000000000000e+03,1.103205363506276626e-06
6.325000000000000000e+03,1.103094405152660329e-06
6.326000000000000000e+03,1.102762666960188653e-06
6.327000000000000000e+03,1.102523924600973260e-06
6.328000000000000000e+03,1.102319856727262959e-06
6.329000000000000000e+03,1.101886255128192715e-06
6.330000000000000000e+03,1.101559632843418512e-06
6.331000000000000000e+03,1.101018824556376785e-06
6.332000000000000000e+03,1.100802251130517107e-06
6.333000000000000000e+03,1.100783151741779875e-06
6.334000000000000000e+03,1.100652980312588625e-06
6.335000000000000000e+03,1.100440272239211481e-06
6.336000000000000000e+03,1.100239956031145994e-06
6.337000000000000000e+03,1.099940050153236371e-06
6.338000000000000000e+03,1.099582163988088723e-06
6.339000000000000000e+03,1.099766677725710906e-06
6.340000000000000000e+03,1.099394239645334892e-06
6.341000000000000000e+03,1.099055793929437641e-06
6.342000000000000000e+03,1.098938469112908933e-06
6.343000000000000000e+03,1.098624125006608665e-06
6.344000000000000000e+03,1.098298753277049400e-06
6.345000000000000000e+03,1.098196776183613110e-06
6.346000000000000000e+03,1.097905055758019444e-06
6.347000000000000000e+03,1.097782501346955542e-06
6.348000000000000000e+03,1.097506469704967458e-06
6.349000000000000000e+03,1.097052063414594159e-06
6.350000000000000000e+03,1.096629034691432025e-06
6.351000000000000000e+03,1.096071628126082942e-06
6.352000000000000000e+03,1.095744551093957853e-06
6.353000000000000000e+03,1.095401444217714015e-06
6.354000000000000000e+03,1.094868252948799636e-06
6.355000000000000000e+03,1.094959202418976929e-06
6.356000000000000000e+03,1.094567210202512797e-06
6.357000000000000000e+03,1.094390313483017962e-06
6.358000000000000000e+03,1.094163394554925617e-06
6.359000000000000000e+03,1.094082335839630105e-06
6.360000000000000000e+03,1.093900550586113241e-06
6.361000000000000000e+03,1.093683977160253562e-06
6.362000000000000000e+03,1.093828473130997736e-06
6.363000000000000000e+03,1.093536525331728626e-06
6.364000000000000000e+03,1.093327682610834017e-06
6.365000000000000000e+03,1.093165792553918436e-06
6.366000000000000000e+03,1.092975594474410173e-06
6.367000000000000000e+03,1.092676484404364601e-06
6.368000000000000000e+03,1.092180241357709747e-06
6.369000000000000000e+03,1.091799731511855498e-06
6.370000000000000000e+03,1.091433091460203286e-06
6.371000000000000000e+03,1.091181161427812185e-06
6.372000000000000000e+03,1.090914111046004109e-06
6.373000000000000000e+03,1.090361024580488447e-06
6.374000000000000000e+03,1.090238811229937710e-06
6.375000000000000000e+03,1.089660031539096963e-06
6.376000000000000000e+03,1.089379907170950901e-06
6.377000000000000000e+03,1.089053512259852141e-06
6.378000000000000000e+03,1.088734279619529843e-06
6.379000000000000000e+03,1.088443582375475671e-06
6.380000000000000000e+03,1.088215185518492945e-06
6.381000000000000000e+03,1.087890950657310896e-06
6.382000000000000000e+03,1.087766463570005726e-06
6.383000000000000000e+03,1.087242708308622241e-06
6.384000000000000000e+03,1.086825022866833024e-06
6.385000000000000000e+03,1.086457245946803596e-06
6.386000000000000000e+03,1.085972826331271790e-06
6.387000000000000000e+03,1.086794100046972744e-06
6.388000000000000000e+03,1.085719873117341194e-06
6.389000000000000000e+03,1.085430994862690568e-06
6.390000000000000000e+03,1.085335156858491246e-06
6.391000000000000000e+03,1.085206690731865820e-06
6.392000000000000000e+03,1.084989662558655255e-06
6.393000000000000000e+03,1.084810151041892823e-06
6.394000000000000000e+03,1.084447717403236311e-06
6.395000000000000000e+03,1.084046402866079006e-06
6.396000000000000000e+03,1.083744905372441281e-06
6.397000000000000000e+03,1.083545953406428453e-06
6.398000000000000000e+03,1.083333472706726752e-06
6.399000000000000000e+03,1.083008783098193817e-06
6.400000000000000000e+03,1.082468088497989811e-06
6.401000000000000000e+03,1.082049720935174264e-06
6.402000000000000000e+03,1.081732420971093234e-06
6.403000000000000000e+03,1.081329060070856940e-06
6.404000000000000000e+03,1.080895572158624418e-06
6.405000000000000000e+03,1.080466972780413926e-06
6.406000000000000000e+03,1.080023821486975066e-06
6.407000000000000000e+03,1.079703338291437831e-06
6.408000000000000000e+03,1.079487788047117647e-06
6.409000000000000000e+03,1.079233925338485278e-06
6.410000000000000000e+03,1.078722903002926614e-06
6.411000000000000000e+03,1.079016897165274713e-06
6.412000000000000000e+03,1.078523268915887456e-06
6.413000000000000000e+03,1.078210175364802126e-06
6.414000000000000000e+03,1.077964498108485714e-06
6.415000000000000000e+03,1.077640945368329994e-06
6.416000000000000000e+03,1.077199954124807846e-06
6.417000000000000000e+03,1.076877083505678456e-06
6.418000000000000000e+03,1.076486341844429262e-06
6.419000000000000000e+03,1.076273861144727562e-06
6.420000000000000000e+03,1.076065700544859283e-06
6.421000000000000000e+03,1.075694740393373650e-06
6.422000000000000000e+03,1.076010562428564299e-06
6.423000000000000000e+03,1.075456793842022307e-06
6.424000000000000000e+03,1.075127215699467342e-06
6.425000000000000000e+03,1.074866304406896234e-06
6.426000000000000000e+03,1.074508645615424030e-06
6.427000000000000000e+03,1.074161446013022214e-06
6.428000000000000000e+03,1.073772978088527452e-06
6.429000000000000000e+03,1.073380190064199269e-06
6.430000000000000000e+03,1.072950681191287003e-06
6.431000000000000000e+03,1.072854843187087681e-06
6.432000000000000000e+03,1.072469785867724568e-06
6.433000000000000000e+03,1.072324494089116342e-06
6.434000000000000000e+03,1.072075178853992838e-06
6.435000000000000000e+03,1.071789142770285252e-06
6.436000000000000000e+03,1.071512429007270839e-06
6.437000000000000000e+03,1.071235487870580982e-06
6.438000000000000000e+03,1.071079623216064647e-06
6.439000000000000000e+03,1.070955931936623529e-06
6.440000000000000000e+03,1.070823373083840124e-06
6.441000000000000000e+03,1.070667167368810624e-06
6.442000000000000000e+03,1.070519715540285688e-06
6.443000000000000000e+03,1.070225721377937589e-06
6.444000000000000000e+03,1.070196503860643134e-06
6.445000000000000000e+03,1.070024381988332607e-06
6.446000000000000000e+03,1.069841232492763083e-06
6.447000000000000000e+03,1.069726408786664251e-06
6.448000000000000000e+03,1.069635914063837845e-06
6.449000000000000000e+03,1.069579980139678810e-06
6.450000000000000000e+03,1.069309064405388199e-06
6.451000000000000000e+03,1.069708901013655122e-06
6.452000000000000000e+03,1.069204699888359755e-06
6.453000000000000000e+03,1.069036102308018599e-06
6.454000000000000000e+03,1.068825667971395887e-06
6.455000000000000000e+03,1.068610004040237982e-06
6.456000000000000000e+03,1.068301116902148351e-06
6.457000000000000000e+03,1.068330220732605085e-06
6.458000000000000000e+03,1.068081473931670189e-06
6.459000000000000000e+03,1.067725520442763809e-06
6.460000000000000000e+03,1.067524863174185157e-06
6.461000000000000000e+03,1.067298512680281419e-06
6.462000000000000000e+03,1.067109224095474929e-06
6.463000000000000000e+03,1.066888557943457272e-06
6.464000000000000000e+03,1.066720301423629280e-06
6.465000000000000000e+03,1.066518962034024298e-06
6.466000000000000000e+03,1.066242134584172163e-06
6.467000000000000000e+03,1.065896412910660729e-06
6.468000000000000000e+03,1.065948254108661786e-06
6.469000000000000000e+03,1.065728497451345902e-06
6.470000000000000000e+03,1.065576270775636658e-06
6.471000000000000000e+03,1.065433480107458308e-06
6.472000000000000000e+03,1.065254764398559928e-06
6.473000000000000000e+03,1.064842422238143627e-06
6.474000000000000000e+03,1.064256366589688696e-06
6.475000000000000000e+03,1.064035814124508761e-06
6.476000000000000000e+03,1.063405761669855565e-06
6.477000000000000000e+03,1.063142576640530024e-06
6.478000000000000000e+03,1.062958403963421006e-06
6.479000000000000000e+03,1.062823685060720891e-06
6.480000000000000000e+03,1.062433966581011191e-06
6.481000000000000000e+03,1.062212049873778597e-06
6.482000000000000000e+03,1.061977513927558903e-06
6.483000000000000000e+03,1.061601210494700354e-06
6.484000000000000000e+03,1.061534703694633208e-06
6.485000000000000000e+03,1.060943873198993970e-06
6.486000000000000000e+03,1.060807903741078917e-06
6.487000000000000000e+03,1.060599288393859752e-06
6.488000000000000000e+03,1.060512545336678158e-06
6.489000000000000000e+03,1.060264594343607314e-06
6.490000000000000000e+03,1.060040062839107122e-06
6.491000000000000000e+03,1.059851570062164683e-06
6.492000000000000000e+03,1.059588271346001420e-06
6.493000000000000000e+03,1.059619762600050308e-06
6.494000000000000000e+03,1.059407509274024051e-06
6.495000000000000000e+03,1.059148416970856488e-06
6.496000000000000000e+03,1.059021428773121443e-06
6.497000000000000000e+03,1.058837369782850146e-06
6.498000000000000000e+03,1.058744601323269308e-06
6.499000000000000000e+03,1.058559519151458517e-06
6.500000000000000000e+03,1.058435600498341955e-06
6.501000000000000000e+03,1.058313841895142104e-06
6.502000000000000000e+03,1.058511429619102273e-06
6.503000000000000000e+03,1.058249381458153948e-06
6.504000000000000000e+03,1.058160705724731088e-06
6.505000000000000000e+03,1.058022007782710716e-06
6.506000000000000000e+03,1.057816689353785478e-06
6.507000000000000000e+03,1.057611825672211125e-06
6.508000000000000000e+03,1.057603753906732891e-06
6.509000000000000000e+03,1.057475628840620629e-06
6.510000000000000000e+03,1.057339659382705577e-06
6.511000000000000000e+03,1.057221766131988261e-06
6.512000000000000000e+03,1.057038616636418737e-06
6.513000000000000000e+03,1.056668565979634877e-06
6.514000000000000000e+03,1.056523046827351209e-06
6.515000000000000000e+03,1.056009068634011783e-06
6.516000000000000000e+03,1.055834331964433659e-06
6.517000000000000000e+03,1.055625034496188164e-06
6.518000000000000000e+03,1.055257939697185066e-06
6.519000000000000000e+03,1.054965878211078234e-06
6.520000000000000000e+03,1.054653125720506068e-06
6.521000000000000000e+03,1.054423137247795239e-06
6.522000000000000000e+03,1.054085032592411153e-06
6.523000000000000000e+03,1.053393702932226006e-06
6.524000000000000000e+03,1.053433720699104015e-06
6.525000000000000000e+03,1.052954416991269682e-06
6.526000000000000000e+03,1.052707034432387445e-06
6.527000000000000000e+03,1.052482389241049532e-06
6.528000000000000000e+03,1.052280708790931385e-06
6.529000000000000000e+03,1.051794356499158312e-06
6.530000000000000000e+03,1.051390199791057967e-06
6.531000000000000000e+03,1.051123490469763055e-06
6.532000000000000000e+03,1.050814830705348868e-06
6.533000000000000000e+03,1.050678974934271537e-06
6.534000000000000000e+03,1.050702508109679911e-06
6.535000000000000000e+03,1.050535388458229136e-06
6.536000000000000000e+03,1.050316313921939582e-06
6.537000000000000000e+03,1.050114974532334600e-06
6.538000000000000000e+03,1.049952970788581297e-06
6.539000000000000000e+03,1.049798356689279899e-06
6.540000000000000000e+03,1.049668753694277257e-06
6.541000000000000000e+03,1.049543129738594871e-06
6.542000000000000000e+03,1.049343836712068878e-06
6.543000000000000000e+03,1.049002776198904030e-06
6.544000000000000000e+03,1.048703666128858458e-06
6.545000000000000000e+03,1.048264266501064412e-06
6.546000000000000000e+03,1.048043941409559920e-06
6.547000000000000000e+03,1.047856812874670140e-06
6.548000000000000000e+03,1.047657065100793261e-06
6.549000000000000000e+03,1.047308956003689673e-06
6.550000000000000000e+03,1.046961870088125579e-06
6.551000000000000000e+03,1.046743477672862355e-06
6.552000000000000000e+03,1.046563170348235872e-06
6.553000000000000000e+03,1.046384340952499770e-06
6.554000000000000000e+03,1.046171746565960348e-06
6.555000000000000000e+03,1.045820908984751441e-06
6.556000000000000000e+03,1.049023808263882529e-06
6.557000000000000000e+03,1.045746898853394669e-06
6.558000000000000000e+03,1.045534418153692968e-06
6.559000000000000000e+03,1.045501107910240535e-06
6.560000000000000000e+03,1.045329668158956338e-06
6.561000000000000000e+03,1.045218482431664597e-06
6.562000000000000000e+03,1.045084900397341698e-06
6.563000000000000000e+03,1.044870714395074174e-06
6.564000000000000000e+03,1.045045110004139133e-06
6.565000000000000000e+03,1.044738496602803934e-06
6.566000000000000000e+03,1.044521241055917926e-06
6.567000000000000000e+03,1.044399141392204911e-06
6.568000000000000000e+03,1.044212808665179182e-06
6.569000000000000000e+03,1.043987595039652660e-06
6.570000000000000000e+03,1.043374027176469099e-06
6.571000000000000000e+03,1.044995883603405673e-06
6.572000000000000000e+03,1.043158590618986636e-06
6.573000000000000000e+03,1.042804456119483802e-06
6.574000000000000000e+03,1.042513417814916465e-06
6.575000000000000000e+03,1.042317762767197564e-06
6.576000000000000000e+03,1.041968630488554481e-06
6.577000000000000000e+03,1.041553900904546026e-06
6.578000000000000000e+03,1.041286623149062507e-06
6.579000000000000000e+03,1.040978304445161484e-06
6.580000000000000000e+03,1.040793222273350693e-06
6.581000000000000000e+03,1.040570850818767212e-06
6.582000000000000000e+03,1.040314486999704968e-06
6.583000000000000000e+03,1.040174424815631937e-06
6.584000000000000000e+03,1.040000938701268751e-06
6.585000000000000000e+03,1.039581093209562823e-06
6.586000000000000000e+03,1.038925574903259985e-06
6.587000000000000000e+03,1.038460595736978576e-06
6.588000000000000000e+03,1.038123969010484871e-06
6.589000000000000000e+03,1.037841002471395768e-06
6.590000000000000000e+03,1.037610672938171774e-06
6.591000000000000000e+03,1.037313950291718356e-06
6.592000000000000000e+03,1.037039737639133818e-06
6.593000000000000000e+03,1.036842604662524536e-06
6.594000000000000000e+03,1.036676053445262369e-06
6.595000000000000000e+03,1.036479375216003973e-06
6.596000000000000000e+03,1.036311687130364589e-06
6.597000000000000000e+03,1.036227672557288315e-06
6.598000000000000000e+03,1.036081698657653760e-06
6.599000000000000000e+03,1.035804643834126182e-06
6.600000000000000000e+03,1.035573745866713580e-06
6.601000000000000000e+03,1.035329432852449827e-06
6.602000000000000000e+03,1.035212562783272006e-06
6.603000000000000000e+03,1.034968818203196861e-06
6.604000000000000000e+03,1.034647652886633296e-06
6.605000000000000000e+03,1.034386741594062187e-06
6.606000000000000000e+03,1.034015099321550224e-06
6.607000000000000000e+03,1.033904027281096205e-06
6.608000000000000000e+03,1.033778630699089263e-06
6.609000000000000000e+03,1.033636067404586356e-06
6.610000000000000000e+03,1.033438707054301631e-06
6.611000000000000000e+03,1.033626176649704576e-06
6.612000000000000000e+03,1.033308421938272659e-06
6.613000000000000000e+03,1.033102876135671977e-06
6.614000000000000000e+03,1.032988961924274918e-06
6.615000000000000000e+03,1.032821387525473256e-06
6.616000000000000000e+03,1.032667000799847301e-06
6.617000000000000000e+03,1.032582645166257862e-06
6.618000000000000000e+03,1.032443151416373439e-06
6.619000000000000000e+03,1.032348677654226776e-06
6.620000000000000000e+03,1.032256705002509989e-06
6.621000000000000000e+03,1.032090040098410100e-06
6.622000000000000000e+03,1.031862552736129146e-06
6.623000000000000000e+03,1.031526494443824049e-06
6.624000000000000000e+03,1.031234432957717218e-06
6.625000000000000000e+03,1.031085275826626457e-06
6.626000000000000000e+03,1.030913495014829095e-06
6.627000000000000000e+03,1.030746489050216042e-06
6.628000000000000000e+03,1.030547878144716378e-06
6.629000000000000000e+03,1.030290832204627804e-06
6.630000000000000000e+03,1.030073576657741796e-06
6.631000000000000000e+03,1.029950681186164729e-06
6.632000000000000000e+03,1.029708982969168574e-06
6.633000000000000000e+03,1.029300733534910250e-06
6.634000000000000000e+03,1.029112695505318698e-06
6.635000000000000000e+03,1.028743781716912054e-06
6.636000000000000000e+03,1.028559154292452149e-06
6.637000000000000000e+03,1.028458541441068519e-06
6.638000000000000000e+03,1.028329847940767650e-06
6.639000000000000000e+03,1.028167275762825739e-06
6.640000000000000000e+03,1.028046540341165382e-06
6.641000000000000000e+03,1.027837356559757609e-06
6.642000000000000000e+03,1.027576331580348779e-06
6.643000000000000000e+03,1.027181951940292493e-06
6.644000000000000000e+03,1.026992322294972837e-06
6.645000000000000000e+03,1.026650124913430773e-06
6.646000000000000000e+03,1.026430595629790332e-06
6.647000000000000000e+03,1.026260520120558795e-06
6.648000000000000000e+03,1.026275413096300326e-06
6.649000000000000000e+03,1.026087943500897381e-06
6.650000000000000000e+03,1.025896494866174180e-06
6.651000000000000000e+03,1.025751430461241398e-06
6.652000000000000000e+03,1.025603864945878740e-06
6.653000000000000000e+03,1.025285428113420494e-06
6.654000000000000000e+03,1.025042251967533957e-06
6.655000000000000000e+03,1.024849325403920375e-06
6.656000000000000000e+03,1.024671291816048324e-06
6.657000000000000000e+03,1.024553512252168730e-06
6.658000000000000000e+03,1.024371158564463258e-06
6.659000000000000000e+03,1.024195967147534247e-06
6.660000000000000000e+03,1.023940171762660611e-06
6.661000000000000000e+03,1.023672552946663927e-06
6.662000000000000000e+03,1.023482582240831107e-06
6.663000000000000000e+03,1.023187678583781235e-06
6.664000000000000000e+03,1.022879928314068820e-06
6.665000000000000000e+03,1.023557956614240538e-06
6.666000000000000000e+03,1.022754304358386435e-06
6.667000000000000000e+03,1.022587753141124267e-06
6.668000000000000000e+03,1.022419837681809440e-06
6.669000000000000000e+03,1.022263063532591332e-06
6.670000000000000000e+03,1.022143692352983635e-06
6.671000000000000000e+03,1.021979073811962735e-06
6.672000000000000000e+03,1.021942125589703210e-06
6.673000000000000000e+03,1.021742832563177217e-06
6.674000000000000000e+03,1.021640628096065484e-06
6.675000000000000000e+03,1.021500906972505618e-06
6.676000000000000000e+03,1.021360958475270309e-06
6.677000000000000000e+03,1.021370053422288038e-06
6.678000000000000000e+03,1.021250568555842619e-06
6.679000000000000000e+03,1.021089360619953368e-06
6.680000000000000000e+03,1.020972831611288711e-06
6.681000000000000000e+03,1.020838112708588596e-06
6.682000000000000000e+03,1.020691570374765433e-06
6.683000000000000000e+03,1.020375975713250227e-06
6.684000000000000000e+03,1.021767616293800529e-06
6.685000000000000000e+03,1.020268314277927857e-06
6.686000000000000000e+03,1.020045715449668933e-06
6.687000000000000000e+03,1.019819364955765195e-06
6.688000000000000000e+03,1.019551632452930789e-06
6.689000000000000000e+03,1.019085743791947607e-06
6.690000000000000000e+03,1.020101422000152525e-06
6.691000000000000000e+03,1.018893158288847189e-06
6.692000000000000000e+03,1.018464899971149862e-06
6.693000000000000000e+03,1.018254806695040315e-06
6.694000000000000000e+03,1.018056650536891539e-06
6.695000000000000000e+03,1.017877139020129107e-06
6.696000000000000000e+03,1.017663862512563355e-06
6.697000000000000000e+03,1.017507884171209298e-06
6.698000000000000000e+03,1.017201498143549543e-06
6.699000000000000000e+03,1.016927740238315891e-06
6.700000000000000000e+03,1.016294959299557377e-06
6.701000000000000000e+03,1.015969132822647225e-06
6.702000000000000000e+03,1.015522002489888109e-06
6.703000000000000000e+03,1.015233578982588369e-06
6.704000000000000000e+03,1.015053385344799608e-06
6.705000000000000000e+03,1.014860117720672861e-06
6.706000000000000000e+03,1.014592271531000733e-06
6.707000000000000000e+03,1.014427084555791225e-06
6.708000000000000000e+03,1.014226540974050295e-06
6.709000000000000000e+03,1.014016902445291635e-06
6.710000000000000000e+03,1.013794303617032710e-06
6.711000000000000000e+03,1.013573978525528219e-06
6.712000000000000000e+03,1.013240535030490719e-06
6.713000000000000000e+03,1.012914935927256010e-06
6.714000000000000000e+03,1.012675511447014287e-06
6.715000000000000000e+03,1.012248958431882784e-06
6.716000000000000000e+03,1.012498728414357174e-06
6.717000000000000000e+03,1.012095481200958602e-06
6.718000000000000000e+03,1.011894482871866785e-06
6.719000000000000000e+03,1.011565586850338150e-06
6.720000000000000000e+03,1.011386302707251161e-06
6.721000000000000000e+03,1.011075028145569377e-06
6.722000000000000000e+03,1.010884943752898835e-06
6.723000000000000000e+03,1.010652113109244965e-06
6.724000000000000000e+03,1.010531491374422330e-06
6.725000000000000000e+03,1.010289224723237567e-06
6.726000000000000000e+03,1.009939296636730433e-06
6.727000000000000000e+03,1.009719312605739105e-06
6.728000000000000000e+03,1.009499101201072335e-06
6.729000000000000000e+03,1.009303900900704321e-06
6.730000000000000000e+03,1.009071638691239059e-06
6.731000000000000000e+03,1.008869617180607747e-06
6.732000000000000000e+03,1.008688286674441770e-06
6.733000000000000000e+03,1.008426011139818002e-06
6.734000000000000000e+03,1.008668959912029095e-06
6.735000000000000000e+03,1.008332105811859947e-06
6.736000000000000000e+03,1.008103595268039498e-06
6.737000000000000000e+03,1.007944774755742401e-06
6.738000000000000000e+03,1.007511059469834436e-06
6.739000000000000000e+03,1.007253104035044089e-06
6.740000000000000000e+03,1.007028686217381619e-06
6.741000000000000000e+03,1.006794150271161925e-06
6.742000000000000000e+03,1.006558477456565015e-06
6.743000000000000000e+03,1.006352704280288890e-06
6.744000000000000000e+03,1.006185243568324950e-06
6.745000000000000000e+03,1.005960598376987036e-06
6.746000000000000000e+03,1.005679223453626037e-06
6.747000000000000000e+03,1.005899207484617364e-06
6.748000000000000000e+03,1.005490616989845876e-06
6.749000000000000000e+03,1.005241642815235537e-06
6.750000000000000000e+03,1.005082708616100717e-06
6.751000000000000000e+03,1.004974365059752017e-06
6.752000000000000000e+03,1.004794285108800977e-06
6.753000000000000000e+03,1.004598971121595241e-06
6.754000000000000000e+03,1.004373871182906441e-06
6.755000000000000000e+03,1.004166506390902214e-06
6.756000000000000000e+03,1.003757120088266674e-06
6.757000000000000000e+03,1.003480406325252261e-06
6.758000000000000000e+03,1.003264287646743469e-06
6.759000000000000000e+03,1.003068859972700011e-06
6.760000000000000000e+03,1.002790213533444330e-06
6.761000000000000000e+03,1.002631961455335841e-06
6.762000000000000000e+03,1.002496333057933953e-06
6.763000000000000000e+03,1.002365024760365486e-06
6.764000000000000000e+03,1.002179260467528366e-06
6.765000000000000000e+03,1.002001567940169480e-06
6.766000000000000000e+03,1.001751229523506481e-06
6.767000000000000000e+03,1.001465079752961174e-06
6.768000000000000000e+03,1.001249756882316433e-06
6.769000000000000000e+03,1.001070813799742609e-06
6.770000000000000000e+03,1.000762495095841587e-06
6.771000000000000000e+03,1.000962583930231631e-06
6.772000000000000000e+03,1.000612769530562218e-06
6.773000000000000000e+03,1.000319912236591335e-06
6.774000000000000000e+03,1.000061274680774659e-06
6.775000000000000000e+03,9.997490906243911013e-07
6.776000000000000000e+03,9.994379297495470382e-07
6.777000000000000000e+03,9.992062359742703848e-07
6.778000000000000000e+03,9.990260423364816234e-07
6.779000000000000000e+03,9.988355031964601949e-07
6.780000000000000000e+03,9.986245004256488755e-07
6.781000000000000000e+03,9.982580877476721071e-07
6.782000000000000000e+03,9.982632036553695798e-07
6.783000000000000000e+03,9.980004733733949251e-07
6.784000000000000000e+03,9.976333785743918270e-07
6.785000000000000000e+03,9.974488648367696442e-07
6.786000000000000000e+03,9.972392263080109842e-07
6.787000000000000000e+03,9.969667189579922706e-07
6.788000000000000000e+03,9.980261665987200104e-07
6.789000000000000000e+03,9.967964160750852898e-07
6.790000000000000000e+03,9.965245908460929058e-07
6.791000000000000000e+03,9.963633829102036543e-07
6.792000000000000000e+03,9.962262765839113854e-07
6.793000000000000000e+03,9.959613862520200200e-07
6.794000000000000000e+03,9.955840596376219764e-07
6.795000000000000000e+03,9.954385404853383079e-07
6.796000000000000000e+03,9.951482979886350222e-07
6.797000000000000000e+03,9.950254025170579553e-07
6.798000000000000000e+03,9.948053047992289066e-07
6.799000000000000000e+03,9.945670171873643994e-07
6.800000000000000000e+03,9.946717227649060078e-07
6.801000000000000000e+03,9.944360499503090978e-07
6.802000000000000000e+03,9.942684755515074357e-07
6.803000000000000000e+03,9.941303460436756723e-07
6.804000000000000000e+03,9.939452638718648814e-07
6.805000000000000000e+03,9.936647984432056546e-07
6.806000000000000000e+03,9.936630931406398304e-07
6.807000000000000000e+03,9.935118896464700811e-07
6.808000000000000000e+03,9.933567071129800752e-07
6.809000000000000000e+03,9.932292641678941436e-07
6.810000000000000000e+03,9.931052318279398605e-07
6.811000000000000000e+03,9.930134865498985164e-07
6.812000000000000000e+03,9.926857273967470974e-07
6.813000000000000000e+03,9.924609685185714625e-07
6.814000000000000000e+03,9.922894150804495439e-07
6.815000000000000000e+03,9.918251180351944640e-07
6.816000000000000000e+03,9.916905128193320706e-07
6.817000000000000000e+03,9.915162308971048333e-07
6.818000000000000000e+03,9.914199381455546245e-07
6.819000000000000000e+03,9.912583891491522081e-07
6.820000000000000000e+03,9.910626204145955853e-07
6.821000000000000000e+03,9.909339269142947160e-07
6.822000000000000000e+03,9.906258355840691365e-07
6.823000000000000000e+03,9.901738167172879912e-07
6.824000000000000000e+03,9.900090844894293696e-07
6.825000000000000000e+03,9.895176162899588235e-07
6.826000000000000000e+03,9.893292371998541057e-07
6.827000000000000000e+03,9.890849241855903529e-07
6.828000000000000000e+03,9.888308341032825410e-07
6.829000000000000000e+03,9.884206519927829504e-07
6.830000000000000000e+03,9.895886705635348335e-07
6.831000000000000000e+03,9.883003713184734806e-07
6.832000000000000000e+03,9.880316156340995803e-07
6.833000000000000000e+03,9.878087894321652129e-07
6.834000000000000000e+03,9.876539479591883719e-07
6.835000000000000000e+03,9.874797797237988561e-07
6.836000000000000000e+03,9.874073612081701867e-07
6.837000000000000000e+03,9.872501323116011918e-07
6.838000000000000000e+03,9.870178701021359302e-07
6.839000000000000000e+03,9.873643875835114159e-07
6.840000000000000000e+03,9.869072528090327978e-07
6.841000000000000000e+03,9.867421795206610113e-07
6.842000000000000000e+03,9.865530046226922423e-07
6.843000000000000000e+03,9.864012326943338849e-07
6.844000000000000000e+03,9.860724503596429713e-07
6.845000000000000000e+03,9.857041050054249354e-07
6.846000000000000000e+03,9.860993941401829943e-07
6.847000000000000000e+03,9.855833695837645791e-07
6.848000000000000000e+03,9.854157951849629171e-07
6.849000000000000000e+03,9.852636821960913949e-07
6.850000000000000000e+03,9.851190725385094993e-07
6.851000000000000000e+03,9.847796036410727538e-07
6.852000000000000000e+03,9.851790991888265125e-07
6.853000000000000000e+03,9.846507964539341629e-07
6.854000000000000000e+03,9.844059150054818019e-07
6.855000000000000000e+03,9.842268582360702567e-07
6.856000000000000000e+03,9.840158554652589373e-07
6.857000000000000000e+03,9.838057621891493909e-07
6.858000000000000000e+03,9.835097216637223028e-07
6.859000000000000000e+03,9.833862577579566278e-07
6.860000000000000000e+03,9.832178875512909144e-07
6.861000000000000000e+03,9.830039289226988330e-07
6.862000000000000000e+03,9.827324447542196140e-07
6.863000000000000000e+03,9.825499773796764202e-07
6.864000000000000000e+03,9.824108246903051622e-07
6.865000000000000000e+03,9.822090305533492938e-07
6.866000000000000000e+03,9.820347486311220564e-07
6.867000000000000000e+03,9.818123771765385754e-07
6.868000000000000000e+03,9.816624242375837639e-07
6.869000000000000000e+03,9.815746579988626763e-07
6.870000000000000000e+03,9.814061741053592414e-07
6.871000000000000000e+03,9.813056749408133328e-07
6.872000000000000000e+03,9.811567451833980158e-07
6.873000000000000000e+03,9.811556083150207996e-07
6.874000000000000000e+03,9.810531764742336236e-07
6.875000000000000000e+03,9.808884442463750020e-07
6.876000000000000000e+03,9.807542937778634951e-07
6.877000000000000000e+03,9.806602747630677186e-07
6.878000000000000000e+03,9.804872433960554190e-07
6.879000000000000000e+03,9.802430440686293878e-07
6.880000000000000000e+03,9.802943168324418366e-07
6.881000000000000000e+03,9.800775160329067148e-07
6.882000000000000000e+03,9.798870905797230080e-07
6.883000000000000000e+03,9.797031452762894332e-07
6.884000000000000000e+03,9.795313644644920714e-07
6.885000000000000000e+03,9.793434401217382401e-07
6.886000000000000000e+03,9.790583135327324271e-07
6.887000000000000000e+03,9.788911938812816516e-07
6.888000000000000000e+03,9.785355814528884366e-07
6.889000000000000000e+03,9.783392442841432057e-07
6.890000000000000000e+03,9.780999334907392040e-07
6.891000000000000000e+03,9.778220828593475744e-07
6.892000000000000000e+03,9.776759952728752978e-07
6.893000000000000000e+03,9.774221325642429292e-07
6.894000000000000000e+03,9.772095381777035072e-07
6.895000000000000000e+03,9.771066515895654447e-07
6.896000000000000000e+03,9.770049018698045984e-07
6.897000000000000000e+03,9.768824611455784179e-07
6.898000000000000000e+03,9.767026085683028214e-07
6.899000000000000000e+03,9.764823971636360511e-07
6.900000000000000000e+03,9.763391517481068149e-07
6.901000000000000000e+03,9.761199635249795392e-07
6.902000000000000000e+03,9.765532240635366179e-07
6.903000000000000000e+03,9.760661896507372148e-07
6.904000000000000000e+03,9.759473869053181261e-07
6.905000000000000000e+03,9.758605301612988114e-07
6.906000000000000000e+03,9.756955705597647466e-07
6.907000000000000000e+03,9.754955954122124240e-07
6.908000000000000000e+03,9.752850473887519911e-07
6.909000000000000000e+03,9.750451681611593813e-07
6.910000000000000000e+03,9.749109040058101527e-07
6.911000000000000000e+03,9.746777323016431183e-07
6.912000000000000000e+03,9.746360092321992852e-07
6.913000000000000000e+03,9.744676390255335718e-07
6.914000000000000000e+03,9.743582722876453772e-07
6.915000000000000000e+03,9.742442443894105963e-07
6.916000000000000000e+03,9.740447239892091602e-07
6.917000000000000000e+03,9.738459993968717754e-07
6.918000000000000000e+03,9.736394304127315991e-07
6.919000000000000000e+03,9.735135790833737701e-07
6.920000000000000000e+03,9.731892305353539996e-07
6.921000000000000000e+03,9.729344583320198581e-07
6.922000000000000000e+03,9.727260703584761359e-07
6.923000000000000000e+03,9.725521294967620634e-07
6.924000000000000000e+03,9.724496976559748873e-07
6.925000000000000000e+03,9.723349876367137767e-07
6.926000000000000000e+03,9.721491096570389345e-07
6.927000000000000000e+03,9.719053650769637898e-07
6.928000000000000000e+03,9.715819260236457922e-07
6.929000000000000000e+03,9.712221071822568774e-07
6.930000000000000000e+03,9.709829100756905973e-07
6.931000000000000000e+03,9.708020343168755062e-07
6.932000000000000000e+03,9.705912589197396301e-07
6.933000000000000000e+03,9.702343959361314774e-07
6.934000000000000000e+03,9.700082728159031831e-07
6.935000000000000000e+03,9.698301255411934108e-07
6.936000000000000000e+03,9.696952929516555741e-07
6.937000000000000000e+03,9.695264679976389743e-07
6.938000000000000000e+03,9.694114169178646989e-07
6.939000000000000000e+03,9.693030733615159988e-07
6.940000000000000000e+03,9.690696742836735211e-07
6.941000000000000000e+03,9.688485533843049780e-07
6.942000000000000000e+03,9.689247235655784607e-07
6.943000000000000000e+03,9.686673365649767220e-07
6.944000000000000000e+03,9.683882353783701546e-07
6.945000000000000000e+03,9.681904202807345428e-07
6.946000000000000000e+03,9.678685728431446478e-07
6.947000000000000000e+03,9.675655974206165411e-07
6.948000000000000000e+03,9.679284858066239394e-07
6.949000000000000000e+03,9.673844942881260067e-07
6.950000000000000000e+03,9.671655334386741742e-07
6.951000000000000000e+03,9.670510507930885069e-07
6.952000000000000000e+03,9.668673328633303754e-07
6.953000000000000000e+03,9.667027143223094754e-07
6.954000000000000000e+03,9.664540812082123011e-07
6.955000000000000000e+03,9.663466471465653740e-07
6.956000000000000000e+03,9.662121556175407022e-07
6.957000000000000000e+03,9.661616786615923047e-07
6.958000000000000000e+03,9.660326441007782705e-07
6.959000000000000000e+03,9.658900808062753640e-07
6.960000000000000000e+03,9.658219823904801160e-07
6.961000000000000000e+03,9.656633892518584616e-07
6.962000000000000000e+03,9.654072528064716607e-07
6.963000000000000000e+03,9.654797850089380518e-07
6.964000000000000000e+03,9.652558219386264682e-07
6.965000000000000000e+03,9.651151913203648292e-07
6.966000000000000000e+03,9.649055527916061692e-07
6.967000000000000000e+03,9.647077376939705573e-07
6.968000000000000000e+03,9.643554221838712692e-07
6.969000000000000000e+03,9.642070608606445603e-07
6.970000000000000000e+03,9.638578148951637559e-07
6.971000000000000000e+03,9.637300308895646594e-07
6.972000000000000000e+03,9.635308515498763882e-07
6.973000000000000000e+03,9.634370599087560549e-07
6.974000000000000000e+03,9.631463626647018827e-07
6.975000000000000000e+03,9.630009571992559358e-07
6.976000000000000000e+03,9.628723773857927881e-07
6.977000000000000000e+03,9.626476185076171532e-07
6.978000000000000000e+03,9.623860250940197147e-07
6.979000000000000000e+03,9.622428933653282002e-07
6.980000000000000000e+03,9.620022183298715390e-07
6.981000000000000000e+03,9.618738658900838345e-07
6.982000000000000000e+03,9.617259593142080121e-07
6.983000000000000000e+03,9.614821010472951457e-07
6.984000000000000000e+03,9.616250054023112170e-07
6.985000000000000000e+03,9.613173688194365241e-07
6.986000000000000000e+03,9.611605946702184156e-07
6.987000000000000000e+03,9.610289453121367842e-07
6.988000000000000000e+03,9.609101425667176954e-07
6.989000000000000000e+03,9.606937965145334601e-07
6.990000000000000000e+03,9.606004596207640134e-07
6.991000000000000000e+03,9.602338195691118017e-07
6.992000000000000000e+03,9.600797739039990120e-07
6.993000000000000000e+03,9.599295935913687572e-07
6.994000000000000000e+03,9.597906682756729424e-07
6.995000000000000000e+03,9.596284371582441963e-07
6.996000000000000000e+03,9.594726861905655824e-07
6.997000000000000000e+03,9.593691174814011902e-07
6.998000000000000000e+03,9.592799870006274432e-07
6.999000000000000000e+03,9.591358320903964341e-07
7.000000000000000000e+03,9.590573881723685190e-07
7.001000000000000000e+03,9.588252396497409791e-07
7.002000000000000000e+03,9.588686680217506364e-07
7.003000000000000000e+03,9.587030262991902418e-07
7.004000000000000000e+03,9.585244242771295831e-07
7.005000000000000000e+03,9.583721976014203392e-07
7.006000000000000000e+03,9.583608289176481776e-07
7.007000000000000000e+03,9.581603990227449685e-07
7.008000000000000000e+03,9.580700179867562838e-07
7.009000000000000000e+03,9.579866855347063392e-07
7.010000000000000000e+03,9.578681101629626937e-07
7.011000000000000000e+03,9.577762511980836280e-07
7.012000000000000000e+03,9.574910109222400934e-07
7.013000000000000000e+03,9.574297337167081423e-07
7.014000000000000000e+03,9.572817134539945982e-07
7.015000000000000000e+03,9.574137038725893945e-07
7.016000000000000000e+03,9.572133876645239070e-07
7.017000000000000000e+03,9.571410828357329592e-07
7.018000000000000000e+03,9.570650263412971981e-07
7.019000000000000000e+03,9.570210295350989327e-07
7.020000000000000000e+03,9.569307621859479696e-07
7.021000000000000000e+03,9.567426104695186950e-07
7.022000000000000000e+03,9.565175105308298953e-07
7.023000000000000000e+03,9.562254490447230637e-07
7.024000000000000000e+03,9.560724265611497685e-07
7.025000000000000000e+03,9.558993951941374689e-07
7.026000000000000000e+03,9.557968496665125713e-07
7.027000000000000000e+03,9.555452606946346350e-07
7.028000000000000000e+03,9.552860547046293505e-07
7.029000000000000000e+03,9.550914228384499438e-07
7.030000000000000000e+03,9.549211199555429630e-07
7.031000000000000000e+03,9.547547961119562387e-07
7.032000000000000000e+03,9.545749435346806422e-07
7.033000000000000000e+03,9.543873602524399757e-07
7.034000000000000000e+03,9.544035037833964452e-07
7.035000000000000000e+03,9.542674206386436708e-07
7.036000000000000000e+03,9.542409316054545343e-07
7.037000000000000000e+03,9.541180361338774674e-07
7.038000000000000000e+03,9.539835446048527956e-07
7.039000000000000000e+03,9.537894811728619970e-07
7.040000000000000000e+03,9.540553946862928569e-07
7.041000000000000000e+03,9.537101277601323090e-07
7.042000000000000000e+03,9.536119023323408328e-07
7.043000000000000000e+03,9.535290246276417747e-07
7.044000000000000000e+03,9.533969773656281177e-07
7.045000000000000000e+03,9.532178069093788508e-07
7.046000000000000000e+03,9.529099997962475754e-07
7.047000000000000000e+03,9.525872997073747683e-07
7.048000000000000000e+03,9.522873938294651452e-07
7.049000000000000000e+03,9.520566095488902647e-07
7.050000000000000000e+03,9.517690955362922978e-07
7.051000000000000000e+03,9.514895964457537048e-07
7.052000000000000000e+03,9.510847007732081693e-07
7.053000000000000000e+03,9.506881042398163117e-07
7.054000000000000000e+03,9.506590572527784389e-07
7.055000000000000000e+03,9.503729643256519921e-07
7.056000000000000000e+03,9.503030469204531983e-07
7.057000000000000000e+03,9.501729891780996695e-07
7.058000000000000000e+03,9.500557780484086834e-07
7.059000000000000000e+03,9.497804285274469294e-07
7.060000000000000000e+03,9.496037591816275381e-07
7.061000000000000000e+03,9.492338790551002603e-07
7.062000000000000000e+03,9.490791512689611409e-07
7.063000000000000000e+03,9.489122589911858086e-07
7.064000000000000000e+03,9.487347938375023659e-07
7.065000000000000000e+03,9.486220733379013836e-07
7.066000000000000000e+03,9.484347174293361604e-07
7.067000000000000000e+03,9.486233807365351822e-07
7.068000000000000000e+03,9.483475196248036809e-07
7.069000000000000000e+03,9.482649261371989269e-07
7.070000000000000000e+03,9.480092444391630124e-07
7.071000000000000000e+03,9.479153959546238184e-07
7.072000000000000000e+03,9.478166589360625949e-07
7.073000000000000000e+03,9.476287345933087636e-07
7.074000000000000000e+03,9.475214142184995580e-07
7.075000000000000000e+03,9.472313990954717156e-07
7.076000000000000000e+03,9.468844268667453434e-07
7.077000000000000000e+03,9.469165433984017000e-07
7.078000000000000000e+03,9.467137829233251978e-07
7.079000000000000000e+03,9.465707648814714048e-07
7.080000000000000000e+03,9.464795880376186687e-07
7.081000000000000000e+03,9.463466881243220996e-07
7.082000000000000000e+03,9.462161756346176844e-07
7.083000000000000000e+03,9.459815828449791297e-07
7.084000000000000000e+03,9.458898375669377856e-07
7.085000000000000000e+03,9.457887131247844081e-07
7.086000000000000000e+03,9.456953193875961006e-07
7.087000000000000000e+03,9.455366125621367246e-07
7.088000000000000000e+03,9.453510187995561864e-07
7.089000000000000000e+03,9.451271694160823245e-07
7.090000000000000000e+03,9.452260201214812696e-07
7.091000000000000000e+03,9.450199058846919797e-07
7.092000000000000000e+03,9.449206572753610089e-07
7.093000000000000000e+03,9.447065849599312060e-07
7.094000000000000000e+03,9.445643058825226035e-07
7.095000000000000000e+03,9.443424460187088698e-07
7.096000000000000000e+03,9.442341593057790305e-07
7.097000000000000000e+03,9.440166195417987183e-07
7.098000000000000000e+03,9.439378914066764992e-07
7.099000000000000000e+03,9.438517736271023750e-07
7.100000000000000000e+03,9.436540153728856239e-07
7.101000000000000000e+03,9.432956744603870902e-07
7.102000000000000000e+03,9.429948590877756942e-07
7.103000000000000000e+03,9.424743439012672752e-07
7.104000000000000000e+03,9.421086701877356973e-07
7.105000000000000000e+03,9.416947932550101541e-07
7.106000000000000000e+03,9.415285830982611515e-07
7.107000000000000000e+03,9.412212307324807625e-07
7.108000000000000000e+03,9.410660481989907566e-07
7.109000000000000000e+03,9.409300787410757039e-07
7.110000000000000000e+03,9.407723382537369616e-07
7.111000000000000000e+03,9.405494552083837334e-07
7.112000000000000000e+03,9.402917839906876907e-07
7.113000000000000000e+03,9.401006764164776541e-07
7.114000000000000000e+03,9.398961537954164669e-07
7.115000000000000000e+03,9.396149494023120496e-07
7.116000000000000000e+03,9.393884852215705905e-07
7.117000000000000000e+03,9.391533239977434278e-07
7.118000000000000000e+03,9.389688102601212449e-07
7.119000000000000000e+03,9.390707873535575345e-07
7.120000000000000000e+03,9.389195838593877852e-07
7.121000000000000000e+03,9.388714943270315416e-07
7.122000000000000000e+03,9.387279078509891406e-07
7.123000000000000000e+03,9.386776014252973255e-07
7.124000000000000000e+03,9.385612997903081123e-07
7.125000000000000000e+03,9.384815484736463986e-07
7.126000000000000000e+03,9.383938959217630327e-07
7.127000000000000000e+03,9.383197152601496782e-07
7.128000000000000000e+03,9.381551535625476390e-07
7.129000000000000000e+03,9.380301548844727222e-07
7.130000000000000000e+03,9.379074867865710985e-07
7.131000000000000000e+03,9.377781111652438994e-07
7.132000000000000000e+03,9.376068419442162849e-07
7.133000000000000000e+03,9.375560239277547225e-07
7.134000000000000000e+03,9.373238185617083218e-07
7.135000000000000000e+03,9.372458862344501540e-07
7.136000000000000000e+03,9.371349847242527176e-07
7.137000000000000000e+03,9.369957183480437379e-07
7.138000000000000000e+03,9.368406495013914537e-07
7.139000000000000000e+03,9.367342954647028819e-07
7.140000000000000000e+03,9.365958817397768144e-07
7.141000000000000000e+03,9.363366189063526690e-07
7.142000000000000000e+03,9.360531407764938194e-07
7.143000000000000000e+03,9.357815429211768787e-07
7.144000000000000000e+03,9.356243708680267446e-07
7.145000000000000000e+03,9.355788392895192374e-07
7.146000000000000000e+03,9.353447012472315691e-07
7.147000000000000000e+03,9.352351639790867921e-07
7.148000000000000000e+03,9.351093126497289632e-07
7.149000000000000000e+03,9.349503784505941439e-07
7.150000000000000000e+03,9.347756417810160201e-07
7.151000000000000000e+03,9.345136504634865560e-07
7.152000000000000000e+03,9.344482805317966267e-07
7.153000000000000000e+03,9.343726787847117521e-07
7.154000000000000000e+03,9.341629265691153705e-07
7.155000000000000000e+03,9.338129984826082364e-07
7.156000000000000000e+03,9.335716981695441063e-07
7.157000000000000000e+03,9.332532044936669990e-07
7.158000000000000000e+03,9.331067758466815576e-07
7.159000000000000000e+03,9.328286409981956240e-07
7.160000000000000000e+03,9.326072358817327768e-07
7.161000000000000000e+03,9.323704261987586506e-07
7.162000000000000000e+03,9.321631750935921445e-07
7.163000000000000000e+03,9.321112202087533660e-07
7.164000000000000000e+03,9.319806508756300900e-07
7.165000000000000000e+03,9.318279126091510989e-07
7.166000000000000000e+03,9.316898967881570570e-07
7.167000000000000000e+03,9.314866815657296684e-07
7.168000000000000000e+03,9.311096960118447896e-07
7.169000000000000000e+03,9.310656992056465242e-07
7.170000000000000000e+03,9.306427273259032518e-07
7.171000000000000000e+03,9.304974355472950265e-07
7.172000000000000000e+03,9.303556680606561713e-07
7.173000000000000000e+03,9.303028036811156198e-07
7.174000000000000000e+03,9.301846830567228608e-07
7.175000000000000000e+03,9.300711667492578272e-07
7.176000000000000000e+03,9.299314456256979611e-07
7.177000000000000000e+03,9.297394854002050124e-07
7.178000000000000000e+03,9.294645906265941449e-07
7.179000000000000000e+03,9.293016773881390691e-07
7.180000000000000000e+03,9.291215974371880293e-07
7.181000000000000000e+03,9.290368438996665645e-07
7.182000000000000000e+03,9.289320814787060954e-07
7.183000000000000000e+03,9.286735007663082797e-07
7.184000000000000000e+03,9.284323141400818713e-07
7.185000000000000000e+03,9.282579753744357731e-07
7.186000000000000000e+03,9.280595918426115531e-07
7.187000000000000000e+03,9.279269761464092880e-07
7.188000000000000000e+03,9.276948844672006089e-07
7.189000000000000000e+03,9.273717296309769154e-07
7.190000000000000000e+03,9.270835903407714795e-07
7.191000000000000000e+03,9.269550673707271926e-07
7.192000000000000000e+03,9.268503617931855842e-07
7.193000000000000000e+03,9.266601637136773206e-07
7.194000000000000000e+03,9.263104630008456297e-07
7.195000000000000000e+03,9.260236311092739925e-07
7.196000000000000000e+03,9.257764759240671992e-07
7.197000000000000000e+03,9.256305020244326442e-07
7.198000000000000000e+03,9.254740689357277006e-07
7.199000000000000000e+03,9.253674875253636856e-07
7.200000000000000000e+03,9.251510846297605895e-07
7.201000000000000000e+03,9.248456080968026072e-07
7.202000000000000000e+03,9.246885497304901946e-07
7.203000000000000000e+03,9.243377689927001484e-07
7.204000000000000000e+03,9.249947083844745066e-07
7.205000000000000000e+03,9.242323244507133495e-07
7.206000000000000000e+03,9.239742553290852811e-07
7.207000000000000000e+03,9.235851621269830503e-07
7.208000000000000000e+03,9.233025934918259736e-07
7.209000000000000000e+03,9.229390229847922456e-07
7.210000000000000000e+03,9.228114095094497316e-07
7.211000000000000000e+03,9.224370387528324500e-07
7.212000000000000000e+03,9.222770245287392754e-07
7.213000000000000000e+03,9.220417496180743910e-07
7.214000000000000000e+03,9.217340561917808373e-07
7.215000000000000000e+03,9.215893328473612200e-07
7.216000000000000000e+03,9.212434406435932033e-07
7.217000000000000000e+03,9.210937719217326958e-07
7.218000000000000000e+03,9.209315408043039497e-07
7.219000000000000000e+03,9.207381026499206200e-07
7.220000000000000000e+03,9.205527362610155251e-07
7.221000000000000000e+03,9.202717023981676903e-07
7.222000000000000000e+03,9.200177260026976001e-07
7.223000000000000000e+03,9.197313488584768493e-07
7.224000000000000000e+03,9.194774293064256199e-07
7.225000000000000000e+03,9.192772267851978540e-07
7.226000000000000000e+03,9.190013656734663527e-07
7.227000000000000000e+03,9.188672720483737066e-07
7.228000000000000000e+03,9.187687055600690655e-07
7.229000000000000000e+03,9.183656288769270759e-07
7.230000000000000000e+03,9.181179052575316746e-07
7.231000000000000000e+03,9.178008895105449483e-07
7.232000000000000000e+03,9.189527645503403619e-07
7.233000000000000000e+03,9.176754360851191450e-07
7.234000000000000000e+03,9.175270747618924361e-07
7.235000000000000000e+03,9.173464263767527882e-07
7.236000000000000000e+03,9.171674264507601038e-07
7.237000000000000000e+03,9.169347663373628166e-07
7.238000000000000000e+03,9.168345513899112120e-07
7.239000000000000000e+03,9.165685810330614913e-07
7.240000000000000000e+03,9.163973118120338768e-07
7.241000000000000000e+03,9.162593528344586957e-07
7.242000000000000000e+03,9.159814453596482053e-07
7.243000000000000000e+03,9.159385285784082953e-07
7.244000000000000000e+03,9.153858968602435198e-07
7.245000000000000000e+03,9.152112738775031175e-07
7.246000000000000000e+03,9.149918582807003986e-07
7.247000000000000000e+03,9.147912010121217463e-07
7.248000000000000000e+03,9.145957164946594276e-07
7.249000000000000000e+03,9.144286536866275128e-07
7.250000000000000000e+03,9.142855219579359982e-07
7.251000000000000000e+03,9.140658221440389752e-07
7.252000000000000000e+03,9.138740324488026090e-07
7.253000000000000000e+03,9.135855520980840083e-07
7.254000000000000000e+03,9.133715934694919270e-07
7.255000000000000000e+03,9.132554055213404354e-07
7.256000000000000000e+03,9.130879448093764950e-07
7.257000000000000000e+03,9.128259534918470308e-07
7.258000000000000000e+03,9.126164286499260925e-07
7.259000000000000000e+03,9.123592690229997970e-07
7.260000000000000000e+03,9.121633866016054526e-07
7.261000000000000000e+03,9.120520303440571297e-07
7.262000000000000000e+03,9.117595709540182725e-07
7.263000000000000000e+03,9.113650776271242648e-07
7.264000000000000000e+03,9.110528935707407072e-07
7.265000000000000000e+03,9.108127301260537934e-07
7.266000000000000000e+03,9.106680636250530370e-07
7.267000000000000000e+03,9.105417007049254607e-07
7.268000000000000000e+03,9.102827220885956194e-07
7.269000000000000000e+03,9.098989721678663045e-07
7.270000000000000000e+03,9.095947461901232600e-07
7.271000000000000000e+03,9.092960340240097139e-07
7.272000000000000000e+03,9.090929324884200469e-07
7.273000000000000000e+03,9.089246191251731943e-07
7.274000000000000000e+03,9.087620469472312834e-07
7.275000000000000000e+03,9.083377108254353516e-07
7.276000000000000000e+03,9.080704330699518323e-07
7.277000000000000000e+03,9.078024163500231225e-07
7.278000000000000000e+03,9.075579896489216480e-07
7.279000000000000000e+03,9.073600040210294537e-07
7.280000000000000000e+03,9.073926889868744183e-07
7.281000000000000000e+03,9.072749662664136849e-07
7.282000000000000000e+03,9.071222279999346938e-07
7.283000000000000000e+03,9.068975259651779197e-07
7.284000000000000000e+03,9.066798725143598858e-07
7.285000000000000000e+03,9.062645176527439617e-07
7.286000000000000000e+03,9.064346500053943601e-07
7.287000000000000000e+03,9.061033097168547101e-07
7.288000000000000000e+03,9.058916816684359219e-07
7.289000000000000000e+03,9.057158649738994427e-07
7.290000000000000000e+03,9.054649581230478361e-07
7.291000000000000000e+03,9.050125981957535259e-07
7.292000000000000000e+03,9.048816878021170851e-07
7.293000000000000000e+03,9.045340334523643833e-07
7.294000000000000000e+03,9.043604336511634756e-07
7.295000000000000000e+03,9.041621069627581164e-07
7.296000000000000000e+03,9.038939197125728242e-07
7.297000000000000000e+03,9.036596679834474344e-07
7.298000000000000000e+03,9.034794743456586730e-07
7.299000000000000000e+03,9.033413448378269095e-07
7.300000000000000000e+03,9.031014656102342997e-07
7.301000000000000000e+03,9.027589271681790706e-07
7.302000000000000000e+03,9.025281997310230508e-07
7.303000000000000000e+03,9.022760991683753673e-07
7.304000000000000000e+03,9.021082973958982620e-07
7.305000000000000000e+03,9.017679758471786045e-07
7.306000000000000000e+03,9.014336228574393317e-07
7.307000000000000000e+03,9.010938697429082822e-07
7.308000000000000000e+03,9.009042969410074875e-07
7.309000000000000000e+03,9.007150083562009968e-07
7.310000000000000000e+03,9.004739922602311708e-07
7.311000000000000000e+03,9.000614227261394262e-07
7.312000000000000000e+03,9.007323455989535432e-07
7.313000000000000000e+03,8.999766691886179615e-07
7.314000000000000000e+03,8.998350153888168279e-07
7.315000000000000000e+03,8.996551628115412313e-07
7.316000000000000000e+03,8.992930702333978843e-07
7.317000000000000000e+03,8.989486559585202485e-07
7.318000000000000000e+03,8.986877446659491397e-07
7.319000000000000000e+03,8.985128374661144335e-07
7.320000000000000000e+03,8.983366228676459286e-07
7.321000000000000000e+03,8.981059522739087697e-07
7.322000000000000000e+03,8.978016694527468644e-07
7.323000000000000000e+03,8.974296861197217368e-07
7.324000000000000000e+03,8.971027796178532299e-07
7.325000000000000000e+03,8.968550559984578285e-07
7.326000000000000000e+03,8.965819233708316460e-07
7.327000000000000000e+03,8.963576760834257584e-07
7.328000000000000000e+03,8.961394541984191164e-07
7.329000000000000000e+03,8.959960950960521586e-07
7.330000000000000000e+03,8.958516559687268455e-07
7.331000000000000000e+03,8.955906878327368759e-07
7.332000000000000000e+03,8.953942938205727842e-07
7.333000000000000000e+03,8.950235041993437335e-07
7.334000000000000000e+03,8.948050549406616483e-07
7.335000000000000000e+03,8.945971785578876734e-07
7.336000000000000000e+03,8.944269325183995534e-07
7.337000000000000000e+03,8.942864724303944968e-07
7.338000000000000000e+03,8.940865541262610350e-07
7.339000000000000000e+03,8.939222198023344390e-07
7.340000000000000000e+03,8.933901085583784152e-07
7.341000000000000000e+03,8.937080338000669144e-07
7.342000000000000000e+03,8.932464652389171533e-07
7.343000000000000000e+03,8.928654438022931572e-07
7.344000000000000000e+03,8.926818395593727473e-07
7.345000000000000000e+03,8.925568977247166913e-07
7.346000000000000000e+03,8.923898349166847765e-07
7.347000000000000000e+03,8.920894174480054062e-07
7.348000000000000000e+03,8.925244401325471699e-07
7.349000000000000000e+03,8.919242873162147589e-07
7.350000000000000000e+03,8.916435945138800889e-07
7.351000000000000000e+03,8.915088187677611131e-07
7.352000000000000000e+03,8.913717124414688442e-07
7.353000000000000000e+03,8.911625286600610707e-07
7.354000000000000000e+03,8.908910444915818516e-07
7.355000000000000000e+03,8.905995514396636281e-07
7.356000000000000000e+03,8.903256798475922551e-07
7.357000000000000000e+03,8.901232604330289178e-07
7.358000000000000000e+03,8.899085059965727851e-07
7.359000000000000000e+03,8.895653991203289479e-07
7.360000000000000000e+03,8.893799758880049922e-07
7.361000000000000000e+03,8.891301490621117409e-07
7.362000000000000000e+03,8.892158120943349786e-07
7.363000000000000000e+03,8.890283993423508946e-07
7.364000000000000000e+03,8.888264915185573045e-07
7.365000000000000000e+03,8.885721740625740495e-07
7.366000000000000000e+03,8.882003044163866434e-07
7.367000000000000000e+03,8.877739219315117225e-07
7.368000000000000000e+03,8.893243261809402611e-07
7.369000000000000000e+03,8.876691595105512533e-07
7.370000000000000000e+03,8.874501986610994209e-07
7.371000000000000000e+03,8.872700618667295203e-07
7.372000000000000000e+03,8.870085821399698034e-07
7.373000000000000000e+03,8.866567213772214018e-07
7.374000000000000000e+03,8.874915806700300891e-07
7.375000000000000000e+03,8.865153517945145722e-07
7.376000000000000000e+03,8.862437539391976316e-07
7.377000000000000000e+03,8.861033506946114358e-07
7.378000000000000000e+03,8.859443596520577557e-07
7.379000000000000000e+03,8.857186912791803479e-07
7.380000000000000000e+03,8.853305075717798900e-07
7.381000000000000000e+03,8.850915378388890531e-07
7.382000000000000000e+03,8.848060133459512144e-07
7.383000000000000000e+03,8.846129162520810496e-07
7.384000000000000000e+03,8.844198760016297456e-07
7.385000000000000000e+03,8.841656153890653513e-07
7.386000000000000000e+03,8.837422456053900532e-07
7.387000000000000000e+03,8.835546623231493868e-07
7.388000000000000000e+03,8.832736853037204128e-07
7.389000000000000000e+03,8.830891715660982300e-07
7.390000000000000000e+03,8.827991564430703875e-07
7.391000000000000000e+03,8.825581403471005615e-07
7.392000000000000000e+03,8.823213875075452961e-07
7.393000000000000000e+03,8.821627375255047809e-07
7.394000000000000000e+03,8.820154562272364274e-07
7.395000000000000000e+03,8.818379342301341239e-07
7.396000000000000000e+03,8.816056720206688624e-07
7.397000000000000000e+03,8.810706617623509374e-07
7.398000000000000000e+03,8.809723226477217395e-07
7.399000000000000000e+03,8.805876632322906516e-07
7.400000000000000000e+03,8.804572644294239581e-07
7.401000000000000000e+03,8.802650768302555662e-07
7.402000000000000000e+03,8.799691499916661996e-07
7.403000000000000000e+03,8.794946779744350351e-07
7.404000000000000000e+03,8.791807886154856533e-07
7.405000000000000000e+03,8.788159107098181266e-07
7.406000000000000000e+03,8.786121270532021299e-07
7.407000000000000000e+03,8.784492706581659149e-07
7.408000000000000000e+03,8.781919405009830371e-07
7.409000000000000000e+03,8.779378504186752252e-07
7.410000000000000000e+03,8.777668654147419147e-07
7.411000000000000000e+03,8.774330808591912501e-07
7.412000000000000000e+03,8.775867286203720141e-07
7.413000000000000000e+03,8.773042736720526591e-07
7.414000000000000000e+03,8.770741715125041083e-07
7.415000000000000000e+03,8.768622024035721552e-07
7.416000000000000000e+03,8.766828045736474451e-07
7.417000000000000000e+03,8.765217103245959152e-07
7.418000000000000000e+03,8.763569212533184327e-07
7.419000000000000000e+03,8.762247603044670541e-07
7.420000000000000000e+03,8.761088565734098665e-07
7.421000000000000000e+03,8.760346190683776513e-07
7.422000000000000000e+03,8.758433978073298931e-07
7.423000000000000000e+03,8.756953207011974882e-07
7.424000000000000000e+03,8.756960028222238179e-07
7.425000000000000000e+03,8.755605449550785124e-07
7.426000000000000000e+03,8.753778502068598755e-07
7.427000000000000000e+03,8.752655276111909188e-07
7.428000000000000000e+03,8.751194968681375030e-07
7.429000000000000000e+03,8.749796052143210545e-07
7.430000000000000000e+03,8.750153597247845028e-07
7.431000000000000000e+03,8.748821755943936296e-07
7.432000000000000000e+03,8.746958997107867617e-07
7.433000000000000000e+03,8.745653303776634857e-07
7.434000000000000000e+03,8.744471529098518658e-07
7.435000000000000000e+03,8.742526915739290416e-07
7.436000000000000000e+03,8.739750683162128553e-07
7.437000000000000000e+03,8.737367807043483481e-07
7.438000000000000000e+03,8.734915581953828223e-07
7.439000000000000000e+03,8.733236995794868562e-07
7.440000000000000000e+03,8.731276466278359294e-07
7.441000000000000000e+03,8.733023832974140532e-07
7.442000000000000000e+03,8.729574005883478094e-07
7.443000000000000000e+03,8.726544820092385635e-07
7.444000000000000000e+03,8.724168196749815252e-07
7.445000000000000000e+03,8.721088988750125282e-07
7.446000000000000000e+03,8.717341302144632209e-07
7.447000000000000000e+03,8.714620207683765329e-07
7.448000000000000000e+03,8.711861596566450316e-07
7.449000000000000000e+03,8.710395604794030078e-07
7.450000000000000000e+03,8.709274084139906336e-07
7.451000000000000000e+03,8.707517622497107368e-07
7.452000000000000000e+03,8.706454082130221650e-07
7.453000000000000000e+03,8.705724212632048875e-07
7.454000000000000000e+03,8.704598144504416268e-07
7.455000000000000000e+03,8.703281082489411347e-07
7.456000000000000000e+03,8.700336593392421491e-07
7.457000000000000000e+03,8.698701776665984653e-07
7.458000000000000000e+03,8.696140980646305252e-07
7.459000000000000000e+03,8.693452855368377641e-07
7.460000000000000000e+03,8.692475716998160351e-07
7.461000000000000000e+03,8.689871151545958128e-07
7.462000000000000000e+03,8.688943466950149741e-07
7.463000000000000000e+03,8.687628678671899252e-07
7.464000000000000000e+03,8.685275929565250408e-07
7.465000000000000000e+03,8.685452712597907521e-07
7.466000000000000000e+03,8.684218641974439379e-07
7.467000000000000000e+03,8.681926715325971600e-07
7.468000000000000000e+03,8.679527923050045501e-07
7.469000000000000000e+03,8.676915399519202765e-07
7.470000000000000000e+03,8.675355616105662193e-07
7.471000000000000000e+03,8.672973308421205729e-07
7.472000000000000000e+03,8.671939326632127631e-07
7.473000000000000000e+03,8.670066335980664007e-07
7.474000000000000000e+03,8.669072713018977083e-07
7.475000000000000000e+03,8.667495876579778269e-07
7.476000000000000000e+03,8.666554549563443288e-07
7.477000000000000000e+03,8.665527957418817095e-07
7.478000000000000000e+03,8.664299002703046426e-07
7.479000000000000000e+03,8.661043580104887951e-07
7.480000000000000000e+03,8.670301099300559144e-07
7.481000000000000000e+03,8.660247772240836639e-07
7.482000000000000000e+03,8.658592491883609910e-07
7.483000000000000000e+03,8.656760428493726067e-07
7.484000000000000000e+03,8.654798193674650975e-07
7.485000000000000000e+03,8.653054237584001385e-07
7.486000000000000000e+03,8.653806276015529875e-07
7.487000000000000000e+03,8.652307315060170367e-07
7.488000000000000000e+03,8.650604854665289167e-07
7.489000000000000000e+03,8.649384426462347619e-07
7.490000000000000000e+03,8.647198797007149551e-07
7.491000000000000000e+03,8.645139359941822477e-07
7.492000000000000000e+03,8.644003628432983533e-07
7.493000000000000000e+03,8.641684416943462566e-07
7.494000000000000000e+03,8.640673740956117399e-07
7.495000000000000000e+03,8.639407269583898596e-07
7.496000000000000000e+03,8.637827022539568134e-07
7.497000000000000000e+03,8.636010875306965318e-07
7.498000000000000000e+03,8.634224286652170122e-07
7.499000000000000000e+03,8.632713957013038453e-07
7.500000000000000000e+03,8.630865409031684976e-07
7.501000000000000000e+03,8.628463206150627229e-07
7.502000000000000000e+03,8.626891485619125888e-07
7.503000000000000000e+03,8.625910368209588341e-07
7.504000000000000000e+03,8.624861038697417825e-07
7.505000000000000000e+03,8.623395046924997587e-07
7.506000000000000000e+03,8.624973588666762225e-07
7.507000000000000000e+03,8.621804568065272179e-07
7.508000000000000000e+03,8.619377354079915676e-07
7.509000000000000000e+03,8.617899425189534668e-07
7.510000000000000000e+03,8.616265745331475046e-07
7.511000000000000000e+03,8.614035209575376939e-07
7.512000000000000000e+03,8.617304274594062008e-07
7.513000000000000000e+03,8.613295108261809219e-07
7.514000000000000000e+03,8.611995667706651147e-07
7.515000000000000000e+03,8.610693953414738644e-07
7.516000000000000000e+03,8.608399184595327824e-07
7.517000000000000000e+03,8.607137829130806495e-07
7.518000000000000000e+03,8.604752110841218382e-07
7.519000000000000000e+03,8.603541346019483171e-07
7.520000000000000000e+03,8.601396075391676277e-07
7.521000000000000000e+03,8.598969998274696991e-07
7.522000000000000000e+03,8.600586056672909763e-07
7.523000000000000000e+03,8.597610303695546463e-07
7.524000000000000000e+03,8.594870450906455517e-07
7.525000000000000000e+03,8.593137295065389480e-07
7.526000000000000000e+03,8.591005666858109180e-07
7.527000000000000000e+03,8.588187370150990319e-07
7.528000000000000000e+03,8.589802291680825874e-07
7.529000000000000000e+03,8.586846433900063857e-07
7.530000000000000000e+03,8.583700150666118134e-07
7.531000000000000000e+03,8.581575912103289738e-07
7.532000000000000000e+03,8.579323207413835917e-07
7.533000000000000000e+03,8.578999199926329311e-07
7.534000000000000000e+03,8.576402592552767601e-07
7.535000000000000000e+03,8.575079277761687990e-07
7.536000000000000000e+03,8.573364311814657412e-07
7.537000000000000000e+03,8.571519742872624192e-07
7.538000000000000000e+03,8.572951060159539338e-07
7.539000000000000000e+03,8.570356158088543452e-07
7.540000000000000000e+03,8.567625400246470235e-07
7.541000000000000000e+03,8.566589144720637705e-07
7.542000000000000000e+03,8.564915674469375517e-07
7.543000000000000000e+03,8.562636821807245724e-07
7.544000000000000000e+03,8.564593372284434736e-07
7.545000000000000000e+03,8.561260074202436954e-07
7.546000000000000000e+03,8.558749868825543672e-07
7.547000000000000000e+03,8.557099704376014415e-07
7.548000000000000000e+03,8.555198860449308995e-07
7.549000000000000000e+03,8.552883627999108285e-07
7.550000000000000000e+03,8.551523364985769149e-07
7.551000000000000000e+03,8.549513381694850978e-07
7.552000000000000000e+03,8.548563528165686876e-07
7.553000000000000000e+03,8.546810477128019556e-07
7.554000000000000000e+03,8.544351999262289610e-07
7.555000000000000000e+03,8.552342478651553392e-07
7.556000000000000000e+03,8.543672720406902954e-07
7.557000000000000000e+03,8.541233000869397074e-07
7.558000000000000000e+03,8.539158784515166190e-07
7.559000000000000000e+03,8.536939617442840245e-07
7.560000000000000000e+03,8.534557878192572389e-07
7.561000000000000000e+03,8.534274797966645565e-07
7.562000000000000000e+03,8.531857247362495400e-07
7.563000000000000000e+03,8.530919330951292068e-07
7.564000000000000000e+03,8.529469255336152855e-07
7.565000000000000000e+03,8.527841259819979314e-07
7.566000000000000000e+03,8.529893307240854483e-07
7.567000000000000000e+03,8.526303076905605849e-07
7.568000000000000000e+03,8.524731924808293115e-07
7.569000000000000000e+03,8.523858241460402496e-07
7.570000000000000000e+03,8.522646339770290069e-07
7.571000000000000000e+03,8.519747325408388861e-07
7.572000000000000000e+03,8.518368872501014266e-07
7.573000000000000000e+03,8.516531693203432951e-07
7.574000000000000000e+03,8.515356171301391441e-07
7.575000000000000000e+03,8.513598004356026649e-07
7.576000000000000000e+03,8.514061846653930843e-07
7.577000000000000000e+03,8.512663498549954966e-07
7.578000000000000000e+03,8.510554039276030380e-07
7.579000000000000000e+03,8.509301778758526780e-07
7.580000000000000000e+03,8.507828965775843244e-07
7.581000000000000000e+03,8.505862183483259287e-07
7.582000000000000000e+03,8.504077868565218523e-07
7.583000000000000000e+03,8.502324817527551204e-07
7.584000000000000000e+03,8.500833246216643602e-07
7.585000000000000000e+03,8.499898171976383310e-07
7.586000000000000000e+03,8.497832482134981547e-07
7.587000000000000000e+03,8.497219710079662036e-07
7.588000000000000000e+03,8.496058399032335728e-07
7.589000000000000000e+03,8.494927783431194257e-07
7.590000000000000000e+03,8.493615268889698200e-07
7.591000000000000000e+03,8.492808092341874726e-07
7.592000000000000000e+03,8.490243885717063677e-07
7.593000000000000000e+03,8.488694334118918050e-07
7.594000000000000000e+03,8.487031095683050808e-07
7.595000000000000000e+03,8.485154125992266927e-07
7.596000000000000000e+03,8.493570362588798162e-07
7.597000000000000000e+03,8.484354907523083966e-07
7.598000000000000000e+03,8.482231805828632787e-07
7.599000000000000000e+03,8.481071063215495087e-07
7.600000000000000000e+03,8.478663175992551260e-07
7.601000000000000000e+03,8.476426955894567072e-07
7.602000000000000000e+03,8.477646815663320012e-07
7.603000000000000000e+03,8.474964374727278482e-07
7.604000000000000000e+03,8.472807735415699426e-07
7.605000000000000000e+03,8.471340606774901971e-07
7.606000000000000000e+03,8.470252055303717498e-07
7.607000000000000000e+03,8.467611110063444357e-07
7.608000000000000000e+03,8.463984499940124806e-07
7.609000000000000000e+03,8.481831059725664090e-07
7.610000000000000000e+03,8.463138669867475983e-07
7.611000000000000000e+03,8.459801961180346552e-07
7.612000000000000000e+03,8.457984677079366520e-07
7.613000000000000000e+03,8.455794500150659587e-07
7.614000000000000000e+03,8.458275146949745249e-07
7.615000000000000000e+03,8.454931617052352522e-07
7.616000000000000000e+03,8.452921065327245742e-07
7.617000000000000000e+03,8.450559221273579169e-07
7.618000000000000000e+03,8.448982384834380355e-07
7.619000000000000000e+03,8.446420451946323738e-07
7.620000000000000000e+03,8.443444698968960438e-07
7.621000000000000000e+03,8.444516197414486669e-07
7.622000000000000000e+03,8.441293743999267463e-07
7.623000000000000000e+03,8.439324687969929073e-07
7.624000000000000000e+03,8.437861538368451875e-07
7.625000000000000000e+03,8.437353926638024859e-07
7.626000000000000000e+03,8.436326197625021450e-07
7.627000000000000000e+03,8.434999472228810191e-07
7.628000000000000000e+03,8.434444680460728705e-07
7.629000000000000000e+03,8.433252673967217561e-07
7.630000000000000000e+03,8.430769753431377467e-07
7.631000000000000000e+03,8.429531135334400460e-07
7.632000000000000000e+03,8.426975455222418532e-07
7.633000000000000000e+03,8.425794817412679549e-07
7.634000000000000000e+03,8.424891007052792702e-07
7.635000000000000000e+03,8.424026987086108420e-07
7.636000000000000000e+03,8.422948667430318892e-07
7.637000000000000000e+03,8.421724828622245695e-07
7.638000000000000000e+03,8.420339554504607804e-07
7.639000000000000000e+03,8.419606842835491989e-07
7.640000000000000000e+03,8.417047752118378412e-07
7.641000000000000000e+03,8.418135166721185669e-07
7.642000000000000000e+03,8.415768206759821624e-07
7.643000000000000000e+03,8.414088483732484747e-07
7.644000000000000000e+03,8.412422403125674464e-07
7.645000000000000000e+03,8.410218015342252329e-07
7.646000000000000000e+03,8.407143923250259832e-07
7.647000000000000000e+03,8.408422331740439404e-07
7.648000000000000000e+03,8.405431231039983686e-07
7.649000000000000000e+03,8.403693527725408785e-07
7.650000000000000000e+03,8.402705020671419334e-07
7.651000000000000000e+03,8.403543461099616252e-07
7.652000000000000000e+03,8.401993909501470625e-07
7.653000000000000000e+03,8.400901947425154503e-07
7.654000000000000000e+03,8.399145485782355536e-07
7.655000000000000000e+03,8.397389024139556568e-07
7.656000000000000000e+03,8.395286386075895280e-07
7.657000000000000000e+03,8.392475479013228323e-07
7.658000000000000000e+03,8.390998686991224531e-07
7.659000000000000000e+03,8.389679919673653785e-07
7.660000000000000000e+03,8.387770549234119244e-07
7.661000000000000000e+03,8.384759553337062243e-07
7.662000000000000000e+03,8.384728857890877407e-07
7.663000000000000000e+03,8.383065619455010165e-07
7.664000000000000000e+03,8.381672387258731760e-07
7.665000000000000000e+03,8.379897167287708726e-07
7.666000000000000000e+03,8.377882636523281690e-07
7.667000000000000000e+03,8.374973390345985536e-07
7.668000000000000000e+03,8.373147011297987774e-07
7.669000000000000000e+03,8.371029025511234067e-07
7.670000000000000000e+03,8.369078159375931136e-07
7.671000000000000000e+03,8.366783958990708925e-07
7.672000000000000000e+03,8.363278425349562895e-07
7.673000000000000000e+03,8.362947028217604384e-07
7.674000000000000000e+03,8.358396712537796702e-07
7.675000000000000000e+03,8.357266096936655231e-07
7.676000000000000000e+03,8.355324894182558637e-07
7.677000000000000000e+03,8.352058102900628000e-07
7.678000000000000000e+03,8.351797191608056892e-07
7.679000000000000000e+03,8.348867481799970847e-07
7.680000000000000000e+03,8.343620265804929659e-07
7.681000000000000000e+03,8.341081638718605973e-07
7.682000000000000000e+03,8.336644441442331299e-07
7.683000000000000000e+03,8.345337505488714669e-07
7.684000000000000000e+03,8.335232450917828828e-07
7.685000000000000000e+03,8.334204721904825419e-07
7.686000000000000000e+03,8.330632681463612244e-07
7.687000000000000000e+03,8.326927058988076169e-07
7.688000000000000000e+03,8.324452664965065196e-07
7.689000000000000000e+03,8.321235895891732071e-07
7.690000000000000000e+03,8.319199196193949319e-07
7.691000000000000000e+03,8.316996513713093009e-07
7.692000000000000000e+03,8.313543844451487530e-07
7.693000000000000000e+03,8.313843977703072596e-07
7.694000000000000000e+03,8.311645842695725150e-07
7.695000000000000000e+03,8.309366421599406749e-07
7.696000000000000000e+03,8.307933967444114387e-07
7.697000000000000000e+03,8.306849963446438778e-07
7.698000000000000000e+03,8.305146366183180362e-07
7.699000000000000000e+03,8.302558285322447773e-07
7.700000000000000000e+03,8.300822287310438696e-07
7.701000000000000000e+03,8.297153044622973539e-07
7.702000000000000000e+03,8.296997293655294925e-07
7.703000000000000000e+03,8.295204452224425040e-07
7.704000000000000000e+03,8.291750077660253737e-07
7.705000000000000000e+03,8.290152777590265032e-07
7.706000000000000000e+03,8.288386084132071119e-07
7.707000000000000000e+03,8.286222055176040158e-07
7.708000000000000000e+03,8.283885222226672340e-07
7.709000000000000000e+03,8.291333983834192622e-07
7.710000000000000000e+03,8.282541443804802839e-07
7.711000000000000000e+03,8.279966436930408236e-07
7.712000000000000000e+03,8.277825145341921598e-07
7.713000000000000000e+03,8.274297442767419852e-07
7.714000000000000000e+03,8.273775620182277635e-07
7.715000000000000000e+03,8.270632747553463560e-07
7.716000000000000000e+03,8.269457225651422050e-07
7.717000000000000000e+03,8.268081614914990496e-07
7.718000000000000000e+03,8.266544000434805639e-07
7.719000000000000000e+03,8.262462642960599624e-07
7.720000000000000000e+03,8.271552474070631433e-07
7.721000000000000000e+03,8.260899448941927403e-07
7.722000000000000000e+03,8.258286925411084667e-07
7.723000000000000000e+03,8.256562296082847752e-07
7.724000000000000000e+03,8.254402246166137047e-07
7.725000000000000000e+03,8.252180236922868062e-07
7.726000000000000000e+03,8.250357836914190557e-07
7.727000000000000000e+03,8.248120479947829153e-07
7.728000000000000000e+03,8.246403240264044143e-07
7.729000000000000000e+03,8.244064702012110502e-07
7.730000000000000000e+03,8.241480031756509561e-07
7.731000000000000000e+03,8.243574711741530336e-07
7.732000000000000000e+03,8.240170927820145153e-07
7.733000000000000000e+03,8.238360464929428417e-07
7.734000000000000000e+03,8.237682322942418978e-07
7.735000000000000000e+03,8.236246458181994967e-07
7.736000000000000000e+03,8.233415087488538120e-07
7.737000000000000000e+03,8.230054504565487150e-07
7.738000000000000000e+03,8.229365562328894157e-07
7.739000000000000000e+03,8.226635941355198156e-07
7.740000000000000000e+03,8.225833880715072155e-07
7.741000000000000000e+03,8.225426313401840162e-07
7.742000000000000000e+03,8.224500334108597599e-07
7.743000000000000000e+03,8.223102554438810330e-07
7.744000000000000000e+03,8.222325504902983084e-07
7.745000000000000000e+03,8.220886797971616033e-07
7.746000000000000000e+03,8.218650009439443238e-07
7.747000000000000000e+03,8.216576929953589570e-07
7.748000000000000000e+03,8.214330478040210437e-07
7.749000000000000000e+03,8.213311275540036149e-07
7.750000000000000000e+03,8.212128932427731343e-07
7.751000000000000000e+03,8.211316639972210396e-07
7.752000000000000000e+03,8.209878501475031953e-07
7.753000000000000000e+03,8.206889106077142060e-07
7.754000000000000000e+03,8.213900741793622728e-07
7.755000000000000000e+03,8.205914809877867810e-07
7.756000000000000000e+03,8.203523407246393617e-07
7.757000000000000000e+03,8.201429864129750058e-07
7.758000000000000000e+03,8.199755257010110654e-07
7.759000000000000000e+03,8.197980037039087620e-07
7.760000000000000000e+03,8.196554404094058555e-07
7.761000000000000000e+03,8.195144118872121908e-07
7.762000000000000000e+03,8.193466101147350855e-07
7.763000000000000000e+03,8.191967140191991348e-07
7.764000000000000000e+03,8.189113600565178785e-07
7.765000000000000000e+03,8.187995490516186692e-07
7.766000000000000000e+03,8.186541435861727223e-07
7.767000000000000000e+03,8.185913884517503902e-07
7.768000000000000000e+03,8.185072033484175336e-07
7.769000000000000000e+03,8.183979502973670606e-07
7.770000000000000000e+03,8.185577371477847919e-07
7.771000000000000000e+03,8.183234285752405412e-07
7.772000000000000000e+03,8.182551596291887108e-07
7.773000000000000000e+03,8.181791599781718105e-07
7.774000000000000000e+03,8.181337989299208857e-07
7.775000000000000000e+03,8.179958967957645655e-07
7.776000000000000000e+03,8.177865424841002095e-07
7.777000000000000000e+03,8.177705126399814617e-07
7.778000000000000000e+03,8.177021300070919096e-07
7.779000000000000000e+03,8.176069741239189170e-07
7.780000000000000000e+03,8.175233574547746684e-07
7.781000000000000000e+03,8.174603749466768932e-07
7.782000000000000000e+03,8.172968364306143485e-07
7.783000000000000000e+03,8.170619594238814898e-07
7.784000000000000000e+03,8.172373213710670825e-07
7.785000000000000000e+03,8.169384955181158148e-07
7.786000000000000000e+03,8.167430678440723568e-07
7.787000000000000000e+03,8.166510383489367086e-07
7.788000000000000000e+03,8.165216058841906488e-07
7.789000000000000000e+03,8.163649454218102619e-07
7.790000000000000000e+03,8.161685514096461702e-07
7.791000000000000000e+03,8.160116067301714793e-07
7.792000000000000000e+03,8.157860520441317931e-07
7.793000000000000000e+03,8.156320063790190034e-07
7.794000000000000000e+03,8.152920827342313714e-07
7.795000000000000000e+03,8.150188364197674673e-07
7.796000000000000000e+03,8.148735446411592420e-07
7.797000000000000000e+03,8.147366088451235555e-07
7.798000000000000000e+03,8.146293453137332108e-07
7.799000000000000000e+03,8.145611900545191020e-07
7.800000000000000000e+03,8.144181151692464482e-07
7.801000000000000000e+03,8.142853857862064615e-07
7.802000000000000000e+03,8.140972909131960478e-07
7.803000000000000000e+03,8.139145393215585500e-07
7.804000000000000000e+03,8.136844371620099992e-07
7.805000000000000000e+03,8.136513542922330089e-07
7.806000000000000000e+03,8.135339157888665795e-07
7.807000000000000000e+03,8.134641689139243681e-07
7.808000000000000000e+03,8.133703772728040349e-07
7.809000000000000000e+03,8.132282687256520148e-07
7.810000000000000000e+03,8.130007245199522004e-07
7.811000000000000000e+03,8.127961450554721523e-07
7.812000000000000000e+03,8.128997137646365445e-07
7.813000000000000000e+03,8.126531838570372202e-07
7.814000000000000000e+03,8.125150543492054567e-07
7.815000000000000000e+03,8.123466841425397433e-07
7.816000000000000000e+03,8.122489134620991535e-07
7.817000000000000000e+03,8.119751555568655021e-07
7.818000000000000000e+03,8.119868084577319678e-07
7.819000000000000000e+03,8.118245773403032217e-07
7.820000000000000000e+03,8.116159619930840563e-07
7.821000000000000000e+03,8.114541856230061967e-07
7.822000000000000000e+03,8.112253340186725836e-07
7.823000000000000000e+03,8.110037015285342932e-07
7.824000000000000000e+03,8.108111160254338756e-07
7.825000000000000000e+03,8.106023301479581278e-07
7.826000000000000000e+03,8.104655080387601629e-07
7.827000000000000000e+03,8.103581876639509574e-07
7.828000000000000000e+03,8.118629466480342671e-07
7.829000000000000000e+03,8.102860533654165920e-07
7.830000000000000000e+03,8.100593618109996896e-07
7.831000000000000000e+03,8.098833177427877672e-07
7.832000000000000000e+03,8.096176884464512113e-07
7.833000000000000000e+03,8.093919632301549427e-07
7.834000000000000000e+03,8.093081191873352509e-07
7.835000000000000000e+03,8.090751180134247988e-07
7.836000000000000000e+03,8.089728567028942052e-07
7.837000000000000000e+03,8.088200615929963533e-07
7.838000000000000000e+03,8.086047387223516125e-07
7.839000000000000000e+03,8.082836870926257689e-07
7.840000000000000000e+03,8.080309044089517556e-07
7.841000000000000000e+03,8.077951179075171240e-07
7.842000000000000000e+03,8.076095241449365858e-07
7.843000000000000000e+03,8.073541266639949754e-07
7.844000000000000000e+03,8.072512400758569129e-07
7.845000000000000000e+03,8.067587486948468722e-07
7.846000000000000000e+03,8.065988481575914193e-07
7.847000000000000000e+03,8.063433938332309481e-07
7.848000000000000000e+03,8.060746949922759086e-07
7.849000000000000000e+03,8.058661364884756040e-07
7.850000000000000000e+03,8.055598641476535704e-07
7.851000000000000000e+03,8.052526254687109031e-07
7.852000000000000000e+03,8.050892574829049408e-07
7.853000000000000000e+03,8.049031521295546554e-07
7.854000000000000000e+03,8.047601909311197232e-07
7.855000000000000000e+03,8.045768140618747566e-07
7.856000000000000000e+03,8.044135597629065160e-07
7.857000000000000000e+03,8.042704280342150014e-07
7.858000000000000000e+03,8.039816066229832359e-07
7.859000000000000000e+03,8.036423650992219336e-07
7.860000000000000000e+03,8.035743803702644072e-07
7.861000000000000000e+03,8.030386879909201525e-07
7.862000000000000000e+03,8.028760589695593808e-07
7.863000000000000000e+03,8.027607805161096621e-07
7.864000000000000000e+03,8.025189686122757848e-07
7.865000000000000000e+03,8.020230666261340957e-07
7.866000000000000000e+03,8.018096764317306224e-07
7.867000000000000000e+03,8.014284276214311831e-07
7.868000000000000000e+03,8.013080901037028525e-07
7.869000000000000000e+03,8.012279977265279740e-07
7.870000000000000000e+03,8.010526926227612421e-07
7.871000000000000000e+03,8.007526162145950366e-07
7.872000000000000000e+03,8.005425229384854902e-07
7.873000000000000000e+03,8.003680136425828096e-07
7.874000000000000000e+03,8.002278377716720570e-07
7.875000000000000000e+03,8.000617981451796368e-07
7.876000000000000000e+03,7.999356625987275038e-07
7.877000000000000000e+03,7.998250453056243714e-07
7.878000000000000000e+03,7.997650754987262189e-07
7.879000000000000000e+03,7.996263207132869866e-07
7.880000000000000000e+03,7.995233204383112025e-07
7.881000000000000000e+03,7.993960480234818533e-07
7.882000000000000000e+03,7.993048711796291173e-07
7.883000000000000000e+03,7.991829988895915449e-07
7.884000000000000000e+03,7.990927315404405817e-07
7.885000000000000000e+03,7.989119694684632123e-07
7.886000000000000000e+03,7.987677008713944815e-07
7.887000000000000000e+03,7.985427146195434034e-07
7.888000000000000000e+03,7.984315857356705237e-07
7.889000000000000000e+03,7.982625902513973415e-07
7.890000000000000000e+03,7.981091698638920207e-07
7.891000000000000000e+03,7.979050451467628591e-07
7.892000000000000000e+03,7.977284326443623286e-07
7.893000000000000000e+03,7.975970675033750013e-07
7.894000000000000000e+03,7.975268090376630425e-07
7.895000000000000000e+03,7.973017090989742428e-07
7.896000000000000000e+03,7.971342483870103024e-07
7.897000000000000000e+03,7.968781687850423623e-07
7.898000000000000000e+03,7.970121487232972868e-07
7.899000000000000000e+03,7.967534543240617495e-07
7.900000000000000000e+03,7.965766712914046366e-07
7.901000000000000000e+03,7.964088695189275313e-07
7.902000000000000000e+03,7.963731150084640831e-07
7.903000000000000000e+03,7.961627375152602326e-07
7.904000000000000000e+03,7.960450147947994992e-07
7.905000000000000000e+03,7.959156391734723002e-07
7.906000000000000000e+03,7.957352181620080955e-07
7.907000000000000000e+03,7.963527082210930530e-07
7.908000000000000000e+03,7.956545573506446090e-07
7.909000000000000000e+03,7.954888019412464928e-07
7.910000000000000000e+03,7.954656098263512831e-07
7.911000000000000000e+03,7.953709086905291770e-07
7.912000000000000000e+03,7.952554028634040151e-07
7.913000000000000000e+03,7.949878408908261918e-07
7.914000000000000000e+03,7.953431691021251027e-07
7.915000000000000000e+03,7.948659117573697586e-07
7.916000000000000000e+03,7.946384812385076657e-07
7.917000000000000000e+03,7.945249080876237713e-07
7.918000000000000000e+03,7.943602327031840105e-07
7.919000000000000000e+03,7.941440003378374968e-07
7.920000000000000000e+03,7.938710950838867575e-07
7.921000000000000000e+03,7.936338874969806056e-07
7.922000000000000000e+03,7.935410621939809062e-07
7.923000000000000000e+03,7.933205097288009711e-07
7.924000000000000000e+03,7.932204653116059490e-07
7.925000000000000000e+03,7.930401579869794659e-07
7.926000000000000000e+03,7.927862952783470973e-07
7.927000000000000000e+03,7.934240784379653633e-07
7.928000000000000000e+03,7.926429361759801395e-07
7.929000000000000000e+03,7.924090823507867754e-07
7.930000000000000000e+03,7.922369036350573879e-07
7.931000000000000000e+03,7.920847338027670048e-07
7.932000000000000000e+03,7.918589517430518754e-07
7.933000000000000000e+03,7.917773245935677551e-07
7.934000000000000000e+03,7.915688797766051721e-07
7.935000000000000000e+03,7.914842967693402898e-07
7.936000000000000000e+03,7.913714057394827250e-07
7.937000000000000000e+03,7.914802040431823116e-07
7.938000000000000000e+03,7.913002946224878542e-07
7.939000000000000000e+03,7.911509101177216507e-07
7.940000000000000000e+03,7.910394970167544670e-07
7.941000000000000000e+03,7.909361556812655181e-07
7.942000000000000000e+03,7.907843269094882999e-07
7.943000000000000000e+03,7.908921588750672527e-07
7.944000000000000000e+03,7.906848509264818858e-07
7.945000000000000000e+03,7.905737220426090062e-07
7.946000000000000000e+03,7.904880590103857685e-07
7.947000000000000000e+03,7.903238952167157549e-07
7.948000000000000000e+03,7.901772960394737311e-07
7.949000000000000000e+03,7.899522529442037921e-07
7.950000000000000000e+03,7.898547664808575064e-07
7.951000000000000000e+03,7.897741056694940198e-07
7.952000000000000000e+03,7.896607598922855686e-07
7.953000000000000000e+03,7.894162195043463726e-07
7.954000000000000000e+03,7.892980420365347527e-07
7.955000000000000000e+03,7.889929065640899353e-07
7.956000000000000000e+03,7.888918958087742794e-07
7.957000000000000000e+03,7.887946367191034369e-07
7.958000000000000000e+03,7.886786193012085278e-07
7.959000000000000000e+03,7.885097375037730671e-07
7.960000000000000000e+03,7.889850053288682830e-07
7.961000000000000000e+03,7.884338515395938884e-07
7.962000000000000000e+03,7.882966883698827587e-07
7.963000000000000000e+03,7.881346846261294559e-07
7.964000000000000000e+03,7.879245913500199094e-07
7.965000000000000000e+03,7.876470817791414447e-07
7.966000000000000000e+03,7.874264156271237880e-07
7.967000000000000000e+03,7.870991680647421163e-07
7.968000000000000000e+03,7.869496698731381912e-07
7.969000000000000000e+03,7.866247528909298126e-07
7.970000000000000000e+03,7.863815199016244151e-07
7.971000000000000000e+03,7.862429356464417651e-07
7.972000000000000000e+03,7.859636070861597545e-07
7.973000000000000000e+03,7.858000685700972099e-07
7.974000000000000000e+03,7.856385764171136543e-07
7.975000000000000000e+03,7.853097372390038799e-07
7.976000000000000000e+03,7.858322987885912880e-07
7.977000000000000000e+03,7.851310783735243604e-07
7.978000000000000000e+03,7.848281597944151144e-07
7.979000000000000000e+03,7.846620064810849726e-07
7.980000000000000000e+03,7.845756613278354052e-07
7.981000000000000000e+03,7.843468097235017922e-07
7.982000000000000000e+03,7.842337481633876450e-07
7.983000000000000000e+03,7.840929470148694236e-07
7.984000000000000000e+03,7.839204840820457321e-07
7.985000000000000000e+03,7.838124247427913360e-07
7.986000000000000000e+03,7.835863016225630417e-07
7.987000000000000000e+03,7.834913162696466316e-07
7.988000000000000000e+03,7.833920676603156608e-07
7.989000000000000000e+03,7.831945936231932137e-07
7.990000000000000000e+03,7.832771871107979678e-07
7.991000000000000000e+03,7.831072252884041518e-07
7.992000000000000000e+03,7.829073069842706900e-07
7.993000000000000000e+03,7.827655394976318348e-07
7.994000000000000000e+03,7.825659622540115379e-07
7.995000000000000000e+03,7.829630703781731427e-07
7.996000000000000000e+03,7.825329930710722692e-07
7.997000000000000000e+03,7.823924761396483518e-07
7.998000000000000000e+03,7.822597467566083651e-07
7.999000000000000000e+03,7.820863174856640399e-07
8.000000000000000000e+03,7.818417770977248438e-07
8.001000000000000000e+03,7.816035463292791974e-07
8.002000000000000000e+03,7.812901117176807020e-07
8.003000000000000000e+03,7.811652267264435068e-07
8.004000000000000000e+03,7.810060083102143835e-07
8.005000000000000000e+03,7.808186524016491603e-07
8.006000000000000000e+03,7.804968049640592653e-07
8.007000000000000000e+03,7.814111313564353622e-07
8.008000000000000000e+03,7.803913604220724665e-07
8.009000000000000000e+03,7.801424430908809882e-07
8.010000000000000000e+03,7.798944352543912828e-07
8.011000000000000000e+03,7.795270562382938806e-07
8.012000000000000000e+03,7.791588814143324271e-07
8.013000000000000000e+03,7.788159450683451723e-07
8.014000000000000000e+03,7.786518949615128804e-07
8.015000000000000000e+03,7.785359343870368320e-07
8.016000000000000000e+03,7.784378226460830774e-07
8.017000000000000000e+03,7.782855959703738336e-07
8.018000000000000000e+03,7.781230806358507834e-07
8.019000000000000000e+03,7.778744475217536092e-07
8.020000000000000000e+03,7.786795777064980939e-07
8.021000000000000000e+03,7.777507562423124909e-07
8.022000000000000000e+03,7.775897756800986826e-07
8.023000000000000000e+03,7.774071946187177673e-07
8.024000000000000000e+03,7.774283403705339879e-07
8.025000000000000000e+03,7.773448942316463217e-07
8.026000000000000000e+03,7.772923140692000743e-07
8.027000000000000000e+03,7.771992045491060708e-07
8.028000000000000000e+03,7.771191121719311923e-07
8.029000000000000000e+03,7.770209435875585768e-07
8.030000000000000000e+03,7.768761633997200988e-07
8.031000000000000000e+03,7.768011869302426931e-07
8.032000000000000000e+03,7.765464715703274123e-07
8.033000000000000000e+03,7.764366500850883313e-07
8.034000000000000000e+03,7.763100597912853118e-07
8.035000000000000000e+03,7.761343567835865542e-07
8.036000000000000000e+03,7.759975346743885893e-07
8.037000000000000000e+03,7.758000606372661423e-07
8.038000000000000000e+03,7.757387834317341913e-07
8.039000000000000000e+03,7.755975275358650833e-07
8.040000000000000000e+03,7.754669582027418073e-07
8.041000000000000000e+03,7.753372983643203042e-07
8.042000000000000000e+03,7.751197017569211312e-07
8.043000000000000000e+03,7.748910206828441005e-07
8.044000000000000000e+03,7.746159553789766505e-07
8.045000000000000000e+03,7.744507684037671424e-07
8.046000000000000000e+03,7.742925731690775137e-07
8.047000000000000000e+03,7.742211209915694781e-07
8.048000000000000000e+03,7.740968612779397517e-07
8.049000000000000000e+03,7.739132001916004810e-07
8.050000000000000000e+03,7.737614851066609845e-07
8.051000000000000000e+03,7.736311999906320125e-07
8.052000000000000000e+03,7.735633289485122077e-07
8.053000000000000000e+03,7.735470148872991558e-07
8.054000000000000000e+03,7.734860218988615088e-07
8.055000000000000000e+03,7.733697202638722956e-07
8.056000000000000000e+03,7.732872973065241240e-07
8.057000000000000000e+03,7.732100471002922859e-07
8.058000000000000000e+03,7.730434390396112576e-07
8.059000000000000000e+03,7.729732374173181597e-07
8.060000000000000000e+03,7.728881428192835301e-07
8.061000000000000000e+03,7.727197157691989560e-07
8.062000000000000000e+03,7.727110187261132523e-07
8.063000000000000000e+03,7.725968202976218890e-07
8.064000000000000000e+03,7.724608508397068363e-07
8.065000000000000000e+03,7.723718908891896717e-07
8.066000000000000000e+03,7.722755981376394629e-07
8.067000000000000000e+03,7.720996677562652621e-07
8.068000000000000000e+03,7.720905159658286721e-07
8.069000000000000000e+03,7.719844461462344043e-07
8.070000000000000000e+03,7.718255687905184459e-07
8.071000000000000000e+03,7.717134167251060717e-07
8.072000000000000000e+03,7.714947400927485432e-07
8.073000000000000000e+03,7.714009484516282100e-07
8.074000000000000000e+03,7.712326350883813575e-07
8.075000000000000000e+03,7.711052489867142867e-07
8.076000000000000000e+03,7.710177669650875032e-07
8.077000000000000000e+03,7.708744078627205454e-07
8.078000000000000000e+03,7.711227567597234156e-07
8.079000000000000000e+03,7.707836857662186958e-07
8.080000000000000000e+03,7.706036058152676560e-07
8.081000000000000000e+03,7.704146014475554693e-07
8.082000000000000000e+03,7.703672508796444163e-07
8.083000000000000000e+03,7.701917752456211019e-07
8.084000000000000000e+03,7.700896844653470907e-07
8.085000000000000000e+03,7.699367756686115172e-07
8.086000000000000000e+03,7.697483397350879386e-07
8.087000000000000000e+03,7.695532531215576455e-07
8.088000000000000000e+03,7.693719226153916679e-07
8.089000000000000000e+03,7.692169674555771053e-07
8.090000000000000000e+03,7.690052257203205954e-07
8.091000000000000000e+03,7.689038170610729139e-07
8.092000000000000000e+03,7.684764682380773593e-07
8.093000000000000000e+03,7.680927183173480444e-07
8.094000000000000000e+03,7.678963811486028135e-07
8.095000000000000000e+03,7.676829341107804794e-07
8.096000000000000000e+03,7.675847086829890031e-07
8.097000000000000000e+03,7.674374273847206496e-07
8.098000000000000000e+03,7.673577329114777967e-07
8.099000000000000000e+03,7.671111461604596116e-07
8.100000000000000000e+03,7.670006993976130616e-07
8.101000000000000000e+03,7.668737111998780165e-07
8.102000000000000000e+03,7.666968713238020428e-07
8.103000000000000000e+03,7.664857548661530018e-07
8.104000000000000000e+03,7.662841881028725766e-07
8.105000000000000000e+03,7.662123948648513760e-07
8.106000000000000000e+03,7.661118957003054675e-07
8.107000000000000000e+03,7.660354413019376807e-07
8.108000000000000000e+03,7.659371021873084828e-07
8.109000000000000000e+03,7.659684229111007880e-07
8.110000000000000000e+03,7.658391041331924498e-07
8.111000000000000000e+03,7.657469609512190800e-07
8.112000000000000000e+03,7.657023957108322065e-07
8.113000000000000000e+03,7.655319791410875041e-07
8.114000000000000000e+03,7.654275009372213390e-07
8.115000000000000000e+03,7.653799798390537035e-07
8.116000000000000000e+03,7.650689894944662228e-07
8.117000000000000000e+03,7.650275506421166938e-07
8.118000000000000000e+03,7.649401254639087711e-07
8.119000000000000000e+03,7.648357041034614667e-07
8.120000000000000000e+03,7.646966651009279303e-07
8.121000000000000000e+03,7.645587629667716101e-07
8.122000000000000000e+03,7.643828894288162701e-07
8.123000000000000000e+03,7.641672823410772253e-07
8.124000000000000000e+03,7.640086323590367101e-07
8.125000000000000000e+03,7.638307693014212418e-07
8.126000000000000000e+03,7.636744498995540198e-07
8.127000000000000000e+03,7.633997256561997347e-07
8.128000000000000000e+03,7.631686571585305501e-07
8.129000000000000000e+03,7.629383844687254168e-07
8.130000000000000000e+03,7.628259481862187386e-07
8.131000000000000000e+03,7.626421734130417462e-07
8.132000000000000000e+03,7.626284173056774307e-07
8.133000000000000000e+03,7.624338422829168849e-07
8.134000000000000000e+03,7.623510214216366876e-07
8.135000000000000000e+03,7.621794679835147690e-07
8.136000000000000000e+03,7.620562882948433980e-07
8.137000000000000000e+03,7.618342579007730819e-07
8.138000000000000000e+03,7.616573043378593866e-07
8.139000000000000000e+03,7.614518722220964264e-07
8.140000000000000000e+03,7.611618002556497231e-07
8.141000000000000000e+03,7.612038643856067210e-07
8.142000000000000000e+03,7.609255021634453442e-07
8.143000000000000000e+03,7.606528242831700481e-07
8.144000000000000000e+03,7.605061682625091635e-07
8.145000000000000000e+03,7.603058520544436760e-07
8.146000000000000000e+03,7.600984304190205876e-07
8.147000000000000000e+03,7.599164177918282803e-07
8.148000000000000000e+03,7.597167837047891226e-07
8.149000000000000000e+03,7.595517672598361969e-07
8.150000000000000000e+03,7.593905593239469454e-07
8.151000000000000000e+03,7.590991231154475827e-07
8.152000000000000000e+03,7.588982384731934872e-07
8.153000000000000000e+03,7.586587003061140422e-07
8.154000000000000000e+03,7.585691150779894087e-07
8.155000000000000000e+03,7.584341119581949897e-07
8.156000000000000000e+03,7.583278716083441395e-07
8.157000000000000000e+03,7.581577960991126020e-07
8.158000000000000000e+03,7.579494081255688798e-07
8.159000000000000000e+03,7.579915290989447385e-07
8.160000000000000000e+03,7.578545933029090520e-07
8.161000000000000000e+03,7.577386327284330036e-07
8.162000000000000000e+03,7.576742859782825690e-07
8.163000000000000000e+03,7.575919198643532582e-07
8.164000000000000000e+03,7.574609526272979565e-07
8.165000000000000000e+03,7.575125664516235702e-07
8.166000000000000000e+03,7.574098503937420901e-07
8.167000000000000000e+03,7.573195830445911270e-07
8.168000000000000000e+03,7.572377853648504242e-07
8.169000000000000000e+03,7.571267701678152662e-07
8.170000000000000000e+03,7.569635158688470256e-07
8.171000000000000000e+03,7.575751510557893198e-07
8.172000000000000000e+03,7.569390731987368781e-07
8.173000000000000000e+03,7.568243063360569067e-07
8.174000000000000000e+03,7.567292072963027749e-07
8.175000000000000000e+03,7.566054591734427959e-07
8.176000000000000000e+03,7.565304827039653901e-07
8.177000000000000000e+03,7.563695021417515818e-07
8.178000000000000000e+03,7.563167514490487520e-07
8.179000000000000000e+03,7.562227324342529755e-07
8.180000000000000000e+03,7.560857397947984282e-07
8.181000000000000000e+03,7.558990660072595347e-07
8.182000000000000000e+03,7.556998866675712634e-07
8.183000000000000000e+03,7.556316177215194330e-07
8.184000000000000000e+03,7.555680099358141888e-07
8.185000000000000000e+03,7.554837679890624713e-07
8.186000000000000000e+03,7.553684326921938919e-07
8.187000000000000000e+03,7.551939233962912112e-07
8.188000000000000000e+03,7.550989380433748011e-07
8.189000000000000000e+03,7.549883775936905295e-07
8.190000000000000000e+03,7.550662530775298364e-07
8.191000000000000000e+03,7.549473366452730261e-07
8.192000000000000000e+03,7.548866847173485439e-07
8.193000000000000000e+03,7.547047857769939583e-07
8.194000000000000000e+03,7.546209985775931273e-07
8.195000000000000000e+03,7.545447147094819229e-07
8.196000000000000000e+03,7.544359164057823364e-07
8.197000000000000000e+03,7.543546303168113809e-07
8.198000000000000000e+03,7.542069511146110017e-07
8.199000000000000000e+03,7.540776323367026635e-07
8.200000000000000000e+03,7.539832722613937221e-07
8.201000000000000000e+03,7.539038620052451733e-07
8.202000000000000000e+03,7.538092177128419280e-07
8.203000000000000000e+03,7.537055921602586750e-07
8.204000000000000000e+03,7.535070380981778726e-07
8.205000000000000000e+03,7.533931238867808133e-07
8.206000000000000000e+03,7.532651693509251345e-07
8.207000000000000000e+03,7.531678534178354312e-07
8.208000000000000000e+03,7.530588845838792622e-07
8.209000000000000000e+03,7.528662422373599838e-07
8.210000000000000000e+03,7.526904255428235047e-07
8.211000000000000000e+03,7.524473630837746896e-07
8.212000000000000000e+03,7.522705232076987159e-07
8.213000000000000000e+03,7.520832809859712142e-07
8.214000000000000000e+03,7.519228120145271532e-07
8.215000000000000000e+03,7.517541575907671358e-07
8.216000000000000000e+03,7.515640163546777330e-07
8.217000000000000000e+03,7.514340154557430651e-07
8.218000000000000000e+03,7.512157935707364231e-07
8.219000000000000000e+03,7.509825650231505278e-07
8.220000000000000000e+03,7.508241424147854559e-07
8.221000000000000000e+03,7.506869792450743262e-07
8.222000000000000000e+03,7.505764756388089154e-07
8.223000000000000000e+03,7.504605150643328670e-07
8.224000000000000000e+03,7.502704875150811858e-07
8.225000000000000000e+03,7.501096774831239600e-07
8.226000000000000000e+03,7.501901109208120033e-07
8.227000000000000000e+03,7.500080414502008352e-07
8.228000000000000000e+03,7.498909440073475707e-07
8.229000000000000000e+03,7.498043714804225601e-07
8.230000000000000000e+03,7.496888088098785374e-07
8.231000000000000000e+03,7.495581257899175398e-07
8.232000000000000000e+03,7.494099349969474133e-07
8.233000000000000000e+03,7.493185876228380948e-07
8.234000000000000000e+03,7.492141094189719297e-07
8.235000000000000000e+03,7.490817210964451078e-07
8.236000000000000000e+03,7.489069275834481232e-07
8.237000000000000000e+03,7.486897857233998366e-07
8.238000000000000000e+03,7.485824085051717702e-07
8.239000000000000000e+03,7.484042043870431371e-07
8.240000000000000000e+03,7.482070714104338549e-07
8.241000000000000000e+03,7.480282420146977529e-07
8.242000000000000000e+03,7.479457053705118597e-07
8.243000000000000000e+03,7.477709118575148750e-07
8.244000000000000000e+03,7.476081691493163817e-07
8.245000000000000000e+03,7.475544521184929181e-07
8.246000000000000000e+03,7.472957577192573808e-07
8.247000000000000000e+03,7.472466450053616427e-07
8.248000000000000000e+03,7.471286949112254661e-07
8.249000000000000000e+03,7.469317893082916271e-07
8.250000000000000000e+03,7.467262435056909453e-07
8.251000000000000000e+03,7.465791895810980350e-07
8.252000000000000000e+03,7.464093414455419406e-07
8.253000000000000000e+03,7.462896292054210790e-07
8.254000000000000000e+03,7.461466111635672860e-07
8.255000000000000000e+03,7.460496362909907475e-07
8.256000000000000000e+03,7.458942263838252984e-07
8.257000000000000000e+03,7.457116453224443831e-07
8.258000000000000000e+03,7.459148037014529109e-07
8.259000000000000000e+03,7.455624881913536228e-07
8.260000000000000000e+03,7.453003831869864371e-07
8.261000000000000000e+03,7.451586157003475819e-07
8.262000000000000000e+03,7.449096983691561036e-07
8.263000000000000000e+03,7.446804488608904649e-07
8.264000000000000000e+03,7.442491778419935144e-07
8.265000000000000000e+03,7.440286822202324402e-07
8.266000000000000000e+03,7.437288331857416779e-07
8.267000000000000000e+03,7.435712632286595181e-07
8.268000000000000000e+03,7.434590543198282830e-07
8.269000000000000000e+03,7.433093287545489147e-07
8.270000000000000000e+03,7.431877975250245072e-07
8.271000000000000000e+03,7.430117534568125848e-07
8.272000000000000000e+03,7.428208164128591307e-07
8.273000000000000000e+03,7.425799708471458871e-07
8.274000000000000000e+03,7.423847137033590116e-07
8.275000000000000000e+03,7.421999157486425247e-07
8.276000000000000000e+03,7.420809424729668535e-07
8.277000000000000000e+03,7.419680514431092888e-07
8.278000000000000000e+03,7.417941674248140771e-07
8.279000000000000000e+03,7.416965672746300697e-07
8.280000000000000000e+03,7.415760023832262959e-07
8.281000000000000000e+03,7.414038236674969085e-07
8.282000000000000000e+03,7.413077014462032821e-07
8.283000000000000000e+03,7.410847615574311931e-07
8.284000000000000000e+03,7.412166382891882677e-07
8.285000000000000000e+03,7.410050102407694794e-07
8.286000000000000000e+03,7.408698365907184780e-07
8.287000000000000000e+03,7.407352882182749454e-07
8.288000000000000000e+03,7.405928954540286213e-07
8.289000000000000000e+03,7.403897939184389543e-07
8.290000000000000000e+03,7.403608606182388030e-07
8.291000000000000000e+03,7.400794856948778033e-07
8.292000000000000000e+03,7.399772243843472097e-07
8.293000000000000000e+03,7.398683692372287624e-07
8.294000000000000000e+03,7.397380841211997904e-07
8.295000000000000000e+03,7.399476658065395895e-07
8.296000000000000000e+03,7.396089927169668954e-07
8.297000000000000000e+03,7.393913392661488615e-07
8.298000000000000000e+03,7.392577003884071019e-07
8.299000000000000000e+03,7.390309519905713387e-07
8.300000000000000000e+03,7.389007805613800883e-07
8.301000000000000000e+03,7.387478149212256540e-07
8.302000000000000000e+03,7.386268521258898545e-07
8.303000000000000000e+03,7.384648483821365517e-07
8.304000000000000000e+03,7.382472517747373786e-07
8.305000000000000000e+03,7.380969577752694022e-07
8.306000000000000000e+03,7.379509270322159864e-07
8.307000000000000000e+03,7.378461646112555172e-07
8.308000000000000000e+03,7.377398674179858062e-07
8.309000000000000000e+03,7.376335702247160953e-07
8.310000000000000000e+03,7.374957249339786358e-07
8.311000000000000000e+03,7.373663493126514368e-07
8.312000000000000000e+03,7.372544814643333666e-07
8.313000000000000000e+03,7.370709340648318175e-07
8.314000000000000000e+03,7.369974355242447928e-07
8.315000000000000000e+03,7.368936394414049573e-07
8.316000000000000000e+03,7.367064540630963165e-07
8.317000000000000000e+03,7.366143677245418075e-07
8.318000000000000000e+03,7.364214411609282251e-07
8.319000000000000000e+03,7.363728400378022343e-07
8.320000000000000000e+03,7.362134510913165286e-07
8.321000000000000000e+03,7.361494454016792588e-07
8.322000000000000000e+03,7.360175118265033234e-07
8.323000000000000000e+03,7.358675588875485118e-07
8.324000000000000000e+03,7.357091362791834399e-07
8.325000000000000000e+03,7.355797606578562409e-07
8.326000000000000000e+03,7.354450985985749867e-07
8.327000000000000000e+03,7.353184514613531064e-07
8.328000000000000000e+03,7.351104613917414099e-07
8.329000000000000000e+03,7.349351562879746780e-07
8.330000000000000000e+03,7.348409667429223191e-07
8.331000000000000000e+03,7.347932751144981012e-07
8.332000000000000000e+03,7.347185260186961386e-07
8.333000000000000000e+03,7.346117740780755412e-07
8.334000000000000000e+03,7.344821142396540381e-07
8.335000000000000000e+03,7.344095820371876471e-07
8.336000000000000000e+03,7.343576839957677294e-07
8.337000000000000000e+03,7.343076049437513575e-07
8.338000000000000000e+03,7.341800483118277043e-07
8.339000000000000000e+03,7.341454875131603330e-07
8.340000000000000000e+03,7.340195793403836433e-07
8.341000000000000000e+03,7.339492071878339630e-07
8.342000000000000000e+03,7.338854857152909972e-07
8.343000000000000000e+03,7.337671377172227949e-07
8.344000000000000000e+03,7.338941827583767008e-07
8.345000000000000000e+03,7.336960834436467849e-07
8.346000000000000000e+03,7.335975737987610046e-07
8.347000000000000000e+03,7.334918450396799017e-07
8.348000000000000000e+03,7.333834446399123408e-07
8.349000000000000000e+03,7.333793519137543626e-07
8.350000000000000000e+03,7.332595828302146401e-07
8.351000000000000000e+03,7.332001814575050958e-07
8.352000000000000000e+03,7.331090046136523597e-07
8.353000000000000000e+03,7.329716709136846475e-07
8.354000000000000000e+03,7.328135893658327404e-07
8.355000000000000000e+03,7.326610784730291925e-07
8.356000000000000000e+03,7.325778028643981088e-07
8.357000000000000000e+03,7.324874218284094241e-07
8.358000000000000000e+03,7.324167654587654397e-07
8.359000000000000000e+03,7.323514523704943713e-07
8.360000000000000000e+03,7.321793304981838446e-07
8.361000000000000000e+03,7.320817303479998372e-07
8.362000000000000000e+03,7.319173960240732413e-07
8.363000000000000000e+03,7.317961490116431378e-07
8.364000000000000000e+03,7.317137828977138270e-07
8.365000000000000000e+03,7.316093046938476618e-07
8.366000000000000000e+03,7.315352945624908898e-07
8.367000000000000000e+03,7.314774279620905872e-07
8.368000000000000000e+03,7.313619221349654254e-07
8.369000000000000000e+03,7.313729497582244221e-07
8.370000000000000000e+03,7.312888783417292871e-07
8.371000000000000000e+03,7.311368221962766256e-07
8.372000000000000000e+03,7.310403589144698344e-07
8.373000000000000000e+03,7.309733405236329418e-07
8.374000000000000000e+03,7.308977387765480671e-07
8.375000000000000000e+03,7.307874057005392388e-07
8.376000000000000000e+03,7.306890097424911801e-07
8.377000000000000000e+03,7.305872600227303337e-07
8.378000000000000000e+03,7.304529390239622444e-07
8.379000000000000000e+03,7.303593179130984936e-07
8.380000000000000000e+03,7.302247695406549610e-07
8.381000000000000000e+03,7.301257483049994335e-07
8.382000000000000000e+03,7.300379820662783459e-07
8.383000000000000000e+03,7.299224193957343232e-07
8.384000000000000000e+03,7.298430091395857744e-07
8.385000000000000000e+03,7.296368380593776237e-07
8.386000000000000000e+03,7.299769890778406989e-07
8.387000000000000000e+03,7.295366231119260192e-07
8.388000000000000000e+03,7.293706403288524598e-07
8.389000000000000000e+03,7.292704822248197161e-07
8.390000000000000000e+03,7.291895371963619255e-07
8.391000000000000000e+03,7.290950065907964017e-07
8.392000000000000000e+03,7.289760901585395914e-07
8.393000000000000000e+03,7.288214192158193327e-07
8.394000000000000000e+03,7.286784011739655398e-07
8.395000000000000000e+03,7.285086098818283062e-07
8.396000000000000000e+03,7.283326226570352446e-07
8.397000000000000000e+03,7.282893648152821697e-07
8.398000000000000000e+03,7.281850002982537262e-07
8.399000000000000000e+03,7.280755767169466708e-07
8.400000000000000000e+03,7.279522833414375782e-07
8.401000000000000000e+03,7.278669613697275054e-07
8.402000000000000000e+03,7.277909617187106051e-07
8.403000000000000000e+03,7.276368592101789545e-07
8.404000000000000000e+03,7.275905886672262568e-07
8.405000000000000000e+03,7.275070856849197298e-07
8.406000000000000000e+03,7.273663982232392300e-07
8.407000000000000000e+03,7.272293487403658219e-07
8.408000000000000000e+03,7.270948572113411501e-07
8.409000000000000000e+03,7.270064088515937328e-07
8.410000000000000000e+03,7.268942567861813586e-07
8.411000000000000000e+03,7.268083663802826777e-07
8.412000000000000000e+03,7.267147452694189269e-07
8.413000000000000000e+03,7.265564931913104374e-07
8.414000000000000000e+03,7.264139298968075309e-07
8.415000000000000000e+03,7.263632255671836901e-07
8.416000000000000000e+03,7.262347025971394032e-07
8.417000000000000000e+03,7.260055667757114861e-07
8.418000000000000000e+03,7.260559300448221620e-07
8.419000000000000000e+03,7.258782943608821370e-07
8.420000000000000000e+03,7.257649485836736858e-07
8.421000000000000000e+03,7.256603566929697990e-07
8.422000000000000000e+03,7.255976015585474670e-07
8.423000000000000000e+03,7.255254672600131016e-07
8.424000000000000000e+03,7.253531180140271317e-07
8.425000000000000000e+03,7.253007652252563275e-07
8.426000000000000000e+03,7.251791771523130592e-07
8.427000000000000000e+03,7.250441740325186402e-07
8.428000000000000000e+03,7.249370241879660171e-07
8.429000000000000000e+03,7.248213478305842727e-07
8.430000000000000000e+03,7.247025450851651840e-07
8.431000000000000000e+03,7.245897108987264801e-07
8.432000000000000000e+03,7.244161110975255724e-07
8.433000000000000000e+03,7.243661457323469222e-07
8.434000000000000000e+03,7.242844048960250802e-07
8.435000000000000000e+03,7.242181254696333781e-07
8.436000000000000000e+03,7.240461172841605730e-07
8.437000000000000000e+03,7.240881245706987102e-07
8.438000000000000000e+03,7.239447654683317523e-07
8.439000000000000000e+03,7.238400030473712832e-07
8.440000000000000000e+03,7.237384238578670193e-07
8.441000000000000000e+03,7.236847636704624165e-07
8.442000000000000000e+03,7.236334340632311068e-07
8.443000000000000000e+03,7.234883696582983248e-07
8.444000000000000000e+03,7.234304462144791614e-07
8.445000000000000000e+03,7.233163614728255197e-07
8.446000000000000000e+03,7.231857352962833829e-07
8.447000000000000000e+03,7.231342351587954909e-07
8.448000000000000000e+03,7.230316896311705932e-07
8.449000000000000000e+03,7.229353400362015236e-07
8.450000000000000000e+03,7.228631488942482974e-07
8.451000000000000000e+03,7.226781235658563673e-07
8.452000000000000000e+03,7.225882541206374299e-07
8.453000000000000000e+03,7.223973170766839758e-07
8.454000000000000000e+03,7.222830618047737516e-07
8.455000000000000000e+03,7.221325972750491928e-07
8.456000000000000000e+03,7.219767894639517181e-07
8.457000000000000000e+03,7.219879307740484364e-07
8.458000000000000000e+03,7.218763471428246703e-07
8.459000000000000000e+03,7.217785196189652197e-07
8.460000000000000000e+03,7.216020208034024108e-07
8.461000000000000000e+03,7.214507036223949399e-07
8.462000000000000000e+03,7.212624382191279437e-07
8.463000000000000000e+03,7.214313768599822652e-07
8.464000000000000000e+03,7.211863817246921826e-07
8.465000000000000000e+03,7.211133947748749051e-07
8.466000000000000000e+03,7.210281296465836931e-07
8.467000000000000000e+03,7.209079058156930842e-07
8.468000000000000000e+03,7.208104193523467984e-07
8.469000000000000000e+03,7.207216299320862163e-07
8.470000000000000000e+03,7.206402869996964000e-07
8.471000000000000000e+03,7.205745760074933060e-07
8.472000000000000000e+03,7.204830012597085442e-07
8.473000000000000000e+03,7.203049108284176327e-07
8.474000000000000000e+03,7.201602443274168763e-07
8.475000000000000000e+03,7.200555955932941288e-07
8.476000000000000000e+03,7.199546416813973337e-07
8.477000000000000000e+03,7.199064953056222294e-07
8.478000000000000000e+03,7.198182174761313945e-07
8.479000000000000000e+03,7.197438094408425968e-07
8.480000000000000000e+03,7.196518936325446703e-07
8.481000000000000000e+03,7.195497460088517983e-07
8.482000000000000000e+03,7.197914442258479539e-07
8.483000000000000000e+03,7.195078524091513827e-07
8.484000000000000000e+03,7.194166755652986467e-07
8.485000000000000000e+03,7.193773399194469675e-07
8.486000000000000000e+03,7.193173701125488151e-07
8.487000000000000000e+03,7.192265911726281047e-07
8.488000000000000000e+03,7.191375743786920793e-07
8.489000000000000000e+03,7.189864277279411908e-07
8.490000000000000000e+03,7.189076995928189717e-07
8.491000000000000000e+03,7.188389190559973940e-07
8.492000000000000000e+03,7.187686037468665745e-07
8.493000000000000000e+03,7.186022799032798503e-07
8.494000000000000000e+03,7.185086587924160995e-07
8.495000000000000000e+03,7.183549541878164746e-07
8.496000000000000000e+03,7.182866852417646442e-07
8.497000000000000000e+03,7.181795353972120211e-07
8.498000000000000000e+03,7.182790682236372959e-07
8.499000000000000000e+03,7.181389491961454041e-07
8.500000000000000000e+03,7.180524903560581151e-07
8.501000000000000000e+03,7.179747285590565298e-07
8.502000000000000000e+03,7.178913961070065852e-07
8.503000000000000000e+03,7.178258556450600736e-07
8.504000000000000000e+03,7.177449674600211438e-07
8.505000000000000000e+03,7.176011536103032995e-07
8.506000000000000000e+03,7.174941742960072588e-07
8.507000000000000000e+03,7.173474045885086525e-07
8.508000000000000000e+03,7.172488381002040114e-07
8.509000000000000000e+03,7.171169045250280760e-07
8.510000000000000000e+03,7.170296498770767357e-07
8.511000000000000000e+03,7.169523428274260368e-07
8.512000000000000000e+03,7.168339379859389737e-07
8.513000000000000000e+03,7.166461273300228640e-07
8.514000000000000000e+03,7.165057809288555291e-07
8.515000000000000000e+03,7.163582154134928714e-07
8.516000000000000000e+03,7.161805228861339856e-07
8.517000000000000000e+03,7.160757036217546556e-07
8.518000000000000000e+03,7.160265909078589175e-07
8.519000000000000000e+03,7.157130426094227005e-07
8.520000000000000000e+03,7.156265269259165507e-07
8.521000000000000000e+03,7.154462764447089285e-07
8.522000000000000000e+03,7.153680030569375958e-07
8.523000000000000000e+03,7.152534067245142069e-07
8.524000000000000000e+03,7.151562044782622252e-07
8.525000000000000000e+03,7.150434839786612429e-07
8.526000000000000000e+03,7.148567533477034885e-07
8.527000000000000000e+03,7.146020379877882078e-07
8.528000000000000000e+03,7.143765969885862432e-07
8.529000000000000000e+03,7.141698006307706237e-07
8.530000000000000000e+03,7.139861395444313530e-07
8.531000000000000000e+03,7.138434057196718641e-07
8.532000000000000000e+03,7.135997179830155801e-07
8.533000000000000000e+03,7.134964903343643527e-07
8.534000000000000000e+03,7.133440362849796657e-07
8.535000000000000000e+03,7.132415476007736288e-07
8.536000000000000000e+03,7.131822030714829452e-07
8.537000000000000000e+03,7.130473136385262478e-07
8.538000000000000000e+03,7.130324775062035769e-07
8.539000000000000000e+03,7.128481911422568373e-07
8.540000000000000000e+03,7.127791263883409556e-07
8.541000000000000000e+03,7.126724312911392190e-07
8.542000000000000000e+03,7.125007073227607179e-07
8.543000000000000000e+03,7.124515946088649798e-07
8.544000000000000000e+03,7.122656597857712768e-07
8.545000000000000000e+03,7.121822136468836106e-07
8.546000000000000000e+03,7.120732448129274417e-07
8.547000000000000000e+03,7.118559324226225726e-07
8.548000000000000000e+03,7.116768756532110274e-07
8.549000000000000000e+03,7.114170443855982739e-07
8.550000000000000000e+03,7.112799380593060050e-07
8.551000000000000000e+03,7.111511308721674141e-07
8.552000000000000000e+03,7.112033131306816358e-07
8.553000000000000000e+03,7.110900241968920454e-07
8.554000000000000000e+03,7.109932198545720894e-07
8.555000000000000000e+03,7.108735076144512277e-07
8.556000000000000000e+03,7.108083650564367417e-07
8.557000000000000000e+03,7.106577868398744613e-07
8.558000000000000000e+03,7.105383588168479037e-07
8.559000000000000000e+03,7.104288215487031266e-07
8.560000000000000000e+03,7.103565167199121788e-07
8.561000000000000000e+03,7.101833148226432968e-07
8.562000000000000000e+03,7.100384777913859580e-07
8.563000000000000000e+03,7.099076242411683779e-07
8.564000000000000000e+03,7.098286118889518548e-07
8.565000000000000000e+03,7.097235652508970816e-07
8.566000000000000000e+03,7.095457590367004741e-07
8.567000000000000000e+03,7.094738521118415520e-07
8.568000000000000000e+03,7.093905196597916074e-07
8.569000000000000000e+03,7.093335625540930778e-07
8.570000000000000000e+03,7.092463079061417375e-07
8.571000000000000000e+03,7.091044835760840215e-07
8.572000000000000000e+03,7.088513029884779826e-07
8.573000000000000000e+03,7.086824780344613828e-07
8.574000000000000000e+03,7.083813216013368219e-07
8.575000000000000000e+03,7.082830961735453457e-07
8.576000000000000000e+03,7.081908393047342543e-07
8.577000000000000000e+03,7.081450235091324430e-07
8.578000000000000000e+03,7.080456043695448898e-07
8.579000000000000000e+03,7.078794510562147480e-07
8.580000000000000000e+03,7.077487680362537503e-07
8.581000000000000000e+03,7.074386871863680426e-07
8.582000000000000000e+03,7.072971470734046306e-07
8.583000000000000000e+03,7.070252650009933859e-07
8.584000000000000000e+03,7.069687626426457427e-07
8.585000000000000000e+03,7.067687874950934201e-07
8.586000000000000000e+03,7.067170599839300849e-07
8.587000000000000000e+03,7.065775093906268012e-07
8.588000000000000000e+03,7.064560918479401153e-07
8.589000000000000000e+03,7.062491818032867741e-07
8.590000000000000000e+03,7.060049824758607429e-07
8.591000000000000000e+03,7.058636128931539133e-07
8.592000000000000000e+03,7.055847959236416500e-07
8.593000000000000000e+03,7.060546636239450891e-07
8.594000000000000000e+03,7.055554647195094731e-07
8.595000000000000000e+03,7.054230763969826512e-07
8.596000000000000000e+03,7.053226909192744642e-07
8.597000000000000000e+03,7.051509101074771024e-07
8.598000000000000000e+03,7.050293788779526949e-07
8.599000000000000000e+03,7.048531074360653292e-07
8.600000000000000000e+03,7.047509029689535964e-07
8.601000000000000000e+03,7.046555197121051606e-07
8.602000000000000000e+03,7.045163101793150418e-07
8.603000000000000000e+03,7.048471957205038052e-07
8.604000000000000000e+03,7.044031917757820338e-07
8.605000000000000000e+03,7.042399374768137932e-07
8.606000000000000000e+03,7.040783884804113768e-07
8.607000000000000000e+03,7.039279807941056788e-07
8.608000000000000000e+03,7.038752301014028490e-07
8.609000000000000000e+03,7.036416604933037888e-07
8.610000000000000000e+03,7.035549742795410566e-07
8.611000000000000000e+03,7.034420264062646311e-07
8.612000000000000000e+03,7.032899134173931088e-07
8.613000000000000000e+03,7.035741305116971489e-07
8.614000000000000000e+03,7.031694053694081958e-07
8.615000000000000000e+03,7.029694302218558732e-07
8.616000000000000000e+03,7.028534128039609641e-07
8.617000000000000000e+03,7.027061315056926105e-07
8.618000000000000000e+03,7.025739137134223711e-07
8.619000000000000000e+03,7.024442538750008680e-07
8.620000000000000000e+03,7.022086379038228188e-07
8.621000000000000000e+03,7.020281600489397533e-07
8.622000000000000000e+03,7.017015946075844113e-07
8.623000000000000000e+03,7.020074690444744192e-07
8.624000000000000000e+03,7.016013228167139459e-07
8.625000000000000000e+03,7.015231062723614741e-07
8.626000000000000000e+03,7.014456855358730536e-07
8.627000000000000000e+03,7.013512686171452515e-07
8.628000000000000000e+03,7.011919933574972674e-07
8.629000000000000000e+03,7.010003741925174836e-07
8.630000000000000000e+03,7.008545139797206502e-07
8.631000000000000000e+03,7.006893838479300030e-07
8.632000000000000000e+03,7.006049145275028422e-07
8.633000000000000000e+03,7.004129543020098936e-07
8.634000000000000000e+03,7.002406050560239237e-07
8.635000000000000000e+03,7.000924711064726580e-07
8.636000000000000000e+03,6.999325705692172050e-07
8.637000000000000000e+03,6.999196671131358016e-07
8.638000000000000000e+03,6.997501600380928721e-07
8.639000000000000000e+03,6.996768320277624298e-07
8.640000000000000000e+03,6.996051524765789509e-07
8.641000000000000000e+03,6.994752084210631438e-07
8.642000000000000000e+03,6.992877388256601989e-07
8.643000000000000000e+03,6.991943450884718914e-07
8.644000000000000000e+03,6.990445058363548014e-07
8.645000000000000000e+03,6.989725420680770185e-07
8.646000000000000000e+03,6.989103553678432945e-07
8.647000000000000000e+03,6.989814664848381653e-07
8.648000000000000000e+03,6.988519203332543839e-07
8.649000000000000000e+03,6.987622214182920288e-07
8.650000000000000000e+03,6.987243637013307307e-07
8.651000000000000000e+03,6.986614380366518162e-07
8.652000000000000000e+03,6.986343805692740716e-07
8.653000000000000000e+03,6.985944764892337844e-07
8.654000000000000000e+03,6.985240474932652432e-07
8.655000000000000000e+03,6.985214326959976461e-07
8.656000000000000000e+03,6.984443530200223904e-07
8.657000000000000000e+03,6.983708544794353656e-07
8.658000000000000000e+03,6.982950253586750478e-07
8.659000000000000000e+03,6.981546789575077128e-07
8.660000000000000000e+03,6.980420153013255913e-07
8.661000000000000000e+03,6.980143325563403778e-07
8.662000000000000000e+03,6.979303179832641035e-07
8.663000000000000000e+03,6.979123554629040882e-07
8.664000000000000000e+03,6.978278861424769275e-07
8.665000000000000000e+03,6.977631983318133280e-07
8.666000000000000000e+03,6.976184181439748500e-07
8.667000000000000000e+03,6.975247401896922383e-07
8.668000000000000000e+03,6.974326538511377294e-07
8.669000000000000000e+03,6.973715471758623607e-07
8.670000000000000000e+03,6.972452410991536453e-07
8.671000000000000000e+03,6.971870334382401779e-07
8.672000000000000000e+03,6.971092147978197318e-07
8.673000000000000000e+03,6.970273034312413074e-07
8.674000000000000000e+03,6.969488026697945315e-07
8.675000000000000000e+03,6.968270440665946808e-07
8.676000000000000000e+03,6.967277954572637100e-07
8.677000000000000000e+03,6.965965440031141043e-07
8.678000000000000000e+03,6.965055945329368114e-07
8.679000000000000000e+03,6.963584837649250403e-07
8.680000000000000000e+03,6.971859534132818226e-07
8.681000000000000000e+03,6.963203418308694381e-07
8.682000000000000000e+03,6.962018801459635142e-07
8.683000000000000000e+03,6.960841574255027808e-07
8.684000000000000000e+03,6.957941423024749383e-07
8.685000000000000000e+03,6.957843083910120185e-07
8.686000000000000000e+03,6.955356184334959835e-07
8.687000000000000000e+03,6.954753644095035270e-07
8.688000000000000000e+03,6.953093247830111068e-07
8.689000000000000000e+03,6.951859177206642926e-07
8.690000000000000000e+03,6.950473334654816426e-07
8.691000000000000000e+03,6.949098860786762089e-07
8.692000000000000000e+03,6.947425958969688509e-07
8.693000000000000000e+03,6.944766255401191302e-07
8.694000000000000000e+03,6.943362791389517952e-07
8.695000000000000000e+03,6.941662036297202576e-07
8.696000000000000000e+03,6.939667969163565431e-07
8.697000000000000000e+03,6.937732450751354918e-07
8.698000000000000000e+03,6.936122076695028227e-07
8.699000000000000000e+03,6.935708256605721544e-07
8.700000000000000000e+03,6.934532166269491427e-07
8.701000000000000000e+03,6.933372560524730943e-07
8.702000000000000000e+03,6.931920211172837298e-07
8.703000000000000000e+03,6.930629297130508348e-07
8.704000000000000000e+03,6.928699463060183916e-07
8.705000000000000000e+03,6.928158882146817632e-07
8.706000000000000000e+03,6.926611035851237830e-07
8.707000000000000000e+03,6.926267133167129941e-07
8.708000000000000000e+03,6.925525894985185005e-07
8.709000000000000000e+03,6.924163358235091437e-07
8.710000000000000000e+03,6.924219633219763637e-07
8.711000000000000000e+03,6.923435194039484486e-07
8.712000000000000000e+03,6.922399506947840564e-07
8.713000000000000000e+03,6.921588919794885442e-07
8.714000000000000000e+03,6.920797659404342994e-07
8.715000000000000000e+03,6.919526072124426719e-07
8.716000000000000000e+03,6.918218105056439526e-07
8.717000000000000000e+03,6.916101256138063036e-07
8.718000000000000000e+03,6.915291237419296522e-07
8.719000000000000000e+03,6.913925290064071305e-07
8.720000000000000000e+03,6.912816274962096941e-07
8.721000000000000000e+03,6.911370178386277985e-07
8.722000000000000000e+03,6.909665444254642352e-07
8.723000000000000000e+03,6.908294380991719663e-07
8.724000000000000000e+03,6.907261536071018782e-07
8.725000000000000000e+03,6.906005296514194924e-07
8.726000000000000000e+03,6.904613201186293736e-07
8.727000000000000000e+03,6.903415510350896511e-07
8.728000000000000000e+03,6.902052973600802943e-07
8.729000000000000000e+03,6.900647804286563769e-07
8.730000000000000000e+03,6.898468427607440390e-07
8.731000000000000000e+03,6.896707418491132557e-07
8.732000000000000000e+03,6.895681963214883581e-07
8.733000000000000000e+03,6.893753834447124973e-07
8.734000000000000000e+03,6.894622970321506727e-07
8.735000000000000000e+03,6.892998953844653443e-07
8.736000000000000000e+03,6.891341399750672281e-07
8.737000000000000000e+03,6.889238761687010992e-07
8.738000000000000000e+03,6.887639756314456463e-07
8.739000000000000000e+03,6.886247660986555275e-07
8.740000000000000000e+03,6.886773462611017749e-07
8.741000000000000000e+03,6.885554171276453417e-07
8.742000000000000000e+03,6.884561116748955101e-07
8.743000000000000000e+03,6.883024070702958852e-07
8.744000000000000000e+03,6.881491003696282860e-07
8.745000000000000000e+03,6.878631211293395609e-07
8.746000000000000000e+03,6.876208544781547971e-07
8.747000000000000000e+03,6.873395363982126582e-07
8.748000000000000000e+03,6.871214850434625987e-07
8.749000000000000000e+03,6.870187121421622578e-07
8.750000000000000000e+03,6.868743298582558054e-07
8.751000000000000000e+03,6.867857109682518058e-07
8.752000000000000000e+03,6.865989803372940514e-07
8.753000000000000000e+03,6.865190016469568945e-07
8.754000000000000000e+03,6.864174793008714914e-07
8.755000000000000000e+03,6.862297823317931034e-07
8.756000000000000000e+03,6.866069384159345645e-07
8.757000000000000000e+03,6.861511678835086059e-07
8.758000000000000000e+03,6.859282279947365168e-07
8.759000000000000000e+03,6.857695211692771409e-07
8.760000000000000000e+03,6.854911021036969032e-07
8.761000000000000000e+03,6.853578611298871692e-07
8.762000000000000000e+03,6.851965963505790569e-07
8.763000000000000000e+03,6.850611953268526122e-07
8.764000000000000000e+03,6.849791134300176054e-07
8.765000000000000000e+03,6.847731697234848980e-07
8.766000000000000000e+03,6.847490681138879154e-07
8.767000000000000000e+03,6.846732958365464583e-07
8.768000000000000000e+03,6.845489792794978712e-07
8.769000000000000000e+03,6.844485938017896842e-07
8.770000000000000000e+03,6.842702759968233295e-07
8.771000000000000000e+03,6.842685706942575052e-07
8.772000000000000000e+03,6.841432309556694236e-07
8.773000000000000000e+03,6.839594561824924313e-07
8.774000000000000000e+03,6.838275794507353567e-07
8.775000000000000000e+03,6.837240675849898253e-07
8.776000000000000000e+03,6.836090733486344106e-07
8.777000000000000000e+03,6.834011969658604357e-07
8.778000000000000000e+03,6.843365554232150316e-07
8.779000000000000000e+03,6.833492989244405180e-07
8.780000000000000000e+03,6.832303256487648468e-07
8.781000000000000000e+03,6.831410246377345175e-07
8.782000000000000000e+03,6.830340453234384768e-07
8.783000000000000000e+03,6.829032486166397575e-07
8.784000000000000000e+03,6.827233391959453002e-07
8.785000000000000000e+03,6.826041385465941858e-07
8.786000000000000000e+03,6.824324714216345455e-07
8.787000000000000000e+03,6.825132459198357537e-07
8.788000000000000000e+03,6.823362923569220584e-07
8.789000000000000000e+03,6.822077693868777715e-07
8.790000000000000000e+03,6.821400688750145491e-07
8.791000000000000000e+03,6.820409339525212999e-07
8.792000000000000000e+03,6.819242344136000611e-07
8.793000000000000000e+03,6.818220299464883283e-07
8.794000000000000000e+03,6.817357416366576217e-07
8.795000000000000000e+03,6.816853783675469458e-07
8.796000000000000000e+03,6.815894266765099019e-07
8.797000000000000000e+03,6.815018878114642575e-07
8.798000000000000000e+03,6.813463073740422260e-07
8.799000000000000000e+03,6.812729225202929229e-07
8.800000000000000000e+03,6.810797117395850364e-07
8.801000000000000000e+03,6.809593173784378450e-07
8.802000000000000000e+03,6.808677426306530833e-07
8.803000000000000000e+03,6.806877195231209043e-07
8.804000000000000000e+03,6.806150736338167917e-07
8.805000000000000000e+03,6.803903715990600176e-07
8.806000000000000000e+03,6.803506380492763128e-07
8.807000000000000000e+03,6.801844847359461710e-07
8.808000000000000000e+03,6.800087248848285526e-07
8.809000000000000000e+03,6.799151037739648018e-07
8.810000000000000000e+03,6.797458240725973155e-07
8.811000000000000000e+03,6.796658453822601587e-07
8.812000000000000000e+03,6.795580702601000667e-07
8.813000000000000000e+03,6.794300588808255270e-07
8.814000000000000000e+03,6.792920430598314852e-07
8.815000000000000000e+03,6.791846089981845580e-07
8.816000000000000000e+03,6.790253337385365739e-07
8.817000000000000000e+03,6.789115900573960971e-07
8.818000000000000000e+03,6.787570328015135601e-07
8.819000000000000000e+03,6.786697781535622198e-07
8.820000000000000000e+03,6.785317054891493171e-07
8.821000000000000000e+03,6.783771482332667802e-07
8.822000000000000000e+03,6.782981358810502570e-07
8.823000000000000000e+03,6.781630190744181164e-07
8.824000000000000000e+03,6.780827561669866554e-07
8.825000000000000000e+03,6.780462058486591559e-07
8.826000000000000000e+03,6.779333716622204520e-07
8.827000000000000000e+03,6.777369208066374995e-07
8.828000000000000000e+03,6.778381020922097377e-07
8.829000000000000000e+03,6.776401733077364042e-07
8.830000000000000000e+03,6.774611733817437198e-07
8.831000000000000000e+03,6.773458949282940011e-07
8.832000000000000000e+03,6.771921903236943763e-07
8.833000000000000000e+03,6.770495701857726090e-07
8.834000000000000000e+03,6.769495257685775869e-07
8.835000000000000000e+03,6.767741638213919941e-07
8.836000000000000000e+03,6.766684350623108912e-07
8.837000000000000000e+03,6.765761781934997998e-07
8.838000000000000000e+03,6.764540216863679234e-07
8.839000000000000000e+03,6.763477813365170732e-07
8.840000000000000000e+03,6.761518989151227288e-07
8.841000000000000000e+03,6.760187716281507164e-07
8.842000000000000000e+03,6.758176596122211777e-07
8.843000000000000000e+03,6.756569064236828126e-07
8.844000000000000000e+03,6.755285539838951081e-07
8.845000000000000000e+03,6.753988373020547442e-07
8.846000000000000000e+03,6.752572971890913323e-07
8.847000000000000000e+03,6.749955900886561722e-07
8.848000000000000000e+03,6.750355510121153202e-07
8.849000000000000000e+03,6.748703071934869513e-07
8.850000000000000000e+03,6.746831218151783105e-07
8.851000000000000000e+03,6.745740961378032807e-07
8.852000000000000000e+03,6.744824077031807974e-07
8.853000000000000000e+03,6.741991001035785303e-07
8.854000000000000000e+03,6.739384730281017255e-07
8.855000000000000000e+03,6.737605531270673964e-07
8.856000000000000000e+03,6.736222530889790505e-07
8.857000000000000000e+03,6.735690476489253342e-07
8.858000000000000000e+03,6.734382509421266150e-07
8.859000000000000000e+03,6.732044539603521116e-07
8.860000000000000000e+03,6.731738153575861361e-07
8.861000000000000000e+03,6.730297741341928486e-07
8.862000000000000000e+03,6.728704988745448645e-07
8.863000000000000000e+03,6.726467063344898634e-07
8.864000000000000000e+03,6.724963554916030262e-07
8.865000000000000000e+03,6.723709589095960837e-07
8.866000000000000000e+03,6.721252248098608106e-07
8.867000000000000000e+03,6.720046599184570368e-07
8.868000000000000000e+03,6.718511258441139944e-07
8.869000000000000000e+03,6.717418159496446606e-07
8.870000000000000000e+03,6.716165898978943005e-07
8.871000000000000000e+03,6.714945470776001457e-07
8.872000000000000000e+03,6.713635798405448440e-07
8.873000000000000000e+03,6.724280865455511957e-07
8.874000000000000000e+03,6.712995741509075742e-07
8.875000000000000000e+03,6.711532591907598544e-07
8.876000000000000000e+03,6.709993272124847863e-07
8.877000000000000000e+03,6.708122555210138671e-07
8.878000000000000000e+03,6.705873829560005106e-07
8.879000000000000000e+03,6.709745434818614740e-07
8.880000000000000000e+03,6.704878501295752358e-07
8.881000000000000000e+03,6.701957886434684042e-07
8.882000000000000000e+03,6.699902996842865832e-07
8.883000000000000000e+03,6.696924401694559492e-07
8.884000000000000000e+03,6.695113370369654149e-07
8.885000000000000000e+03,6.694399985462951008e-07
8.886000000000000000e+03,6.692135912089725025e-07
8.887000000000000000e+03,6.691129215141700115e-07
8.888000000000000000e+03,6.689867859677178785e-07
8.889000000000000000e+03,6.688095481877098791e-07
8.890000000000000000e+03,6.691122393931436818e-07
8.891000000000000000e+03,6.686564688607177231e-07
8.892000000000000000e+03,6.683991955469537061e-07
8.893000000000000000e+03,6.682732305307581555e-07
8.894000000000000000e+03,6.680705268991005141e-07
8.895000000000000000e+03,6.679151169919350650e-07
8.896000000000000000e+03,6.677025226053956430e-07
8.897000000000000000e+03,6.675585950688400771e-07
8.898000000000000000e+03,6.674397923234209884e-07
8.899000000000000000e+03,6.672914310001942795e-07
8.900000000000000000e+03,6.672584618172550108e-07
8.901000000000000000e+03,6.671044729955610819e-07
8.902000000000000000e+03,6.669283152405114379e-07
8.903000000000000000e+03,6.667739285148854833e-07
8.904000000000000000e+03,6.666242029496061150e-07
8.905000000000000000e+03,6.664682814516709186e-07
8.906000000000000000e+03,6.663946692242461722e-07
8.907000000000000000e+03,6.663083809144154657e-07
8.908000000000000000e+03,6.662752980446384754e-07
8.909000000000000000e+03,6.661920224360073917e-07
8.910000000000000000e+03,6.660340545749932062e-07
8.911000000000000000e+03,6.660047802142798901e-07
8.912000000000000000e+03,6.659490168203774374e-07
8.913000000000000000e+03,6.658137863269075751e-07
8.914000000000000000e+03,6.657013500444008969e-07
8.915000000000000000e+03,6.656022719653265085e-07
8.916000000000000000e+03,6.655022843915503472e-07
8.917000000000000000e+03,6.653731929873174522e-07
8.918000000000000000e+03,6.651926582890155260e-07
8.919000000000000000e+03,6.649673878200701438e-07
8.920000000000000000e+03,6.648079420301655773e-07
8.921000000000000000e+03,6.646425276812806260e-07
8.922000000000000000e+03,6.644818881795799825e-07
8.923000000000000000e+03,6.643567189712484833e-07
8.924000000000000000e+03,6.641613481406238861e-07
8.925000000000000000e+03,6.640537435487203766e-07
8.926000000000000000e+03,6.639688763243611902e-07
8.927000000000000000e+03,6.638549052695452701e-07
8.928000000000000000e+03,6.638434797423542477e-07
8.929000000000000000e+03,6.637289970967685804e-07
8.930000000000000000e+03,6.636249167968344409e-07
8.931000000000000000e+03,6.635193017245910596e-07
8.932000000000000000e+03,6.633883913309546188e-07
8.933000000000000000e+03,6.638616127929708455e-07
8.934000000000000000e+03,6.633429165958659723e-07
8.935000000000000000e+03,6.632346298829361331e-07
8.936000000000000000e+03,6.631200903939316049e-07
8.937000000000000000e+03,6.628976052525104024e-07
8.938000000000000000e+03,6.626851813962275628e-07
8.939000000000000000e+03,6.626058279834978748e-07
8.940000000000000000e+03,6.622714749937586021e-07
8.941000000000000000e+03,6.622062187489063945e-07
8.942000000000000000e+03,6.620030035264790058e-07
8.943000000000000000e+03,6.619083023906568997e-07
8.944000000000000000e+03,6.617793815166805871e-07
8.945000000000000000e+03,6.616311338802915998e-07
8.946000000000000000e+03,6.614802714466350153e-07
8.947000000000000000e+03,6.612701213271066081e-07
8.948000000000000000e+03,6.611312528548296541e-07
8.949000000000000000e+03,6.609819820369011723e-07
8.950000000000000000e+03,6.608578928535280284e-07
8.951000000000000000e+03,6.607138516301347408e-07
8.952000000000000000e+03,6.605599196518596727e-07
8.953000000000000000e+03,6.603522137993422803e-07
8.954000000000000000e+03,6.601338213840790559e-07
8.955000000000000000e+03,6.600045594495895784e-07
8.956000000000000000e+03,6.597974220312607940e-07
8.957000000000000000e+03,6.597672950192645658e-07
8.958000000000000000e+03,6.595996637770440429e-07
8.959000000000000000e+03,6.595326453862071503e-07
8.960000000000000000e+03,6.594087835765094496e-07
8.961000000000000000e+03,6.593521675313240848e-07
8.962000000000000000e+03,6.591703822778072208e-07
8.963000000000000000e+03,6.590615271306887735e-07
8.964000000000000000e+03,6.589826853087288328e-07
8.965000000000000000e+03,6.588942369489814155e-07
8.966000000000000000e+03,6.587784469047619496e-07
8.967000000000000000e+03,6.586345193682063837e-07
8.968000000000000000e+03,6.584584752999944612e-07
8.969000000000000000e+03,6.582271225852309726e-07
8.970000000000000000e+03,6.579504088222165592e-07
8.971000000000000000e+03,6.580995659533073194e-07
8.972000000000000000e+03,6.578370062015892472e-07
8.973000000000000000e+03,6.576839837180159520e-07
8.974000000000000000e+03,6.575986049028870184e-07
8.975000000000000000e+03,6.574056783392734360e-07
8.976000000000000000e+03,6.571260087184782606e-07
8.977000000000000000e+03,6.569722472704597749e-07
8.978000000000000000e+03,6.567316859218408354e-07
8.979000000000000000e+03,6.566435786226065829e-07
8.980000000000000000e+03,6.565093144672573544e-07
8.981000000000000000e+03,6.563082592947466765e-07
8.982000000000000000e+03,6.560810561495600268e-07
8.983000000000000000e+03,6.557605729540227912e-07
8.984000000000000000e+03,6.558217933161358815e-07
8.985000000000000000e+03,6.556816742886439897e-07
8.986000000000000000e+03,6.556129505952412728e-07
8.987000000000000000e+03,6.553967750733136199e-07
8.988000000000000000e+03,6.552678541993373074e-07
8.989000000000000000e+03,6.551222213602159172e-07
8.990000000000000000e+03,6.550394004989357200e-07
8.991000000000000000e+03,6.549193471983016934e-07
8.992000000000000000e+03,6.546606527990661561e-07
8.993000000000000000e+03,6.546910640281566884e-07
8.994000000000000000e+03,6.545521387124608736e-07
8.995000000000000000e+03,6.543695008076610975e-07
8.996000000000000000e+03,6.542994697156245820e-07
8.997000000000000000e+03,6.541478683175228070e-07
8.998000000000000000e+03,6.539684704875980970e-07
8.999000000000000000e+03,6.537875947287830058e-07
9.000000000000000000e+03,6.535981924571387935e-07
9.001000000000000000e+03,6.534895078402769286e-07
9.002000000000000000e+03,6.533584837598027661e-07
9.003000000000000000e+03,6.532541192427743226e-07
9.004000000000000000e+03,6.531411713694978971e-07
9.005000000000000000e+03,6.529439247060508933e-07
9.006000000000000000e+03,6.528435960717615671e-07
9.007000000000000000e+03,6.526903462145128287e-07
9.008000000000000000e+03,6.525556273118127137e-07
9.009000000000000000e+03,6.524040259137109388e-07
9.010000000000000000e+03,6.522150783894176129e-07
9.011000000000000000e+03,6.520199349324684590e-07
9.012000000000000000e+03,6.518717441394983325e-07
9.013000000000000000e+03,6.516800112876808271e-07
9.014000000000000000e+03,6.515251698147039860e-07
9.015000000000000000e+03,6.513465109492244665e-07
9.016000000000000000e+03,6.511967853839450981e-07
9.017000000000000000e+03,6.511895662697497755e-07
9.018000000000000000e+03,6.511245942419918720e-07
9.019000000000000000e+03,6.510565526696154848e-07
9.020000000000000000e+03,6.509739023385918699e-07
9.021000000000000000e+03,6.508486194434226491e-07
9.022000000000000000e+03,6.506685394924716093e-07
9.023000000000000000e+03,6.503684630843054038e-07
9.024000000000000000e+03,6.506925274152308702e-07
9.025000000000000000e+03,6.502730798274569679e-07
9.026000000000000000e+03,6.500741278614441399e-07
9.027000000000000000e+03,6.499430469375511166e-07
9.028000000000000000e+03,6.499005849036620930e-07
9.029000000000000000e+03,6.498062248283531517e-07
9.030000000000000000e+03,6.497397748717048671e-07
9.031000000000000000e+03,6.496509286080254242e-07
9.032000000000000000e+03,6.495523052763019223e-07
9.033000000000000000e+03,6.493429509646375664e-07
9.034000000000000000e+03,6.493201567536743823e-07
9.035000000000000000e+03,6.492407464975258335e-07
9.036000000000000000e+03,6.491185899903939571e-07
9.037000000000000000e+03,6.490332111752650235e-07
9.038000000000000000e+03,6.489398174380767159e-07
9.039000000000000000e+03,6.488110102509381250e-07
9.040000000000000000e+03,6.487114205810939893e-07
9.041000000000000000e+03,6.486276902251120191e-07
9.042000000000000000e+03,6.485798849098500796e-07
9.043000000000000000e+03,6.485055905613990035e-07
9.044000000000000000e+03,6.484406753770599607e-07
9.045000000000000000e+03,6.483439278781588655e-07
9.046000000000000000e+03,6.482362095994176343e-07
9.047000000000000000e+03,6.480719321189098991e-07
9.048000000000000000e+03,6.479555736405018251e-07
9.049000000000000000e+03,6.478175578195077833e-07
9.050000000000000000e+03,6.477573037955153268e-07
9.051000000000000000e+03,6.476460043813858647e-07
9.052000000000000000e+03,6.475451073129079305e-07
9.053000000000000000e+03,6.474479050666559488e-07
9.054000000000000000e+03,6.473708822340995539e-07
9.055000000000000000e+03,6.472436666626890656e-07
9.056000000000000000e+03,6.472305358329322189e-07
9.057000000000000000e+03,6.471657911788497586e-07
9.058000000000000000e+03,6.470431230809481349e-07
9.059000000000000000e+03,6.469524009844462853e-07
9.060000000000000000e+03,6.468266064985073172e-07
9.061000000000000000e+03,6.467233220064372290e-07
9.062000000000000000e+03,6.465728574767126702e-07
9.063000000000000000e+03,6.464588295784778893e-07
9.064000000000000000e+03,6.462940973506192677e-07
9.065000000000000000e+03,6.461271482294250745e-07
9.066000000000000000e+03,6.459545147663448006e-07
9.067000000000000000e+03,6.457769359258236364e-07
9.068000000000000000e+03,6.455890684264886659e-07
9.069000000000000000e+03,6.454497452068608254e-07
9.070000000000000000e+03,6.453483365476131439e-07
9.071000000000000000e+03,6.451843432841997128e-07
9.072000000000000000e+03,6.451355147873982787e-07
9.073000000000000000e+03,6.450572982430458069e-07
9.074000000000000000e+03,6.450550245062913746e-07
9.075000000000000000e+03,6.449929514928953722e-07
9.076000000000000000e+03,6.449091642934945412e-07
9.077000000000000000e+03,6.447455689340131357e-07
9.078000000000000000e+03,6.446674660764983855e-07
9.079000000000000000e+03,6.445201279348111711e-07
9.080000000000000000e+03,6.447231157835631166e-07
9.081000000000000000e+03,6.444334985644672997e-07
9.082000000000000000e+03,6.443419806601013988e-07
9.083000000000000000e+03,6.442613198487379123e-07
9.084000000000000000e+03,6.441935056500369683e-07
9.085000000000000000e+03,6.441361506404064130e-07
9.086000000000000000e+03,6.440076845137809869e-07
9.087000000000000000e+03,6.439077537834236864e-07
9.088000000000000000e+03,6.437999786612635944e-07
9.089000000000000000e+03,6.436921466956846416e-07
9.090000000000000000e+03,6.435723776121449191e-07
9.091000000000000000e+03,6.434219130824203603e-07
9.092000000000000000e+03,6.433640464820200577e-07
9.093000000000000000e+03,6.432493933061778080e-07
9.094000000000000000e+03,6.432485974983137567e-07
9.095000000000000000e+03,6.431802148654242046e-07
9.096000000000000000e+03,6.430921644096088130e-07
9.097000000000000000e+03,6.430098551390983630e-07
9.098000000000000000e+03,6.428662686630559620e-07
9.099000000000000000e+03,6.427636094485933427e-07
9.100000000000000000e+03,6.426499226108717266e-07
9.101000000000000000e+03,6.425617016247997526e-07
9.102000000000000000e+03,6.424772891477914527e-07
9.103000000000000000e+03,6.424194225473911501e-07
9.104000000000000000e+03,6.422725391530548222e-07
9.105000000000000000e+03,6.422797582672501449e-07
9.106000000000000000e+03,6.421734610739804339e-07
9.107000000000000000e+03,6.420789304684149101e-07
9.108000000000000000e+03,6.419297733373241499e-07
9.109000000000000000e+03,6.418193834178964607e-07
9.110000000000000000e+03,6.417251938728441019e-07
9.111000000000000000e+03,6.416772748707444407e-07
9.112000000000000000e+03,6.415737630049989093e-07
9.113000000000000000e+03,6.414966833290236536e-07
9.114000000000000000e+03,6.413768005586462095e-07
9.115000000000000000e+03,6.411973458853026386e-07
9.116000000000000000e+03,6.410574542314861901e-07
9.117000000000000000e+03,6.409861157408158761e-07
9.118000000000000000e+03,6.409176762645074632e-07
9.119000000000000000e+03,6.408097306120907888e-07
9.120000000000000000e+03,6.406610850717697758e-07
9.121000000000000000e+03,6.406212946785672102e-07
9.122000000000000000e+03,6.404809482773998752e-07
9.123000000000000000e+03,6.402530630111868959e-07
9.124000000000000000e+03,6.402064514077210333e-07
9.125000000000000000e+03,6.399809535651002079e-07
9.126000000000000000e+03,6.399329208761628252e-07
9.127000000000000000e+03,6.398311711564019788e-07
9.128000000000000000e+03,6.398163918674981687e-07
9.129000000000000000e+03,6.396616072379401885e-07
9.130000000000000000e+03,6.395950435944541823e-07
9.131000000000000000e+03,6.394971023837570101e-07
9.132000000000000000e+03,6.393933063009171747e-07
9.133000000000000000e+03,6.394300839929201175e-07
9.134000000000000000e+03,6.392963882717594970e-07
9.135000000000000000e+03,6.391858278220752254e-07
9.136000000000000000e+03,6.391121019078127574e-07
9.137000000000000000e+03,6.390019393620605115e-07
9.138000000000000000e+03,6.388825113390339538e-07
9.139000000000000000e+03,6.387673465724219568e-07
9.140000000000000000e+03,6.386085260601248592e-07
9.141000000000000000e+03,6.385176334333664272e-07
9.142000000000000000e+03,6.384054813679540530e-07
9.143000000000000000e+03,6.382159654094721191e-07
9.144000000000000000e+03,6.381063712979084812e-07
9.145000000000000000e+03,6.379056003424921073e-07
9.146000000000000000e+03,6.380153649843123276e-07
9.147000000000000000e+03,6.378056127687159460e-07
9.148000000000000000e+03,6.376328656187979504e-07
9.149000000000000000e+03,6.373495580191956833e-07
9.150000000000000000e+03,6.372335406013007741e-07
9.151000000000000000e+03,6.370043479364539962e-07
9.152000000000000000e+03,6.369212428580794949e-07
9.153000000000000000e+03,6.367754963321203832e-07
9.154000000000000000e+03,6.367319542732730042e-07
9.155000000000000000e+03,6.365464741975301877e-07
9.156000000000000000e+03,6.364293199112580623e-07
9.157000000000000000e+03,6.363032412082247902e-07
9.158000000000000000e+03,6.361439659485768061e-07
9.159000000000000000e+03,6.359520057230838574e-07
9.160000000000000000e+03,6.359364874697348569e-07
9.161000000000000000e+03,6.358385462590376846e-07
9.162000000000000000e+03,6.357319648486736696e-07
9.163000000000000000e+03,6.355551818160165567e-07
9.164000000000000000e+03,6.355518280543037690e-07
9.165000000000000000e+03,6.355018626891251188e-07
9.166000000000000000e+03,6.354036941047525033e-07
9.167000000000000000e+03,6.352346417770604603e-07
9.168000000000000000e+03,6.350793455567327328e-07
9.169000000000000000e+03,6.348185479509993456e-07
9.170000000000000000e+03,6.347642624859872740e-07
9.171000000000000000e+03,6.345541123664588667e-07
9.172000000000000000e+03,6.344528173940489069e-07
9.173000000000000000e+03,6.342891083477297798e-07
9.174000000000000000e+03,6.341277298815839458e-07
9.175000000000000000e+03,6.340242748592572752e-07
9.176000000000000000e+03,6.339444098557578400e-07
9.177000000000000000e+03,6.338799494187696837e-07
9.178000000000000000e+03,6.338241860248672310e-07
9.179000000000000000e+03,6.337361355690518394e-07
9.180000000000000000e+03,6.335740181384608150e-07
9.181000000000000000e+03,6.333690407700487413e-07
9.182000000000000000e+03,6.346816121549636591e-07
9.183000000000000000e+03,6.333100373012712225e-07
9.184000000000000000e+03,6.330867563519859686e-07
9.185000000000000000e+03,6.329277653094322886e-07
9.186000000000000000e+03,6.327514938675449230e-07
9.187000000000000000e+03,6.327154551399871707e-07
9.188000000000000000e+03,6.325347499114286620e-07
9.189000000000000000e+03,6.324244168354198337e-07
9.190000000000000000e+03,6.322970875771716237e-07
9.191000000000000000e+03,6.323758725557127036e-07
9.192000000000000000e+03,6.322393346636090428e-07
9.193000000000000000e+03,6.321049568214220926e-07
9.194000000000000000e+03,6.319065732895978726e-07
9.195000000000000000e+03,6.317453085102897603e-07
9.196000000000000000e+03,6.316265626082895324e-07
9.197000000000000000e+03,6.315004839052562602e-07
9.198000000000000000e+03,6.313701419458084274e-07
9.199000000000000000e+03,6.312477012215822469e-07
9.200000000000000000e+03,6.311532843028544448e-07
9.201000000000000000e+03,6.309496143330761697e-07
9.202000000000000000e+03,6.307656690296425950e-07
9.203000000000000000e+03,6.310543767540366389e-07
9.204000000000000000e+03,6.306711384240770712e-07
9.205000000000000000e+03,6.304856583483342547e-07
9.206000000000000000e+03,6.303544068941846490e-07
9.207000000000000000e+03,6.301131065811205190e-07
9.208000000000000000e+03,6.299721349023457151e-07
9.209000000000000000e+03,6.297657364484621212e-07
9.210000000000000000e+03,6.295865659922128543e-07
9.211000000000000000e+03,6.294513354987429921e-07
9.212000000000000000e+03,6.291534759839123581e-07
9.213000000000000000e+03,6.303354780357039999e-07
9.214000000000000000e+03,6.290808300946082454e-07
9.215000000000000000e+03,6.288814802246633917e-07
9.216000000000000000e+03,6.287419296313601080e-07
9.217000000000000000e+03,6.285073936851404142e-07
9.218000000000000000e+03,6.283058837652788498e-07
9.219000000000000000e+03,6.280576485551137011e-07
9.220000000000000000e+03,6.278335149545455351e-07
9.221000000000000000e+03,6.278947353166586254e-07
9.222000000000000000e+03,6.277747957028623205e-07
9.223000000000000000e+03,6.276878252720052842e-07
9.224000000000000000e+03,6.275776627262530383e-07
9.225000000000000000e+03,6.273899657571746502e-07
9.226000000000000000e+03,6.271878305597056169e-07
9.227000000000000000e+03,6.269165169214829803e-07
9.228000000000000000e+03,6.268416541388432961e-07
9.229000000000000000e+03,6.266687933020875789e-07
9.230000000000000000e+03,6.266363357099180575e-07
9.231000000000000000e+03,6.264896796892571729e-07
9.232000000000000000e+03,6.263741170187131502e-07
9.233000000000000000e+03,6.262676492951868568e-07
9.234000000000000000e+03,6.261926159822905902e-07
9.235000000000000000e+03,6.261204248403373640e-07
9.236000000000000000e+03,6.260588065742922481e-07
9.237000000000000000e+03,6.258944154069467913e-07
9.238000000000000000e+03,6.256687470340693835e-07
9.239000000000000000e+03,6.256585152186744381e-07
9.240000000000000000e+03,6.255184530346014071e-07
9.241000000000000000e+03,6.252804496398312040e-07
9.242000000000000000e+03,6.249845796446606982e-07
9.243000000000000000e+03,6.248295107980084140e-07
9.244000000000000000e+03,6.247058763619861566e-07
9.245000000000000000e+03,6.245521149139676709e-07
9.246000000000000000e+03,6.244907808650168590e-07
9.247000000000000000e+03,6.243774919312272687e-07
9.248000000000000000e+03,6.241367600523517467e-07
9.249000000000000000e+03,6.240107950361561961e-07
9.250000000000000000e+03,6.238012701942352578e-07
9.251000000000000000e+03,6.236482477106619626e-07
9.252000000000000000e+03,6.234128022697404958e-07
9.253000000000000000e+03,6.232908162928652018e-07
9.254000000000000000e+03,6.230549161045928486e-07
9.255000000000000000e+03,6.229489599718363024e-07
9.256000000000000000e+03,6.228255529094894882e-07
9.257000000000000000e+03,6.226705409062560648e-07
9.258000000000000000e+03,6.224189519343781285e-07
9.259000000000000000e+03,6.227376729839306790e-07
9.260000000000000000e+03,6.223024229257134721e-07
9.261000000000000000e+03,6.221216040103172418e-07
9.262000000000000000e+03,6.219517558747611474e-07
9.263000000000000000e+03,6.218344879016513005e-07
9.264000000000000000e+03,6.216957899596309289e-07
9.265000000000000000e+03,6.215514645191433374e-07
9.266000000000000000e+03,6.214640393409354147e-07
9.267000000000000000e+03,6.212836183294712100e-07
9.268000000000000000e+03,6.210828473740548361e-07
9.269000000000000000e+03,6.218909334165800828e-07
9.270000000000000000e+03,6.209907041920814663e-07
9.271000000000000000e+03,6.208030640664219391e-07
9.272000000000000000e+03,6.206436751199362334e-07
9.273000000000000000e+03,6.205535214576229919e-07
9.274000000000000000e+03,6.204458031788817607e-07
9.275000000000000000e+03,6.202288886925089173e-07
9.276000000000000000e+03,6.200841653480893001e-07
9.277000000000000000e+03,6.198934556778112892e-07
9.278000000000000000e+03,6.197843731570173986e-07
9.279000000000000000e+03,6.196810318215284497e-07
9.280000000000000000e+03,6.195798505359562114e-07
9.281000000000000000e+03,6.194556476657453459e-07
9.282000000000000000e+03,6.192341288624447770e-07
9.283000000000000000e+03,6.190981025611108635e-07
9.284000000000000000e+03,6.190225576574448496e-07
9.285000000000000000e+03,6.188108727656072006e-07
9.286000000000000000e+03,6.187503345245204400e-07
9.287000000000000000e+03,6.186571113175887149e-07
9.288000000000000000e+03,6.185424581417464651e-07
9.289000000000000000e+03,6.185194934005266987e-07
9.290000000000000000e+03,6.184483822835318279e-07
9.291000000000000000e+03,6.182702350088220555e-07
9.292000000000000000e+03,6.179889737722987775e-07
9.293000000000000000e+03,6.178473199724976439e-07
9.294000000000000000e+03,6.175592375257110689e-07
9.295000000000000000e+03,6.171919153530325275e-07
9.296000000000000000e+03,6.168882578094780911e-07
9.297000000000000000e+03,6.166555976960808039e-07
9.298000000000000000e+03,6.164958676890819333e-07
9.299000000000000000e+03,6.163274406389973592e-07
9.300000000000000000e+03,6.160889824968762696e-07
9.301000000000000000e+03,6.158676342238322832e-07
9.302000000000000000e+03,6.158096539365942590e-07
9.303000000000000000e+03,6.156346330499218311e-07
9.304000000000000000e+03,6.155373739602509886e-07
9.305000000000000000e+03,6.153555318633152638e-07
9.306000000000000000e+03,6.151756792860396672e-07
9.307000000000000000e+03,6.148945317363541108e-07
9.308000000000000000e+03,6.147345743556797970e-07
9.309000000000000000e+03,6.145599513729393948e-07
9.310000000000000000e+03,6.144597364254877903e-07
9.311000000000000000e+03,6.143420705484459177e-07
9.312000000000000000e+03,6.139398465165868402e-07
9.313000000000000000e+03,6.136539241197169758e-07
9.314000000000000000e+03,6.135184094091528095e-07
9.315000000000000000e+03,6.133507781669322867e-07
9.316000000000000000e+03,6.132721068752289284e-07
9.317000000000000000e+03,6.131221539362741169e-07
9.318000000000000000e+03,6.128431095930864103e-07
9.319000000000000000e+03,6.129321263870224357e-07
9.320000000000000000e+03,6.126583116383699235e-07
9.321000000000000000e+03,6.123736397967149969e-07
9.322000000000000000e+03,6.122104991845844779e-07
9.323000000000000000e+03,6.120843636381323449e-07
9.324000000000000000e+03,6.121013029769528657e-07
9.325000000000000000e+03,6.120290549915807787e-07
9.326000000000000000e+03,6.119550448602240067e-07
9.327000000000000000e+03,6.118834789958782494e-07
9.328000000000000000e+03,6.117688826634548604e-07
9.329000000000000000e+03,6.115685096119705122e-07
9.330000000000000000e+03,6.112790629231312778e-07
9.331000000000000000e+03,6.114299253567878623e-07
9.332000000000000000e+03,6.111594643698481377e-07
9.333000000000000000e+03,6.109764285611163359e-07
9.334000000000000000e+03,6.108866159593162593e-07
9.335000000000000000e+03,6.107954959588823840e-07
9.336000000000000000e+03,6.107313765824073926e-07
9.337000000000000000e+03,6.106028536123631056e-07
9.338000000000000000e+03,6.104573344600794371e-07
9.339000000000000000e+03,6.103401233303884510e-07
9.340000000000000000e+03,6.101844292061286978e-07
9.341000000000000000e+03,6.100177074586099479e-07
9.342000000000000000e+03,6.098982225921645295e-07
9.343000000000000000e+03,6.098087510508776177e-07
9.344000000000000000e+03,6.096598781368811615e-07
9.345000000000000000e+03,6.100178211454476696e-07
9.346000000000000000e+03,6.095831963648379315e-07
9.347000000000000000e+03,6.094275022405781783e-07
9.348000000000000000e+03,6.093035267440427560e-07
9.349000000000000000e+03,6.091281079534383025e-07
9.350000000000000000e+03,6.089404109843599144e-07
9.351000000000000000e+03,6.087784640840254724e-07
9.352000000000000000e+03,6.085938935029844288e-07
9.353000000000000000e+03,6.083607786422362551e-07
9.354000000000000000e+03,6.081110655031807255e-07
9.355000000000000000e+03,6.079099534872511867e-07
9.356000000000000000e+03,6.077334546716883779e-07
9.357000000000000000e+03,6.076009526623238344e-07
9.358000000000000000e+03,6.074127441024756990e-07
9.359000000000000000e+03,6.074204179640219081e-07
9.360000000000000000e+03,6.072774567655869760e-07
9.361000000000000000e+03,6.070964104765153024e-07
9.362000000000000000e+03,6.069861910873441957e-07
9.363000000000000000e+03,6.068574975870433263e-07
9.364000000000000000e+03,6.066439937058021314e-07
9.365000000000000000e+03,6.064374247216619551e-07
9.366000000000000000e+03,6.062348916202608962e-07
9.367000000000000000e+03,6.060897703719092533e-07
9.368000000000000000e+03,6.059045745132607408e-07
9.369000000000000000e+03,6.057408654669416137e-07
9.370000000000000000e+03,6.053934384908643551e-07
9.371000000000000000e+03,6.058014037080283742e-07
9.372000000000000000e+03,6.052987941984611098e-07
9.373000000000000000e+03,6.051621426195197273e-07
9.374000000000000000e+03,6.050656793377129361e-07
9.375000000000000000e+03,6.049792204976256471e-07
9.376000000000000000e+03,6.047847023182839621e-07
9.377000000000000000e+03,6.046014959792955779e-07
9.378000000000000000e+03,6.043778739694971591e-07
9.379000000000000000e+03,6.043047733328421600e-07
9.380000000000000000e+03,6.042102427272766363e-07
9.381000000000000000e+03,6.041742039997188840e-07
9.382000000000000000e+03,6.040858124833903275e-07
9.383000000000000000e+03,6.039987283656955697e-07
9.384000000000000000e+03,6.039106210664613172e-07
9.385000000000000000e+03,6.037346906850871164e-07
9.386000000000000000e+03,6.036154331923171412e-07
9.387000000000000000e+03,6.034583748260047287e-07
9.388000000000000000e+03,6.033543513694894500e-07
9.389000000000000000e+03,6.032240094100416172e-07
9.390000000000000000e+03,6.030969075254688505e-07
9.391000000000000000e+03,6.030326744621561375e-07
9.392000000000000000e+03,6.029114842931448948e-07
9.393000000000000000e+03,6.028136567692854442e-07
9.394000000000000000e+03,6.027032668498577550e-07
9.395000000000000000e+03,6.025331344972073566e-07
9.396000000000000000e+03,6.024596359566203319e-07
9.397000000000000000e+03,6.022538059369253460e-07
9.398000000000000000e+03,6.021824674462550320e-07
9.399000000000000000e+03,6.020875389367574826e-07
9.400000000000000000e+03,6.020039222676132340e-07
9.401000000000000000e+03,6.018643716743099503e-07
9.402000000000000000e+03,6.017551754666783381e-07
9.403000000000000000e+03,6.015971507622452918e-07
9.404000000000000000e+03,6.014727773617778439e-07
9.405000000000000000e+03,6.012398898747051135e-07
9.406000000000000000e+03,6.010833430991624482e-07
9.407000000000000000e+03,6.009184971844661050e-07
9.408000000000000000e+03,6.008227160236856434e-07
9.409000000000000000e+03,6.006803801028581802e-07
9.410000000000000000e+03,6.006824264659371693e-07
9.411000000000000000e+03,6.005536761222174391e-07
9.412000000000000000e+03,6.003763246553717181e-07
9.413000000000000000e+03,6.002762233947578352e-07
9.414000000000000000e+03,6.001719157211482525e-07
9.415000000000000000e+03,6.001511678732640576e-07
9.416000000000000000e+03,5.999956442792608868e-07
9.417000000000000000e+03,5.998971346343751065e-07
9.418000000000000000e+03,5.998020924380398355e-07
9.419000000000000000e+03,5.996877803227107506e-07
9.420000000000000000e+03,5.995955234538996592e-07
9.421000000000000000e+03,5.994633625050482806e-07
9.422000000000000000e+03,5.993981631036149338e-07
9.423000000000000000e+03,5.992444016555964481e-07
9.424000000000000000e+03,5.990587510495970491e-07
9.425000000000000000e+03,5.990181080051115714e-07
9.426000000000000000e+03,5.987707254462293349e-07
9.427000000000000000e+03,5.986814244351990055e-07
9.428000000000000000e+03,5.986217388453951571e-07
9.429000000000000000e+03,5.985794473417627160e-07
9.430000000000000000e+03,5.984703079775499646e-07
9.431000000000000000e+03,5.983796995678858366e-07
9.432000000000000000e+03,5.982544735161354765e-07
9.433000000000000000e+03,5.981939352750487160e-07
9.434000000000000000e+03,5.981281674394267611e-07
9.435000000000000000e+03,5.981786443953751586e-07
9.436000000000000000e+03,5.980938908578536939e-07
9.437000000000000000e+03,5.980731998533883598e-07
9.438000000000000000e+03,5.979574666525877547e-07
9.439000000000000000e+03,5.979147772450232878e-07
9.440000000000000000e+03,5.977881869512202684e-07
9.441000000000000000e+03,5.976421562081668526e-07
9.442000000000000000e+03,5.975733188279264141e-07
9.443000000000000000e+03,5.973913062007341068e-07
9.444000000000000000e+03,5.972894996375543997e-07
9.445000000000000000e+03,5.971955374661774840e-07
9.446000000000000000e+03,5.970844085823046044e-07
9.447000000000000000e+03,5.969768608338199556e-07
9.448000000000000000e+03,5.968502705400169361e-07
9.449000000000000000e+03,5.965706577626406215e-07
9.450000000000000000e+03,5.964428169136226643e-07
9.451000000000000000e+03,5.963041189716022927e-07
9.452000000000000000e+03,5.962394311609386932e-07
9.453000000000000000e+03,5.961468332316144370e-07
9.454000000000000000e+03,5.960307021268818062e-07
9.455000000000000000e+03,5.959989266557386145e-07
9.456000000000000000e+03,5.957583653071196750e-07
9.457000000000000000e+03,5.956713380328437779e-07
9.458000000000000000e+03,5.955462825113500003e-07
9.459000000000000000e+03,5.953994559604325332e-07
9.460000000000000000e+03,5.951965249550994486e-07
9.461000000000000000e+03,5.952694550614978652e-07
9.462000000000000000e+03,5.950896024842222687e-07
9.463000000000000000e+03,5.949527235316054430e-07
9.464000000000000000e+03,5.948311923020810355e-07
9.465000000000000000e+03,5.947343311163422186e-07
9.466000000000000000e+03,5.945582302047114354e-07
9.467000000000000000e+03,5.944283429926144890e-07
9.468000000000000000e+03,5.943683163422974758e-07
9.469000000000000000e+03,5.942308121120731812e-07
9.470000000000000000e+03,5.941499239270342514e-07
9.471000000000000000e+03,5.939377842878457159e-07
9.472000000000000000e+03,5.938520075687847566e-07
9.473000000000000000e+03,5.937278046985738911e-07
9.474000000000000000e+03,5.936313414167670999e-07
9.475000000000000000e+03,5.935571607551537454e-07
9.476000000000000000e+03,5.934209639235632494e-07
9.477000000000000000e+03,5.933799229751457460e-07
9.478000000000000000e+03,5.931747750764770899e-07
9.479000000000000000e+03,5.931099735789757688e-07
9.480000000000000000e+03,5.929890107836399693e-07
9.481000000000000000e+03,5.927769848312891554e-07
9.482000000000000000e+03,5.932508315709128510e-07
9.483000000000000000e+03,5.927024631091626361e-07
9.484000000000000000e+03,5.925376740378851537e-07
9.485000000000000000e+03,5.923928938500466757e-07
9.486000000000000000e+03,5.922677246417151764e-07
9.487000000000000000e+03,5.921714887335838284e-07
9.488000000000000000e+03,5.920812213844328653e-07
9.489000000000000000e+03,5.919789032304834109e-07
9.490000000000000000e+03,5.919176260249514598e-07
9.491000000000000000e+03,5.918264491810987238e-07
9.492000000000000000e+03,5.917201519878290128e-07
9.493000000000000000e+03,5.916068630540394224e-07
9.494000000000000000e+03,5.914917551308462862e-07
9.495000000000000000e+03,5.913848895033879671e-07
9.496000000000000000e+03,5.911660423407738563e-07
9.497000000000000000e+03,5.910636673434055410e-07
9.498000000000000000e+03,5.908901812290423550e-07
9.499000000000000000e+03,5.907876357014174573e-07
9.500000000000000000e+03,5.907039053454354871e-07
9.501000000000000000e+03,5.908416369493352249e-07
9.502000000000000000e+03,5.906379101361380890e-07
9.503000000000000000e+03,5.905434932174102869e-07
9.504000000000000000e+03,5.904403224121779203e-07
9.505000000000000000e+03,5.902468842577945907e-07
9.506000000000000000e+03,5.902602424612268806e-07
9.507000000000000000e+03,5.901569579691567924e-07
9.508000000000000000e+03,5.900218411625246517e-07
9.509000000000000000e+03,5.899072448301012628e-07
9.510000000000000000e+03,5.897497885598568246e-07
9.511000000000000000e+03,5.895896038055070676e-07
9.512000000000000000e+03,5.893928118894109502e-07
9.513000000000000000e+03,5.892633225812460296e-07
9.514000000000000000e+03,5.890677812203648500e-07
9.515000000000000000e+03,5.889490921617834829e-07
9.516000000000000000e+03,5.888334158044017386e-07
9.517000000000000000e+03,5.886886356165632606e-07
9.518000000000000000e+03,5.885244149794743862e-07
9.519000000000000000e+03,5.883474614165606909e-07
9.520000000000000000e+03,5.882112077415513340e-07
9.521000000000000000e+03,5.880085041098936927e-07
9.522000000000000000e+03,5.878677598047943320e-07
9.523000000000000000e+03,5.877230933037935756e-07
9.524000000000000000e+03,5.876602813259523828e-07
9.525000000000000000e+03,5.875414785805332940e-07
9.526000000000000000e+03,5.873843065273831598e-07
9.527000000000000000e+03,5.872194606126868166e-07
9.528000000000000000e+03,5.870514314665342681e-07
9.529000000000000000e+03,5.869101755706651602e-07
9.530000000000000000e+03,5.867910317647329066e-07
9.531000000000000000e+03,5.866487526873243041e-07
9.532000000000000000e+03,5.865387038284097798e-07
9.533000000000000000e+03,5.864613967787590809e-07
9.534000000000000000e+03,5.863251431037497241e-07
9.535000000000000000e+03,5.862032139702932909e-07
9.536000000000000000e+03,5.859544671693583950e-07
9.537000000000000000e+03,5.862617058483010624e-07
9.538000000000000000e+03,5.858587996954156552e-07
9.539000000000000000e+03,5.856808229509624653e-07
9.540000000000000000e+03,5.855156359757529572e-07
9.541000000000000000e+03,5.853540869793505408e-07
9.542000000000000000e+03,5.852198228240013123e-07
9.543000000000000000e+03,5.850612865287985187e-07
9.544000000000000000e+03,5.849196327289973851e-07
9.545000000000000000e+03,5.848565933774807490e-07
9.546000000000000000e+03,5.846370072504214477e-07
9.547000000000000000e+03,5.856253437741543166e-07
9.548000000000000000e+03,5.846208637194649782e-07
9.549000000000000000e+03,5.845471946486213710e-07
9.550000000000000000e+03,5.845045620844757650e-07
9.551000000000000000e+03,5.844369752594502643e-07
9.552000000000000000e+03,5.843795065629819874e-07
9.553000000000000000e+03,5.842790642418549396e-07
9.554000000000000000e+03,5.841768597747432068e-07
9.555000000000000000e+03,5.840929020450857934e-07
9.556000000000000000e+03,5.839950176778074820e-07
9.557000000000000000e+03,5.838466563545807730e-07
9.558000000000000000e+03,5.844679549227294046e-07
9.559000000000000000e+03,5.837993626300885808e-07
9.560000000000000000e+03,5.836794230162922759e-07
9.561000000000000000e+03,5.835918841512466315e-07
9.562000000000000000e+03,5.835385081809363328e-07
9.563000000000000000e+03,5.835248089169908781e-07
9.564000000000000000e+03,5.834740477439481765e-07
9.565000000000000000e+03,5.834009471072931774e-07
9.566000000000000000e+03,5.833166483171225991e-07
9.567000000000000000e+03,5.832316674059256911e-07
9.568000000000000000e+03,5.831256544297502842e-07
9.569000000000000000e+03,5.831683438373147510e-07
9.570000000000000000e+03,5.830948452967277262e-07
9.571000000000000000e+03,5.830197551404125988e-07
9.572000000000000000e+03,5.829780320709687658e-07
9.573000000000000000e+03,5.828778171235171612e-07
9.574000000000000000e+03,5.827765221511072014e-07
9.575000000000000000e+03,5.828130724694347009e-07
9.576000000000000000e+03,5.826827305099868681e-07
9.577000000000000000e+03,5.825355628985562362e-07
9.578000000000000000e+03,5.823862920806277543e-07
9.579000000000000000e+03,5.822114985676307697e-07
9.580000000000000000e+03,5.819552484354062472e-07
9.581000000000000000e+03,5.823458195663988590e-07
9.582000000000000000e+03,5.818644694954855368e-07
9.583000000000000000e+03,5.817389023832220118e-07
9.584000000000000000e+03,5.816784778289729729e-07
9.585000000000000000e+03,5.815479084958496969e-07
9.586000000000000000e+03,5.813791403852519579e-07
9.587000000000000000e+03,5.814025030304037500e-07
9.588000000000000000e+03,5.812983658870507497e-07
9.589000000000000000e+03,5.811719461235043127e-07
9.590000000000000000e+03,5.810169909636897501e-07
9.591000000000000000e+03,5.809004619550250936e-07
9.592000000000000000e+03,5.807063416796154343e-07
9.593000000000000000e+03,5.807423235637543257e-07
9.594000000000000000e+03,5.806223271065391600e-07
9.595000000000000000e+03,5.805120508739491925e-07
9.596000000000000000e+03,5.804262173114693724e-07
9.597000000000000000e+03,5.802801865684159566e-07
9.598000000000000000e+03,5.801662723570188973e-07
9.599000000000000000e+03,5.800125109090004116e-07
9.600000000000000000e+03,5.799251994176302105e-07
9.601000000000000000e+03,5.798195275019679684e-07
9.602000000000000000e+03,5.797098197035666090e-07
9.603000000000000000e+03,5.798125357614480890e-07
9.604000000000000000e+03,5.796290452053654008e-07
9.605000000000000000e+03,5.794168487227580044e-07
9.606000000000000000e+03,5.793135642306879163e-07
9.607000000000000000e+03,5.791735588900337461e-07
9.608000000000000000e+03,5.791650323772046249e-07
9.609000000000000000e+03,5.790108161818352528e-07
9.610000000000000000e+03,5.789215151708049234e-07
9.611000000000000000e+03,5.788281782770354766e-07
9.612000000000000000e+03,5.787508143839659169e-07
9.613000000000000000e+03,5.785942676084232517e-07
9.614000000000000000e+03,5.786721999356814194e-07
9.615000000000000000e+03,5.784855261481425259e-07
9.616000000000000000e+03,5.784112317996914499e-07
9.617000000000000000e+03,5.783076630905270576e-07
9.618000000000000000e+03,5.781454888165171724e-07
9.619000000000000000e+03,5.781791401204827707e-07
9.620000000000000000e+03,5.780355536444403697e-07
9.621000000000000000e+03,5.778321110483375378e-07
9.622000000000000000e+03,5.776568059445708059e-07
9.623000000000000000e+03,5.774866735919204075e-07
9.624000000000000000e+03,5.774533633484679740e-07
9.625000000000000000e+03,5.773184739155112766e-07
9.626000000000000000e+03,5.772600957243412267e-07
9.627000000000000000e+03,5.772009217253071256e-07
9.628000000000000000e+03,5.771511268903850578e-07
9.629000000000000000e+03,5.770608595412340946e-07
9.630000000000000000e+03,5.769470021732558962e-07
9.631000000000000000e+03,5.768775963588268496e-07
9.632000000000000000e+03,5.766971753473626450e-07
9.633000000000000000e+03,5.765722903561254498e-07
9.634000000000000000e+03,5.764439947597566061e-07
9.635000000000000000e+03,5.762943828813149594e-07
9.636000000000000000e+03,5.761795023317972664e-07
9.637000000000000000e+03,5.760286967415595427e-07
9.638000000000000000e+03,5.758590191362600308e-07
9.639000000000000000e+03,5.757384542448562570e-07
9.640000000000000000e+03,5.755957204200967681e-07
9.641000000000000000e+03,5.755317715738783590e-07
9.642000000000000000e+03,5.754464496021682862e-07
9.643000000000000000e+03,5.753141749664791860e-07
9.644000000000000000e+03,5.752500555900041945e-07
9.645000000000000000e+03,5.750804916715424042e-07
9.646000000000000000e+03,5.750158607042976655e-07
9.647000000000000000e+03,5.748426588070287835e-07
9.648000000000000000e+03,5.747414206780376844e-07
9.649000000000000000e+03,5.746038596043945290e-07
9.650000000000000000e+03,5.745402518186892848e-07
9.651000000000000000e+03,5.744275881625071634e-07
9.652000000000000000e+03,5.743002589042589534e-07
9.653000000000000000e+03,5.741682684856641572e-07
9.654000000000000000e+03,5.740706683354801498e-07
9.655000000000000000e+03,5.739542530136532150e-07
9.656000000000000000e+03,5.738028221458080225e-07
9.657000000000000000e+03,5.736558819080528338e-07
9.658000000000000000e+03,5.734951287195144687e-07
9.659000000000000000e+03,5.733925831918895710e-07
9.660000000000000000e+03,5.733126045015524141e-07
9.661000000000000000e+03,5.731426995225774590e-07
9.662000000000000000e+03,5.730242378376715351e-07
9.663000000000000000e+03,5.728869041377038229e-07
9.664000000000000000e+03,5.728605856347712688e-07
9.665000000000000000e+03,5.727136453970160801e-07
9.666000000000000000e+03,5.724992888644919731e-07
9.667000000000000000e+03,5.723491085518617183e-07
9.668000000000000000e+03,5.727530947297054809e-07
9.669000000000000000e+03,5.722792479900817852e-07
9.670000000000000000e+03,5.722063747271022294e-07
9.671000000000000000e+03,5.721376510336995125e-07
9.672000000000000000e+03,5.720688704968779348e-07
9.673000000000000000e+03,5.719824685002095066e-07
9.674000000000000000e+03,5.719223281630547717e-07
9.675000000000000000e+03,5.718652573705185205e-07
9.676000000000000000e+03,5.717961926166026387e-07
9.677000000000000000e+03,5.717229214496910572e-07
9.678000000000000000e+03,5.716011628464912064e-07
9.679000000000000000e+03,5.717459998777485453e-07
9.680000000000000000e+03,5.715673978556878865e-07
9.681000000000000000e+03,5.714875896956073120e-07
9.682000000000000000e+03,5.714242092835775111e-07
9.683000000000000000e+03,5.713507675864093471e-07
9.684000000000000000e+03,5.712348638553521596e-07
9.685000000000000000e+03,5.710269306291593239e-07
9.686000000000000000e+03,5.713978907806449570e-07
9.687000000000000000e+03,5.709425749955698848e-07
9.688000000000000000e+03,5.708265007342561148e-07
9.689000000000000000e+03,5.707743753191607539e-07
9.690000000000000000e+03,5.707096306650782935e-07
9.691000000000000000e+03,5.706131673832715023e-07
9.692000000000000000e+03,5.704798127226240467e-07
9.693000000000000000e+03,5.703782903765386436e-07
9.694000000000000000e+03,5.702488010683737230e-07
9.695000000000000000e+03,5.701890017917321529e-07
9.696000000000000000e+03,5.701024292648071423e-07
9.697000000000000000e+03,5.700021574739366770e-07
9.698000000000000000e+03,5.699681082660390530e-07
9.699000000000000000e+03,5.699145617654721718e-07
9.700000000000000000e+03,5.698539098375476897e-07
9.701000000000000000e+03,5.697888809663709253e-07
9.702000000000000000e+03,5.696978746527747717e-07
9.703000000000000000e+03,5.696332436855300330e-07
9.704000000000000000e+03,5.695613936040899716e-07
9.705000000000000000e+03,5.694764695363119245e-07
9.706000000000000000e+03,5.693622142644017003e-07
9.707000000000000000e+03,5.692513695976231247e-07
9.708000000000000000e+03,5.691779847438738216e-07
9.709000000000000000e+03,5.690253601642325521e-07
9.710000000000000000e+03,5.688448254659306258e-07
9.711000000000000000e+03,5.687012389898882248e-07
9.712000000000000000e+03,5.685400878974178340e-07
9.713000000000000000e+03,5.684091206603625324e-07
9.714000000000000000e+03,5.682828714270726778e-07
9.715000000000000000e+03,5.681472998730896506e-07
9.716000000000000000e+03,5.680831804966146592e-07
9.717000000000000000e+03,5.680003027919156011e-07
9.718000000000000000e+03,5.679238483935478143e-07
9.719000000000000000e+03,5.678498951056099031e-07
9.720000000000000000e+03,5.677620151800510939e-07
9.721000000000000000e+03,5.677215995092410594e-07
9.722000000000000000e+03,5.675348688782833051e-07
9.723000000000000000e+03,5.677677563653560355e-07
9.724000000000000000e+03,5.674560270563233644e-07
9.725000000000000000e+03,5.673599616784485988e-07
9.726000000000000000e+03,5.672848715221334714e-07
9.727000000000000000e+03,5.671744247592869215e-07
9.728000000000000000e+03,5.669983806910749990e-07
9.729000000000000000e+03,5.668750304721470457e-07
9.730000000000000000e+03,5.667614004778442904e-07
9.731000000000000000e+03,5.666699394168972503e-07
9.732000000000000000e+03,5.666208267030015122e-07
9.733000000000000000e+03,5.664744548994349316e-07
9.734000000000000000e+03,5.664824698214943055e-07
9.735000000000000000e+03,5.664320497089647688e-07
9.736000000000000000e+03,5.663691808877047151e-07
9.737000000000000000e+03,5.662507192027987912e-07
9.738000000000000000e+03,5.661242425958334934e-07
9.739000000000000000e+03,5.659945259139931295e-07
9.740000000000000000e+03,5.658053510160243604e-07
9.741000000000000000e+03,5.656346502291853540e-07
9.742000000000000000e+03,5.655090831169218291e-07
9.743000000000000000e+03,5.654015353684371803e-07
9.744000000000000000e+03,5.652957497659372166e-07
9.745000000000000000e+03,5.652102572639705613e-07
9.746000000000000000e+03,5.651021979247161653e-07
9.747000000000000000e+03,5.650023808811965864e-07
9.748000000000000000e+03,5.649199010804295540e-07
9.749000000000000000e+03,5.648081469189492054e-07
9.750000000000000000e+03,5.648975047733983956e-07
9.751000000000000000e+03,5.647457896884588990e-07
9.752000000000000000e+03,5.646633667311107274e-07
9.753000000000000000e+03,5.645222813654982019e-07
9.754000000000000000e+03,5.643973963742610067e-07
9.755000000000000000e+03,5.641941243084147573e-07
9.756000000000000000e+03,5.642347673529002350e-07
9.757000000000000000e+03,5.641372808895539492e-07
9.758000000000000000e+03,5.640382596538984217e-07
9.759000000000000000e+03,5.639698201775900088e-07
9.760000000000000000e+03,5.638941047436674125e-07
9.761000000000000000e+03,5.637525646307040006e-07
9.762000000000000000e+03,5.637030540128762368e-07
9.763000000000000000e+03,5.635853881358343642e-07
9.764000000000000000e+03,5.634989861391659360e-07
9.765000000000000000e+03,5.633658020087750629e-07
9.766000000000000000e+03,5.632019792756182142e-07
9.767000000000000000e+03,5.663770252795075066e-07
9.768000000000000000e+03,5.631719659504597075e-07
9.769000000000000000e+03,5.629859174405282829e-07
9.770000000000000000e+03,5.628513122246658895e-07
9.771000000000000000e+03,5.626930601465574000e-07
9.772000000000000000e+03,5.625510652862431016e-07
9.773000000000000000e+03,5.624045797958387993e-07
9.774000000000000000e+03,5.623052174996701069e-07
9.775000000000000000e+03,5.623693368761450984e-07
9.776000000000000000e+03,5.622435423902061302e-07
9.777000000000000000e+03,5.621993182103324216e-07
9.778000000000000000e+03,5.620762522084987722e-07
9.779000000000000000e+03,5.619609737550490536e-07
9.780000000000000000e+03,5.618421141662111040e-07
9.781000000000000000e+03,5.617559963866369799e-07
9.782000000000000000e+03,5.615812597170588560e-07
9.783000000000000000e+03,5.614997462544124573e-07
9.784000000000000000e+03,5.613547955363173969e-07
9.785000000000000000e+03,5.611828441942634527e-07
9.786000000000000000e+03,5.610116886600735597e-07
9.787000000000000000e+03,5.609009576801327057e-07
9.788000000000000000e+03,5.607912498817313462e-07
9.789000000000000000e+03,5.607289494946599007e-07
9.790000000000000000e+03,5.606732997875951696e-07
9.791000000000000000e+03,5.605647288575710263e-07
9.792000000000000000e+03,5.604718467111524660e-07
9.793000000000000000e+03,5.604131843028881121e-07
9.794000000000000000e+03,5.603626505035208538e-07
9.795000000000000000e+03,5.603242811957898084e-07
9.796000000000000000e+03,5.602264536719303578e-07
9.797000000000000000e+03,5.602188934972218703e-07
9.798000000000000000e+03,5.600919621429056861e-07
9.799000000000000000e+03,5.600505801339750178e-07
9.800000000000000000e+03,5.599549126600322779e-07
9.801000000000000000e+03,5.598468533207778819e-07
9.802000000000000000e+03,5.597207177743257489e-07
9.803000000000000000e+03,5.595970833383034915e-07
9.804000000000000000e+03,5.595319407802890055e-07
9.805000000000000000e+03,5.593871605924505275e-07
9.806000000000000000e+03,5.593176979346026201e-07
9.807000000000000000e+03,5.591849117081437726e-07
9.808000000000000000e+03,5.590761134044441860e-07
9.809000000000000000e+03,5.590177920566929970e-07
9.810000000000000000e+03,5.589071747635898646e-07
9.811000000000000000e+03,5.588248654930794146e-07
9.812000000000000000e+03,5.587384066529921256e-07
9.813000000000000000e+03,5.586366000898124184e-07
9.814000000000000000e+03,5.584851123785483651e-07
9.815000000000000000e+03,5.583941060649522115e-07
9.816000000000000000e+03,5.582404583037714474e-07
9.817000000000000000e+03,5.581280220212647691e-07
9.818000000000000000e+03,5.580444621955393814e-07
9.819000000000000000e+03,5.579605613093008287e-07
9.820000000000000000e+03,5.578069703915389255e-07
9.821000000000000000e+03,5.576628154813079163e-07
9.822000000000000000e+03,5.576349622060661204e-07
9.823000000000000000e+03,5.575009254243923351e-07
9.824000000000000000e+03,5.574730153057316784e-07
9.825000000000000000e+03,5.574451620304898825e-07
9.826000000000000000e+03,5.573510293288563844e-07
9.827000000000000000e+03,5.573196517616452184e-07
9.828000000000000000e+03,5.572017016675090417e-07
9.829000000000000000e+03,5.571690167016640771e-07
9.830000000000000000e+03,5.571181986852025148e-07
9.831000000000000000e+03,5.570541929955652449e-07
9.832000000000000000e+03,5.569765448854013812e-07
9.833000000000000000e+03,5.568190317717380822e-07
9.834000000000000000e+03,5.567742391576757655e-07
9.835000000000000000e+03,5.566967615777684841e-07
9.836000000000000000e+03,5.565985361499770079e-07
9.837000000000000000e+03,5.564980369854310993e-07
9.838000000000000000e+03,5.563914555750670843e-07
9.839000000000000000e+03,5.563769605032575782e-07
9.840000000000000000e+03,5.562519618251826614e-07
9.841000000000000000e+03,5.562001206271816045e-07
9.842000000000000000e+03,5.561313400903600268e-07
9.843000000000000000e+03,5.560951876759645529e-07
9.844000000000000000e+03,5.560038403018552344e-07
9.845000000000000000e+03,5.559366513807617594e-07
9.846000000000000000e+03,5.559008400268794503e-07
9.847000000000000000e+03,5.558117095461057033e-07
9.848000000000000000e+03,5.557236022468714509e-07
9.849000000000000000e+03,5.556295832320756745e-07
9.850000000000000000e+03,5.555410780289093964e-07
9.851000000000000000e+03,5.554757080972194672e-07
9.852000000000000000e+03,5.554187509915209375e-07
9.853000000000000000e+03,5.552741981773579028e-07
9.854000000000000000e+03,5.552018365051480941e-07
9.855000000000000000e+03,5.550595005843206309e-07
9.856000000000000000e+03,5.549944148697250057e-07
9.857000000000000000e+03,5.548679951061785687e-07
9.858000000000000000e+03,5.547714749809529167e-07
9.859000000000000000e+03,5.547130399463640060e-07
9.860000000000000000e+03,5.545991257349669468e-07
9.861000000000000000e+03,5.545019234887149651e-07
9.862000000000000000e+03,5.544221721720532514e-07
9.863000000000000000e+03,5.543665793084073812e-07
9.864000000000000000e+03,5.542838721339649055e-07
9.865000000000000000e+03,5.542292456084396690e-07
9.866000000000000000e+03,5.541780296880460810e-07
9.867000000000000000e+03,5.541145924325974192e-07
9.868000000000000000e+03,5.540387064684182405e-07
9.869000000000000000e+03,5.540376264434598852e-07
9.870000000000000000e+03,5.539790777220332529e-07
9.871000000000000000e+03,5.538809091376606375e-07
9.872000000000000000e+03,5.537762035601190291e-07
9.873000000000000000e+03,5.536060143640497699e-07
9.874000000000000000e+03,5.534828915187972598e-07
9.875000000000000000e+03,5.534555498343252111e-07
9.876000000000000000e+03,5.533166813620482571e-07
9.877000000000000000e+03,5.532629643312247936e-07
9.878000000000000000e+03,5.531753686227602884e-07
9.879000000000000000e+03,5.530320095203933306e-07
9.880000000000000000e+03,5.531753686227602884e-07
9.881000000000000000e+03,5.529497002498828806e-07
9.882000000000000000e+03,5.528648330255236942e-07
9.883000000000000000e+03,5.527722919396182988e-07
9.884000000000000000e+03,5.525719188881339505e-07
9.885000000000000000e+03,5.523701247511780821e-07
9.886000000000000000e+03,5.525263873096264433e-07
9.887000000000000000e+03,5.522842343452794012e-07
9.888000000000000000e+03,5.521760044757684227e-07
9.889000000000000000e+03,5.520897730093565769e-07
9.890000000000000000e+03,5.519931391972932033e-07
9.891000000000000000e+03,5.518296006812306587e-07
9.892000000000000000e+03,5.516532723959244322e-07
9.893000000000000000e+03,5.515095153896254487e-07
9.894000000000000000e+03,5.513137466550688259e-07
9.895000000000000000e+03,5.511978997674304992e-07
9.896000000000000000e+03,5.509407401405042037e-07
9.897000000000000000e+03,5.513962264558358584e-07
9.898000000000000000e+03,5.508808840204437729e-07
9.899000000000000000e+03,5.507401965587632731e-07
9.900000000000000000e+03,5.506186653292388655e-07
9.901000000000000000e+03,5.504822979673917871e-07
9.902000000000000000e+03,5.503541729012795258e-07
9.903000000000000000e+03,5.502518547473300714e-07
9.904000000000000000e+03,5.500158408722199965e-07
9.905000000000000000e+03,5.499247208717861213e-07
9.906000000000000000e+03,5.496751782629871741e-07
9.907000000000000000e+03,5.494864581123692915e-07
9.908000000000000000e+03,5.499000508280005306e-07
9.909000000000000000e+03,5.493617436513886787e-07
9.910000000000000000e+03,5.491710339811106678e-07
9.911000000000000000e+03,5.490520038620161358e-07
9.912000000000000000e+03,5.488292913469194900e-07
9.913000000000000000e+03,5.485808856064977590e-07
9.914000000000000000e+03,5.487030421136296354e-07
9.915000000000000000e+03,5.484589564730413258e-07
9.916000000000000000e+03,5.482671099343860988e-07
9.917000000000000000e+03,5.481722951117262710e-07
9.918000000000000000e+03,5.480322329276532400e-07
9.919000000000000000e+03,5.479514584294520319e-07
9.920000000000000000e+03,5.478328830577083863e-07
9.921000000000000000e+03,5.477723448166216258e-07
9.922000000000000000e+03,5.476745741361810360e-07
9.923000000000000000e+03,5.475613420458103064e-07
9.924000000000000000e+03,5.478526645674719475e-07
9.925000000000000000e+03,5.474751674228173215e-07
9.926000000000000000e+03,5.473074793371779379e-07
9.927000000000000000e+03,5.471554231917252764e-07
9.928000000000000000e+03,5.470574819810281042e-07
9.929000000000000000e+03,5.470751602842938155e-07
9.930000000000000000e+03,5.470068344948231243e-07
9.931000000000000000e+03,5.469217398967884947e-07
9.932000000000000000e+03,5.468612016557017341e-07
9.933000000000000000e+03,5.467506980494363233e-07
9.934000000000000000e+03,5.466172297019511461e-07
9.935000000000000000e+03,5.467225605571002234e-07
9.936000000000000000e+03,5.465360572998179123e-07
9.937000000000000000e+03,5.464465289151121397e-07
9.938000000000000000e+03,5.463787147164111957e-07
9.939000000000000000e+03,5.462849230752908625e-07
9.940000000000000000e+03,5.462690637614286970e-07
9.941000000000000000e+03,5.462158583213749807e-07
9.942000000000000000e+03,5.461324690259061754e-07
9.943000000000000000e+03,5.460301508719567209e-07
9.944000000000000000e+03,5.459499448079441208e-07
9.945000000000000000e+03,5.457727070279361214e-07
9.946000000000000000e+03,5.456135454551258590e-07
9.947000000000000000e+03,5.454422193906793837e-07
9.948000000000000000e+03,5.453532594401622191e-07
9.949000000000000000e+03,5.452532150229671970e-07
9.950000000000000000e+03,5.450973503684508614e-07
9.951000000000000000e+03,5.451291826830129139e-07
9.952000000000000000e+03,5.449987270367273595e-07
9.953000000000000000e+03,5.448346200864762068e-07
9.954000000000000000e+03,5.447171247396909166e-07
9.955000000000000000e+03,5.445479018817422912e-07
9.956000000000000000e+03,5.444794624054338783e-07
9.957000000000000000e+03,5.443845907393551897e-07
9.958000000000000000e+03,5.443106374514172785e-07
9.959000000000000000e+03,5.442148562906368170e-07
9.960000000000000000e+03,5.440870722850377206e-07
9.961000000000000000e+03,5.440100494524813257e-07
9.962000000000000000e+03,5.438471362140262499e-07
9.963000000000000000e+03,5.437641448224894702e-07
9.964000000000000000e+03,5.436962737803696655e-07
9.965000000000000000e+03,5.436984906737052370e-07
9.966000000000000000e+03,5.436465926322853193e-07
9.967000000000000000e+03,5.435858838609419763e-07
9.968000000000000000e+03,5.434516765490116086e-07
9.969000000000000000e+03,5.433766432361153420e-07
9.970000000000000000e+03,5.433003025245852768e-07
9.971000000000000000e+03,5.432283955997263547e-07
9.972000000000000000e+03,5.431499516816984396e-07
9.973000000000000000e+03,5.430103442449762952e-07
9.974000000000000000e+03,5.428185545497399289e-07
9.975000000000000000e+03,5.431948011391796172e-07
9.976000000000000000e+03,5.427330052043544129e-07
9.977000000000000000e+03,5.426105076367093716e-07
9.978000000000000000e+03,5.424976166068518069e-07
9.979000000000000000e+03,5.424258233688306063e-07
9.980000000000000000e+03,5.422896833806589711e-07
9.981000000000000000e+03,5.422070898930542171e-07
9.982000000000000000e+03,5.420721436166786589e-07
9.983000000000000000e+03,5.419842636911198497e-07
9.984000000000000000e+03,5.420844217951525934e-07
9.985000000000000000e+03,5.419082071966840886e-07
9.986000000000000000e+03,5.417475676949834451e-07
9.987000000000000000e+03,5.416824251369689591e-07
9.988000000000000000e+03,5.416377462097443640e-07
9.989000000000000000e+03,5.415843702394340653e-07
9.990000000000000000e+03,5.415576538325694855e-07
9.991000000000000000e+03,5.415248551798867993e-07
9.992000000000000000e+03,5.414840984485636000e-07
9.993000000000000000e+03,5.414410679804859683e-07
9.994000000000000000e+03,5.413838266576931346e-07
9.995000000000000000e+03,5.413261305875494145e-07
9.996000000000000000e+03,5.412549057837168220e-07
9.997000000000000000e+03,5.412396717474621255e-07
9.998000000000000000e+03,5.411715733316668775e-07
9.999000000000000000e+03,5.410856829257681966e-07
1.000000000000000000e+04,5.410187213783501647e-07
1.000100000000000000e+04,5.409129926192690618e-07
1.000200000000000000e+04,5.408394940786820371e-07
1.000300000000000000e+04,5.409177674664533697e-07
1.000400000000000000e+04,5.407894718700845260e-07
1.000500000000000000e+04,5.407049457062385045e-07
1.000600000000000000e+04,5.406435548138688318e-07
1.000700000000000000e+04,5.405368597166670952e-07
1.000800000000000000e+04,5.404734224612184335e-07
1.000900000000000000e+04,5.404967282629513647e-07
1.001000000000000000e+04,5.404060630098683760e-07
1.001100000000000000e+04,5.403165914685814641e-07
1.001200000000000000e+04,5.402116016739455517e-07
1.001300000000000000e+04,5.400760869633813854e-07
1.001400000000000000e+04,5.400197551352903247e-07
1.001500000000000000e+04,5.399044766818406060e-07
1.001600000000000000e+04,5.398475764195609372e-07
1.001700000000000000e+04,5.397399718276574276e-07
1.001800000000000000e+04,5.395901325755403377e-07
1.001900000000000000e+04,5.394592790253227577e-07
1.002000000000000000e+04,5.393399646891339216e-07
1.002100000000000000e+04,5.392436150941648521e-07
1.002200000000000000e+04,5.391498802964633796e-07
1.002300000000000000e+04,5.390185151554760523e-07
1.002400000000000000e+04,5.388853878685040399e-07
1.002500000000000000e+04,5.388233716985268984e-07
1.002600000000000000e+04,5.387297505876631476e-07
1.002700000000000000e+04,5.386799557527410798e-07
1.002800000000000000e+04,5.385730901252827607e-07
1.002900000000000000e+04,5.384539463193505071e-07
1.003000000000000000e+04,5.383930101743317209e-07
1.003100000000000000e+04,5.382656240726646502e-07
1.003200000000000000e+04,5.383836878536385484e-07
1.003300000000000000e+04,5.382007657317444682e-07
1.003400000000000000e+04,5.380578613767283969e-07
1.003500000000000000e+04,5.379415597417391837e-07
1.003600000000000000e+04,5.378123546506685670e-07
1.003700000000000000e+04,5.377453931032505352e-07
1.003800000000000000e+04,5.376510330279415939e-07
1.003900000000000000e+04,5.375949854169448372e-07
1.004000000000000000e+04,5.375115961214760318e-07
1.004100000000000000e+04,5.373906333261402324e-07
1.004200000000000000e+04,5.372808686843200121e-07
1.004300000000000000e+04,5.371608153836859856e-07
1.004400000000000000e+04,5.370984013097768184e-07
1.004500000000000000e+04,5.370227427192730829e-07
1.004600000000000000e+04,5.369553264245041646e-07
1.004700000000000000e+04,5.368384563553263433e-07
1.004800000000000000e+04,5.367534186007105745e-07
1.004900000000000000e+04,5.367521112020767760e-07
1.005000000000000000e+04,5.367153335100738332e-07
1.005100000000000000e+04,5.366800905903801322e-07
1.005200000000000000e+04,5.366115942706528585e-07
1.005300000000000000e+04,5.365405399970768485e-07
1.005400000000000000e+04,5.364352659853466321e-07
1.005500000000000000e+04,5.363922355172690004e-07
1.005600000000000000e+04,5.363290256354957819e-07
1.005700000000000000e+04,5.362804245123697910e-07
1.005800000000000000e+04,5.362163051358947996e-07
1.005900000000000000e+04,5.363011155168351252e-07
1.006000000000000000e+04,5.361887360777473077e-07
1.006100000000000000e+04,5.361637249734485522e-07
1.006200000000000000e+04,5.360936938814120367e-07
1.006300000000000000e+04,5.360631121220649220e-07
1.006400000000000000e+04,5.359922283787454944e-07
1.006500000000000000e+04,5.359100896384916268e-07
1.006600000000000000e+04,5.358218686524196528e-07
1.006700000000000000e+04,5.357756549528858159e-07
1.006800000000000000e+04,5.357208010536851361e-07
1.006900000000000000e+04,5.356538963496859651e-07
1.007000000000000000e+04,5.356066594686126336e-07
1.007100000000000000e+04,5.354617655939364340e-07
1.007200000000000000e+04,5.354247036848391872e-07
1.007300000000000000e+04,5.353475671654450707e-07
1.007400000000000000e+04,5.352862899599131197e-07
1.007500000000000000e+04,5.352388825485832058e-07
1.007600000000000000e+04,5.351645313567132689e-07
1.007700000000000000e+04,5.350921128410845995e-07
1.007800000000000000e+04,5.349475031835027039e-07
1.007900000000000000e+04,5.348420586415159050e-07
1.008000000000000000e+04,5.347594651539111510e-07
1.008100000000000000e+04,5.346755074242537376e-07
1.008200000000000000e+04,5.346503826331172604e-07
1.008300000000000000e+04,5.346117291082919110e-07
1.008400000000000000e+04,5.345434601622400805e-07
1.008500000000000000e+04,5.344871283341490198e-07
1.008600000000000000e+04,5.344363671611063182e-07
1.008700000000000000e+04,5.343568432181200478e-07
1.008800000000000000e+04,5.342903364180529024e-07
1.008900000000000000e+04,5.342534450392122380e-07
1.009000000000000000e+04,5.342031954569392838e-07
1.009100000000000000e+04,5.341244673218170647e-07
1.009200000000000000e+04,5.340108941709331702e-07
1.009300000000000000e+04,5.339111339708324522e-07
1.009400000000000000e+04,5.337947754924243782e-07
1.009500000000000000e+04,5.336920025911240373e-07
1.009600000000000000e+04,5.336042363524029497e-07
1.009700000000000000e+04,5.335312494025856722e-07
1.009800000000000000e+04,5.334193815542676020e-07
1.009900000000000000e+04,5.332779551281419117e-07
1.010000000000000000e+04,5.332304908733931370e-07
1.010100000000000000e+04,5.331927468432695605e-07
1.010200000000000000e+04,5.331024794941185974e-07
1.010300000000000000e+04,5.330173280526651070e-07
1.010400000000000000e+04,5.329762302608287428e-07
1.010500000000000000e+04,5.328863608156098053e-07
1.010600000000000000e+04,5.328336669663258363e-07
1.010700000000000000e+04,5.327996746018470731e-07
1.010800000000000000e+04,5.327395342646923382e-07
1.010900000000000000e+04,5.326743917066778522e-07
1.011000000000000000e+04,5.326496648194734007e-07
1.011100000000000000e+04,5.326194241206394508e-07
1.011200000000000000e+04,5.325588858795526903e-07
1.011300000000000000e+04,5.325034067027445417e-07
1.011400000000000000e+04,5.324477569956798106e-07
1.011500000000000000e+04,5.324000653672555927e-07
1.011600000000000000e+04,5.323148570823832415e-07
1.011700000000000000e+04,5.322672222973778844e-07
1.011800000000000000e+04,5.321527396517922170e-07
1.011900000000000000e+04,5.321096523402957246e-07
1.012000000000000000e+04,5.320129048413946293e-07
1.012100000000000000e+04,5.319672595760494005e-07
1.012200000000000000e+04,5.318997295944427606e-07
1.012300000000000000e+04,5.317783688951749355e-07
1.012400000000000000e+04,5.315936277838773094e-07
1.012500000000000000e+04,5.322378342498268466e-07
1.012600000000000000e+04,5.315260978022706695e-07
1.012700000000000000e+04,5.313838187248620670e-07
1.012800000000000000e+04,5.313257247507863212e-07
1.012900000000000000e+04,5.312558073455875274e-07
1.013000000000000000e+04,5.311329687174293213e-07
1.013100000000000000e+04,5.309874495651456527e-07
1.013200000000000000e+04,5.308951358529157005e-07
1.013300000000000000e+04,5.308181698637781665e-07
1.013400000000000000e+04,5.307598485160269774e-07
1.013500000000000000e+04,5.306716843733738642e-07
1.013600000000000000e+04,5.306006869432167150e-07
1.013700000000000000e+04,5.305221293383510783e-07
1.013800000000000000e+04,5.304630690261546988e-07
1.013900000000000000e+04,5.302430281517445110e-07
1.014000000000000000e+04,5.304694354890671093e-07
1.014100000000000000e+04,5.301464511830999982e-07
1.014200000000000000e+04,5.300081511450116523e-07
1.014300000000000000e+04,5.298948053678032011e-07
1.014400000000000000e+04,5.298585961099888664e-07
1.014500000000000000e+04,5.297542315929604229e-07
1.014600000000000000e+04,5.296756739880947862e-07
1.014700000000000000e+04,5.295694904816627968e-07
1.014800000000000000e+04,5.294500056152173784e-07
1.014900000000000000e+04,5.292966989145497791e-07
1.015000000000000000e+04,5.292203013596008532e-07
1.015100000000000000e+04,5.291649358696304262e-07
1.015200000000000000e+04,5.290614808473037556e-07
1.015300000000000000e+04,5.289913929118483793e-07
1.015400000000000000e+04,5.288630973154795356e-07
1.015500000000000000e+04,5.287615749693941325e-07
1.015600000000000000e+04,5.287404860609967727e-07
1.015700000000000000e+04,5.287197382131125778e-07
1.015800000000000000e+04,5.286578357299731579e-07
1.015900000000000000e+04,5.286027544570970349e-07
1.016000000000000000e+04,5.285882593852875289e-07
1.016100000000000000e+04,5.285094175633275881e-07
1.016200000000000000e+04,5.284599069454998244e-07
1.016300000000000000e+04,5.284347821543633472e-07
1.016400000000000000e+04,5.283835093905508984e-07
1.016500000000000000e+04,5.283237669573281892e-07
1.016600000000000000e+04,5.283325776872516144e-07
1.016700000000000000e+04,5.282495862957148347e-07
1.016800000000000000e+04,5.281494281916820910e-07
1.016900000000000000e+04,5.280363097881490830e-07
1.017000000000000000e+04,5.279230208543594927e-07
1.017100000000000000e+04,5.278029675537254661e-07
1.017200000000000000e+04,5.276653496366634499e-07
1.017300000000000000e+04,5.276058345771161839e-07
1.017400000000000000e+04,5.274795853438263293e-07
1.017500000000000000e+04,5.274326326798473019e-07
1.017600000000000000e+04,5.273494139146350790e-07
1.017700000000000000e+04,5.272578391668503173e-07
1.017800000000000000e+04,5.271351710689486936e-07
1.017900000000000000e+04,5.270479732644162141e-07
1.018000000000000000e+04,5.269641292215965223e-07
1.018100000000000000e+04,5.268922791401564609e-07
1.018200000000000000e+04,5.268041718409222085e-07
1.018300000000000000e+04,5.267418146104319021e-07
1.018400000000000000e+04,5.266926450531173032e-07
1.018500000000000000e+04,5.266140306048328057e-07
1.018600000000000000e+04,5.265480922389542684e-07
1.018700000000000000e+04,5.264621449896367267e-07
1.018800000000000000e+04,5.262795639282558113e-07
1.018900000000000000e+04,5.263719913273234852e-07
1.019000000000000000e+04,5.262015179141599219e-07
1.019100000000000000e+04,5.260704938336857595e-07
1.019200000000000000e+04,5.260063176137919072e-07
1.019300000000000000e+04,5.259330464468803257e-07
1.019400000000000000e+04,5.258134478935971856e-07
1.019500000000000000e+04,5.257200541564088780e-07
1.019600000000000000e+04,5.256230792838323396e-07
1.019700000000000000e+04,5.255517407931620255e-07
1.019800000000000000e+04,5.254838697510422207e-07
1.019900000000000000e+04,5.253662607174192090e-07
1.020000000000000000e+04,5.252389314591709990e-07
1.020100000000000000e+04,5.251624770608032122e-07
1.020200000000000000e+04,5.250803383205493446e-07
1.020300000000000000e+04,5.249871719570364803e-07
1.020400000000000000e+04,5.249199261925241444e-07
1.020500000000000000e+04,5.248088541520701256e-07
1.020600000000000000e+04,5.246826617621991318e-07
1.020700000000000000e+04,5.245609600024181418e-07
1.020800000000000000e+04,5.244832550488354173e-07
1.020900000000000000e+04,5.243983309810573701e-07
1.021000000000000000e+04,5.243491614237427711e-07
1.021100000000000000e+04,5.242638962954515591e-07
1.021200000000000000e+04,5.241083158580295276e-07
1.021300000000000000e+04,5.240655696070462000e-07
1.021400000000000000e+04,5.239027700554288458e-07
1.021500000000000000e+04,5.252232995189842768e-07
1.021600000000000000e+04,5.238622406977810897e-07
1.021700000000000000e+04,5.237549771663907450e-07
1.021800000000000000e+04,5.236773858996457420e-07
1.021900000000000000e+04,5.236346396486624144e-07
1.022000000000000000e+04,5.235517619439633563e-07
1.022100000000000000e+04,5.234376772023097146e-07
1.022200000000000000e+04,5.234269337961450219e-07
1.022300000000000000e+04,5.233643491919792723e-07
1.022400000000000000e+04,5.232760713624884374e-07
1.022500000000000000e+04,5.232298576629546005e-07
1.022600000000000000e+04,5.231750037637539208e-07
1.022700000000000000e+04,5.231070190347963944e-07
1.022800000000000000e+04,5.230430701885779854e-07
1.022900000000000000e+04,5.229857720223662909e-07
1.023000000000000000e+04,5.229317707744485233e-07
1.023100000000000000e+04,5.227908559390925802e-07
1.023200000000000000e+04,5.228085910857771523e-07
1.023300000000000000e+04,5.227092856330273207e-07
1.023400000000000000e+04,5.226096959631831851e-07
1.023500000000000000e+04,5.224935648584505543e-07
1.023600000000000000e+04,5.223849370850075502e-07
1.023700000000000000e+04,5.222232744017674122e-07
1.023800000000000000e+04,5.225011818765779026e-07
1.023900000000000000e+04,5.221830292612139601e-07
1.024000000000000000e+04,5.221064043325895909e-07
1.024100000000000000e+04,5.220447860665444750e-07
1.024200000000000000e+04,5.219710033088631462e-07
1.024300000000000000e+04,5.218461183176259510e-07
1.024400000000000000e+04,5.216789418227563147e-07
1.024500000000000000e+04,5.216139129515795503e-07
1.024600000000000000e+04,5.214354246163566131e-07
1.024700000000000000e+04,5.213184977037599310e-07
1.024800000000000000e+04,5.212679639043926727e-07
1.024900000000000000e+04,5.210668518884631339e-07
1.025000000000000000e+04,5.211973643781675491e-07
1.025100000000000000e+04,5.209455480326141696e-07
1.025200000000000000e+04,5.208390803090878762e-07
1.025300000000000000e+04,5.207206186241819523e-07
1.025400000000000000e+04,5.206366040511056781e-07
1.025500000000000000e+04,5.206709374760976061e-07
1.025600000000000000e+04,5.205898787608020939e-07
1.025700000000000000e+04,5.205237130212481134e-07
1.025800000000000000e+04,5.204803983360761777e-07
1.025900000000000000e+04,5.203979753787280060e-07
1.026000000000000000e+04,5.203648925089510158e-07
1.026100000000000000e+04,5.202138595450378489e-07
1.026200000000000000e+04,5.201470116844575386e-07
1.026300000000000000e+04,5.200894861445704009e-07
1.026400000000000000e+04,5.199788120080484077e-07
1.026500000000000000e+04,5.199588599680282641e-07
1.026600000000000000e+04,5.198265284889203031e-07
1.026700000000000000e+04,5.197799737288733013e-07
1.026800000000000000e+04,5.197143764235079288e-07
1.026900000000000000e+04,5.196274628360697534e-07
1.027000000000000000e+04,5.195918788558628876e-07
1.027100000000000000e+04,5.194854679757554550e-07
1.027200000000000000e+04,5.193948027226724662e-07
1.027300000000000000e+04,5.193326728658576030e-07
1.027400000000000000e+04,5.193714969209395349e-07
1.027500000000000000e+04,5.193080028220720123e-07
1.027600000000000000e+04,5.192699177314352710e-07
1.027700000000000000e+04,5.191765808376658242e-07
1.027800000000000000e+04,5.191249101699213497e-07
1.027900000000000000e+04,5.190530600884812884e-07
1.028000000000000000e+04,5.190736942495277617e-07
1.028100000000000000e+04,5.190032084101403598e-07
1.028200000000000000e+04,5.189183411857811734e-07
1.028300000000000000e+04,5.188575755710189696e-07
1.028400000000000000e+04,5.187299052522575948e-07
1.028500000000000000e+04,5.186027465242659673e-07
1.028600000000000000e+04,5.185671625440591015e-07
1.028700000000000000e+04,5.184454607842781115e-07
1.028800000000000000e+04,5.183590019441908225e-07
1.028900000000000000e+04,5.183077860237972345e-07
1.029000000000000000e+04,5.182274662729469128e-07
1.029100000000000000e+04,5.181310029911401216e-07
1.029200000000000000e+04,5.180763764656148851e-07
1.029300000000000000e+04,5.180099265089666005e-07
1.029400000000000000e+04,5.179056756787758786e-07
1.029500000000000000e+04,5.177149660084978677e-07
1.029600000000000000e+04,5.182873223930073436e-07
1.029700000000000000e+04,5.176643753657117486e-07
1.029800000000000000e+04,5.174956072551140096e-07
1.029900000000000000e+04,5.174028956389520317e-07
1.030000000000000000e+04,5.173475869924004655e-07
1.030100000000000000e+04,5.172806822884012945e-07
1.030200000000000000e+04,5.171843326934322249e-07
1.030300000000000000e+04,5.171040129425819032e-07
1.030400000000000000e+04,5.169861196918645874e-07
1.030500000000000000e+04,5.171465886633086484e-07
1.030600000000000000e+04,5.169480914446467068e-07
1.030700000000000000e+04,5.168746497474785428e-07
1.030800000000000000e+04,5.168071766092907637e-07
1.030900000000000000e+04,5.167099743630387820e-07
1.031000000000000000e+04,5.166340315554407425e-07
1.031100000000000000e+04,5.165300649423443247e-07
1.031200000000000000e+04,5.164149001757323276e-07
1.031300000000000000e+04,5.163599894331127871e-07
1.031400000000000000e+04,5.162722800378105603e-07
1.031500000000000000e+04,5.161501235306786839e-07
1.031600000000000000e+04,5.160733280717977323e-07
1.031700000000000000e+04,5.160011937732633669e-07
1.031800000000000000e+04,5.159484999239793979e-07
1.031900000000000000e+04,5.158617000233789440e-07
1.032000000000000000e+04,5.157704663361073472e-07
1.032100000000000000e+04,5.156503561920544598e-07
1.032200000000000000e+04,5.154512336957850493e-07
1.032300000000000000e+04,5.160341629562026355e-07
1.032400000000000000e+04,5.153910365152114537e-07
1.032500000000000000e+04,5.152556923349038698e-07
1.032600000000000000e+04,5.151649702384020202e-07
1.032700000000000000e+04,5.149913135937822517e-07
1.032800000000000000e+04,5.148476134309021290e-07
1.032900000000000000e+04,5.149477146915160120e-07
1.033000000000000000e+04,5.147726369614247233e-07
1.033100000000000000e+04,5.146835064806509763e-07
1.033200000000000000e+04,5.146449097992444877e-07
1.033300000000000000e+04,5.145926138538925443e-07
1.033400000000000000e+04,5.145428758623893373e-07
1.033500000000000000e+04,5.144556212144379970e-07
1.033600000000000000e+04,5.143565999787824694e-07
1.033700000000000000e+04,5.143134558238671161e-07
1.033800000000000000e+04,5.141618544257653411e-07
1.033900000000000000e+04,5.141002361597202253e-07
1.034000000000000000e+04,5.140307166584534571e-07
1.034100000000000000e+04,5.139733616488229018e-07
1.034200000000000000e+04,5.138386995895416476e-07
1.034300000000000000e+04,5.137929974807775579e-07
1.034400000000000000e+04,5.136706135999702383e-07
1.034500000000000000e+04,5.136490131008031312e-07
1.034600000000000000e+04,5.135700575920054689e-07
1.034700000000000000e+04,5.134452294441871345e-07
1.034800000000000000e+04,5.135225933372566942e-07
1.034900000000000000e+04,5.133904323884053156e-07
1.035000000000000000e+04,5.133200602358556353e-07
1.035100000000000000e+04,5.132707769917033147e-07
1.035200000000000000e+04,5.131817601977672894e-07
1.035300000000000000e+04,5.131074090058973525e-07
1.035400000000000000e+04,5.130349904902686831e-07
1.035500000000000000e+04,5.129518854118941817e-07
1.035600000000000000e+04,5.129090823174919933e-07
1.035700000000000000e+04,5.128517841512802988e-07
1.035800000000000000e+04,5.128281372890342027e-07
1.035900000000000000e+04,5.127379267833021004e-07
1.036000000000000000e+04,5.127052986608759966e-07
1.036100000000000000e+04,5.126221367390826344e-07
1.036200000000000000e+04,5.125404527461796533e-07
1.036300000000000000e+04,5.124339850226533599e-07
1.036400000000000000e+04,5.123435471432458144e-07
1.036500000000000000e+04,5.122285529068903998e-07
1.036600000000000000e+04,5.121879098624049220e-07
1.036700000000000000e+04,5.120984383211180102e-07
1.036800000000000000e+04,5.120422770232835319e-07
1.036900000000000000e+04,5.119630941408104263e-07
1.037000000000000000e+04,5.118394028613693081e-07
1.037100000000000000e+04,5.117307750879263040e-07
1.037200000000000000e+04,5.115547310197143815e-07
1.037300000000000000e+04,5.114760028845921624e-07
1.037400000000000000e+04,5.113295742376067210e-07
1.037500000000000000e+04,5.112327130518679041e-07
1.037600000000000000e+04,5.111802465762593783e-07
1.037700000000000000e+04,5.110743472869216930e-07
1.037800000000000000e+04,5.110193228574644309e-07
1.037900000000000000e+04,5.109282028570305556e-07
1.038000000000000000e+04,5.108099685458000749e-07
1.038100000000000000e+04,5.107528409098449629e-07
1.038200000000000000e+04,5.105848686071112752e-07
1.038300000000000000e+04,5.105111426928488072e-07
1.038400000000000000e+04,5.104426463731215335e-07
1.038500000000000000e+04,5.103535727357666474e-07
1.038600000000000000e+04,5.102684781377320178e-07
1.038700000000000000e+04,5.102590421302011237e-07
1.038800000000000000e+04,5.101552460473612882e-07
1.038900000000000000e+04,5.101458668832492549e-07
1.039000000000000000e+04,5.100517341816157568e-07
1.039100000000000000e+04,5.100040993966103997e-07
1.039200000000000000e+04,5.099342956782493275e-07
1.039300000000000000e+04,5.098766564515244681e-07
1.039400000000000000e+04,5.098375481793482322e-07
1.039500000000000000e+04,5.097812731946760323e-07
1.039600000000000000e+04,5.097091388961416669e-07
1.039700000000000000e+04,5.096637210044718813e-07
1.039800000000000000e+04,5.095249662190326490e-07
1.039900000000000000e+04,5.094136099614843260e-07
1.040000000000000000e+04,5.094235575597849675e-07
1.040100000000000000e+04,5.093698405289615039e-07
1.040200000000000000e+04,5.093260710964386817e-07
1.040300000000000000e+04,5.092717856314266101e-07
1.040400000000000000e+04,5.092111337035021279e-07
1.040500000000000000e+04,5.091162620374234393e-07
1.040600000000000000e+04,5.090445256428210996e-07
1.040700000000000000e+04,5.089664227853063494e-07
1.040800000000000000e+04,5.089062256047327537e-07
1.040900000000000000e+04,5.088592160973348655e-07
1.041000000000000000e+04,5.087835575068311300e-07
1.041100000000000000e+04,5.087011345494829584e-07
1.041200000000000000e+04,5.085884708933008369e-07
1.041300000000000000e+04,5.084837084723403677e-07
1.041400000000000000e+04,5.083915652903669979e-07
1.041500000000000000e+04,5.082922029941983055e-07
1.041600000000000000e+04,5.082331426820019260e-07
1.041700000000000000e+04,5.081806193629745394e-07
1.041800000000000000e+04,5.080944447399815544e-07
1.041900000000000000e+04,5.079936045149224810e-07
1.042000000000000000e+04,5.083473411104932893e-07
1.042100000000000000e+04,5.079584184386476409e-07
1.042200000000000000e+04,5.078886147202865686e-07
1.042300000000000000e+04,5.078333629171538632e-07
1.042400000000000000e+04,5.077475293546740431e-07
1.042500000000000000e+04,5.076543061477423180e-07
1.042600000000000000e+04,5.075887088423769455e-07
1.042700000000000000e+04,5.074629711998568382e-07
1.042800000000000000e+04,5.074227260593033861e-07
1.042900000000000000e+04,5.073786724096862599e-07
1.043000000000000000e+04,5.073051170256803744e-07
1.043100000000000000e+04,5.072093358648999128e-07
1.043200000000000000e+04,5.072408839623676613e-07
1.043300000000000000e+04,5.071880195828271098e-07
1.043400000000000000e+04,5.071444206805608701e-07
1.043500000000000000e+04,5.071118494015536271e-07
1.043600000000000000e+04,5.070326096756616607e-07
1.043700000000000000e+04,5.069603616902895737e-07
1.043800000000000000e+04,5.069157964499027003e-07
1.043900000000000000e+04,5.068554855824913830e-07
1.044000000000000000e+04,5.068163204668962862e-07
1.044100000000000000e+04,5.067604433861561120e-07
1.044200000000000000e+04,5.066947323939530179e-07
1.044300000000000000e+04,5.067199708719272166e-07
1.044400000000000000e+04,5.066515882390376646e-07
1.044500000000000000e+04,5.066128778707934543e-07
1.044600000000000000e+04,5.065615482635621447e-07
1.044700000000000000e+04,5.065222126177104656e-07
1.044800000000000000e+04,5.064362653683929238e-07
1.044900000000000000e+04,5.082665097688732203e-07
1.045000000000000000e+04,5.064518404651607852e-07
1.045100000000000000e+04,5.064348442829214036e-07
1.045200000000000000e+04,5.063914727543306071e-07
1.045300000000000000e+04,5.063408252681256272e-07
1.045400000000000000e+04,5.062537411504308693e-07
1.045500000000000000e+04,5.062111654297041241e-07
1.045600000000000000e+04,5.061058345745550469e-07
1.045700000000000000e+04,5.060201715423318092e-07
1.045800000000000000e+04,5.059768568571598735e-07
1.045900000000000000e+04,5.059354748482292052e-07
1.046000000000000000e+04,5.058751639808178879e-07
1.046100000000000000e+04,5.058446390648896340e-07
1.046200000000000000e+04,5.057876251157722436e-07
1.046300000000000000e+04,5.057230509919463657e-07
1.046400000000000000e+04,5.056552367932454217e-07
1.046500000000000000e+04,5.055679253018752206e-07
1.046600000000000000e+04,5.055061365055735223e-07
1.046700000000000000e+04,5.054139364801812917e-07
1.046800000000000000e+04,5.052472715760814026e-07
1.046900000000000000e+04,5.051509219811123330e-07
1.047000000000000000e+04,5.051056177762802690e-07
1.047100000000000000e+04,5.050141567153332289e-07
1.047200000000000000e+04,5.049611218055360951e-07
1.047300000000000000e+04,5.048451612310600467e-07
1.047400000000000000e+04,5.047310196459875442e-07
1.047500000000000000e+04,5.046628643867734354e-07
1.047600000000000000e+04,5.046087494520179462e-07
1.047700000000000000e+04,5.045588409302581567e-07
1.047800000000000000e+04,5.045211537435534410e-07
1.047900000000000000e+04,5.044280442234594375e-07
1.048000000000000000e+04,5.043606279286905192e-07
1.048100000000000000e+04,5.042630277785065118e-07
1.048200000000000000e+04,5.041683834861032665e-07
1.048300000000000000e+04,5.041308099862362724e-07
1.048400000000000000e+04,5.040641894993314054e-07
1.048500000000000000e+04,5.040503765485482290e-07
1.048600000000000000e+04,5.040187147642427590e-07
1.048700000000000000e+04,5.039361212766380049e-07
1.048800000000000000e+04,5.038627364228887018e-07
1.048900000000000000e+04,5.037696837462135591e-07
1.049000000000000000e+04,5.036774837208213285e-07
1.049100000000000000e+04,5.036113748246862087e-07
1.049200000000000000e+04,5.035687422605406027e-07
1.049300000000000000e+04,5.035141725784342270e-07
1.049400000000000000e+04,5.034418677496432792e-07
1.049500000000000000e+04,5.033836032453109510e-07
1.049600000000000000e+04,5.033149932387459558e-07
1.049700000000000000e+04,5.032215995015576482e-07
1.049800000000000000e+04,5.031699288338131737e-07
1.049900000000000000e+04,5.031175192016235087e-07
1.050000000000000000e+04,5.030679517403768841e-07
1.050100000000000000e+04,5.029992848903930280e-07
1.050200000000000000e+04,5.029617682339448947e-07
1.050300000000000000e+04,5.029162366554373875e-07
1.050400000000000000e+04,5.028867349210486282e-07
1.050500000000000000e+04,5.028477403357101139e-07
1.050600000000000000e+04,5.027966381021542475e-07
1.050700000000000000e+04,5.026780627304106019e-07
1.050800000000000000e+04,5.025856353313429281e-07
1.050900000000000000e+04,5.024666620556672569e-07
1.051000000000000000e+04,5.023842959417379461e-07
1.051100000000000000e+04,5.026174108024861198e-07
1.051200000000000000e+04,5.023528615311079193e-07
1.051300000000000000e+04,5.022660616305074655e-07
1.051400000000000000e+04,5.021922788728261366e-07
1.051500000000000000e+04,5.021074684918858111e-07
1.051600000000000000e+04,5.020298772251408082e-07
1.051700000000000000e+04,5.019573450226744171e-07
1.051800000000000000e+04,5.018758884034468792e-07
1.051900000000000000e+04,5.017934086026798468e-07
1.052000000000000000e+04,5.017147373109764885e-07
1.052100000000000000e+04,5.016221393816522323e-07
1.052200000000000000e+04,5.015717192691226956e-07
1.052300000000000000e+04,5.014567250327672809e-07
1.052400000000000000e+04,5.014770181333005894e-07
1.052500000000000000e+04,5.014153430238366127e-07
1.052600000000000000e+04,5.013305894863151480e-07
1.052700000000000000e+04,5.012778387936123181e-07
1.052800000000000000e+04,5.012159931538917590e-07
1.052900000000000000e+04,5.012003043702861760e-07
1.053000000000000000e+04,5.011108896724181250e-07
1.053100000000000000e+04,5.010646759728842881e-07
1.053200000000000000e+04,5.010213044442934915e-07
1.053300000000000000e+04,5.009642904951761011e-07
1.053400000000000000e+04,5.008523089600203093e-07
1.053500000000000000e+04,5.007318009120353963e-07
1.053600000000000000e+04,5.006659193895757198e-07
1.053700000000000000e+04,5.006037895327608567e-07
1.053800000000000000e+04,5.005543357583519537e-07
1.053900000000000000e+04,5.005177854400244541e-07
1.054000000000000000e+04,5.004249601370247547e-07
1.054100000000000000e+04,5.003572027817426715e-07
1.054200000000000000e+04,5.002498824069334660e-07
1.054300000000000000e+04,5.001870135856734123e-07
1.054400000000000000e+04,5.000496798857057001e-07
1.054500000000000000e+04,5.000062515136960428e-07
1.054600000000000000e+04,4.999292855245585088e-07
1.054700000000000000e+04,4.998414055989996996e-07
1.054800000000000000e+04,4.998116196475166362e-07
1.054900000000000000e+04,4.996409757040964905e-07
1.055000000000000000e+04,4.995769131710403599e-07
1.055100000000000000e+04,4.994716391593101434e-07
1.055200000000000000e+04,4.994302571503794752e-07
1.055300000000000000e+04,4.993709694645076524e-07
1.055400000000000000e+04,4.993227094018948264e-07
1.055500000000000000e+04,4.992727440367161762e-07
1.055600000000000000e+04,4.991443347535096109e-07
1.055700000000000000e+04,4.990972684026928619e-07
1.055800000000000000e+04,4.989981903236184735e-07
1.055900000000000000e+04,4.989699391444446519e-07
1.056000000000000000e+04,4.989201443095225841e-07
1.056100000000000000e+04,4.987938382328138687e-07
1.056200000000000000e+04,4.986607677892607171e-07
1.056300000000000000e+04,4.985039936400426086e-07
1.056400000000000000e+04,4.983875214747968130e-07
1.056500000000000000e+04,4.983455710316775367e-07
1.056600000000000000e+04,4.982407517672982067e-07
1.056700000000000000e+04,4.982067025594005827e-07
1.056800000000000000e+04,4.980883545613323804e-07
1.056900000000000000e+04,4.979993946108152159e-07
1.057000000000000000e+04,4.979204959454364143e-07
1.057100000000000000e+04,4.978099923391710036e-07
1.057200000000000000e+04,4.977489425073144957e-07
1.057300000000000000e+04,4.976557761438016314e-07
1.057400000000000000e+04,4.976047307536646258e-07
1.057500000000000000e+04,4.974806415702914819e-07
1.057600000000000000e+04,4.974308467353694141e-07
1.057700000000000000e+04,4.973684326614602469e-07
1.057800000000000000e+04,4.972501415068109054e-07
1.057900000000000000e+04,4.970464715370326303e-07
1.058000000000000000e+04,4.973532554686244112e-07
1.058100000000000000e+04,4.969649580743862316e-07
1.058200000000000000e+04,4.968557618667546194e-07
1.058300000000000000e+04,4.967406539435614832e-07
1.058400000000000000e+04,4.966991014043742325e-07
1.058500000000000000e+04,4.966400410921778530e-07
1.058600000000000000e+04,4.965360744790814351e-07
1.058700000000000000e+04,4.964550157637859229e-07
1.058800000000000000e+04,4.963821993442252278e-07
1.058900000000000000e+04,4.962347475157002918e-07
1.059000000000000000e+04,4.961520971846766770e-07
1.059100000000000000e+04,4.960740511705807876e-07
1.059200000000000000e+04,4.960328396919067018e-07
1.059300000000000000e+04,4.960948558618838433e-07
1.059400000000000000e+04,4.959543389304599259e-07
1.059500000000000000e+04,4.958351382811088115e-07
1.059600000000000000e+04,4.957595933774427976e-07
1.059700000000000000e+04,4.956812631462526042e-07
1.059800000000000000e+04,4.955765007252921350e-07
1.059900000000000000e+04,4.956968950864393264e-07
1.060000000000000000e+04,4.955103918291570153e-07
1.060100000000000000e+04,4.954587780048314016e-07
1.060200000000000000e+04,4.953867573931347579e-07
1.060300000000000000e+04,4.953167263010982424e-07
1.060400000000000000e+04,4.952079279973986559e-07
1.060500000000000000e+04,4.951413643539126497e-07
1.060600000000000000e+04,4.950643983647751156e-07
1.060700000000000000e+04,4.950285301674739458e-07
1.060800000000000000e+04,4.949434924128581770e-07
1.060900000000000000e+04,4.948909122504119296e-07
1.061000000000000000e+04,4.947675620314839762e-07
1.061100000000000000e+04,4.946909939462784678e-07
1.061200000000000000e+04,4.945950422552414238e-07
1.061300000000000000e+04,4.944996021549741272e-07
1.061400000000000000e+04,4.944381544191855937e-07
1.061500000000000000e+04,4.943607905261160340e-07
1.061600000000000000e+04,4.942905320604040753e-07
1.061700000000000000e+04,4.942710347677348182e-07
1.061800000000000000e+04,4.941528572999231983e-07
1.061900000000000000e+04,4.940117719343106728e-07
1.062000000000000000e+04,4.939724931318778545e-07
1.062100000000000000e+04,4.938012239108502399e-07
1.062200000000000000e+04,4.937492121825926006e-07
1.062300000000000000e+04,4.936912887387734372e-07
1.062400000000000000e+04,4.936116511089494452e-07
1.062500000000000000e+04,4.935655510962533299e-07
1.062600000000000000e+04,4.934442472404043656e-07
1.062700000000000000e+04,4.933605168844223954e-07
1.062800000000000000e+04,4.932887236464011949e-07
1.062900000000000000e+04,4.931679313813219778e-07
1.063000000000000000e+04,4.931536636831879150e-07
1.063100000000000000e+04,4.930419663651264273e-07
1.063200000000000000e+04,4.930241175316041335e-07
1.063300000000000000e+04,4.929339638692908920e-07
1.063400000000000000e+04,4.927441636937146541e-07
1.063500000000000000e+04,4.927227905682229903e-07
1.063600000000000000e+04,4.926365591018111445e-07
1.063700000000000000e+04,4.924704057884810027e-07
1.063800000000000000e+04,4.923859364680538420e-07
1.063900000000000000e+04,4.922839025311986916e-07
1.064000000000000000e+04,4.921788558931439184e-07
1.064100000000000000e+04,4.921137133351294324e-07
1.064200000000000000e+04,4.920246965411934070e-07
1.064300000000000000e+04,4.919506864098366350e-07
1.064400000000000000e+04,4.919235720990400296e-07
1.064500000000000000e+04,4.919780280943086836e-07
1.064600000000000000e+04,4.918607032777799759e-07
1.064700000000000000e+04,4.917533260595519096e-07
1.064800000000000000e+04,4.916793727716139983e-07
1.064900000000000000e+04,4.916207103633496445e-07
1.065000000000000000e+04,4.916001330457220320e-07
1.065100000000000000e+04,4.915325462206965312e-07
1.065200000000000000e+04,4.914836040370573755e-07
1.065300000000000000e+04,4.914392661703459453e-07
1.065400000000000000e+04,4.914244868814421352e-07
1.065500000000000000e+04,4.913838438369566575e-07
1.065600000000000000e+04,4.913233055958698969e-07
1.065700000000000000e+04,4.912797635370225180e-07
1.065800000000000000e+04,4.912024564873718191e-07
1.065900000000000000e+04,4.911099722448852845e-07
1.066000000000000000e+04,4.913316047350235749e-07
1.066100000000000000e+04,4.910737061436520889e-07
1.066200000000000000e+04,4.909692847832047846e-07
1.066300000000000000e+04,4.908942514703085180e-07
1.066400000000000000e+04,4.907762445327534806e-07
1.066500000000000000e+04,4.907041670776379760e-07
1.066600000000000000e+04,4.906129333903663792e-07
1.066700000000000000e+04,4.905613195660407655e-07
1.066800000000000000e+04,4.905101036456471775e-07
1.066900000000000000e+04,4.904263732896652073e-07
1.067000000000000000e+04,4.903125159216870088e-07
1.067100000000000000e+04,4.905026003143575508e-07
1.067200000000000000e+04,4.902845489596074913e-07
1.067300000000000000e+04,4.902422574559750501e-07
1.067400000000000000e+04,4.902264549855317455e-07
1.067500000000000000e+04,4.901948500446451362e-07
1.067600000000000000e+04,4.901420425085234456e-07
1.067700000000000000e+04,4.900714998257171828e-07
1.067800000000000000e+04,4.900168733001919463e-07
1.067900000000000000e+04,4.899028454019571654e-07
1.068000000000000000e+04,4.898692509414104279e-07
1.068100000000000000e+04,4.898233214589708950e-07
1.068200000000000000e+04,4.897653980151517317e-07
1.068300000000000000e+04,4.896909331364440732e-07
1.068400000000000000e+04,4.896539280707656872e-07
1.068500000000000000e+04,4.895780989500053693e-07
1.068600000000000000e+04,4.895182428299449384e-07
1.068700000000000000e+04,4.894421294920903165e-07
1.068800000000000000e+04,4.893465188615664374e-07
1.068900000000000000e+04,4.893772143077512737e-07
1.069000000000000000e+04,4.892735887551680207e-07
1.069100000000000000e+04,4.892035008197126444e-07
1.069200000000000000e+04,4.891497269454703201e-07
1.069300000000000000e+04,4.890766831522341818e-07
1.069400000000000000e+04,4.889795377494010609e-07
1.069500000000000000e+04,4.889030265076144133e-07
1.069600000000000000e+04,4.888134412794897798e-07
1.069700000000000000e+04,4.887694444732915144e-07
1.069800000000000000e+04,4.887207865067466628e-07
