0.000000000000000000e+00,8.222108483314514160e-01
1.000000000000000000e+00,6.630281448364257812e+00
2.000000000000000000e+00,1.517308950424194336e+00
3.000000000000000000e+00,4.506058692932128906e-01
4.000000000000000000e+00,4.135214984416961670e-01
5.000000000000000000e+00,3.671838343143463135e-01
6.000000000000000000e+00,3.375919461250305176e-01
7.000000000000000000e+00,2.897820770740509033e-01
8.000000000000000000e+00,2.721655666828155518e-01
9.000000000000000000e+00,2.537865340709686279e-01
1.000000000000000000e+01,2.269233465194702148e-01
1.100000000000000000e+01,2.140336483716964722e-01
1.200000000000000000e+01,1.926528215408325195e-01
1.300000000000000000e+01,1.801294386386871338e-01
1.400000000000000000e+01,1.595101505517959595e-01
1.500000000000000000e+01,1.532599478960037231e-01
1.600000000000000000e+01,1.459847390651702881e-01
1.700000000000000000e+01,1.373968720436096191e-01
1.800000000000000000e+01,1.283560246229171753e-01
1.900000000000000000e+01,1.198659166693687439e-01
2.000000000000000000e+01,1.125327125191688538e-01
2.100000000000000000e+01,1.033614724874496460e-01
2.200000000000000000e+01,9.490802884101867676e-02
2.300000000000000000e+01,8.871361613273620605e-02
2.400000000000000000e+01,8.247832953929901123e-02
2.500000000000000000e+01,7.886175066232681274e-02
2.600000000000000000e+01,7.329992949962615967e-02
2.700000000000000000e+01,6.648240983486175537e-02
2.800000000000000000e+01,6.509875506162643433e-02
2.900000000000000000e+01,6.317555904388427734e-02
3.000000000000000000e+01,5.972101539373397827e-02
3.100000000000000000e+01,5.721911787986755371e-02
3.200000000000000000e+01,5.467479303479194641e-02
3.300000000000000000e+01,5.240500345826148987e-02
3.400000000000000000e+01,5.081073939800262451e-02
3.500000000000000000e+01,4.960206151008605957e-02
3.600000000000000000e+01,4.813855513930320740e-02
3.700000000000000000e+01,4.657904058694839478e-02
3.800000000000000000e+01,4.532965272665023804e-02
3.900000000000000000e+01,4.419973120093345642e-02
4.000000000000000000e+01,4.280633106827735901e-02
4.100000000000000000e+01,4.192454367876052856e-02
4.200000000000000000e+01,4.044252261519432068e-02
4.300000000000000000e+01,3.895774856209754944e-02
4.400000000000000000e+01,3.757475689053535461e-02
4.500000000000000000e+01,3.668049722909927368e-02
4.600000000000000000e+01,3.578231483697891235e-02
4.700000000000000000e+01,3.449879214167594910e-02
4.800000000000000000e+01,3.363119810819625854e-02
4.900000000000000000e+01,3.295532986521720886e-02
5.000000000000000000e+01,3.213845938444137573e-02
5.100000000000000000e+01,3.082680702209472656e-02
5.200000000000000000e+01,2.952848561108112335e-02
5.300000000000000000e+01,2.822575718164443970e-02
5.400000000000000000e+01,2.675662934780120850e-02
5.500000000000000000e+01,2.577423676848411560e-02
5.600000000000000000e+01,2.499559707939624786e-02
5.700000000000000000e+01,2.442531101405620575e-02
5.800000000000000000e+01,2.378270030021667480e-02
5.900000000000000000e+01,2.231266722083091736e-02
6.000000000000000000e+01,2.084278129041194916e-02
6.100000000000000000e+01,1.903029717504978180e-02
6.200000000000000000e+01,1.758290641009807587e-02
6.300000000000000000e+01,1.666834950447082520e-02
6.400000000000000000e+01,1.578074134886264801e-02
6.500000000000000000e+01,1.511201914399862289e-02
6.600000000000000000e+01,1.410132925957441330e-02
6.700000000000000000e+01,1.298466604202985764e-02
6.800000000000000000e+01,1.216325536370277405e-02
6.900000000000000000e+01,1.153211481869220734e-02
7.000000000000000000e+01,1.082290429621934891e-02
7.100000000000000000e+01,1.024192851036787033e-02
7.200000000000000000e+01,9.616890922188758850e-03
7.300000000000000000e+01,9.034991264343261719e-03
7.400000000000000000e+01,8.467731997370719910e-03
7.500000000000000000e+01,8.078309707343578339e-03
7.600000000000000000e+01,7.736270315945148468e-03
7.700000000000000000e+01,7.357925642281770706e-03
7.800000000000000000e+01,6.773330736905336380e-03
7.900000000000000000e+01,6.340160965919494629e-03
8.000000000000000000e+01,5.979534238576889038e-03
8.100000000000000000e+01,5.471846088767051697e-03
8.200000000000000000e+01,5.291140172630548477e-03
8.300000000000000000e+01,5.057912319898605347e-03
8.400000000000000000e+01,4.956752527505159378e-03
8.500000000000000000e+01,4.835713189095258713e-03
8.600000000000000000e+01,4.674488212913274765e-03
8.700000000000000000e+01,4.512181505560874939e-03
8.800000000000000000e+01,4.349892958998680115e-03
8.900000000000000000e+01,4.169166553765535355e-03
9.000000000000000000e+01,4.000257700681686401e-03
9.100000000000000000e+01,3.821423044428229332e-03
9.200000000000000000e+01,3.616836154833436012e-03
9.300000000000000000e+01,3.444044152274727821e-03
9.400000000000000000e+01,3.258168697357177734e-03
9.500000000000000000e+01,3.118582535535097122e-03
9.600000000000000000e+01,2.983897691592574120e-03
9.700000000000000000e+01,2.865644870325922966e-03
9.800000000000000000e+01,2.766964724287390709e-03
9.900000000000000000e+01,2.704502083361148834e-03
1.000000000000000000e+02,2.661808626726269722e-03
1.010000000000000000e+02,2.616650657728314400e-03
1.020000000000000000e+02,2.550815930590033531e-03
1.030000000000000000e+02,2.486505080014467239e-03
1.040000000000000000e+02,2.411359688267111778e-03
1.050000000000000000e+02,2.341388724744319916e-03
1.060000000000000000e+02,2.282070927321910858e-03
1.070000000000000000e+02,2.220774767920374870e-03
1.080000000000000000e+02,2.158136339858174324e-03
1.090000000000000000e+02,2.106911502778530121e-03
1.100000000000000000e+02,2.060915110632777214e-03
1.110000000000000000e+02,2.028665971010923386e-03
1.120000000000000000e+02,1.989032374694943428e-03
1.130000000000000000e+02,1.926170196384191513e-03
1.140000000000000000e+02,1.862360630184412003e-03
1.150000000000000000e+02,1.819734578020870686e-03
1.160000000000000000e+02,1.793852425180375576e-03
1.170000000000000000e+02,1.767527195625007153e-03
1.180000000000000000e+02,1.745258923619985580e-03
1.190000000000000000e+02,1.704053720459342003e-03
1.200000000000000000e+02,1.678643398918211460e-03
1.210000000000000000e+02,1.654878840781748295e-03
1.220000000000000000e+02,1.611426938325166702e-03
1.230000000000000000e+02,1.561750075779855251e-03
1.240000000000000000e+02,1.513227703981101513e-03
1.250000000000000000e+02,1.485569751821458340e-03
1.260000000000000000e+02,1.470064977183938026e-03
1.270000000000000000e+02,1.447586575523018837e-03
1.280000000000000000e+02,1.410188036970794201e-03
1.290000000000000000e+02,1.381407026201486588e-03
1.300000000000000000e+02,1.358580775558948517e-03
1.310000000000000000e+02,1.332434127107262611e-03
1.320000000000000000e+02,1.296611269935965538e-03
1.330000000000000000e+02,1.265977858565747738e-03
1.340000000000000000e+02,1.252220477908849716e-03
1.350000000000000000e+02,1.236157375387847424e-03
1.360000000000000000e+02,1.213778508827090263e-03
1.370000000000000000e+02,1.200136612169444561e-03
1.380000000000000000e+02,1.169649069197475910e-03
1.390000000000000000e+02,1.154803670942783356e-03
1.400000000000000000e+02,1.141759799793362617e-03
1.410000000000000000e+02,1.118837390094995499e-03
1.420000000000000000e+02,1.105087227188050747e-03
1.430000000000000000e+02,1.080275513231754303e-03
1.440000000000000000e+02,1.071294071152806282e-03
1.450000000000000000e+02,1.061736838892102242e-03
1.460000000000000000e+02,1.045779092237353325e-03
1.470000000000000000e+02,1.033722306601703167e-03
1.480000000000000000e+02,1.003148034214973450e-03
1.490000000000000000e+02,9.914971888065338135e-04
1.500000000000000000e+02,9.729887824505567551e-04
1.510000000000000000e+02,9.600853081792593002e-04
1.520000000000000000e+02,9.380984120070934296e-04
1.530000000000000000e+02,9.239484788849949837e-04
1.540000000000000000e+02,9.153941064141690731e-04
1.550000000000000000e+02,9.025057661347091198e-04
1.560000000000000000e+02,8.870157180353999138e-04
1.570000000000000000e+02,8.717848686501383781e-04
1.580000000000000000e+02,8.588076452724635601e-04
1.590000000000000000e+02,8.461896795779466629e-04
1.600000000000000000e+02,8.354896563105285168e-04
1.610000000000000000e+02,8.236746070906519890e-04
1.620000000000000000e+02,8.146099280565977097e-04
1.630000000000000000e+02,8.063073037192225456e-04
1.640000000000000000e+02,8.063056156970560551e-04
1.650000000000000000e+02,7.996030617505311966e-04
1.660000000000000000e+02,7.885603699833154678e-04
1.670000000000000000e+02,7.784557528793811798e-04
1.680000000000000000e+02,7.681201677769422531e-04
1.690000000000000000e+02,7.599672535434365273e-04
1.700000000000000000e+02,7.549783913418650627e-04
1.710000000000000000e+02,7.446232484653592110e-04
1.720000000000000000e+02,7.338378927670419216e-04
1.730000000000000000e+02,7.194246863946318626e-04
1.740000000000000000e+02,7.086624391376972198e-04
1.750000000000000000e+02,6.991254049353301525e-04
1.760000000000000000e+02,6.919489242136478424e-04
1.770000000000000000e+02,6.850795471109449863e-04
1.780000000000000000e+02,6.886835908517241478e-04
1.790000000000000000e+02,6.809333572164177895e-04
1.800000000000000000e+02,6.730397581122815609e-04
1.810000000000000000e+02,6.625619716942310333e-04
1.820000000000000000e+02,6.519191083498299122e-04
1.830000000000000000e+02,6.425733445212244987e-04
1.840000000000000000e+02,6.321415421552956104e-04
1.850000000000000000e+02,6.246505072340369225e-04
1.860000000000000000e+02,6.173237343318760395e-04
1.870000000000000000e+02,6.104854401201009750e-04
1.880000000000000000e+02,6.021877052262425423e-04
1.890000000000000000e+02,5.952508654445409775e-04
1.900000000000000000e+02,5.907708546146750450e-04
1.910000000000000000e+02,5.870808963663876057e-04
1.920000000000000000e+02,5.817917990498244762e-04
1.930000000000000000e+02,5.714890430681407452e-04
1.940000000000000000e+02,5.643441691063344479e-04
1.950000000000000000e+02,5.573204834945499897e-04
1.960000000000000000e+02,5.517679965123534203e-04
1.970000000000000000e+02,5.450917524285614491e-04
1.980000000000000000e+02,5.427846917882561684e-04
1.990000000000000000e+02,5.365081015042960644e-04
2.000000000000000000e+02,5.321118514984846115e-04
2.010000000000000000e+02,5.256438162177801132e-04
2.020000000000000000e+02,5.176633712835609913e-04
2.030000000000000000e+02,5.153032252565026283e-04
2.040000000000000000e+02,5.054240464232861996e-04
2.050000000000000000e+02,5.016660434193909168e-04
2.060000000000000000e+02,4.958849749527871609e-04
2.070000000000000000e+02,4.925088142044842243e-04
2.080000000000000000e+02,4.849509277846664190e-04
2.090000000000000000e+02,4.811386170331388712e-04
2.100000000000000000e+02,4.786581848748028278e-04
2.110000000000000000e+02,4.747256170958280563e-04
2.120000000000000000e+02,4.673138028010725975e-04
2.130000000000000000e+02,4.637752426788210869e-04
2.140000000000000000e+02,4.579034866765141487e-04
2.150000000000000000e+02,4.546357085928320885e-04
2.160000000000000000e+02,4.510691214818507433e-04
2.170000000000000000e+02,4.477845213841646910e-04
2.180000000000000000e+02,4.446399689186364412e-04
2.190000000000000000e+02,4.421872145030647516e-04
2.200000000000000000e+02,4.393215058371424675e-04
2.210000000000000000e+02,4.338772851042449474e-04
2.220000000000000000e+02,4.405117942951619625e-04
2.230000000000000000e+02,4.311545926611870527e-04
2.240000000000000000e+02,4.260371788404881954e-04
2.250000000000000000e+02,4.222995776217430830e-04
2.260000000000000000e+02,4.180303949397057295e-04
2.270000000000000000e+02,4.141675890423357487e-04
2.280000000000000000e+02,4.098936042282730341e-04
2.290000000000000000e+02,4.058661579620093107e-04
2.300000000000000000e+02,4.025726229883730412e-04
2.310000000000000000e+02,3.970187390223145485e-04
2.320000000000000000e+02,3.929410886485129595e-04
2.330000000000000000e+02,3.874808317050337791e-04
2.340000000000000000e+02,3.845374158117920160e-04
2.350000000000000000e+02,3.826005558948963881e-04
2.360000000000000000e+02,3.803189611062407494e-04
2.370000000000000000e+02,3.768646274693310261e-04
2.380000000000000000e+02,3.729999880306422710e-04
2.390000000000000000e+02,3.693198086693882942e-04
2.400000000000000000e+02,3.631766885519027710e-04
2.410000000000000000e+02,3.609443956520408392e-04
2.420000000000000000e+02,3.553450515028089285e-04
2.430000000000000000e+02,3.535225405357778072e-04
2.440000000000000000e+02,3.508146619424223900e-04
2.450000000000000000e+02,3.475325647741556168e-04
2.460000000000000000e+02,3.440122527536004782e-04
2.470000000000000000e+02,3.409934579394757748e-04
2.480000000000000000e+02,3.369464830029755831e-04
2.490000000000000000e+02,3.423133748583495617e-04
2.500000000000000000e+02,3.347688470967113972e-04
2.510000000000000000e+02,3.319596580695360899e-04
2.520000000000000000e+02,3.287350991740822792e-04
2.530000000000000000e+02,3.260692174080759287e-04
2.540000000000000000e+02,3.233354655094444752e-04
2.550000000000000000e+02,3.203485393896698952e-04
2.560000000000000000e+02,3.179906634613871574e-04
2.570000000000000000e+02,3.150632255710661411e-04
2.580000000000000000e+02,3.112456761300563812e-04
2.590000000000000000e+02,3.096278815064579248e-04
2.600000000000000000e+02,3.059876617044210434e-04
2.610000000000000000e+02,3.044626209884881973e-04
2.620000000000000000e+02,3.031080705113708973e-04
2.630000000000000000e+02,3.012589295394718647e-04
2.640000000000000000e+02,2.991130750160664320e-04
2.650000000000000000e+02,2.952155482489615679e-04
2.660000000000000000e+02,2.921377599705010653e-04
2.670000000000000000e+02,2.904351858887821436e-04
2.680000000000000000e+02,2.891120093408972025e-04
2.690000000000000000e+02,2.876376966014504433e-04
2.700000000000000000e+02,2.858800580725073814e-04
2.710000000000000000e+02,2.845282433554530144e-04
2.720000000000000000e+02,2.833647595252841711e-04
2.730000000000000000e+02,2.819100918713957071e-04
2.740000000000000000e+02,2.803320821840316057e-04
2.750000000000000000e+02,2.780432696454226971e-04
2.760000000000000000e+02,2.759207854978740215e-04
2.770000000000000000e+02,2.737206232268363237e-04
2.780000000000000000e+02,2.720115880947560072e-04
2.790000000000000000e+02,2.702984202187508345e-04
2.800000000000000000e+02,2.691825502552092075e-04
2.810000000000000000e+02,2.672103000804781914e-04
2.820000000000000000e+02,2.663041814230382442e-04
2.830000000000000000e+02,2.642706967890262604e-04
2.840000000000000000e+02,2.632797695696353912e-04
2.850000000000000000e+02,2.619804872665554285e-04
2.860000000000000000e+02,2.597531420178711414e-04
2.870000000000000000e+02,2.625905035529285669e-04
2.880000000000000000e+02,2.586034242995083332e-04
2.890000000000000000e+02,2.564468013588339090e-04
2.900000000000000000e+02,2.553312224335968494e-04
2.910000000000000000e+02,2.539462002459913492e-04
2.920000000000000000e+02,2.526071912143379450e-04
2.930000000000000000e+02,2.514308434911072254e-04
2.940000000000000000e+02,2.494515501894056797e-04
2.950000000000000000e+02,2.474698121659457684e-04
2.960000000000000000e+02,2.454787609167397022e-04
2.970000000000000000e+02,2.431407046969980001e-04
2.980000000000000000e+02,2.420603996142745018e-04
2.990000000000000000e+02,2.410577289992943406e-04
3.000000000000000000e+02,2.401218953309580684e-04
3.010000000000000000e+02,2.390817389823496342e-04
3.020000000000000000e+02,2.373073511989787221e-04
3.030000000000000000e+02,2.363038511248305440e-04
3.040000000000000000e+02,2.346290129935368896e-04
3.050000000000000000e+02,2.325608220417052507e-04
3.060000000000000000e+02,2.314295124961063266e-04
3.070000000000000000e+02,2.296669554198160768e-04
3.080000000000000000e+02,2.311784483026713133e-04
3.090000000000000000e+02,2.289091644342988729e-04
3.100000000000000000e+02,2.276992599945515394e-04
3.110000000000000000e+02,2.267179079353809357e-04
3.120000000000000000e+02,2.252527920063585043e-04
3.130000000000000000e+02,2.236436121165752411e-04
3.140000000000000000e+02,2.213101106463000178e-04
3.150000000000000000e+02,2.196768327848985791e-04
3.160000000000000000e+02,2.183378674089908600e-04
3.170000000000000000e+02,2.175976260332390666e-04
3.180000000000000000e+02,2.164501202059909701e-04
3.190000000000000000e+02,2.148379280697554350e-04
3.200000000000000000e+02,2.134672104148194194e-04
3.210000000000000000e+02,2.122340374626219273e-04
3.220000000000000000e+02,2.112565562129020691e-04
3.230000000000000000e+02,2.104672894347459078e-04
3.240000000000000000e+02,2.095462987199425697e-04
3.250000000000000000e+02,2.087963512167334557e-04
3.260000000000000000e+02,2.080615522572770715e-04
3.270000000000000000e+02,2.069174079224467278e-04
3.280000000000000000e+02,2.058228274108842015e-04
3.290000000000000000e+02,2.047547168331220746e-04
3.300000000000000000e+02,2.032718912232667208e-04
3.310000000000000000e+02,2.022044209297746420e-04
3.320000000000000000e+02,2.015570644289255142e-04
3.330000000000000000e+02,2.006881404668092728e-04
3.340000000000000000e+02,2.000556269194930792e-04
3.350000000000000000e+02,1.994307240238413215e-04
3.360000000000000000e+02,1.979691442102193832e-04
3.370000000000000000e+02,1.969104341696947813e-04
3.380000000000000000e+02,1.951810409082099795e-04
3.390000000000000000e+02,1.944899413501843810e-04
3.400000000000000000e+02,1.931079896166920662e-04
3.410000000000000000e+02,1.918233901960775256e-04
3.420000000000000000e+02,1.907772675622254610e-04
3.430000000000000000e+02,1.898869231808930635e-04
3.440000000000000000e+02,1.891305000754073262e-04
3.450000000000000000e+02,1.885569654405117035e-04
3.460000000000000000e+02,1.875961606856435537e-04
3.470000000000000000e+02,1.854873116826638579e-04
3.480000000000000000e+02,1.838095922721549869e-04
3.490000000000000000e+02,1.824498467613011599e-04
3.500000000000000000e+02,1.813613489503040910e-04
3.510000000000000000e+02,1.804410858312621713e-04
3.520000000000000000e+02,1.793986593838781118e-04
3.530000000000000000e+02,1.784862979548051953e-04
3.540000000000000000e+02,1.771210372680798173e-04
3.550000000000000000e+02,1.777166908141225576e-04
3.560000000000000000e+02,1.763633190421387553e-04
3.570000000000000000e+02,1.755516277626156807e-04
3.580000000000000000e+02,1.741026790114119649e-04
3.590000000000000000e+02,1.740607549436390400e-04
3.600000000000000000e+02,1.736160047585144639e-04
3.610000000000000000e+02,1.731677475618198514e-04
3.620000000000000000e+02,1.723491150187328458e-04
3.630000000000000000e+02,1.715105463517829776e-04
3.640000000000000000e+02,1.707691262708976865e-04
3.650000000000000000e+02,1.696786639513447881e-04
3.660000000000000000e+02,1.688589982222765684e-04
3.670000000000000000e+02,1.679762644926086068e-04
3.680000000000000000e+02,1.662761060288175941e-04
3.690000000000000000e+02,1.644441217649728060e-04
3.700000000000000000e+02,1.648274192120879889e-04
3.710000000000000000e+02,1.633671345189213753e-04
3.720000000000000000e+02,1.626505109015852213e-04
3.730000000000000000e+02,1.620687253307551146e-04
3.740000000000000000e+02,1.612598716747015715e-04
3.750000000000000000e+02,1.581317628733813763e-04
3.760000000000000000e+02,1.630300830584019423e-04
3.770000000000000000e+02,1.572114415466785431e-04
3.780000000000000000e+02,1.554857444716617465e-04
3.790000000000000000e+02,1.540397061035037041e-04
3.800000000000000000e+02,1.537133211968466640e-04
3.810000000000000000e+02,1.522347884019836783e-04
3.820000000000000000e+02,1.516203046776354313e-04
3.830000000000000000e+02,1.508308923803269863e-04
3.840000000000000000e+02,1.498619094491004944e-04
3.850000000000000000e+02,1.480938226450234652e-04
3.860000000000000000e+02,1.479566853959113359e-04
3.870000000000000000e+02,1.470732968300580978e-04
3.880000000000000000e+02,1.459431223338469863e-04
3.890000000000000000e+02,1.451343996450304985e-04
3.900000000000000000e+02,1.441486529074609280e-04
3.910000000000000000e+02,1.425628579454496503e-04
3.920000000000000000e+02,1.416762243025004864e-04
3.930000000000000000e+02,1.410362892784178257e-04
3.940000000000000000e+02,1.405243820045143366e-04
3.950000000000000000e+02,1.399301254423335195e-04
3.960000000000000000e+02,1.389470999129116535e-04
3.970000000000000000e+02,1.385110081173479557e-04
3.980000000000000000e+02,1.371977123199030757e-04
3.990000000000000000e+02,1.365082862321287394e-04
4.000000000000000000e+02,1.357451837975531816e-04
4.010000000000000000e+02,1.345457567367702723e-04
4.020000000000000000e+02,1.359790039714425802e-04
4.030000000000000000e+02,1.339771697530522943e-04
4.040000000000000000e+02,1.326740457443520427e-04
4.050000000000000000e+02,1.316899579251185060e-04
4.060000000000000000e+02,1.305618206970393658e-04
4.070000000000000000e+02,1.294680405408143997e-04
4.080000000000000000e+02,1.283483434235677123e-04
4.090000000000000000e+02,1.268965424969792366e-04
4.100000000000000000e+02,1.259859127458184958e-04
4.110000000000000000e+02,1.251594803761690855e-04
4.120000000000000000e+02,1.246565661858767271e-04
4.130000000000000000e+02,1.241169666172936559e-04
4.140000000000000000e+02,1.234308001585304737e-04
4.150000000000000000e+02,1.229539338964968920e-04
4.160000000000000000e+02,1.231337082572281361e-04
4.170000000000000000e+02,1.223496947204694152e-04
4.180000000000000000e+02,1.211730268551036716e-04
4.190000000000000000e+02,1.202164203277789056e-04
4.200000000000000000e+02,1.192397103295661509e-04
4.210000000000000000e+02,1.184101784019730985e-04
4.220000000000000000e+02,1.174766293843276799e-04
4.230000000000000000e+02,1.167900772998109460e-04
4.240000000000000000e+02,1.161142572527751327e-04
4.250000000000000000e+02,1.150764437625184655e-04
4.260000000000000000e+02,1.140688182204030454e-04
4.270000000000000000e+02,1.134466510848142207e-04
4.280000000000000000e+02,1.130381715483963490e-04
4.290000000000000000e+02,1.122556423069909215e-04
4.300000000000000000e+02,1.115044215111993253e-04
4.310000000000000000e+02,1.102590831578709185e-04
4.320000000000000000e+02,1.094532999559305608e-04
4.330000000000000000e+02,1.082741946447640657e-04
4.340000000000000000e+02,1.077048509614542127e-04
4.350000000000000000e+02,1.068953497451730072e-04
4.360000000000000000e+02,1.060967479133978486e-04
4.370000000000000000e+02,1.051158906193450093e-04
4.380000000000000000e+02,1.044698801706545055e-04
4.390000000000000000e+02,1.038841946865431964e-04
4.400000000000000000e+02,1.033836379065178335e-04
4.410000000000000000e+02,1.021209245664067566e-04
4.420000000000000000e+02,1.021917123580351472e-04
4.430000000000000000e+02,1.016046735458076000e-04
4.440000000000000000e+02,1.010705964290536940e-04
4.450000000000000000e+02,1.002796852844767272e-04
4.460000000000000000e+02,9.947251965058967471e-05
4.470000000000000000e+02,9.841133578447625041e-05
4.480000000000000000e+02,9.731240425026044250e-05
4.490000000000000000e+02,9.656189649831503630e-05
4.500000000000000000e+02,9.593696449883282185e-05
4.510000000000000000e+02,9.532771946396678686e-05
4.520000000000000000e+02,9.448125638300552964e-05
4.530000000000000000e+02,9.399039117852225900e-05
4.540000000000000000e+02,9.236436017090454698e-05
4.550000000000000000e+02,9.189316915581002831e-05
4.560000000000000000e+02,9.142884664470329881e-05
4.570000000000000000e+02,9.093016706174239516e-05
4.580000000000000000e+02,9.035805123858153820e-05
4.590000000000000000e+02,8.975551463663578033e-05
4.600000000000000000e+02,8.939927647588774562e-05
4.610000000000000000e+02,8.890652679838240147e-05
4.620000000000000000e+02,8.807547419564798474e-05
4.630000000000000000e+02,8.730616536922752857e-05
4.640000000000000000e+02,8.658082515466958284e-05
4.650000000000000000e+02,8.614276885055005550e-05
4.660000000000000000e+02,8.585928298998624086e-05
4.670000000000000000e+02,8.567831537220627069e-05
4.680000000000000000e+02,8.515106310369446874e-05
4.690000000000000000e+02,8.467498992104083300e-05
4.700000000000000000e+02,8.423995313933119178e-05
4.710000000000000000e+02,8.386286208406090736e-05
4.720000000000000000e+02,8.347890252480283380e-05
4.730000000000000000e+02,8.309571421705186367e-05
4.740000000000000000e+02,8.212711691157892346e-05
4.750000000000000000e+02,8.198702562367543578e-05
4.760000000000000000e+02,8.102069114102050662e-05
4.770000000000000000e+02,8.073059143498539925e-05
4.780000000000000000e+02,8.035865903366357088e-05
4.790000000000000000e+02,8.005564450286328793e-05
4.800000000000000000e+02,7.963283132994547486e-05
4.810000000000000000e+02,7.919018389657139778e-05
4.820000000000000000e+02,7.870807894505560398e-05
4.830000000000000000e+02,7.829324749764055014e-05
4.840000000000000000e+02,7.789908704580739141e-05
4.850000000000000000e+02,7.741143781458958983e-05
4.860000000000000000e+02,7.687816832913085818e-05
4.870000000000000000e+02,7.668126636417582631e-05
4.880000000000000000e+02,7.612997433170676231e-05
4.890000000000000000e+02,7.596531941089779139e-05
4.900000000000000000e+02,7.575578638352453709e-05
4.910000000000000000e+02,7.545386324636638165e-05
4.920000000000000000e+02,7.524441753048449755e-05
4.930000000000000000e+02,7.493502198485657573e-05
4.940000000000000000e+02,7.466974057024344802e-05
4.950000000000000000e+02,7.446847303071990609e-05
4.960000000000000000e+02,7.386022480204701424e-05
4.970000000000000000e+02,7.422990165650844574e-05
4.980000000000000000e+02,7.360671588685363531e-05
4.990000000000000000e+02,7.310748333111405373e-05
5.000000000000000000e+02,7.279011333594098687e-05
5.010000000000000000e+02,7.250733324326574802e-05
5.020000000000000000e+02,7.223751890705898404e-05
5.030000000000000000e+02,7.198724779300391674e-05
5.040000000000000000e+02,7.165146234910935163e-05
5.050000000000000000e+02,7.132403698051348329e-05
5.060000000000000000e+02,7.095206819940358400e-05
5.070000000000000000e+02,7.096791523508727551e-05
5.080000000000000000e+02,7.077493501128628850e-05
5.090000000000000000e+02,7.055151218082755804e-05
5.100000000000000000e+02,7.026396633591502905e-05
5.110000000000000000e+02,6.996888259891420603e-05
5.120000000000000000e+02,6.963989289943128824e-05
5.130000000000000000e+02,6.931834650458768010e-05
5.140000000000000000e+02,6.900724110892042518e-05
5.150000000000000000e+02,6.861777364974841475e-05
5.160000000000000000e+02,6.829761696280911565e-05
5.170000000000000000e+02,6.799663970014080405e-05
5.180000000000000000e+02,6.746430153725668788e-05
5.190000000000000000e+02,6.790520274080336094e-05
5.200000000000000000e+02,6.728508742526173592e-05
5.210000000000000000e+02,6.698501238133758307e-05
5.220000000000000000e+02,6.676265911664813757e-05
5.230000000000000000e+02,6.653735908912494779e-05
5.240000000000000000e+02,6.620581552851945162e-05
5.250000000000000000e+02,6.597644096473231912e-05
5.260000000000000000e+02,6.555539584951475263e-05
5.270000000000000000e+02,6.528398807859048247e-05
5.280000000000000000e+02,6.507362559204921126e-05
5.290000000000000000e+02,6.492038664873689413e-05
5.300000000000000000e+02,6.463989120675250888e-05
5.310000000000000000e+02,6.447664782172068954e-05
5.320000000000000000e+02,6.430286157410591841e-05
5.330000000000000000e+02,6.394803494913503528e-05
5.340000000000000000e+02,6.403622683137655258e-05
5.350000000000000000e+02,6.370752089424058795e-05
5.360000000000000000e+02,6.327823939500376582e-05
5.370000000000000000e+02,6.304515409283339977e-05
5.380000000000000000e+02,6.279263470787554979e-05
5.390000000000000000e+02,6.261710223043337464e-05
5.400000000000000000e+02,6.242183735594153404e-05
5.410000000000000000e+02,6.223580567166209221e-05
5.420000000000000000e+02,6.210064748302102089e-05
5.430000000000000000e+02,6.189837586134672165e-05
5.440000000000000000e+02,6.169558037072420120e-05
5.450000000000000000e+02,6.154207949293777347e-05
5.460000000000000000e+02,6.122898048488423228e-05
5.470000000000000000e+02,6.096968718338757753e-05
5.480000000000000000e+02,6.071266034268774092e-05
5.490000000000000000e+02,6.055129779269918799e-05
5.500000000000000000e+02,6.034204852767288685e-05
5.510000000000000000e+02,6.022307206876575947e-05
5.520000000000000000e+02,6.001843212288804352e-05
5.530000000000000000e+02,5.972519647912122309e-05
5.540000000000000000e+02,5.960739872534759343e-05
5.550000000000000000e+02,5.925928417127579451e-05
5.560000000000000000e+02,5.914369103265926242e-05
5.570000000000000000e+02,5.899638563278131187e-05
5.580000000000000000e+02,5.886047438252717257e-05
5.590000000000000000e+02,5.860942110302858055e-05
5.600000000000000000e+02,5.844954284839332104e-05
5.610000000000000000e+02,5.827522909385152161e-05
5.620000000000000000e+02,5.798667552880942822e-05
5.630000000000000000e+02,5.775915269623510540e-05
5.640000000000000000e+02,5.750805212301202118e-05
5.650000000000000000e+02,5.735932427342049778e-05
5.660000000000000000e+02,5.719976979889906943e-05
5.670000000000000000e+02,5.708640674129128456e-05
5.680000000000000000e+02,5.688834789907559752e-05
5.690000000000000000e+02,5.676703949575312436e-05
5.700000000000000000e+02,5.663766933139413595e-05
5.710000000000000000e+02,5.639567461912520230e-05
5.720000000000000000e+02,5.664416676154360175e-05
5.730000000000000000e+02,5.625028643407858908e-05
5.740000000000000000e+02,5.601230805041268468e-05
5.750000000000000000e+02,5.584450991591438651e-05
5.760000000000000000e+02,5.573546877712942660e-05
5.770000000000000000e+02,5.560105273616500199e-05
5.780000000000000000e+02,5.525673623196780682e-05
5.790000000000000000e+02,5.494515426107682288e-05
5.800000000000000000e+02,5.465781578095629811e-05
5.810000000000000000e+02,5.444430280476808548e-05
5.820000000000000000e+02,5.419930312200449407e-05
5.830000000000000000e+02,5.408713695942424238e-05
5.840000000000000000e+02,5.382229210226796567e-05
5.850000000000000000e+02,5.358658381737768650e-05
5.860000000000000000e+02,5.325460006133653224e-05
5.870000000000000000e+02,5.307895116857253015e-05
5.880000000000000000e+02,5.290903573040850461e-05
5.890000000000000000e+02,5.280343975755386055e-05
5.900000000000000000e+02,5.262060221866704524e-05
5.910000000000000000e+02,5.244486965239048004e-05
5.920000000000000000e+02,5.233340198174118996e-05
5.930000000000000000e+02,5.219317608862183988e-05
5.940000000000000000e+02,5.201930980547331274e-05
5.950000000000000000e+02,5.190775846131145954e-05
5.960000000000000000e+02,5.170182703295722604e-05
5.970000000000000000e+02,5.153223173692822456e-05
5.980000000000000000e+02,5.128536940901540220e-05
5.990000000000000000e+02,5.103574221720919013e-05
6.000000000000000000e+02,5.070409679319709539e-05
6.010000000000000000e+02,5.049943501944653690e-05
6.020000000000000000e+02,5.030316242482513189e-05
6.030000000000000000e+02,5.008097286918200552e-05
6.040000000000000000e+02,4.993507536710239947e-05
6.050000000000000000e+02,4.974723196937702596e-05
6.060000000000000000e+02,4.961844751960597932e-05
6.070000000000000000e+02,4.947714842273853719e-05
6.080000000000000000e+02,4.932441879645921290e-05
6.090000000000000000e+02,4.909966082777827978e-05
6.100000000000000000e+02,4.895119127468205988e-05
6.110000000000000000e+02,4.875651211477816105e-05
6.120000000000000000e+02,4.856916712014935911e-05
6.130000000000000000e+02,4.834610081161372364e-05
6.140000000000000000e+02,4.822576011065393686e-05
6.150000000000000000e+02,4.804345007869414985e-05
6.160000000000000000e+02,4.782225369126535952e-05
6.170000000000000000e+02,4.774309127242304385e-05
6.180000000000000000e+02,4.745109617942944169e-05
6.190000000000000000e+02,4.736776463687419891e-05
6.200000000000000000e+02,4.722113953903317451e-05
6.210000000000000000e+02,4.726556653622537851e-05
6.220000000000000000e+02,4.714526221505366266e-05
6.230000000000000000e+02,4.701123179984278977e-05
6.240000000000000000e+02,4.687601904151961207e-05
6.250000000000000000e+02,4.670878479373641312e-05
6.260000000000000000e+02,4.654523218050599098e-05
6.270000000000000000e+02,4.641286068363115191e-05
6.280000000000000000e+02,4.634784636436961591e-05
6.290000000000000000e+02,4.627505404641851783e-05
6.300000000000000000e+02,4.620822073775343597e-05
6.310000000000000000e+02,4.610273390426300466e-05
6.320000000000000000e+02,4.590639946400187910e-05
6.330000000000000000e+02,4.577950676321052015e-05
6.340000000000000000e+02,4.566908319247886539e-05
6.350000000000000000e+02,4.554635597742162645e-05
6.360000000000000000e+02,4.544443072518333793e-05
6.370000000000000000e+02,4.534443723969161510e-05
6.380000000000000000e+02,4.515150067163631320e-05
6.390000000000000000e+02,4.503358650254085660e-05
6.400000000000000000e+02,4.489111233851872385e-05
6.410000000000000000e+02,4.469775012694299221e-05
6.420000000000000000e+02,4.457708564586937428e-05
6.430000000000000000e+02,4.456223905435763299e-05
6.440000000000000000e+02,4.449634434422478080e-05
6.450000000000000000e+02,4.437963798409327865e-05
6.460000000000000000e+02,4.428068496054038405e-05
6.470000000000000000e+02,4.412714406498707831e-05
6.480000000000000000e+02,4.397333759698085487e-05
6.490000000000000000e+02,4.382299812277778983e-05
6.500000000000000000e+02,4.371009345049969852e-05
6.510000000000000000e+02,4.356728459242731333e-05
6.520000000000000000e+02,4.346801142673939466e-05
6.530000000000000000e+02,4.320821608416736126e-05
6.540000000000000000e+02,4.348581569502130151e-05
6.550000000000000000e+02,4.310749864089302719e-05
6.560000000000000000e+02,4.290956712793558836e-05
6.570000000000000000e+02,4.275185710866935551e-05
6.580000000000000000e+02,4.258783883415162563e-05
6.590000000000000000e+02,4.240316047798842192e-05
6.600000000000000000e+02,4.276153049431741238e-05
6.610000000000000000e+02,4.230664853821508586e-05
6.620000000000000000e+02,4.217716923449188471e-05
6.630000000000000000e+02,4.208444806863553822e-05
6.640000000000000000e+02,4.197623275103978813e-05
6.650000000000000000e+02,4.185366196907125413e-05
6.660000000000000000e+02,4.167885708739049733e-05
6.670000000000000000e+02,4.157517469138838351e-05
6.680000000000000000e+02,4.141067984164692461e-05
6.690000000000000000e+02,4.146859282627701759e-05
6.700000000000000000e+02,4.132232788833789527e-05
6.710000000000000000e+02,4.117550270166248083e-05
6.720000000000000000e+02,4.100202204426750541e-05
6.730000000000000000e+02,4.080628059455193579e-05
6.740000000000000000e+02,4.058205013279803097e-05
6.750000000000000000e+02,4.054046075907535851e-05
6.760000000000000000e+02,4.035068923258222640e-05
6.770000000000000000e+02,4.029332558275200427e-05
6.780000000000000000e+02,4.019672269350849092e-05
6.790000000000000000e+02,4.008776886621490121e-05
6.800000000000000000e+02,3.994981670984998345e-05
6.810000000000000000e+02,3.986420051660388708e-05
6.820000000000000000e+02,3.975786603405140340e-05
6.830000000000000000e+02,3.973249113187193871e-05
6.840000000000000000e+02,3.948981247958727181e-05
6.850000000000000000e+02,3.936053690267726779e-05
6.860000000000000000e+02,3.921246025129221380e-05
6.870000000000000000e+02,3.903540346072986722e-05
6.880000000000000000e+02,3.925856799469329417e-05
6.890000000000000000e+02,3.890144216711632907e-05
6.900000000000000000e+02,3.872289744322188199e-05
6.910000000000000000e+02,3.861287405015900731e-05
6.920000000000000000e+02,3.844955426757223904e-05
6.930000000000000000e+02,3.865786129608750343e-05
6.940000000000000000e+02,3.839140481431968510e-05
6.950000000000000000e+02,3.828340413747355342e-05
6.960000000000000000e+02,3.816060416284017265e-05
6.970000000000000000e+02,3.803478830377571285e-05
6.980000000000000000e+02,3.802265564445406199e-05
6.990000000000000000e+02,3.796478631556965411e-05
7.000000000000000000e+02,3.788576577790081501e-05
7.010000000000000000e+02,3.775897130253724754e-05
7.020000000000000000e+02,3.765783185372129083e-05
7.030000000000000000e+02,3.782888234127312899e-05
7.040000000000000000e+02,3.760553954634815454e-05
7.050000000000000000e+02,3.749872485059313476e-05
7.060000000000000000e+02,3.739678868441842496e-05
7.070000000000000000e+02,3.728973752004094422e-05
7.080000000000000000e+02,3.715697675943374634e-05
7.090000000000000000e+02,3.702679896377958357e-05
7.100000000000000000e+02,3.690142330015078187e-05
7.110000000000000000e+02,3.685282354126684368e-05
7.120000000000000000e+02,3.677931454149074852e-05
7.130000000000000000e+02,3.668432691483758390e-05
7.140000000000000000e+02,3.667221608338877559e-05
7.150000000000000000e+02,3.650814323918893933e-05
7.160000000000000000e+02,3.644617027021013200e-05
7.170000000000000000e+02,3.635004759416915476e-05
7.180000000000000000e+02,3.624469172791577876e-05
7.190000000000000000e+02,3.629523416748270392e-05
7.200000000000000000e+02,3.615024616010487080e-05
7.210000000000000000e+02,3.603552613640204072e-05
7.220000000000000000e+02,3.594594090827740729e-05
7.230000000000000000e+02,3.587333412724547088e-05
7.240000000000000000e+02,3.573215144569985569e-05
7.250000000000000000e+02,3.569461841834709048e-05
7.260000000000000000e+02,3.552962152753025293e-05
7.270000000000000000e+02,3.545818617567420006e-05
7.280000000000000000e+02,3.534910501912236214e-05
7.290000000000000000e+02,3.524389831000007689e-05
7.300000000000000000e+02,3.512219336698763072e-05
7.310000000000000000e+02,3.505833592498674989e-05
7.320000000000000000e+02,3.499362355796620250e-05
7.330000000000000000e+02,3.490758899715729058e-05
7.340000000000000000e+02,3.478217695374041796e-05
7.350000000000000000e+02,3.463746907073073089e-05
7.360000000000000000e+02,3.445932088652625680e-05
7.370000000000000000e+02,3.432692756177857518e-05
7.380000000000000000e+02,3.419720087549649179e-05
7.390000000000000000e+02,3.412342630326747894e-05
7.400000000000000000e+02,3.398305125301703811e-05
7.410000000000000000e+02,3.386561729712411761e-05
7.420000000000000000e+02,3.382022259756922722e-05
7.430000000000000000e+02,3.362804636708460748e-05
7.440000000000000000e+02,3.358006506459787488e-05
7.450000000000000000e+02,3.349564940435811877e-05
7.460000000000000000e+02,3.338143142173066735e-05
7.470000000000000000e+02,3.329790706629864872e-05
7.480000000000000000e+02,3.321255280752666295e-05
7.490000000000000000e+02,3.312640183139592409e-05
7.500000000000000000e+02,3.304530400782823563e-05
7.510000000000000000e+02,3.293170448159798980e-05
7.520000000000000000e+02,3.283669866505078971e-05
7.530000000000000000e+02,3.272325920988805592e-05
7.540000000000000000e+02,3.271664900239557028e-05
7.550000000000000000e+02,3.266339990659616888e-05
7.560000000000000000e+02,3.255451883887872100e-05
7.570000000000000000e+02,3.243222090532071888e-05
7.580000000000000000e+02,3.232108429074287415e-05
7.590000000000000000e+02,3.227256456739269197e-05
7.600000000000000000e+02,3.216563709429465234e-05
7.610000000000000000e+02,3.209655187674798071e-05
7.620000000000000000e+02,3.199492857675068080e-05
7.630000000000000000e+02,3.186733738402836025e-05
7.640000000000000000e+02,3.191104042343795300e-05
7.650000000000000000e+02,3.180881321895867586e-05
7.660000000000000000e+02,3.171741627738811076e-05
7.670000000000000000e+02,3.164946247125044465e-05
7.680000000000000000e+02,3.155476952088065445e-05
7.690000000000000000e+02,3.140601984341628850e-05
7.700000000000000000e+02,3.133957943646237254e-05
7.710000000000000000e+02,3.114703940809704363e-05
7.720000000000000000e+02,3.109413228230550885e-05
7.730000000000000000e+02,3.101761831203475595e-05
7.740000000000000000e+02,3.090640166192315519e-05
7.750000000000000000e+02,3.075576023547910154e-05
7.760000000000000000e+02,3.079932866967283189e-05
7.770000000000000000e+02,3.066672070417553186e-05
7.780000000000000000e+02,3.056642890442162752e-05
7.790000000000000000e+02,3.051040221180301160e-05
7.800000000000000000e+02,3.036198540939949453e-05
7.810000000000000000e+02,3.019813630089629441e-05
7.820000000000000000e+02,3.044515324290841818e-05
7.830000000000000000e+02,3.012548040715046227e-05
7.840000000000000000e+02,3.001898221555165946e-05
7.850000000000000000e+02,2.996336479554884136e-05
7.860000000000000000e+02,2.990088978549465537e-05
7.870000000000000000e+02,2.979978307848796248e-05
7.880000000000000000e+02,2.968215267173945904e-05
7.890000000000000000e+02,2.958421100629493594e-05
7.900000000000000000e+02,2.945230517070740461e-05
7.910000000000000000e+02,2.950609086838085204e-05
7.920000000000000000e+02,2.940024205599911511e-05
7.930000000000000000e+02,2.933633913926314563e-05
7.940000000000000000e+02,2.925311855506151915e-05
7.950000000000000000e+02,2.919659891631454229e-05
7.960000000000000000e+02,2.912563104473520070e-05
7.970000000000000000e+02,2.906002373492810875e-05
7.980000000000000000e+02,2.895280158554669470e-05
7.990000000000000000e+02,2.887546725105494261e-05
8.000000000000000000e+02,2.892522752517834306e-05
8.010000000000000000e+02,2.882988701458089054e-05
8.020000000000000000e+02,2.875972131732851267e-05
8.030000000000000000e+02,2.868908086384180933e-05
8.040000000000000000e+02,2.862321525753941387e-05
8.050000000000000000e+02,2.855418097169604152e-05
8.060000000000000000e+02,2.847796167770866305e-05
8.070000000000000000e+02,2.842923458956647664e-05
8.080000000000000000e+02,2.835002487699966878e-05
8.090000000000000000e+02,2.830716402968391776e-05
8.100000000000000000e+02,2.823218346748035401e-05
8.110000000000000000e+02,2.814877916534896940e-05
8.120000000000000000e+02,2.809786565194372088e-05
8.130000000000000000e+02,2.800753645715303719e-05
8.140000000000000000e+02,2.798288733174558729e-05
8.150000000000000000e+02,2.781436705845408142e-05
8.160000000000000000e+02,2.775316170300357044e-05
8.170000000000000000e+02,2.767055411823093891e-05
8.180000000000000000e+02,2.764498276519589126e-05
8.190000000000000000e+02,2.750989733613096178e-05
8.200000000000000000e+02,2.744192170212045312e-05
8.210000000000000000e+02,2.735340240178629756e-05
8.220000000000000000e+02,2.725542253756430000e-05
8.230000000000000000e+02,2.715136361075565219e-05
8.240000000000000000e+02,2.709032924030907452e-05
8.250000000000000000e+02,2.702091114770155400e-05
8.260000000000000000e+02,2.695206785574555397e-05
8.270000000000000000e+02,2.686813422769773751e-05
8.280000000000000000e+02,2.677607517398428172e-05
8.290000000000000000e+02,2.670848698471672833e-05
8.300000000000000000e+02,2.662962106114719063e-05
8.310000000000000000e+02,2.654201671248301864e-05
8.320000000000000000e+02,2.647865403559990227e-05
8.330000000000000000e+02,2.638772093632724136e-05
8.340000000000000000e+02,2.633648182381875813e-05
8.350000000000000000e+02,2.626771311042830348e-05
8.360000000000000000e+02,2.615335324662737548e-05
8.370000000000000000e+02,2.612126445455942303e-05
8.380000000000000000e+02,2.601987398520577699e-05
8.390000000000000000e+02,2.597925595182459801e-05
8.400000000000000000e+02,2.593348835944198072e-05
8.410000000000000000e+02,2.584579851827584207e-05
8.420000000000000000e+02,2.583832792879547924e-05
8.430000000000000000e+02,2.578043313405942172e-05
8.440000000000000000e+02,2.566652983659878373e-05
8.450000000000000000e+02,2.560249049565754831e-05
8.460000000000000000e+02,2.551182478782720864e-05
8.470000000000000000e+02,2.556198160164058208e-05
8.480000000000000000e+02,2.547953772591426969e-05
8.490000000000000000e+02,2.543147456890437752e-05
8.500000000000000000e+02,2.536956162657588720e-05
8.510000000000000000e+02,2.532542930566705763e-05
8.520000000000000000e+02,2.527329343138262630e-05
8.530000000000000000e+02,2.522584145481232554e-05
8.540000000000000000e+02,2.512327955628279597e-05
8.550000000000000000e+02,2.505394877516664565e-05
8.560000000000000000e+02,2.497142850188538432e-05
8.570000000000000000e+02,2.491907798685133457e-05
8.580000000000000000e+02,2.486348239472135901e-05
8.590000000000000000e+02,2.481680530763696879e-05
8.600000000000000000e+02,2.474707434885203838e-05
8.610000000000000000e+02,2.465177749400027096e-05
8.620000000000000000e+02,2.456456422805786133e-05
8.630000000000000000e+02,2.448824852763209492e-05
8.640000000000000000e+02,2.442660843371413648e-05
8.650000000000000000e+02,2.436762406432535499e-05
8.660000000000000000e+02,2.429582491458859295e-05
8.670000000000000000e+02,2.423511614324524999e-05
8.680000000000000000e+02,2.418317490082699805e-05
8.690000000000000000e+02,2.409984699625056237e-05
8.700000000000000000e+02,2.405883424216881394e-05
8.710000000000000000e+02,2.399552249698899686e-05
8.720000000000000000e+02,2.395553565293084830e-05
8.730000000000000000e+02,2.390104600635822862e-05
8.740000000000000000e+02,2.380216210440266877e-05
8.750000000000000000e+02,2.392405258433427662e-05
8.760000000000000000e+02,2.375732401560526341e-05
8.770000000000000000e+02,2.366224725847132504e-05
8.780000000000000000e+02,2.358073834329843521e-05
8.790000000000000000e+02,2.349307760596275330e-05
8.800000000000000000e+02,2.341528852412011474e-05
8.810000000000000000e+02,2.333962584089022130e-05
8.820000000000000000e+02,2.328695700271055102e-05
8.830000000000000000e+02,2.316494646947830915e-05
8.840000000000000000e+02,2.300542837474495173e-05
8.850000000000000000e+02,2.293644138262607157e-05
8.860000000000000000e+02,2.283564026583917439e-05
8.870000000000000000e+02,2.279330510646104813e-05
8.880000000000000000e+02,2.273413338116370142e-05
8.890000000000000000e+02,2.265145849378313869e-05
8.900000000000000000e+02,2.256979132653214037e-05
8.910000000000000000e+02,2.247895281470846385e-05
8.920000000000000000e+02,2.240306093881372362e-05
8.930000000000000000e+02,2.237059743492864072e-05
8.940000000000000000e+02,2.228081939392723143e-05
8.950000000000000000e+02,2.224706986453384161e-05
8.960000000000000000e+02,2.216077518824022263e-05
8.970000000000000000e+02,2.205219789175316691e-05
8.980000000000000000e+02,2.204240263381507248e-05
8.990000000000000000e+02,2.198915717599447817e-05
9.000000000000000000e+02,2.192021383962128311e-05
9.010000000000000000e+02,2.187213613069616258e-05
9.020000000000000000e+02,2.179923103540204465e-05
9.030000000000000000e+02,2.170916559407487512e-05
9.040000000000000000e+02,2.164198667742311954e-05
9.050000000000000000e+02,2.156450682377908379e-05
9.060000000000000000e+02,2.151081025658641011e-05
9.070000000000000000e+02,2.143376150343101472e-05
9.080000000000000000e+02,2.139714706572704017e-05
9.090000000000000000e+02,2.134326859959401190e-05
9.100000000000000000e+02,2.126709478034172207e-05
9.110000000000000000e+02,2.134032911271788180e-05
9.120000000000000000e+02,2.123040576407220215e-05
9.130000000000000000e+02,2.117264921253081411e-05
9.140000000000000000e+02,2.113524533342570066e-05
9.150000000000000000e+02,2.107325053657405078e-05
9.160000000000000000e+02,2.103214865201152861e-05
9.170000000000000000e+02,2.096180833177641034e-05
9.180000000000000000e+02,2.092261274810880423e-05
9.190000000000000000e+02,2.085370942950248718e-05
9.200000000000000000e+02,2.077930002997163683e-05
9.210000000000000000e+02,2.074245276162400842e-05
9.220000000000000000e+02,2.067300920316483825e-05
9.230000000000000000e+02,2.064296677417587489e-05
9.240000000000000000e+02,2.060699080175254494e-05
9.250000000000000000e+02,2.053431308013387024e-05
9.260000000000000000e+02,2.061544000753201544e-05
9.270000000000000000e+02,2.050374314421787858e-05
9.280000000000000000e+02,2.044339817075524479e-05
9.290000000000000000e+02,2.040967228822410107e-05
9.300000000000000000e+02,2.036558726103976369e-05
9.310000000000000000e+02,2.031362964771687984e-05
9.320000000000000000e+02,2.025381036219187081e-05
9.330000000000000000e+02,2.021133514062967151e-05
9.340000000000000000e+02,2.016884718614164740e-05
9.350000000000000000e+02,2.014167694142088294e-05
9.360000000000000000e+02,2.009296986216213554e-05
9.370000000000000000e+02,2.002471956075169146e-05
9.380000000000000000e+02,1.996170794882345945e-05
9.390000000000000000e+02,1.991056160477455705e-05
9.400000000000000000e+02,1.985545895877294242e-05
9.410000000000000000e+02,1.981146851903758943e-05
9.420000000000000000e+02,1.976351086341310292e-05
9.430000000000000000e+02,1.972019708773586899e-05
9.440000000000000000e+02,1.965364572242833674e-05
9.450000000000000000e+02,1.957644781214185059e-05
9.460000000000000000e+02,1.949524266819935292e-05
9.470000000000000000e+02,1.943092138390056789e-05
9.480000000000000000e+02,1.934103238454554230e-05
9.490000000000000000e+02,1.962531314347870648e-05
9.500000000000000000e+02,1.931251063069794327e-05
9.510000000000000000e+02,1.928099482029210776e-05
9.520000000000000000e+02,1.925380456668790430e-05
9.530000000000000000e+02,1.921434341056738049e-05
9.540000000000000000e+02,1.916072324092965573e-05
9.550000000000000000e+02,1.910475657496135682e-05
9.560000000000000000e+02,1.905836506921332330e-05
9.570000000000000000e+02,1.898322989291045815e-05
9.580000000000000000e+02,1.896407411550171673e-05
9.590000000000000000e+02,1.890876956167630851e-05
9.600000000000000000e+02,1.885956771729979664e-05
9.610000000000000000e+02,1.882242395367939025e-05
9.620000000000000000e+02,1.876148598967120051e-05
9.630000000000000000e+02,1.884950324892997742e-05
9.640000000000000000e+02,1.872399661806412041e-05
9.650000000000000000e+02,1.864414844021666795e-05
9.660000000000000000e+02,1.860019438026938587e-05
9.670000000000000000e+02,1.851531487773172557e-05
9.680000000000000000e+02,1.841614903241861612e-05
9.690000000000000000e+02,1.847492239903658628e-05
9.700000000000000000e+02,1.837543459259904921e-05
9.710000000000000000e+02,1.832479028962552547e-05
9.720000000000000000e+02,1.829647771955933422e-05
9.730000000000000000e+02,1.826081825129222125e-05
9.740000000000000000e+02,1.821505429688841105e-05
9.750000000000000000e+02,1.815860196074936539e-05
9.760000000000000000e+02,1.809976311051286757e-05
9.770000000000000000e+02,1.802197766664903611e-05
9.780000000000000000e+02,1.799589153961278498e-05
9.790000000000000000e+02,1.792378861864563078e-05
9.800000000000000000e+02,1.789143425412476063e-05
9.810000000000000000e+02,1.785556378308683634e-05
9.820000000000000000e+02,1.779563353920821100e-05
9.830000000000000000e+02,1.780913407856132835e-05
9.840000000000000000e+02,1.774971860868390650e-05
9.850000000000000000e+02,1.768968468240927905e-05
9.860000000000000000e+02,1.763726686476729810e-05
9.870000000000000000e+02,1.759934275469277054e-05
9.880000000000000000e+02,1.752584103087428957e-05
9.890000000000000000e+02,1.748134127410594374e-05
9.900000000000000000e+02,1.742781751090660691e-05
9.910000000000000000e+02,1.739453728077933192e-05
9.920000000000000000e+02,1.734909346851054579e-05
9.930000000000000000e+02,1.740773041092325002e-05
9.940000000000000000e+02,1.731766860757488757e-05
9.950000000000000000e+02,1.725875335978344083e-05
9.960000000000000000e+02,1.721400622045621276e-05
9.970000000000000000e+02,1.714582140266429633e-05
9.980000000000000000e+02,1.707189949229359627e-05
9.990000000000000000e+02,1.707113915472291410e-05
1.000000000000000000e+03,1.702400550129823387e-05
1.001000000000000000e+03,1.694432103249710053e-05
1.002000000000000000e+03,1.689849887043237686e-05
1.003000000000000000e+03,1.684767266851849854e-05
1.004000000000000000e+03,1.680212335486430675e-05
1.005000000000000000e+03,1.675429848546627909e-05
1.006000000000000000e+03,1.670943856879603118e-05
1.007000000000000000e+03,1.666001116973347962e-05
1.008000000000000000e+03,1.663845068833325058e-05
1.009000000000000000e+03,1.658442852203734219e-05
1.010000000000000000e+03,1.653778781474102288e-05
1.011000000000000000e+03,1.648114084673579782e-05
1.012000000000000000e+03,1.644169606151990592e-05
1.013000000000000000e+03,1.641736525925807655e-05
1.014000000000000000e+03,1.639757829252630472e-05
1.015000000000000000e+03,1.635841726965736598e-05
1.016000000000000000e+03,1.633714055060409009e-05
1.017000000000000000e+03,1.625992626941297203e-05
1.018000000000000000e+03,1.623194293642882258e-05
1.019000000000000000e+03,1.619958493392914534e-05
1.020000000000000000e+03,1.616018744243774563e-05
1.021000000000000000e+03,1.619577778910752386e-05
1.022000000000000000e+03,1.613308995729312301e-05
1.023000000000000000e+03,1.609803439350798726e-05
1.024000000000000000e+03,1.606873047421686351e-05
1.025000000000000000e+03,1.603537748451344669e-05
1.026000000000000000e+03,1.597844311618246138e-05
1.027000000000000000e+03,1.610236540727782995e-05
1.028000000000000000e+03,1.595439243828877807e-05
1.029000000000000000e+03,1.591610089235473424e-05
1.030000000000000000e+03,1.588907070981804281e-05
1.031000000000000000e+03,1.586172948009334505e-05
1.032000000000000000e+03,1.582039476488716900e-05
1.033000000000000000e+03,1.577276270836591721e-05
1.034000000000000000e+03,1.572823566675651819e-05
1.035000000000000000e+03,1.567724575579632074e-05
1.036000000000000000e+03,1.564940430398564786e-05
1.037000000000000000e+03,1.560707823955453932e-05
1.038000000000000000e+03,1.554881600895896554e-05
1.039000000000000000e+03,1.547834654047619551e-05
1.040000000000000000e+03,1.540842276881448925e-05
1.041000000000000000e+03,1.534633156552445143e-05
1.042000000000000000e+03,1.531036832602694631e-05
1.043000000000000000e+03,1.527628955955151469e-05
1.044000000000000000e+03,1.523425726190907881e-05
1.045000000000000000e+03,1.518488261353923008e-05
1.046000000000000000e+03,1.512611470388947055e-05
1.047000000000000000e+03,1.509689354861620814e-05
1.048000000000000000e+03,1.504063766333274543e-05
1.049000000000000000e+03,1.499786867498187348e-05
1.050000000000000000e+03,1.494282150815706700e-05
1.051000000000000000e+03,1.488382258685305715e-05
1.052000000000000000e+03,1.480936680309241638e-05
1.053000000000000000e+03,1.473586598876863718e-05
1.054000000000000000e+03,1.474246346333529800e-05
1.055000000000000000e+03,1.470052575314184651e-05
1.056000000000000000e+03,1.465106561227003112e-05
1.057000000000000000e+03,1.460907787986798212e-05
1.058000000000000000e+03,1.453235108783701435e-05
1.059000000000000000e+03,1.449369028705405071e-05
1.060000000000000000e+03,1.442458324163453653e-05
1.061000000000000000e+03,1.440106007066788152e-05
1.062000000000000000e+03,1.438475374015979469e-05
1.063000000000000000e+03,1.435513786418596283e-05
1.064000000000000000e+03,1.432248609489761293e-05
1.065000000000000000e+03,1.428868199582211673e-05
1.066000000000000000e+03,1.423280718881869689e-05
1.067000000000000000e+03,1.421002434653928503e-05
1.068000000000000000e+03,1.412267647538101301e-05
1.069000000000000000e+03,1.410107870469801128e-05
1.070000000000000000e+03,1.404473823640728369e-05
1.071000000000000000e+03,1.400293695041909814e-05
1.072000000000000000e+03,1.395102117385249585e-05
1.073000000000000000e+03,1.391840851283632219e-05
1.074000000000000000e+03,1.386301846650894731e-05
1.075000000000000000e+03,1.380137200612807646e-05
1.076000000000000000e+03,1.390179204463493079e-05
1.077000000000000000e+03,1.377302396576851606e-05
1.078000000000000000e+03,1.370689733448671177e-05
1.079000000000000000e+03,1.365649404760915786e-05
1.080000000000000000e+03,1.360864007438067347e-05
1.081000000000000000e+03,1.355911172140622512e-05
1.082000000000000000e+03,1.356784105155384168e-05
1.083000000000000000e+03,1.352196341031230986e-05
1.084000000000000000e+03,1.345814871456241235e-05
1.085000000000000000e+03,1.340587277809390798e-05
1.086000000000000000e+03,1.335493925580522045e-05
1.087000000000000000e+03,1.329452061327174306e-05
1.088000000000000000e+03,1.322486696153646335e-05
1.089000000000000000e+03,1.322193929809145629e-05
1.090000000000000000e+03,1.319455805059988052e-05
1.091000000000000000e+03,1.316515226790215820e-05
1.092000000000000000e+03,1.314673409069655463e-05
1.093000000000000000e+03,1.313030134042492136e-05
1.094000000000000000e+03,1.311343203269643709e-05
1.095000000000000000e+03,1.309160325035918504e-05
1.096000000000000000e+03,1.306062313233269379e-05
1.097000000000000000e+03,1.303551471210084856e-05
1.098000000000000000e+03,1.299490668316138908e-05
1.099000000000000000e+03,1.297437574976356700e-05
1.100000000000000000e+03,1.294678622798528522e-05
1.101000000000000000e+03,1.292936394747812301e-05
1.102000000000000000e+03,1.289738702325848863e-05
1.103000000000000000e+03,1.286380484089022502e-05
1.104000000000000000e+03,1.284019162994809449e-05
1.105000000000000000e+03,1.281460481550311670e-05
1.106000000000000000e+03,1.278995569009566680e-05
1.107000000000000000e+03,1.275891372642945498e-05
1.108000000000000000e+03,1.272223471460165456e-05
1.109000000000000000e+03,1.268289361178176478e-05
1.110000000000000000e+03,1.262785463040927425e-05
1.111000000000000000e+03,1.259662167285569012e-05
1.112000000000000000e+03,1.256016184925101697e-05
1.113000000000000000e+03,1.252523634320823476e-05
1.114000000000000000e+03,1.249302658834494650e-05
1.115000000000000000e+03,1.247202908416511491e-05
1.116000000000000000e+03,1.244594841409707442e-05
1.117000000000000000e+03,1.242299185832962394e-05
1.118000000000000000e+03,1.240816982317483053e-05
1.119000000000000000e+03,1.239434368471847847e-05
1.120000000000000000e+03,1.238166714756516740e-05
1.121000000000000000e+03,1.236241587321273983e-05
1.122000000000000000e+03,1.232963677466614172e-05
1.123000000000000000e+03,1.231795977219007909e-05
1.124000000000000000e+03,1.228579003509366885e-05
1.125000000000000000e+03,1.226952099386835471e-05
1.126000000000000000e+03,1.224650441145058721e-05
1.127000000000000000e+03,1.222640730702551082e-05
1.128000000000000000e+03,1.219595651491545141e-05
1.129000000000000000e+03,1.217304179590428248e-05
1.130000000000000000e+03,1.214624899148475379e-05
1.131000000000000000e+03,1.211357630381826311e-05
1.132000000000000000e+03,1.220381182065466419e-05
1.133000000000000000e+03,1.210279151564463973e-05
1.134000000000000000e+03,1.207236527989152819e-05
1.135000000000000000e+03,1.205280295835109428e-05
1.136000000000000000e+03,1.201754639623686671e-05
1.137000000000000000e+03,1.200441965920617804e-05
1.138000000000000000e+03,1.197165420308010653e-05
1.139000000000000000e+03,1.194873129861662164e-05
1.140000000000000000e+03,1.192480067402357236e-05
1.141000000000000000e+03,1.188521764561301097e-05
1.142000000000000000e+03,1.180615709017729387e-05
1.143000000000000000e+03,1.185427299787988886e-05
1.144000000000000000e+03,1.177879403257975355e-05
1.145000000000000000e+03,1.174145745608257130e-05
1.146000000000000000e+03,1.172143856820184737e-05
1.147000000000000000e+03,1.170435734820785001e-05
1.148000000000000000e+03,1.168198105006013066e-05
1.149000000000000000e+03,1.165527464763727039e-05
1.150000000000000000e+03,1.163594151876168326e-05
1.151000000000000000e+03,1.161071941169211641e-05
1.152000000000000000e+03,1.158429313363740221e-05
1.153000000000000000e+03,1.156396137957926840e-05
1.154000000000000000e+03,1.154737583419773728e-05
1.155000000000000000e+03,1.152411277871578932e-05
1.156000000000000000e+03,1.152539698523469269e-05
1.157000000000000000e+03,1.150411208072910085e-05
1.158000000000000000e+03,1.147668444900773466e-05
1.159000000000000000e+03,1.146021077147452161e-05
1.160000000000000000e+03,1.144471298175631091e-05
1.161000000000000000e+03,1.142875225923489779e-05
1.162000000000000000e+03,1.139622509072069079e-05
1.163000000000000000e+03,1.137261551775736734e-05
1.164000000000000000e+03,1.138425795943476260e-05
1.165000000000000000e+03,1.135498496296349913e-05
1.166000000000000000e+03,1.132843317463994026e-05
1.167000000000000000e+03,1.131208591687027365e-05
1.168000000000000000e+03,1.128180156229063869e-05
1.169000000000000000e+03,1.126293864217586815e-05
1.170000000000000000e+03,1.123807396652409807e-05
1.171000000000000000e+03,1.120943852583877742e-05
1.172000000000000000e+03,1.118864838645095006e-05
1.173000000000000000e+03,1.114962651627138257e-05
1.174000000000000000e+03,1.115145460062194616e-05
1.175000000000000000e+03,1.112796962843276560e-05
1.176000000000000000e+03,1.110715857066679746e-05
1.177000000000000000e+03,1.109127333620563149e-05
1.178000000000000000e+03,1.107768457586644217e-05
1.179000000000000000e+03,1.104155853681731969e-05
1.180000000000000000e+03,1.100000645237741992e-05
1.181000000000000000e+03,1.098458960768766701e-05
1.182000000000000000e+03,1.094352319341851398e-05
1.183000000000000000e+03,1.093394075724063441e-05
1.184000000000000000e+03,1.091860849555814639e-05
1.185000000000000000e+03,1.089625402528326958e-05
1.186000000000000000e+03,1.086829433916136622e-05
1.187000000000000000e+03,1.085087205865420401e-05
1.188000000000000000e+03,1.082007293007336557e-05
1.189000000000000000e+03,1.080520632967818528e-05
1.190000000000000000e+03,1.078789864550344646e-05
1.191000000000000000e+03,1.077020624506985769e-05
1.192000000000000000e+03,1.075441832654178143e-05
1.193000000000000000e+03,1.071535098162712529e-05
1.194000000000000000e+03,1.073070234269835055e-05
1.195000000000000000e+03,1.069950485543813556e-05
1.196000000000000000e+03,1.066941968019818887e-05
1.197000000000000000e+03,1.064884509105468169e-05
1.198000000000000000e+03,1.062704632204258814e-05
1.199000000000000000e+03,1.060190061252797022e-05
1.200000000000000000e+03,1.058399993780767545e-05
1.201000000000000000e+03,1.056094333762302995e-05
1.202000000000000000e+03,1.054924086929531768e-05
1.203000000000000000e+03,1.052728839567862451e-05
1.204000000000000000e+03,1.053888536262093112e-05
1.205000000000000000e+03,1.051730487233726308e-05
1.206000000000000000e+03,1.050962237059138715e-05
1.207000000000000000e+03,1.049454749590950087e-05
1.208000000000000000e+03,1.047612749971449375e-05
1.209000000000000000e+03,1.044190230459207669e-05
1.210000000000000000e+03,1.041502673615468666e-05
1.211000000000000000e+03,1.039257222146261483e-05
1.212000000000000000e+03,1.037547372106928378e-05
1.213000000000000000e+03,1.036303910950664431e-05
1.214000000000000000e+03,1.034682099998462945e-05
1.215000000000000000e+03,1.033082753565395251e-05
1.216000000000000000e+03,1.031975261867046356e-05
1.217000000000000000e+03,1.030612656904850155e-05
1.218000000000000000e+03,1.028613041853532195e-05
1.219000000000000000e+03,1.026617064781021327e-05
1.220000000000000000e+03,1.025621986627811566e-05
1.221000000000000000e+03,1.022586366161704063e-05
1.222000000000000000e+03,1.021589014271739870e-05
1.223000000000000000e+03,1.020601848722435534e-05
1.224000000000000000e+03,1.019123828882584348e-05
1.225000000000000000e+03,1.017167960526421666e-05
1.226000000000000000e+03,1.014604458760004491e-05
1.227000000000000000e+03,1.013650125969434157e-05
1.228000000000000000e+03,1.012534630717709661e-05
1.229000000000000000e+03,1.011432868835981935e-05
1.230000000000000000e+03,1.009667175821959972e-05
1.231000000000000000e+03,1.007900391414295882e-05
1.232000000000000000e+03,1.005637022899463773e-05
1.233000000000000000e+03,1.003865327220410109e-05
1.234000000000000000e+03,1.001995406113564968e-05
1.235000000000000000e+03,1.001259897748241201e-05
1.236000000000000000e+03,9.995393156714271754e-06
1.237000000000000000e+03,9.985820724978111684e-06
1.238000000000000000e+03,9.976542060030624270e-06
1.239000000000000000e+03,9.959734597941860557e-06
1.240000000000000000e+03,9.954382221621926874e-06
1.241000000000000000e+03,9.935512935044243932e-06
1.242000000000000000e+03,9.928729923558421433e-06
1.243000000000000000e+03,9.919010153680574149e-06
1.244000000000000000e+03,9.902331839839462191e-06
1.245000000000000000e+03,9.877642696665134281e-06
1.246000000000000000e+03,9.854714335233438760e-06
1.247000000000000000e+03,9.840679012995678931e-06
1.248000000000000000e+03,9.828617294260766357e-06
1.249000000000000000e+03,9.816253623284865171e-06
1.250000000000000000e+03,9.797027814784087241e-06
1.251000000000000000e+03,9.774784302862826735e-06
1.252000000000000000e+03,9.765194590727332979e-06
1.253000000000000000e+03,9.749437595019116998e-06
1.254000000000000000e+03,9.730130841489881277e-06
1.255000000000000000e+03,9.725915333547163755e-06
1.256000000000000000e+03,9.698544090497307479e-06
1.257000000000000000e+03,9.690458682598546147e-06
1.258000000000000000e+03,9.679522008809726685e-06
1.259000000000000000e+03,9.677211892267223448e-06
1.260000000000000000e+03,9.662197044235654175e-06
1.261000000000000000e+03,9.654296263761352748e-06
1.262000000000000000e+03,9.644984857004601508e-06
1.263000000000000000e+03,9.629690794099587947e-06
1.264000000000000000e+03,9.604376828065142035e-06
1.265000000000000000e+03,9.581954145687632263e-06
1.266000000000000000e+03,9.567987035552505404e-06
1.267000000000000000e+03,9.558380043017677963e-06
1.268000000000000000e+03,9.548535672365687788e-06
1.269000000000000000e+03,9.542802217765711248e-06
1.270000000000000000e+03,9.521977517579216510e-06
1.271000000000000000e+03,9.514515113551169634e-06
1.272000000000000000e+03,9.505024536338169128e-06
1.273000000000000000e+03,9.494154255662579089e-06
1.274000000000000000e+03,9.479106665821745992e-06
1.275000000000000000e+03,9.466063602303620428e-06
1.276000000000000000e+03,9.449615390622057021e-06
1.277000000000000000e+03,9.434306775801815093e-06
1.278000000000000000e+03,9.438201232114806771e-06
1.279000000000000000e+03,9.422587936569470912e-06
1.280000000000000000e+03,9.407832294527906924e-06
1.281000000000000000e+03,9.394218068337067962e-06
1.282000000000000000e+03,9.377697097079362720e-06
1.283000000000000000e+03,9.357742783322464675e-06
1.284000000000000000e+03,9.345725629827938974e-06
1.285000000000000000e+03,9.330762622994370759e-06
1.286000000000000000e+03,9.323425729235168546e-06
1.287000000000000000e+03,9.316073374066036195e-06
1.288000000000000000e+03,9.294881238020025194e-06
1.289000000000000000e+03,9.323839549324475229e-06
1.290000000000000000e+03,9.285082342103123665e-06
1.291000000000000000e+03,9.260910701414104551e-06
1.292000000000000000e+03,9.238733582606073469e-06
1.293000000000000000e+03,9.217320439347531646e-06
1.294000000000000000e+03,9.203376066579949111e-06
1.295000000000000000e+03,9.191579010803252459e-06
1.296000000000000000e+03,9.178304935630876571e-06
1.297000000000000000e+03,9.163196409645024687e-06
1.298000000000000000e+03,9.153138307738117874e-06
1.299000000000000000e+03,9.130467333307024091e-06
1.300000000000000000e+03,9.114111890085041523e-06
1.301000000000000000e+03,9.104356649913825095e-06
1.302000000000000000e+03,9.094445886148605496e-06
1.303000000000000000e+03,9.084216799237765372e-06
1.304000000000000000e+03,9.061441232915967703e-06
1.305000000000000000e+03,9.101472642214503139e-06
1.306000000000000000e+03,9.052680979948490858e-06
1.307000000000000000e+03,9.041520570463035256e-06
1.308000000000000000e+03,9.032139132614247501e-06
1.309000000000000000e+03,9.021228834171779454e-06
1.310000000000000000e+03,9.000612408271990716e-06
1.311000000000000000e+03,9.079260962607804686e-06
1.312000000000000000e+03,8.991466529550962150e-06
1.313000000000000000e+03,8.971354873210657388e-06
1.314000000000000000e+03,8.951582458394113928e-06
1.315000000000000000e+03,8.930720468924846500e-06
1.316000000000000000e+03,8.904289643396623433e-06
1.317000000000000000e+03,8.867858014127705246e-06
1.318000000000000000e+03,8.849487130646593869e-06
1.319000000000000000e+03,8.832455023366492242e-06
1.320000000000000000e+03,8.824610631563700736e-06
1.321000000000000000e+03,8.813134627416729927e-06
1.322000000000000000e+03,8.788316335994750261e-06
1.323000000000000000e+03,8.797527698334306479e-06
1.324000000000000000e+03,8.776188224146608263e-06
1.325000000000000000e+03,8.755882845434825867e-06
1.326000000000000000e+03,8.739211807551328093e-06
1.327000000000000000e+03,8.720316145627293736e-06
1.328000000000000000e+03,8.706787411938421428e-06
1.329000000000000000e+03,8.688431989867240191e-06
1.330000000000000000e+03,8.674147466081194580e-06
1.331000000000000000e+03,8.662786967761348933e-06
1.332000000000000000e+03,8.631366654299199581e-06
1.333000000000000000e+03,8.737273674341849983e-06
1.334000000000000000e+03,8.623046596767380834e-06
1.335000000000000000e+03,8.598874956078361720e-06
1.336000000000000000e+03,8.581183465139474720e-06
1.337000000000000000e+03,8.563061783206649125e-06
1.338000000000000000e+03,8.551117389288265258e-06
1.339000000000000000e+03,8.530358172720298171e-06
1.340000000000000000e+03,8.514100045431405306e-06
1.341000000000000000e+03,8.500710464431904256e-06
1.342000000000000000e+03,8.492658707837108523e-06
1.343000000000000000e+03,8.472728040942456573e-06
1.344000000000000000e+03,8.452377187495585531e-06
1.345000000000000000e+03,8.443582373729441315e-06
1.346000000000000000e+03,8.425882697338238358e-06
1.347000000000000000e+03,8.417962817475199699e-06
1.348000000000000000e+03,8.402291314268950373e-06
1.349000000000000000e+03,8.378112397622317076e-06
1.350000000000000000e+03,8.358573722944129258e-06
1.351000000000000000e+03,8.339762644027359784e-06
1.352000000000000000e+03,8.328719559358432889e-06
1.353000000000000000e+03,8.314688784594181925e-06
1.354000000000000000e+03,8.295993211504537612e-06
1.355000000000000000e+03,8.282772796519566327e-06
1.356000000000000000e+03,8.266554686997551471e-06
1.357000000000000000e+03,8.259287824330385774e-06
1.358000000000000000e+03,8.244648597610648721e-06
1.359000000000000000e+03,8.230734238168224692e-06
1.360000000000000000e+03,8.210876330849714577e-06
1.361000000000000000e+03,8.190025255316868424e-06
1.362000000000000000e+03,8.170537512341979891e-06
1.363000000000000000e+03,8.162389349308796227e-06
1.364000000000000000e+03,8.151744623319245875e-06
1.365000000000000000e+03,8.147051630658097565e-06
1.366000000000000000e+03,8.132973562169354409e-06
1.367000000000000000e+03,8.119727681332733482e-06
1.368000000000000000e+03,8.096582860162016004e-06
1.369000000000000000e+03,8.090911251201760024e-06
1.370000000000000000e+03,8.068200259003788233e-06
1.371000000000000000e+03,8.058987987169530243e-06
1.372000000000000000e+03,8.049486496020108461e-06
1.373000000000000000e+03,8.039116437430493534e-06
1.374000000000000000e+03,8.028197044041007757e-06
1.375000000000000000e+03,8.017711479624267668e-06
1.376000000000000000e+03,8.003753464436158538e-06
1.377000000000000000e+03,7.994442057679407299e-06
1.378000000000000000e+03,7.982825991348363459e-06
1.379000000000000000e+03,7.973770152602810413e-06
1.380000000000000000e+03,7.960277798702009022e-06
1.381000000000000000e+03,7.947285666887182742e-06
1.382000000000000000e+03,7.939288479974493384e-06
1.383000000000000000e+03,7.928882041596807539e-06
1.384000000000000000e+03,7.917130460555199534e-06
1.385000000000000000e+03,7.902595825726166368e-06
1.386000000000000000e+03,7.909325177024584264e-06
1.387000000000000000e+03,7.898910553194582462e-06
1.388000000000000000e+03,7.891935638326685876e-06
1.389000000000000000e+03,7.886074854468461126e-06
1.390000000000000000e+03,7.874867151258513331e-06
1.391000000000000000e+03,7.863175596867222339e-06
1.392000000000000000e+03,7.850577276258263737e-06
1.393000000000000000e+03,7.843022103770636022e-06
1.394000000000000000e+03,7.841874321456998587e-06
1.395000000000000000e+03,7.833788004063535482e-06
1.396000000000000000e+03,7.829742571630049497e-06
1.397000000000000000e+03,7.818853191565722227e-06
1.398000000000000000e+03,7.810094757587648928e-06
1.399000000000000000e+03,7.793481927365064621e-06
1.400000000000000000e+03,7.841293154342565686e-06
1.401000000000000000e+03,7.787759386701509356e-06
1.402000000000000000e+03,7.776296115480363369e-06
1.403000000000000000e+03,7.768244358885567635e-06
1.404000000000000000e+03,7.756166269246023148e-06
1.405000000000000000e+03,7.742495654383674264e-06
1.406000000000000000e+03,7.734500286460388452e-06
1.407000000000000000e+03,7.721459951426368207e-06
1.408000000000000000e+03,7.715898391325026751e-06
1.409000000000000000e+03,7.708589691901579499e-06
1.410000000000000000e+03,7.702155926381237805e-06
1.411000000000000000e+03,7.689327503612730652e-06
1.412000000000000000e+03,7.681811439397279173e-06
1.413000000000000000e+03,7.668656508030835539e-06
1.414000000000000000e+03,7.652066415175795555e-06
1.415000000000000000e+03,7.635188921994995326e-06
1.416000000000000000e+03,7.616889433847973123e-06
1.417000000000000000e+03,7.604015081597026438e-06
1.418000000000000000e+03,7.583340902783675119e-06
1.419000000000000000e+03,7.601983725180616602e-06
1.420000000000000000e+03,7.571642072434769943e-06
1.421000000000000000e+03,7.560752237623091787e-06
1.422000000000000000e+03,7.540357728430535644e-06
1.423000000000000000e+03,7.523229669459396973e-06
1.424000000000000000e+03,7.507574537157779559e-06
1.425000000000000000e+03,7.496525995520642027e-06
1.426000000000000000e+03,7.487638413294916973e-06
1.427000000000000000e+03,7.477915460185613483e-06
1.428000000000000000e+03,7.465911039616912603e-06
1.429000000000000000e+03,7.461082986992551014e-06
1.430000000000000000e+03,7.454261321981903166e-06
1.431000000000000000e+03,7.449531494785333052e-06
1.432000000000000000e+03,7.444826678693061695e-06
1.433000000000000000e+03,7.436929081450216472e-06
1.434000000000000000e+03,7.426461706927511841e-06
1.435000000000000000e+03,7.422752787533681840e-06
1.436000000000000000e+03,7.405808446492301300e-06
1.437000000000000000e+03,7.396762157441116869e-06
1.438000000000000000e+03,7.384176569757983088e-06
1.439000000000000000e+03,7.369931608991464600e-06
1.440000000000000000e+03,7.378637747024185956e-06
1.441000000000000000e+03,7.361788902926491573e-06
1.442000000000000000e+03,7.352204647759208456e-06
1.443000000000000000e+03,7.346889560722047463e-06
1.444000000000000000e+03,7.339638614212162793e-06
1.445000000000000000e+03,7.331419055844889954e-06
1.446000000000000000e+03,7.322315923374844715e-06
1.447000000000000000e+03,7.308022759389132261e-06
1.448000000000000000e+03,7.308839485631324351e-06
1.449000000000000000e+03,7.301910045498516411e-06
1.450000000000000000e+03,7.292141617654124275e-06
1.451000000000000000e+03,7.280399131559533998e-06
1.452000000000000000e+03,7.265623025887180120e-06
1.453000000000000000e+03,7.255807304318295792e-06
1.454000000000000000e+03,7.245333563332678750e-06
1.455000000000000000e+03,7.238472335302503780e-06
1.456000000000000000e+03,7.231234121718443930e-06
1.457000000000000000e+03,7.224361525004496798e-06
1.458000000000000000e+03,7.214987363113323227e-06
1.459000000000000000e+03,7.207176622614497319e-06
1.460000000000000000e+03,7.200131676654564217e-06
1.461000000000000000e+03,7.193112196546280757e-06
1.462000000000000000e+03,7.186478342191549018e-06
1.463000000000000000e+03,7.177142833825200796e-06
1.464000000000000000e+03,7.173471203714143485e-06
1.465000000000000000e+03,7.167150215536821634e-06
1.466000000000000000e+03,7.162765996326925233e-06
1.467000000000000000e+03,7.155096682254225016e-06
1.468000000000000000e+03,7.149096745706629008e-06
1.469000000000000000e+03,7.144098162825684994e-06
1.470000000000000000e+03,7.132045993785141036e-06
1.471000000000000000e+03,7.117527729860739782e-06
1.472000000000000000e+03,7.118163921404629946e-06
1.473000000000000000e+03,7.109689704520860687e-06
1.474000000000000000e+03,7.104063570295693353e-06
1.475000000000000000e+03,7.096638000803068280e-06
1.476000000000000000e+03,7.088647635100642219e-06
1.477000000000000000e+03,7.115818334568757564e-06
1.478000000000000000e+03,7.083186574163846672e-06
1.479000000000000000e+03,7.070133960951352492e-06
1.480000000000000000e+03,7.059946710796793923e-06
1.481000000000000000e+03,7.050427029753336683e-06
1.482000000000000000e+03,7.041509434202453122e-06
1.483000000000000000e+03,7.034690497675910592e-06
1.484000000000000000e+03,7.026043476798804477e-06
1.485000000000000000e+03,7.020028078841278329e-06
1.486000000000000000e+03,7.015097253315616399e-06
1.487000000000000000e+03,7.008271040831459686e-06
1.488000000000000000e+03,6.997910986683564261e-06
1.489000000000000000e+03,6.990308520471444353e-06
1.490000000000000000e+03,6.983274033700581640e-06
1.491000000000000000e+03,6.975671567488461733e-06
1.492000000000000000e+03,6.964011390664381906e-06
1.493000000000000000e+03,6.972091796342283487e-06
1.494000000000000000e+03,6.957998721190961078e-06
1.495000000000000000e+03,6.952400326554197818e-06
1.496000000000000000e+03,6.944467713765334338e-06
1.497000000000000000e+03,6.936694717296632007e-06
1.498000000000000000e+03,6.927753020136151463e-06
1.499000000000000000e+03,6.920978648849995807e-06
1.500000000000000000e+03,6.911823220434598625e-06
1.501000000000000000e+03,6.902139830344822258e-06
1.502000000000000000e+03,6.892558758408995345e-06
1.503000000000000000e+03,6.884746198920765892e-06
1.504000000000000000e+03,6.879150987515458837e-06
1.505000000000000000e+03,6.874623977637384087e-06
1.506000000000000000e+03,6.868801847303984687e-06
1.507000000000000000e+03,6.861921974632423371e-06
1.508000000000000000e+03,6.853535069240024313e-06
1.509000000000000000e+03,6.865167051728349179e-06
1.510000000000000000e+03,6.850962563476059586e-06
1.511000000000000000e+03,6.845595635240897536e-06
1.512000000000000000e+03,6.840894457127433270e-06
1.513000000000000000e+03,6.836014108557719737e-06
1.514000000000000000e+03,6.829173798905685544e-06
1.515000000000000000e+03,6.839269190095365047e-06
1.516000000000000000e+03,6.826312983321258798e-06
1.517000000000000000e+03,6.820040198363130912e-06
1.518000000000000000e+03,6.813967047492042184e-06
1.519000000000000000e+03,6.805123575759353116e-06
1.520000000000000000e+03,6.798277809139108285e-06
1.521000000000000000e+03,6.789849521737778559e-06
1.522000000000000000e+03,6.784491233702283353e-06
1.523000000000000000e+03,6.777108410460641608e-06
1.524000000000000000e+03,6.801196832384448498e-06
1.525000000000000000e+03,6.774491794203640893e-06
1.526000000000000000e+03,6.770683739887317643e-06
1.527000000000000000e+03,6.763012152077862993e-06
1.528000000000000000e+03,6.754211881343508139e-06
1.529000000000000000e+03,6.741900961060309783e-06
1.530000000000000000e+03,6.735622719133971259e-06
1.531000000000000000e+03,6.722847956552868709e-06
1.532000000000000000e+03,6.715109975630184636e-06
1.533000000000000000e+03,6.707407465000869706e-06
1.534000000000000000e+03,6.698354354739421979e-06
1.535000000000000000e+03,6.693463092233287171e-06
1.536000000000000000e+03,6.686870619887486100e-06
1.537000000000000000e+03,6.683143055852269754e-06
1.538000000000000000e+03,6.677766123175388202e-06
1.539000000000000000e+03,6.665914497716585174e-06
1.540000000000000000e+03,6.677769306406844407e-06
1.541000000000000000e+03,6.659488462901208550e-06
1.542000000000000000e+03,6.649810075032291934e-06
1.543000000000000000e+03,6.641731943091144785e-06
1.544000000000000000e+03,6.632344593526795506e-06
1.545000000000000000e+03,6.648737326031550765e-06
1.546000000000000000e+03,6.629103609157027677e-06
1.547000000000000000e+03,6.620369731535902247e-06
1.548000000000000000e+03,6.613919140363577753e-06
1.549000000000000000e+03,6.606420811294810846e-06
1.550000000000000000e+03,6.598930212931009009e-06
1.551000000000000000e+03,6.599771950277499855e-06
1.552000000000000000e+03,6.593443231395212933e-06
1.553000000000000000e+03,6.584062248293776065e-06
1.554000000000000000e+03,6.576351097464794293e-06
1.555000000000000000e+03,6.566120646311901510e-06
1.556000000000000000e+03,6.561059308296535164e-06
1.557000000000000000e+03,6.548744295287178829e-06
1.558000000000000000e+03,6.541307811858132482e-06
1.559000000000000000e+03,6.533805844810558483e-06
1.560000000000000000e+03,6.524235232063801959e-06
1.561000000000000000e+03,6.509068498417036608e-06
1.562000000000000000e+03,6.516833764180773869e-06
1.563000000000000000e+03,6.502918040496297181e-06
1.564000000000000000e+03,6.495141406048787758e-06
1.565000000000000000e+03,6.487821792688919231e-06
1.566000000000000000e+03,6.479288458649534732e-06
1.567000000000000000e+03,6.504854354716371745e-06
1.568000000000000000e+03,6.476319413195597008e-06
1.569000000000000000e+03,6.469594154623337090e-06
1.570000000000000000e+03,6.469836989708710462e-06
1.571000000000000000e+03,6.467355888162273914e-06
1.572000000000000000e+03,6.463749741669744253e-06
1.573000000000000000e+03,6.458071766246575862e-06
1.574000000000000000e+03,6.448608473874628544e-06
1.575000000000000000e+03,6.446561201300937682e-06
1.576000000000000000e+03,6.435650448111118749e-06
1.577000000000000000e+03,6.431926976802060381e-06
1.578000000000000000e+03,6.426791969715850428e-06
1.579000000000000000e+03,6.419269539037486538e-06
1.580000000000000000e+03,6.426936579373432323e-06
1.581000000000000000e+03,6.414221388695295900e-06
1.582000000000000000e+03,6.405728981917491183e-06
1.583000000000000000e+03,6.400459824362769723e-06
1.584000000000000000e+03,6.394484444172121584e-06
1.585000000000000000e+03,6.399931862688390538e-06
1.586000000000000000e+03,6.390891940100118518e-06
1.587000000000000000e+03,6.386926088453037664e-06
1.588000000000000000e+03,6.380416380125097930e-06
1.589000000000000000e+03,6.376950295816641301e-06
1.590000000000000000e+03,6.367738023982383311e-06
1.591000000000000000e+03,6.365452918544178829e-06
1.592000000000000000e+03,6.355088771670125425e-06
1.593000000000000000e+03,6.349550403683679178e-06
1.594000000000000000e+03,6.342500455502886325e-06
1.595000000000000000e+03,6.333124474622309208e-06
1.596000000000000000e+03,6.329013558570295572e-06
1.597000000000000000e+03,6.316681265161605552e-06
1.598000000000000000e+03,6.312999175861477852e-06
1.599000000000000000e+03,6.304333510342985392e-06
1.600000000000000000e+03,6.307981948339147493e-06
1.601000000000000000e+03,6.300621407717699185e-06
1.602000000000000000e+03,6.295062576100463048e-06
1.603000000000000000e+03,6.289850261964602396e-06
1.604000000000000000e+03,6.283744369284249842e-06
1.605000000000000000e+03,6.280538400460500270e-06
1.606000000000000000e+03,6.269724508456420153e-06
1.607000000000000000e+03,6.265956926654325798e-06
1.608000000000000000e+03,6.261821908992715180e-06
1.609000000000000000e+03,6.256617780309170485e-06
1.610000000000000000e+03,6.251287686609430239e-06
1.611000000000000000e+03,6.246699285838985816e-06
1.612000000000000000e+03,6.242734798433957621e-06
1.613000000000000000e+03,6.236282843019580469e-06
1.614000000000000000e+03,6.223162472451804206e-06
1.615000000000000000e+03,6.250736078072804958e-06
1.616000000000000000e+03,6.218107046151999384e-06
1.617000000000000000e+03,6.208530066942330450e-06
1.618000000000000000e+03,6.202132226462708786e-06
1.619000000000000000e+03,6.195438800205010921e-06
1.620000000000000000e+03,6.185195161378942430e-06
1.621000000000000000e+03,6.174386726343072951e-06
1.622000000000000000e+03,6.165028935356531292e-06
1.623000000000000000e+03,6.158095402497565374e-06
1.624000000000000000e+03,6.147905423858901486e-06
1.625000000000000000e+03,6.136908268672414124e-06
1.626000000000000000e+03,6.129911525931674987e-06
1.627000000000000000e+03,6.116008535173023120e-06
1.628000000000000000e+03,6.111955826781922951e-06
1.629000000000000000e+03,6.107670287747168913e-06
1.630000000000000000e+03,6.100011887610889971e-06
1.631000000000000000e+03,6.090478564146906137e-06
1.632000000000000000e+03,6.086383564252173528e-06
1.633000000000000000e+03,6.081579158490058035e-06
1.634000000000000000e+03,6.078154910937882960e-06
1.635000000000000000e+03,6.071143616281915456e-06
1.636000000000000000e+03,6.060753094061510637e-06
1.637000000000000000e+03,6.072802534617949277e-06
1.638000000000000000e+03,6.055406629457138479e-06
1.639000000000000000e+03,6.045986992830876261e-06
1.640000000000000000e+03,6.039447271177778021e-06
1.641000000000000000e+03,6.033382760506356135e-06
1.642000000000000000e+03,6.028508323652204126e-06
1.643000000000000000e+03,6.025693437550216913e-06
1.644000000000000000e+03,6.023320565873291343e-06
1.645000000000000000e+03,6.020014097884995863e-06
1.646000000000000000e+03,6.013195616105804220e-06
1.647000000000000000e+03,6.003312137181637809e-06
1.648000000000000000e+03,6.016344741510692984e-06
1.649000000000000000e+03,5.999840141157619655e-06
1.650000000000000000e+03,5.994179900881135836e-06
1.651000000000000000e+03,5.990558292978676036e-06
1.652000000000000000e+03,5.984906238154508173e-06
1.653000000000000000e+03,5.975984549877466634e-06
1.654000000000000000e+03,5.977310138405300677e-06
1.655000000000000000e+03,5.970479378447635099e-06
1.656000000000000000e+03,5.959261670795967802e-06
1.657000000000000000e+03,5.952662377239903435e-06
1.658000000000000000e+03,5.948279522272059694e-06
1.659000000000000000e+03,5.944270469626644626e-06
1.660000000000000000e+03,5.937883088336093351e-06
1.661000000000000000e+03,5.929515737079782411e-06
1.662000000000000000e+03,5.921753199800150469e-06
1.663000000000000000e+03,5.916037480346858501e-06
1.664000000000000000e+03,5.912296273891115561e-06
1.665000000000000000e+03,5.909143965254770592e-06
1.666000000000000000e+03,5.906080332351848483e-06
1.667000000000000000e+03,5.900207270315149799e-06
1.668000000000000000e+03,5.920754119870252907e-06
1.669000000000000000e+03,5.898035851714666933e-06
1.670000000000000000e+03,5.894540663575753570e-06
1.671000000000000000e+03,5.890340162295615301e-06
1.672000000000000000e+03,5.885761765966890380e-06
1.673000000000000000e+03,5.880617209186311811e-06
1.674000000000000000e+03,5.878681804460939020e-06
1.675000000000000000e+03,5.871486337127862498e-06
1.676000000000000000e+03,5.867831987416138873e-06
1.677000000000000000e+03,5.864697413926478475e-06
1.678000000000000000e+03,5.860498731635743752e-06
1.679000000000000000e+03,5.852509275428019464e-06
1.680000000000000000e+03,5.857908945472445339e-06
1.681000000000000000e+03,5.848813088960014284e-06
1.682000000000000000e+03,5.841093297931365669e-06
1.683000000000000000e+03,5.833658178744371980e-06
1.684000000000000000e+03,5.826553660881472751e-06
1.685000000000000000e+03,5.820380465593189001e-06
1.686000000000000000e+03,5.816449174744775519e-06
1.687000000000000000e+03,5.811257778987055644e-06
1.688000000000000000e+03,5.808171408716589212e-06
1.689000000000000000e+03,5.803560725325951353e-06
1.690000000000000000e+03,5.798543952550971881e-06
1.691000000000000000e+03,5.793855962110683322e-06
1.692000000000000000e+03,5.791013791167642921e-06
1.693000000000000000e+03,5.782981588708935305e-06
1.694000000000000000e+03,5.778929335065186024e-06
1.695000000000000000e+03,5.771129963250132278e-06
1.696000000000000000e+03,5.765607056673616171e-06
1.697000000000000000e+03,5.760074600402731448e-06
1.698000000000000000e+03,5.753624463977757841e-06
1.699000000000000000e+03,5.749291176471160725e-06
1.700000000000000000e+03,5.743908332078717649e-06
1.701000000000000000e+03,5.740488177252700552e-06
1.702000000000000000e+03,5.735745162382954732e-06
1.703000000000000000e+03,5.724478342017391697e-06
1.704000000000000000e+03,5.711432095267809927e-06
1.705000000000000000e+03,5.701388545276131481e-06
1.706000000000000000e+03,5.690519628842594102e-06
1.707000000000000000e+03,5.682220489688916132e-06
1.708000000000000000e+03,5.674769909091992304e-06
1.709000000000000000e+03,5.667850928148254752e-06
1.710000000000000000e+03,5.653586413245648146e-06
1.711000000000000000e+03,5.648772912536514923e-06
1.712000000000000000e+03,5.636558853439055383e-06
1.713000000000000000e+03,5.623862307402305305e-06
1.714000000000000000e+03,5.632671673083677888e-06
1.715000000000000000e+03,5.616041107714409009e-06
1.716000000000000000e+03,5.608123046840773895e-06
1.717000000000000000e+03,5.601150405709631741e-06
1.718000000000000000e+03,5.596962637355318293e-06
1.719000000000000000e+03,5.590408363786991686e-06
1.720000000000000000e+03,5.580257493420504034e-06
1.721000000000000000e+03,5.574896022153552622e-06
1.722000000000000000e+03,5.564063940255437046e-06
1.723000000000000000e+03,5.587464784184703603e-06
1.724000000000000000e+03,5.560554654948646203e-06
1.725000000000000000e+03,5.554068138735601678e-06
1.726000000000000000e+03,5.549970865104114637e-06
1.727000000000000000e+03,5.541505743167363107e-06
1.728000000000000000e+03,5.537482138606719673e-06
1.729000000000000000e+03,5.530087491933954880e-06
1.730000000000000000e+03,5.522771061805542558e-06
1.731000000000000000e+03,5.517541012522997335e-06
1.732000000000000000e+03,5.511436484084697440e-06
1.733000000000000000e+03,5.505160061147762462e-06
1.734000000000000000e+03,5.497121492226142436e-06
1.735000000000000000e+03,5.493523985933279619e-06
1.736000000000000000e+03,5.484716439241310582e-06
1.737000000000000000e+03,5.479943411046406254e-06
1.738000000000000000e+03,5.474451882037101313e-06
1.739000000000000000e+03,5.470579708344303071e-06
1.740000000000000000e+03,5.465818048833170906e-06
1.741000000000000000e+03,5.459763997350819409e-06
1.742000000000000000e+03,5.451914603327168152e-06
1.743000000000000000e+03,5.444943326438078657e-06
1.744000000000000000e+03,5.437373602035222575e-06
1.745000000000000000e+03,5.450806384033057839e-06
1.746000000000000000e+03,5.433130809251451865e-06
1.747000000000000000e+03,5.426724783319514245e-06
1.748000000000000000e+03,5.418217369879130274e-06
1.749000000000000000e+03,5.411413440015166998e-06
1.750000000000000000e+03,5.405983756645582616e-06
1.751000000000000000e+03,5.399220299295848235e-06
1.752000000000000000e+03,5.394061645347392187e-06
1.753000000000000000e+03,5.387388227973133326e-06
1.754000000000000000e+03,5.397702807385940105e-06
1.755000000000000000e+03,5.384295036492403597e-06
1.756000000000000000e+03,5.378790319809922948e-06
1.757000000000000000e+03,5.373237854655599222e-06
1.758000000000000000e+03,5.366663572203833610e-06
1.759000000000000000e+03,5.357590453058946878e-06
1.760000000000000000e+03,5.348663762561045587e-06
1.761000000000000000e+03,5.338562459655804560e-06
1.762000000000000000e+03,5.331959528120933101e-06
1.763000000000000000e+03,5.325704023562138900e-06
1.764000000000000000e+03,5.319659521774156019e-06
1.765000000000000000e+03,5.310416781867388636e-06
1.766000000000000000e+03,5.304678325046552345e-06
1.767000000000000000e+03,5.291968591336626559e-06
1.768000000000000000e+03,5.293336471368093044e-06
1.769000000000000000e+03,5.286692612571641803e-06
1.770000000000000000e+03,5.277138370729517192e-06
1.771000000000000000e+03,5.269238499749917537e-06
1.772000000000000000e+03,5.263426828605588526e-06
1.773000000000000000e+03,5.254363259155070409e-06
1.774000000000000000e+03,5.250997674011159688e-06
1.775000000000000000e+03,5.246187811280833557e-06
1.776000000000000000e+03,5.247672106634126976e-06
1.777000000000000000e+03,5.243522082309937105e-06
1.778000000000000000e+03,5.238741778157418594e-06
1.779000000000000000e+03,5.230350325291510671e-06
1.780000000000000000e+03,5.223656899033812806e-06
1.781000000000000000e+03,5.215440523897996172e-06
1.782000000000000000e+03,5.211307325225789100e-06
1.783000000000000000e+03,5.202661668590735644e-06
1.784000000000000000e+03,5.197582140681333840e-06
1.785000000000000000e+03,5.189778676140122116e-06
1.786000000000000000e+03,5.178011178941233084e-06
1.787000000000000000e+03,5.184056590223917738e-06
1.788000000000000000e+03,5.173277713765855879e-06
1.789000000000000000e+03,5.166237315279431641e-06
1.790000000000000000e+03,5.162470188224688172e-06
1.791000000000000000e+03,5.157474333827849478e-06
1.792000000000000000e+03,5.150782271812204272e-06
1.793000000000000000e+03,5.143737325852271169e-06
1.794000000000000000e+03,5.131530542712425813e-06
1.795000000000000000e+03,5.123577466292772442e-06
1.796000000000000000e+03,5.113468432682566345e-06
1.797000000000000000e+03,5.109134690428618342e-06
1.798000000000000000e+03,5.101982424093876034e-06
1.799000000000000000e+03,5.099466307001421228e-06
1.800000000000000000e+03,5.091259481559973210e-06
1.801000000000000000e+03,5.087098998046712950e-06
1.802000000000000000e+03,5.083727046439889818e-06
1.803000000000000000e+03,5.077581135992659256e-06
1.804000000000000000e+03,5.075944955024169758e-06
1.805000000000000000e+03,5.062223863205872476e-06
1.806000000000000000e+03,5.057494036009302363e-06
1.807000000000000000e+03,5.052228061686037108e-06
1.808000000000000000e+03,5.046360001870198175e-06
1.809000000000000000e+03,5.041988060838775709e-06
1.810000000000000000e+03,5.039053576183505356e-06
1.811000000000000000e+03,5.036787115386687219e-06
1.812000000000000000e+03,5.033474280935479328e-06
1.813000000000000000e+03,5.026744474889710546e-06
1.814000000000000000e+03,5.019152013119310141e-06
1.815000000000000000e+03,5.013301688450155780e-06
1.816000000000000000e+03,5.006068931834306568e-06
1.817000000000000000e+03,5.001790214009815827e-06
1.818000000000000000e+03,4.997486030333675444e-06
1.819000000000000000e+03,4.994752998754847795e-06
1.820000000000000000e+03,4.986530711903469637e-06
1.821000000000000000e+03,4.980921858077635989e-06
1.822000000000000000e+03,4.975976935384096578e-06
1.823000000000000000e+03,4.969212568539660424e-06
1.824000000000000000e+03,4.971866474079433829e-06
1.825000000000000000e+03,4.964181243849452585e-06
1.826000000000000000e+03,4.956654265697579831e-06
1.827000000000000000e+03,4.951363280270015821e-06
1.828000000000000000e+03,4.944076408719411120e-06
1.829000000000000000e+03,4.946301032759947702e-06
1.830000000000000000e+03,4.939469363307580352e-06
1.831000000000000000e+03,4.932800493406830356e-06
1.832000000000000000e+03,4.924920176563318819e-06
1.833000000000000000e+03,4.923305823467671871e-06
1.834000000000000000e+03,4.917317710351198912e-06
1.835000000000000000e+03,4.914469172945246100e-06
1.836000000000000000e+03,4.910987172479508445e-06
1.837000000000000000e+03,4.906593858322594315e-06
1.838000000000000000e+03,4.897549843008164316e-06
1.839000000000000000e+03,4.912277745461324230e-06
1.840000000000000000e+03,4.893375262327026576e-06
1.841000000000000000e+03,4.884334884991403669e-06
1.842000000000000000e+03,4.875543709204066545e-06
1.843000000000000000e+03,4.867717052547959611e-06
1.844000000000000000e+03,4.860392891714582220e-06
1.845000000000000000e+03,4.854175585933262482e-06
1.846000000000000000e+03,4.848536264034919441e-06
1.847000000000000000e+03,4.843160240852739662e-06
1.848000000000000000e+03,4.838626409764401615e-06
1.849000000000000000e+03,4.834341780224349350e-06
1.850000000000000000e+03,4.825807081942912191e-06
1.851000000000000000e+03,4.826852546102600172e-06
1.852000000000000000e+03,4.822212758881505579e-06
1.853000000000000000e+03,4.817302851733984426e-06
1.854000000000000000e+03,4.813997747987741604e-06
1.855000000000000000e+03,4.809674464922863990e-06
1.856000000000000000e+03,4.809063284483272582e-06
1.857000000000000000e+03,4.806410743185551837e-06
1.858000000000000000e+03,4.802109287993516773e-06
1.859000000000000000e+03,4.797858309757430106e-06
1.860000000000000000e+03,4.793788775714347139e-06
1.861000000000000000e+03,4.786753834196133539e-06
1.862000000000000000e+03,4.817699846171308309e-06
1.863000000000000000e+03,4.784280918102012947e-06
1.864000000000000000e+03,4.779282789968419820e-06
1.865000000000000000e+03,4.775332854478619993e-06
1.866000000000000000e+03,4.769624410982942209e-06
1.867000000000000000e+03,4.761245691042859107e-06
1.868000000000000000e+03,4.776165042130742222e-06
1.869000000000000000e+03,4.757972874358529225e-06
1.870000000000000000e+03,4.752738732349826023e-06
1.871000000000000000e+03,4.749138042825507000e-06
1.872000000000000000e+03,4.745441856357501820e-06
1.873000000000000000e+03,4.739785254059825093e-06
1.874000000000000000e+03,4.733520199806662276e-06
1.875000000000000000e+03,4.729554802906932309e-06
1.876000000000000000e+03,4.726970018964493647e-06
1.877000000000000000e+03,4.720787728729192168e-06
1.878000000000000000e+03,4.716351668321294710e-06
1.879000000000000000e+03,4.711339443019824103e-06
1.880000000000000000e+03,4.705836090579396114e-06
1.881000000000000000e+03,4.699814326158957556e-06
1.882000000000000000e+03,4.696005817095283419e-06
1.883000000000000000e+03,4.692348284152103588e-06
1.884000000000000000e+03,4.688422905019251630e-06
1.885000000000000000e+03,4.690833520726300776e-06
1.886000000000000000e+03,4.683996849053073674e-06
1.887000000000000000e+03,4.677228844229830429e-06
1.888000000000000000e+03,4.674599495047004893e-06
1.889000000000000000e+03,4.670299858844373375e-06
1.890000000000000000e+03,4.666749191528651863e-06
1.891000000000000000e+03,4.663199888454983011e-06
1.892000000000000000e+03,4.667073881137184799e-06
1.893000000000000000e+03,4.660210834117606282e-06
1.894000000000000000e+03,4.656419150705914944e-06
1.895000000000000000e+03,4.654305485018994659e-06
1.896000000000000000e+03,4.646018624043790624e-06
1.897000000000000000e+03,4.640392035071272403e-06
1.898000000000000000e+03,4.632690888684010133e-06
1.899000000000000000e+03,4.624003850040026009e-06
1.900000000000000000e+03,4.620123490894911811e-06
1.901000000000000000e+03,4.616935711965197697e-06
1.902000000000000000e+03,4.613568762579234317e-06
1.903000000000000000e+03,4.609918050846317783e-06
1.904000000000000000e+03,4.604401055985363200e-06
1.905000000000000000e+03,4.602271019393811002e-06
1.906000000000000000e+03,4.597058705257950351e-06
1.907000000000000000e+03,4.590065145748667419e-06
1.908000000000000000e+03,4.588843694364186376e-06
1.909000000000000000e+03,4.579049345920793712e-06
1.910000000000000000e+03,4.574721515382407233e-06
1.911000000000000000e+03,4.569627435557777062e-06
1.912000000000000000e+03,4.563225502351997420e-06
1.913000000000000000e+03,4.555122359306551516e-06
1.914000000000000000e+03,4.547573098534485325e-06
1.915000000000000000e+03,4.543034719972638413e-06
1.916000000000000000e+03,4.536153937806375325e-06
1.917000000000000000e+03,4.528488716459833086e-06
1.918000000000000000e+03,4.530846126726828516e-06
1.919000000000000000e+03,4.524868927546776831e-06
1.920000000000000000e+03,4.519975391303887591e-06
1.921000000000000000e+03,4.516250101005425677e-06
1.922000000000000000e+03,4.511799488682299852e-06
1.923000000000000000e+03,4.505700871959561482e-06
1.924000000000000000e+03,4.506689492700388655e-06
1.925000000000000000e+03,4.502253887039842084e-06
1.926000000000000000e+03,4.498807811614824459e-06
1.927000000000000000e+03,4.494225322559941560e-06
1.928000000000000000e+03,4.488774266064865515e-06
1.929000000000000000e+03,4.488126705837203190e-06
1.930000000000000000e+03,4.483158591028768569e-06
1.931000000000000000e+03,4.482272743189241737e-06
1.932000000000000000e+03,4.480115421756636351e-06
1.933000000000000000e+03,4.475945388549007475e-06
1.934000000000000000e+03,4.471441570785827935e-06
1.935000000000000000e+03,4.465576694201445207e-06
1.936000000000000000e+03,4.458936928131151944e-06
1.937000000000000000e+03,4.455258476809831336e-06
1.938000000000000000e+03,4.467009603104088455e-06
1.939000000000000000e+03,4.452655957720708102e-06
1.940000000000000000e+03,4.448470008355798200e-06
1.941000000000000000e+03,4.445573722478002310e-06
1.942000000000000000e+03,4.442598765308503062e-06
1.943000000000000000e+03,4.438285941432695836e-06
1.944000000000000000e+03,4.441618330019991845e-06
1.945000000000000000e+03,4.435623395693255588e-06
1.946000000000000000e+03,4.430977242009248585e-06
1.947000000000000000e+03,4.427520252647809684e-06
1.948000000000000000e+03,4.425189672474516556e-06
1.949000000000000000e+03,4.422449819685425609e-06
1.950000000000000000e+03,4.418636763148242608e-06
1.951000000000000000e+03,4.416544015839463100e-06
1.952000000000000000e+03,4.413443548401119187e-06
1.953000000000000000e+03,4.411510872159851715e-06
1.954000000000000000e+03,4.409030680108116940e-06
1.955000000000000000e+03,4.405492745718220249e-06
1.956000000000000000e+03,4.400665147841209546e-06
1.957000000000000000e+03,4.398637429403606802e-06
1.958000000000000000e+03,4.394418283482082188e-06
1.959000000000000000e+03,4.391887614474399015e-06
1.960000000000000000e+03,4.390088179206941277e-06
1.961000000000000000e+03,4.384975909488275647e-06
1.962000000000000000e+03,4.382359747978625819e-06
1.963000000000000000e+03,4.379875008453382179e-06
1.964000000000000000e+03,4.376439392217434943e-06
1.965000000000000000e+03,4.369195721665164456e-06
1.966000000000000000e+03,4.366375378594966605e-06
1.967000000000000000e+03,4.360402272141072899e-06
1.968000000000000000e+03,4.356785666459472850e-06
1.969000000000000000e+03,4.353161330072907731e-06
1.970000000000000000e+03,4.348782113083871081e-06
1.971000000000000000e+03,4.345014076534425840e-06
1.972000000000000000e+03,4.339156475907657295e-06
1.973000000000000000e+03,4.335481207817792892e-06
1.974000000000000000e+03,4.332428488851292059e-06
1.975000000000000000e+03,4.329042440076591447e-06
1.976000000000000000e+03,4.326572707213927060e-06
1.977000000000000000e+03,4.318404080549953505e-06
1.978000000000000000e+03,4.316016202210448682e-06
1.979000000000000000e+03,4.313390036259079352e-06
1.980000000000000000e+03,4.312022156227612868e-06
1.981000000000000000e+03,4.309748874220531434e-06
1.982000000000000000e+03,4.305444690544391051e-06
1.983000000000000000e+03,4.299898591852979735e-06
1.984000000000000000e+03,4.308487405069172382e-06
1.985000000000000000e+03,4.297667601349530742e-06
1.986000000000000000e+03,4.294366590329445899e-06
1.987000000000000000e+03,4.291698132874444127e-06
1.988000000000000000e+03,4.289166554372059181e-06
1.989000000000000000e+03,4.284308033675188199e-06
1.990000000000000000e+03,4.285873274056939408e-06
1.991000000000000000e+03,4.281807832740014419e-06
1.992000000000000000e+03,4.278266715118661523e-06
1.993000000000000000e+03,4.275586434232536703e-06
1.994000000000000000e+03,4.273385457054246217e-06
1.995000000000000000e+03,4.270901627023704350e-06
1.996000000000000000e+03,4.267941676516784355e-06
1.997000000000000000e+03,4.264632480044383556e-06
1.998000000000000000e+03,4.261332378519000486e-06
1.999000000000000000e+03,4.258559329173294827e-06
2.000000000000000000e+03,4.254288796801120043e-06
2.001000000000000000e+03,4.251944119459949434e-06
2.002000000000000000e+03,4.249772246112115681e-06
2.003000000000000000e+03,4.245807303959736601e-06
2.004000000000000000e+03,4.243141574988840148e-06
2.005000000000000000e+03,4.239654572302242741e-06
2.006000000000000000e+03,4.238200290274107829e-06
2.007000000000000000e+03,4.236955192027380690e-06
2.008000000000000000e+03,4.235556389176053926e-06
2.009000000000000000e+03,4.231837920087855309e-06
2.010000000000000000e+03,4.228388661431381479e-06
2.011000000000000000e+03,4.223072664899518713e-06
2.012000000000000000e+03,4.222671577736036852e-06
2.013000000000000000e+03,4.219787570036714897e-06
2.014000000000000000e+03,4.217041805532062426e-06
2.015000000000000000e+03,4.214639375277329236e-06
2.016000000000000000e+03,4.214839464111719280e-06
2.017000000000000000e+03,4.213475222059059888e-06
2.018000000000000000e+03,4.211142822896363214e-06
2.019000000000000000e+03,4.207743586448486894e-06
2.020000000000000000e+03,4.204202014079783112e-06
2.021000000000000000e+03,4.200271632726071402e-06
2.022000000000000000e+03,4.195214387436863035e-06
2.023000000000000000e+03,4.190581876173382625e-06
2.024000000000000000e+03,4.187162630842067301e-06
2.025000000000000000e+03,4.183730197837576270e-06
2.026000000000000000e+03,4.184469617030117661e-06
2.027000000000000000e+03,4.182181783107807860e-06
2.028000000000000000e+03,4.179918505542445928e-06
2.029000000000000000e+03,4.174213245278224349e-06
2.030000000000000000e+03,4.171708496869541705e-06
2.031000000000000000e+03,4.167532551946351305e-06
2.032000000000000000e+03,4.166412963968468830e-06
2.033000000000000000e+03,4.163365701970178634e-06
2.034000000000000000e+03,4.162386176176369190e-06
2.035000000000000000e+03,4.160662683716509491e-06
2.036000000000000000e+03,4.158108822593931109e-06
2.037000000000000000e+03,4.155261194682680070e-06
2.038000000000000000e+03,4.152896053710719571e-06
2.039000000000000000e+03,4.149863343627657741e-06
2.040000000000000000e+03,4.147391791775589809e-06
2.041000000000000000e+03,4.148154857830377296e-06
2.042000000000000000e+03,4.145105322095332667e-06
2.043000000000000000e+03,4.141727913520298898e-06
2.044000000000000000e+03,4.140308192290831357e-06
2.045000000000000000e+03,4.137432370043825358e-06
2.046000000000000000e+03,4.132976300752488896e-06
2.047000000000000000e+03,4.132997673877980560e-06
2.048000000000000000e+03,4.129877652303548530e-06
2.049000000000000000e+03,4.124556653550826013e-06
2.050000000000000000e+03,4.121404799661831930e-06
2.051000000000000000e+03,4.118529886909527704e-06
2.052000000000000000e+03,4.116269337828271091e-06
2.053000000000000000e+03,4.113547220185864717e-06
2.054000000000000000e+03,4.109920155315194279e-06
2.055000000000000000e+03,4.106951109861256555e-06
2.056000000000000000e+03,4.100914338778238744e-06
2.057000000000000000e+03,4.104487288714153692e-06
2.058000000000000000e+03,4.098098997928900644e-06
2.059000000000000000e+03,4.095016265637241304e-06
2.060000000000000000e+03,4.092620201845420524e-06
2.061000000000000000e+03,4.089455160283250734e-06
2.062000000000000000e+03,4.082834948349045590e-06
2.063000000000000000e+03,4.085640739504015073e-06
2.064000000000000000e+03,4.079538030055118725e-06
2.065000000000000000e+03,4.074477146787103266e-06
2.066000000000000000e+03,4.073791842529317364e-06
2.067000000000000000e+03,4.070401246281107888e-06
2.068000000000000000e+03,4.069368515047244728e-06
2.069000000000000000e+03,4.067615464009577408e-06
2.070000000000000000e+03,4.064509994350373745e-06
2.071000000000000000e+03,4.064653239765902981e-06
2.072000000000000000e+03,4.062172138219466433e-06
2.073000000000000000e+03,4.058103968418436125e-06
2.074000000000000000e+03,4.055692897964036092e-06
2.075000000000000000e+03,4.052941221743822098e-06
2.076000000000000000e+03,4.050365078001050279e-06
2.077000000000000000e+03,4.048701157444156706e-06
2.078000000000000000e+03,4.045128662255592644e-06
2.079000000000000000e+03,4.042130512971198186e-06
2.080000000000000000e+03,4.034080575365805998e-06
2.081000000000000000e+03,4.048873506690142676e-06
2.082000000000000000e+03,4.031366643175715581e-06
2.083000000000000000e+03,4.025716862088302150e-06
2.084000000000000000e+03,4.022258508484810591e-06
2.085000000000000000e+03,4.018672825623070821e-06
2.086000000000000000e+03,4.014850219391519204e-06
2.087000000000000000e+03,4.010869361081859097e-06
2.088000000000000000e+03,4.006130438938271254e-06
2.089000000000000000e+03,4.001273282483452931e-06
2.090000000000000000e+03,3.995495262643089518e-06
2.091000000000000000e+03,3.987296622653957456e-06
2.092000000000000000e+03,3.986854608228895813e-06
2.093000000000000000e+03,3.982507678301772103e-06
2.094000000000000000e+03,3.978898803325137123e-06
2.095000000000000000e+03,3.974030732933897525e-06
2.096000000000000000e+03,3.970119450968923047e-06
2.097000000000000000e+03,3.965151790907839313e-06
2.098000000000000000e+03,3.961876700486754999e-06
2.099000000000000000e+03,3.958336037612752989e-06
2.100000000000000000e+03,3.955768988816998899e-06
2.101000000000000000e+03,3.951822236558655277e-06
2.102000000000000000e+03,3.948337962356163189e-06
2.103000000000000000e+03,3.942539024137658998e-06
2.104000000000000000e+03,3.936977464036317542e-06
2.105000000000000000e+03,3.931223545805551112e-06
2.106000000000000000e+03,3.924754764739191160e-06
2.107000000000000000e+03,3.921463758160825819e-06
2.108000000000000000e+03,3.916600235243095085e-06
2.109000000000000000e+03,3.916301011486211792e-06
2.110000000000000000e+03,3.914322405762504786e-06
2.111000000000000000e+03,3.910910436388803646e-06
2.112000000000000000e+03,3.906145593646215275e-06
2.113000000000000000e+03,3.902116986864712089e-06
2.114000000000000000e+03,3.895553163602016866e-06
2.115000000000000000e+03,3.896646376233547926e-06
2.116000000000000000e+03,3.892250333592528477e-06
2.117000000000000000e+03,3.888003902829950675e-06
2.118000000000000000e+03,3.885068053932627663e-06
2.119000000000000000e+03,3.881963039020774886e-06
2.120000000000000000e+03,3.877446033584419638e-06
2.121000000000000000e+03,3.873017249134136364e-06
2.122000000000000000e+03,3.867686700687045231e-06
2.123000000000000000e+03,3.876514711009804159e-06
2.124000000000000000e+03,3.866151473630452529e-06
2.125000000000000000e+03,3.863681740767788142e-06
2.126000000000000000e+03,3.861386630887864158e-06
2.127000000000000000e+03,3.858864147332496941e-06
2.128000000000000000e+03,3.854862370644696057e-06
2.129000000000000000e+03,3.850214852718636394e-06
2.130000000000000000e+03,3.846836079901549965e-06
2.131000000000000000e+03,3.843851573037682101e-06
2.132000000000000000e+03,3.841937996185151860e-06
2.133000000000000000e+03,3.841039870167151093e-06
2.134000000000000000e+03,3.839709279418457299e-06
2.135000000000000000e+03,3.836222731479210779e-06
2.136000000000000000e+03,3.834197741525713354e-06
2.137000000000000000e+03,3.829809429589658976e-06
2.138000000000000000e+03,3.829545676126144826e-06
2.139000000000000000e+03,3.827495220320997760e-06
2.140000000000000000e+03,3.823970018856925890e-06
2.141000000000000000e+03,3.820840447588125244e-06
2.142000000000000000e+03,3.818230197794036940e-06
2.143000000000000000e+03,3.815388936345698312e-06
2.144000000000000000e+03,3.812884642684366554e-06
2.145000000000000000e+03,3.810692533079418354e-06
2.146000000000000000e+03,3.808056590060004964e-06
2.147000000000000000e+03,3.804808557106298395e-06
2.148000000000000000e+03,3.800237891482538544e-06
2.149000000000000000e+03,3.804989546551951207e-06
2.150000000000000000e+03,3.798650595854269341e-06
2.151000000000000000e+03,3.795538532358477823e-06
2.152000000000000000e+03,3.792760480791912414e-06
2.153000000000000000e+03,3.789388074437738396e-06
2.154000000000000000e+03,3.787573859881376848e-06
2.155000000000000000e+03,3.784289901886950247e-06
2.156000000000000000e+03,3.781560053539578803e-06
2.157000000000000000e+03,3.780015504162292928e-06
2.158000000000000000e+03,3.777122174142277800e-06
2.159000000000000000e+03,3.772120862777228467e-06
2.160000000000000000e+03,3.784928367167594843e-06
2.161000000000000000e+03,3.770391685975482687e-06
2.162000000000000000e+03,3.767390126085956581e-06
2.163000000000000000e+03,3.765254177778842859e-06
2.164000000000000000e+03,3.761612560992944054e-06
2.165000000000000000e+03,3.760156005228054710e-06
2.166000000000000000e+03,3.756560317924595438e-06
2.167000000000000000e+03,3.755105353775434196e-06
2.168000000000000000e+03,3.753270220840931870e-06
2.169000000000000000e+03,3.750444875549874268e-06
2.170000000000000000e+03,3.746927177417092025e-06
2.171000000000000000e+03,3.744619334611343220e-06
2.172000000000000000e+03,3.742440867426921614e-06
2.173000000000000000e+03,3.741168711712816730e-06
2.174000000000000000e+03,3.740070042113075033e-06
2.175000000000000000e+03,3.736754479177761823e-06
2.176000000000000000e+03,3.734105348485172726e-06
2.177000000000000000e+03,3.731517381311277859e-06
2.178000000000000000e+03,3.728818910531117581e-06
2.179000000000000000e+03,3.727446937773493119e-06
2.180000000000000000e+03,3.726799377545830794e-06
2.181000000000000000e+03,3.723321469806251116e-06
2.182000000000000000e+03,3.722753262991318479e-06
2.183000000000000000e+03,3.721012262758449651e-06
2.184000000000000000e+03,3.717579602380283177e-06
2.185000000000000000e+03,3.714414333444437943e-06
2.186000000000000000e+03,3.709638804139103740e-06
2.187000000000000000e+03,3.706453298946144059e-06
2.188000000000000000e+03,3.701956984514254145e-06
2.189000000000000000e+03,3.698930186146753840e-06
2.190000000000000000e+03,3.695485702337464318e-06
2.191000000000000000e+03,3.692917971420683898e-06
2.192000000000000000e+03,3.689617642521625385e-06
2.193000000000000000e+03,3.685996716740191914e-06
2.194000000000000000e+03,3.679473593365401030e-06
2.195000000000000000e+03,3.680323743537883274e-06
2.196000000000000000e+03,3.676820597320329398e-06
2.197000000000000000e+03,3.672461616588407196e-06
2.198000000000000000e+03,3.670372734632110223e-06
2.199000000000000000e+03,3.667763621706399135e-06
2.200000000000000000e+03,3.665497843030607328e-06
2.201000000000000000e+03,3.662400786197395064e-06
2.202000000000000000e+03,3.660017227957723662e-06
2.203000000000000000e+03,3.656535682239336893e-06
2.204000000000000000e+03,3.654569809441454709e-06
2.205000000000000000e+03,3.652654640973196365e-06
2.206000000000000000e+03,3.650250619102735072e-06
2.207000000000000000e+03,3.648208121376228519e-06
2.208000000000000000e+03,3.644451453510555439e-06
2.209000000000000000e+03,3.642156798377982341e-06
2.210000000000000000e+03,3.640136128524318337e-06
2.211000000000000000e+03,3.638251882875920273e-06
2.212000000000000000e+03,3.637172312664915808e-06
2.213000000000000000e+03,3.636125484263175167e-06
2.214000000000000000e+03,3.633835149230435491e-06
2.215000000000000000e+03,3.631024128480930813e-06
2.216000000000000000e+03,3.628994818427599967e-06
2.217000000000000000e+03,3.625053977884817868e-06
2.218000000000000000e+03,3.621976020440342836e-06
2.219000000000000000e+03,3.623664724727859721e-06
2.220000000000000000e+03,3.619875769800273702e-06
2.221000000000000000e+03,3.616564072217443027e-06
2.222000000000000000e+03,3.614935167206567712e-06
2.223000000000000000e+03,3.612721229728776962e-06
2.224000000000000000e+03,3.610517751440056600e-06
2.225000000000000000e+03,3.608617589634377509e-06
2.226000000000000000e+03,3.606334985306602903e-06
2.227000000000000000e+03,3.605268830142449588e-06
2.228000000000000000e+03,3.603617869885056280e-06
2.229000000000000000e+03,3.601728849389473908e-06
2.230000000000000000e+03,3.600091758926282637e-06
2.231000000000000000e+03,3.597973773139528930e-06
2.232000000000000000e+03,3.609467967180535197e-06
2.233000000000000000e+03,3.597144768718862906e-06
2.234000000000000000e+03,3.595292582758702338e-06
2.235000000000000000e+03,3.593605470086913556e-06
2.236000000000000000e+03,3.590637106754002161e-06
2.237000000000000000e+03,3.587390438042348251e-06
2.238000000000000000e+03,3.584286559998872690e-06
2.239000000000000000e+03,3.583083298508427106e-06
2.240000000000000000e+03,3.581943474273430184e-06
2.241000000000000000e+03,3.579155418265145272e-06
2.242000000000000000e+03,3.577829829737311229e-06
2.243000000000000000e+03,3.574603852030122653e-06
2.244000000000000000e+03,3.572594323486555368e-06
2.245000000000000000e+03,3.571119805201306008e-06
2.246000000000000000e+03,3.568197826098185033e-06
2.247000000000000000e+03,3.570931767171714455e-06
2.248000000000000000e+03,3.566961822798475623e-06
2.249000000000000000e+03,3.564199914762866683e-06
2.250000000000000000e+03,3.562437086657155305e-06
2.251000000000000000e+03,3.559312290235538967e-06
2.252000000000000000e+03,3.555995135684497654e-06
2.253000000000000000e+03,3.554476506906212308e-06
2.254000000000000000e+03,3.550919245753902942e-06
2.255000000000000000e+03,3.549798520907643251e-06
2.256000000000000000e+03,3.548032736944151111e-06
2.257000000000000000e+03,3.544569835867150687e-06
2.258000000000000000e+03,3.541906153259333223e-06
2.259000000000000000e+03,3.539096496751881205e-06
2.260000000000000000e+03,3.536975327733671293e-06
2.261000000000000000e+03,3.534768211466143839e-06
2.262000000000000000e+03,3.532148866725037806e-06
2.263000000000000000e+03,3.530300091370008886e-06
2.264000000000000000e+03,3.527648686940665357e-06
2.265000000000000000e+03,3.526722366586909629e-06
2.266000000000000000e+03,3.523604846122907475e-06
2.267000000000000000e+03,3.522294719005003572e-06
2.268000000000000000e+03,3.521012558849179186e-06
2.269000000000000000e+03,3.519230403981055133e-06
2.270000000000000000e+03,3.528375145833706483e-06
2.271000000000000000e+03,3.518036010063951835e-06
2.272000000000000000e+03,3.514792069836403243e-06
2.273000000000000000e+03,3.512319153742282651e-06
2.274000000000000000e+03,3.508877398417098448e-06
2.275000000000000000e+03,3.505196445985347964e-06
2.276000000000000000e+03,3.508803956719930284e-06
2.277000000000000000e+03,3.502841991576133296e-06
2.278000000000000000e+03,3.498940259305527434e-06
2.279000000000000000e+03,3.496380941214738414e-06
2.280000000000000000e+03,3.494153816063771956e-06
2.281000000000000000e+03,3.491600864435895346e-06
2.282000000000000000e+03,3.489812570478534326e-06
2.283000000000000000e+03,3.486684818199137226e-06
2.284000000000000000e+03,3.483640512058627792e-06
2.285000000000000000e+03,3.481864951027091593e-06
2.286000000000000000e+03,3.478653297861455940e-06
2.287000000000000000e+03,3.477611016933224164e-06
2.288000000000000000e+03,3.476150368442176841e-06
2.289000000000000000e+03,3.474348886811640114e-06
2.290000000000000000e+03,3.472430307738250121e-06
2.291000000000000000e+03,3.470862566246069036e-06
2.292000000000000000e+03,3.468916247584274970e-06
2.293000000000000000e+03,3.467911938059842214e-06
2.294000000000000000e+03,3.466319185463362373e-06
2.295000000000000000e+03,3.463416078375303186e-06
2.296000000000000000e+03,3.462001586740370840e-06
2.297000000000000000e+03,3.459457730059511960e-06
2.298000000000000000e+03,3.457771299508749507e-06
2.299000000000000000e+03,3.454547822911990806e-06
2.300000000000000000e+03,3.452937789916177280e-06
2.301000000000000000e+03,3.451012844379874878e-06
2.302000000000000000e+03,3.448820962148602121e-06
2.303000000000000000e+03,3.446072241786168888e-06
2.304000000000000000e+03,3.443521336521371268e-06
2.305000000000000000e+03,3.441114358793129213e-06
2.306000000000000000e+03,3.438989779169787653e-06
2.307000000000000000e+03,3.435154212638735771e-06
2.308000000000000000e+03,3.430370725254761055e-06
2.309000000000000000e+03,3.438686690060421824e-06
2.310000000000000000e+03,3.428190893828286789e-06
2.311000000000000000e+03,3.424979013288975693e-06
2.312000000000000000e+03,3.422950157982995734e-06
2.313000000000000000e+03,3.420352186367381364e-06
2.314000000000000000e+03,3.415901574044255540e-06
2.315000000000000000e+03,3.417370407987618819e-06
2.316000000000000000e+03,3.413262220419710502e-06
2.317000000000000000e+03,3.410278623050544411e-06
2.318000000000000000e+03,3.407632220842060633e-06
2.319000000000000000e+03,3.406025825825054199e-06
2.320000000000000000e+03,3.401341245989897288e-06
2.321000000000000000e+03,3.398851276870118454e-06
2.322000000000000000e+03,3.397016143935616128e-06
2.323000000000000000e+03,3.395859039301285520e-06
2.324000000000000000e+03,3.392923190403962508e-06
2.325000000000000000e+03,3.389353196325828321e-06
2.326000000000000000e+03,3.391381369510781951e-06
2.327000000000000000e+03,3.388167442608391866e-06
2.328000000000000000e+03,3.385688387425034307e-06
2.329000000000000000e+03,3.383513558219419792e-06
2.330000000000000000e+03,3.380771659067249857e-06
2.331000000000000000e+03,3.377291932338266633e-06
2.332000000000000000e+03,3.375178948772372678e-06
2.333000000000000000e+03,3.371361572135356255e-06
2.334000000000000000e+03,3.369804517205921002e-06
2.335000000000000000e+03,3.366000555615755729e-06
2.336000000000000000e+03,3.361591780048911460e-06
2.337000000000000000e+03,3.357665946168708615e-06
2.338000000000000000e+03,3.352475914653041400e-06
2.339000000000000000e+03,3.350257429701741785e-06
2.340000000000000000e+03,3.347089887029142119e-06
2.341000000000000000e+03,3.344711331010330468e-06
2.342000000000000000e+03,3.341789806654560380e-06
2.343000000000000000e+03,3.338330316182691604e-06
2.344000000000000000e+03,3.336049303470645100e-06
2.345000000000000000e+03,3.334043185532209463e-06
2.346000000000000000e+03,3.330022764203022234e-06
2.347000000000000000e+03,3.328063257868052460e-06
2.348000000000000000e+03,3.324044428154593334e-06
2.349000000000000000e+03,3.361486733410856687e-06
2.350000000000000000e+03,3.323257260490208864e-06
2.351000000000000000e+03,3.320651785543304868e-06
2.352000000000000000e+03,3.317021537441178225e-06
2.353000000000000000e+03,3.312685748824151233e-06
2.354000000000000000e+03,3.310528427391545847e-06
2.355000000000000000e+03,3.308616669528419152e-06
2.356000000000000000e+03,3.307129418317344971e-06
2.357000000000000000e+03,3.304137635495862924e-06
2.358000000000000000e+03,3.301762035334832035e-06
2.359000000000000000e+03,3.300516254967078567e-06
2.360000000000000000e+03,3.295622718724189326e-06
2.361000000000000000e+03,3.294100906714447774e-06
2.362000000000000000e+03,3.291251232440117747e-06
2.363000000000000000e+03,3.286982746431021951e-06
2.364000000000000000e+03,3.284680815340834670e-06
2.365000000000000000e+03,3.281948693256708793e-06
2.366000000000000000e+03,3.280239980085752904e-06
2.367000000000000000e+03,3.278948724982910790e-06
2.368000000000000000e+03,3.277280939073534682e-06
2.369000000000000000e+03,3.274368964412133209e-06
2.370000000000000000e+03,3.298832552900421433e-06
2.371000000000000000e+03,3.273473566878237762e-06
2.372000000000000000e+03,3.270474735472816974e-06
2.373000000000000000e+03,3.267797865191823803e-06
2.374000000000000000e+03,3.264927045165677555e-06
2.375000000000000000e+03,3.266019348302506842e-06
2.376000000000000000e+03,3.264031647631782107e-06
2.377000000000000000e+03,3.262917061874759383e-06
2.378000000000000000e+03,3.261596020820434205e-06
2.379000000000000000e+03,3.260166522522922605e-06
2.380000000000000000e+03,3.257848675275454298e-06
2.381000000000000000e+03,3.254754574300022796e-06
2.382000000000000000e+03,3.253404884162591770e-06
2.383000000000000000e+03,3.249700739615946077e-06
2.384000000000000000e+03,3.248621851525967941e-06
2.385000000000000000e+03,3.246131200285162777e-06
2.386000000000000000e+03,3.242702860006829724e-06
2.387000000000000000e+03,3.240246996938367374e-06
2.388000000000000000e+03,3.238674935346352868e-06
2.389000000000000000e+03,3.236981456211651675e-06
2.390000000000000000e+03,3.235013764424365945e-06
2.391000000000000000e+03,3.232836661481996998e-06
2.392000000000000000e+03,3.230861466363421641e-06
2.393000000000000000e+03,3.228299419788527302e-06
2.394000000000000000e+03,3.226447915949393064e-06
2.395000000000000000e+03,3.224747615604428574e-06
2.396000000000000000e+03,3.222204668418271467e-06
2.397000000000000000e+03,3.219266545784194022e-06
2.398000000000000000e+03,3.216636287106666714e-06
2.399000000000000000e+03,3.214661091988091357e-06
2.400000000000000000e+03,3.213441004845662974e-06
2.401000000000000000e+03,3.211944203940220177e-06
2.402000000000000000e+03,3.210269369446905330e-06
2.403000000000000000e+03,3.206877408956643194e-06
2.404000000000000000e+03,3.236300926801050082e-06
2.405000000000000000e+03,3.206278734069201164e-06
2.406000000000000000e+03,3.203542519258917309e-06
2.407000000000000000e+03,3.200876790288020857e-06
2.408000000000000000e+03,3.199070761183975264e-06
2.409000000000000000e+03,3.197488240402890369e-06
2.410000000000000000e+03,3.196856368958833627e-06
2.411000000000000000e+03,3.195740191586082801e-06
2.412000000000000000e+03,3.194954160790075548e-06
2.413000000000000000e+03,3.194054670530022122e-06
2.414000000000000000e+03,3.192922576999990270e-06
2.415000000000000000e+03,3.192381655026110820e-06
2.416000000000000000e+03,3.190318921042489819e-06
2.417000000000000000e+03,3.207775307600968517e-06
2.418000000000000000e+03,3.189716153428889811e-06
2.419000000000000000e+03,3.188374648743774742e-06
2.420000000000000000e+03,3.187068614352028817e-06
2.421000000000000000e+03,3.185269179084571078e-06
2.422000000000000000e+03,3.185617288181674667e-06
2.423000000000000000e+03,3.184526121913222596e-06
2.424000000000000000e+03,3.183230319336871617e-06
2.425000000000000000e+03,3.182005457347258925e-06
2.426000000000000000e+03,3.180599151164642535e-06
2.427000000000000000e+03,3.178896122335572727e-06
2.428000000000000000e+03,3.177750159011338837e-06
2.429000000000000000e+03,3.175959363943547942e-06
2.430000000000000000e+03,3.174492803736939095e-06
2.431000000000000000e+03,3.173356390107073821e-06
2.432000000000000000e+03,3.171457365169771947e-06
2.433000000000000000e+03,3.169258661728235893e-06
2.434000000000000000e+03,3.167933300574077293e-06
2.435000000000000000e+03,3.165924454151536338e-06
2.436000000000000000e+03,3.164087274853955023e-06
2.437000000000000000e+03,3.161425865982891992e-06
2.438000000000000000e+03,3.159418611176079139e-06
2.439000000000000000e+03,3.157642595397192053e-06
2.440000000000000000e+03,3.156556203975924291e-06
2.441000000000000000e+03,3.155038484692340717e-06
2.442000000000000000e+03,3.153842044412158430e-06
2.443000000000000000e+03,3.152290446450933814e-06
2.444000000000000000e+03,3.150294332954217680e-06
2.445000000000000000e+03,3.148295718347071670e-06
2.446000000000000000e+03,3.144861466353177093e-06
2.447000000000000000e+03,3.143318281217943877e-06
2.448000000000000000e+03,3.141752586088841781e-06
2.449000000000000000e+03,3.139698492304887623e-06
2.450000000000000000e+03,3.139355840175994672e-06
2.451000000000000000e+03,3.137512521789176390e-06
2.452000000000000000e+03,3.134310190944233909e-06
2.453000000000000000e+03,3.132803840344422497e-06
2.454000000000000000e+03,3.130887535007786937e-06
2.455000000000000000e+03,3.131422772639780305e-06
2.456000000000000000e+03,3.130008963125874288e-06
2.457000000000000000e+03,3.128807975372183137e-06
2.458000000000000000e+03,3.126238198092323728e-06
2.459000000000000000e+03,3.124804379694978707e-06
2.460000000000000000e+03,3.122097268715151586e-06
2.461000000000000000e+03,3.121702320640906692e-06
2.462000000000000000e+03,3.119293978670611978e-06
2.463000000000000000e+03,3.118522272416157648e-06
2.464000000000000000e+03,3.117556161669199355e-06
2.465000000000000000e+03,3.116000925729167648e-06
2.466000000000000000e+03,3.114612354693235829e-06
2.467000000000000000e+03,3.113209231742075644e-06
2.468000000000000000e+03,3.112194235654897057e-06
2.469000000000000000e+03,3.110712668785708956e-06
2.470000000000000000e+03,3.112794729531742632e-06
2.471000000000000000e+03,3.109702674919390120e-06
2.472000000000000000e+03,3.108010332653066143e-06
2.473000000000000000e+03,3.106609483438660391e-06
2.474000000000000000e+03,3.104022198385791853e-06
2.475000000000000000e+03,3.103615654254099354e-06
2.476000000000000000e+03,3.100675257883267477e-06
2.477000000000000000e+03,3.099736659351037815e-06
2.478000000000000000e+03,3.098774413956562057e-06
2.479000000000000000e+03,3.097779881500173360e-06
2.480000000000000000e+03,3.095935653618653305e-06
2.481000000000000000e+03,3.100438334513455629e-06
2.482000000000000000e+03,3.095080728598986752e-06
2.483000000000000000e+03,3.093935674769454636e-06
2.484000000000000000e+03,3.092503902735188603e-06
2.485000000000000000e+03,3.091229700658004731e-06
2.486000000000000000e+03,3.088957782892975956e-06
2.487000000000000000e+03,3.095386773566133343e-06
2.488000000000000000e+03,3.088239282078575343e-06
2.489000000000000000e+03,3.086831839027581736e-06
2.490000000000000000e+03,3.085818434556131251e-06
2.491000000000000000e+03,3.084800027863821015e-06
2.492000000000000000e+03,3.083745696130790748e-06
2.493000000000000000e+03,3.081784370806417428e-06
2.494000000000000000e+03,3.080656142628868110e-06
2.495000000000000000e+03,3.079636371694505215e-06
2.496000000000000000e+03,3.078411509704892524e-06
2.497000000000000000e+03,3.075866743529331870e-06
2.498000000000000000e+03,3.075006134167779237e-06
2.499000000000000000e+03,3.072654635616345331e-06
2.500000000000000000e+03,3.071551418543094769e-06
2.501000000000000000e+03,3.070819047934492119e-06
2.502000000000000000e+03,3.069639660679968074e-06
2.503000000000000000e+03,3.067756551899947226e-06
2.504000000000000000e+03,3.069412059630849399e-06
2.505000000000000000e+03,3.066596718781511299e-06
2.506000000000000000e+03,3.064267730223946273e-06
2.507000000000000000e+03,3.062533551201340742e-06
2.508000000000000000e+03,3.060681819988531061e-06
2.509000000000000000e+03,3.058946049350197427e-06
2.510000000000000000e+03,3.056612058571772650e-06
2.511000000000000000e+03,3.056142531931982376e-06
2.512000000000000000e+03,3.053205546166282147e-06
2.513000000000000000e+03,3.052014790227985941e-06
2.514000000000000000e+03,3.050683972105616704e-06
2.515000000000000000e+03,3.048805410799104720e-06
2.516000000000000000e+03,3.047081236218218692e-06
2.517000000000000000e+03,3.045389348699245602e-06
2.518000000000000000e+03,3.044307050004135817e-06
2.519000000000000000e+03,3.043415290449047461e-06
2.520000000000000000e+03,3.041759782718145289e-06
2.521000000000000000e+03,3.040752289962256327e-06
2.522000000000000000e+03,3.038378508790628985e-06
2.523000000000000000e+03,3.039119064851547591e-06
2.524000000000000000e+03,3.037252326976158656e-06
2.525000000000000000e+03,3.036299631276051514e-06
2.526000000000000000e+03,3.035036343135288917e-06
2.527000000000000000e+03,3.033776692973333411e-06
2.528000000000000000e+03,3.033496341231511906e-06
2.529000000000000000e+03,3.031580263268551789e-06
2.530000000000000000e+03,3.031079359061550349e-06
2.531000000000000000e+03,3.030183734153979458e-06
2.532000000000000000e+03,3.028886794709251262e-06
2.533000000000000000e+03,3.029093250006553717e-06
2.534000000000000000e+03,3.027853836101712659e-06
2.535000000000000000e+03,3.026892272828263231e-06
2.536000000000000000e+03,3.026140802830923349e-06
2.537000000000000000e+03,3.025230853381799534e-06
2.538000000000000000e+03,3.023899807885754853e-06
2.539000000000000000e+03,3.022331839019898325e-06
2.540000000000000000e+03,3.021330257979570888e-06
2.541000000000000000e+03,3.019756377398152836e-06
2.542000000000000000e+03,3.018378038177615963e-06
2.543000000000000000e+03,3.015311449416913092e-06
2.544000000000000000e+03,3.020195663339109160e-06
2.545000000000000000e+03,3.014381491084350273e-06
2.546000000000000000e+03,3.012724619111395441e-06
2.547000000000000000e+03,3.011544322362169623e-06
2.548000000000000000e+03,3.010563887073658407e-06
2.549000000000000000e+03,3.009176680279779248e-06
2.550000000000000000e+03,3.007910208907560445e-06
2.551000000000000000e+03,3.006857923537609167e-06
2.552000000000000000e+03,3.004917516591376625e-06
2.553000000000000000e+03,3.006882252520881593e-06
2.554000000000000000e+03,3.003457095474004745e-06
2.555000000000000000e+03,3.001562163262860849e-06
2.556000000000000000e+03,3.000212927872780710e-06
2.557000000000000000e+03,2.998431455125682987e-06
2.558000000000000000e+03,2.999895741595537402e-06
2.559000000000000000e+03,2.997720230268896557e-06
2.560000000000000000e+03,2.996284592882147990e-06
2.561000000000000000e+03,2.995220484081073664e-06
2.562000000000000000e+03,2.993622501890058629e-06
2.563000000000000000e+03,2.991550218212069012e-06
2.564000000000000000e+03,2.989530457853106782e-06
2.565000000000000000e+03,2.987537982335197739e-06
2.566000000000000000e+03,2.985697619806160219e-06
2.567000000000000000e+03,2.984285401907982305e-06
2.568000000000000000e+03,2.982264049933291972e-06
2.569000000000000000e+03,2.980937324537080713e-06
2.570000000000000000e+03,2.979749297082889825e-06
2.571000000000000000e+03,2.978232942041358911e-06
2.572000000000000000e+03,2.979686769322142936e-06
2.573000000000000000e+03,2.977399844894534908e-06
2.574000000000000000e+03,2.975797087856335565e-06
2.575000000000000000e+03,2.974117023768485524e-06
2.576000000000000000e+03,2.973056552946218289e-06
2.577000000000000000e+03,2.973028813357814215e-06
2.578000000000000000e+03,2.972349420815589838e-06
2.579000000000000000e+03,2.971142521346337162e-06
2.580000000000000000e+03,2.968847866213764064e-06
2.581000000000000000e+03,2.966988176922313869e-06
2.582000000000000000e+03,2.967323098346241750e-06
2.583000000000000000e+03,2.966176452900981531e-06
2.584000000000000000e+03,2.964765599244856276e-06
2.585000000000000000e+03,2.963148517665104009e-06
2.586000000000000000e+03,2.960777692351257429e-06
2.587000000000000000e+03,2.958272716568899341e-06
2.588000000000000000e+03,2.959723133244551718e-06
2.589000000000000000e+03,2.956713842650060542e-06
2.590000000000000000e+03,2.954978072011726908e-06
2.591000000000000000e+03,2.953810280814650469e-06
2.592000000000000000e+03,2.952511977127869613e-06
2.593000000000000000e+03,2.950085445263539441e-06
2.594000000000000000e+03,2.952019030999508686e-06
2.595000000000000000e+03,2.948922428913647309e-06
2.596000000000000000e+03,2.947889925053459592e-06
2.597000000000000000e+03,2.947063421743223444e-06
2.598000000000000000e+03,2.945701680800993927e-06
2.599000000000000000e+03,2.945633696072036400e-06
2.600000000000000000e+03,2.944600964838173240e-06
2.601000000000000000e+03,2.942450691989506595e-06
2.602000000000000000e+03,2.941001639555906877e-06
2.603000000000000000e+03,2.940009835583623499e-06
2.604000000000000000e+03,2.938975285360356793e-06
2.605000000000000000e+03,2.938701072707772255e-06
2.606000000000000000e+03,2.936765667982399464e-06
2.607000000000000000e+03,2.936068995040841401e-06
2.608000000000000000e+03,2.934847316282684915e-06
2.609000000000000000e+03,2.933133373517193832e-06
2.610000000000000000e+03,2.941972752523724921e-06
2.611000000000000000e+03,2.932395318566705100e-06
2.612000000000000000e+03,2.930300752268522047e-06
2.613000000000000000e+03,2.929191623479709961e-06
2.614000000000000000e+03,2.928037929450511001e-06
2.615000000000000000e+03,2.926748493337072432e-06
2.616000000000000000e+03,2.926122760982252657e-06
2.617000000000000000e+03,2.924000455095665529e-06
2.618000000000000000e+03,2.923337433458073065e-06
2.619000000000000000e+03,2.922543671957100742e-06
2.620000000000000000e+03,2.921779696407611482e-06
2.621000000000000000e+03,2.921053010140894912e-06
2.622000000000000000e+03,2.919122380262706429e-06
2.623000000000000000e+03,2.918097834481159225e-06
2.624000000000000000e+03,2.915250888690934516e-06
2.625000000000000000e+03,2.919299276982201263e-06
2.626000000000000000e+03,2.914405740739312023e-06
2.627000000000000000e+03,2.913135176640935242e-06
2.628000000000000000e+03,2.911907131419866346e-06
2.629000000000000000e+03,2.910732291638851166e-06
2.630000000000000000e+03,2.909172735598986037e-06
2.631000000000000000e+03,2.907094312831759453e-06
2.632000000000000000e+03,2.907315547417965718e-06
2.633000000000000000e+03,2.906541794800432399e-06
2.634000000000000000e+03,2.905763039962039329e-06
2.635000000000000000e+03,2.904478833443135954e-06
2.636000000000000000e+03,2.903343784055323340e-06
2.637000000000000000e+03,2.902650521718896925e-06
2.638000000000000000e+03,2.901519565057242289e-06
2.639000000000000000e+03,2.900635763580794446e-06
2.640000000000000000e+03,2.899369974329601973e-06
2.641000000000000000e+03,2.898158982134191319e-06
2.642000000000000000e+03,2.901705556723754853e-06
2.643000000000000000e+03,2.897421381931053475e-06
2.644000000000000000e+03,2.896292471632477827e-06
2.645000000000000000e+03,2.895139687097980641e-06
2.646000000000000000e+03,2.893849341489840299e-06
2.647000000000000000e+03,2.892022848755004816e-06
2.648000000000000000e+03,2.897455942729720846e-06
2.649000000000000000e+03,2.891041276598116383e-06
2.650000000000000000e+03,2.888633616748847999e-06
2.651000000000000000e+03,2.886049742301111110e-06
2.652000000000000000e+03,2.884173682105029002e-06
2.653000000000000000e+03,2.882413127736072056e-06
2.654000000000000000e+03,2.879668727473472245e-06
2.655000000000000000e+03,2.891707026719814166e-06
2.656000000000000000e+03,2.879131898225750774e-06
2.657000000000000000e+03,2.877442057069856673e-06
2.658000000000000000e+03,2.876322469091974199e-06
2.659000000000000000e+03,2.874627625715220347e-06
2.660000000000000000e+03,2.873580569939804263e-06
2.661000000000000000e+03,2.872467803172185086e-06
2.662000000000000000e+03,2.871440301532857120e-06
2.663000000000000000e+03,2.870836397050879896e-06
2.664000000000000000e+03,2.868409410439198837e-06
2.665000000000000000e+03,2.865382384698023088e-06
2.666000000000000000e+03,2.866659315259312280e-06
2.667000000000000000e+03,2.863950840037432499e-06
2.668000000000000000e+03,2.862122528313193470e-06
2.669000000000000000e+03,2.861049324565101415e-06
2.670000000000000000e+03,2.859903588614542969e-06
2.671000000000000000e+03,2.858654397641657852e-06
2.672000000000000000e+03,2.857152139768004417e-06
2.673000000000000000e+03,2.854681724784313701e-06
2.674000000000000000e+03,2.853919113476877101e-06
2.675000000000000000e+03,2.852089210136909969e-06
2.676000000000000000e+03,2.850768396456260234e-06
2.677000000000000000e+03,2.849364818757749163e-06
2.678000000000000000e+03,2.847930772986728698e-06
2.679000000000000000e+03,2.846453980964724906e-06
2.680000000000000000e+03,2.844782784450217150e-06
2.681000000000000000e+03,2.843440597644075751e-06
2.682000000000000000e+03,2.842364438038202934e-06
2.683000000000000000e+03,2.839969738488434814e-06
2.684000000000000000e+03,2.838926775439176708e-06
2.685000000000000000e+03,2.836631210811901838e-06
2.686000000000000000e+03,2.835662598954513669e-06
2.687000000000000000e+03,2.834366569004487246e-06
2.688000000000000000e+03,2.834094630088657141e-06
2.689000000000000000e+03,2.831607162079308182e-06
2.690000000000000000e+03,2.830602170433849096e-06
2.691000000000000000e+03,2.829537152138072997e-06
2.692000000000000000e+03,2.829178356478223577e-06
2.693000000000000000e+03,2.828179276548326015e-06
2.694000000000000000e+03,2.827491698553785682e-06
2.695000000000000000e+03,2.826478748829686083e-06
2.696000000000000000e+03,2.825499223035876639e-06
2.697000000000000000e+03,2.824334615070256405e-06
2.698000000000000000e+03,2.823182967404136434e-06
2.699000000000000000e+03,2.822019496306893416e-06
2.700000000000000000e+03,2.821331463565002196e-06
2.701000000000000000e+03,2.820118879753863439e-06
2.702000000000000000e+03,2.819157998601440340e-06
2.703000000000000000e+03,2.818055008901865222e-06
2.704000000000000000e+03,2.817911081365309656e-06
2.705000000000000000e+03,2.816681444528512657e-06
2.706000000000000000e+03,2.815954985635471530e-06
2.707000000000000000e+03,2.814942263285047375e-06
2.708000000000000000e+03,2.813709897964145057e-06
2.709000000000000000e+03,2.810912292261491530e-06
2.710000000000000000e+03,2.811967533489223570e-06
2.711000000000000000e+03,2.809557827276876196e-06
2.712000000000000000e+03,2.808101953633013181e-06
2.713000000000000000e+03,2.807097189361229539e-06
2.714000000000000000e+03,2.805980557241127826e-06
2.715000000000000000e+03,2.803957386277033947e-06
2.716000000000000000e+03,2.805532858474180102e-06
2.717000000000000000e+03,2.802760036502149887e-06
2.718000000000000000e+03,2.801182972689275630e-06
2.719000000000000000e+03,2.799438789224950597e-06
2.720000000000000000e+03,2.797908109641866758e-06
2.721000000000000000e+03,2.795080035866703838e-06
2.722000000000000000e+03,2.795160298774135299e-06
2.723000000000000000e+03,2.793808334899949841e-06
2.724000000000000000e+03,2.791715814964845777e-06
2.725000000000000000e+03,2.790455710055539384e-06
2.726000000000000000e+03,2.789345217024674639e-06
2.727000000000000000e+03,2.788693564070854336e-06
2.728000000000000000e+03,2.787255198200000450e-06
2.729000000000000000e+03,2.785990773190860637e-06
2.730000000000000000e+03,2.785047854558797553e-06
2.731000000000000000e+03,2.783398258543456905e-06
2.732000000000000000e+03,2.781062676149304025e-06
2.733000000000000000e+03,2.779517444650991820e-06
2.734000000000000000e+03,2.778291673166677356e-06
2.735000000000000000e+03,2.777355120997526683e-06
2.736000000000000000e+03,2.776354449451901019e-06
2.737000000000000000e+03,2.775866732918075286e-06
2.738000000000000000e+03,2.774354925350053236e-06
2.739000000000000000e+03,2.773698497549048625e-06
2.740000000000000000e+03,2.772938159978366457e-06
2.741000000000000000e+03,2.771883146124309860e-06
2.742000000000000000e+03,2.769938191704568453e-06
2.743000000000000000e+03,2.769304501271108165e-06
2.744000000000000000e+03,2.767075557130738162e-06
2.745000000000000000e+03,2.766232910289545543e-06
2.746000000000000000e+03,2.765063982224091887e-06
2.747000000000000000e+03,2.764716782621690072e-06
2.748000000000000000e+03,2.762400299616274424e-06
2.749000000000000000e+03,2.761395535344490781e-06
2.750000000000000000e+03,2.760178176686167717e-06
2.751000000000000000e+03,2.758489927146001719e-06
2.752000000000000000e+03,2.762320718829869293e-06
2.753000000000000000e+03,2.757409902187646367e-06
2.754000000000000000e+03,2.755126388365169987e-06
2.755000000000000000e+03,2.753836952251731418e-06
2.756000000000000000e+03,2.752228510871645994e-06
2.757000000000000000e+03,2.750876092250109650e-06
2.758000000000000000e+03,2.749701934590120800e-06
2.759000000000000000e+03,2.748481847447692417e-06
2.760000000000000000e+03,2.746667405517655425e-06
2.761000000000000000e+03,2.745622396105318330e-06
2.762000000000000000e+03,2.743358891166280955e-06
2.763000000000000000e+03,2.742629931162809953e-06
2.764000000000000000e+03,2.741461230471031740e-06
2.765000000000000000e+03,2.739647470662021078e-06
2.766000000000000000e+03,2.738615876296535134e-06
2.767000000000000000e+03,2.736049509621807374e-06
2.768000000000000000e+03,2.734855115704704076e-06
2.769000000000000000e+03,2.733344672378734685e-06
2.770000000000000000e+03,2.731218955887015909e-06
2.771000000000000000e+03,2.737624527071602643e-06
2.772000000000000000e+03,2.730372898440691642e-06
2.773000000000000000e+03,2.728481149461003952e-06
2.774000000000000000e+03,2.727413630054797977e-06
2.775000000000000000e+03,2.725136255321558565e-06
2.776000000000000000e+03,2.722837052715476602e-06
2.777000000000000000e+03,2.722958015510812402e-06
2.778000000000000000e+03,2.721140162975643761e-06
2.779000000000000000e+03,2.719121539485058747e-06
2.780000000000000000e+03,2.717564257181948051e-06
2.781000000000000000e+03,2.715960590649046935e-06
2.782000000000000000e+03,2.713977664825506508e-06
2.783000000000000000e+03,2.716586777751217596e-06
2.784000000000000000e+03,2.713045432756189257e-06
2.785000000000000000e+03,2.711022943913121708e-06
2.786000000000000000e+03,2.709543423407012597e-06
2.787000000000000000e+03,2.707735802687238902e-06
2.788000000000000000e+03,2.706014811337809078e-06
2.789000000000000000e+03,2.704697863009641878e-06
2.790000000000000000e+03,2.702661276998696849e-06
2.791000000000000000e+03,2.701593530218815431e-06
2.792000000000000000e+03,2.700547383938101120e-06
2.793000000000000000e+03,2.699602418942959048e-06
2.794000000000000000e+03,2.698607204365544021e-06
2.795000000000000000e+03,2.697751824598526582e-06
2.796000000000000000e+03,2.696608589758398011e-06
2.797000000000000000e+03,2.694950353543390520e-06
2.798000000000000000e+03,2.692548832783359103e-06
2.799000000000000000e+03,2.692316229513380677e-06
2.800000000000000000e+03,2.689150733203860000e-06
2.801000000000000000e+03,2.688172799025778659e-06
2.802000000000000000e+03,2.686203288249089383e-06
2.803000000000000000e+03,2.685176696104463190e-06
2.804000000000000000e+03,2.683535512915113941e-06
2.805000000000000000e+03,2.682403192011406645e-06
2.806000000000000000e+03,2.681125351955415681e-06
2.807000000000000000e+03,2.678595592442434281e-06
2.808000000000000000e+03,2.675103814908652566e-06
2.809000000000000000e+03,2.678287501112208702e-06
2.810000000000000000e+03,2.673820063137100078e-06
2.811000000000000000e+03,2.672206846909830347e-06
2.812000000000000000e+03,2.670911726454505697e-06
2.813000000000000000e+03,2.669590003279154189e-06
2.814000000000000000e+03,2.669721425263560377e-06
2.815000000000000000e+03,2.668494289537193254e-06
2.816000000000000000e+03,2.666854243216221221e-06
2.817000000000000000e+03,2.665531383172492497e-06
2.818000000000000000e+03,2.664637577254325151e-06
2.819000000000000000e+03,2.663163513716426678e-06
2.820000000000000000e+03,2.662029373823315836e-06
2.821000000000000000e+03,2.660685822775121778e-06
2.822000000000000000e+03,2.659832716744858772e-06
2.823000000000000000e+03,2.659021674844552763e-06
2.824000000000000000e+03,2.657913000803091563e-06
2.825000000000000000e+03,2.656922561072860844e-06
2.826000000000000000e+03,2.656142669366090558e-06
2.827000000000000000e+03,2.654969193827128038e-06
2.828000000000000000e+03,2.654104036992066540e-06
2.829000000000000000e+03,2.653820502018788829e-06
2.830000000000000000e+03,2.651842578416108154e-06
2.831000000000000000e+03,2.650957412697607651e-06
2.832000000000000000e+03,2.649899897733121179e-06
2.833000000000000000e+03,2.648690724527114071e-06
2.834000000000000000e+03,2.646080702106701210e-06
2.835000000000000000e+03,2.648112285896786489e-06
2.836000000000000000e+03,2.644925643835449591e-06
2.837000000000000000e+03,2.642870640556793660e-06
2.838000000000000000e+03,2.641531182234757580e-06
2.839000000000000000e+03,2.639799049575231038e-06
2.840000000000000000e+03,2.638079877215204760e-06
2.841000000000000000e+03,2.636599447214393876e-06
2.842000000000000000e+03,2.635211103552137502e-06
2.843000000000000000e+03,2.634127440614975058e-06
2.844000000000000000e+03,2.631514917084132321e-06
2.845000000000000000e+03,2.629416030686115846e-06
2.846000000000000000e+03,2.627670710353413597e-06
2.847000000000000000e+03,2.626334207889158279e-06
2.848000000000000000e+03,2.625163688207976520e-06
2.849000000000000000e+03,2.624252147143124603e-06
2.850000000000000000e+03,2.622831971166306175e-06
2.851000000000000000e+03,2.620996156110777520e-06
2.852000000000000000e+03,2.619714223328628577e-06
2.853000000000000000e+03,2.618547568999929354e-06
2.854000000000000000e+03,2.617130348880891688e-06
2.855000000000000000e+03,2.614911863929592073e-06
2.856000000000000000e+03,2.613268407003488392e-06
2.857000000000000000e+03,2.611827767395880073e-06
2.858000000000000000e+03,2.610356659715762362e-06
2.859000000000000000e+03,2.609656348795397207e-06
2.860000000000000000e+03,2.608913746371399611e-06
2.861000000000000000e+03,2.607285523481550626e-06
2.862000000000000000e+03,2.606214593470213003e-06
2.863000000000000000e+03,2.603016127977753058e-06
2.864000000000000000e+03,2.607159558465355076e-06
2.865000000000000000e+03,2.602155063868849538e-06
2.866000000000000000e+03,2.600135758257238194e-06
2.867000000000000000e+03,2.598747869342332706e-06
2.868000000000000000e+03,2.596996637294068933e-06
2.869000000000000000e+03,2.594353190943365917e-06
2.870000000000000000e+03,2.593493036329164170e-06
2.871000000000000000e+03,2.590399162727408111e-06
2.872000000000000000e+03,2.589385076134931296e-06
2.873000000000000000e+03,2.587810058685136028e-06
2.874000000000000000e+03,2.586138634796952829e-06
2.875000000000000000e+03,2.583735977168544196e-06
2.876000000000000000e+03,2.582084107416449115e-06
2.877000000000000000e+03,2.580045475042425096e-06
2.878000000000000000e+03,2.577280156401684508e-06
2.879000000000000000e+03,2.582716888355207630e-06
2.880000000000000000e+03,2.576307451818138361e-06
2.881000000000000000e+03,2.573626261437311769e-06
2.882000000000000000e+03,2.571475988588645123e-06
2.883000000000000000e+03,2.568183845141902566e-06
2.884000000000000000e+03,2.566084276622859761e-06
2.885000000000000000e+03,2.564930127846309915e-06
2.886000000000000000e+03,2.562836925790179521e-06
2.887000000000000000e+03,2.561967903602635488e-06
2.888000000000000000e+03,2.560470647949841805e-06
2.889000000000000000e+03,2.558176674938295037e-06
2.890000000000000000e+03,2.557728066676645540e-06
2.891000000000000000e+03,2.555521859903819859e-06
2.892000000000000000e+03,2.554807451815577224e-06
2.893000000000000000e+03,2.553428657847689465e-06
2.894000000000000000e+03,2.555855417085695080e-06
2.895000000000000000e+03,2.552589421611628495e-06
2.896000000000000000e+03,2.550615363361430354e-06
2.897000000000000000e+03,2.548954626035992987e-06
2.898000000000000000e+03,2.547403482822119258e-06
2.899000000000000000e+03,2.545794359321007505e-06
2.900000000000000000e+03,2.544592007325263694e-06
2.901000000000000000e+03,2.543583832448348403e-06
2.902000000000000000e+03,2.542582478781696409e-06
2.903000000000000000e+03,2.541716412451933138e-06
2.904000000000000000e+03,2.539607294238521717e-06
2.905000000000000000e+03,2.542621359680197202e-06
2.906000000000000000e+03,2.538736907808925025e-06
2.907000000000000000e+03,2.537571162974927574e-06
2.908000000000000000e+03,2.535996600272483192e-06
2.909000000000000000e+03,2.534611439841683023e-06
2.910000000000000000e+03,2.533709221097524278e-06
2.911000000000000000e+03,2.532386815801146440e-06
2.912000000000000000e+03,2.531862946852925234e-06
2.913000000000000000e+03,2.530578285586670972e-06
2.914000000000000000e+03,2.530628989916294813e-06
2.915000000000000000e+03,2.529913444959674962e-06
2.916000000000000000e+03,2.528553750380524434e-06
2.917000000000000000e+03,2.526966454752255231e-06
2.918000000000000000e+03,2.525869831515592523e-06
2.919000000000000000e+03,2.524750016164034605e-06
2.920000000000000000e+03,2.523884859328973107e-06
2.921000000000000000e+03,2.523062221371219493e-06
2.922000000000000000e+03,2.521738679206464440e-06
2.923000000000000000e+03,2.521997430449118838e-06
2.924000000000000000e+03,2.520876023481832817e-06
2.925000000000000000e+03,2.519817371648969129e-06
2.926000000000000000e+03,2.518876272006309591e-06
2.927000000000000000e+03,2.517738039387040772e-06
2.928000000000000000e+03,2.515792175472597592e-06
2.929000000000000000e+03,2.519618419682956301e-06
2.930000000000000000e+03,2.515095502531039529e-06
2.931000000000000000e+03,2.513792651370749809e-06
2.932000000000000000e+03,2.512757873773807660e-06
2.933000000000000000e+03,2.514284233257058077e-06
2.934000000000000000e+03,2.511967068130616099e-06
2.935000000000000000e+03,2.510853846615646034e-06
2.936000000000000000e+03,2.509662408556323498e-06
2.937000000000000000e+03,2.508668330847285688e-06
2.938000000000000000e+03,2.507304770915652625e-06
2.939000000000000000e+03,2.506620830899919383e-06
2.940000000000000000e+03,2.505525117157958448e-06
2.941000000000000000e+03,2.504905978639726527e-06
2.942000000000000000e+03,2.504243639123160392e-06
2.943000000000000000e+03,2.502435791029711254e-06
2.944000000000000000e+03,2.505476913938764483e-06
2.945000000000000000e+03,2.501442395441699773e-06
2.946000000000000000e+03,2.499929451005300507e-06
2.947000000000000000e+03,2.498478806955972686e-06
2.948000000000000000e+03,2.497000423318240792e-06
2.949000000000000000e+03,2.494861746527021751e-06
2.950000000000000000e+03,2.495656872270046733e-06
2.951000000000000000e+03,2.493637111911084503e-06
2.952000000000000000e+03,2.491597570042358711e-06
2.953000000000000000e+03,2.490098950147512369e-06
2.954000000000000000e+03,2.488903419362031855e-06
2.955000000000000000e+03,2.487698111508507282e-06
2.956000000000000000e+03,2.486645826138556004e-06
2.957000000000000000e+03,2.485787263140082359e-06
2.958000000000000000e+03,2.483507159922737628e-06
2.959000000000000000e+03,2.481813680788036436e-06
2.960000000000000000e+03,2.480524926795624197e-06
2.961000000000000000e+03,2.479495378793217242e-06
2.962000000000000000e+03,2.478818942108773626e-06
2.963000000000000000e+03,2.478033138686441816e-06
2.964000000000000000e+03,2.476877625667839311e-06
2.965000000000000000e+03,2.475315795891219750e-06
2.966000000000000000e+03,2.474323991918936372e-06
2.967000000000000000e+03,2.472557980581768788e-06
2.968000000000000000e+03,2.471194875397486612e-06
2.969000000000000000e+03,2.468992079229792580e-06
2.970000000000000000e+03,2.469509809088776819e-06
2.971000000000000000e+03,2.467925241944612935e-06
2.972000000000000000e+03,2.466823843860765919e-06
2.973000000000000000e+03,2.465959369146730751e-06
2.974000000000000000e+03,2.465415718688745983e-06
2.975000000000000000e+03,2.464814542690874077e-06
2.976000000000000000e+03,2.463915961925522424e-06
2.977000000000000000e+03,2.462970542183029465e-06
2.978000000000000000e+03,2.461412577758892439e-06
2.979000000000000000e+03,2.460440327922697179e-06
2.980000000000000000e+03,2.459684310451848432e-06
2.981000000000000000e+03,2.459147708577802405e-06
2.982000000000000000e+03,2.458403741911752149e-06
2.983000000000000000e+03,2.457162281643832102e-06
2.984000000000000000e+03,2.455610228935256600e-06
2.985000000000000000e+03,2.454562036291463301e-06
2.986000000000000000e+03,2.452948365316842683e-06
2.987000000000000000e+03,2.451822865623398684e-06
2.988000000000000000e+03,2.450061856507090852e-06
2.989000000000000000e+03,2.449591875119949691e-06
2.990000000000000000e+03,2.447754241075017489e-06
2.991000000000000000e+03,2.447171027597505599e-06
2.992000000000000000e+03,2.446180587867274880e-06
2.993000000000000000e+03,2.444637857479392551e-06
2.994000000000000000e+03,2.442505774524761364e-06
2.995000000000000000e+03,2.443777475491515361e-06
2.996000000000000000e+03,2.441496462779468857e-06
2.997000000000000000e+03,2.440487833155202679e-06
2.998000000000000000e+03,2.439586978653096594e-06
2.999000000000000000e+03,2.438434648865950294e-06
3.000000000000000000e+03,2.436241402392624877e-06
3.001000000000000000e+03,2.434947418805677444e-06
3.002000000000000000e+03,2.433078407193534076e-06
3.003000000000000000e+03,2.432285327813588083e-06
3.004000000000000000e+03,2.431454959150869399e-06
3.005000000000000000e+03,2.429740334264351986e-06
3.006000000000000000e+03,2.429259666314464994e-06
3.007000000000000000e+03,2.427040726615814492e-06
3.008000000000000000e+03,2.426007768008275889e-06
3.009000000000000000e+03,2.424606009299168363e-06
3.010000000000000000e+03,2.423378191451774910e-06
3.011000000000000000e+03,2.422441866656299680e-06
3.012000000000000000e+03,2.421197677904274315e-06
3.013000000000000000e+03,2.420195642116595991e-06
3.014000000000000000e+03,2.418811163806822151e-06
3.015000000000000000e+03,2.417390533082652837e-06
3.016000000000000000e+03,2.416273218841524795e-06
3.017000000000000000e+03,2.414700702502159402e-06
3.018000000000000000e+03,2.413405809420510195e-06
3.019000000000000000e+03,2.414104756098822691e-06
3.020000000000000000e+03,2.412530193396378309e-06
3.021000000000000000e+03,2.410784645690000616e-06
3.022000000000000000e+03,2.409267835901118815e-06
3.023000000000000000e+03,2.407105966995004565e-06
3.024000000000000000e+03,2.406150542810792103e-06
3.025000000000000000e+03,2.404566430413979106e-06
3.026000000000000000e+03,2.403949110885150731e-06
3.027000000000000000e+03,2.402869995421497151e-06
3.028000000000000000e+03,2.401335905233281665e-06
3.029000000000000000e+03,2.410457909718388692e-06
3.030000000000000000e+03,2.400616494924179278e-06
3.031000000000000000e+03,2.398463493591407314e-06
3.032000000000000000e+03,2.396943500571069308e-06
3.033000000000000000e+03,2.395072215222171508e-06
3.034000000000000000e+03,2.393757313257083297e-06
3.035000000000000000e+03,2.392200485701323487e-06
3.036000000000000000e+03,2.391133875789819285e-06
3.037000000000000000e+03,2.389576366113033146e-06
3.038000000000000000e+03,2.388265784247778356e-06
3.039000000000000000e+03,2.386523874520207755e-06
3.040000000000000000e+03,2.385960442552459426e-06
3.041000000000000000e+03,2.384633489782572724e-06
3.042000000000000000e+03,2.384042772973771207e-06
3.043000000000000000e+03,2.383283799645141698e-06
3.044000000000000000e+03,2.381673994023003615e-06
3.045000000000000000e+03,2.381693093411740847e-06
3.046000000000000000e+03,2.380563046244787984e-06
3.047000000000000000e+03,2.378920498813386075e-06
3.048000000000000000e+03,2.377856390012311749e-06
3.049000000000000000e+03,2.376348447796772234e-06
3.050000000000000000e+03,2.374642235736246221e-06
3.051000000000000000e+03,2.372295512031996623e-06
3.052000000000000000e+03,2.369872163399122655e-06
3.053000000000000000e+03,2.366884473303798586e-06
3.054000000000000000e+03,2.366079797866404988e-06
3.055000000000000000e+03,2.363810153838130645e-06
3.056000000000000000e+03,2.362769009778276086e-06
3.057000000000000000e+03,2.361903398195863701e-06
3.058000000000000000e+03,2.360083499297616072e-06
3.059000000000000000e+03,2.358709480176912621e-06
3.060000000000000000e+03,2.357672656216891482e-06
3.061000000000000000e+03,2.356322966079460457e-06
3.062000000000000000e+03,2.355004880882916041e-06
3.063000000000000000e+03,2.352609044464770705e-06
3.064000000000000000e+03,2.352995352339348756e-06
3.065000000000000000e+03,2.351383045606780797e-06
3.066000000000000000e+03,2.350134082007571124e-06
3.067000000000000000e+03,2.348966745557845570e-06
3.068000000000000000e+03,2.348000180063536391e-06
3.069000000000000000e+03,2.345881966903107241e-06
3.070000000000000000e+03,2.343718733754940331e-06
3.071000000000000000e+03,2.341745130252093077e-06
3.072000000000000000e+03,2.339933644179836847e-06
3.073000000000000000e+03,2.338972763027413748e-06
3.074000000000000000e+03,2.337880232516909018e-06
3.075000000000000000e+03,2.336287479920429178e-06
3.076000000000000000e+03,2.334660393898957409e-06
3.077000000000000000e+03,2.333175871171988547e-06
3.078000000000000000e+03,2.330892812096863054e-06
3.079000000000000000e+03,2.328521759409341030e-06
3.080000000000000000e+03,2.327637957932893187e-06
3.081000000000000000e+03,2.325615014342474751e-06
3.082000000000000000e+03,2.324419028809643351e-06
3.083000000000000000e+03,2.323464741493808106e-06
3.084000000000000000e+03,2.321656438653008081e-06
3.085000000000000000e+03,2.320458634130773135e-06
3.086000000000000000e+03,2.318904535059118643e-06
3.087000000000000000e+03,2.318108727195067331e-06
3.088000000000000000e+03,2.316808377145207487e-06
3.089000000000000000e+03,2.315870915481355041e-06
3.090000000000000000e+03,2.313812501597567461e-06
3.091000000000000000e+03,2.313159711775369942e-06
3.092000000000000000e+03,2.312149490535375662e-06
3.093000000000000000e+03,2.310623813173151575e-06
3.094000000000000000e+03,2.309975116077112034e-06
3.095000000000000000e+03,2.307060867678956129e-06
3.096000000000000000e+03,2.306122041773051023e-06
3.097000000000000000e+03,2.305043608430423774e-06
3.098000000000000000e+03,2.303158225913648494e-06
3.099000000000000000e+03,2.303244627910316922e-06
3.100000000000000000e+03,2.301538643223466352e-06
3.101000000000000000e+03,2.298720573890022933e-06
3.102000000000000000e+03,2.297567107234499417e-06
3.103000000000000000e+03,2.295867034263210371e-06
3.104000000000000000e+03,2.294784053447074257e-06
3.105000000000000000e+03,2.292968019901309162e-06
3.106000000000000000e+03,2.291082182637182996e-06
3.107000000000000000e+03,2.289239546371391043e-06
3.108000000000000000e+03,2.286618155267206021e-06
3.109000000000000000e+03,2.298818799317814410e-06
3.110000000000000000e+03,2.286090420966502279e-06
3.111000000000000000e+03,2.284450829392881133e-06
3.112000000000000000e+03,2.283477442688308656e-06
3.113000000000000000e+03,2.281859906361205503e-06
3.114000000000000000e+03,2.282576360812527128e-06
3.115000000000000000e+03,2.281109345858567394e-06
3.116000000000000000e+03,2.280153921674354933e-06
3.117000000000000000e+03,2.278633701280341484e-06
3.118000000000000000e+03,2.277309931741910987e-06
3.119000000000000000e+03,2.275239694427000359e-06
3.120000000000000000e+03,2.277725798194296658e-06
3.121000000000000000e+03,2.274500502608134411e-06
3.122000000000000000e+03,2.273305199196329340e-06
3.123000000000000000e+03,2.272540314152138308e-06
3.124000000000000000e+03,2.271451648994116113e-06
3.125000000000000000e+03,2.269391416120924987e-06
3.126000000000000000e+03,2.267518539156299084e-06
3.127000000000000000e+03,2.264946033392334357e-06
3.128000000000000000e+03,2.263093847432173789e-06
3.129000000000000000e+03,2.261785311929997988e-06
3.130000000000000000e+03,2.259902203149977140e-06
3.131000000000000000e+03,2.258435870317043737e-06
3.132000000000000000e+03,2.256876314277178608e-06
3.133000000000000000e+03,2.256031393699231558e-06
3.134000000000000000e+03,2.254529135825578123e-06
3.135000000000000000e+03,2.251689920740318485e-06
3.136000000000000000e+03,2.258203949168091640e-06
3.137000000000000000e+03,2.250949819426750764e-06
3.138000000000000000e+03,2.249495992145966738e-06
3.139000000000000000e+03,2.248324108222732320e-06
3.140000000000000000e+03,2.246682470286032185e-06
3.141000000000000000e+03,2.245024688818375580e-06
3.142000000000000000e+03,2.243679773528128862e-06
3.143000000000000000e+03,2.242758455395232886e-06
3.144000000000000000e+03,2.242213440695195459e-06
3.145000000000000000e+03,2.241459924334776588e-06
3.146000000000000000e+03,2.239916739199543372e-06
3.147000000000000000e+03,2.238755769212730229e-06
3.148000000000000000e+03,2.240145477117039263e-06
3.149000000000000000e+03,2.238204615423455834e-06
3.150000000000000000e+03,2.237067974419915117e-06
3.151000000000000000e+03,2.235830152130802162e-06
3.152000000000000000e+03,2.234561634395504370e-06
3.153000000000000000e+03,2.233236955362372100e-06
3.154000000000000000e+03,2.233029817944043316e-06
3.155000000000000000e+03,2.230671498182346113e-06
3.156000000000000000e+03,2.230038035122561269e-06
3.157000000000000000e+03,2.229354549854178913e-06
3.158000000000000000e+03,2.228416860816651024e-06
3.159000000000000000e+03,2.235595047750393860e-06
3.160000000000000000e+03,2.228023049610783346e-06
3.161000000000000000e+03,2.226659944426501170e-06
3.162000000000000000e+03,2.225339130745851435e-06
3.163000000000000000e+03,2.222928742412477732e-06
3.164000000000000000e+03,2.222267767137964256e-06
3.165000000000000000e+03,2.220566557298297994e-06
3.166000000000000000e+03,2.219440148110152222e-06
3.167000000000000000e+03,2.217891506006708369e-06
3.168000000000000000e+03,2.219164343841839582e-06
3.169000000000000000e+03,2.217420387751189992e-06
3.170000000000000000e+03,2.216279199274140410e-06
3.171000000000000000e+03,2.215379936387762427e-06
3.172000000000000000e+03,2.214573214587289840e-06
3.173000000000000000e+03,2.213947254858794622e-06
3.174000000000000000e+03,2.213207380918902345e-06
3.175000000000000000e+03,2.211689661635318771e-06
3.176000000000000000e+03,2.210906586697092280e-06
3.177000000000000000e+03,2.209322474300279282e-06
3.178000000000000000e+03,2.210770162491826341e-06
3.179000000000000000e+03,2.208571913797641173e-06
3.180000000000000000e+03,2.208044861617963761e-06
3.181000000000000000e+03,2.207008265031618066e-06
3.182000000000000000e+03,2.205747932748636231e-06
3.183000000000000000e+03,2.203914618803537451e-06
3.184000000000000000e+03,2.202251835115021095e-06
3.185000000000000000e+03,2.200765948145999573e-06
3.186000000000000000e+03,2.199719574491609819e-06
3.187000000000000000e+03,2.198069068981567398e-06
3.188000000000000000e+03,2.195964043494313955e-06
3.189000000000000000e+03,2.195230536017334089e-06
3.190000000000000000e+03,2.193374939452041872e-06
3.191000000000000000e+03,2.192815827584126964e-06
3.192000000000000000e+03,2.191836756537668407e-06
3.193000000000000000e+03,2.190188979511731304e-06
3.194000000000000000e+03,2.190704435633961111e-06
3.195000000000000000e+03,2.189273345720721409e-06
3.196000000000000000e+03,2.187682639487320557e-06
3.197000000000000000e+03,2.186789288316504098e-06
3.198000000000000000e+03,2.185504399676574394e-06
3.199000000000000000e+03,2.184004415539675392e-06
3.200000000000000000e+03,2.182144953621900640e-06
3.201000000000000000e+03,2.181096760978107341e-06
3.202000000000000000e+03,2.179838020310853608e-06
3.203000000000000000e+03,2.179048578909714706e-06
3.204000000000000000e+03,2.177975829908973537e-06
3.205000000000000000e+03,2.176298266931553371e-06
3.206000000000000000e+03,2.179898046961170621e-06
3.207000000000000000e+03,2.175649797209189273e-06
3.208000000000000000e+03,2.174673909394186921e-06
3.209000000000000000e+03,2.174035898860893212e-06
3.210000000000000000e+03,2.173511347791645676e-06
3.211000000000000000e+03,2.172490894736256450e-06
3.212000000000000000e+03,2.171594587707659230e-06
3.213000000000000000e+03,2.169980461985687725e-06
3.214000000000000000e+03,2.168910214095376432e-06
3.215000000000000000e+03,2.167923639717628248e-06
3.216000000000000000e+03,2.166640342693426646e-06
3.217000000000000000e+03,2.169764684367692098e-06
3.218000000000000000e+03,2.165906607842771336e-06
3.219000000000000000e+03,2.164799298043362796e-06
3.220000000000000000e+03,2.164259967685211450e-06
3.221000000000000000e+03,2.163525778087205254e-06
3.222000000000000000e+03,2.162238843084196560e-06
3.223000000000000000e+03,2.160172016374417581e-06
3.224000000000000000e+03,2.159325504180742428e-06
3.225000000000000000e+03,2.157740027541876771e-06
3.226000000000000000e+03,2.157085873477626592e-06
3.227000000000000000e+03,2.156724349333671853e-06
3.228000000000000000e+03,2.155924221369787119e-06
3.229000000000000000e+03,2.154181856894865632e-06
3.230000000000000000e+03,2.165970499845570885e-06
3.231000000000000000e+03,2.153573632313054986e-06
3.232000000000000000e+03,2.151594571841997094e-06
3.233000000000000000e+03,2.149780812032986432e-06
3.234000000000000000e+03,2.148365410903352313e-06
3.235000000000000000e+03,2.147002987840096466e-06
3.236000000000000000e+03,2.146595761587377638e-06
3.237000000000000000e+03,2.144619884347775951e-06
3.238000000000000000e+03,2.143916844943305477e-06
3.239000000000000000e+03,2.142978928532102145e-06
3.240000000000000000e+03,2.142055791409802623e-06
3.241000000000000000e+03,2.140810238415724598e-06
3.242000000000000000e+03,2.140102424164069816e-06
3.243000000000000000e+03,2.139146545232506469e-06
3.244000000000000000e+03,2.138296167686348781e-06
3.245000000000000000e+03,2.136931243512663059e-06
3.246000000000000000e+03,2.136825287379906513e-06
3.247000000000000000e+03,2.136139755748445168e-06
3.248000000000000000e+03,2.135334625563700683e-06
3.249000000000000000e+03,2.134162741640466265e-06
3.250000000000000000e+03,2.132891040673712268e-06
3.251000000000000000e+03,2.130697794200386852e-06
3.252000000000000000e+03,2.131205519617651589e-06
3.253000000000000000e+03,2.129508857251494192e-06
3.254000000000000000e+03,2.127895868397899903e-06
3.255000000000000000e+03,2.126570279870065860e-06
3.256000000000000000e+03,2.125098262695246376e-06
3.257000000000000000e+03,2.123762214978341945e-06
3.258000000000000000e+03,2.122776322721620090e-06
3.259000000000000000e+03,2.122277010130346753e-06
3.260000000000000000e+03,2.121121269738068804e-06
3.261000000000000000e+03,2.120579438269487582e-06
3.262000000000000000e+03,2.119870032402104698e-06
3.263000000000000000e+03,2.119117880283738486e-06
3.264000000000000000e+03,2.118737256751046516e-06
3.265000000000000000e+03,2.116910764016211033e-06
3.266000000000000000e+03,2.116300947818672284e-06
3.267000000000000000e+03,2.115681809300440364e-06
3.268000000000000000e+03,2.114939661623793654e-06
3.269000000000000000e+03,2.114305289069307037e-06
3.270000000000000000e+03,2.112468337145401165e-06
3.271000000000000000e+03,2.112034280798980035e-06
3.272000000000000000e+03,2.111104095092741773e-06
3.273000000000000000e+03,2.111028834406170063e-06
3.274000000000000000e+03,2.110649802489206195e-06
3.275000000000000000e+03,2.110086370521457866e-06
3.276000000000000000e+03,2.108663011313183233e-06
3.277000000000000000e+03,2.107244199578417465e-06
3.278000000000000000e+03,2.105045950884232298e-06
3.279000000000000000e+03,2.104869963659439236e-06
3.280000000000000000e+03,2.103788347085355781e-06
3.281000000000000000e+03,2.102568487316602841e-06
3.282000000000000000e+03,2.101375912388903089e-06
3.283000000000000000e+03,2.101032123391632922e-06
3.284000000000000000e+03,2.099876610373030417e-06
3.285000000000000000e+03,2.098839331665658392e-06
3.286000000000000000e+03,2.097719971061451361e-06
3.287000000000000000e+03,2.096202933898894116e-06
3.288000000000000000e+03,2.093789362334064208e-06
3.289000000000000000e+03,2.092842578349518590e-06
3.290000000000000000e+03,2.090879206662066281e-06
3.291000000000000000e+03,2.090090220008278266e-06
3.292000000000000000e+03,2.089059080390143208e-06
3.293000000000000000e+03,2.087386064886231907e-06
3.294000000000000000e+03,2.086638687615050003e-06
3.295000000000000000e+03,2.085075266222702339e-06
3.296000000000000000e+03,2.084442940031294711e-06
3.297000000000000000e+03,2.083721710732788779e-06
3.298000000000000000e+03,2.082386345136910677e-06
3.299000000000000000e+03,2.083068238789564930e-06
3.300000000000000000e+03,2.081682396237738431e-06
3.301000000000000000e+03,2.080892500089248642e-06
3.302000000000000000e+03,2.080274953186744824e-06
3.303000000000000000e+03,2.079633986795670353e-06
3.304000000000000000e+03,2.078881152556277812e-06
3.305000000000000000e+03,2.077992348858970217e-06
3.306000000000000000e+03,2.076794999084086157e-06
3.307000000000000000e+03,2.076240662063355558e-06
3.308000000000000000e+03,2.073616542475065216e-06
3.309000000000000000e+03,2.078679472106159665e-06
3.310000000000000000e+03,2.073019686577026732e-06
3.311000000000000000e+03,2.071738435915904120e-06
3.312000000000000000e+03,2.070384198304964229e-06
3.313000000000000000e+03,2.068527919618645683e-06
3.314000000000000000e+03,2.067267132588312961e-06
3.315000000000000000e+03,2.065759190372773446e-06
3.316000000000000000e+03,2.064765112663735636e-06
3.317000000000000000e+03,2.063982037725509144e-06
3.318000000000000000e+03,2.062961812043795362e-06
3.319000000000000000e+03,2.061860641333623789e-06
3.320000000000000000e+03,2.059904772977461107e-06
3.321000000000000000e+03,2.062201247099437751e-06
3.322000000000000000e+03,2.059289499811711721e-06
3.323000000000000000e+03,2.058242671409971081e-06
3.324000000000000000e+03,2.057173333014361560e-06
3.325000000000000000e+03,2.055964159808354452e-06
3.326000000000000000e+03,2.054303877230267972e-06
3.327000000000000000e+03,2.053706339211203158e-06
3.328000000000000000e+03,2.051860747087630443e-06
3.329000000000000000e+03,2.051097908406518400e-06
3.330000000000000000e+03,2.050039483947330154e-06
3.331000000000000000e+03,2.048152282441151328e-06
3.332000000000000000e+03,2.049252771030296572e-06
3.333000000000000000e+03,2.047261887128115632e-06
3.334000000000000000e+03,2.046404460998019204e-06
3.335000000000000000e+03,2.045612973233801313e-06
3.336000000000000000e+03,2.044670736722764559e-06
3.337000000000000000e+03,2.043243966909358278e-06
3.338000000000000000e+03,2.042694859483162872e-06
3.339000000000000000e+03,2.041444986389251426e-06
3.340000000000000000e+03,2.040802201008773409e-06
3.341000000000000000e+03,2.040142135228961706e-06
3.342000000000000000e+03,2.039353830696200021e-06
3.343000000000000000e+03,2.038492539213621058e-06
3.344000000000000000e+03,2.037529384324443527e-06
3.345000000000000000e+03,2.035876832451322116e-06
3.346000000000000000e+03,2.041434072452830151e-06
3.347000000000000000e+03,2.035319539572810754e-06
3.348000000000000000e+03,2.034180624832515605e-06
3.349000000000000000e+03,2.033213604590855539e-06
3.350000000000000000e+03,2.032011252595111728e-06
3.351000000000000000e+03,2.030377345363376662e-06
3.352000000000000000e+03,2.029780034717987292e-06
3.353000000000000000e+03,2.027729806286515668e-06
3.354000000000000000e+03,2.026976972047123127e-06
3.355000000000000000e+03,2.026119091169675812e-06
3.356000000000000000e+03,2.024912419074098580e-06
3.357000000000000000e+03,2.023655270022572950e-06
3.358000000000000000e+03,2.022499529630295001e-06
3.359000000000000000e+03,2.021825139308930375e-06
3.360000000000000000e+03,2.021188947765040211e-06
3.361000000000000000e+03,2.020282863668398932e-06
3.362000000000000000e+03,2.019397470576222986e-06
3.363000000000000000e+03,2.018505711021134630e-06
3.364000000000000000e+03,2.017254473685170524e-06
3.365000000000000000e+03,2.016893859035917558e-06
3.366000000000000000e+03,2.014675374084617943e-06
3.367000000000000000e+03,2.014169012909405865e-06
3.368000000000000000e+03,2.013079438256681897e-06
3.369000000000000000e+03,2.011671995205688290e-06
3.370000000000000000e+03,2.010310481637134217e-06
3.371000000000000000e+03,2.009159743465716019e-06
3.372000000000000000e+03,2.007766170208924450e-06
3.373000000000000000e+03,2.006883960348204710e-06
3.374000000000000000e+03,2.005948317673755810e-06
3.375000000000000000e+03,2.005089754675282165e-06
3.376000000000000000e+03,2.004598854910000227e-06
3.377000000000000000e+03,2.004197767746518366e-06
3.378000000000000000e+03,2.003586587306926958e-06
3.379000000000000000e+03,2.002245537369162776e-06
3.380000000000000000e+03,2.001648454097448848e-06
3.381000000000000000e+03,2.000414269787142985e-06
3.382000000000000000e+03,2.004713223868748173e-06
3.383000000000000000e+03,2.000078666242188774e-06
3.384000000000000000e+03,1.999309915845515206e-06
3.385000000000000000e+03,1.998864945562672801e-06
3.386000000000000000e+03,1.998107336476095952e-06
3.387000000000000000e+03,1.997244680751464330e-06
3.388000000000000000e+03,1.998234210986993276e-06
3.389000000000000000e+03,1.996716264329734258e-06
3.390000000000000000e+03,1.996056198549922556e-06
3.391000000000000000e+03,1.995630100282141939e-06
3.392000000000000000e+03,1.994894773815758526e-06
3.393000000000000000e+03,1.993546902667731047e-06
3.394000000000000000e+03,1.993638989006285556e-06
3.395000000000000000e+03,1.992606712519773282e-06
3.396000000000000000e+03,1.991153112612664700e-06
3.397000000000000000e+03,1.990293185372138396e-06
3.398000000000000000e+03,1.989597194551606663e-06
3.399000000000000000e+03,1.989245674849371426e-06
3.400000000000000000e+03,1.988625626836437732e-06
3.401000000000000000e+03,1.987968289540731348e-06
3.402000000000000000e+03,1.986791858143988065e-06
3.403000000000000000e+03,1.985676135518588126e-06
3.404000000000000000e+03,1.984897153306519613e-06
3.405000000000000000e+03,1.983956963158561848e-06
3.406000000000000000e+03,1.983128413485246710e-06
3.407000000000000000e+03,1.981500645342748612e-06
3.408000000000000000e+03,1.982209369089105166e-06
3.409000000000000000e+03,1.980745992113952525e-06
3.410000000000000000e+03,1.980162551262765191e-06
3.411000000000000000e+03,1.979529997697682120e-06
3.412000000000000000e+03,1.978968157345661893e-06
3.413000000000000000e+03,1.978110049094539136e-06
3.414000000000000000e+03,1.977117335627553985e-06
3.415000000000000000e+03,1.976285147975431755e-06
3.416000000000000000e+03,1.975274926735437475e-06
3.417000000000000000e+03,1.974685119421337731e-06
3.418000000000000000e+03,1.974629185497178696e-06
3.419000000000000000e+03,1.974061433429596946e-06
3.420000000000000000e+03,1.973486405404401012e-06
3.421000000000000000e+03,1.973227881535422057e-06
3.422000000000000000e+03,1.972251311599393375e-06
3.423000000000000000e+03,1.972506879610591568e-06
3.424000000000000000e+03,1.971954134205589071e-06
3.425000000000000000e+03,1.971593519556336105e-06
3.426000000000000000e+03,1.970872062884154730e-06
3.427000000000000000e+03,1.969995537365321070e-06
3.428000000000000000e+03,1.968823653442086652e-06
3.429000000000000000e+03,1.967992147910990752e-06
3.430000000000000000e+03,1.967317530215950683e-06
3.431000000000000000e+03,1.966716808965429664e-06
3.432000000000000000e+03,1.966038325917907059e-06
3.433000000000000000e+03,1.965291630767751485e-06
3.434000000000000000e+03,1.963908744073705748e-06
3.435000000000000000e+03,1.963371460078633390e-06
3.436000000000000000e+03,1.963211161637445912e-06
3.437000000000000000e+03,1.962880560313351452e-06
3.438000000000000000e+03,1.962741407623980194e-06
3.439000000000000000e+03,1.962274836841970682e-06
3.440000000000000000e+03,1.961767338798381388e-06
3.441000000000000000e+03,1.960941744982847013e-06
3.442000000000000000e+03,1.960085910468478687e-06
3.443000000000000000e+03,1.959632072612293996e-06
3.444000000000000000e+03,1.959082965186098590e-06
3.445000000000000000e+03,1.958257371370564215e-06
3.446000000000000000e+03,1.957286485776421614e-06
3.447000000000000000e+03,1.956065489139291458e-06
3.448000000000000000e+03,1.955517063834122382e-06
3.449000000000000000e+03,1.954870867848512717e-06
3.450000000000000000e+03,1.954339722942677327e-06
3.451000000000000000e+03,1.953190121639636345e-06
3.452000000000000000e+03,1.952224693013704382e-06
3.453000000000000000e+03,1.951073954842286184e-06
3.454000000000000000e+03,1.950447540366440080e-06
3.455000000000000000e+03,1.950003934325650334e-06
3.456000000000000000e+03,1.949234047060599551e-06
3.457000000000000000e+03,1.948661065398482606e-06
3.458000000000000000e+03,1.948271801666123793e-06
3.459000000000000000e+03,1.947957116499310359e-06
3.460000000000000000e+03,1.947137434399337508e-06
3.461000000000000000e+03,1.946076281456043944e-06
3.462000000000000000e+03,1.944508767337538302e-06
3.463000000000000000e+03,1.943969664353062399e-06
3.464000000000000000e+03,1.942841436175513081e-06
3.465000000000000000e+03,1.942406470334390178e-06
3.466000000000000000e+03,1.941660457305260934e-06
3.467000000000000000e+03,1.941060190802090801e-06
3.468000000000000000e+03,1.940031779668061063e-06
3.469000000000000000e+03,1.939499270520173013e-06
3.470000000000000000e+03,1.939054982358356938e-06
3.471000000000000000e+03,1.938450623129028827e-06
3.472000000000000000e+03,1.937584329425590113e-06
3.473000000000000000e+03,1.937031129273236729e-06
3.474000000000000000e+03,1.935891759785590693e-06
3.475000000000000000e+03,1.935621412485488690e-06
3.476000000000000000e+03,1.934782630996778607e-06
3.477000000000000000e+03,1.935839463840238750e-06
3.478000000000000000e+03,1.934257625180180185e-06
3.479000000000000000e+03,1.933262183229089715e-06
3.480000000000000000e+03,1.932460918396827765e-06
3.481000000000000000e+03,1.931131919263862073e-06
3.482000000000000000e+03,1.929933659994276240e-06
3.483000000000000000e+03,1.928855454025324434e-06
3.484000000000000000e+03,1.927807261381531134e-06
3.485000000000000000e+03,1.926863888002117164e-06
3.486000000000000000e+03,1.926175173139199615e-06
3.487000000000000000e+03,1.925455080709070899e-06
3.488000000000000000e+03,1.924841399159049615e-06
3.489000000000000000e+03,1.924265689012827352e-06
3.490000000000000000e+03,1.923699301187298261e-06
3.491000000000000000e+03,1.922866886161500588e-06
3.492000000000000000e+03,1.921835973917040974e-06
3.493000000000000000e+03,1.920725480886176229e-06
3.494000000000000000e+03,1.920027671076240949e-06
3.495000000000000000e+03,1.919485612233984284e-06
3.496000000000000000e+03,1.919057922350475565e-06
3.497000000000000000e+03,1.918489033414516598e-06
3.498000000000000000e+03,1.918100906550535001e-06
3.499000000000000000e+03,1.917173676702077501e-06
3.500000000000000000e+03,1.919110900416853838e-06
3.501000000000000000e+03,1.916877863550325856e-06
3.502000000000000000e+03,1.916105702548520640e-06
3.503000000000000000e+03,1.915249640660476871e-06
3.504000000000000000e+03,1.914428821692126803e-06
3.505000000000000000e+03,1.913557298394152895e-06
3.506000000000000000e+03,1.912214202093309723e-06
3.507000000000000000e+03,1.912807192638865672e-06
3.508000000000000000e+03,1.911402478071977384e-06
3.509000000000000000e+03,1.910448872877168469e-06
3.510000000000000000e+03,1.909778347908286378e-06
3.511000000000000000e+03,1.908970261865761131e-06
3.512000000000000000e+03,1.908047124743461609e-06
3.513000000000000000e+03,1.907289743030560203e-06
3.514000000000000000e+03,1.906625129777239636e-06
3.515000000000000000e+03,1.905361159515450709e-06
3.516000000000000000e+03,1.903844804473919794e-06
3.517000000000000000e+03,1.902886879179277457e-06
3.518000000000000000e+03,1.902294116007396951e-06
3.519000000000000000e+03,1.901625523714756127e-06
3.520000000000000000e+03,1.900758775263966527e-06
3.521000000000000000e+03,1.899803010019240901e-06
3.522000000000000000e+03,1.898945470202306751e-06
3.523000000000000000e+03,1.898216964946186636e-06
3.524000000000000000e+03,1.897123866001493298e-06
3.525000000000000000e+03,1.896442427096189931e-06
3.526000000000000000e+03,1.895358764159027487e-06
3.527000000000000000e+03,1.894773731692112051e-06
3.528000000000000000e+03,1.894439037641859613e-06
3.529000000000000000e+03,1.894123101919831242e-06
3.530000000000000000e+03,1.893642888717295136e-06
3.531000000000000000e+03,1.893345483949815389e-06
3.532000000000000000e+03,1.892983505058509763e-06
3.533000000000000000e+03,1.892428826977265999e-06
3.534000000000000000e+03,1.891735564640839584e-06
3.535000000000000000e+03,1.891151669042301364e-06
3.536000000000000000e+03,1.890496719170187134e-06
3.537000000000000000e+03,1.889911686703271698e-06
3.538000000000000000e+03,1.889591430881409906e-06
3.539000000000000000e+03,1.888752308332186658e-06
3.540000000000000000e+03,1.888454335130518302e-06
3.541000000000000000e+03,1.887668986455537379e-06
3.542000000000000000e+03,1.887250277832208667e-06
3.543000000000000000e+03,1.886670247586152982e-06
3.544000000000000000e+03,1.886305199150228873e-06
3.545000000000000000e+03,1.885874894469452556e-06
3.546000000000000000e+03,1.885477445284777787e-06
3.547000000000000000e+03,1.885178335214732215e-06
3.548000000000000000e+03,1.884487119241384789e-06
3.549000000000000000e+03,1.888903398139518686e-06
3.550000000000000000e+03,1.884341941149614286e-06
3.551000000000000000e+03,1.883876734609657433e-06
3.552000000000000000e+03,1.883434720184595790e-06
3.553000000000000000e+03,1.882747369563730899e-06
3.554000000000000000e+03,1.881927119029569440e-06
3.555000000000000000e+03,1.881933258118806407e-06
3.556000000000000000e+03,1.881416551441361662e-06
3.557000000000000000e+03,1.880601757875410840e-06
3.558000000000000000e+03,1.880173044810362626e-06
3.559000000000000000e+03,1.879607566479535308e-06
3.560000000000000000e+03,1.878847911029879469e-06
3.561000000000000000e+03,1.877934096228273120e-06
3.562000000000000000e+03,1.877327235888515133e-06
3.563000000000000000e+03,1.876613168860785663e-06
3.564000000000000000e+03,1.876140345302701462e-06
3.565000000000000000e+03,1.875374437076970935e-06
3.566000000000000000e+03,1.874203576335276011e-06
3.567000000000000000e+03,1.873835913102084305e-06
3.568000000000000000e+03,1.873104224614507984e-06
3.569000000000000000e+03,1.872801817626168486e-06
3.570000000000000000e+03,1.872366510724532418e-06
3.571000000000000000e+03,1.871421545729390346e-06
3.572000000000000000e+03,1.869867787718249019e-06
3.573000000000000000e+03,1.870679056992230471e-06
3.574000000000000000e+03,1.869212496785621624e-06
3.575000000000000000e+03,1.868461822596145794e-06
3.576000000000000000e+03,1.867997298177215271e-06
3.577000000000000000e+03,1.867588935056119226e-06
3.578000000000000000e+03,1.866764250735286623e-06
3.579000000000000000e+03,1.866615207291033585e-06
3.580000000000000000e+03,1.865386025201587472e-06
3.581000000000000000e+03,1.864955038399784826e-06
3.582000000000000000e+03,1.864514501903613564e-06
3.583000000000000000e+03,1.864357500380720012e-06
3.584000000000000000e+03,1.863798161139129661e-06
3.585000000000000000e+03,1.863428906290209852e-06
3.586000000000000000e+03,1.863050101746921428e-06
3.587000000000000000e+03,1.862655153672676533e-06
3.588000000000000000e+03,1.862072736003028695e-06
3.589000000000000000e+03,1.861382997958571650e-06
3.590000000000000000e+03,1.860552970356366131e-06
3.591000000000000000e+03,1.860010570453596301e-06
3.592000000000000000e+03,1.859455892372352537e-06
3.593000000000000000e+03,1.858859377534827217e-06
3.594000000000000000e+03,1.858208520388870966e-06
3.595000000000000000e+03,1.857743200162076391e-06
3.596000000000000000e+03,1.857274810390663333e-06
3.597000000000000000e+03,1.856835751823382452e-06
3.598000000000000000e+03,1.856423523349803872e-06
3.599000000000000000e+03,1.856142262113280594e-06
3.600000000000000000e+03,1.855652271842700429e-06
3.601000000000000000e+03,1.855352138591115363e-06
3.602000000000000000e+03,1.855097707448294386e-06
3.603000000000000000e+03,1.854661149991443381e-06
3.604000000000000000e+03,1.854545075730129611e-06
3.605000000000000000e+03,1.853700155152182560e-06
3.606000000000000000e+03,1.853413891694799531e-06
3.607000000000000000e+03,1.852905370469670743e-06
3.608000000000000000e+03,1.852108539424079936e-06
3.609000000000000000e+03,1.851765432547836099e-06
3.610000000000000000e+03,1.850918351919972338e-06
3.611000000000000000e+03,1.850634248512506019e-06
3.612000000000000000e+03,1.850139483394741546e-06
3.613000000000000000e+03,1.849184968705230858e-06
3.614000000000000000e+03,1.848977944973739795e-06
3.615000000000000000e+03,1.847776616159535479e-06
3.616000000000000000e+03,1.847144631028641015e-06
3.617000000000000000e+03,1.846470695454627275e-06
3.618000000000000000e+03,1.845349402174178977e-06
3.619000000000000000e+03,1.844540747697465122e-06
3.620000000000000000e+03,1.843663994804956019e-06
3.621000000000000000e+03,1.842956635300652124e-06
3.622000000000000000e+03,1.842247343120106962e-06
3.623000000000000000e+03,1.840959498622396495e-06
3.624000000000000000e+03,1.838718503677228000e-06
3.625000000000000000e+03,1.840865820668113884e-06
3.626000000000000000e+03,1.837918375713343266e-06
3.627000000000000000e+03,1.836632350205036346e-06
3.628000000000000000e+03,1.836003548305598088e-06
3.629000000000000000e+03,1.834953536672401242e-06
3.630000000000000000e+03,1.833323381106310990e-06
3.631000000000000000e+03,1.831929580475843977e-06
3.632000000000000000e+03,1.830763949328684248e-06
3.633000000000000000e+03,1.830636733757273760e-06
3.634000000000000000e+03,1.829828306654235348e-06
3.635000000000000000e+03,1.829401412578590680e-06
3.636000000000000000e+03,1.828621293498144951e-06
3.637000000000000000e+03,1.827767164286342449e-06
3.638000000000000000e+03,1.829076040849031415e-06
3.639000000000000000e+03,1.827183723435155116e-06
3.640000000000000000e+03,1.825869276217417791e-06
3.641000000000000000e+03,1.824742980716109741e-06
3.642000000000000000e+03,1.824123387450526934e-06
3.643000000000000000e+03,1.823370325837458950e-06
3.644000000000000000e+03,1.823054049054917414e-06
3.645000000000000000e+03,1.822472313506295905e-06
3.646000000000000000e+03,1.821839646254375111e-06
3.647000000000000000e+03,1.821463911255705170e-06
3.648000000000000000e+03,1.820925604079093318e-06
3.649000000000000000e+03,1.820633201532473322e-06
3.650000000000000000e+03,1.820315787881554570e-06
3.651000000000000000e+03,1.819479052755923476e-06
3.652000000000000000e+03,1.826189418352441862e-06
3.653000000000000000e+03,1.819263388824765570e-06
3.654000000000000000e+03,1.818390046537388116e-06
3.655000000000000000e+03,1.817933139136584941e-06
3.656000000000000000e+03,1.817429620132315904e-06
3.657000000000000000e+03,1.817091174416418653e-06
3.658000000000000000e+03,1.815937480387219694e-06
3.659000000000000000e+03,1.817919269342382904e-06
3.660000000000000000e+03,1.815674977478920482e-06
3.661000000000000000e+03,1.815048221942561213e-06
3.662000000000000000e+03,1.814570055103104096e-06
3.663000000000000000e+03,1.813570065678504761e-06
3.664000000000000000e+03,1.812625896491226740e-06
3.665000000000000000e+03,1.813648054849181790e-06
3.666000000000000000e+03,1.812130562939273659e-06
3.667000000000000000e+03,1.811128640838433057e-06
3.668000000000000000e+03,1.810462435969384387e-06
3.669000000000000000e+03,1.809340915315260645e-06
3.670000000000000000e+03,1.808418005566636566e-06
3.671000000000000000e+03,1.807935177566832863e-06
3.672000000000000000e+03,1.807218382054998074e-06
3.673000000000000000e+03,1.806897898859460838e-06
3.674000000000000000e+03,1.806104137358488515e-06
3.675000000000000000e+03,1.804930320759012830e-06
3.676000000000000000e+03,1.804195676413655747e-06
3.677000000000000000e+03,1.803028567337605637e-06
3.678000000000000000e+03,1.802301994757726789e-06
3.679000000000000000e+03,1.801658072508871555e-06
3.680000000000000000e+03,1.800854533939855173e-06
3.681000000000000000e+03,1.799640017452475149e-06
3.682000000000000000e+03,1.799250981093791779e-06
3.683000000000000000e+03,1.798475182113179471e-06
3.684000000000000000e+03,1.797849904505710583e-06
3.685000000000000000e+03,1.797013965187943541e-06
3.686000000000000000e+03,1.795796720216458198e-06
3.687000000000000000e+03,1.794068907656765077e-06
3.688000000000000000e+03,1.794007630451233126e-06
3.689000000000000000e+03,1.793095862012705766e-06
3.690000000000000000e+03,1.792393277355586179e-06
3.691000000000000000e+03,1.791829618014162406e-06
3.692000000000000000e+03,1.791273462004028261e-06
3.693000000000000000e+03,1.790407168300589547e-06
3.694000000000000000e+03,1.789342604752164334e-06
3.695000000000000000e+03,1.789174234545498621e-06
3.696000000000000000e+03,1.788238478184211999e-06
3.697000000000000000e+03,1.787945961950754281e-06
3.698000000000000000e+03,1.787263499863911420e-06
3.699000000000000000e+03,1.786587176866305526e-06
3.700000000000000000e+03,1.786262373570934869e-06
3.701000000000000000e+03,1.785322865544003434e-06
3.702000000000000000e+03,1.784998175935470499e-06
3.703000000000000000e+03,1.784278879313205834e-06
3.704000000000000000e+03,1.783579591574380174e-06
3.705000000000000000e+03,1.783325387805234641e-06
3.706000000000000000e+03,1.782468530109326821e-06
3.707000000000000000e+03,1.782042318154708482e-06
3.708000000000000000e+03,1.781353034857602324e-06
3.709000000000000000e+03,1.780656020855531096e-06
3.710000000000000000e+03,1.780054731170821469e-06
3.711000000000000000e+03,1.779485160113836173e-06
3.712000000000000000e+03,1.779052240635792259e-06
3.713000000000000000e+03,1.778656269380007870e-06
3.714000000000000000e+03,1.777919578671571799e-06
3.715000000000000000e+03,1.777454485818452667e-06
3.716000000000000000e+03,1.776906856321147643e-06
3.717000000000000000e+03,1.776543626874627080e-06
3.718000000000000000e+03,1.776182330104347784e-06
3.719000000000000000e+03,1.775369014467287343e-06
3.720000000000000000e+03,1.775147552507405635e-06
3.721000000000000000e+03,1.773759322531986982e-06
3.722000000000000000e+03,1.773194981069536880e-06
3.723000000000000000e+03,1.772504674590891227e-06
3.724000000000000000e+03,1.771822212504048366e-06
3.725000000000000000e+03,1.770428411873581354e-06
3.726000000000000000e+03,1.770649532772949897e-06
3.727000000000000000e+03,1.769693426467711106e-06
3.728000000000000000e+03,1.769116465766273905e-06
3.729000000000000000e+03,1.768660013112821616e-06
3.730000000000000000e+03,1.768209813235444017e-06
3.731000000000000000e+03,1.767377511896484066e-06
3.732000000000000000e+03,1.767260073393117636e-06
3.733000000000000000e+03,1.766458012752991635e-06
3.734000000000000000e+03,1.766169816619367339e-06
3.735000000000000000e+03,1.765667320796637796e-06
3.736000000000000000e+03,1.764953481142583769e-06
3.737000000000000000e+03,1.765091951710928697e-06
3.738000000000000000e+03,1.764465878295595758e-06
3.739000000000000000e+03,1.763724526426813100e-06
3.740000000000000000e+03,1.763255340847535990e-06
3.741000000000000000e+03,1.762639499247597996e-06
3.742000000000000000e+03,1.761915200404473580e-06
3.743000000000000000e+03,1.761257863108767197e-06
3.744000000000000000e+03,1.760192049005127046e-06
3.745000000000000000e+03,1.759342808327346575e-06
3.746000000000000000e+03,1.758654775585455354e-06
3.747000000000000000e+03,1.757240283950523008e-06
3.748000000000000000e+03,1.757494715093343984e-06
3.749000000000000000e+03,1.756507913341920357e-06
3.750000000000000000e+03,1.755279868120851461e-06
3.751000000000000000e+03,1.754819095367565751e-06
3.752000000000000000e+03,1.754159825395618100e-06
3.753000000000000000e+03,1.753697915773955174e-06
3.754000000000000000e+03,1.752710659275180660e-06
3.755000000000000000e+03,1.751326067278569099e-06
3.756000000000000000e+03,1.754835579959035385e-06
3.757000000000000000e+03,1.750905425978999119e-06
3.758000000000000000e+03,1.749716375343268737e-06
3.759000000000000000e+03,1.749103148540598340e-06
3.760000000000000000e+03,1.748299382597906515e-06
3.761000000000000000e+03,1.747628061821160372e-06
3.762000000000000000e+03,1.746870225360908080e-06
3.763000000000000000e+03,1.746146608638809994e-06
3.764000000000000000e+03,1.745463009683589917e-06
3.765000000000000000e+03,1.744950964166491758e-06
3.766000000000000000e+03,1.744794076330435928e-06
3.767000000000000000e+03,1.744248720569885336e-06
3.768000000000000000e+03,1.744042492646258324e-06
3.769000000000000000e+03,1.743866164360952098e-06
3.770000000000000000e+03,1.743469169923628215e-06
3.771000000000000000e+03,1.742659151204861701e-06
3.772000000000000000e+03,1.746270640978764277e-06
3.773000000000000000e+03,1.742463723530818243e-06
3.774000000000000000e+03,1.741908818075899035e-06
3.775000000000000000e+03,1.741638357088959310e-06
3.776000000000000000e+03,1.741301275615114719e-06
3.777000000000000000e+03,1.740889842949400190e-06
3.778000000000000000e+03,1.740997845445235725e-06
3.779000000000000000e+03,1.740535367389384191e-06
3.780000000000000000e+03,1.739840172376716509e-06
3.781000000000000000e+03,1.739313802318065427e-06
3.782000000000000000e+03,1.738828473207831848e-06
3.783000000000000000e+03,1.738241849125188310e-06
3.784000000000000000e+03,1.737628508635680191e-06
3.785000000000000000e+03,1.736980721034342423e-06
3.786000000000000000e+03,1.736469585011946037e-06
3.787000000000000000e+03,1.735929345159092918e-06
3.788000000000000000e+03,1.735004047986876685e-06
3.789000000000000000e+03,1.735007344905170612e-06
3.790000000000000000e+03,1.734615125315031037e-06
3.791000000000000000e+03,1.734109559947683010e-06
3.792000000000000000e+03,1.733708245410525706e-06
3.793000000000000000e+03,1.733025897010520566e-06
3.794000000000000000e+03,1.732116515995585360e-06
3.795000000000000000e+03,1.732223836370394565e-06
3.796000000000000000e+03,1.731716338326805271e-06
3.797000000000000000e+03,1.731129373183648568e-06
3.798000000000000000e+03,1.730655867504538037e-06
3.799000000000000000e+03,1.730134499666746706e-06
3.800000000000000000e+03,1.729482733026088681e-06
3.801000000000000000e+03,1.728872575768036768e-06
3.802000000000000000e+03,1.728393840494391043e-06
3.803000000000000000e+03,1.727784820104716346e-06
3.804000000000000000e+03,1.727037897580885328e-06
3.805000000000000000e+03,1.726314394545624964e-06
3.806000000000000000e+03,1.725432639432256110e-06
3.807000000000000000e+03,1.724673097669437993e-06
3.808000000000000000e+03,1.723939590192458127e-06
3.809000000000000000e+03,1.723123659758130088e-06
3.810000000000000000e+03,1.722886622701480519e-06
3.811000000000000000e+03,1.722418460303742904e-06
3.812000000000000000e+03,1.721942794574715663e-06
3.813000000000000000e+03,1.721395165077410638e-06
3.814000000000000000e+03,1.720694399409694597e-06
3.815000000000000000e+03,1.720953946460213047e-06
3.816000000000000000e+03,1.720285808914923109e-06
3.817000000000000000e+03,1.719905299069068860e-06
3.818000000000000000e+03,1.719497504382161424e-06
3.819000000000000000e+03,1.719076180961565115e-06
3.820000000000000000e+03,1.718192493171954993e-06
3.821000000000000000e+03,1.718258431537833530e-06
3.822000000000000000e+03,1.717697500680515077e-06
3.823000000000000000e+03,1.717215354801737703e-06
3.824000000000000000e+03,1.716788460726093035e-06
3.825000000000000000e+03,1.716639076221326832e-06
3.826000000000000000e+03,1.716206270430120640e-06
3.827000000000000000e+03,1.715719918138347566e-06
3.828000000000000000e+03,1.715207872621249408e-06
3.829000000000000000e+03,1.714758923299086746e-06
3.830000000000000000e+03,1.714531663310481235e-06
3.831000000000000000e+03,1.714094537419441622e-06
3.832000000000000000e+03,1.713871597530669533e-06
3.833000000000000000e+03,1.713598180685949046e-06
3.834000000000000000e+03,1.713127403490943834e-06
3.835000000000000000e+03,1.712900029815500602e-06
3.836000000000000000e+03,1.712264861453149933e-06
3.837000000000000000e+03,1.712007474452548195e-06
3.838000000000000000e+03,1.711612185317790136e-06
3.839000000000000000e+03,1.711097411316586658e-06
3.840000000000000000e+03,1.711242816782032605e-06
3.841000000000000000e+03,1.710718834146973677e-06
3.842000000000000000e+03,1.710301603452535346e-06
3.843000000000000000e+03,1.709997263787954580e-06
3.844000000000000000e+03,1.709611296973889694e-06
3.845000000000000000e+03,1.709010462036530953e-06
3.846000000000000000e+03,1.709423600004811306e-06
3.847000000000000000e+03,1.708690433588344604e-06
3.848000000000000000e+03,1.708187028270913288e-06
3.849000000000000000e+03,1.708054924165480770e-06
3.850000000000000000e+03,1.707669298411929049e-06
3.851000000000000000e+03,1.707403384898498189e-06
3.852000000000000000e+03,1.707033106868038885e-06
3.853000000000000000e+03,1.706429543446574826e-06
3.854000000000000000e+03,1.706814941826451104e-06
3.855000000000000000e+03,1.706011175883759279e-06
3.856000000000000000e+03,1.705298927845433354e-06
3.857000000000000000e+03,1.704688770587381441e-06
3.858000000000000000e+03,1.703976977296406403e-06
3.859000000000000000e+03,1.703309976619493682e-06
3.860000000000000000e+03,1.702724944152578246e-06
3.861000000000000000e+03,1.701897531347640324e-06
3.862000000000000000e+03,1.701349788163497578e-06
3.863000000000000000e+03,1.700743268884252757e-06
3.864000000000000000e+03,1.699936433396942448e-06
3.865000000000000000e+03,1.699137328614597209e-06
3.866000000000000000e+03,1.698330265753611457e-06
3.867000000000000000e+03,1.697510811027314048e-06
3.868000000000000000e+03,1.697033667369396426e-06
3.869000000000000000e+03,1.696553795227373485e-06
3.870000000000000000e+03,1.696004346740664914e-06
3.871000000000000000e+03,1.695361902420700062e-06
3.872000000000000000e+03,1.694665456852817442e-06
3.873000000000000000e+03,1.694067236712726299e-06
3.874000000000000000e+03,1.693611352493462618e-06
3.875000000000000000e+03,1.693145009085128549e-06
3.876000000000000000e+03,1.692577029643871356e-06
3.877000000000000000e+03,1.691979491624806542e-06
3.878000000000000000e+03,1.691327611297310796e-06
3.879000000000000000e+03,1.691072270659788046e-06
3.880000000000000000e+03,1.690435055934358388e-06
3.881000000000000000e+03,1.690254748609731905e-06
3.882000000000000000e+03,1.689621285549947061e-06
3.883000000000000000e+03,1.689357304712757468e-06
3.884000000000000000e+03,1.688936890786862932e-06
3.885000000000000000e+03,1.688564566393324640e-06
3.886000000000000000e+03,1.688144379841105547e-06
3.887000000000000000e+03,1.687889493950933684e-06
3.888000000000000000e+03,1.687668600425240584e-06
3.889000000000000000e+03,1.687389953985984903e-06
3.890000000000000000e+03,1.686899395281216130e-06
3.891000000000000000e+03,1.686600967332196888e-06
3.892000000000000000e+03,1.686065843387041241e-06
3.893000000000000000e+03,1.685681240815029014e-06
3.894000000000000000e+03,1.685086431280069519e-06
3.895000000000000000e+03,1.684324388406821527e-06
3.896000000000000000e+03,1.688297288637841120e-06
3.897000000000000000e+03,1.684088488218549173e-06
3.898000000000000000e+03,1.683381583461596165e-06
3.899000000000000000e+03,1.682710035311174579e-06
3.900000000000000000e+03,1.681367734818195459e-06
3.901000000000000000e+03,1.681883304627262987e-06
3.902000000000000000e+03,1.680894570199598093e-06
3.903000000000000000e+03,1.680401851444912609e-06
3.904000000000000000e+03,1.679923343544942327e-06
3.905000000000000000e+03,1.680126615610788576e-06
3.906000000000000000e+03,1.679703586887626443e-06
3.907000000000000000e+03,1.679210527072427794e-06
3.908000000000000000e+03,1.678301941865356639e-06
3.909000000000000000e+03,1.677444629422097933e-06
3.910000000000000000e+03,1.676766601121926215e-06
3.911000000000000000e+03,1.676156784924387466e-06
3.912000000000000000e+03,1.675294356573431287e-06
3.913000000000000000e+03,1.674998770795355085e-06
3.914000000000000000e+03,1.674148052188684233e-06
3.915000000000000000e+03,1.673402039159554988e-06
3.916000000000000000e+03,1.672811777098104358e-06
3.917000000000000000e+03,1.671646032264106907e-06
3.918000000000000000e+03,1.670966867095557973e-06
3.919000000000000000e+03,1.669877747190184891e-06
3.920000000000000000e+03,1.669481775934400503e-06
3.921000000000000000e+03,1.668774757490609773e-06
3.922000000000000000e+03,1.668238269303401466e-06
3.923000000000000000e+03,1.667638343860744499e-06
3.924000000000000000e+03,1.666935531829949468e-06
3.925000000000000000e+03,1.666468392613751348e-06
3.926000000000000000e+03,1.665539116402214859e-06
3.927000000000000000e+03,1.664606088525033556e-06
3.928000000000000000e+03,1.664070055085176136e-06
3.929000000000000000e+03,1.663280272623524070e-06
3.930000000000000000e+03,1.662970475990732666e-06
3.931000000000000000e+03,1.662535623836447485e-06
3.932000000000000000e+03,1.662138515712285880e-06
3.933000000000000000e+03,1.661824285292823333e-06
3.934000000000000000e+03,1.661024271015776321e-06
3.935000000000000000e+03,1.663631792325759307e-06
3.936000000000000000e+03,1.660628640820505098e-06
3.937000000000000000e+03,1.659695612943323795e-06
3.938000000000000000e+03,1.659407871557050385e-06
3.939000000000000000e+03,1.658717678765242454e-06
3.940000000000000000e+03,1.658330120335449465e-06
3.941000000000000000e+03,1.657759412410086952e-06
3.942000000000000000e+03,1.656864810684055556e-06
3.943000000000000000e+03,1.657283860367897432e-06
3.944000000000000000e+03,1.656262156757293269e-06
3.945000000000000000e+03,1.655754772400541697e-06
3.946000000000000000e+03,1.655319465498905629e-06
3.947000000000000000e+03,1.654724087529757526e-06
3.948000000000000000e+03,1.653609956520085689e-06
3.949000000000000000e+03,1.658037263041478582e-06
3.950000000000000000e+03,1.653380309107888024e-06
3.951000000000000000e+03,1.652782088967796881e-06
3.952000000000000000e+03,1.652393279982788954e-06
3.953000000000000000e+03,1.651767320254293736e-06
3.954000000000000000e+03,1.651106231292942539e-06
3.955000000000000000e+03,1.653273784540942870e-06
3.956000000000000000e+03,1.650842705203103833e-06
3.957000000000000000e+03,1.650198214520059992e-06
3.958000000000000000e+03,1.649769160394498613e-06
3.959000000000000000e+03,1.649201294640079141e-06
3.960000000000000000e+03,1.648589204705785960e-06
3.961000000000000000e+03,1.647991098252532538e-06
3.962000000000000000e+03,1.647180283725901973e-06
3.963000000000000000e+03,1.646530790821998380e-06
3.964000000000000000e+03,1.645874249334156048e-06
3.965000000000000000e+03,1.645430188546015415e-06
3.966000000000000000e+03,1.644828216740279458e-06
3.967000000000000000e+03,1.644484314056171570e-06
3.968000000000000000e+03,1.644226699681894388e-06
3.969000000000000000e+03,1.643611085455631837e-06
3.970000000000000000e+03,1.642568008719536010e-06
3.971000000000000000e+03,1.642316533434495796e-06
3.972000000000000000e+03,1.640919208512059413e-06
3.973000000000000000e+03,1.640428990867803805e-06
3.974000000000000000e+03,1.639688548493722919e-06
3.975000000000000000e+03,1.638623530197946820e-06
3.976000000000000000e+03,1.637589207348355558e-06
3.977000000000000000e+03,1.636546244299097452e-06
3.978000000000000000e+03,1.635960870771668851e-06
3.979000000000000000e+03,1.635175522096687928e-06
3.980000000000000000e+03,1.634518753235170152e-06
3.981000000000000000e+03,1.633746933293878101e-06
3.982000000000000000e+03,1.633064812267548405e-06
3.983000000000000000e+03,1.632669182072277181e-06
3.984000000000000000e+03,1.631811869629018474e-06
3.985000000000000000e+03,1.630996962376229931e-06
3.986000000000000000e+03,1.630150563869392499e-06
3.987000000000000000e+03,1.629550752113573253e-06
3.988000000000000000e+03,1.629185817364486866e-06
3.989000000000000000e+03,1.628583845558750909e-06
3.990000000000000000e+03,1.627692768124688882e-06
3.991000000000000000e+03,1.629285179660655558e-06
3.992000000000000000e+03,1.627301003281900194e-06
3.993000000000000000e+03,1.626516336727945600e-06
3.994000000000000000e+03,1.625580921427172143e-06
3.995000000000000000e+03,1.624704509595176205e-06
3.996000000000000000e+03,1.624191781957051717e-06
3.997000000000000000e+03,1.623631419533921871e-06
3.998000000000000000e+03,1.623332536837551743e-06
3.999000000000000000e+03,1.622946001589298248e-06
4.000000000000000000e+03,1.623659045435488224e-06
4.001000000000000000e+03,1.622759214114921633e-06
4.002000000000000000e+03,1.622193849470932037e-06
4.003000000000000000e+03,1.621568912923976313e-06
4.004000000000000000e+03,1.620795956114307046e-06
4.005000000000000000e+03,1.619968543309369124e-06
4.006000000000000000e+03,1.620149987502372824e-06
4.007000000000000000e+03,1.619467866476043127e-06
4.008000000000000000e+03,1.618941496417392045e-06
4.009000000000000000e+03,1.618643523215723690e-06
4.010000000000000000e+03,1.618341684661572799e-06
4.011000000000000000e+03,1.617819862076430582e-06
4.012000000000000000e+03,1.617383986740605906e-06
4.013000000000000000e+03,1.616721988284552936e-06
4.014000000000000000e+03,1.616062263565254398e-06
4.015000000000000000e+03,1.615652308828430250e-06
4.016000000000000000e+03,1.614938696548051666e-06
4.017000000000000000e+03,1.614470420463476330e-06
4.018000000000000000e+03,1.613821495993761346e-06
4.019000000000000000e+03,1.613224299035209697e-06
4.020000000000000000e+03,1.612444975762628019e-06
4.021000000000000000e+03,1.611699872228200547e-06
4.022000000000000000e+03,1.612169853615341708e-06
4.023000000000000000e+03,1.611241486898506992e-06
4.024000000000000000e+03,1.610681806596403476e-06
4.025000000000000000e+03,1.610111098671040963e-06
4.026000000000000000e+03,1.609624519005592447e-06
4.027000000000000000e+03,1.608717411727411672e-06
4.028000000000000000e+03,1.609117134648840874e-06
4.029000000000000000e+03,1.608369530003983527e-06
4.030000000000000000e+03,1.607665012670622673e-06
4.031000000000000000e+03,1.607302237971452996e-06
4.032000000000000000e+03,1.606881824045558460e-06
4.033000000000000000e+03,1.606392288522329181e-06
4.034000000000000000e+03,1.605332613507925998e-06
4.035000000000000000e+03,1.605417992323054932e-06
4.036000000000000000e+03,1.604730641702190042e-06
4.037000000000000000e+03,1.604070348548702896e-06
4.038000000000000000e+03,1.603499072189151775e-06
4.039000000000000000e+03,1.602881411599810235e-06
4.040000000000000000e+03,1.602136876499571372e-06
4.041000000000000000e+03,1.601363351255713496e-06
4.042000000000000000e+03,1.600750920260907151e-06
4.043000000000000000e+03,1.600051632522081491e-06
4.044000000000000000e+03,1.599073357283486985e-06
4.045000000000000000e+03,1.598322796780848876e-06
4.046000000000000000e+03,1.597611230863549281e-06
4.047000000000000000e+03,1.597127152308530640e-06
4.048000000000000000e+03,1.596874199094600044e-06
4.049000000000000000e+03,1.595845446900057141e-06
4.050000000000000000e+03,1.598282665327133145e-06
4.051000000000000000e+03,1.595593289493990596e-06
4.052000000000000000e+03,1.594936065885121934e-06
4.053000000000000000e+03,1.594492459844332188e-06
4.054000000000000000e+03,1.594038280927634332e-06
4.055000000000000000e+03,1.593608089933695737e-06
4.056000000000000000e+03,1.593171418790007010e-06
4.057000000000000000e+03,1.592639478076307569e-06
4.058000000000000000e+03,1.592434159647382330e-06
4.059000000000000000e+03,1.591912337062240113e-06
4.060000000000000000e+03,1.591468958395125810e-06
4.061000000000000000e+03,1.591015234225778840e-06
4.062000000000000000e+03,1.590488636793452315e-06
4.063000000000000000e+03,1.589574708305008244e-06
4.064000000000000000e+03,1.589431235515803564e-06
4.065000000000000000e+03,1.588612235536857042e-06
4.066000000000000000e+03,1.588310851730057038e-06
4.067000000000000000e+03,1.587872588970640209e-06
4.068000000000000000e+03,1.587161023053340614e-06
4.069000000000000000e+03,1.587538577041414101e-06
4.070000000000000000e+03,1.586737880643340759e-06
4.071000000000000000e+03,1.585896143296849914e-06
4.072000000000000000e+03,1.585247787261323538e-06
4.073000000000000000e+03,1.583816811034921557e-06
4.074000000000000000e+03,1.582342406436509918e-06
4.075000000000000000e+03,1.583204038979602046e-06
4.076000000000000000e+03,1.581661763339070603e-06
4.077000000000000000e+03,1.580838443260290660e-06
4.078000000000000000e+03,1.580383582222566474e-06
4.079000000000000000e+03,1.579660761308332440e-06
4.080000000000000000e+03,1.578963747306261212e-06
4.081000000000000000e+03,1.578189994688727893e-06
4.082000000000000000e+03,1.577656348672462627e-06
4.083000000000000000e+03,1.577034936417476274e-06
4.084000000000000000e+03,1.576062345520767849e-06
4.085000000000000000e+03,1.575669330122764222e-06
4.086000000000000000e+03,1.574697535033919849e-06
4.087000000000000000e+03,1.574330781295429915e-06
4.088000000000000000e+03,1.573931058374000713e-06
4.089000000000000000e+03,1.573281906530610286e-06
4.090000000000000000e+03,1.572250994286150672e-06
4.091000000000000000e+03,1.572864903209847398e-06
4.092000000000000000e+03,1.571743609929399099e-06
4.093000000000000000e+03,1.570871859257749747e-06
4.094000000000000000e+03,1.570032395648013335e-06
4.095000000000000000e+03,1.569287860547774471e-06
4.096000000000000000e+03,1.568520474393153563e-06
4.097000000000000000e+03,1.567566755511506926e-06
4.098000000000000000e+03,1.566949435982678551e-06
4.099000000000000000e+03,1.566142827869043685e-06
4.100000000000000000e+03,1.565092816235846840e-06
4.101000000000000000e+03,1.567070171404338907e-06
4.102000000000000000e+03,1.564672061249439139e-06
4.103000000000000000e+03,1.563823730066360440e-06
4.104000000000000000e+03,1.563382170388649683e-06
4.105000000000000000e+03,1.562605575600173324e-06
4.106000000000000000e+03,1.562041120450885501e-06
4.107000000000000000e+03,1.561897647661680821e-06
4.108000000000000000e+03,1.561132307870138902e-06
4.109000000000000000e+03,1.560739974593161605e-06
4.110000000000000000e+03,1.560367650199623313e-06
4.111000000000000000e+03,1.559705879117245786e-06
4.112000000000000000e+03,1.558808207846595906e-06
4.113000000000000000e+03,1.557878817948221695e-06
4.114000000000000000e+03,1.557374844196601771e-06
4.115000000000000000e+03,1.556933852953079622e-06
4.116000000000000000e+03,1.556790834911225829e-06
4.117000000000000000e+03,1.556365987198660150e-06
4.118000000000000000e+03,1.556178972350608092e-06
4.119000000000000000e+03,1.555930907670699526e-06
4.120000000000000000e+03,1.555622020532609895e-06
4.121000000000000000e+03,1.554761638544732705e-06
4.122000000000000000e+03,1.553670358589442912e-06
4.123000000000000000e+03,1.553268816678610165e-06
4.124000000000000000e+03,1.552209482724720147e-06
4.125000000000000000e+03,1.551825675960571971e-06
4.126000000000000000e+03,1.551473587824148126e-06
4.127000000000000000e+03,1.551061814097920433e-06
4.128000000000000000e+03,1.550745992062729783e-06
4.129000000000000000e+03,1.550170168229669798e-06
4.130000000000000000e+03,1.549493731545226183e-06
4.131000000000000000e+03,1.548669729345419910e-06
4.132000000000000000e+03,1.547985107208660338e-06
4.133000000000000000e+03,1.547330043649708387e-06
4.134000000000000000e+03,1.547107217447774019e-06
4.135000000000000000e+03,1.546535258967196569e-06
4.136000000000000000e+03,1.546027306176256388e-06
4.137000000000000000e+03,1.545575855743663851e-06
4.138000000000000000e+03,1.544849737911135890e-06
4.139000000000000000e+03,1.543690927974239457e-06
4.140000000000000000e+03,1.544375095363648143e-06
4.141000000000000000e+03,1.543132157166837715e-06
4.142000000000000000e+03,1.542624886496923864e-06
4.143000000000000000e+03,1.542061681902850978e-06
4.144000000000000000e+03,1.541462779641733505e-06
4.145000000000000000e+03,1.540315565762284677e-06
4.146000000000000000e+03,1.540307835057319608e-06
4.147000000000000000e+03,1.539718937237921637e-06
4.148000000000000000e+03,1.539243726256245282e-06
4.149000000000000000e+03,1.538853666716022417e-06
4.150000000000000000e+03,1.538510673526616301e-06
4.151000000000000000e+03,1.538045353299821727e-06
4.152000000000000000e+03,1.537527282380324323e-06
4.153000000000000000e+03,1.536969080007111188e-06
4.154000000000000000e+03,1.536748527541931253e-06
4.155000000000000000e+03,1.535882120151654817e-06
4.156000000000000000e+03,1.535325736767845228e-06
4.157000000000000000e+03,1.534669422653678339e-06
4.158000000000000000e+03,1.534023681415419560e-06
4.159000000000000000e+03,1.533561771793756634e-06
4.160000000000000000e+03,1.532858277641935274e-06
4.161000000000000000e+03,1.532367377876653336e-06
4.162000000000000000e+03,1.531086013528693002e-06
4.163000000000000000e+03,1.531585553493641783e-06
4.164000000000000000e+03,1.530444023956079036e-06
4.165000000000000000e+03,1.529588757875899319e-06
4.166000000000000000e+03,1.528776465420378372e-06
4.167000000000000000e+03,1.528346956547466107e-06
4.168000000000000000e+03,1.528417442386853509e-06
4.169000000000000000e+03,1.527819335933600087e-06
4.170000000000000000e+03,1.526984419797372539e-06
4.171000000000000000e+03,1.526355731584772002e-06
4.172000000000000000e+03,1.525513880551443435e-06
4.173000000000000000e+03,1.526589812783640809e-06
4.174000000000000000e+03,1.525243760625016876e-06
4.175000000000000000e+03,1.524626782156701665e-06
4.176000000000000000e+03,1.523883497611677740e-06
4.177000000000000000e+03,1.523299374639464077e-06
4.178000000000000000e+03,1.522836782896774821e-06
4.179000000000000000e+03,1.521898980172409210e-06
4.180000000000000000e+03,1.521220951872237492e-06
4.181000000000000000e+03,1.520402861387992743e-06
4.182000000000000000e+03,1.519818965789454523e-06
4.183000000000000000e+03,1.519270426797447726e-06
4.184000000000000000e+03,1.518805675004841760e-06
4.185000000000000000e+03,1.519206193734135013e-06
4.186000000000000000e+03,1.518550675427832175e-06
4.187000000000000000e+03,1.518034764558251482e-06
4.188000000000000000e+03,1.517609348411497194e-06
4.189000000000000000e+03,1.517037503617757466e-06
4.190000000000000000e+03,1.516703491688531358e-06
4.191000000000000000e+03,1.516050360805820674e-06
4.192000000000000000e+03,1.515579469923977740e-06
4.193000000000000000e+03,1.515098119853064418e-06
4.194000000000000000e+03,1.514401787972019520e-06
4.195000000000000000e+03,1.513504230388207361e-06
4.196000000000000000e+03,1.512852009000198450e-06
4.197000000000000000e+03,1.512258450020453893e-06
4.198000000000000000e+03,1.511895447947608773e-06
4.199000000000000000e+03,1.511447180746472441e-06
4.200000000000000000e+03,1.510785295977257192e-06
4.201000000000000000e+03,1.510167635387915652e-06
4.202000000000000000e+03,1.509870912741462234e-06
4.203000000000000000e+03,1.509425828771782108e-06
4.204000000000000000e+03,1.508949367234890815e-06
4.205000000000000000e+03,1.508004970673937351e-06
4.206000000000000000e+03,1.507453021076798905e-06
4.207000000000000000e+03,1.506545117990754079e-06
4.208000000000000000e+03,1.506158127995149698e-06
4.209000000000000000e+03,1.505810132584883831e-06
4.210000000000000000e+03,1.505129148426931351e-06
4.211000000000000000e+03,1.504450210632057860e-06
4.212000000000000000e+03,1.503586418039049022e-06
4.213000000000000000e+03,1.502780719420115929e-06
4.214000000000000000e+03,1.502309714851435274e-06
4.215000000000000000e+03,1.501820179328205995e-06
4.216000000000000000e+03,1.501420570093614515e-06
4.217000000000000000e+03,1.501014821769786067e-06
4.218000000000000000e+03,1.500466055404103827e-06
4.219000000000000000e+03,1.500070311521994881e-06
4.220000000000000000e+03,1.499473796684469562e-06
4.221000000000000000e+03,1.499124778092664201e-06
4.222000000000000000e+03,1.498934807386831380e-06
4.223000000000000000e+03,1.498691858614620287e-06
4.224000000000000000e+03,1.498164579061267432e-06
4.225000000000000000e+03,1.497854896115313750e-06
4.226000000000000000e+03,1.496892309660324827e-06
4.227000000000000000e+03,1.496518734711571597e-06
4.228000000000000000e+03,1.496063532613334246e-06
4.229000000000000000e+03,1.495475089541287161e-06
4.230000000000000000e+03,1.499959694228891749e-06
4.231000000000000000e+03,1.495321498623525258e-06
4.232000000000000000e+03,1.494805474067106843e-06
4.233000000000000000e+03,1.494482944508490618e-06
4.234000000000000000e+03,1.493748413849971257e-06
4.235000000000000000e+03,1.493151103204581887e-06
4.236000000000000000e+03,1.493179411227174569e-06
4.237000000000000000e+03,1.492714091000379995e-06
4.238000000000000000e+03,1.492182036599842831e-06
4.239000000000000000e+03,1.491865873504139017e-06
4.240000000000000000e+03,1.491587454438558780e-06
4.241000000000000000e+03,1.491353941673878580e-06
4.242000000000000000e+03,1.490945578552782536e-06
4.243000000000000000e+03,1.490665795245149639e-06
4.244000000000000000e+03,1.490296654083067551e-06
4.245000000000000000e+03,1.489804731136246119e-06
4.246000000000000000e+03,1.489436840529378969e-06
4.247000000000000000e+03,1.489054625380958896e-06
4.248000000000000000e+03,1.488813722971826792e-06
4.249000000000000000e+03,1.488540078753430862e-06
4.250000000000000000e+03,1.487841473135631531e-06
4.251000000000000000e+03,1.489712872171367053e-06
4.252000000000000000e+03,1.487609551986679435e-06
4.253000000000000000e+03,1.486912765358283650e-06
4.254000000000000000e+03,1.486187215959944297e-06
4.255000000000000000e+03,1.485266352574399207e-06
4.256000000000000000e+03,1.485645611865038518e-06
4.257000000000000000e+03,1.484972813159401994e-06
4.258000000000000000e+03,1.484478502788988408e-06
4.259000000000000000e+03,1.483948494751530234e-06
4.260000000000000000e+03,1.483243750044493936e-06
4.261000000000000000e+03,1.482561174270813353e-06
4.262000000000000000e+03,1.482400534769112710e-06
4.263000000000000000e+03,1.481470462749712169e-06
4.264000000000000000e+03,1.481178628637280781e-06
4.265000000000000000e+03,1.480652031204954255e-06
4.266000000000000000e+03,1.480252308283525053e-06
4.267000000000000000e+03,1.479623051636735909e-06
4.268000000000000000e+03,1.479121010561357252e-06
4.269000000000000000e+03,1.478557464906771202e-06
4.270000000000000000e+03,1.478046897318563424e-06
4.271000000000000000e+03,1.477425712437252514e-06
4.272000000000000000e+03,1.476501552133413497e-06
4.273000000000000000e+03,1.476376837672432885e-06
4.274000000000000000e+03,1.475925955674028955e-06
4.275000000000000000e+03,1.475634462622110732e-06
4.276000000000000000e+03,1.475291469432704616e-06
4.277000000000000000e+03,1.474924033573188353e-06
4.278000000000000000e+03,1.475445856158330571e-06
4.279000000000000000e+03,1.474658688493946102e-06
4.280000000000000000e+03,1.474094347031496000e-06
4.281000000000000000e+03,1.473555471420695540e-06
4.282000000000000000e+03,1.473211909797100816e-06
4.283000000000000000e+03,1.472997610107995570e-06
4.284000000000000000e+03,1.472640178690198809e-06
4.285000000000000000e+03,1.472221924814220984e-06
4.286000000000000000e+03,1.471718633183627389e-06
4.287000000000000000e+03,1.471216364734573290e-06
4.288000000000000000e+03,1.470656570745632052e-06
4.289000000000000000e+03,1.469960807298775762e-06
4.290000000000000000e+03,1.469180688218330033e-06
4.291000000000000000e+03,1.468821778871642891e-06
4.292000000000000000e+03,1.468021764594595879e-06
4.293000000000000000e+03,1.468798359383072238e-06
4.294000000000000000e+03,1.467629203943943139e-06
4.295000000000000000e+03,1.467050765313615557e-06
4.296000000000000000e+03,1.466643198000383563e-06
4.297000000000000000e+03,1.466026674279419240e-06
4.298000000000000000e+03,1.466096364310942590e-06
4.299000000000000000e+03,1.465718582949193660e-06
4.300000000000000000e+03,1.465389004806638695e-06
4.301000000000000000e+03,1.464896513425628655e-06
4.302000000000000000e+03,1.464460410716128536e-06
4.303000000000000000e+03,1.463548187530250289e-06
4.304000000000000000e+03,1.463830130887799896e-06
4.305000000000000000e+03,1.463166995563369710e-06
4.306000000000000000e+03,1.462365389670594595e-06
4.307000000000000000e+03,1.461934061808278784e-06
4.308000000000000000e+03,1.461402575841930229e-06
4.309000000000000000e+03,1.460995008528698236e-06
4.310000000000000000e+03,1.460411795051186346e-06
4.311000000000000000e+03,1.459855184293701313e-06
4.312000000000000000e+03,1.459379632251511794e-06
4.313000000000000000e+03,1.458501401430112310e-06
4.314000000000000000e+03,1.457735947951732669e-06
4.315000000000000000e+03,1.456465952287544496e-06
4.316000000000000000e+03,1.455851588616496883e-06
4.317000000000000000e+03,1.455226197322190274e-06
4.318000000000000000e+03,1.454392418054339942e-06
4.319000000000000000e+03,1.453439608667395078e-06
4.320000000000000000e+03,1.452333094675850589e-06
4.321000000000000000e+03,1.451707930755219422e-06
4.322000000000000000e+03,1.451152797926624771e-06
4.323000000000000000e+03,1.450623813070706092e-06
4.324000000000000000e+03,1.450290824323019478e-06
4.325000000000000000e+03,1.449559931643307209e-06
4.326000000000000000e+03,1.448869170417310670e-06
4.327000000000000000e+03,1.448534590053895954e-06
4.328000000000000000e+03,1.447338718207902275e-06
4.329000000000000000e+03,1.446933083570911549e-06
4.330000000000000000e+03,1.446459236831287853e-06
4.331000000000000000e+03,1.445937868993496522e-06
4.332000000000000000e+03,1.445236875952105038e-06
4.333000000000000000e+03,1.444203803657728713e-06
4.334000000000000000e+03,1.443653218302642927e-06
4.335000000000000000e+03,1.443359224140294828e-06
4.336000000000000000e+03,1.443057271899306215e-06
4.337000000000000000e+03,1.442370148652116768e-06
4.338000000000000000e+03,1.441599692952877376e-06
4.339000000000000000e+03,1.441016593162203208e-06
4.340000000000000000e+03,1.440447476852568798e-06
4.341000000000000000e+03,1.440010350961529184e-06
4.342000000000000000e+03,1.439630295863025822e-06
4.343000000000000000e+03,1.438710228285344783e-06
4.344000000000000000e+03,1.438678168597107287e-06
4.345000000000000000e+03,1.438151457477943040e-06
4.346000000000000000e+03,1.437698074369109236e-06
4.347000000000000000e+03,1.437143851035216358e-06
4.348000000000000000e+03,1.436695811207755469e-06
4.349000000000000000e+03,1.435875901734107174e-06
4.350000000000000000e+03,1.435842705177492462e-06
4.351000000000000000e+03,1.435494027646200266e-06
4.352000000000000000e+03,1.434937303201877512e-06
4.353000000000000000e+03,1.434395130672783125e-06
4.354000000000000000e+03,1.433877855561149772e-06
4.355000000000000000e+03,1.433337956768809818e-06
4.356000000000000000e+03,1.432700400982866995e-06
4.357000000000000000e+03,1.432062845196924172e-06
4.358000000000000000e+03,1.431008058716543019e-06
4.359000000000000000e+03,1.430230213372851722e-06
4.360000000000000000e+03,1.429644271411234513e-06
4.361000000000000000e+03,1.429129156349517871e-06
4.362000000000000000e+03,1.428475570719456300e-06
4.363000000000000000e+03,1.427883262294926681e-06
4.364000000000000000e+03,1.427294705536041874e-06
4.365000000000000000e+03,1.426414996785752010e-06
4.366000000000000000e+03,1.426126232217939105e-06
4.367000000000000000e+03,1.425451955583412200e-06
4.368000000000000000e+03,1.424663537363812793e-06
4.369000000000000000e+03,1.424814058736956213e-06
4.370000000000000000e+03,1.424174911335285287e-06
4.371000000000000000e+03,1.423343405804189388e-06
4.372000000000000000e+03,1.422754280611115973e-06
4.373000000000000000e+03,1.421928459421906155e-06
4.374000000000000000e+03,1.421102183485345449e-06
4.375000000000000000e+03,1.420346507075009868e-06
4.376000000000000000e+03,1.419721456841216423e-06
4.377000000000000000e+03,1.419122099832748063e-06
4.378000000000000000e+03,1.418537635800021235e-06
4.379000000000000000e+03,1.418269334862998221e-06
4.380000000000000000e+03,1.416898726347426418e-06
4.381000000000000000e+03,1.416553004673914984e-06
4.382000000000000000e+03,1.416027657796803396e-06
4.383000000000000000e+03,1.415431256646115799e-06
4.384000000000000000e+03,1.414871348970336840e-06
4.385000000000000000e+03,1.413841346220578998e-06
4.386000000000000000e+03,1.413352833878889214e-06
4.387000000000000000e+03,1.412529741173784714e-06
4.388000000000000000e+03,1.411759626535058487e-06
4.389000000000000000e+03,1.411068865309061948e-06
4.390000000000000000e+03,1.410724166817090008e-06
4.391000000000000000e+03,1.410468485119054094e-06
4.392000000000000000e+03,1.410107643096125685e-06
4.393000000000000000e+03,1.409770334248605650e-06
4.394000000000000000e+03,1.409348328706983011e-06
4.395000000000000000e+03,1.409230208082590252e-06
4.396000000000000000e+03,1.408847197126306128e-06
4.397000000000000000e+03,1.408229536536964588e-06
4.398000000000000000e+03,1.409260789841937367e-06
4.399000000000000000e+03,1.407978402312437538e-06
4.400000000000000000e+03,1.407439299327961635e-06
4.401000000000000000e+03,1.407059585289971437e-06
4.402000000000000000e+03,1.406656565450248308e-06
4.403000000000000000e+03,1.406151795890764333e-06
4.404000000000000000e+03,1.405833245371468365e-06
4.405000000000000000e+03,1.405127591169730294e-06
4.406000000000000000e+03,1.404685008310480043e-06
4.407000000000000000e+03,1.404345539413043298e-06
4.408000000000000000e+03,1.403853502779384144e-06
4.409000000000000000e+03,1.403624423801375087e-06
4.410000000000000000e+03,1.402938664796238299e-06
4.411000000000000000e+03,1.402626253366179299e-06
4.412000000000000000e+03,1.402058614985435270e-06
4.413000000000000000e+03,1.401475174134247936e-06
4.414000000000000000e+03,1.400983478561101947e-06
4.415000000000000000e+03,1.400547034791088663e-06
4.416000000000000000e+03,1.400260885020543355e-06
4.417000000000000000e+03,1.399692564518772997e-06
4.418000000000000000e+03,1.399181542183214333e-06
4.419000000000000000e+03,1.398583435729960911e-06
4.420000000000000000e+03,1.397977257511229254e-06
4.421000000000000000e+03,1.397561049998330418e-06
4.422000000000000000e+03,1.396958509758405853e-06
4.423000000000000000e+03,1.396458742419781629e-06
4.424000000000000000e+03,1.395348931509943213e-06
4.425000000000000000e+03,1.397415985593397636e-06
4.426000000000000000e+03,1.395065964970854111e-06
4.427000000000000000e+03,1.394418973177380394e-06
4.428000000000000000e+03,1.393835987073543947e-06
4.429000000000000000e+03,1.393077013744914439e-06
4.430000000000000000e+03,1.392539502376166638e-06
4.431000000000000000e+03,1.392146373291325290e-06
4.432000000000000000e+03,1.391783712278993335e-06
4.433000000000000000e+03,1.391134560435602907e-06
4.434000000000000000e+03,1.390335569340095390e-06
4.435000000000000000e+03,1.389367639603733551e-06
4.436000000000000000e+03,1.388866962770407554e-06
4.437000000000000000e+03,1.388219402542745229e-06
4.438000000000000000e+03,1.387793304274964612e-06
4.439000000000000000e+03,1.387255224472028203e-06
4.440000000000000000e+03,1.386745793752197642e-06
4.441000000000000000e+03,1.386097437716671266e-06
4.442000000000000000e+03,1.385396672048955224e-06
4.443000000000000000e+03,1.384868255627225153e-06
4.444000000000000000e+03,1.384328129461209755e-06
4.445000000000000000e+03,1.383801418342045508e-06
4.446000000000000000e+03,1.383282437927846331e-06
4.447000000000000000e+03,1.383911126140446868e-06
4.448000000000000000e+03,1.383030394208617508e-06
4.449000000000000000e+03,1.382499704050133005e-06
4.450000000000000000e+03,1.382222990287118591e-06
4.451000000000000000e+03,1.381861352456326131e-06
4.452000000000000000e+03,1.381285983370617032e-06
4.453000000000000000e+03,1.380760181746154558e-06
4.454000000000000000e+03,1.380079197588202078e-06
4.455000000000000000e+03,1.379773152621055488e-06
4.456000000000000000e+03,1.379401055601192638e-06
4.457000000000000000e+03,1.378991782985394821e-06
4.458000000000000000e+03,1.378182560074492358e-06
4.459000000000000000e+03,1.377102307742461562e-06
4.460000000000000000e+03,1.376011368847684935e-06
4.461000000000000000e+03,1.375239094159041997e-06
4.462000000000000000e+03,1.374742168991360813e-06
4.463000000000000000e+03,1.374235466755635571e-06
4.464000000000000000e+03,1.373580175823008176e-06
4.465000000000000000e+03,1.373158283968223259e-06
4.466000000000000000e+03,1.372548013023333624e-06
4.467000000000000000e+03,1.372129986521031242e-06
4.468000000000000000e+03,1.371760617985273711e-06
4.469000000000000000e+03,1.371305302200198639e-06
4.470000000000000000e+03,1.370858399241114967e-06
4.471000000000000000e+03,1.370353629681630991e-06
4.472000000000000000e+03,1.369803385387058370e-06
4.473000000000000000e+03,1.369101255477289669e-06
4.474000000000000000e+03,1.368404127788380720e-06
4.475000000000000000e+03,1.367807158203504514e-06
4.476000000000000000e+03,1.367242816741054412e-06
4.477000000000000000e+03,1.366728497487201821e-06
4.478000000000000000e+03,1.366289779980434105e-06
4.479000000000000000e+03,1.365483399240474682e-06
4.480000000000000000e+03,1.367970185128797311e-06
4.481000000000000000e+03,1.365209527648403309e-06
4.482000000000000000e+03,1.364576633022807073e-06
4.483000000000000000e+03,1.363984893032466061e-06
4.484000000000000000e+03,1.363373030471848324e-06
4.485000000000000000e+03,1.362990587949752808e-06
4.486000000000000000e+03,1.362318243991467170e-06
4.487000000000000000e+03,1.361786075904092286e-06
4.488000000000000000e+03,1.361225145046773832e-06
4.489000000000000000e+03,1.360802343697287142e-06
4.490000000000000000e+03,1.360273927275557071e-06
4.491000000000000000e+03,1.360018359264358878e-06
4.492000000000000000e+03,1.359567932013305835e-06
4.493000000000000000e+03,1.359179236715135630e-06
4.494000000000000000e+03,1.358651161353918724e-06
4.495000000000000000e+03,1.358064082523924299e-06
4.496000000000000000e+03,1.357273845314921346e-06
4.497000000000000000e+03,1.356847064926114399e-06
4.498000000000000000e+03,1.356423240395088214e-06
4.499000000000000000e+03,1.355984750261995941e-06
4.500000000000000000e+03,1.355480321763025131e-06
4.501000000000000000e+03,1.355217591481050476e-06
4.502000000000000000e+03,1.354872324554889929e-06
4.503000000000000000e+03,1.354595610791875515e-06
4.504000000000000000e+03,1.354252503915631678e-06
4.505000000000000000e+03,1.353917809865379240e-06
4.506000000000000000e+03,1.353486027255712543e-06
4.507000000000000000e+03,1.353167931483767461e-06
4.508000000000000000e+03,1.352825961475900840e-06
4.509000000000000000e+03,1.352618028249708004e-06
4.510000000000000000e+03,1.352365643469966017e-06
4.511000000000000000e+03,1.351679998151666950e-06
4.512000000000000000e+03,1.351230821455828846e-06
4.513000000000000000e+03,1.350535853816836607e-06
4.514000000000000000e+03,1.350157504020899069e-06
4.515000000000000000e+03,1.349821332041756250e-06
4.516000000000000000e+03,1.349538251815829426e-06
4.517000000000000000e+03,1.349070316791767254e-06
4.518000000000000000e+03,1.348584419247345068e-06
4.519000000000000000e+03,1.348258706457272638e-06
4.520000000000000000e+03,1.347953798358503263e-06
4.521000000000000000e+03,1.347580905530776363e-06
4.522000000000000000e+03,1.346966200799215585e-06
4.523000000000000000e+03,1.346436874882783741e-06
4.524000000000000000e+03,1.345983719147625379e-06
4.525000000000000000e+03,1.345251689599535894e-06
4.526000000000000000e+03,1.344937231806397904e-06
4.527000000000000000e+03,1.344553425042249728e-06
4.528000000000000000e+03,1.344096631328284275e-06
4.529000000000000000e+03,1.343744202131347265e-06
4.530000000000000000e+03,1.343219310001586564e-06
4.531000000000000000e+03,1.342603468401648570e-06
4.532000000000000000e+03,1.342208520327403676e-06
4.533000000000000000e+03,1.341306415270082653e-06
4.534000000000000000e+03,1.340937387794838287e-06
4.535000000000000000e+03,1.340368385172041599e-06
4.536000000000000000e+03,1.340042786068806890e-06
4.537000000000000000e+03,1.339595428362372331e-06
4.538000000000000000e+03,1.338807919637474697e-06
4.539000000000000000e+03,1.337702769887982868e-06
4.540000000000000000e+03,1.336686864306102507e-06
4.541000000000000000e+03,1.336102968707564287e-06
4.542000000000000000e+03,1.335565912086167373e-06
4.543000000000000000e+03,1.334919602413719986e-06
4.544000000000000000e+03,1.334245894213381689e-06
4.545000000000000000e+03,1.333268755843164399e-06
4.546000000000000000e+03,1.332926558461622335e-06
4.547000000000000000e+03,1.332410988652554806e-06
4.548000000000000000e+03,1.331751946054282598e-06
4.549000000000000000e+03,1.331036855845013633e-06
4.550000000000000000e+03,1.330594500359438825e-06
4.551000000000000000e+03,1.330324494119849987e-06
4.552000000000000000e+03,1.329837346020212863e-06
4.553000000000000000e+03,1.329363726654264610e-06
4.554000000000000000e+03,1.328995836047397461e-06
4.555000000000000000e+03,1.328708208347961772e-06
4.556000000000000000e+03,1.328549956269853283e-06
4.557000000000000000e+03,1.328102257502905559e-06
4.558000000000000000e+03,1.327639779447054025e-06
4.559000000000000000e+03,1.327888980995339807e-06
4.560000000000000000e+03,1.327396148553816602e-06
4.561000000000000000e+03,1.327064410361344926e-06
4.562000000000000000e+03,1.326808387602795847e-06
4.563000000000000000e+03,1.326390588474168908e-06
4.564000000000000000e+03,1.325639004789991304e-06
4.565000000000000000e+03,1.324297841165389400e-06
4.566000000000000000e+03,1.324647996625571977e-06
4.567000000000000000e+03,1.323617652815300971e-06
4.568000000000000000e+03,1.322873686149250716e-06
4.569000000000000000e+03,1.322430875916325022e-06
4.570000000000000000e+03,1.322224647992698010e-06
4.571000000000000000e+03,1.321828221989562735e-06
4.572000000000000000e+03,1.321381660090992227e-06
4.573000000000000000e+03,1.320835281148902141e-06
4.574000000000000000e+03,1.320269461757561658e-06
4.575000000000000000e+03,1.319823581980017480e-06
4.576000000000000000e+03,1.319392481491377112e-06
4.577000000000000000e+03,1.319083935413800646e-06
4.578000000000000000e+03,1.318552904194802977e-06
4.579000000000000000e+03,1.318039835496165324e-06
4.580000000000000000e+03,1.317604755968204699e-06
4.581000000000000000e+03,1.317068040407320950e-06
4.582000000000000000e+03,1.316489147029642481e-06
4.583000000000000000e+03,1.316158659392385744e-06
4.584000000000000000e+03,1.315558733949728776e-06
4.585000000000000000e+03,1.314973019361787010e-06
4.586000000000000000e+03,1.314331598223361652e-06
4.587000000000000000e+03,1.313854909312794916e-06
4.588000000000000000e+03,1.313509983447147533e-06
4.589000000000000000e+03,1.313116968049143907e-06
4.590000000000000000e+03,1.314176870437222533e-06
4.591000000000000000e+03,1.312836616307322402e-06
4.592000000000000000e+03,1.312208155468397308e-06
4.593000000000000000e+03,1.311713049290119670e-06
4.594000000000000000e+03,1.311076857746229507e-06
4.595000000000000000e+03,1.310394054598873481e-06
4.596000000000000000e+03,1.311357436861726455e-06
4.597000000000000000e+03,1.310147013100504410e-06
4.598000000000000000e+03,1.309641220359480940e-06
4.599000000000000000e+03,1.309137019234185573e-06
4.600000000000000000e+03,1.308239802710886579e-06
4.601000000000000000e+03,1.307868956246238668e-06
4.602000000000000000e+03,1.307286879637103993e-06
4.603000000000000000e+03,1.306950707657961175e-06
4.604000000000000000e+03,1.306447302340529859e-06
4.605000000000000000e+03,1.306670014855626505e-06
4.606000000000000000e+03,1.306152398683479987e-06
4.607000000000000000e+03,1.305696628151054028e-06
4.608000000000000000e+03,1.305142632190836594e-06
4.609000000000000000e+03,1.304580905525654089e-06
4.610000000000000000e+03,1.303860244661336765e-06
4.611000000000000000e+03,1.303428916799020953e-06
4.612000000000000000e+03,1.302902660427207593e-06
4.613000000000000000e+03,1.302622649745899253e-06
4.614000000000000000e+03,1.302298983318905812e-06
4.615000000000000000e+03,1.301857651014870498e-06
4.616000000000000000e+03,1.301229417549620848e-06
4.617000000000000000e+03,1.300977032769878861e-06
4.618000000000000000e+03,1.300408712268108502e-06
4.619000000000000000e+03,1.299470909543742891e-06
4.620000000000000000e+03,1.298885081268963404e-06
4.621000000000000000e+03,1.297646804232499562e-06
4.622000000000000000e+03,1.297117250942392275e-06
4.623000000000000000e+03,1.296590880883741193e-06
4.624000000000000000e+03,1.296087589253147598e-06
4.625000000000000000e+03,1.295394667977234349e-06
4.626000000000000000e+03,1.294774165216949768e-06
4.627000000000000000e+03,1.294161734222143423e-06
4.628000000000000000e+03,1.293749164688051678e-06
4.629000000000000000e+03,1.293160607929166872e-06
4.630000000000000000e+03,1.292499518967815675e-06
4.631000000000000000e+03,1.291876742470776662e-06
4.632000000000000000e+03,1.291375383516424336e-06
4.633000000000000000e+03,1.290752948079898488e-06
4.634000000000000000e+03,1.290584577873232774e-06
4.635000000000000000e+03,1.289735109821776859e-06
4.636000000000000000e+03,1.289334932152996771e-06
4.637000000000000000e+03,1.288851649405842181e-06
4.638000000000000000e+03,1.288196585846890230e-06
4.639000000000000000e+03,1.287939426219963934e-06
4.640000000000000000e+03,1.287396230509330053e-06
4.641000000000000000e+03,1.287224563384370413e-06
4.642000000000000000e+03,1.286808355871471576e-06
4.643000000000000000e+03,1.286312340198492166e-06
4.644000000000000000e+03,1.285672965423145797e-06
4.645000000000000000e+03,1.285255507355032023e-06
4.646000000000000000e+03,1.284703330384218134e-06
4.647000000000000000e+03,1.284424570258124731e-06
4.648000000000000000e+03,1.284011432289844379e-06
4.649000000000000000e+03,1.282811467717692722e-06
4.650000000000000000e+03,1.282172092942346353e-06
4.651000000000000000e+03,1.281380605178128462e-06
4.652000000000000000e+03,1.280979859075159766e-06
4.653000000000000000e+03,1.279815137422701810e-06
4.654000000000000000e+03,1.278917011404701043e-06
4.655000000000000000e+03,1.278322542930254713e-06
4.656000000000000000e+03,1.277726255466404837e-06
4.657000000000000000e+03,1.277394176213419996e-06
4.658000000000000000e+03,1.277052206205553375e-06
4.659000000000000000e+03,1.276510147363296710e-06
4.660000000000000000e+03,1.275979570891649928e-06
4.661000000000000000e+03,1.275165345759887714e-06
4.662000000000000000e+03,1.274867031497706193e-06
4.663000000000000000e+03,1.274541546081309207e-06
4.664000000000000000e+03,1.274415240004600491e-06
4.665000000000000000e+03,1.274096007364278194e-06
4.666000000000000000e+03,1.273414682145812549e-06
4.667000000000000000e+03,1.272799408980063163e-06
4.668000000000000000e+03,1.272940835406188853e-06
4.669000000000000000e+03,1.272490635528811254e-06
4.670000000000000000e+03,1.272091935788921546e-06
4.671000000000000000e+03,1.271772930522274692e-06
4.672000000000000000e+03,1.271221549359324854e-06
4.673000000000000000e+03,1.270439156542124692e-06
4.674000000000000000e+03,1.270804546038561966e-06
4.675000000000000000e+03,1.270045572709932458e-06
4.676000000000000000e+03,1.269349922949913889e-06
4.677000000000000000e+03,1.268780124519253150e-06
4.678000000000000000e+03,1.268086407435475849e-06
4.679000000000000000e+03,1.267400193682988174e-06
4.680000000000000000e+03,1.266804474653326906e-06
4.681000000000000000e+03,1.266176582248590421e-06
4.682000000000000000e+03,1.265784362658450846e-06
4.683000000000000000e+03,1.265209448320092633e-06
4.684000000000000000e+03,1.263889885194657836e-06
4.685000000000000000e+03,1.263626472791656852e-06
4.686000000000000000e+03,1.262490627595980186e-06
4.687000000000000000e+03,1.262050318473484367e-06
4.688000000000000000e+03,1.261494389837025665e-06
4.689000000000000000e+03,1.260827275473275222e-06
4.690000000000000000e+03,1.260086378351843450e-06
4.691000000000000000e+03,1.259743385162437335e-06
4.692000000000000000e+03,1.259233954442606773e-06
4.693000000000000000e+03,1.258940756088122725e-06
4.694000000000000000e+03,1.258535121451131999e-06
4.695000000000000000e+03,1.257723056369286496e-06
4.696000000000000000e+03,1.257159055967349559e-06
4.697000000000000000e+03,1.256110408576205373e-06
4.698000000000000000e+03,1.255631218555208761e-06
4.699000000000000000e+03,1.255210918316151947e-06
4.700000000000000000e+03,1.254638164027710445e-06
4.701000000000000000e+03,1.253902382813976146e-06
4.702000000000000000e+03,1.253434220416238531e-06
4.703000000000000000e+03,1.252876472790376283e-06
4.704000000000000000e+03,1.252405013474344742e-06
4.705000000000000000e+03,1.251769276677805465e-06
4.706000000000000000e+03,1.251303729077335447e-06
4.707000000000000000e+03,1.250994728252408095e-06
4.708000000000000000e+03,1.250686068487993907e-06
4.709000000000000000e+03,1.249953925253066700e-06
4.710000000000000000e+03,1.249518959411943797e-06
4.711000000000000000e+03,1.248796934305573814e-06
4.712000000000000000e+03,1.248092416972212959e-06
4.713000000000000000e+03,1.247399950443650596e-06
4.714000000000000000e+03,1.246697365786531009e-06
4.715000000000000000e+03,1.245973862751270644e-06
4.716000000000000000e+03,1.245490238943602890e-06
4.717000000000000000e+03,1.245014686901413370e-06
4.718000000000000000e+03,1.244412942469352856e-06
4.719000000000000000e+03,1.244089048668683972e-06
4.720000000000000000e+03,1.243480255652684718e-06
4.721000000000000000e+03,1.243034716935653705e-06
4.722000000000000000e+03,1.242272446688730270e-06
4.723000000000000000e+03,1.242419557456742041e-06
4.724000000000000000e+03,1.241872610080463346e-06
4.725000000000000000e+03,1.241538711838074960e-06
4.726000000000000000e+03,1.240914684785821009e-06
4.727000000000000000e+03,1.240254732692847028e-06
4.728000000000000000e+03,1.239250195794738829e-06
4.729000000000000000e+03,1.238588652086036745e-06
4.730000000000000000e+03,1.237737137671501841e-06
4.731000000000000000e+03,1.237141191268165130e-06
4.732000000000000000e+03,1.236511820934538264e-06
4.733000000000000000e+03,1.235708396052359603e-06
4.734000000000000000e+03,1.234803562510933261e-06
4.735000000000000000e+03,1.234279352502198890e-06
4.736000000000000000e+03,1.233415559909190051e-06
4.737000000000000000e+03,1.232802901540708262e-06
4.738000000000000000e+03,1.231365445164556149e-06
4.739000000000000000e+03,1.229872736985271331e-06
4.740000000000000000e+03,1.230805423801939469e-06
4.741000000000000000e+03,1.229251779477635864e-06
4.742000000000000000e+03,1.228591486324148718e-06
4.743000000000000000e+03,1.228210521730943583e-06
4.744000000000000000e+03,1.227811821991053876e-06
4.745000000000000000e+03,1.227335019393649418e-06
4.746000000000000000e+03,1.226468157256022096e-06
4.747000000000000000e+03,1.226542394761054311e-06
4.748000000000000000e+03,1.226011818289407529e-06
4.749000000000000000e+03,1.225629603140987456e-06
4.750000000000000000e+03,1.224973743774171453e-06
4.751000000000000000e+03,1.224332322635746095e-06
4.752000000000000000e+03,1.223907588610018138e-06
4.753000000000000000e+03,1.223258891513978597e-06
4.754000000000000000e+03,1.222953301294182893e-06
4.755000000000000000e+03,1.222621222041198052e-06
4.756000000000000000e+03,1.222231844622001518e-06
4.757000000000000000e+03,1.222020614477514755e-06
4.758000000000000000e+03,1.221652155436458997e-06
4.759000000000000000e+03,1.221399770656717010e-06
4.760000000000000000e+03,1.221178422383673023e-06
4.761000000000000000e+03,1.220794047185336240e-06
4.762000000000000000e+03,1.221095430992136244e-06
4.763000000000000000e+03,1.220554509018256795e-06
4.764000000000000000e+03,1.220097715304291341e-06
4.765000000000000000e+03,1.219759269588394091e-06
4.766000000000000000e+03,1.219441173816449009e-06
4.767000000000000000e+03,1.219169007526943460e-06
4.768000000000000000e+03,1.218630586663493887e-06
4.769000000000000000e+03,1.218518605128338095e-06
4.770000000000000000e+03,1.217691192323400173e-06
4.771000000000000000e+03,1.217405610987043474e-06
4.772000000000000000e+03,1.216973373630025890e-06
4.773000000000000000e+03,1.216493160427489784e-06
4.774000000000000000e+03,1.216227474287734367e-06
4.775000000000000000e+03,1.215810470966971479e-06
4.776000000000000000e+03,1.215644374497060198e-06
4.777000000000000000e+03,1.215249881170166191e-06
4.778000000000000000e+03,1.214952362715848722e-06
4.779000000000000000e+03,1.214501025970093906e-06
4.780000000000000000e+03,1.214250914927106351e-06
4.781000000000000000e+03,1.214186113429605030e-06
4.782000000000000000e+03,1.213878817907243501e-06
4.783000000000000000e+03,1.213699420077318791e-06
4.784000000000000000e+03,1.213449650094844401e-06
4.785000000000000000e+03,1.213216592077515088e-06
4.786000000000000000e+03,1.212810161632660311e-06
4.787000000000000000e+03,1.212441361531091388e-06
4.788000000000000000e+03,1.212025608765543438e-06
4.789000000000000000e+03,1.211515495924686547e-06
4.790000000000000000e+03,1.211281073665304575e-06
4.791000000000000000e+03,1.211028916259238031e-06
4.792000000000000000e+03,1.210538812301820144e-06
4.793000000000000000e+03,1.210235950566129759e-06
4.794000000000000000e+03,1.209450260830635671e-06
4.795000000000000000e+03,1.209548372571589425e-06
4.796000000000000000e+03,1.209107381328067277e-06
4.797000000000000000e+03,1.208672415486944374e-06
4.798000000000000000e+03,1.208364778904069681e-06
4.799000000000000000e+03,1.208041908284940291e-06
4.800000000000000000e+03,1.207393097502063029e-06
4.801000000000000000e+03,1.208949470310471952e-06
4.802000000000000000e+03,1.207044874718121719e-06
4.803000000000000000e+03,1.206328761327313259e-06
4.804000000000000000e+03,1.205800458592420910e-06
4.805000000000000000e+03,1.205578655572026037e-06
4.806000000000000000e+03,1.205070702781085856e-06
4.807000000000000000e+03,1.204798081744229421e-06
4.808000000000000000e+03,1.204401769427931868e-06
4.809000000000000000e+03,1.203949409500637557e-06
4.810000000000000000e+03,1.203747274303168524e-06
4.811000000000000000e+03,1.203080500999931246e-06
4.812000000000000000e+03,1.202833800562075339e-06
4.813000000000000000e+03,1.202449766424251720e-06
4.814000000000000000e+03,1.201881673296156805e-06
4.815000000000000000e+03,1.201861778099555522e-06
4.816000000000000000e+03,1.201512873194587883e-06
4.817000000000000000e+03,1.201095415126474109e-06
4.818000000000000000e+03,1.200747533403045963e-06
4.819000000000000000e+03,1.200348037855292205e-06
4.820000000000000000e+03,1.200092697217769455e-06
4.821000000000000000e+03,1.199679104502138216e-06
4.822000000000000000e+03,1.199432290377444588e-06
4.823000000000000000e+03,1.199111579808231909e-06
4.824000000000000000e+03,1.198469476548780221e-06
4.825000000000000000e+03,1.198660584122990258e-06
4.826000000000000000e+03,1.198158201987098437e-06
4.827000000000000000e+03,1.197444476019882131e-06
4.828000000000000000e+03,1.196786570289987139e-06
4.829000000000000000e+03,1.196157882077386603e-06
4.830000000000000000e+03,1.195697905131964944e-06
4.831000000000000000e+03,1.195429035760753322e-06
4.832000000000000000e+03,1.195256686514767352e-06
4.833000000000000000e+03,1.194822743855183944e-06
4.834000000000000000e+03,1.194209971799864434e-06
4.835000000000000000e+03,1.193532625620719045e-06
4.836000000000000000e+03,1.192842887576262001e-06
4.837000000000000000e+03,1.192355853163462598e-06
4.838000000000000000e+03,1.191798560284951236e-06
4.839000000000000000e+03,1.192024114970990922e-06
4.840000000000000000e+03,1.191518094856292009e-06
4.841000000000000000e+03,1.191131559608038515e-06
4.842000000000000000e+03,1.190373495774110779e-06
4.843000000000000000e+03,1.189773570331453811e-06
4.844000000000000000e+03,1.188674559671198949e-06
4.845000000000000000e+03,1.189266185974702239e-06
4.846000000000000000e+03,1.188310648103652056e-06
4.847000000000000000e+03,1.187886596198950429e-06
4.848000000000000000e+03,1.187574525829404593e-06
4.849000000000000000e+03,1.187284851766889915e-06
4.850000000000000000e+03,1.186845679512771312e-06
4.851000000000000000e+03,1.186376380246656481e-06
4.852000000000000000e+03,1.186162762678577565e-06
4.853000000000000000e+03,1.185813630399934482e-06
4.854000000000000000e+03,1.185954033644520678e-06
4.855000000000000000e+03,1.185550672744284384e-06
4.856000000000000000e+03,1.185038172479835339e-06
4.857000000000000000e+03,1.184704387924284674e-06
4.858000000000000000e+03,1.184274765364534687e-06
4.859000000000000000e+03,1.183904714707750827e-06
4.860000000000000000e+03,1.183423137263162062e-06
4.861000000000000000e+03,1.183057975140400231e-06
4.862000000000000000e+03,1.182653477371786721e-06
4.863000000000000000e+03,1.182185656034562271e-06
4.864000000000000000e+03,1.182227038043492939e-06
4.865000000000000000e+03,1.181864718091674149e-06
4.866000000000000000e+03,1.181406901196169201e-06
4.867000000000000000e+03,1.181117681881005410e-06
4.868000000000000000e+03,1.180742174256010912e-06
4.869000000000000000e+03,1.180057324745575897e-06
4.870000000000000000e+03,1.181497395918995608e-06
4.871000000000000000e+03,1.179818241325847339e-06
4.872000000000000000e+03,1.179228206638072152e-06
4.873000000000000000e+03,1.178736624751763884e-06
4.874000000000000000e+03,1.178544721369689796e-06
4.875000000000000000e+03,1.178107254418137018e-06
4.876000000000000000e+03,1.177883746095176321e-06
4.877000000000000000e+03,1.177480612568615470e-06
4.878000000000000000e+03,1.176992668661114294e-06
4.879000000000000000e+03,1.176532123281504028e-06
4.880000000000000000e+03,1.176431055682769511e-06
4.881000000000000000e+03,1.176168780148145743e-06
4.882000000000000000e+03,1.175996430902159773e-06
4.883000000000000000e+03,1.175773377326549962e-06
4.884000000000000000e+03,1.175373654405120760e-06
4.885000000000000000e+03,1.175634338324016426e-06
4.886000000000000000e+03,1.175102624983992428e-06
4.887000000000000000e+03,1.174570229522942100e-06
4.888000000000000000e+03,1.174250883195782080e-06
4.889000000000000000e+03,1.173984060187649447e-06
4.890000000000000000e+03,1.173769533124868758e-06
4.891000000000000000e+03,1.173454847958055325e-06
4.892000000000000000e+03,1.173164832835027482e-06
4.893000000000000000e+03,1.172835595752985682e-06
4.894000000000000000e+03,1.172414386019227095e-06
4.895000000000000000e+03,1.172032170870807022e-06
4.896000000000000000e+03,1.171646999864606187e-06
4.897000000000000000e+03,1.171337089544977061e-06
4.898000000000000000e+03,1.171017288470466156e-06
4.899000000000000000e+03,1.170721134258201346e-06
4.900000000000000000e+03,1.170428276964230463e-06
4.901000000000000000e+03,1.169895199382153805e-06
4.902000000000000000e+03,1.169464553640864324e-06
4.903000000000000000e+03,1.169055735772417393e-06
4.904000000000000000e+03,1.168675908047589473e-06
4.905000000000000000e+03,1.168292556030792184e-06
4.906000000000000000e+03,1.168196945400268305e-06
4.907000000000000000e+03,1.167585992334352341e-06
4.908000000000000000e+03,1.167323830486566294e-06
4.909000000000000000e+03,1.167071104646311142e-06
4.910000000000000000e+03,1.166866468338412233e-06
4.911000000000000000e+03,1.166236756944272202e-06
4.912000000000000000e+03,1.166140805253235158e-06
4.913000000000000000e+03,1.165568278338469099e-06
4.914000000000000000e+03,1.165372623290750198e-06
4.915000000000000000e+03,1.165015987680817489e-06
4.916000000000000000e+03,1.164623995464353357e-06
4.917000000000000000e+03,1.164075001724995673e-06
4.918000000000000000e+03,1.163580463980906643e-06
4.919000000000000000e+03,1.163007709692465141e-06
4.920000000000000000e+03,1.163001343229552731e-06
4.921000000000000000e+03,1.162741000371170230e-06
4.922000000000000000e+03,1.162408807431347668e-06
4.923000000000000000e+03,1.161908357971697114e-06
4.924000000000000000e+03,1.161649493042204995e-06
4.925000000000000000e+03,1.160956685453129467e-06
4.926000000000000000e+03,1.160875171990483068e-06
4.927000000000000000e+03,1.160036163128097542e-06
4.928000000000000000e+03,1.159643488790607080e-06
4.929000000000000000e+03,1.159249563897901680e-06
4.930000000000000000e+03,1.158847680926555768e-06
4.931000000000000000e+03,1.158283566837781109e-06
4.932000000000000000e+03,1.157835299636644777e-06
4.933000000000000000e+03,1.157228325610049069e-06
4.934000000000000000e+03,1.156793700829439331e-06
4.935000000000000000e+03,1.156470034402445890e-06
4.936000000000000000e+03,1.155874087999109179e-06
4.937000000000000000e+03,1.155348854808835313e-06
4.938000000000000000e+03,1.154559754468209576e-06
4.939000000000000000e+03,1.153913672169437632e-06
4.940000000000000000e+03,1.153456651081796736e-06
4.941000000000000000e+03,1.152961885964032263e-06
4.942000000000000000e+03,1.152649360847135540e-06
4.943000000000000000e+03,1.152248159996815957e-06
4.944000000000000000e+03,1.151809556176885962e-06
4.945000000000000000e+03,1.151581159319903236e-06
4.946000000000000000e+03,1.150869138655252755e-06
4.947000000000000000e+03,1.150599814536690246e-06
4.948000000000000000e+03,1.149998752225656062e-06
4.949000000000000000e+03,1.149767626884568017e-06
4.950000000000000000e+03,1.149444074144412298e-06
4.951000000000000000e+03,1.149201239059038926e-06
4.952000000000000000e+03,1.148619844570930582e-06
4.953000000000000000e+03,1.148256160377059132e-06
4.954000000000000000e+03,1.148051410382322501e-06
4.955000000000000000e+03,1.147768784903746564e-06
4.956000000000000000e+03,1.146944782703940291e-06
4.957000000000000000e+03,1.146289378084475175e-06
4.958000000000000000e+03,1.145698661275673658e-06
4.959000000000000000e+03,1.145344413089333102e-06
4.960000000000000000e+03,1.144977886724518612e-06
4.961000000000000000e+03,1.145669671132054646e-06
4.962000000000000000e+03,1.144683324127981905e-06
4.963000000000000000e+03,1.144031443800486159e-06
4.964000000000000000e+03,1.143725853580690455e-06
4.965000000000000000e+03,1.143091367339366116e-06
4.966000000000000000e+03,1.142411520049790852e-06
4.967000000000000000e+03,1.143261783909110818e-06
4.968000000000000000e+03,1.142096152761951089e-06
4.969000000000000000e+03,1.141554889727558475e-06
4.970000000000000000e+03,1.141271809501631651e-06
4.971000000000000000e+03,1.140950644185068086e-06
4.972000000000000000e+03,1.140543986366537865e-06
4.973000000000000000e+03,1.140083440986927599e-06
4.974000000000000000e+03,1.139748064815648831e-06
4.975000000000000000e+03,1.139337882705149241e-06
4.976000000000000000e+03,1.139218966272892430e-06
4.977000000000000000e+03,1.138755351348663680e-06
4.978000000000000000e+03,1.138448396886815317e-06
4.979000000000000000e+03,1.138180550697143190e-06
4.980000000000000000e+03,1.137722620114800520e-06
4.981000000000000000e+03,1.136935111389902886e-06
4.982000000000000000e+03,1.137167146225692704e-06
4.983000000000000000e+03,1.136447849603428040e-06
4.984000000000000000e+03,1.135855427492060699e-06
4.985000000000000000e+03,1.135356114900787361e-06
4.986000000000000000e+03,1.134996409746236168e-06
4.987000000000000000e+03,1.134542799263726920e-06
4.988000000000000000e+03,1.134081003328901716e-06
4.989000000000000000e+03,1.133657747232064139e-06
4.990000000000000000e+03,1.133344994741491973e-06
4.991000000000000000e+03,1.132943339143821504e-06
4.992000000000000000e+03,1.132583975049783476e-06
4.993000000000000000e+03,1.132314309870707802e-06
4.994000000000000000e+03,1.131798626374802552e-06
4.995000000000000000e+03,1.131091494244174100e-06
4.996000000000000000e+03,1.130501914303749800e-06
4.997000000000000000e+03,1.129981342273822520e-06
4.998000000000000000e+03,1.129541601585515309e-06
4.999000000000000000e+03,1.129153133661020547e-06
5.000000000000000000e+03,1.128467943090072367e-06
5.001000000000000000e+03,1.127546624957176391e-06
5.002000000000000000e+03,1.126971028497791849e-06
5.003000000000000000e+03,1.126183178712381050e-06
5.004000000000000000e+03,1.125801645684987307e-06
5.005000000000000000e+03,1.125454787143098656e-06
5.006000000000000000e+03,1.125180233430000953e-06
5.007000000000000000e+03,1.124866457757889293e-06
5.008000000000000000e+03,1.124402160712634213e-06
5.009000000000000000e+03,1.123939227909431793e-06
5.010000000000000000e+03,1.123199695030052681e-06
5.011000000000000000e+03,1.122578510148741771e-06
5.012000000000000000e+03,1.122061235037108418e-06
5.013000000000000000e+03,1.121759396482957527e-06
5.014000000000000000e+03,1.121538844017777592e-06
5.015000000000000000e+03,1.121221885114209726e-06
5.016000000000000000e+03,1.120967226597713307e-06
5.017000000000000000e+03,1.120298406931397039e-06
5.018000000000000000e+03,1.120071146942791529e-06
5.019000000000000000e+03,1.119764874601969495e-06
5.020000000000000000e+03,1.119324565479473677e-06
5.021000000000000000e+03,1.118533305088931229e-06
5.022000000000000000e+03,1.119090029533253983e-06
5.023000000000000000e+03,1.118219756790495012e-06
5.024000000000000000e+03,1.117803208217083011e-06
5.025000000000000000e+03,1.117432361752435099e-06
5.026000000000000000e+03,1.117005808737303596e-06
5.027000000000000000e+03,1.116336193263123278e-06
5.028000000000000000e+03,1.116836642722773831e-06
5.029000000000000000e+03,1.115969894271984231e-06
5.030000000000000000e+03,1.115461259360017721e-06
5.031000000000000000e+03,1.115069380830391310e-06
5.032000000000000000e+03,1.114685687753080856e-06
5.033000000000000000e+03,1.114104520638647955e-06
5.034000000000000000e+03,1.113727876145276241e-06
5.035000000000000000e+03,1.113136022468097508e-06
5.036000000000000000e+03,1.112714016926474869e-06
5.037000000000000000e+03,1.112284166993049439e-06
5.038000000000000000e+03,1.112502786781988107e-06
5.039000000000000000e+03,1.111954247789981309e-06
5.040000000000000000e+03,1.111482333726598881e-06
5.041000000000000000e+03,1.111091364691674244e-06
5.042000000000000000e+03,1.110712105401034933e-06
5.043000000000000000e+03,1.110341031562711578e-06
5.044000000000000000e+03,1.109913227992365137e-06
5.045000000000000000e+03,1.109295112655672710e-06
5.046000000000000000e+03,1.109059098780562636e-06
5.047000000000000000e+03,1.108703258978493977e-06
5.048000000000000000e+03,1.108400851990154479e-06
5.049000000000000000e+03,1.108028300222940743e-06
5.050000000000000000e+03,1.107471234718104824e-06
5.051000000000000000e+03,1.106668378270114772e-06
5.052000000000000000e+03,1.107836283154028933e-06
5.053000000000000000e+03,1.106312197407532949e-06
5.054000000000000000e+03,1.105871092477173079e-06
5.055000000000000000e+03,1.105495130104827695e-06
5.056000000000000000e+03,1.105060619011055678e-06
5.057000000000000000e+03,1.104749571823049337e-06
5.058000000000000000e+03,1.104194438994454686e-06
5.059000000000000000e+03,1.103926820178458001e-06
5.060000000000000000e+03,1.103645217881421559e-06
5.061000000000000000e+03,1.103179897654626984e-06
5.062000000000000000e+03,1.104480588764999993e-06
5.063000000000000000e+03,1.102971623367920984e-06
5.064000000000000000e+03,1.102361125049355906e-06
5.065000000000000000e+03,1.101869884223560803e-06
5.066000000000000000e+03,1.101326802199764643e-06
5.067000000000000000e+03,1.100790541386231780e-06
5.068000000000000000e+03,1.100683903132448904e-06
5.069000000000000000e+03,1.099872292797954287e-06
5.070000000000000000e+03,1.099624341804883443e-06
5.071000000000000000e+03,1.099186420105979778e-06
5.072000000000000000e+03,1.098641746466455515e-06
5.073000000000000000e+03,1.098074449146224651e-06
5.074000000000000000e+03,1.098513621400343254e-06
5.075000000000000000e+03,1.097820927498105448e-06
5.076000000000000000e+03,1.097459062293637544e-06
5.077000000000000000e+03,1.097236918212729506e-06
5.078000000000000000e+03,1.096797404898097739e-06
5.079000000000000000e+03,1.096080040952074341e-06
5.080000000000000000e+03,1.096737491934618447e-06
5.081000000000000000e+03,1.095741481549339369e-06
5.082000000000000000e+03,1.095270363293820992e-06
5.083000000000000000e+03,1.094802541956596542e-06
5.084000000000000000e+03,1.094098593057424296e-06
5.085000000000000000e+03,1.093120431505667511e-06
5.086000000000000000e+03,1.093574269361852203e-06
5.087000000000000000e+03,1.092630100174574181e-06
5.088000000000000000e+03,1.091844865186430980e-06
5.089000000000000000e+03,1.091318949875130784e-06
5.090000000000000000e+03,1.090818273041804787e-06
5.091000000000000000e+03,1.090362275135703385e-06
5.092000000000000000e+03,1.089934357878519222e-06
5.093000000000000000e+03,1.089405600396275986e-06
5.094000000000000000e+03,1.089110355678712949e-06
5.095000000000000000e+03,1.088738031285174657e-06
5.096000000000000000e+03,1.088260432879906148e-06
5.097000000000000000e+03,1.088015437744616065e-06
5.098000000000000000e+03,1.087763735085900407e-06
5.099000000000000000e+03,1.086993847820849624e-06
5.100000000000000000e+03,1.086973043129546568e-06
5.101000000000000000e+03,1.086697579921747092e-06
5.102000000000000000e+03,1.086405404748802539e-06
5.103000000000000000e+03,1.085917460841301363e-06
5.104000000000000000e+03,1.085318444893346168e-06
5.105000000000000000e+03,1.084311065824294928e-06
5.106000000000000000e+03,1.084876089407771360e-06
5.107000000000000000e+03,1.084007521967578214e-06
5.108000000000000000e+03,1.083588017536385451e-06
5.109000000000000000e+03,1.083237179955176543e-06
5.110000000000000000e+03,1.082820858755439986e-06
5.111000000000000000e+03,1.082337121260934509e-06
5.112000000000000000e+03,1.081883851838938426e-06
5.113000000000000000e+03,1.081303366845531855e-06
5.114000000000000000e+03,1.080871584235865157e-06
5.115000000000000000e+03,1.080414790521899704e-06
5.116000000000000000e+03,1.079966523320763372e-06
5.117000000000000000e+03,1.079665366887638811e-06
5.118000000000000000e+03,1.079194134945282713e-06
5.119000000000000000e+03,1.078742116078501567e-06
5.120000000000000000e+03,1.082021185538906138e-06
5.121000000000000000e+03,1.078624222827784251e-06
5.122000000000000000e+03,1.078322043213120196e-06
5.123000000000000000e+03,1.077805677596188616e-06
5.124000000000000000e+03,1.077161641660495661e-06
5.125000000000000000e+03,1.076678699973854236e-06
5.126000000000000000e+03,1.076143121281347703e-06
5.127000000000000000e+03,1.076610601558058988e-06
5.128000000000000000e+03,1.075913587555987760e-06
5.129000000000000000e+03,1.075668706107535399e-06
5.130000000000000000e+03,1.075260342986439355e-06
5.131000000000000000e+03,1.074868123396299779e-06
5.132000000000000000e+03,1.074443048310058657e-06
5.133000000000000000e+03,1.074186343430483248e-06
5.134000000000000000e+03,1.073988187272334471e-06
5.135000000000000000e+03,1.073891894520784263e-06
5.136000000000000000e+03,1.073560724762501195e-06
5.137000000000000000e+03,1.072973759619344492e-06
5.138000000000000000e+03,1.074432248060475104e-06
5.139000000000000000e+03,1.072788222700182814e-06
5.140000000000000000e+03,1.072251279765623622e-06
5.141000000000000000e+03,1.071816768671851605e-06
5.142000000000000000e+03,1.071159317689307500e-06
5.143000000000000000e+03,1.070567918759479653e-06
5.144000000000000000e+03,1.069522454599791672e-06
5.145000000000000000e+03,1.071054498424928170e-06
5.146000000000000000e+03,1.069091354111151304e-06
5.147000000000000000e+03,1.068578853846702259e-06
5.148000000000000000e+03,1.068234723788918927e-06
5.149000000000000000e+03,1.067862854142731521e-06
5.150000000000000000e+03,1.067348534888878930e-06
5.151000000000000000e+03,1.066799654836358968e-06
5.152000000000000000e+03,1.066506683855550364e-06
5.153000000000000000e+03,1.066164827534521464e-06
5.154000000000000000e+03,1.066018398887536023e-06
5.155000000000000000e+03,1.065443825609690975e-06
5.156000000000000000e+03,1.065132209987496026e-06
5.157000000000000000e+03,1.064703383235610090e-06
5.158000000000000000e+03,1.064199295797152445e-06
5.159000000000000000e+03,1.063727609107445460e-06
5.160000000000000000e+03,1.063541390067257453e-06
5.161000000000000000e+03,1.062780029315035790e-06
5.162000000000000000e+03,1.062330738932359964e-06
5.163000000000000000e+03,1.061896796272776555e-06
5.164000000000000000e+03,1.061284137904294766e-06
5.165000000000000000e+03,1.060266072272497695e-06
5.166000000000000000e+03,1.060142722053569742e-06
5.167000000000000000e+03,1.059449004969792441e-06
5.168000000000000000e+03,1.059299506778188515e-06
5.169000000000000000e+03,1.058953444044163916e-06
5.170000000000000000e+03,1.058404677678481676e-06
5.171000000000000000e+03,1.057566464623960201e-06
5.172000000000000000e+03,1.057783379110333044e-06
5.173000000000000000e+03,1.057038502949581016e-06
5.174000000000000000e+03,1.056401401910989080e-06
5.175000000000000000e+03,1.055960638041142374e-06
5.176000000000000000e+03,1.055838197316916194e-06
5.177000000000000000e+03,1.055404595717845950e-06
5.178000000000000000e+03,1.055125494531239383e-06
5.179000000000000000e+03,1.054896642926905770e-06
5.180000000000000000e+03,1.054626864060992375e-06
5.181000000000000000e+03,1.054214635587413795e-06
5.182000000000000000e+03,1.053866185429797042e-06
5.183000000000000000e+03,1.053574806064716540e-06
5.184000000000000000e+03,1.053381311066914350e-06
5.185000000000000000e+03,1.053117216542887036e-06
5.186000000000000000e+03,1.052741481544217095e-06
5.187000000000000000e+03,1.052500692821922712e-06
5.188000000000000000e+03,1.052273660206992645e-06
5.189000000000000000e+03,1.052065613293962087e-06
5.190000000000000000e+03,1.051591539180662949e-06
5.191000000000000000e+03,1.051141907737473957e-06
5.192000000000000000e+03,1.050617811415577307e-06
5.193000000000000000e+03,1.050267883329070173e-06
5.194000000000000000e+03,1.050027321980451234e-06
5.195000000000000000e+03,1.049672619046759792e-06
5.196000000000000000e+03,1.049474235514935572e-06
5.197000000000000000e+03,1.049076445269747637e-06
5.198000000000000000e+03,1.048647391144186258e-06
5.199000000000000000e+03,1.047794171427085530e-06
5.200000000000000000e+03,1.047681166710390244e-06
5.201000000000000000e+03,1.047006662702187896e-06
5.202000000000000000e+03,1.046793386194622144e-06
5.203000000000000000e+03,1.046359329848201014e-06
5.204000000000000000e+03,1.045990529746632092e-06
5.205000000000000000e+03,1.045582962433400098e-06
5.206000000000000000e+03,1.045257249643327668e-06
5.207000000000000000e+03,1.045031467583612539e-06
5.208000000000000000e+03,1.044644136527494993e-06
5.209000000000000000e+03,1.043878683049115352e-06
5.210000000000000000e+03,1.043405859491031151e-06
5.211000000000000000e+03,1.042828330355405342e-06
5.212000000000000000e+03,1.042516714733210392e-06
5.213000000000000000e+03,1.042100961967662442e-06
5.214000000000000000e+03,1.041667587742267642e-06
5.215000000000000000e+03,1.041153495862090494e-06
5.216000000000000000e+03,1.040862457557523157e-06
5.217000000000000000e+03,1.040465917867550161e-06
5.218000000000000000e+03,1.040109054883942008e-06
5.219000000000000000e+03,1.040139750330126844e-06
5.220000000000000000e+03,1.039902713273477275e-06
5.221000000000000000e+03,1.039554263115860522e-06
5.222000000000000000e+03,1.039401354319124948e-06
5.223000000000000000e+03,1.039005837810691446e-06
5.224000000000000000e+03,1.038459458868601359e-06
5.225000000000000000e+03,1.038059963320847601e-06
5.226000000000000000e+03,1.037401716530439444e-06
5.227000000000000000e+03,1.037121933222806547e-06
5.228000000000000000e+03,1.036851472235866822e-06
5.229000000000000000e+03,1.036386038322234526e-06
5.230000000000000000e+03,1.036028606904437765e-06
5.231000000000000000e+03,1.035608761412731837e-06
5.232000000000000000e+03,1.035345917443919461e-06
5.233000000000000000e+03,1.034989054460311309e-06
5.234000000000000000e+03,1.034224396789795719e-06
5.235000000000000000e+03,1.036365802065120079e-06
5.236000000000000000e+03,1.034071942740411032e-06
5.237000000000000000e+03,1.033752369039575569e-06
5.238000000000000000e+03,1.033529315463965759e-06
5.239000000000000000e+03,1.033221678881091066e-06
5.240000000000000000e+03,1.032770569509011693e-06
5.241000000000000000e+03,1.034460410664905794e-06
5.242000000000000000e+03,1.032652107824105769e-06
5.243000000000000000e+03,1.032300815495545976e-06
5.244000000000000000e+03,1.031951569530065171e-06
5.245000000000000000e+03,1.031329702527727932e-06
5.246000000000000000e+03,1.030855401040753350e-06
5.247000000000000000e+03,1.030359953801962547e-06
5.248000000000000000e+03,1.029973191180033609e-06
5.249000000000000000e+03,1.029632244353706483e-06
5.250000000000000000e+03,1.029285840559168719e-06
5.251000000000000000e+03,1.028678752845735289e-06
5.252000000000000000e+03,1.028449446494050790e-06
5.253000000000000000e+03,1.027879079629201442e-06
5.254000000000000000e+03,1.027637949846393894e-06
5.255000000000000000e+03,1.027309849632729311e-06
5.256000000000000000e+03,1.026746986099169590e-06
5.257000000000000000e+03,1.026193899633653928e-06
5.258000000000000000e+03,1.025471647153608501e-06
5.259000000000000000e+03,1.025107167151873000e-06
5.260000000000000000e+03,1.024812036121147685e-06
5.261000000000000000e+03,1.024509856506483629e-06
5.262000000000000000e+03,1.024099447022308595e-06
5.263000000000000000e+03,1.023824324875022285e-06
5.264000000000000000e+03,1.023321374304941855e-06
5.265000000000000000e+03,1.023051368065353017e-06
5.266000000000000000e+03,1.022553988150320947e-06
5.267000000000000000e+03,1.022069568534789141e-06
5.268000000000000000e+03,1.021905518427956849e-06
5.269000000000000000e+03,1.021263415168505162e-06
5.270000000000000000e+03,1.021004095491662156e-06
5.271000000000000000e+03,1.020659396999690216e-06
5.272000000000000000e+03,1.020172362586890813e-06
5.273000000000000000e+03,1.019712385641469155e-06
5.274000000000000000e+03,1.019319483930303250e-06
5.275000000000000000e+03,1.019035835270187818e-06
5.276000000000000000e+03,1.018684542941628024e-06
5.277000000000000000e+03,1.017978888739889953e-06
5.278000000000000000e+03,1.017353724819258787e-06
5.279000000000000000e+03,1.016702185552276205e-06
5.280000000000000000e+03,1.016438886836112943e-06
5.281000000000000000e+03,1.015967541206919122e-06
5.282000000000000000e+03,1.015719590213848278e-06
5.283000000000000000e+03,1.015479256238904782e-06
5.284000000000000000e+03,1.015094312606379390e-06
5.285000000000000000e+03,1.015308839669160079e-06
5.286000000000000000e+03,1.014901840790116694e-06
5.287000000000000000e+03,1.014480972116871271e-06
5.288000000000000000e+03,1.014077383842959534e-06
5.289000000000000000e+03,1.013634005175845232e-06
5.290000000000000000e+03,1.013780433822830673e-06
5.291000000000000000e+03,1.013480527944921050e-06
5.292000000000000000e+03,1.013261112348118331e-06
5.293000000000000000e+03,1.012941311273607425e-06
5.294000000000000000e+03,1.012547272694064304e-06
5.295000000000000000e+03,1.012068082673067693e-06
5.296000000000000000e+03,1.011555696095456369e-06
5.297000000000000000e+03,1.011121412375359796e-06
5.298000000000000000e+03,1.010341520668589510e-06
5.299000000000000000e+03,1.009804236673517153e-06
5.300000000000000000e+03,1.009313336908235215e-06
5.301000000000000000e+03,1.008445565275906119e-06
5.302000000000000000e+03,1.008268441182735842e-06
5.303000000000000000e+03,1.007935225061373785e-06
5.304000000000000000e+03,1.007543573905422818e-06
5.305000000000000000e+03,1.007114519779861439e-06
5.306000000000000000e+03,1.006832007988123223e-06
5.307000000000000000e+03,1.006573029371793382e-06
5.308000000000000000e+03,1.006144657367258333e-06
5.309000000000000000e+03,1.005225840344792232e-06
5.310000000000000000e+03,1.004632395051885396e-06
5.311000000000000000e+03,1.004140131044550799e-06
5.312000000000000000e+03,1.003554075396095868e-06
5.313000000000000000e+03,1.002982799036544748e-06
5.314000000000000000e+03,1.002473595690389629e-06
5.315000000000000000e+03,1.001873101813544054e-06
5.316000000000000000e+03,1.001580017145897727e-06
5.317000000000000000e+03,1.001197233563289046e-06
5.318000000000000000e+03,1.000592988020798657e-06
5.319000000000000000e+03,1.000685642793541774e-06
5.320000000000000000e+03,1.000175757326360326e-06
5.321000000000000000e+03,9.994660103984642774e-07
5.322000000000000000e+03,9.989493037210195325e-07
5.323000000000000000e+03,9.981537232306436636e-07
5.324000000000000000e+03,9.977781019188114442e-07
5.325000000000000000e+03,9.970790415536612272e-07
5.326000000000000000e+03,9.967710639102733694e-07
5.327000000000000000e+03,9.963890761355287395e-07
5.328000000000000000e+03,9.959436511053354479e-07
5.329000000000000000e+03,9.957889233191963285e-07
5.330000000000000000e+03,9.951008905773051083e-07
5.331000000000000000e+03,9.949085324478801340e-07
5.332000000000000000e+03,9.943115628630039282e-07
5.333000000000000000e+03,9.934443596648634411e-07
5.334000000000000000e+03,9.938366929418407381e-07
5.335000000000000000e+03,9.930402029567630962e-07
5.336000000000000000e+03,9.924435744324000552e-07
5.337000000000000000e+03,9.920199772750493139e-07
5.338000000000000000e+03,9.916043381963390857e-07
5.339000000000000000e+03,9.910581866279244423e-07
5.340000000000000000e+03,9.905097613227553666e-07
5.341000000000000000e+03,9.905976412483141758e-07
5.342000000000000000e+03,9.903167210723040625e-07
5.343000000000000000e+03,9.900388704409124330e-07
5.344000000000000000e+03,9.897016752802301198e-07
5.345000000000000000e+03,9.893568631014204584e-07
5.346000000000000000e+03,9.890294450087822042e-07
5.347000000000000000e+03,9.888264003166113980e-07
5.348000000000000000e+03,9.884150813377345912e-07
5.349000000000000000e+03,9.881255209620576352e-07
5.350000000000000000e+03,9.877239790512248874e-07
5.351000000000000000e+03,9.882263611871167086e-07
5.352000000000000000e+03,9.875890327748493291e-07
5.353000000000000000e+03,9.873198223431245424e-07
5.354000000000000000e+03,9.871259862848091871e-07
5.355000000000000000e+03,9.868120969258598052e-07
5.356000000000000000e+03,9.864613730314886197e-07
5.357000000000000000e+03,9.862488923317869194e-07
5.358000000000000000e+03,9.856535143626388162e-07
5.359000000000000000e+03,9.853913525148527697e-07
5.360000000000000000e+03,9.849615025814273395e-07
5.361000000000000000e+03,9.847133242146810517e-07
5.362000000000000000e+03,9.843394082054146565e-07
5.363000000000000000e+03,9.840845223152427934e-07
5.364000000000000000e+03,9.837674497248372063e-07
5.365000000000000000e+03,9.833170224737841636e-07
5.366000000000000000e+03,9.828310112425242551e-07
5.367000000000000000e+03,9.822221045396872796e-07
5.368000000000000000e+03,9.818975286179920658e-07
5.369000000000000000e+03,9.813659289648057893e-07
5.370000000000000000e+03,9.807292826735647395e-07
5.371000000000000000e+03,9.808250069909263402e-07
5.372000000000000000e+03,9.803137572816922329e-07
5.373000000000000000e+03,9.797493021324044093e-07
5.374000000000000000e+03,9.794023299036780372e-07
5.375000000000000000e+03,9.787622730073053390e-07
5.376000000000000000e+03,9.781233529793098569e-07
5.377000000000000000e+03,9.784321264305617660e-07
5.378000000000000000e+03,9.777395462151616812e-07
5.379000000000000000e+03,9.772818430064944550e-07
5.380000000000000000e+03,9.770317319635068998e-07
5.381000000000000000e+03,9.766253015186521225e-07
5.382000000000000000e+03,9.763067509993561544e-07
5.383000000000000000e+03,9.758839496498694643e-07
5.384000000000000000e+03,9.755376595421694219e-07
5.385000000000000000e+03,9.753073300089454278e-07
5.386000000000000000e+03,9.747609510668553412e-07
5.387000000000000000e+03,9.747504918777849525e-07
5.388000000000000000e+03,9.744237559061730281e-07
5.389000000000000000e+03,9.742075235408265144e-07
5.390000000000000000e+03,9.739006827658158727e-07
5.391000000000000000e+03,9.735888397699454799e-07
5.392000000000000000e+03,9.736583024277933873e-07
5.393000000000000000e+03,9.733960268931696191e-07
5.394000000000000000e+03,9.730445071909343824e-07
5.395000000000000000e+03,9.728581744639086537e-07
5.396000000000000000e+03,9.725800964588415809e-07
5.397000000000000000e+03,9.722402865008916706e-07
5.398000000000000000e+03,9.725313248054590076e-07
5.399000000000000000e+03,9.720565685711335391e-07
5.400000000000000000e+03,9.716569593365420587e-07
5.401000000000000000e+03,9.714484576761606149e-07
5.402000000000000000e+03,9.711760640129796229e-07
5.403000000000000000e+03,9.708525112728239037e-07
5.404000000000000000e+03,9.704873491500620730e-07
5.405000000000000000e+03,9.698512712930096313e-07
5.406000000000000000e+03,9.697084806248312816e-07
5.407000000000000000e+03,9.692948879092000425e-07
5.408000000000000000e+03,9.691356126495520584e-07
5.409000000000000000e+03,9.688801583251915872e-07
5.410000000000000000e+03,9.690733122624806128e-07
5.411000000000000000e+03,9.687360034149605781e-07
5.412000000000000000e+03,9.684966926215565763e-07
5.413000000000000000e+03,9.681926940174889751e-07
5.414000000000000000e+03,9.679645245341816917e-07
5.415000000000000000e+03,9.676061836216831580e-07
5.416000000000000000e+03,9.670902727521024644e-07
5.417000000000000000e+03,9.668143547969521023e-07
5.418000000000000000e+03,9.663020819061785005e-07
5.419000000000000000e+03,9.660782325227046385e-07
5.420000000000000000e+03,9.657923101258347742e-07
5.421000000000000000e+03,9.652102335167001002e-07
5.422000000000000000e+03,9.649186267779441550e-07
5.423000000000000000e+03,9.640291409596102312e-07
5.424000000000000000e+03,9.636962658987613395e-07
5.425000000000000000e+03,9.631780812924262136e-07
5.426000000000000000e+03,9.628836323827272281e-07
5.427000000000000000e+03,9.625399570722947828e-07
5.428000000000000000e+03,9.621813887861208059e-07
5.429000000000000000e+03,9.618548801881843247e-07
5.430000000000000000e+03,9.610940878701512702e-07
5.431000000000000000e+03,9.605500963516533375e-07
5.432000000000000000e+03,9.599851864550146274e-07
5.433000000000000000e+03,9.596964218872017227e-07
5.434000000000000000e+03,9.594094763087923639e-07
5.435000000000000000e+03,9.596254813004634343e-07
5.436000000000000000e+03,9.591287835064576939e-07
5.437000000000000000e+03,9.586755140844616108e-07
5.438000000000000000e+03,9.583826567904907279e-07
5.439000000000000000e+03,9.578982371749589220e-07
5.440000000000000000e+03,9.579863444741931744e-07
5.441000000000000000e+03,9.576599495630944148e-07
5.442000000000000000e+03,9.574886234986479394e-07
5.443000000000000000e+03,9.572593171469634399e-07
5.444000000000000000e+03,9.570795782565255649e-07
5.445000000000000000e+03,9.568331051923451014e-07
5.446000000000000000e+03,9.564466836309293285e-07
5.447000000000000000e+03,9.561363185639493167e-07
5.448000000000000000e+03,9.556461009196937084e-07
5.449000000000000000e+03,9.551470157020958140e-07
5.450000000000000000e+03,9.545225339024909772e-07
5.451000000000000000e+03,9.541405461277463473e-07
5.452000000000000000e+03,9.537315008856239729e-07
5.453000000000000000e+03,9.533481488688266836e-07
5.454000000000000000e+03,9.528913551548612304e-07
5.455000000000000000e+03,9.524297865937114693e-07
5.456000000000000000e+03,9.522145774099044502e-07
5.457000000000000000e+03,9.518597039459564257e-07
5.458000000000000000e+03,9.511988423582806718e-07
5.459000000000000000e+03,9.508078164799371734e-07
5.460000000000000000e+03,9.503481805950286798e-07
5.461000000000000000e+03,9.501157478553068358e-07
5.462000000000000000e+03,9.498387498751981184e-07
5.463000000000000000e+03,9.494688129052519798e-07
5.464000000000000000e+03,9.495427661931898911e-07
5.465000000000000000e+03,9.491838568465027492e-07
5.466000000000000000e+03,9.489012882113456726e-07
5.467000000000000000e+03,9.486132057645590976e-07
5.468000000000000000e+03,9.483425174039439298e-07
5.469000000000000000e+03,9.479860523242678028e-07
5.470000000000000000e+03,9.475974138695164584e-07
5.471000000000000000e+03,9.471521025261608884e-07
5.472000000000000000e+03,9.467067911828053184e-07
5.473000000000000000e+03,9.461602417104586493e-07
5.474000000000000000e+03,9.455841905037232209e-07
5.475000000000000000e+03,9.453082725485728588e-07
5.476000000000000000e+03,9.449605613554012962e-07
5.477000000000000000e+03,9.446671356272418052e-07
5.478000000000000000e+03,9.442597388442663942e-07
5.479000000000000000e+03,9.436611776436620858e-07
5.480000000000000000e+03,9.441459383197070565e-07
5.481000000000000000e+03,9.433902619093714748e-07
5.482000000000000000e+03,9.428028988622827455e-07
5.483000000000000000e+03,9.422859079677436966e-07
5.484000000000000000e+03,9.417265687261533458e-07
5.485000000000000000e+03,9.413012094228179194e-07
5.486000000000000000e+03,9.409162089468736667e-07
5.487000000000000000e+03,9.403358944837236777e-07
5.488000000000000000e+03,9.397554094903171062e-07
5.489000000000000000e+03,9.391047797180362977e-07
5.490000000000000000e+03,9.386258170707151294e-07
5.491000000000000000e+03,9.379845096191274934e-07
5.492000000000000000e+03,9.377524179399188142e-07
5.493000000000000000e+03,9.370669999952951912e-07
5.494000000000000000e+03,9.366389122078544460e-07
5.495000000000000000e+03,9.361389743389736395e-07
5.496000000000000000e+03,9.358340662402042653e-07
5.497000000000000000e+03,9.354317285215074662e-07
5.498000000000000000e+03,9.351108474220382050e-07
5.499000000000000000e+03,9.349122365165385418e-07
5.500000000000000000e+03,9.347377272206358612e-07
5.501000000000000000e+03,9.343616511614527553e-07
5.502000000000000000e+03,9.340309361505205743e-07
5.503000000000000000e+03,9.337339292869728524e-07
5.504000000000000000e+03,9.333226671515149064e-07
5.505000000000000000e+03,9.327039265372150112e-07
5.506000000000000000e+03,9.323339895672688726e-07
5.507000000000000000e+03,9.318762295151827857e-07
5.508000000000000000e+03,9.315958209299424198e-07
5.509000000000000000e+03,9.315501188211783301e-07
5.510000000000000000e+03,9.313180271419696510e-07
5.511000000000000000e+03,9.311562507718917914e-07
5.512000000000000000e+03,9.309889605901844334e-07
5.513000000000000000e+03,9.307002528657903895e-07
5.514000000000000000e+03,9.305168191531265620e-07
5.515000000000000000e+03,9.297995688939408865e-07
5.516000000000000000e+03,9.295508220930059906e-07
5.517000000000000000e+03,9.293518701269931626e-07
5.518000000000000000e+03,9.290967000197269954e-07
5.519000000000000000e+03,9.288020237363525666e-07
5.520000000000000000e+03,9.285783448831352871e-07
5.521000000000000000e+03,9.283489816880319268e-07
5.522000000000000000e+03,9.279021924157859758e-07
5.523000000000000000e+03,9.274579610973887611e-07
5.524000000000000000e+03,9.268201210943516344e-07
5.525000000000000000e+03,9.268870826417696662e-07
5.526000000000000000e+03,9.265486369258724153e-07
5.527000000000000000e+03,9.261276545657892711e-07
5.528000000000000000e+03,9.258860700356308371e-07
5.529000000000000000e+03,9.255932695850788150e-07
5.530000000000000000e+03,9.255113013750815298e-07
5.531000000000000000e+03,9.250888410861080047e-07
5.532000000000000000e+03,9.249401955457869917e-07
5.533000000000000000e+03,9.247169145965017378e-07
5.534000000000000000e+03,9.244797638530144468e-07
5.535000000000000000e+03,9.241579164154245518e-07
5.536000000000000000e+03,9.237780886905966327e-07
5.537000000000000000e+03,9.233243076778308023e-07
5.538000000000000000e+03,9.229773922925232910e-07
5.539000000000000000e+03,9.240709459845675156e-07
5.540000000000000000e+03,9.227822488355741370e-07
5.541000000000000000e+03,9.224826271747588180e-07
5.542000000000000000e+03,9.221784580404346343e-07
5.543000000000000000e+03,9.218076115757867228e-07
5.544000000000000000e+03,9.215135037266009022e-07
5.545000000000000000e+03,9.212670875058392994e-07
5.546000000000000000e+03,9.209765039486228488e-07
5.547000000000000000e+03,9.207429343405237887e-07
5.548000000000000000e+03,9.201938269143283833e-07
5.549000000000000000e+03,9.206152640217624139e-07
5.550000000000000000e+03,9.198836892210238148e-07
5.551000000000000000e+03,9.195134111905645113e-07
5.552000000000000000e+03,9.190960668092884589e-07
5.553000000000000000e+03,9.187741056848608423e-07
5.554000000000000000e+03,9.184483360513695516e-07
5.555000000000000000e+03,9.181842983707610983e-07
5.556000000000000000e+03,9.179474886877869722e-07
5.557000000000000000e+03,9.177419428851862904e-07
5.558000000000000000e+03,9.175632840197067708e-07
5.559000000000000000e+03,9.171416763820161577e-07
5.560000000000000000e+03,9.169747272608219646e-07
5.561000000000000000e+03,9.163877052742464002e-07
5.562000000000000000e+03,9.159504656963690650e-07
5.563000000000000000e+03,9.154116469289874658e-07
5.564000000000000000e+03,9.151183917310845573e-07
5.565000000000000000e+03,9.148286608251510188e-07
5.566000000000000000e+03,9.144351906797965057e-07
5.567000000000000000e+03,9.139722010331752244e-07
5.568000000000000000e+03,9.135230243373371195e-07
5.569000000000000000e+03,9.130952207669906784e-07
5.570000000000000000e+03,9.133106004810542800e-07
5.571000000000000000e+03,9.129114459938136861e-07
5.572000000000000000e+03,9.127139151132723782e-07
5.573000000000000000e+03,9.121296784542209934e-07
5.574000000000000000e+03,9.117980539485870395e-07
5.575000000000000000e+03,9.115169063989014830e-07
5.576000000000000000e+03,9.111909093917347491e-07
5.577000000000000000e+03,9.110240171139594167e-07
5.578000000000000000e+03,9.107726555157569237e-07
5.579000000000000000e+03,9.104989544539421331e-07
5.580000000000000000e+03,9.100909323933592532e-07
5.581000000000000000e+03,9.099263706957572140e-07
5.582000000000000000e+03,9.094018764699285384e-07
5.583000000000000000e+03,9.091602919397701044e-07
5.584000000000000000e+03,9.088852266359026544e-07
5.585000000000000000e+03,9.084984640139737166e-07
5.586000000000000000e+03,9.082467045118391979e-07
5.587000000000000000e+03,9.077152185454906430e-07
5.588000000000000000e+03,9.074786930796108209e-07
5.589000000000000000e+03,9.068524491340212990e-07
5.590000000000000000e+03,9.065468020708067343e-07
5.591000000000000000e+03,9.061720902536762878e-07
5.592000000000000000e+03,9.059031640390458051e-07
5.593000000000000000e+03,9.057221177499741316e-07
5.594000000000000000e+03,9.055452210304792970e-07
5.595000000000000000e+03,9.051095730683300644e-07
5.596000000000000000e+03,9.048912943399045616e-07
5.597000000000000000e+03,9.046653985933517106e-07
5.598000000000000000e+03,9.043731665769882966e-07
5.599000000000000000e+03,9.041451107805187348e-07
5.600000000000000000e+03,9.036594974531908520e-07
5.601000000000000000e+03,9.034611139213666320e-07
5.602000000000000000e+03,9.028030376612150576e-07
5.603000000000000000e+03,9.024041673910687678e-07
5.604000000000000000e+03,9.021764526551123708e-07
5.605000000000000000e+03,9.019246363095589913e-07
5.606000000000000000e+03,9.016573585540754721e-07
5.607000000000000000e+03,9.013140811475750525e-07
5.608000000000000000e+03,9.008448387248790823e-07
5.609000000000000000e+03,9.004837124848563690e-07
5.610000000000000000e+03,9.002337151287065353e-07
5.611000000000000000e+03,9.000634122457995545e-07
5.612000000000000000e+03,8.998761700240720529e-07
5.613000000000000000e+03,8.996273663797182962e-07
5.614000000000000000e+03,8.993088158604223281e-07
5.615000000000000000e+03,8.988579907054372597e-07
5.616000000000000000e+03,8.985268777905730531e-07
5.617000000000000000e+03,8.981112387118628249e-07
5.618000000000000000e+03,8.979229164651769679e-07
5.619000000000000000e+03,8.977251013675413560e-07
5.620000000000000000e+03,8.973987632998614572e-07
5.621000000000000000e+03,8.970970952759671491e-07
5.622000000000000000e+03,8.968179940893605817e-07
5.623000000000000000e+03,8.965607776190154254e-07
5.624000000000000000e+03,8.962703077486366965e-07
5.625000000000000000e+03,8.961208095570327714e-07
5.626000000000000000e+03,8.957275099419348408e-07
5.627000000000000000e+03,8.954793884186074138e-07
5.628000000000000000e+03,8.950663641371647827e-07
5.629000000000000000e+03,8.945980880525894463e-07
5.630000000000000000e+03,8.943799798544205260e-07
5.631000000000000000e+03,8.941226496972376481e-07
5.632000000000000000e+03,8.937886946114304010e-07
5.633000000000000000e+03,8.929852128858328797e-07
5.634000000000000000e+03,8.965034226093848702e-07
5.635000000000000000e+03,8.927829640015261248e-07
5.636000000000000000e+03,8.923800010052218568e-07
5.637000000000000000e+03,8.920786171984218527e-07
5.638000000000000000e+03,8.916939577829907648e-07
5.639000000000000000e+03,8.914274189919524360e-07
5.640000000000000000e+03,8.910633368941489607e-07
5.641000000000000000e+03,8.908030508791853208e-07
5.642000000000000000e+03,8.905515187507262453e-07
5.643000000000000000e+03,8.901699288799136411e-07
5.644000000000000000e+03,8.898932719603180885e-07
5.645000000000000000e+03,8.893746894500509370e-07
5.646000000000000000e+03,8.891177571968000848e-07
5.647000000000000000e+03,8.888075058166577946e-07
5.648000000000000000e+03,8.883164923645381350e-07
5.649000000000000000e+03,8.877992740963236429e-07
5.650000000000000000e+03,8.874885679688304663e-07
5.651000000000000000e+03,8.872207217791583389e-07
5.652000000000000000e+03,8.870223382473341189e-07
5.653000000000000000e+03,8.866969665177748539e-07
5.654000000000000000e+03,8.863197535902145319e-07
5.655000000000000000e+03,8.858182241056056228e-07
5.656000000000000000e+03,8.854839279592852108e-07
5.657000000000000000e+03,8.851195616443874314e-07
5.658000000000000000e+03,8.848356287671776954e-07
5.659000000000000000e+03,8.844468766255886294e-07
5.660000000000000000e+03,8.839944598548754584e-07
5.661000000000000000e+03,8.837873224365466740e-07
5.662000000000000000e+03,8.833978313305124175e-07
5.663000000000000000e+03,8.832214462017873302e-07
5.664000000000000000e+03,8.828745308164798189e-07
5.665000000000000000e+03,8.827334454508672934e-07
5.666000000000000000e+03,8.825155646263738163e-07
5.667000000000000000e+03,8.820729249237047043e-07
5.668000000000000000e+03,8.813246950012398884e-07
5.669000000000000000e+03,8.811443876766134053e-07
5.670000000000000000e+03,8.802651336736744270e-07
5.671000000000000000e+03,8.799230499789700843e-07
5.672000000000000000e+03,8.795602184363815468e-07
5.673000000000000000e+03,8.791727168500074185e-07
5.674000000000000000e+03,8.788603622633672785e-07
5.675000000000000000e+03,8.786322496234788559e-07
5.676000000000000000e+03,8.783796943134802859e-07
5.677000000000000000e+03,8.781602787166775670e-07
5.678000000000000000e+03,8.780058351476327516e-07
5.679000000000000000e+03,8.778746973803208675e-07
5.680000000000000000e+03,8.776979711910826154e-07
5.681000000000000000e+03,8.774773050390649587e-07
5.682000000000000000e+03,8.770268209445930552e-07
5.683000000000000000e+03,8.774464959060424007e-07
5.684000000000000000e+03,8.768813586357282475e-07
5.685000000000000000e+03,8.766079417910077609e-07
5.686000000000000000e+03,8.763794880906061735e-07
5.687000000000000000e+03,8.761125513956358191e-07
5.688000000000000000e+03,8.757065756981319282e-07
5.689000000000000000e+03,8.761606977714109235e-07
5.690000000000000000e+03,8.755264957471808884e-07
5.691000000000000000e+03,8.751368909543089103e-07
5.692000000000000000e+03,8.748390882828971371e-07
5.693000000000000000e+03,8.744731303522712551e-07
5.694000000000000000e+03,8.740393582229444291e-07
5.695000000000000000e+03,8.741527608435717411e-07
5.696000000000000000e+03,8.736977292755909730e-07
5.697000000000000000e+03,8.730882541385653894e-07
5.698000000000000000e+03,8.726438522899115924e-07
5.699000000000000000e+03,8.722821007722814102e-07
5.700000000000000000e+03,8.719455308892065659e-07
5.701000000000000000e+03,8.715639978618128225e-07
5.702000000000000000e+03,8.711701298125262838e-07
5.703000000000000000e+03,8.709902203918318264e-07
5.704000000000000000e+03,8.707377787686709780e-07
5.705000000000000000e+03,8.706534231350815389e-07
5.706000000000000000e+03,8.704532206138537731e-07
5.707000000000000000e+03,8.701817932887934148e-07
5.708000000000000000e+03,8.698871170054189861e-07
5.709000000000000000e+03,8.695404858372057788e-07
5.710000000000000000e+03,8.693486392985505518e-07
5.711000000000000000e+03,8.690183790349692572e-07
5.712000000000000000e+03,8.687215995450969785e-07
5.713000000000000000e+03,8.684722843099734746e-07
5.714000000000000000e+03,8.681016083755821455e-07
5.715000000000000000e+03,8.677648111188318580e-07
5.716000000000000000e+03,8.675344247421890032e-07
5.717000000000000000e+03,8.673154638927371707e-07
5.718000000000000000e+03,8.670330089444178157e-07
5.719000000000000000e+03,8.664417805448465515e-07
5.720000000000000000e+03,8.666099802212556824e-07
5.721000000000000000e+03,8.661858714731351938e-07
5.722000000000000000e+03,8.659336572236497886e-07
5.723000000000000000e+03,8.656442105348105542e-07
5.724000000000000000e+03,8.652551173327083234e-07
5.725000000000000000e+03,8.644960871606599540e-07
5.726000000000000000e+03,8.657854095872608013e-07
5.727000000000000000e+03,8.642247735224373173e-07
5.728000000000000000e+03,8.637049404569552280e-07
5.729000000000000000e+03,8.632395633867417928e-07
5.730000000000000000e+03,8.627073952993669081e-07
5.731000000000000000e+03,8.626673206890700385e-07
5.732000000000000000e+03,8.623955523034965154e-07
5.733000000000000000e+03,8.618779361313499976e-07
5.734000000000000000e+03,8.615196520622703247e-07
5.735000000000000000e+03,8.612278747932577971e-07
5.736000000000000000e+03,8.610497275185480248e-07
5.737000000000000000e+03,8.608309371993527748e-07
5.738000000000000000e+03,8.606697292634635232e-07
5.739000000000000000e+03,8.605474590694939252e-07
5.740000000000000000e+03,8.602145840086450335e-07
5.741000000000000000e+03,8.599179750490293372e-07
5.742000000000000000e+03,8.593827374170359690e-07
5.743000000000000000e+03,8.591194387008727062e-07
5.744000000000000000e+03,8.589611297793453559e-07
5.745000000000000000e+03,8.588006039644824341e-07
5.746000000000000000e+03,8.584909210185287520e-07
5.747000000000000000e+03,8.582649684285570402e-07
5.748000000000000000e+03,8.579978043599112425e-07
5.749000000000000000e+03,8.577434300605091266e-07
5.750000000000000000e+03,8.575753440709377173e-07
5.751000000000000000e+03,8.570697218601708300e-07
5.752000000000000000e+03,8.576823233852337580e-07
5.753000000000000000e+03,8.568957241550378967e-07
5.754000000000000000e+03,8.566306632928899489e-07
5.755000000000000000e+03,8.563992537347075995e-07
5.756000000000000000e+03,8.561493132219766267e-07
5.757000000000000000e+03,8.556928605685243383e-07
5.758000000000000000e+03,8.556028774364676792e-07
5.759000000000000000e+03,8.547806942260649521e-07
5.760000000000000000e+03,8.545148375560529530e-07
5.761000000000000000e+03,8.542709224457212258e-07
5.762000000000000000e+03,8.539825557818403468e-07
5.763000000000000000e+03,8.535581628166255541e-07
5.764000000000000000e+03,8.532604169886326417e-07
5.765000000000000000e+03,8.529718797944951802e-07
5.766000000000000000e+03,8.525489079147519078e-07
5.767000000000000000e+03,8.522411576450394932e-07
5.768000000000000000e+03,8.524564805156842340e-07
5.769000000000000000e+03,8.519382959093491081e-07
5.770000000000000000e+03,8.513585498803877272e-07
5.771000000000000000e+03,8.510422162544273306e-07
5.772000000000000000e+03,8.507810775881807785e-07
5.773000000000000000e+03,8.507516895406297408e-07
5.774000000000000000e+03,8.506200401825481094e-07
5.775000000000000000e+03,8.504836159772821702e-07
5.776000000000000000e+03,8.500708190695149824e-07
5.777000000000000000e+03,8.498479360241617542e-07
5.778000000000000000e+03,8.492944516547140665e-07
5.779000000000000000e+03,8.501522188453236595e-07
5.780000000000000000e+03,8.490490586154919583e-07
5.781000000000000000e+03,8.487333502671390306e-07
5.782000000000000000e+03,8.484147429044242017e-07
5.783000000000000000e+03,8.481097211188171059e-07
5.784000000000000000e+03,8.476275183966208715e-07
5.785000000000000000e+03,8.474917194689624012e-07
5.786000000000000000e+03,8.469672820865525864e-07
5.787000000000000000e+03,8.467518455290701240e-07
5.788000000000000000e+03,8.464943448416306637e-07
5.789000000000000000e+03,8.460750677841133438e-07
5.790000000000000000e+03,8.455870670331933070e-07
5.791000000000000000e+03,8.451707458334567491e-07
5.792000000000000000e+03,8.448965900242910720e-07
5.793000000000000000e+03,8.450126074421859812e-07
5.794000000000000000e+03,8.447810841971659102e-07
5.795000000000000000e+03,8.445753678643086459e-07
5.796000000000000000e+03,8.440930514552746899e-07
5.797000000000000000e+03,8.438150302936264779e-07
5.798000000000000000e+03,8.433411835540027823e-07
5.799000000000000000e+03,8.438569238933268934e-07
5.800000000000000000e+03,8.431518381257774308e-07
5.801000000000000000e+03,8.429507829532667529e-07
5.802000000000000000e+03,8.427919624409696553e-07
5.803000000000000000e+03,8.425790838373359293e-07
5.804000000000000000e+03,8.422186397183395457e-07
5.805000000000000000e+03,8.420092854066751897e-07
5.806000000000000000e+03,8.413061323153669946e-07
5.807000000000000000e+03,8.409764404859743081e-07
5.808000000000000000e+03,8.406335609834059142e-07
5.809000000000000000e+03,8.403279139201913495e-07
5.810000000000000000e+03,8.399592843488790095e-07
5.811000000000000000e+03,8.395495001423114445e-07
5.812000000000000000e+03,8.392907488996570464e-07
5.813000000000000000e+03,8.389772574446396902e-07
5.814000000000000000e+03,8.387677326027187519e-07
5.815000000000000000e+03,8.385623004869557917e-07
5.816000000000000000e+03,8.378131042263703421e-07
5.817000000000000000e+03,8.375052402698202059e-07
5.818000000000000000e+03,8.370772093257983215e-07
5.819000000000000000e+03,8.368117505597183481e-07
5.820000000000000000e+03,8.364295354112982750e-07
5.821000000000000000e+03,8.364289101336908061e-07
5.822000000000000000e+03,8.362065955225261860e-07
5.823000000000000000e+03,8.358926493201579433e-07
5.824000000000000000e+03,8.355785325875331182e-07
5.825000000000000000e+03,8.353300131602736656e-07
5.826000000000000000e+03,8.348342248609696981e-07
5.827000000000000000e+03,8.346727327079861425e-07
5.828000000000000000e+03,8.339693522430025041e-07
5.829000000000000000e+03,8.336606356351694558e-07
5.830000000000000000e+03,8.333357186529610772e-07
5.831000000000000000e+03,8.328024136972089764e-07
5.832000000000000000e+03,8.339152941516658757e-07
5.833000000000000000e+03,8.326306897288304754e-07
5.834000000000000000e+03,8.322267603944055736e-07
5.835000000000000000e+03,8.319796052091987804e-07
5.836000000000000000e+03,8.315598734043305740e-07
5.837000000000000000e+03,8.314881370097282343e-07
5.838000000000000000e+03,8.309813210871652700e-07
5.839000000000000000e+03,8.307548000630049501e-07
5.840000000000000000e+03,8.305011078846291639e-07
5.841000000000000000e+03,8.301516345454729162e-07
5.842000000000000000e+03,8.293548603433009703e-07
5.843000000000000000e+03,8.295669431390706450e-07
5.844000000000000000e+03,8.289277388939808588e-07
5.845000000000000000e+03,8.284483214993088041e-07
5.846000000000000000e+03,8.281055556835781317e-07
5.847000000000000000e+03,8.278342988887743559e-07
5.848000000000000000e+03,8.275570166915713344e-07
5.849000000000000000e+03,8.271524620795389637e-07
5.850000000000000000e+03,8.269657314485812094e-07
5.851000000000000000e+03,8.267767839242878836e-07
5.852000000000000000e+03,8.265612905233865604e-07
5.853000000000000000e+03,8.261814059551397804e-07
5.854000000000000000e+03,8.257372314801614266e-07
5.855000000000000000e+03,8.252674774666957092e-07
5.856000000000000000e+03,8.256101864390075207e-07
5.857000000000000000e+03,8.250557925748580601e-07
5.858000000000000000e+03,8.248705398727906868e-07
5.859000000000000000e+03,8.247346841017133556e-07
5.860000000000000000e+03,8.245064009315683506e-07
5.861000000000000000e+03,8.241202635872468818e-07
5.862000000000000000e+03,8.245460776379331946e-07
5.863000000000000000e+03,8.238937425630865619e-07
5.864000000000000000e+03,8.234301844822766725e-07
5.865000000000000000e+03,8.230089179050992243e-07
5.866000000000000000e+03,8.226833188018645160e-07
5.867000000000000000e+03,8.223370855375833344e-07
5.868000000000000000e+03,8.217292020162858535e-07
5.869000000000000000e+03,8.216424021156853996e-07
5.870000000000000000e+03,8.209498787437041756e-07
5.871000000000000000e+03,8.207680934901873115e-07
5.872000000000000000e+03,8.204512482734571677e-07
5.873000000000000000e+03,8.201341188396327198e-07
5.874000000000000000e+03,8.196945486815820914e-07
5.875000000000000000e+03,8.193454732463578694e-07
5.876000000000000000e+03,8.190389735318603925e-07
5.877000000000000000e+03,8.185788828996010125e-07
5.878000000000000000e+03,8.178726602636743337e-07
5.879000000000000000e+03,8.181152679753722623e-07
5.880000000000000000e+03,8.174519052772666328e-07
5.881000000000000000e+03,8.170966907528054435e-07
5.882000000000000000e+03,8.167486384991207160e-07
5.883000000000000000e+03,8.163672760019835550e-07
5.884000000000000000e+03,8.158116884260380175e-07
5.885000000000000000e+03,8.160851621141773649e-07
5.886000000000000000e+03,8.155727755365660414e-07
5.887000000000000000e+03,8.152270538630546071e-07
5.888000000000000000e+03,8.149655741362948902e-07
5.889000000000000000e+03,8.147275138981058262e-07
5.890000000000000000e+03,8.145092920130991843e-07
5.891000000000000000e+03,8.140805221046321094e-07
5.892000000000000000e+03,8.139057285916351248e-07
5.893000000000000000e+03,8.136663609548122622e-07
5.894000000000000000e+03,8.133664550769026391e-07
5.895000000000000000e+03,8.128325248435430694e-07
5.896000000000000000e+03,8.134923632496793289e-07
5.897000000000000000e+03,8.125813906190160196e-07
5.898000000000000000e+03,8.123077464006200898e-07
5.899000000000000000e+03,8.119914696180785540e-07
5.900000000000000000e+03,8.117500556181767024e-07
5.901000000000000000e+03,8.112235150292690378e-07
5.902000000000000000e+03,8.115321179502643645e-07
5.903000000000000000e+03,8.109560099001100753e-07
5.904000000000000000e+03,8.104545941023388878e-07
5.905000000000000000e+03,8.100178092718124390e-07
5.906000000000000000e+03,8.097199497569818050e-07
5.907000000000000000e+03,8.093619499049964361e-07
5.908000000000000000e+03,8.089857033155567478e-07
5.909000000000000000e+03,8.086533966888964642e-07
5.910000000000000000e+03,8.082258773356443271e-07
5.911000000000000000e+03,8.080193651949230116e-07
5.912000000000000000e+03,8.077612392298760824e-07
5.913000000000000000e+03,8.074015340753248893e-07
5.914000000000000000e+03,8.072133823588956147e-07
5.915000000000000000e+03,8.067374324127740692e-07
5.916000000000000000e+03,8.069193881965475157e-07
5.917000000000000000e+03,8.064836265475605614e-07
5.918000000000000000e+03,8.062331176006409805e-07
5.919000000000000000e+03,8.059898277679167222e-07
5.920000000000000000e+03,8.058428875301615335e-07
5.921000000000000000e+03,8.054818181335576810e-07
5.922000000000000000e+03,8.051867439462512266e-07
5.923000000000000000e+03,8.048529593907005619e-07
5.924000000000000000e+03,8.046798143368505407e-07
5.925000000000000000e+03,8.044689820962958038e-07
5.926000000000000000e+03,8.043037951210862957e-07
5.927000000000000000e+03,8.036976737457734998e-07
5.928000000000000000e+03,8.043881507546757348e-07
5.929000000000000000e+03,8.034463121475710068e-07
5.930000000000000000e+03,8.030623348531662486e-07
5.931000000000000000e+03,8.027892590689589269e-07
5.932000000000000000e+03,8.025277224987803493e-07
5.933000000000000000e+03,8.020518293960776646e-07
5.934000000000000000e+03,8.014740160433575511e-07
5.935000000000000000e+03,8.008606755538494326e-07
5.936000000000000000e+03,8.005615086403850000e-07
5.937000000000000000e+03,8.003053153515793383e-07
5.938000000000000000e+03,8.001256901479791850e-07
5.939000000000000000e+03,7.998269211384467781e-07
5.940000000000000000e+03,7.991539519025536720e-07
5.941000000000000000e+03,7.987150638655293733e-07
5.942000000000000000e+03,7.984158401086460799e-07
5.943000000000000000e+03,7.981321914485306479e-07
5.944000000000000000e+03,7.978567850841500331e-07
5.945000000000000000e+03,7.976277061061409768e-07
5.946000000000000000e+03,7.972616913320962340e-07
5.947000000000000000e+03,7.972377602527558338e-07
5.948000000000000000e+03,7.970808724167000037e-07
5.949000000000000000e+03,7.967960300447884947e-07
5.950000000000000000e+03,7.965346640048664995e-07
5.951000000000000000e+03,7.963126336107961833e-07
5.952000000000000000e+03,7.959532695167581551e-07
5.953000000000000000e+03,7.954930651976610534e-07
5.954000000000000000e+03,7.949499263304460328e-07
5.955000000000000000e+03,7.946688924675981980e-07
5.956000000000000000e+03,7.943073114802245982e-07
5.957000000000000000e+03,7.940098498693259899e-07
5.958000000000000000e+03,7.935650501167401671e-07
5.959000000000000000e+03,7.930385663712513633e-07
5.960000000000000000e+03,7.926182092887756880e-07
5.961000000000000000e+03,7.921620408524177037e-07
5.962000000000000000e+03,7.918532674011657946e-07
5.963000000000000000e+03,7.915042488093604334e-07
5.964000000000000000e+03,7.913342869869666174e-07
5.965000000000000000e+03,7.910211365924624261e-07
5.966000000000000000e+03,7.910489898677042220e-07
5.967000000000000000e+03,7.908478210083558224e-07
5.968000000000000000e+03,7.905898655735654756e-07
5.969000000000000000e+03,7.903456662461394444e-07
5.970000000000000000e+03,7.900992500253778417e-07
5.971000000000000000e+03,7.897536988821229897e-07
5.972000000000000000e+03,7.897211276031157468e-07
5.973000000000000000e+03,7.895458224993490148e-07
5.974000000000000000e+03,7.893152655924495775e-07
5.975000000000000000e+03,7.891150062278029509e-07
5.976000000000000000e+03,7.888918958087742794e-07
5.977000000000000000e+03,7.883945727371610701e-07
5.978000000000000000e+03,7.906810424174182117e-07
5.979000000000000000e+03,7.882792374402924906e-07
5.980000000000000000e+03,7.879741588112665340e-07
5.981000000000000000e+03,7.876723202571156435e-07
5.982000000000000000e+03,7.873274512348871212e-07
5.983000000000000000e+03,7.869843443586432841e-07
5.984000000000000000e+03,7.868728744142572396e-07
5.985000000000000000e+03,7.863300766075553838e-07
5.986000000000000000e+03,7.861306698941916693e-07
5.987000000000000000e+03,7.859736683712981176e-07
5.988000000000000000e+03,7.857807986511033960e-07
5.989000000000000000e+03,7.853801093915535603e-07
5.990000000000000000e+03,7.849832286410673987e-07
5.991000000000000000e+03,7.846003313716209959e-07
5.992000000000000000e+03,7.843127605156041682e-07
5.993000000000000000e+03,7.841003366593213286e-07
5.994000000000000000e+03,7.838868327780801337e-07
5.995000000000000000e+03,7.835012638679472730e-07
5.996000000000000000e+03,7.831776542843726929e-07
5.997000000000000000e+03,7.828393790987320244e-07
5.998000000000000000e+03,7.822375778232526500e-07
5.999000000000000000e+03,7.822984571248525754e-07
6.000000000000000000e+03,7.819101028871955350e-07
6.001000000000000000e+03,7.814792866156494711e-07
6.002000000000000000e+03,7.812912485860579181e-07
6.003000000000000000e+03,7.809197200003836770e-07
6.004000000000000000e+03,7.806019084455328993e-07
6.005000000000000000e+03,7.802918275956471916e-07
6.006000000000000000e+03,7.800853154549258761e-07
6.007000000000000000e+03,7.798598744557239115e-07
6.008000000000000000e+03,7.796983823027403560e-07
6.009000000000000000e+03,7.795422334311297163e-07
6.010000000000000000e+03,7.792129395056690555e-07
6.011000000000000000e+03,7.790831091369909700e-07
6.012000000000000000e+03,7.788217430970689747e-07
6.013000000000000000e+03,7.784467470628442243e-07
6.014000000000000000e+03,7.779655106787686236e-07
6.015000000000000000e+03,7.775639119245170150e-07
6.016000000000000000e+03,7.771828336444741581e-07
6.017000000000000000e+03,7.768325644974538591e-07
6.018000000000000000e+03,7.765042369101138320e-07
6.019000000000000000e+03,7.761787514937168453e-07
6.020000000000000000e+03,7.758843594274367206e-07
6.021000000000000000e+03,7.755502338113728911e-07
6.022000000000000000e+03,7.753453132863796782e-07
6.023000000000000000e+03,7.750920758553547785e-07
6.024000000000000000e+03,7.749421797598188277e-07
6.025000000000000000e+03,7.746206733827420976e-07
6.026000000000000000e+03,7.743383889646793250e-07
6.027000000000000000e+03,7.744835670564498287e-07
6.028000000000000000e+03,7.741927561255579349e-07
6.029000000000000000e+03,7.740301271041971631e-07
6.030000000000000000e+03,7.739559464425838087e-07
6.031000000000000000e+03,7.738435670034959912e-07
6.032000000000000000e+03,7.735871463410148863e-07
6.033000000000000000e+03,7.737643841210228857e-07
6.034000000000000000e+03,7.734745963716704864e-07
6.035000000000000000e+03,7.732289759587729350e-07
6.036000000000000000e+03,7.730557740615040530e-07
6.037000000000000000e+03,7.728461923761642538e-07
6.038000000000000000e+03,7.725963655502710026e-07
6.039000000000000000e+03,7.722061354797915556e-07
6.040000000000000000e+03,7.717863468315044884e-07
6.041000000000000000e+03,7.715382821515959222e-07
6.042000000000000000e+03,7.712193337283679284e-07
6.043000000000000000e+03,7.709883220741176046e-07
6.044000000000000000e+03,7.706948963459581137e-07
6.045000000000000000e+03,7.702695938860415481e-07
6.046000000000000000e+03,7.708881071266660001e-07
6.047000000000000000e+03,7.701573849772103131e-07
6.048000000000000000e+03,7.698852755311236251e-07
6.049000000000000000e+03,7.695758768022642471e-07
6.050000000000000000e+03,7.692879080423153937e-07
6.051000000000000000e+03,7.689773156016599387e-07
6.052000000000000000e+03,7.687009428991586901e-07
6.053000000000000000e+03,7.684790261919260956e-07
6.054000000000000000e+03,7.679838063268107362e-07
6.055000000000000000e+03,7.678646056774596218e-07
6.056000000000000000e+03,7.672649076084780972e-07
6.057000000000000000e+03,7.670834065720555373e-07
6.058000000000000000e+03,7.668033958907471970e-07
6.059000000000000000e+03,7.665638577236677520e-07
6.060000000000000000e+03,7.663159635740157682e-07
6.061000000000000000e+03,7.661112135792791378e-07
6.062000000000000000e+03,7.658128424736787565e-07
6.063000000000000000e+03,7.656004186173959170e-07
6.064000000000000000e+03,7.651495934624108486e-07
6.065000000000000000e+03,7.661146810278296471e-07
6.066000000000000000e+03,7.650530733371851966e-07
6.067000000000000000e+03,7.648202995369501878e-07
6.068000000000000000e+03,7.646294193364155944e-07
6.069000000000000000e+03,7.642999548806983512e-07
6.070000000000000000e+03,7.638599868187156972e-07
6.071000000000000000e+03,7.634463941030844580e-07
6.072000000000000000e+03,7.630130198776896577e-07
6.073000000000000000e+03,7.627497211615263950e-07
6.074000000000000000e+03,7.624319096066756174e-07
6.075000000000000000e+03,7.624042268616904039e-07
6.076000000000000000e+03,7.620685096298984718e-07
6.077000000000000000e+03,7.618980930601537693e-07
6.078000000000000000e+03,7.617019832650839817e-07
6.079000000000000000e+03,7.614542596456885803e-07
6.080000000000000000e+03,7.615018375872750767e-07
6.081000000000000000e+03,7.612858894390228670e-07
6.082000000000000000e+03,7.610206580466183368e-07
6.083000000000000000e+03,7.608741725562140346e-07
6.084000000000000000e+03,7.606328722431499045e-07
6.085000000000000000e+03,7.605952987432829104e-07
6.086000000000000000e+03,7.603164249303517863e-07
6.087000000000000000e+03,7.602095593028934672e-07
6.088000000000000000e+03,7.600522735629056115e-07
6.089000000000000000e+03,7.597878379783651326e-07
6.090000000000000000e+03,7.606614076394180302e-07
6.091000000000000000e+03,7.596564728373778053e-07
6.092000000000000000e+03,7.593219493173819501e-07
6.093000000000000000e+03,7.591193025291431695e-07
6.094000000000000000e+03,7.588324137941526715e-07
6.095000000000000000e+03,7.584812919958494604e-07
6.096000000000000000e+03,7.584445711472653784e-07
6.097000000000000000e+03,7.582354442092764657e-07
6.098000000000000000e+03,7.578761369586572982e-07
6.099000000000000000e+03,7.576905431960767601e-07
6.100000000000000000e+03,7.575240488222334534e-07
6.101000000000000000e+03,7.573381708425586112e-07
6.102000000000000000e+03,7.569962008346919902e-07
6.103000000000000000e+03,7.567207944703113753e-07
6.104000000000000000e+03,7.564207749055640306e-07
6.105000000000000000e+03,7.561915253972983919e-07
6.106000000000000000e+03,7.559803520962304901e-07
6.107000000000000000e+03,7.557275694125564769e-07
6.108000000000000000e+03,7.555461820629716385e-07
6.109000000000000000e+03,7.553313707830966450e-07
6.110000000000000000e+03,7.550905820608022623e-07
6.111000000000000000e+03,7.548992471129167825e-07
6.112000000000000000e+03,7.545594939983857330e-07
6.113000000000000000e+03,7.540883757428673562e-07
6.114000000000000000e+03,7.540783144577289931e-07
6.115000000000000000e+03,7.539123316746554337e-07
6.116000000000000000e+03,7.537826718362339307e-07
6.117000000000000000e+03,7.536805242125410587e-07
6.118000000000000000e+03,7.535892905252694618e-07
6.119000000000000000e+03,7.534337100878474303e-07
6.120000000000000000e+03,7.531870096499915235e-07
6.121000000000000000e+03,7.529300773967406712e-07
6.122000000000000000e+03,7.528061587436241098e-07
6.123000000000000000e+03,7.526560921178315766e-07
6.124000000000000000e+03,7.525133582930720877e-07
6.125000000000000000e+03,7.523511271756433416e-07
6.126000000000000000e+03,7.520939675487170462e-07
6.127000000000000000e+03,7.518568736486486159e-07
6.128000000000000000e+03,7.516243272220890503e-07
6.129000000000000000e+03,7.514868229918647557e-07
6.130000000000000000e+03,7.512865636272181291e-07
6.131000000000000000e+03,7.510643627028912306e-07
6.132000000000000000e+03,7.508920703003241215e-07
6.133000000000000000e+03,7.506218366870598402e-07
6.134000000000000000e+03,7.505024655074521434e-07
6.135000000000000000e+03,7.502900416511693038e-07
6.136000000000000000e+03,7.499012895095802378e-07
6.137000000000000000e+03,7.497991987293062266e-07
6.138000000000000000e+03,7.492450322388322093e-07
6.139000000000000000e+03,7.490915550079080276e-07
6.140000000000000000e+03,7.489429094675870147e-07
6.141000000000000000e+03,7.487638526981754694e-07
6.142000000000000000e+03,7.511350190725352149e-07
6.143000000000000000e+03,7.486723916372284293e-07
6.144000000000000000e+03,7.484190405193658080e-07
6.145000000000000000e+03,7.481884836124663707e-07
6.146000000000000000e+03,7.479682722077996004e-07
6.147000000000000000e+03,7.476581345144950319e-07
6.148000000000000000e+03,7.474827157238905784e-07
6.149000000000000000e+03,7.470516720786690712e-07
6.150000000000000000e+03,7.466642841791326646e-07
6.151000000000000000e+03,7.461839572897588369e-07
6.152000000000000000e+03,7.457754804818250705e-07
6.153000000000000000e+03,7.453531338796892669e-07
6.154000000000000000e+03,7.453061812157102395e-07
6.155000000000000000e+03,7.449366989931149874e-07
6.156000000000000000e+03,7.448321071024111006e-07
6.157000000000000000e+03,7.446315066772513092e-07
6.158000000000000000e+03,7.444036782544571906e-07
6.159000000000000000e+03,7.444374432452605106e-07
6.160000000000000000e+03,7.442172886840126012e-07
6.161000000000000000e+03,7.439070941472891718e-07
6.162000000000000000e+03,7.437431008838757407e-07
6.163000000000000000e+03,7.435256179633142892e-07
6.164000000000000000e+03,7.433471296280913521e-07
6.165000000000000000e+03,7.430740538438840304e-07
6.166000000000000000e+03,7.427064474541111849e-07
6.167000000000000000e+03,7.421830332532408647e-07
6.168000000000000000e+03,7.417966685352439526e-07
6.169000000000000000e+03,7.415277991640323307e-07
6.170000000000000000e+03,7.412534159811912104e-07
6.171000000000000000e+03,7.411505293930531479e-07
6.172000000000000000e+03,7.410292823806230444e-07
6.173000000000000000e+03,7.409095701405021828e-07
6.174000000000000000e+03,7.407392104141763411e-07
6.175000000000000000e+03,7.403948529827175662e-07
6.176000000000000000e+03,7.400631716336647514e-07
6.177000000000000000e+03,7.398807042591215577e-07
6.178000000000000000e+03,7.398633101729501504e-07
6.179000000000000000e+03,7.397757713079045061e-07
6.180000000000000000e+03,7.396435535156342667e-07
6.181000000000000000e+03,7.394774570457229856e-07
6.182000000000000000e+03,7.392691259155981243e-07
6.183000000000000000e+03,7.389883762698445935e-07
6.184000000000000000e+03,7.387081382148608100e-07
6.185000000000000000e+03,7.384103923868678976e-07
6.186000000000000000e+03,7.382612920991959982e-07
6.187000000000000000e+03,7.380170927717699669e-07
6.188000000000000000e+03,7.377840915978595149e-07
6.189000000000000000e+03,7.377884685411117971e-07
6.190000000000000000e+03,7.376151529570051935e-07
6.191000000000000000e+03,7.373978405667003244e-07
6.192000000000000000e+03,7.372132699856592808e-07
6.193000000000000000e+03,7.369763466158474330e-07
6.194000000000000000e+03,7.365670171566307545e-07
6.195000000000000000e+03,7.365285341620619874e-07
6.196000000000000000e+03,7.362662017840193585e-07
6.197000000000000000e+03,7.360336553574597929e-07
6.198000000000000000e+03,7.358034395110735204e-07
6.199000000000000000e+03,7.355346269832807593e-07
6.200000000000000000e+03,7.354540798587549943e-07
6.201000000000000000e+03,7.349872817030700389e-07
6.202000000000000000e+03,7.348644430749118328e-07
6.203000000000000000e+03,7.347520636358240154e-07
6.204000000000000000e+03,7.345884682763426099e-07
6.205000000000000000e+03,7.341632226598449051e-07
6.206000000000000000e+03,7.355981779255671427e-07
6.207000000000000000e+03,7.340776733144593891e-07
6.208000000000000000e+03,7.338059617723047268e-07
6.209000000000000000e+03,7.335805207731027622e-07
6.210000000000000000e+03,7.333133567044569645e-07
6.211000000000000000e+03,7.330913831538055092e-07
6.212000000000000000e+03,7.328611104640003759e-07
6.213000000000000000e+03,7.326772220039856620e-07
6.214000000000000000e+03,7.325454589590663090e-07
6.215000000000000000e+03,7.324286457333073486e-07
6.216000000000000000e+03,7.322572059820231516e-07
6.217000000000000000e+03,7.321276598304393701e-07
6.218000000000000000e+03,7.319346764234069269e-07
6.219000000000000000e+03,7.318038228731893469e-07
6.220000000000000000e+03,7.316610890484298579e-07
6.221000000000000000e+03,7.313990977309003938e-07
6.222000000000000000e+03,7.312511343116057105e-07
6.223000000000000000e+03,7.310833325391286053e-07
6.224000000000000000e+03,7.309849934244994074e-07
6.225000000000000000e+03,7.308492513402597979e-07
6.226000000000000000e+03,7.306192060241301078e-07
6.227000000000000000e+03,7.304414566533523612e-07
6.228000000000000000e+03,7.302656968022347428e-07
6.229000000000000000e+03,7.301563300643465482e-07
6.230000000000000000e+03,7.300862989723100327e-07
6.231000000000000000e+03,7.298327204807719681e-07
6.232000000000000000e+03,7.296761168618104421e-07
6.233000000000000000e+03,7.293773478522780351e-07
6.234000000000000000e+03,7.292261443581082858e-07
6.235000000000000000e+03,7.290998382813995704e-07
6.236000000000000000e+03,7.290770440704363864e-07
6.237000000000000000e+03,7.288239771696680691e-07
6.238000000000000000e+03,7.287038670256151818e-07
6.239000000000000000e+03,7.285772767318121623e-07
6.240000000000000000e+03,7.284370440174825490e-07
6.241000000000000000e+03,7.281474836418055929e-07
6.242000000000000000e+03,7.278140401467680931e-07
6.243000000000000000e+03,7.275791062966163736e-07
6.244000000000000000e+03,7.273741857716231607e-07
6.245000000000000000e+03,7.272298034877167083e-07
6.246000000000000000e+03,7.271276558640238363e-07
6.247000000000000000e+03,7.267621526807488408e-07
6.248000000000000000e+03,7.265169301717833150e-07
6.249000000000000000e+03,7.262349868142337073e-07
6.250000000000000000e+03,7.259895937750115991e-07
6.251000000000000000e+03,7.257008860506175552e-07
6.252000000000000000e+03,7.254138267853704747e-07
6.253000000000000000e+03,7.249648774632078130e-07
6.254000000000000000e+03,7.248702900142234284e-07
6.255000000000000000e+03,7.245407687150873244e-07
6.256000000000000000e+03,7.244285029628372286e-07
6.257000000000000000e+03,7.241575303851277567e-07
6.258000000000000000e+03,7.238410262289107777e-07
6.259000000000000000e+03,7.235188377308077179e-07
6.260000000000000000e+03,7.233441010612295941e-07
6.261000000000000000e+03,7.231183190015144646e-07
6.262000000000000000e+03,7.229965035548957530e-07
6.263000000000000000e+03,7.227795322251040488e-07
6.264000000000000000e+03,7.224822979878808837e-07
6.265000000000000000e+03,7.232746384033816867e-07
6.266000000000000000e+03,7.223868578876135871e-07
6.267000000000000000e+03,7.222150202323973645e-07
6.268000000000000000e+03,7.220219799819460604e-07
6.269000000000000000e+03,7.218531550279294606e-07
6.270000000000000000e+03,7.216562494249956217e-07
6.271000000000000000e+03,7.215822961370577104e-07
6.272000000000000000e+03,7.214355264295591041e-07
6.273000000000000000e+03,7.212622108454525005e-07
6.274000000000000000e+03,7.210915669020323548e-07
6.275000000000000000e+03,7.206860459518793505e-07
6.276000000000000000e+03,7.206856480479473248e-07
6.277000000000000000e+03,7.205427436929312535e-07
6.278000000000000000e+03,7.204007488326169550e-07
6.279000000000000000e+03,7.201940093182201963e-07
6.280000000000000000e+03,7.199849960670690052e-07
6.281000000000000000e+03,7.198941034403105732e-07
6.282000000000000000e+03,7.195448574748297688e-07
6.283000000000000000e+03,7.193879127953550778e-07
6.284000000000000000e+03,7.191208055701281410e-07
6.285000000000000000e+03,7.188208996922185179e-07
6.286000000000000000e+03,7.183457455539610237e-07
6.287000000000000000e+03,7.185729486991476733e-07
6.288000000000000000e+03,7.181846513049094938e-07
6.289000000000000000e+03,7.179517069744179025e-07
6.290000000000000000e+03,7.178044825195684098e-07
6.291000000000000000e+03,7.176420808718830813e-07
6.292000000000000000e+03,7.174663778641843237e-07
6.293000000000000000e+03,7.172932896537531633e-07
6.294000000000000000e+03,7.171620381996035576e-07
6.295000000000000000e+03,7.169859941313916352e-07
6.296000000000000000e+03,7.168189881667785812e-07
6.297000000000000000e+03,7.165269266806717496e-07
6.298000000000000000e+03,7.163761779338528868e-07
6.299000000000000000e+03,7.161689836721052416e-07
6.300000000000000000e+03,7.160695645325176883e-07
6.301000000000000000e+03,7.159390520428132731e-07
6.302000000000000000e+03,7.157811978686368093e-07
6.303000000000000000e+03,7.156102697081223596e-07
6.304000000000000000e+03,7.154293371058884077e-07
6.305000000000000000e+03,7.153146270866272971e-07
6.306000000000000000e+03,7.151760428314446472e-07
6.307000000000000000e+03,7.149770908654318191e-07
6.308000000000000000e+03,7.148337317630648613e-07
6.309000000000000000e+03,7.144579399209760595e-07
6.310000000000000000e+03,7.147737051127478480e-07
6.311000000000000000e+03,7.142850222408014815e-07
6.312000000000000000e+03,7.140712909858848434e-07
6.313000000000000000e+03,7.139362310226715636e-07
6.314000000000000000e+03,7.137564921322336886e-07
6.315000000000000000e+03,7.136017075026757084e-07
6.316000000000000000e+03,7.134175916689855512e-07
6.317000000000000000e+03,7.132808832466253079e-07
6.318000000000000000e+03,7.131608867894101422e-07
6.319000000000000000e+03,7.130373091968067456e-07
6.320000000000000000e+03,7.129449386411579326e-07
6.321000000000000000e+03,7.127980552468216047e-07
6.322000000000000000e+03,7.126653827072004788e-07
6.323000000000000000e+03,7.124547778403211851e-07
6.324000000000000000e+03,7.122447982510493603e-07
6.325000000000000000e+03,7.121025760170596186e-07
6.326000000000000000e+03,7.119975293790048454e-07
6.327000000000000000e+03,7.118558755792037118e-07
6.328000000000000000e+03,7.116527740436140448e-07
6.329000000000000000e+03,7.113963533811329398e-07
6.330000000000000000e+03,7.112289495125878602e-07
6.331000000000000000e+03,7.109842954378109425e-07
6.332000000000000000e+03,7.107929604899254628e-07
6.333000000000000000e+03,7.106198722794943023e-07
6.334000000000000000e+03,7.102740937625640072e-07
6.335000000000000000e+03,7.119864449123269878e-07
6.336000000000000000e+03,7.102157724148128182e-07
6.337000000000000000e+03,7.100298375917191152e-07
6.338000000000000000e+03,7.099432082213752437e-07
6.339000000000000000e+03,7.097053185134427622e-07
6.340000000000000000e+03,7.094936336216051131e-07
6.341000000000000000e+03,7.092898499649891164e-07
6.342000000000000000e+03,7.090628173500590492e-07
6.343000000000000000e+03,7.089394102877122350e-07
6.344000000000000000e+03,7.088304982971749268e-07
6.345000000000000000e+03,7.086248388077365234e-07
6.346000000000000000e+03,7.084228172971052118e-07
6.347000000000000000e+03,7.082920774337253533e-07
6.348000000000000000e+03,7.080738555487187114e-07
6.349000000000000000e+03,7.079446504576480947e-07
6.350000000000000000e+03,7.077550208123284392e-07
6.351000000000000000e+03,7.075166195136262104e-07
6.352000000000000000e+03,7.071149070725368802e-07
6.353000000000000000e+03,7.069775165291503072e-07
6.354000000000000000e+03,7.066757348184182774e-07
6.355000000000000000e+03,7.065433464958914556e-07
6.356000000000000000e+03,7.063762836878595408e-07
6.357000000000000000e+03,7.061709652589343023e-07
6.358000000000000000e+03,7.059812787701957859e-07
6.359000000000000000e+03,7.058780511215445586e-07
6.360000000000000000e+03,7.057429343149124179e-07
6.361000000000000000e+03,7.056095796542649623e-07
6.362000000000000000e+03,7.053938020362693351e-07
6.363000000000000000e+03,7.055321589177765418e-07
6.364000000000000000e+03,7.052807404761551879e-07
6.365000000000000000e+03,7.051943384794867598e-07
6.366000000000000000e+03,7.050952035569935106e-07
6.367000000000000000e+03,7.050038561828841921e-07
6.368000000000000000e+03,7.047972871987440158e-07
6.369000000000000000e+03,7.046156724754837342e-07
6.370000000000000000e+03,7.043965979391941801e-07
6.371000000000000000e+03,7.042428933345945552e-07
6.372000000000000000e+03,7.041721801215317100e-07
6.373000000000000000e+03,7.039635647743125446e-07
6.374000000000000000e+03,7.037596105874399655e-07
6.375000000000000000e+03,7.035961289147962816e-07
6.376000000000000000e+03,7.033962106106628198e-07
6.377000000000000000e+03,7.032630833236908074e-07
6.378000000000000000e+03,7.032954840724414680e-07
6.379000000000000000e+03,7.031459290374186821e-07
6.380000000000000000e+03,7.029423727544781286e-07
6.381000000000000000e+03,7.028576192169566639e-07
6.382000000000000000e+03,7.026850994407141116e-07
6.383000000000000000e+03,7.025716968200867996e-07
6.384000000000000000e+03,7.024128763077897020e-07
6.385000000000000000e+03,7.022195518402440939e-07
6.386000000000000000e+03,7.021042733867943753e-07
6.387000000000000000e+03,7.018778660494717769e-07
6.388000000000000000e+03,7.017343364168482367e-07
6.389000000000000000e+03,7.014704692664963659e-07
6.390000000000000000e+03,7.013527465460356325e-07
6.391000000000000000e+03,7.012595801825227682e-07
6.392000000000000000e+03,7.011524303379701450e-07
6.393000000000000000e+03,7.010767149040475488e-07
6.394000000000000000e+03,7.009574005678587127e-07
6.395000000000000000e+03,7.007942599557281937e-07
6.396000000000000000e+03,7.006379405538609717e-07
6.397000000000000000e+03,7.004226176832162309e-07
6.398000000000000000e+03,7.003032465036085341e-07
6.399000000000000000e+03,7.000919026722840499e-07
6.400000000000000000e+03,7.000053301453590393e-07
6.401000000000000000e+03,6.998734534136019647e-07
6.402000000000000000e+03,6.997685773058037739e-07
6.403000000000000000e+03,6.996706929385254625e-07
6.404000000000000000e+03,6.995635999373917002e-07
6.405000000000000000e+03,6.993774377406225540e-07
6.406000000000000000e+03,6.992053158683120273e-07
6.407000000000000000e+03,6.989478151808725670e-07
6.408000000000000000e+03,6.988052518863696605e-07
6.409000000000000000e+03,6.985530944803031161e-07
6.410000000000000000e+03,6.984292326706054155e-07
6.411000000000000000e+03,6.982627382967621088e-07
6.412000000000000000e+03,6.982863851590082049e-07
6.413000000000000000e+03,6.981321689636388328e-07
6.414000000000000000e+03,6.979335012147203088e-07
6.415000000000000000e+03,6.978372084631701000e-07
6.416000000000000000e+03,6.977609245950588956e-07
6.417000000000000000e+03,6.976283088988566305e-07
6.418000000000000000e+03,6.978308988436765503e-07
6.419000000000000000e+03,6.975535029596358072e-07
6.420000000000000000e+03,6.974215125410410110e-07
6.421000000000000000e+03,6.972901474000536837e-07
6.422000000000000000e+03,6.971744141992530786e-07
6.423000000000000000e+03,6.969525543354393449e-07
6.424000000000000000e+03,6.967329682083800435e-07
6.425000000000000000e+03,6.965317993490316439e-07
6.426000000000000000e+03,6.964531849007471465e-07
6.427000000000000000e+03,6.962822567402326968e-07
6.428000000000000000e+03,6.961540748307015747e-07
6.429000000000000000e+03,6.959606935197371058e-07
6.430000000000000000e+03,6.958814537938451394e-07
6.431000000000000000e+03,6.957306482036074158e-07
6.432000000000000000e+03,6.956523748158360831e-07
6.433000000000000000e+03,6.955359594940091483e-07
6.434000000000000000e+03,6.952990929676161613e-07
6.435000000000000000e+03,6.958188691896793898e-07
6.436000000000000000e+03,6.951980822123005055e-07
6.437000000000000000e+03,6.949669000277935993e-07
6.438000000000000000e+03,6.948107511561829597e-07
6.439000000000000000e+03,6.946614803382544778e-07
6.440000000000000000e+03,6.945040809114289004e-07
6.441000000000000000e+03,6.943301400497148279e-07
6.442000000000000000e+03,6.940381922504457179e-07
6.443000000000000000e+03,6.938527121747029014e-07
6.444000000000000000e+03,6.935723604328813963e-07
6.445000000000000000e+03,6.933334475434094202e-07
6.446000000000000000e+03,6.931974780854943674e-07
6.447000000000000000e+03,6.930720246600685641e-07
6.448000000000000000e+03,6.929574283276451752e-07
6.449000000000000000e+03,6.928867719580011908e-07
6.450000000000000000e+03,6.927578510840248782e-07
6.451000000000000000e+03,6.925852744643634651e-07
6.452000000000000000e+03,6.926007358742936049e-07
6.453000000000000000e+03,6.925012030478683300e-07
6.454000000000000000e+03,6.923519890733587090e-07
6.455000000000000000e+03,6.921763429090788122e-07
6.456000000000000000e+03,6.920126907061785460e-07
6.457000000000000000e+03,6.919880775058118161e-07
6.458000000000000000e+03,6.919023576301697176e-07
6.459000000000000000e+03,6.917520636307017412e-07
6.460000000000000000e+03,6.916764618836168665e-07
6.461000000000000000e+03,6.915716426192375366e-07
6.462000000000000000e+03,6.914553978276671842e-07
6.463000000000000000e+03,6.913341508152370807e-07
6.464000000000000000e+03,6.911437253620533738e-07
6.465000000000000000e+03,6.909791068210324738e-07
6.466000000000000000e+03,6.909592116244311910e-07
6.467000000000000000e+03,6.905976306370575912e-07
6.468000000000000000e+03,6.905336817908391822e-07
6.469000000000000000e+03,6.903468374730437063e-07
6.470000000000000000e+03,6.901902338540821802e-07
6.471000000000000000e+03,6.899512641211913433e-07
6.472000000000000000e+03,6.897696493979310617e-07
6.473000000000000000e+03,6.895975843690393958e-07
6.474000000000000000e+03,6.894882744745700620e-07
6.475000000000000000e+03,6.893439490340824705e-07
6.476000000000000000e+03,6.891919497320486698e-07
6.477000000000000000e+03,6.889785595376451965e-07
6.478000000000000000e+03,6.888246844027889892e-07
6.479000000000000000e+03,6.885667289679986425e-07
6.480000000000000000e+03,6.889610517646360677e-07
6.481000000000000000e+03,6.884965841891244054e-07
6.482000000000000000e+03,6.883647074573673308e-07
6.483000000000000000e+03,6.882781917738611810e-07
6.484000000000000000e+03,6.880535465825232677e-07
6.485000000000000000e+03,6.877833698126778472e-07
6.486000000000000000e+03,6.876190354887512513e-07
6.487000000000000000e+03,6.873564188936143182e-07
6.488000000000000000e+03,6.872363655929802917e-07
6.489000000000000000e+03,6.871359232718532439e-07
6.490000000000000000e+03,6.869752837701526005e-07
6.491000000000000000e+03,6.867697948109707795e-07
6.492000000000000000e+03,6.868202149235003162e-07
6.493000000000000000e+03,6.866399644422926940e-07
6.494000000000000000e+03,6.864227657388255466e-07
6.495000000000000000e+03,6.863100452392245643e-07
6.496000000000000000e+03,6.861912424938054755e-07
6.497000000000000000e+03,6.859885957055666950e-07
6.498000000000000000e+03,6.858035135337559041e-07
6.499000000000000000e+03,6.855884748802054673e-07
6.500000000000000000e+03,6.854319281046628021e-07
6.501000000000000000e+03,6.852889669062278699e-07
6.502000000000000000e+03,6.850379463685385417e-07
6.503000000000000000e+03,6.863570547466224525e-07
6.504000000000000000e+03,6.849629698990611359e-07
6.505000000000000000e+03,6.848032398920622654e-07
6.506000000000000000e+03,6.846758537903951947e-07
6.507000000000000000e+03,6.844985023235494737e-07
6.508000000000000000e+03,6.844250606263813097e-07
6.509000000000000000e+03,6.842602147116849665e-07
6.510000000000000000e+03,6.841152639935899060e-07
6.511000000000000000e+03,6.839900947852584068e-07
6.512000000000000000e+03,6.837710770923877135e-07
6.513000000000000000e+03,6.840124910922895651e-07
6.514000000000000000e+03,6.836821171418705489e-07
6.515000000000000000e+03,6.834872010585968383e-07
6.516000000000000000e+03,6.833361680946836714e-07
6.517000000000000000e+03,6.831683094787877053e-07
6.518000000000000000e+03,6.830034067206725013e-07
6.519000000000000000e+03,6.828404366387985647e-07
6.520000000000000000e+03,6.826172693763510324e-07
6.521000000000000000e+03,6.824180900366627611e-07
6.522000000000000000e+03,6.822144200668844860e-07
6.523000000000000000e+03,6.820309863542206585e-07
6.524000000000000000e+03,6.818869451308273710e-07
6.525000000000000000e+03,6.817487587795767467e-07
6.526000000000000000e+03,6.816561040068336297e-07
6.527000000000000000e+03,6.815163260398549028e-07
6.528000000000000000e+03,6.813959316787077114e-07
6.529000000000000000e+03,6.812967399127956014e-07
6.530000000000000000e+03,6.811338835177593865e-07
6.531000000000000000e+03,6.808521106904663611e-07
6.532000000000000000e+03,6.807729846514121164e-07
6.533000000000000000e+03,6.805300927226198837e-07
6.534000000000000000e+03,6.804652343816997018e-07
6.535000000000000000e+03,6.803059022786328569e-07
6.536000000000000000e+03,6.800265737183508463e-07
6.537000000000000000e+03,6.796477123316435609e-07
6.538000000000000000e+03,6.793392799409048166e-07
6.539000000000000000e+03,6.789075541746569797e-07
6.540000000000000000e+03,6.786383437429321930e-07
6.541000000000000000e+03,6.783522508158057462e-07
6.542000000000000000e+03,6.779946488677524030e-07
6.543000000000000000e+03,6.777600560781138483e-07
6.544000000000000000e+03,6.775414362891751807e-07
6.545000000000000000e+03,6.771190328436205164e-07
6.546000000000000000e+03,6.767439231225580443e-07
6.547000000000000000e+03,6.765484954485145863e-07
6.548000000000000000e+03,6.762990665265533607e-07
6.549000000000000000e+03,6.759813118151214439e-07
6.550000000000000000e+03,6.754814876330783591e-07
6.551000000000000000e+03,6.752100034645991400e-07
6.552000000000000000e+03,6.749776275682961568e-07
6.553000000000000000e+03,6.748516057086817455e-07
6.554000000000000000e+03,6.745280529685260262e-07
6.555000000000000000e+03,6.741709057678235695e-07
6.556000000000000000e+03,6.739643367836833932e-07
6.557000000000000000e+03,6.737146236446278635e-07
6.558000000000000000e+03,6.734495627824799158e-07
6.559000000000000000e+03,6.732083761562535074e-07
6.560000000000000000e+03,6.728263315380900167e-07
6.561000000000000000e+03,6.725670118612470105e-07
6.562000000000000000e+03,6.724051786477502901e-07
6.563000000000000000e+03,6.722068519593449309e-07
6.564000000000000000e+03,6.720808300997305196e-07
6.565000000000000000e+03,6.718961458318517543e-07
6.566000000000000000e+03,6.715765721310162917e-07
6.567000000000000000e+03,6.719285465806024149e-07
6.568000000000000000e+03,6.714365099469432607e-07
6.569000000000000000e+03,6.712642743877950124e-07
6.570000000000000000e+03,6.711118203384103253e-07
6.571000000000000000e+03,6.709619242428743746e-07
6.572000000000000000e+03,6.707851980536361225e-07
6.573000000000000000e+03,6.705436703668965492e-07
6.574000000000000000e+03,6.702867381136456970e-07
6.575000000000000000e+03,6.702219366161443759e-07
6.576000000000000000e+03,6.699839900647930335e-07
6.577000000000000000e+03,6.698726906506635714e-07
6.578000000000000000e+03,6.696964760521950666e-07
6.579000000000000000e+03,6.694457397316000424e-07
6.580000000000000000e+03,6.699440291413338855e-07
6.581000000000000000e+03,6.693430236737185623e-07
6.582000000000000000e+03,6.690809755127702374e-07
6.583000000000000000e+03,6.689053293484903406e-07
6.584000000000000000e+03,6.686087772322935052e-07
6.585000000000000000e+03,6.684719551230955403e-07
6.586000000000000000e+03,6.682999469376227353e-07
6.587000000000000000e+03,6.682041089334234130e-07
6.588000000000000000e+03,6.680407409476174507e-07
6.589000000000000000e+03,6.677841497548797633e-07
6.590000000000000000e+03,6.678763497802719940e-07
6.591000000000000000e+03,6.676507382508134469e-07
6.592000000000000000e+03,6.673477628282853402e-07
6.593000000000000000e+03,6.671314167761011049e-07
6.594000000000000000e+03,6.669434924333472736e-07
6.595000000000000000e+03,6.666938929811294656e-07
6.596000000000000000e+03,6.669757226518413518e-07
6.597000000000000000e+03,6.665765113211818971e-07
6.598000000000000000e+03,6.664028546765621286e-07
6.599000000000000000e+03,6.662311875516024884e-07
6.600000000000000000e+03,6.660528697466361336e-07
6.601000000000000000e+03,6.658605116172111593e-07
6.602000000000000000e+03,6.656896971435344312e-07
6.603000000000000000e+03,6.655033644165087026e-07
6.604000000000000000e+03,6.653217496932484210e-07
6.605000000000000000e+03,6.652305728493956849e-07
6.606000000000000000e+03,6.649589749940787442e-07
6.607000000000000000e+03,6.650969339716539253e-07
6.608000000000000000e+03,6.648238013440277427e-07
6.609000000000000000e+03,6.646637302765157074e-07
6.610000000000000000e+03,6.645119583481573500e-07
6.611000000000000000e+03,6.643753636126348283e-07
6.612000000000000000e+03,6.642325729444564786e-07
6.613000000000000000e+03,6.640455012529855594e-07
6.614000000000000000e+03,6.639118623752437998e-07
6.615000000000000000e+03,6.637946512455528136e-07
6.616000000000000000e+03,6.634259648308216128e-07
6.617000000000000000e+03,6.631203177676070482e-07
6.618000000000000000e+03,6.628071673731028568e-07
6.619000000000000000e+03,6.626364097428449895e-07
6.620000000000000000e+03,6.624803177146532107e-07
6.621000000000000000e+03,6.622920523113862146e-07
6.622000000000000000e+03,6.620809358537371736e-07
6.623000000000000000e+03,6.618539032388071064e-07
6.624000000000000000e+03,6.616951964133477304e-07
6.625000000000000000e+03,6.615058509851223789e-07
6.626000000000000000e+03,6.612766583202756010e-07
6.627000000000000000e+03,6.611518301724572666e-07
6.628000000000000000e+03,6.610600280509970617e-07
6.629000000000000000e+03,6.609494107578939293e-07
6.630000000000000000e+03,6.608178750866500195e-07
6.631000000000000000e+03,6.605689577554585412e-07
6.632000000000000000e+03,6.613442451453011017e-07
6.633000000000000000e+03,6.604963687095732894e-07
6.634000000000000000e+03,6.603943916161369998e-07
6.635000000000000000e+03,6.601432005481910892e-07
6.636000000000000000e+03,6.598536970159329940e-07
6.637000000000000000e+03,6.598314143957395572e-07
6.638000000000000000e+03,6.597412607334263157e-07
6.639000000000000000e+03,6.595803370146313682e-07
6.640000000000000000e+03,6.594741535081993788e-07
6.641000000000000000e+03,6.592812837880046573e-07
6.642000000000000000e+03,6.590289558516815305e-07
6.643000000000000000e+03,6.590013299501151778e-07
6.644000000000000000e+03,6.588470000679080840e-07
6.645000000000000000e+03,6.586675453945645131e-07
6.646000000000000000e+03,6.585611913578759413e-07
6.647000000000000000e+03,6.584895686501113232e-07
6.648000000000000000e+03,6.582829428225522861e-07
6.649000000000000000e+03,6.580995659533073194e-07
6.650000000000000000e+03,6.579451223842625041e-07
6.651000000000000000e+03,6.577243993888259865e-07
6.652000000000000000e+03,6.575395445906906389e-07
6.653000000000000000e+03,6.574572921635990497e-07
6.654000000000000000e+03,6.570509185621631332e-07
6.655000000000000000e+03,6.569485435647948179e-07
6.656000000000000000e+03,6.567770469700917602e-07
6.657000000000000000e+03,6.565292096638586372e-07
6.658000000000000000e+03,6.561738246091408655e-07
6.659000000000000000e+03,6.558904601661197376e-07
6.660000000000000000e+03,6.556080620612192433e-07
6.661000000000000000e+03,6.554224114552198444e-07
6.662000000000000000e+03,6.552930926773115061e-07
6.663000000000000000e+03,6.552233458023692947e-07
6.664000000000000000e+03,6.549587965309910942e-07
6.665000000000000000e+03,6.547580255755747203e-07
6.666000000000000000e+03,6.545561177517811302e-07
6.667000000000000000e+03,6.543384643009630963e-07
6.668000000000000000e+03,6.545652695422177203e-07
6.669000000000000000e+03,6.542682626786699984e-07
6.670000000000000000e+03,6.541353627653734293e-07
6.671000000000000000e+03,6.539611945299839135e-07
6.672000000000000000e+03,6.537085255331476219e-07
6.673000000000000000e+03,6.534902468047221191e-07
6.674000000000000000e+03,6.532027327921241522e-07
6.675000000000000000e+03,6.528334210997854825e-07
6.676000000000000000e+03,6.526050242428027559e-07
6.677000000000000000e+03,6.523864612972829491e-07
6.678000000000000000e+03,6.522839726130769122e-07
6.679000000000000000e+03,6.520688771161076147e-07
6.680000000000000000e+03,6.518806117128406186e-07
6.681000000000000000e+03,6.517626616187044419e-07
6.682000000000000000e+03,6.516166308756510261e-07
6.683000000000000000e+03,6.515603558909788262e-07
6.684000000000000000e+03,6.514666779366962146e-07
6.685000000000000000e+03,6.513256494145025499e-07
6.686000000000000000e+03,6.511041874546208419e-07
6.687000000000000000e+03,6.509383183583850041e-07
6.688000000000000000e+03,6.507352736662141979e-07
6.689000000000000000e+03,6.505763963104982395e-07
6.690000000000000000e+03,6.503639724542153999e-07
6.691000000000000000e+03,6.502473866021318827e-07
6.692000000000000000e+03,6.501255711555131711e-07
6.693000000000000000e+03,6.500262088593444787e-07
6.694000000000000000e+03,6.498727884718391579e-07
6.695000000000000000e+03,6.496488254015275743e-07
6.696000000000000000e+03,6.493369824056571815e-07
6.697000000000000000e+03,6.489639190476736985e-07
6.698000000000000000e+03,6.493203272839309648e-07
6.699000000000000000e+03,6.487969130830606446e-07
6.700000000000000000e+03,6.485259973487700336e-07
6.701000000000000000e+03,6.483581955762929283e-07
6.702000000000000000e+03,6.482817411779251415e-07
6.703000000000000000e+03,6.481939180957851931e-07
6.704000000000000000e+03,6.480686352006159723e-07
6.705000000000000000e+03,6.479014587057463359e-07
6.706000000000000000e+03,6.476698786173074041e-07
6.707000000000000000e+03,6.472219524766842369e-07
6.708000000000000000e+03,6.478670115939166863e-07
6.709000000000000000e+03,6.470834819083393086e-07
6.710000000000000000e+03,6.468502533607534133e-07
6.711000000000000000e+03,6.466376589742139913e-07
6.712000000000000000e+03,6.464932766903075390e-07
6.713000000000000000e+03,6.463141630774771329e-07
6.714000000000000000e+03,6.460227268689777702e-07
6.715000000000000000e+03,6.457893846345541533e-07
6.716000000000000000e+03,6.457004815274558496e-07
6.717000000000000000e+03,6.453535092987294775e-07
6.718000000000000000e+03,6.452752927543770056e-07
6.719000000000000000e+03,6.450804903579410166e-07
6.720000000000000000e+03,6.448685780924279243e-07
6.721000000000000000e+03,6.446599627452087589e-07
6.722000000000000000e+03,6.445154667744645849e-07
6.723000000000000000e+03,6.444530527005554177e-07
6.724000000000000000e+03,6.443816005230473820e-07
6.725000000000000000e+03,6.443050892812607344e-07
6.726000000000000000e+03,6.442024869102169760e-07
6.727000000000000000e+03,6.440519086936546955e-07
6.728000000000000000e+03,6.438270361286413390e-07
6.729000000000000000e+03,6.435581667574297171e-07
6.730000000000000000e+03,6.432750296880840324e-07
6.731000000000000000e+03,6.431169481402321253e-07
6.732000000000000000e+03,6.429723953260690905e-07
6.733000000000000000e+03,6.428890628740191460e-07
6.734000000000000000e+03,6.427466132663539611e-07
6.735000000000000000e+03,6.425793230846466031e-07
6.736000000000000000e+03,6.424553475881111808e-07
6.737000000000000000e+03,6.422777119041711558e-07
6.738000000000000000e+03,6.422120009119680617e-07
6.739000000000000000e+03,6.420685849661822431e-07
6.740000000000000000e+03,6.419634246412897483e-07
6.741000000000000000e+03,6.419208489205630030e-07
6.742000000000000000e+03,6.418013072106987238e-07
6.743000000000000000e+03,6.417482723009015899e-07
6.744000000000000000e+03,6.417011491066659801e-07
6.745000000000000000e+03,6.416359497052326333e-07
6.746000000000000000e+03,6.414962854250916280e-07
6.747000000000000000e+03,6.415148732230591122e-07
6.748000000000000000e+03,6.414059043891029432e-07
6.749000000000000000e+03,6.412824404833372682e-07
6.750000000000000000e+03,6.412046218429168221e-07
6.751000000000000000e+03,6.410969035641755909e-07
6.752000000000000000e+03,6.409121624528779648e-07
6.753000000000000000e+03,6.409065349544107448e-07
6.754000000000000000e+03,6.408034778360160999e-07
6.755000000000000000e+03,6.407091177607071586e-07
6.756000000000000000e+03,6.406408488146553282e-07
6.757000000000000000e+03,6.405713293133885600e-07
6.758000000000000000e+03,6.404140435734007042e-07
6.759000000000000000e+03,6.412768698282889090e-07
6.760000000000000000e+03,6.403842576219176408e-07
6.761000000000000000e+03,6.402584631359786727e-07
6.762000000000000000e+03,6.401332939276471734e-07
6.763000000000000000e+03,6.400222218871931545e-07
6.764000000000000000e+03,6.399282028723973781e-07
6.765000000000000000e+03,6.400039183063199744e-07
6.766000000000000000e+03,6.398691994036198594e-07
6.767000000000000000e+03,6.397661991286440752e-07
6.768000000000000000e+03,6.396448384293762501e-07
6.769000000000000000e+03,6.395797527147806250e-07
6.770000000000000000e+03,6.394630531758593861e-07
6.771000000000000000e+03,6.392291993506660219e-07
6.772000000000000000e+03,6.392555178535985760e-07
6.773000000000000000e+03,6.390951625689922366e-07
6.774000000000000000e+03,6.389085456248722039e-07
6.775000000000000000e+03,6.387612643266038503e-07
6.776000000000000000e+03,6.386392215063096955e-07
6.777000000000000000e+03,6.384686344063084107e-07
6.778000000000000000e+03,6.383133381859806832e-07
6.779000000000000000e+03,6.381294497259659693e-07
6.780000000000000000e+03,6.379729597938421648e-07
6.781000000000000000e+03,6.381089860951760784e-07
6.782000000000000000e+03,6.379030423886433709e-07
6.783000000000000000e+03,6.377575800797785632e-07
6.784000000000000000e+03,6.376818078024371061e-07
6.785000000000000000e+03,6.376048418132995721e-07
6.786000000000000000e+03,6.374871190928388387e-07
6.787000000000000000e+03,6.373197720677126199e-07
6.788000000000000000e+03,6.370667620103631634e-07
6.789000000000000000e+03,6.370520964082970750e-07
6.790000000000000000e+03,6.369330094457836822e-07
6.791000000000000000e+03,6.367999390022305306e-07
6.792000000000000000e+03,6.367125706674414687e-07
6.793000000000000000e+03,6.366173010974307545e-07
6.794000000000000000e+03,6.364347768794686999e-07
6.795000000000000000e+03,6.363799798236868810e-07
6.796000000000000000e+03,6.362508315760351252e-07
6.797000000000000000e+03,6.361758551065577194e-07
6.798000000000000000e+03,6.361008786370803136e-07
6.799000000000000000e+03,6.359779263220843859e-07
6.800000000000000000e+03,6.358072823786642402e-07
6.801000000000000000e+03,6.355901405186159536e-07
6.802000000000000000e+03,6.355589903250802308e-07
6.803000000000000000e+03,6.354408697006874718e-07
6.804000000000000000e+03,6.352602781589666847e-07
6.805000000000000000e+03,6.351854722197458614e-07
6.806000000000000000e+03,6.351020829242770560e-07
6.807000000000000000e+03,6.350359740281419363e-07
6.808000000000000000e+03,6.349620207402040251e-07
6.809000000000000000e+03,6.349062573463015724e-07
6.810000000000000000e+03,6.348520287247083616e-07
6.811000000000000000e+03,6.346351710817543790e-07
6.812000000000000000e+03,6.345980523292382713e-07
6.813000000000000000e+03,6.345221663650590926e-07
6.814000000000000000e+03,6.344436656036123168e-07
6.815000000000000000e+03,6.343685186038783286e-07
6.816000000000000000e+03,6.342703500195057131e-07
6.817000000000000000e+03,6.343021823340677656e-07
6.818000000000000000e+03,6.342096980915812310e-07
6.819000000000000000e+03,6.341330163195380010e-07
6.820000000000000000e+03,6.340407026073080488e-07
6.821000000000000000e+03,6.339054721138381865e-07
6.822000000000000000e+03,6.337167519632203039e-07
6.823000000000000000e+03,6.339378728625888471e-07
6.824000000000000000e+03,6.336392743833130226e-07
6.825000000000000000e+03,6.335428111015062314e-07
6.826000000000000000e+03,6.334659587992064189e-07
6.827000000000000000e+03,6.333831947813450824e-07
6.828000000000000000e+03,6.332022053356922697e-07
6.829000000000000000e+03,6.330017185973701999e-07
6.830000000000000000e+03,6.327970822894712910e-07
6.831000000000000000e+03,6.326955599433858879e-07
6.832000000000000000e+03,6.326070547402196098e-07
6.833000000000000000e+03,6.324925720946339425e-07
6.834000000000000000e+03,6.323817842712742276e-07
6.835000000000000000e+03,6.322312060547119472e-07
6.836000000000000000e+03,6.321662340269540437e-07
6.837000000000000000e+03,6.320418606264865957e-07
6.838000000000000000e+03,6.318589385045925155e-07
6.839000000000000000e+03,6.316454914667701814e-07
6.840000000000000000e+03,6.315076461760327220e-07
6.841000000000000000e+03,6.313309199867944699e-07
6.842000000000000000e+03,6.311483957688324153e-07
6.843000000000000000e+03,6.308784463726624381e-07
6.844000000000000000e+03,6.306387376753264107e-07
6.845000000000000000e+03,6.304202884166443255e-07
6.846000000000000000e+03,6.302580004557967186e-07
6.847000000000000000e+03,6.300413701865181793e-07
6.848000000000000000e+03,6.297867116700217593e-07
6.849000000000000000e+03,6.296110086623230018e-07
6.850000000000000000e+03,6.294796435213356744e-07
6.851000000000000000e+03,6.291741669883776922e-07
6.852000000000000000e+03,6.290425744737149216e-07
6.853000000000000000e+03,6.289428142736142036e-07
6.854000000000000000e+03,6.287632459134329110e-07
6.855000000000000000e+03,6.285279141593491659e-07
6.856000000000000000e+03,6.282149911385204177e-07
6.857000000000000000e+03,6.290979399636853486e-07
6.858000000000000000e+03,6.281114224293560255e-07
6.859000000000000000e+03,6.279515218921005726e-07
6.860000000000000000e+03,6.277847433011629619e-07
6.861000000000000000e+03,6.276436010921315756e-07
6.862000000000000000e+03,6.274775046222202946e-07
6.863000000000000000e+03,6.272827022257843055e-07
6.864000000000000000e+03,6.271423558246169705e-07
6.865000000000000000e+03,6.270406061048561241e-07
6.866000000000000000e+03,6.269319214879942592e-07
6.867000000000000000e+03,6.267773073886928614e-07
6.868000000000000000e+03,6.265647698455723003e-07
6.869000000000000000e+03,6.264731950977875385e-07
6.870000000000000000e+03,6.262998795136809349e-07
6.871000000000000000e+03,6.259132305785897188e-07
6.872000000000000000e+03,6.258118787627608981e-07
6.873000000000000000e+03,6.256884148569952231e-07
6.874000000000000000e+03,6.255536959542951081e-07
6.875000000000000000e+03,6.253559945434972178e-07
6.876000000000000000e+03,6.251881359276012518e-07
6.877000000000000000e+03,6.250313617783831432e-07
6.878000000000000000e+03,6.248977797440602444e-07
6.879000000000000000e+03,6.247638566492241807e-07
6.880000000000000000e+03,6.245690542527881917e-07
6.881000000000000000e+03,6.244356427487218753e-07
6.882000000000000000e+03,6.241812116059008986e-07
6.883000000000000000e+03,6.238491323529160582e-07
6.884000000000000000e+03,6.236329568309884053e-07
6.885000000000000000e+03,6.234309353203570936e-07
6.886000000000000000e+03,6.232859846022620331e-07
6.887000000000000000e+03,6.231383054000616539e-07
6.888000000000000000e+03,6.230641815818671603e-07
6.889000000000000000e+03,6.228382289918954484e-07
6.890000000000000000e+03,6.227643893907952588e-07
6.891000000000000000e+03,6.226988489288487472e-07
6.892000000000000000e+03,6.225751008059887681e-07
6.893000000000000000e+03,6.228955271581071429e-07
6.894000000000000000e+03,6.225367883416765835e-07
6.895000000000000000e+03,6.223975788088864647e-07
6.896000000000000000e+03,6.223214654710318428e-07
6.897000000000000000e+03,6.222481943041202612e-07
6.898000000000000000e+03,6.221303578968218062e-07
6.899000000000000000e+03,6.219698320819588844e-07
6.900000000000000000e+03,6.218670591806585435e-07
6.901000000000000000e+03,6.216871497599640861e-07
6.902000000000000000e+03,6.215978487489337567e-07
6.903000000000000000e+03,6.214985432961839251e-07
6.904000000000000000e+03,6.213725782799883746e-07
6.905000000000000000e+03,6.212219432200072333e-07
6.906000000000000000e+03,6.211080858520290349e-07
6.907000000000000000e+03,6.209550065250368789e-07
6.908000000000000000e+03,6.208227887327666394e-07
6.909000000000000000e+03,6.207077944964112248e-07
6.910000000000000000e+03,6.205546583260002080e-07
6.911000000000000000e+03,6.204679721122374758e-07
6.912000000000000000e+03,6.203383122738159727e-07
6.913000000000000000e+03,6.202001827659842093e-07
6.914000000000000000e+03,6.199384188221301883e-07
6.915000000000000000e+03,6.196967206051340327e-07
6.916000000000000000e+03,6.195018045218603220e-07
6.917000000000000000e+03,6.193973831614130177e-07
6.918000000000000000e+03,6.192617547640111297e-07
6.919000000000000000e+03,6.191764896357199177e-07
6.920000000000000000e+03,6.190679187056957744e-07
6.921000000000000000e+03,6.192317982822714839e-07
6.922000000000000000e+03,6.190012413753720466e-07
6.923000000000000000e+03,6.188740826473804191e-07
6.924000000000000000e+03,6.187447070260532200e-07
6.925000000000000000e+03,6.186405130392813589e-07
6.926000000000000000e+03,6.186766086102579720e-07
6.927000000000000000e+03,6.185794632074248511e-07
6.928000000000000000e+03,6.184961875987937674e-07
6.929000000000000000e+03,6.183927894198859576e-07
6.930000000000000000e+03,6.183552159200189635e-07
6.931000000000000000e+03,6.182419838296482340e-07
6.932000000000000000e+03,6.181287517392775044e-07
6.933000000000000000e+03,6.180028435665008146e-07
6.934000000000000000e+03,6.178651688060199376e-07
6.935000000000000000e+03,6.177610885060857981e-07
6.936000000000000000e+03,6.176629199217131827e-07
6.937000000000000000e+03,6.173987685542670079e-07
6.938000000000000000e+03,6.171187578729586676e-07
6.939000000000000000e+03,6.169222501739568543e-07
6.940000000000000000e+03,6.167970809656253550e-07
6.941000000000000000e+03,6.166989692246716004e-07
6.942000000000000000e+03,6.166054618006455712e-07
6.943000000000000000e+03,6.164598858049430419e-07
6.944000000000000000e+03,6.164443675515940413e-07
6.945000000000000000e+03,6.163917305457289331e-07
6.946000000000000000e+03,6.163073749121394940e-07
6.947000000000000000e+03,6.162001682241680101e-07
6.948000000000000000e+03,6.160817633826809470e-07
6.949000000000000000e+03,6.159360168567218352e-07
6.950000000000000000e+03,6.158213068374607246e-07
6.951000000000000000e+03,6.156714675853436347e-07
6.952000000000000000e+03,6.154954235171317123e-07
6.953000000000000000e+03,6.153246658868738450e-07
6.954000000000000000e+03,6.150989975139964372e-07
6.955000000000000000e+03,6.149278419798065443e-07
6.956000000000000000e+03,6.147822091406851541e-07
6.957000000000000000e+03,6.146361783976317383e-07
6.958000000000000000e+03,6.144816211417492013e-07
6.959000000000000000e+03,6.144468898128252476e-07
6.960000000000000000e+03,6.142883535176224541e-07
6.961000000000000000e+03,6.142403776721039321e-07
6.962000000000000000e+03,6.141576704976614565e-07
6.963000000000000000e+03,6.140452910585736390e-07
6.964000000000000000e+03,6.138541834843636025e-07
6.965000000000000000e+03,6.138232038210844621e-07
6.966000000000000000e+03,6.136639854048553389e-07
6.967000000000000000e+03,6.135884405011893250e-07
6.968000000000000000e+03,6.135209673630015459e-07
6.969000000000000000e+03,6.133989245427073911e-07
6.970000000000000000e+03,6.132013368187472224e-07
6.971000000000000000e+03,6.136116894595033955e-07
6.972000000000000000e+03,6.130832161943544634e-07
6.973000000000000000e+03,6.129724852144136094e-07
6.974000000000000000e+03,6.129762368800584227e-07
6.975000000000000000e+03,6.129271241661626846e-07
6.976000000000000000e+03,6.128826157691946719e-07
6.977000000000000000e+03,6.127941674094472546e-07
6.978000000000000000e+03,6.126539915385365020e-07
6.979000000000000000e+03,6.125334266471327282e-07
6.980000000000000000e+03,6.124040510258055292e-07
6.981000000000000000e+03,6.122630793470307253e-07
6.982000000000000000e+03,6.120262128206377383e-07
6.983000000000000000e+03,6.121624096522282343e-07
6.984000000000000000e+03,6.119753948041761760e-07
6.985000000000000000e+03,6.118654596320993733e-07
6.986000000000000000e+03,6.117480211287329439e-07
6.987000000000000000e+03,6.115733413025736809e-07
6.988000000000000000e+03,6.114206598795135505e-07
6.989000000000000000e+03,6.112670121183327865e-07
6.990000000000000000e+03,6.111871471148333512e-07
6.991000000000000000e+03,6.110701633588178083e-07
6.992000000000000000e+03,6.109952437327592634e-07
6.993000000000000000e+03,6.109023615863407031e-07
6.994000000000000000e+03,6.107445074121642392e-07
6.995000000000000000e+03,6.106623686719103716e-07
6.996000000000000000e+03,6.105673264755751006e-07
6.997000000000000000e+03,6.104437488829717040e-07
6.998000000000000000e+03,6.103487066866364330e-07
6.999000000000000000e+03,6.101559506532794330e-07
7.000000000000000000e+03,6.102181941969320178e-07
7.001000000000000000e+03,6.100663085817359388e-07
7.002000000000000000e+03,6.099108418311516289e-07
7.003000000000000000e+03,6.097694154050259385e-07
7.004000000000000000e+03,6.096669835642387625e-07
7.005000000000000000e+03,6.095648927839647513e-07
7.006000000000000000e+03,6.094636546549736522e-07
7.007000000000000000e+03,6.093972615417442285e-07
7.008000000000000000e+03,6.092882927077880595e-07
7.009000000000000000e+03,6.092105877542053349e-07
7.010000000000000000e+03,6.090564284022548236e-07
7.011000000000000000e+03,6.089046564738964662e-07
7.012000000000000000e+03,6.087108204155811109e-07
7.013000000000000000e+03,6.085564336899551563e-07
7.014000000000000000e+03,6.083912467147456482e-07
7.015000000000000000e+03,6.083411108193104155e-07
7.016000000000000000e+03,6.082040044930181466e-07
7.017000000000000000e+03,6.080955472498317249e-07
7.018000000000000000e+03,6.080278467379685026e-07
7.019000000000000000e+03,6.078676619836187456e-07
7.020000000000000000e+03,6.076628551454632543e-07
7.021000000000000000e+03,6.078208798498963006e-07
7.022000000000000000e+03,6.075590590626234189e-07
7.023000000000000000e+03,6.074480438655882608e-07
7.024000000000000000e+03,6.073559006836148910e-07
7.025000000000000000e+03,6.072920086808153428e-07
7.026000000000000000e+03,6.071873031032737345e-07
7.027000000000000000e+03,6.070638960409269203e-07
7.028000000000000000e+03,6.069246865081368014e-07
7.029000000000000000e+03,6.070933977753156796e-07
7.030000000000000000e+03,6.068575544304621872e-07
7.031000000000000000e+03,6.067776894269627519e-07
7.032000000000000000e+03,6.067099320716806687e-07
7.033000000000000000e+03,6.066559876671817619e-07
7.034000000000000000e+03,6.065924935683142394e-07
7.035000000000000000e+03,6.064520903237280436e-07
7.036000000000000000e+03,6.063611408535507508e-07
7.037000000000000000e+03,6.062721809030335862e-07
7.038000000000000000e+03,6.061902126930363011e-07
7.039000000000000000e+03,6.060971031729422975e-07
7.040000000000000000e+03,6.060442387934017461e-07
7.041000000000000000e+03,6.059182737772061955e-07
7.042000000000000000e+03,6.058738790670759045e-07
7.043000000000000000e+03,6.057684345250891056e-07
7.044000000000000000e+03,6.057217092347855214e-07
7.045000000000000000e+03,6.055962558093597181e-07
7.046000000000000000e+03,6.055299195395491552e-07
7.047000000000000000e+03,6.054197001503780484e-07
7.048000000000000000e+03,6.052765115782676730e-07
7.049000000000000000e+03,6.053003289707703516e-07
7.050000000000000000e+03,6.051591867617389653e-07
7.051000000000000000e+03,6.050243541722011287e-07
7.052000000000000000e+03,6.049065177649026737e-07
7.053000000000000000e+03,6.047892497917928267e-07
7.054000000000000000e+03,6.047595206837286241e-07
7.055000000000000000e+03,6.045677309884922579e-07
7.056000000000000000e+03,6.044805900273786392e-07
7.057000000000000000e+03,6.043655957910232246e-07
7.058000000000000000e+03,6.042956215424055699e-07
7.059000000000000000e+03,6.041782967258768622e-07
7.060000000000000000e+03,6.041101983100816142e-07
7.061000000000000000e+03,6.040302764631633181e-07
7.062000000000000000e+03,6.039253435119462665e-07
7.063000000000000000e+03,6.037665798430680297e-07
7.064000000000000000e+03,6.036732429492985830e-07
7.065000000000000000e+03,6.035560886630264577e-07
7.066000000000000000e+03,6.034479156369343400e-07
7.067000000000000000e+03,6.033435511199058965e-07
7.068000000000000000e+03,6.032457804394653067e-07
7.069000000000000000e+03,6.031473844814172480e-07
7.070000000000000000e+03,6.030399504197703209e-07
7.071000000000000000e+03,6.029870291968109086e-07
7.072000000000000000e+03,6.028998882356972899e-07
7.073000000000000000e+03,6.028770371813152451e-07
7.074000000000000000e+03,6.028246843925444409e-07
7.075000000000000000e+03,6.027094059390947223e-07
7.076000000000000000e+03,6.026261303304636385e-07
7.077000000000000000e+03,6.025354650773806497e-07
7.078000000000000000e+03,6.024541221449908335e-07
7.079000000000000000e+03,6.023813625688489992e-07
7.080000000000000000e+03,6.023290097800781950e-07
7.081000000000000000e+03,6.021967351443890948e-07
7.082000000000000000e+03,6.020446221555175725e-07
7.083000000000000000e+03,6.018915996719442774e-07
7.084000000000000000e+03,6.018002522978349589e-07
7.085000000000000000e+03,6.017500595589808654e-07
7.086000000000000000e+03,6.016628049110295251e-07
7.087000000000000000e+03,6.015937970005325042e-07
7.088000000000000000e+03,6.015079065946338233e-07
7.089000000000000000e+03,6.014199698256561533e-07
7.090000000000000000e+03,6.013333404553122818e-07
7.091000000000000000e+03,6.012214726069942117e-07
7.092000000000000000e+03,6.011387654325517360e-07
7.093000000000000000e+03,6.010136530676390976e-07
7.094000000000000000e+03,6.009391313455125783e-07
7.095000000000000000e+03,6.008370974086574279e-07
7.096000000000000000e+03,6.007099386806658003e-07
7.097000000000000000e+03,6.005885779813979752e-07
7.098000000000000000e+03,6.005410000398114789e-07
7.099000000000000000e+03,6.004729584674350917e-07
7.100000000000000000e+03,6.004526085234829225e-07
7.101000000000000000e+03,6.003956514177843928e-07
7.102000000000000000e+03,6.002927079862274695e-07
7.103000000000000000e+03,6.002928785164840519e-07
7.104000000000000000e+03,6.002213694955571555e-07
7.105000000000000000e+03,6.001314432069193572e-07
7.106000000000000000e+03,6.000535677230800502e-07
7.107000000000000000e+03,5.999921199872915167e-07
7.108000000000000000e+03,5.998840606480371207e-07
7.109000000000000000e+03,5.998754772917891387e-07
7.110000000000000000e+03,5.998182928124151658e-07
7.111000000000000000e+03,5.997502512400387786e-07
7.112000000000000000e+03,5.997056859996519051e-07
7.113000000000000000e+03,5.996363938720605802e-07
7.114000000000000000e+03,5.995599394736927934e-07
7.115000000000000000e+03,5.994665457365044858e-07
7.116000000000000000e+03,5.993853164909523912e-07
7.117000000000000000e+03,5.992612841509981081e-07
7.118000000000000000e+03,5.993997547193430364e-07
7.119000000000000000e+03,5.992145588606945239e-07
7.120000000000000000e+03,5.991344096401007846e-07
7.121000000000000000e+03,5.990257818666577805e-07
7.122000000000000000e+03,5.988889029140409548e-07
7.123000000000000000e+03,5.987434406051761471e-07
7.124000000000000000e+03,5.985635311844816897e-07
7.125000000000000000e+03,5.984003905723511707e-07
7.126000000000000000e+03,5.983225719319307245e-07
7.127000000000000000e+03,5.981842150504235178e-07
7.128000000000000000e+03,5.981119102216325700e-07
7.129000000000000000e+03,5.980024297969066538e-07
7.130000000000000000e+03,5.978651529403578024e-07
7.131000000000000000e+03,5.976637567073339596e-07
7.132000000000000000e+03,5.975421686343906913e-07
7.133000000000000000e+03,5.974129635433200747e-07
7.134000000000000000e+03,5.972690928501833696e-07
7.135000000000000000e+03,5.971239147584128659e-07
7.136000000000000000e+03,5.969135941086278763e-07
7.137000000000000000e+03,5.968787490928662010e-07
7.138000000000000000e+03,5.967154947938979603e-07
7.139000000000000000e+03,5.966284106762032025e-07
7.140000000000000000e+03,5.965110858596744947e-07
7.141000000000000000e+03,5.964025717730692122e-07
7.142000000000000000e+03,5.962359068689693231e-07
7.143000000000000000e+03,5.961352940175856929e-07
7.144000000000000000e+03,5.960779958513739984e-07
7.145000000000000000e+03,5.959794293630693574e-07
7.146000000000000000e+03,5.960138764748990070e-07
7.147000000000000000e+03,5.959037139291467611e-07
7.148000000000000000e+03,5.957945177215151489e-07
7.149000000000000000e+03,5.957212465546035673e-07
7.150000000000000000e+03,5.956707695986551698e-07
7.151000000000000000e+03,5.955698725301772356e-07
7.152000000000000000e+03,5.954887001280440018e-07
7.153000000000000000e+03,5.954304924671305344e-07
7.154000000000000000e+03,5.953638719802256674e-07
7.155000000000000000e+03,5.953154413873562589e-07
7.156000000000000000e+03,5.952411470389051829e-07
7.157000000000000000e+03,5.951248454039159697e-07
7.158000000000000000e+03,5.950512331764912233e-07
7.159000000000000000e+03,5.948691637058800552e-07
7.160000000000000000e+03,5.947360932623269036e-07
7.161000000000000000e+03,5.946977239545958582e-07
7.162000000000000000e+03,5.945008183516620193e-07
7.163000000000000000e+03,5.944531267232378013e-07
7.164000000000000000e+03,5.943279575149063021e-07
7.165000000000000000e+03,5.941632252870476805e-07
7.166000000000000000e+03,5.940404435023083352e-07
7.167000000000000000e+03,5.938629783486248925e-07
7.168000000000000000e+03,5.937459945926093496e-07
7.169000000000000000e+03,5.936407205808791332e-07
7.170000000000000000e+03,5.935626177233643830e-07
7.171000000000000000e+03,5.934861633249965962e-07
7.172000000000000000e+03,5.934463729317940306e-07
7.173000000000000000e+03,5.933621309850423131e-07
7.174000000000000000e+03,5.932757858317927457e-07
7.175000000000000000e+03,5.932017188570171129e-07
7.176000000000000000e+03,5.930588713454199024e-07
7.177000000000000000e+03,5.929494477641128469e-07
7.178000000000000000e+03,5.928191626480838750e-07
7.179000000000000000e+03,5.926857511440175585e-07
7.180000000000000000e+03,5.926355015617446043e-07
7.181000000000000000e+03,5.925470532019971870e-07
7.182000000000000000e+03,5.924728156969649717e-07
7.183000000000000000e+03,5.924124479861347936e-07
7.184000000000000000e+03,5.922840955463470891e-07
7.185000000000000000e+03,5.922275363445805851e-07
7.186000000000000000e+03,5.921001502429135144e-07
7.187000000000000000e+03,5.920493890698708128e-07
7.188000000000000000e+03,5.919447971791669261e-07
7.189000000000000000e+03,5.918400347582064569e-07
7.190000000000000000e+03,5.917419798606715631e-07
7.191000000000000000e+03,5.915635483688674867e-07
7.192000000000000000e+03,5.914513394600362517e-07
7.193000000000000000e+03,5.912569918109511491e-07
7.194000000000000000e+03,5.912673941566026770e-07
7.195000000000000000e+03,5.911508651479380205e-07
7.196000000000000000e+03,5.910600293645984493e-07
7.197000000000000000e+03,5.909666356274101418e-07
7.198000000000000000e+03,5.908530056331073865e-07
7.199000000000000000e+03,5.907403988203441259e-07
7.200000000000000000e+03,5.906260867050150409e-07
7.201000000000000000e+03,5.905711759623955004e-07
7.202000000000000000e+03,5.904660156375030056e-07
7.203000000000000000e+03,5.903342525925836526e-07
7.204000000000000000e+03,5.901759436710563023e-07
7.205000000000000000e+03,5.900239443690225016e-07
7.206000000000000000e+03,5.900403721170732751e-07
7.207000000000000000e+03,5.899473194403981324e-07
7.208000000000000000e+03,5.897928758713533171e-07
7.209000000000000000e+03,5.896793595638882834e-07
7.210000000000000000e+03,5.895111598874791525e-07
7.211000000000000000e+03,5.893476213714166079e-07
7.212000000000000000e+03,5.891703835914086085e-07
7.213000000000000000e+03,5.890009902032034006e-07
7.214000000000000000e+03,5.888836653866746929e-07
7.215000000000000000e+03,5.887786755920387805e-07
7.216000000000000000e+03,5.887443421670468524e-07
7.217000000000000000e+03,5.886197982363228220e-07
7.218000000000000000e+03,5.885499376745428890e-07
7.219000000000000000e+03,5.884747906748089008e-07
7.220000000000000000e+03,5.883481435375870205e-07
7.221000000000000000e+03,5.881338438484817743e-07
7.222000000000000000e+03,5.880381763745390344e-07
7.223000000000000000e+03,5.879114155504794326e-07
7.224000000000000000e+03,5.878349611521116458e-07
7.225000000000000000e+03,5.877471949133905582e-07
7.226000000000000000e+03,5.876146929040260147e-07
7.227000000000000000e+03,5.874658768334484193e-07
7.228000000000000000e+03,5.873752115803654306e-07
7.229000000000000000e+03,5.873180271009914577e-07
7.230000000000000000e+03,5.872445285604044329e-07
7.231000000000000000e+03,5.871314101568714250e-07
7.232000000000000000e+03,5.870220434189832304e-07
7.233000000000000000e+03,5.869304686711984687e-07
7.234000000000000000e+03,5.868337211722973734e-07
7.235000000000000000e+03,5.866768333362415433e-07
7.236000000000000000e+03,5.865651928615989164e-07
7.237000000000000000e+03,5.865118737347074784e-07
7.238000000000000000e+03,5.864154672963195480e-07
7.239000000000000000e+03,5.862969487679947633e-07
7.240000000000000000e+03,5.863217893420369364e-07
7.241000000000000000e+03,5.862358420927193947e-07
7.242000000000000000e+03,5.860996452611288987e-07
7.243000000000000000e+03,5.859357088411343284e-07
7.244000000000000000e+03,5.857548899257380981e-07
7.245000000000000000e+03,5.855611675542604644e-07
7.246000000000000000e+03,5.855969789081427734e-07
7.247000000000000000e+03,5.854768119206710253e-07
7.248000000000000000e+03,5.853520974596904125e-07
7.249000000000000000e+03,5.852369895364972763e-07
7.250000000000000000e+03,5.851235300724511035e-07
7.251000000000000000e+03,5.852633080394298304e-07
7.252000000000000000e+03,5.850904472026741132e-07
7.253000000000000000e+03,5.849940976077050436e-07
7.254000000000000000e+03,5.849232707078044768e-07
7.255000000000000000e+03,5.848293085364275612e-07
7.256000000000000000e+03,5.846931117048370652e-07
7.257000000000000000e+03,5.845301416229631286e-07
7.258000000000000000e+03,5.844223665008030366e-07
7.259000000000000000e+03,5.842688324264599942e-07
7.260000000000000000e+03,5.841737333867058624e-07
7.261000000000000000e+03,5.841098413839063141e-07
7.262000000000000000e+03,5.840353765051986557e-07
7.263000000000000000e+03,5.839066830048977863e-07
7.264000000000000000e+03,5.838524543833045755e-07
7.265000000000000000e+03,5.837789558427175507e-07
7.266000000000000000e+03,5.836570835526799783e-07
7.267000000000000000e+03,5.838579681949340738e-07
7.268000000000000000e+03,5.835703973389172461e-07
7.269000000000000000e+03,5.833979912495124154e-07
7.270000000000000000e+03,5.833130103383155074e-07
7.271000000000000000e+03,5.832039846609404776e-07
7.272000000000000000e+03,5.831445832882309332e-07
7.273000000000000000e+03,5.830582381349813659e-07
7.274000000000000000e+03,5.829674591950606555e-07
7.275000000000000000e+03,5.828792950524075422e-07
7.276000000000000000e+03,5.827924951518070884e-07
7.277000000000000000e+03,5.826784104101534467e-07
7.278000000000000000e+03,5.825725111208157614e-07
7.279000000000000000e+03,5.824969093737308867e-07
7.280000000000000000e+03,5.824709319313114975e-07
7.281000000000000000e+03,5.823366109325434081e-07
7.282000000000000000e+03,5.822881803396739997e-07
7.283000000000000000e+03,5.822240609631990083e-07
7.284000000000000000e+03,5.821410695716622286e-07
7.285000000000000000e+03,5.820376145493355580e-07
7.286000000000000000e+03,5.819331931888882536e-07
7.287000000000000000e+03,5.818450858896540012e-07
7.288000000000000000e+03,5.817472015223756898e-07
7.289000000000000000e+03,5.817649935124791227e-07
7.290000000000000000e+03,5.816937687086465303e-07
7.291000000000000000e+03,5.816337420583295170e-07
7.292000000000000000e+03,5.815658141727908514e-07
7.293000000000000000e+03,5.814978862872521859e-07
7.294000000000000000e+03,5.814289352201740257e-07
7.295000000000000000e+03,5.812978542962810025e-07
7.296000000000000000e+03,5.812228778268035967e-07
7.297000000000000000e+03,5.811436381009116303e-07
7.298000000000000000e+03,5.810692300656228326e-07
7.299000000000000000e+03,5.809696972391975578e-07
7.300000000000000000e+03,5.808294645248679444e-07
7.301000000000000000e+03,5.807016805192688480e-07
7.302000000000000000e+03,5.806652438877790701e-07
7.303000000000000000e+03,5.805337082165351603e-07
7.304000000000000000e+03,5.804513421026058495e-07
7.305000000000000000e+03,5.803217391076032072e-07
7.306000000000000000e+03,5.801667271043697838e-07
7.307000000000000000e+03,5.806933245366963092e-07
7.308000000000000000e+03,5.801182965115003753e-07
7.309000000000000000e+03,5.799878408652148210e-07
7.310000000000000000e+03,5.799088285129982978e-07
7.311000000000000000e+03,5.797811581942369230e-07
7.312000000000000000e+03,5.796409254799073096e-07
7.313000000000000000e+03,5.794116759716416709e-07
7.314000000000000000e+03,5.792758770439832006e-07
7.315000000000000000e+03,5.791441708424827084e-07
7.316000000000000000e+03,5.790628279100928921e-07
7.317000000000000000e+03,5.789462420580093749e-07
7.318000000000000000e+03,5.788680823570757639e-07
7.319000000000000000e+03,5.789515284959634300e-07
7.320000000000000000e+03,5.787959480585413985e-07
7.321000000000000000e+03,5.786806696050916798e-07
7.322000000000000000e+03,5.785869348073902074e-07
7.323000000000000000e+03,5.784893346572062001e-07
7.324000000000000000e+03,5.783157348560052924e-07
7.325000000000000000e+03,5.781228082923917100e-07
7.326000000000000000e+03,5.779675120720639825e-07
7.327000000000000000e+03,5.778471745543356519e-07
7.328000000000000000e+03,5.777555429631320294e-07
7.329000000000000000e+03,5.776586817773932125e-07
7.330000000000000000e+03,5.774582518824900035e-07
7.331000000000000000e+03,5.786142196484433953e-07
7.332000000000000000e+03,5.773890165983175393e-07
7.333000000000000000e+03,5.772521376457007136e-07
7.334000000000000000e+03,5.771103133156429976e-07
7.335000000000000000e+03,5.769658173448988236e-07
7.336000000000000000e+03,5.768339974565606099e-07
7.337000000000000000e+03,5.766492563452629838e-07
7.338000000000000000e+03,5.765380137745523825e-07
7.339000000000000000e+03,5.764363208982103970e-07
7.340000000000000000e+03,5.762582873103383463e-07
7.341000000000000000e+03,5.760545604971412104e-07
7.342000000000000000e+03,5.760622912021062803e-07
7.343000000000000000e+03,5.759204100286297034e-07
7.344000000000000000e+03,5.757998451372259296e-07
7.345000000000000000e+03,5.757148642260290217e-07
7.346000000000000000e+03,5.755932761530857533e-07
7.347000000000000000e+03,5.753848881795420311e-07
7.348000000000000000e+03,5.752791594204609282e-07
7.349000000000000000e+03,5.750985678787401412e-07
7.350000000000000000e+03,5.750149512095958926e-07
7.351000000000000000e+03,5.749243996433506254e-07
7.352000000000000000e+03,5.747471050199237652e-07
7.353000000000000000e+03,5.746463216382835526e-07
7.354000000000000000e+03,5.744579425481788348e-07
7.355000000000000000e+03,5.743420388171216473e-07
7.356000000000000000e+03,5.742573421230190434e-07
7.357000000000000000e+03,5.740911888096889015e-07
7.358000000000000000e+03,5.739602784160524607e-07
7.359000000000000000e+03,5.738154982282139827e-07
7.360000000000000000e+03,5.737051651522051543e-07
7.361000000000000000e+03,5.736262096434074920e-07
7.362000000000000000e+03,5.735074068979884032e-07
7.363000000000000000e+03,5.733839429922227282e-07
7.364000000000000000e+03,5.733058401347079780e-07
7.365000000000000000e+03,5.732194381380395498e-07
7.366000000000000000e+03,5.731190526603313629e-07
7.367000000000000000e+03,5.730102543566317763e-07
7.368000000000000000e+03,5.728604151045146864e-07
7.369000000000000000e+03,5.726082576984481420e-07
7.370000000000000000e+03,5.732214276576996781e-07
7.371000000000000000e+03,5.725494816033460665e-07
7.372000000000000000e+03,5.724163543163740542e-07
7.373000000000000000e+03,5.723281333303020801e-07
7.374000000000000000e+03,5.722221771975455340e-07
7.375000000000000000e+03,5.724096467929484788e-07
7.376000000000000000e+03,5.721867069041763898e-07
7.377000000000000000e+03,5.720573312828491908e-07
7.378000000000000000e+03,5.719636533285665791e-07
7.379000000000000000e+03,5.718147804145701230e-07
7.380000000000000000e+03,5.716256055166013539e-07
7.381000000000000000e+03,5.715220936508558225e-07
7.382000000000000000e+03,5.712679467251291499e-07
7.383000000000000000e+03,5.711266908292600419e-07
7.384000000000000000e+03,5.709889592253603041e-07
7.385000000000000000e+03,5.708645289814739954e-07
7.386000000000000000e+03,5.707543095923028886e-07
7.387000000000000000e+03,5.705328476324211806e-07
7.388000000000000000e+03,5.707211698791070376e-07
7.389000000000000000e+03,5.704306431653094478e-07
7.390000000000000000e+03,5.703162742065615021e-07
7.391000000000000000e+03,5.701464829144242685e-07
7.392000000000000000e+03,5.700268843611411285e-07
7.393000000000000000e+03,5.699189955521433149e-07
7.394000000000000000e+03,5.697882556887634564e-07
7.395000000000000000e+03,5.696429070667363703e-07
7.396000000000000000e+03,5.695170557373785414e-07
7.397000000000000000e+03,5.692564286619017366e-07
7.398000000000000000e+03,5.691856586054200307e-07
7.399000000000000000e+03,5.690031912308768369e-07
7.400000000000000000e+03,5.689626618732290808e-07
7.401000000000000000e+03,5.688611395271436777e-07
7.402000000000000000e+03,5.686322310793912038e-07
7.403000000000000000e+03,5.685432142854551785e-07
7.404000000000000000e+03,5.682150003849528730e-07
7.405000000000000000e+03,5.681219477082777303e-07
7.406000000000000000e+03,5.680074650626920629e-07
7.407000000000000000e+03,5.678570573763863649e-07
7.408000000000000000e+03,5.675892111867142376e-07
7.409000000000000000e+03,5.676371301888138987e-07
7.410000000000000000e+03,5.674808107869466767e-07
7.411000000000000000e+03,5.672758334185346030e-07
7.412000000000000000e+03,5.671154781339282636e-07
7.413000000000000000e+03,5.670053155881760176e-07
7.414000000000000000e+03,5.668874791808775626e-07
7.415000000000000000e+03,5.668632070410239976e-07
7.416000000000000000e+03,5.667916980200971011e-07
7.417000000000000000e+03,5.666952347382903099e-07
7.418000000000000000e+03,5.665781941388559062e-07
7.419000000000000000e+03,5.664488753609475680e-07
7.420000000000000000e+03,5.662423632202262525e-07
7.421000000000000000e+03,5.662285502694430761e-07
7.422000000000000000e+03,5.661220257024979219e-07
7.423000000000000000e+03,5.660115789396513719e-07
7.424000000000000000e+03,5.658857276102935430e-07
7.425000000000000000e+03,5.657652195623086300e-07
7.426000000000000000e+03,5.655180643771018367e-07
7.427000000000000000e+03,5.653764105773007032e-07
7.428000000000000000e+03,5.651978085552400444e-07
7.429000000000000000e+03,5.651090191349794623e-07
7.430000000000000000e+03,5.649927174999902491e-07
7.431000000000000000e+03,5.647802936437074095e-07
7.432000000000000000e+03,5.651202741319139022e-07
7.433000000000000000e+03,5.647069087899581064e-07
7.434000000000000000e+03,5.645760552397405263e-07
7.435000000000000000e+03,5.644790235237451270e-07
7.436000000000000000e+03,5.643926783704955596e-07
7.437000000000000000e+03,5.642393716698279604e-07
7.438000000000000000e+03,5.639435016746574547e-07
7.439000000000000000e+03,5.639136588797555305e-07
7.440000000000000000e+03,5.637526783175417222e-07
7.441000000000000000e+03,5.634783519781194627e-07
7.442000000000000000e+03,5.633207251776184421e-07
7.443000000000000000e+03,5.631482054013758898e-07
7.444000000000000000e+03,5.629802899420610629e-07
7.445000000000000000e+03,5.628052122119697742e-07
7.446000000000000000e+03,5.626114898404921405e-07
7.447000000000000000e+03,5.625475978376925923e-07
7.448000000000000000e+03,5.624625600830768235e-07
7.449000000000000000e+03,5.622570142804761417e-07
7.450000000000000000e+03,5.621442937808751594e-07
7.451000000000000000e+03,5.619089051833725534e-07
7.452000000000000000e+03,5.617318379336211365e-07
7.453000000000000000e+03,5.615864893115940504e-07
7.454000000000000000e+03,5.613965754491800908e-07
7.455000000000000000e+03,5.611812525785353500e-07
7.456000000000000000e+03,5.606900685961591080e-07
7.457000000000000000e+03,5.603849899671331514e-07
7.458000000000000000e+03,5.601494308393739630e-07
7.459000000000000000e+03,5.599960672952875029e-07
7.460000000000000000e+03,5.598665779871225823e-07
7.461000000000000000e+03,5.597610766017169226e-07
7.462000000000000000e+03,5.596292567133787088e-07
7.463000000000000000e+03,5.594413892140437383e-07
7.464000000000000000e+03,5.593088303612603340e-07
7.465000000000000000e+03,5.590638920693891123e-07
7.466000000000000000e+03,5.589745910583587829e-07
7.467000000000000000e+03,5.588528892985777929e-07
7.468000000000000000e+03,5.587930900219362229e-07
7.469000000000000000e+03,5.586754809883132111e-07
7.470000000000000000e+03,5.585595204138371628e-07
7.471000000000000000e+03,5.584493010246660560e-07
7.472000000000000000e+03,5.583491429206333123e-07
7.473000000000000000e+03,5.582481890087365173e-07
7.474000000000000000e+03,5.580643573921406642e-07
7.475000000000000000e+03,5.578705213338253088e-07
7.476000000000000000e+03,5.577485922003688756e-07
7.477000000000000000e+03,5.576408739216276444e-07
7.478000000000000000e+03,5.575818136094312649e-07
7.479000000000000000e+03,5.574507326855382416e-07
7.480000000000000000e+03,5.572697432398854289e-07
7.481000000000000000e+03,5.573606358666438609e-07
7.482000000000000000e+03,5.571449150920670945e-07
7.483000000000000000e+03,5.569314680542447604e-07
7.484000000000000000e+03,5.567829930441803299e-07
7.485000000000000000e+03,5.565945571106567513e-07
7.486000000000000000e+03,5.564103844335477334e-07
7.487000000000000000e+03,5.564535285884630866e-07
7.488000000000000000e+03,5.563417175835638773e-07
7.489000000000000000e+03,5.562724254559725523e-07
7.490000000000000000e+03,5.561976763601705898e-07
7.491000000000000000e+03,5.561055331781972200e-07
7.492000000000000000e+03,5.559452915804286022e-07
7.493000000000000000e+03,5.558479188039200380e-07
7.494000000000000000e+03,5.556969995268445928e-07
7.495000000000000000e+03,5.555778557209123392e-07
7.496000000000000000e+03,5.553948767555993982e-07
7.497000000000000000e+03,5.551788717639283277e-07
7.498000000000000000e+03,5.555965003622986842e-07
7.499000000000000000e+03,5.550897412831545807e-07
7.500000000000000000e+03,5.549480874833534472e-07
7.501000000000000000e+03,5.548142212319362443e-07
7.502000000000000000e+03,5.546685315493959934e-07
7.503000000000000000e+03,5.545017529584583826e-07
7.504000000000000000e+03,5.543684551412297878e-07
7.505000000000000000e+03,5.542169105865468737e-07
7.506000000000000000e+03,5.541105565498583019e-07
7.507000000000000000e+03,5.540005076909437776e-07
7.508000000000000000e+03,5.539398557630192954e-07
7.509000000000000000e+03,5.536680873774457723e-07
7.510000000000000000e+03,5.535689524549525231e-07
7.511000000000000000e+03,5.534724323297268711e-07
7.512000000000000000e+03,5.533108264899055939e-07
7.513000000000000000e+03,5.532633622351568192e-07
7.514000000000000000e+03,5.529614668375870679e-07
7.515000000000000000e+03,5.528753490580129437e-07
7.516000000000000000e+03,5.527770099433837458e-07
7.517000000000000000e+03,5.526979407477483619e-07
7.518000000000000000e+03,5.525760116142919287e-07
7.519000000000000000e+03,5.524303787751705386e-07
7.520000000000000000e+03,5.523714321498118807e-07
7.521000000000000000e+03,5.522173864846990909e-07
7.522000000000000000e+03,5.520834633898630273e-07
7.523000000000000000e+03,5.519130468201183248e-07
7.524000000000000000e+03,5.517610475180845242e-07
7.525000000000000000e+03,5.515898351404757705e-07
7.526000000000000000e+03,5.514696113095851615e-07
7.527000000000000000e+03,5.513884957508707885e-07
7.528000000000000000e+03,5.512360985449049622e-07
7.529000000000000000e+03,5.511305971594993025e-07
7.530000000000000000e+03,5.510565870281425305e-07
7.531000000000000000e+03,5.509186280505673494e-07
7.532000000000000000e+03,5.508335334525327198e-07
7.533000000000000000e+03,5.507492346623621415e-07
7.534000000000000000e+03,5.506265665644605178e-07
7.535000000000000000e+03,5.505081048795545939e-07
7.536000000000000000e+03,5.508009053301066160e-07
7.537000000000000000e+03,5.504607543116435409e-07
7.538000000000000000e+03,5.503969191522628535e-07
7.539000000000000000e+03,5.502933504430984613e-07
7.540000000000000000e+03,5.501725013346003834e-07
7.541000000000000000e+03,5.499607027559250128e-07
7.542000000000000000e+03,5.501498208104749210e-07
7.543000000000000000e+03,5.498698669725854415e-07
7.544000000000000000e+03,5.496203812072053552e-07
7.545000000000000000e+03,5.494408128470240626e-07
7.546000000000000000e+03,5.492871650858432986e-07
7.547000000000000000e+03,5.491551178238296416e-07
7.548000000000000000e+03,5.489893055710126646e-07
7.549000000000000000e+03,5.487826797434536275e-07
7.550000000000000000e+03,5.486421059686108492e-07
7.551000000000000000e+03,5.485233032231917605e-07
7.552000000000000000e+03,5.483834115693753120e-07
7.553000000000000000e+03,5.482527853928331751e-07
7.554000000000000000e+03,5.481098810378171038e-07
7.555000000000000000e+03,5.480017648551438469e-07
7.556000000000000000e+03,5.477534728015598375e-07
7.557000000000000000e+03,5.475235411722678691e-07
7.558000000000000000e+03,5.473930286825634539e-07
7.559000000000000000e+03,5.472101065606693737e-07
7.560000000000000000e+03,5.470807309393421747e-07
7.561000000000000000e+03,5.469795496537699364e-07
7.562000000000000000e+03,5.467742312248446979e-07
7.563000000000000000e+03,5.465726076181454118e-07
7.564000000000000000e+03,5.464183345793571789e-07
7.565000000000000000e+03,5.462656531562970486e-07
7.566000000000000000e+03,5.461049568111775443e-07
7.567000000000000000e+03,5.459157819132087752e-07
7.568000000000000000e+03,5.457795282381994184e-07
7.569000000000000000e+03,5.455215728034090716e-07
7.570000000000000000e+03,5.454451752484601457e-07
7.571000000000000000e+03,5.453231892715848517e-07
7.572000000000000000e+03,5.453643439068400767e-07
7.573000000000000000e+03,5.452816367323976010e-07
7.574000000000000000e+03,5.451980200632533524e-07
7.575000000000000000e+03,5.450482944979739841e-07
7.576000000000000000e+03,5.448823117149004247e-07
7.577000000000000000e+03,5.447193984764453489e-07
7.578000000000000000e+03,5.447130888569517992e-07
7.579000000000000000e+03,5.446214004223293159e-07
7.580000000000000000e+03,5.444761086437210906e-07
7.581000000000000000e+03,5.443781674330239184e-07
7.582000000000000000e+03,5.442462907012668438e-07
7.583000000000000000e+03,5.440847985482832883e-07
7.584000000000000000e+03,5.439416099761729129e-07
7.585000000000000000e+03,5.437854042611434124e-07
7.586000000000000000e+03,5.436312449091929011e-07
7.587000000000000000e+03,5.435255729935306590e-07
7.588000000000000000e+03,5.433490741779678501e-07
7.589000000000000000e+03,5.432359557744348422e-07
7.590000000000000000e+03,5.431218710327812005e-07
7.591000000000000000e+03,5.429745897345128469e-07
7.592000000000000000e+03,5.427633595900260843e-07
7.593000000000000000e+03,5.426416009868262336e-07
7.594000000000000000e+03,5.425216045296110678e-07
7.595000000000000000e+03,5.424558366939891130e-07
7.596000000000000000e+03,5.423814286587003153e-07
7.597000000000000000e+03,5.424271876108832657e-07
7.598000000000000000e+03,5.423393076853244565e-07
7.599000000000000000e+03,5.422318167802586686e-07
7.600000000000000000e+03,5.421516675596649293e-07
7.601000000000000000e+03,5.420992010840564035e-07
7.602000000000000000e+03,5.420104116637958214e-07
7.603000000000000000e+03,5.418313548943842761e-07
7.604000000000000000e+03,5.417185775513644330e-07
7.605000000000000000e+03,5.415309374257049058e-07
7.606000000000000000e+03,5.414248676061106380e-07
7.607000000000000000e+03,5.412472319221706130e-07
7.608000000000000000e+03,5.412841233010112774e-07
7.609000000000000000e+03,5.411533265942125581e-07
7.610000000000000000e+03,5.410290100371639710e-07
7.611000000000000000e+03,5.408844003795820754e-07
7.612000000000000000e+03,5.407575258686847519e-07
7.613000000000000000e+03,5.405971705840784125e-07
7.614000000000000000e+03,5.404901912697823718e-07
7.615000000000000000e+03,5.403865657171991188e-07
7.616000000000000000e+03,5.403271643444895744e-07
7.617000000000000000e+03,5.401912517299933825e-07
7.618000000000000000e+03,5.399948008744104300e-07
7.619000000000000000e+03,5.397670861384540331e-07
7.620000000000000000e+03,5.396265123636112548e-07
7.621000000000000000e+03,5.394458071350527462e-07
7.622000000000000000e+03,5.393458764046954457e-07
7.623000000000000000e+03,5.392333832787699066e-07
7.624000000000000000e+03,5.391119657360832207e-07
7.625000000000000000e+03,5.388848762777342927e-07
7.626000000000000000e+03,5.387570922721351963e-07
7.627000000000000000e+03,5.386462476053566206e-07
7.628000000000000000e+03,5.385978738559060730e-07
7.629000000000000000e+03,5.384052315093867946e-07
7.630000000000000000e+03,5.382615881899255328e-07
7.631000000000000000e+03,5.381582468544365838e-07
7.632000000000000000e+03,5.380127845455717761e-07
7.633000000000000000e+03,5.378963123803259805e-07
7.634000000000000000e+03,5.376709850679617375e-07
7.635000000000000000e+03,5.375329124035488348e-07
7.636000000000000000e+03,5.373109956963162404e-07
7.637000000000000000e+03,5.372514237933501136e-07
7.638000000000000000e+03,5.369944346966804005e-07
7.639000000000000000e+03,5.369173550207051449e-07
7.640000000000000000e+03,5.367942321754526347e-07
7.641000000000000000e+03,5.366036930354312062e-07
7.642000000000000000e+03,5.369273594624246471e-07
7.643000000000000000e+03,5.364678941077727359e-07
7.644000000000000000e+03,5.362629735827795230e-07
7.645000000000000000e+03,5.361104626899759751e-07
7.646000000000000000e+03,5.359451051845098846e-07
7.647000000000000000e+03,5.356829433367238380e-07
7.648000000000000000e+03,5.358343173611501697e-07
7.649000000000000000e+03,5.355703365239605773e-07
7.650000000000000000e+03,5.353272172214929014e-07
7.651000000000000000e+03,5.351975573830713984e-07
7.652000000000000000e+03,5.350531750991649460e-07
7.653000000000000000e+03,5.348646254788036458e-07
7.654000000000000000e+03,5.351648724172264338e-07
7.655000000000000000e+03,5.347520186660403851e-07
7.656000000000000000e+03,5.346273042050597724e-07
7.657000000000000000e+03,5.345433464754023589e-07
7.658000000000000000e+03,5.344028863873973023e-07
7.659000000000000000e+03,5.341890982890618034e-07
7.660000000000000000e+03,5.342650410966598429e-07
7.661000000000000000e+03,5.340642132978246082e-07
7.662000000000000000e+03,5.338690129974565934e-07
7.663000000000000000e+03,5.337381594472390134e-07
7.664000000000000000e+03,5.336402182365418412e-07
7.665000000000000000e+03,5.334545107871235814e-07
7.666000000000000000e+03,5.334019874680961948e-07
7.667000000000000000e+03,5.331626198312733322e-07
7.668000000000000000e+03,5.330687145033152774e-07
7.669000000000000000e+03,5.329166583578626160e-07
7.670000000000000000e+03,5.326924679138755891e-07
7.671000000000000000e+03,5.325115921550604980e-07
7.672000000000000000e+03,5.323167897586245090e-07
7.673000000000000000e+03,5.321827529769507237e-07
7.674000000000000000e+03,5.320082436810480431e-07
7.675000000000000000e+03,5.318781859386945143e-07
7.676000000000000000e+03,5.316846340974734630e-07
7.677000000000000000e+03,5.316749138728482649e-07
7.678000000000000000e+03,5.315909561431908514e-07
7.679000000000000000e+03,5.314863074090681039e-07
7.680000000000000000e+03,5.313568749443220440e-07
7.681000000000000000e+03,5.312367648002691567e-07
7.682000000000000000e+03,5.310458277563157026e-07
7.683000000000000000e+03,5.309412927090306766e-07
7.684000000000000000e+03,5.307622927830379922e-07
7.685000000000000000e+03,5.307133505993988365e-07
7.686000000000000000e+03,5.306631578605447430e-07
7.687000000000000000e+03,5.305446961756388191e-07
7.688000000000000000e+03,5.306818593453499489e-07
7.689000000000000000e+03,5.304711976350517944e-07
7.690000000000000000e+03,5.303270995682396460e-07
7.691000000000000000e+03,5.301719738781685010e-07
7.692000000000000000e+03,5.300183261169877369e-07
7.693000000000000000e+03,5.299681902215525042e-07
7.694000000000000000e+03,5.298101086737005971e-07
7.695000000000000000e+03,5.297274583426769823e-07
7.696000000000000000e+03,5.296047902447753586e-07
7.697000000000000000e+03,5.294814400258474052e-07
7.698000000000000000e+03,5.293316007737303153e-07
7.699000000000000000e+03,5.291897764436725993e-07
7.700000000000000000e+03,5.291305456012196373e-07
7.701000000000000000e+03,5.289568321131810080e-07
7.702000000000000000e+03,5.288832767291751225e-07
7.703000000000000000e+03,5.287851649882213678e-07
7.704000000000000000e+03,5.287063231662614271e-07
7.705000000000000000e+03,5.286210580379702151e-07
7.706000000000000000e+03,5.285935458232415840e-07
7.707000000000000000e+03,5.284764483803883195e-07
7.708000000000000000e+03,5.283709469949826598e-07
7.709000000000000000e+03,5.282136612549948040e-07
7.710000000000000000e+03,5.281611379359674174e-07
7.711000000000000000e+03,5.280370487525942735e-07
7.712000000000000000e+03,5.279897550281020813e-07
7.713000000000000000e+03,5.279127321955456864e-07
7.714000000000000000e+03,5.277812533677206375e-07
7.715000000000000000e+03,5.276681918076064903e-07
7.716000000000000000e+03,5.274840191304974724e-07
7.717000000000000000e+03,5.274079057926428504e-07
7.718000000000000000e+03,5.273213332657178398e-07
7.719000000000000000e+03,5.271940040074696299e-07
7.720000000000000000e+03,5.269618554848420899e-07
7.721000000000000000e+03,5.268801714919391088e-07
7.722000000000000000e+03,5.267134497444203589e-07
7.723000000000000000e+03,5.266354605737433303e-07
7.724000000000000000e+03,5.265425215839059092e-07
7.725000000000000000e+03,5.264645324132288806e-07
7.726000000000000000e+03,5.264019478090631310e-07
7.727000000000000000e+03,5.263567004476499278e-07
7.728000000000000000e+03,5.262611466605449095e-07
7.729000000000000000e+03,5.261543947199243121e-07
7.730000000000000000e+03,5.260049533717392478e-07
7.731000000000000000e+03,5.263327693683095276e-07
7.732000000000000000e+03,5.259562954051943962e-07
7.733000000000000000e+03,5.258731334834010340e-07
7.734000000000000000e+03,5.257793418422807008e-07
7.735000000000000000e+03,5.256576400824997108e-07
7.736000000000000000e+03,5.255117230262840167e-07
7.737000000000000000e+03,5.268547624837083276e-07
7.738000000000000000e+03,5.254811412669369020e-07
7.739000000000000000e+03,5.253845074548735283e-07
7.740000000000000000e+03,5.253187396192515735e-07
7.741000000000000000e+03,5.251321226751315407e-07
7.742000000000000000e+03,5.249904688753304072e-07
7.743000000000000000e+03,5.248568868410075083e-07
7.744000000000000000e+03,5.247490548754285555e-07
7.745000000000000000e+03,5.246638465905562043e-07
7.746000000000000000e+03,5.245783540885895491e-07
7.747000000000000000e+03,5.243779810371052008e-07
7.748000000000000000e+03,5.242050633569306228e-07
7.749000000000000000e+03,5.240643190518312622e-07
7.750000000000000000e+03,5.239437541604274884e-07
7.751000000000000000e+03,5.238211429059447255e-07
7.752000000000000000e+03,5.237016011960804462e-07
7.753000000000000000e+03,5.235369826550595462e-07
7.754000000000000000e+03,5.234211926108400803e-07
7.755000000000000000e+03,5.233637239143718034e-07
7.756000000000000000e+03,5.232948865341313649e-07
7.757000000000000000e+03,5.231939326222345699e-07
7.758000000000000000e+03,5.231494242252665572e-07
7.759000000000000000e+03,5.230322699389944319e-07
7.760000000000000000e+03,5.229775297266314737e-07
7.761000000000000000e+03,5.229194925959745888e-07
7.762000000000000000e+03,5.228713462201994844e-07
7.763000000000000000e+03,5.227441874922078568e-07
7.764000000000000000e+03,5.227383326200651936e-07
7.765000000000000000e+03,5.226564780969056301e-07
7.766000000000000000e+03,5.225669497121998575e-07
7.767000000000000000e+03,5.224831625127990264e-07
7.768000000000000000e+03,5.224006827120319940e-07
7.769000000000000000e+03,5.222842673902050592e-07
7.770000000000000000e+03,5.221931473897711840e-07
7.771000000000000000e+03,5.220908860792405903e-07
7.772000000000000000e+03,5.219844183557142969e-07
7.773000000000000000e+03,5.218810201768064871e-07
7.774000000000000000e+03,5.217237912802374922e-07
7.775000000000000000e+03,5.214774319028947502e-07
7.776000000000000000e+03,5.214217253524111584e-07
7.777000000000000000e+03,5.210782205722352955e-07
7.778000000000000000e+03,5.210030167290824465e-07
7.779000000000000000e+03,5.208758011576719582e-07
7.780000000000000000e+03,5.207444928601034917e-07
7.781000000000000000e+03,5.205625939197489060e-07
7.782000000000000000e+03,5.203744990467384923e-07
7.783000000000000000e+03,5.201354724704287946e-07
7.784000000000000000e+03,5.199177053327730391e-07
7.785000000000000000e+03,5.197381938160106074e-07
7.786000000000000000e+03,5.195887524678255431e-07
7.787000000000000000e+03,5.194788741391676012e-07
7.788000000000000000e+03,5.193571155359677505e-07
7.789000000000000000e+03,5.192707135392993223e-07
7.790000000000000000e+03,5.191348577682219911e-07
7.791000000000000000e+03,5.192009098209382500e-07
7.792000000000000000e+03,5.190547653910471126e-07
7.793000000000000000e+03,5.189239118408295326e-07
7.794000000000000000e+03,5.187920351090724580e-07
7.795000000000000000e+03,5.186691396374953911e-07
7.796000000000000000e+03,5.184504061617190018e-07
7.797000000000000000e+03,5.182772042644501198e-07
7.798000000000000000e+03,5.180804123483540025e-07
7.799000000000000000e+03,5.179988988857076038e-07
7.800000000000000000e+03,5.179644517738779541e-07
7.801000000000000000e+03,5.178215474188618828e-07
7.802000000000000000e+03,5.177728894523170311e-07
7.803000000000000000e+03,5.176788135941023938e-07
7.804000000000000000e+03,5.175993464945349842e-07
7.805000000000000000e+03,5.174818511477496941e-07
7.806000000000000000e+03,5.174123884899017867e-07
7.807000000000000000e+03,5.173038744032965042e-07
7.808000000000000000e+03,5.172174155632092152e-07
7.809000000000000000e+03,5.171341967979969922e-07
7.810000000000000000e+03,5.170433041712385602e-07
7.811000000000000000e+03,5.169621317691053264e-07
7.812000000000000000e+03,5.168629968466120772e-07
7.813000000000000000e+03,5.168060965843324084e-07
7.814000000000000000e+03,5.166857590666040778e-07
7.815000000000000000e+03,5.166255618860304821e-07
7.816000000000000000e+03,5.165612151358800475e-07
7.817000000000000000e+03,5.164192202755657490e-07
7.818000000000000000e+03,5.164659455658693332e-07
7.819000000000000000e+03,5.163500986782310065e-07
7.820000000000000000e+03,5.162181651030550711e-07
7.821000000000000000e+03,5.161248282092856243e-07
7.822000000000000000e+03,5.160009663995879237e-07
7.823000000000000000e+03,5.158532303539686836e-07
7.824000000000000000e+03,5.156144879947532900e-07
7.825000000000000000e+03,5.167986500964616425e-07
7.826000000000000000e+03,5.155031317372049671e-07
7.827000000000000000e+03,5.153298161530983634e-07
7.828000000000000000e+03,5.152862172508321237e-07
7.829000000000000000e+03,5.151437107997480780e-07
7.830000000000000000e+03,5.150801030140428338e-07
7.831000000000000000e+03,5.149972821527626365e-07
7.832000000000000000e+03,5.148877448846178595e-07
7.833000000000000000e+03,5.147363140167726669e-07
7.834000000000000000e+03,5.146194439475948457e-07
7.835000000000000000e+03,5.145068939782504458e-07
7.836000000000000000e+03,5.144518127053743228e-07
7.837000000000000000e+03,5.143996304468601011e-07
7.838000000000000000e+03,5.142431973581551574e-07
7.839000000000000000e+03,5.141291694599203765e-07
7.840000000000000000e+03,5.138977599017380271e-07
7.841000000000000000e+03,5.145261638972442597e-07
7.842000000000000000e+03,5.138294909556861967e-07
7.843000000000000000e+03,5.137383709552523214e-07
7.844000000000000000e+03,5.136255936122324783e-07
7.845000000000000000e+03,5.135473202244611457e-07
7.846000000000000000e+03,5.134079970048333053e-07
7.847000000000000000e+03,5.132710612087976187e-07
7.848000000000000000e+03,5.132717433298239484e-07
7.849000000000000000e+03,5.132397404850053135e-07
7.850000000000000000e+03,5.131954026182938833e-07
7.851000000000000000e+03,5.130203248882025946e-07
7.852000000000000000e+03,5.128639486429165117e-07
7.853000000000000000e+03,5.126358928464469500e-07
7.854000000000000000e+03,5.125133384353830479e-07
7.855000000000000000e+03,5.123753226143890060e-07
7.856000000000000000e+03,5.123095547787670512e-07
7.857000000000000000e+03,5.122143988955940586e-07
7.858000000000000000e+03,5.120982677908614278e-07
7.859000000000000000e+03,5.119705406286811922e-07
7.860000000000000000e+03,5.118690182825957891e-07
7.861000000000000000e+03,5.117954628985899035e-07
7.862000000000000000e+03,5.117076398164499551e-07
7.863000000000000000e+03,5.115851422488049138e-07
7.864000000000000000e+03,5.114266627970209811e-07
7.865000000000000000e+03,5.115557542012538761e-07
7.866000000000000000e+03,5.113490715302759781e-07
7.867000000000000000e+03,5.112167400511680171e-07
7.868000000000000000e+03,5.111031669002841227e-07
7.869000000000000000e+03,5.109691869620291982e-07
7.870000000000000000e+03,5.109270659886533394e-07
7.871000000000000000e+03,5.108027494316047523e-07
7.872000000000000000e+03,5.107218612465658225e-07
7.873000000000000000e+03,5.106207936478313059e-07
7.874000000000000000e+03,5.104823230794863775e-07
7.875000000000000000e+03,5.103962052999122534e-07
7.876000000000000000e+03,5.102749014440632891e-07
7.877000000000000000e+03,5.102305067339329980e-07
7.878000000000000000e+03,5.101291549181041773e-07
7.879000000000000000e+03,5.099217332826810889e-07
7.880000000000000000e+03,5.099063855595886707e-07
7.881000000000000000e+03,5.097990083413606044e-07
7.882000000000000000e+03,5.096486006550549064e-07
7.883000000000000000e+03,5.095584469927416649e-07
7.884000000000000000e+03,5.094549351269961335e-07
7.885000000000000000e+03,5.093864388072688598e-07
7.886000000000000000e+03,5.092163632980373222e-07
7.887000000000000000e+03,5.090940362606488634e-07
7.888000000000000000e+03,5.090181502964696847e-07
7.889000000000000000e+03,5.089149794912373181e-07
7.890000000000000000e+03,5.087931640446186066e-07
7.891000000000000000e+03,5.086727696834714152e-07
7.892000000000000000e+03,5.085492489342868794e-07
7.893000000000000000e+03,5.084529561827366706e-07
7.894000000000000000e+03,5.082996494820690714e-07
7.895000000000000000e+03,5.081566314402152784e-07
7.896000000000000000e+03,5.080391929368488491e-07
7.897000000000000000e+03,5.078753133602731396e-07
7.898000000000000000e+03,5.078433673588733654e-07
7.899000000000000000e+03,5.076486786492750980e-07
7.900000000000000000e+03,5.075868898529733997e-07
7.901000000000000000e+03,5.074585942566045560e-07
7.902000000000000000e+03,5.072832323094189633e-07
7.903000000000000000e+03,5.070911015536694322e-07
7.904000000000000000e+03,5.071186706118169241e-07
7.905000000000000000e+03,5.070003226137487218e-07
7.906000000000000000e+03,5.069155690762272570e-07
7.907000000000000000e+03,5.068404789199121296e-07
7.908000000000000000e+03,5.067720962870225776e-07
7.909000000000000000e+03,5.066337962489342317e-07
7.910000000000000000e+03,5.064845822744246107e-07
7.911000000000000000e+03,5.063544676886522211e-07
7.912000000000000000e+03,5.062753984930168372e-07
7.913000000000000000e+03,5.061950787421665154e-07
7.914000000000000000e+03,5.061314141130424105e-07
7.915000000000000000e+03,5.060443868387665134e-07
7.916000000000000000e+03,5.058731744611577597e-07
7.917000000000000000e+03,5.057850671619235072e-07
7.918000000000000000e+03,5.055604219705855940e-07
7.919000000000000000e+03,5.056690497440285981e-07
7.920000000000000000e+03,5.054561142969760112e-07
7.921000000000000000e+03,5.053485665484913625e-07
7.922000000000000000e+03,5.052768869973078836e-07
7.923000000000000000e+03,5.052007168160344008e-07
7.924000000000000000e+03,5.051269340583530720e-07
7.925000000000000000e+03,5.050279696661164053e-07
7.926000000000000000e+03,5.050532649875094648e-07
7.927000000000000000e+03,5.049786295785452239e-07
7.928000000000000000e+03,5.049352012065355666e-07
7.929000000000000000e+03,5.047965601079340558e-07
7.930000000000000000e+03,5.046775299888395239e-07
7.931000000000000000e+03,5.045332045483519323e-07
7.932000000000000000e+03,5.045681632509513292e-07
7.933000000000000000e+03,5.044802833253925201e-07
7.934000000000000000e+03,5.043445980845717713e-07
7.935000000000000000e+03,5.042682573730417062e-07
7.936000000000000000e+03,5.041677582084957976e-07
7.937000000000000000e+03,5.040137125433830079e-07
7.938000000000000000e+03,5.037946948505123146e-07
7.939000000000000000e+03,5.036208108322171029e-07
7.940000000000000000e+03,5.034759738009597640e-07
7.941000000000000000e+03,5.033782599639380351e-07
7.942000000000000000e+03,5.032997592024912592e-07
7.943000000000000000e+03,5.031454293202841654e-07
7.944000000000000000e+03,5.029970111536385957e-07
7.945000000000000000e+03,5.028962277719983831e-07
7.946000000000000000e+03,5.028460918765631504e-07
7.947000000000000000e+03,5.028032319387421012e-07
7.948000000000000000e+03,5.026835765420401003e-07
7.949000000000000000e+03,5.026085432291438337e-07
7.950000000000000000e+03,5.024699589739611838e-07
7.951000000000000000e+03,5.031034220337460283e-07
7.952000000000000000e+03,5.024321581004187465e-07
7.953000000000000000e+03,5.023089784117473755e-07
7.954000000000000000e+03,5.021551032768911682e-07
7.955000000000000000e+03,5.019957143304054625e-07
7.956000000000000000e+03,5.018720230509643443e-07
7.957000000000000000e+03,5.020331741434347350e-07
7.958000000000000000e+03,5.017974444854189642e-07
7.959000000000000000e+03,5.016439672544947825e-07
7.960000000000000000e+03,5.015426154386659618e-07
7.961000000000000000e+03,5.014537691749865189e-07
7.962000000000000000e+03,5.013665145270351786e-07
7.963000000000000000e+03,5.013076815885142423e-07
7.964000000000000000e+03,5.012139467908127699e-07
7.965000000000000000e+03,5.011563075640879106e-07
7.966000000000000000e+03,5.010514314562897198e-07
7.967000000000000000e+03,5.008810148865450174e-07
7.968000000000000000e+03,5.008497510061715730e-07
7.969000000000000000e+03,5.006576202504220419e-07
7.970000000000000000e+03,5.005940124647167977e-07
7.971000000000000000e+03,5.005182970307942014e-07
7.972000000000000000e+03,5.005689445169991814e-07
7.973000000000000000e+03,5.004518470741459168e-07
7.974000000000000000e+03,5.003608976039686240e-07
7.975000000000000000e+03,5.002622742722451221e-07
7.976000000000000000e+03,5.001983822694455739e-07
7.977000000000000000e+03,5.001072054255928379e-07
7.978000000000000000e+03,5.000075589123298414e-07
7.979000000000000000e+03,4.998364602215588093e-07
7.980000000000000000e+03,4.997534688300220296e-07
7.981000000000000000e+03,4.996382472199911717e-07
7.982000000000000000e+03,4.995478093405836262e-07
7.983000000000000000e+03,4.994741402697400190e-07
7.984000000000000000e+03,4.993726747670734767e-07
7.985000000000000000e+03,4.992876938558765687e-07
7.986000000000000000e+03,4.990974389329494443e-07
7.987000000000000000e+03,4.995434323973313440e-07
7.988000000000000000e+03,4.990521915715362411e-07
7.989000000000000000e+03,4.989378226127882954e-07
7.990000000000000000e+03,4.988652904103219043e-07
7.991000000000000000e+03,4.987813895240833517e-07
7.992000000000000000e+03,4.987044803783646785e-07
7.993000000000000000e+03,4.986450790056551341e-07
7.994000000000000000e+03,4.985255941392097156e-07
7.995000000000000000e+03,4.984390784557035659e-07
7.996000000000000000e+03,4.983250505574687850e-07
7.997000000000000000e+03,4.982123300578678027e-07
7.998000000000000000e+03,4.981135930393065792e-07
7.999000000000000000e+03,4.979654022463364527e-07
8.000000000000000000e+03,4.978452921022835653e-07
8.001000000000000000e+03,4.977729304300737567e-07
8.002000000000000000e+03,4.975884735358704347e-07
8.003000000000000000e+03,4.974563125870190561e-07
8.004000000000000000e+03,4.975609613211418036e-07
8.005000000000000000e+03,4.973643967787211295e-07
8.006000000000000000e+03,4.972045530848845374e-07
8.007000000000000000e+03,4.970987674823845737e-07
8.008000000000000000e+03,4.969320457348658238e-07
8.009000000000000000e+03,4.968794087290007155e-07
8.010000000000000000e+03,4.967569680047745351e-07
8.011000000000000000e+03,4.966659048477595206e-07
8.012000000000000000e+03,4.966026381225674413e-07
8.013000000000000000e+03,4.964805953022732865e-07
8.014000000000000000e+03,4.962629418514552526e-07
8.015000000000000000e+03,4.964011282027058769e-07
8.016000000000000000e+03,4.961970034855767153e-07
8.017000000000000000e+03,4.960944579579518177e-07
8.018000000000000000e+03,4.960290880262618884e-07
8.019000000000000000e+03,4.959513262292603031e-07
8.020000000000000000e+03,4.958429258294927422e-07
8.021000000000000000e+03,4.957329906574159395e-07
8.022000000000000000e+03,4.956179395776416641e-07
8.023000000000000000e+03,4.954742962581804022e-07
8.024000000000000000e+03,4.952409540237567853e-07
8.025000000000000000e+03,4.955687700203270651e-07
8.026000000000000000e+03,4.951723440171917900e-07
8.027000000000000000e+03,4.950117045154911466e-07
8.028000000000000000e+03,4.948772698298853356e-07
8.029000000000000000e+03,4.947640945829334669e-07
8.030000000000000000e+03,4.946531930727360304e-07
8.031000000000000000e+03,4.945887894791667350e-07
8.032000000000000000e+03,4.944886313751339912e-07
8.033000000000000000e+03,4.944193392475426663e-07
8.034000000000000000e+03,4.942867803947592620e-07
8.035000000000000000e+03,4.941135784974903800e-07
8.036000000000000000e+03,4.942717737321800087e-07
8.037000000000000000e+03,4.939871587339439429e-07
8.038000000000000000e+03,4.937916173730627634e-07
8.039000000000000000e+03,4.936900950269773602e-07
8.040000000000000000e+03,4.936232471663970500e-07
8.041000000000000000e+03,4.935614015266764909e-07
8.042000000000000000e+03,4.934437356496346183e-07
8.043000000000000000e+03,4.933503987558651716e-07
8.044000000000000000e+03,4.931524131279729772e-07
8.045000000000000000e+03,4.933528430228761863e-07
8.046000000000000000e+03,4.930473664899182040e-07
8.047000000000000000e+03,4.929370334139093757e-07
8.048000000000000000e+03,4.928604653287038673e-07
8.049000000000000000e+03,4.928057819597597700e-07
8.050000000000000000e+03,4.927271106680564117e-07
8.051000000000000000e+03,4.926408223582257051e-07
8.052000000000000000e+03,4.925724397253361531e-07
8.053000000000000000e+03,4.924692120766849257e-07
8.054000000000000000e+03,4.923098231301992200e-07
8.055000000000000000e+03,4.921395202472922392e-07
8.056000000000000000e+03,4.920544824926764704e-07
8.057000000000000000e+03,4.919177172268973663e-07
8.058000000000000000e+03,4.918458671454573050e-07
8.059000000000000000e+03,4.917475280308281071e-07
8.060000000000000000e+03,4.915877411804103758e-07
8.061000000000000000e+03,4.915027602692134678e-07
8.062000000000000000e+03,4.913251245852734428e-07
8.063000000000000000e+03,4.911240125693439040e-07
8.064000000000000000e+03,4.910312441097630654e-07
8.065000000000000000e+03,4.908773121314879972e-07
8.066000000000000000e+03,4.908163759864692111e-07
8.067000000000000000e+03,4.907104198537126649e-07
8.068000000000000000e+03,4.905933792542782612e-07
8.069000000000000000e+03,4.904022716800682247e-07
8.070000000000000000e+03,4.902141768070578109e-07
8.071000000000000000e+03,4.900709882349474356e-07
8.072000000000000000e+03,4.898581664747325704e-07
8.073000000000000000e+03,4.898324732494074851e-07
8.074000000000000000e+03,4.896252221442409791e-07
8.075000000000000000e+03,4.895700271845271345e-07
8.076000000000000000e+03,4.894210405836929567e-07
8.077000000000000000e+03,4.892224296781932935e-07
8.078000000000000000e+03,4.891402909379394259e-07
8.079000000000000000e+03,4.889104161520663183e-07
8.080000000000000000e+03,4.888128160018823110e-07
8.081000000000000000e+03,4.887008913101453800e-07
8.082000000000000000e+03,4.884836926066782326e-07
8.083000000000000000e+03,4.882583084508951288e-07
8.084000000000000000e+03,4.880945994045760017e-07
8.085000000000000000e+03,4.879729544882138725e-07
8.086000000000000000e+03,4.879486823483603075e-07
8.087000000000000000e+03,4.879088351117388811e-07
8.088000000000000000e+03,4.878593813373299781e-07
8.089000000000000000e+03,4.877812784798152279e-07
8.090000000000000000e+03,4.876567913925100584e-07
8.091000000000000000e+03,4.876625894212338608e-07
8.092000000000000000e+03,4.875636818724160548e-07
8.093000000000000000e+03,4.874611931882100180e-07
8.094000000000000000e+03,4.873643888458900619e-07
8.095000000000000000e+03,4.873153898188320454e-07
8.096000000000000000e+03,4.872557042290281970e-07
8.097000000000000000e+03,4.871357077718130313e-07
8.098000000000000000e+03,4.870391876465873793e-07
8.099000000000000000e+03,4.868795713264262304e-07
8.100000000000000000e+03,4.873759280599188060e-07
8.101000000000000000e+03,4.868439305028005037e-07
8.102000000000000000e+03,4.867382585871382616e-07
8.103000000000000000e+03,4.866810741077642888e-07
8.104000000000000000e+03,4.866377025791734923e-07
8.105000000000000000e+03,4.865764822170604020e-07
8.106000000000000000e+03,4.864988909503153991e-07
8.107000000000000000e+03,4.864077141064626630e-07
8.108000000000000000e+03,4.863429694523802027e-07
8.109000000000000000e+03,4.861933007305196952e-07
8.110000000000000000e+03,4.860106628257199191e-07
8.111000000000000000e+03,4.858977149524434935e-07
8.112000000000000000e+03,4.857172370975604281e-07
8.113000000000000000e+03,4.856229907090892084e-07
8.114000000000000000e+03,4.855116912949597463e-07
8.115000000000000000e+03,4.853083623856946360e-07
8.116000000000000000e+03,4.851654011872597039e-07
8.117000000000000000e+03,4.850808750234136824e-07
8.118000000000000000e+03,4.849978836318769027e-07
8.119000000000000000e+03,4.849223955716297496e-07
8.120000000000000000e+03,4.847365175919549074e-07
8.121000000000000000e+03,4.846267529501346871e-07
8.122000000000000000e+03,4.845389867114135996e-07
8.123000000000000000e+03,4.843869874093797989e-07
8.124000000000000000e+03,4.843144552069134079e-07
8.125000000000000000e+03,4.842238467972492799e-07
8.126000000000000000e+03,4.841105010200408287e-07
8.127000000000000000e+03,4.840063638766878285e-07
8.128000000000000000e+03,4.839016014557273593e-07
8.129000000000000000e+03,4.837369829147064593e-07
8.130000000000000000e+03,4.836558105125732254e-07
8.131000000000000000e+03,4.834798232877801638e-07
8.132000000000000000e+03,4.832933768739167135e-07
8.133000000000000000e+03,4.831963451579213142e-07
8.134000000000000000e+03,4.830050102100358345e-07
8.135000000000000000e+03,4.828961550629173871e-07
8.136000000000000000e+03,4.828420401281618979e-07
8.137000000000000000e+03,4.826941335522860754e-07
8.138000000000000000e+03,4.826397344004362822e-07
8.139000000000000000e+03,4.824096322408877313e-07
8.140000000000000000e+03,4.823108952223265078e-07
8.141000000000000000e+03,4.822083496947016101e-07
8.142000000000000000e+03,4.820973913410853129e-07
8.143000000000000000e+03,4.819877403861028142e-07
8.144000000000000000e+03,4.818570005227229558e-07
8.145000000000000000e+03,4.817833882952982094e-07
8.146000000000000000e+03,4.814881435777351726e-07
8.147000000000000000e+03,4.813871328224195167e-07
8.148000000000000000e+03,4.811553253603051417e-07
8.149000000000000000e+03,4.810941618416109122e-07
8.150000000000000000e+03,4.809799634131195489e-07
8.151000000000000000e+03,4.808514404430752620e-07
8.152000000000000000e+03,4.807150162378093228e-07
8.153000000000000000e+03,4.805379489880579058e-07
8.154000000000000000e+03,4.804393256563344039e-07
8.155000000000000000e+03,4.803627007277100347e-07
8.156000000000000000e+03,4.802839725925878156e-07
8.157000000000000000e+03,4.801578938895545434e-07
8.158000000000000000e+03,4.802025159733602777e-07
8.159000000000000000e+03,4.801007094101805706e-07
8.160000000000000000e+03,4.800153874384704977e-07
8.161000000000000000e+03,4.799078396899858490e-07
8.162000000000000000e+03,4.797508950105111580e-07
8.163000000000000000e+03,4.795720087713561952e-07
8.164000000000000000e+03,4.795180643668572884e-07
8.165000000000000000e+03,4.792753429683216382e-07
8.166000000000000000e+03,4.791824608219030779e-07
8.167000000000000000e+03,4.791063474840484560e-07
8.168000000000000000e+03,4.789646936842473224e-07
8.169000000000000000e+03,4.789204126609547529e-07
8.170000000000000000e+03,4.786404588230652735e-07
8.171000000000000000e+03,4.785873102264304180e-07
8.172000000000000000e+03,4.784434963767125737e-07
8.173000000000000000e+03,4.784768066201650072e-07
8.174000000000000000e+03,4.783402118846424855e-07
8.175000000000000000e+03,4.782247060575173236e-07
8.176000000000000000e+03,4.780379185831407085e-07
8.177000000000000000e+03,4.778847255693108309e-07
8.178000000000000000e+03,4.777397748512157705e-07
8.179000000000000000e+03,4.775473598783719353e-07
8.180000000000000000e+03,4.774540229846024886e-07
8.181000000000000000e+03,4.772727493218553718e-07
8.182000000000000000e+03,4.771850967699720059e-07
8.183000000000000000e+03,4.770333248416136485e-07
8.184000000000000000e+03,4.769370889334823005e-07
8.185000000000000000e+03,4.768403414345812052e-07
8.186000000000000000e+03,4.767152574913779972e-07
8.187000000000000000e+03,4.765790890814969316e-07
8.188000000000000000e+03,4.763693652876099804e-07
8.189000000000000000e+03,4.763479921621183166e-07
8.190000000000000000e+03,4.762269156799447956e-07
8.191000000000000000e+03,4.761764387239963980e-07
8.192000000000000000e+03,4.760938736581010744e-07
8.193000000000000000e+03,4.759861269576504128e-07
8.194000000000000000e+03,4.758775276059168391e-07
8.195000000000000000e+03,4.757457077175786253e-07
8.196000000000000000e+03,4.756804230510169873e-07
8.197000000000000000e+03,4.756316513976344140e-07
8.198000000000000000e+03,4.755267468681267928e-07
8.199000000000000000e+03,4.754238318582792999e-07
8.200000000000000000e+03,4.752953088882350130e-07
8.201000000000000000e+03,4.752088784698571544e-07
8.202000000000000000e+03,4.751385063173074741e-07
8.203000000000000000e+03,4.750083064664067933e-07
8.204000000000000000e+03,4.749419986183056608e-07
8.205000000000000000e+03,4.748435742385481717e-07
8.206000000000000000e+03,4.747331274757016217e-07
8.207000000000000000e+03,4.745541275497089373e-07
8.208000000000000000e+03,4.744139516787981847e-07
8.209000000000000000e+03,4.743193642298138002e-07
8.210000000000000000e+03,4.742467751839285484e-07
8.211000000000000000e+03,4.741741292946244357e-07
8.212000000000000000e+03,4.741103509786626091e-07
8.213000000000000000e+03,4.740217605103680398e-07
8.214000000000000000e+03,4.739464714020868996e-07
8.215000000000000000e+03,4.738842278584343148e-07
8.216000000000000000e+03,4.737520669095829362e-07
8.217000000000000000e+03,4.736434107144305017e-07
8.218000000000000000e+03,4.734256719984841766e-07
8.219000000000000000e+03,4.732692957531980937e-07
8.220000000000000000e+03,4.731612364139436977e-07
8.221000000000000000e+03,4.730130456209735712e-07
8.222000000000000000e+03,4.729000977476971457e-07
8.223000000000000000e+03,4.727803286641574232e-07
8.224000000000000000e+03,4.725746407530095894e-07
8.225000000000000000e+03,4.727953921701555373e-07
8.226000000000000000e+03,4.725017674900300335e-07
8.227000000000000000e+03,4.723247570836974774e-07
8.228000000000000000e+03,4.721940456420270493e-07
8.229000000000000000e+03,4.721173922916932497e-07
8.230000000000000000e+03,4.720334914054546971e-07
8.231000000000000000e+03,4.719194350855104858e-07
8.232000000000000000e+03,4.718428101568861166e-07
8.233000000000000000e+03,4.716869455023697810e-07
8.234000000000000000e+03,4.715662385024188552e-07
8.235000000000000000e+03,4.714827070984028978e-07
8.236000000000000000e+03,4.713613463991350727e-07
8.237000000000000000e+03,4.712614156687777722e-07
8.238000000000000000e+03,4.711121448508492904e-07
8.239000000000000000e+03,4.709590655238571344e-07
8.240000000000000000e+03,4.708890344318206189e-07
8.241000000000000000e+03,4.707979996965150349e-07
8.242000000000000000e+03,4.707496543687739177e-07
8.243000000000000000e+03,4.706714378244214458e-07
8.244000000000000000e+03,4.706445224655908532e-07
8.245000000000000000e+03,4.705566993834509049e-07
8.246000000000000000e+03,4.705350704625743674e-07
8.247000000000000000e+03,4.704753848727705190e-07
8.248000000000000000e+03,4.704079117345827399e-07
8.249000000000000000e+03,4.703429397068248363e-07
8.250000000000000000e+03,4.702350224761175923e-07
8.251000000000000000e+03,4.701523437233845470e-07
8.252000000000000000e+03,4.700415274783154018e-07
8.253000000000000000e+03,4.698951840964582516e-07
8.254000000000000000e+03,4.701966815900959773e-07
8.255000000000000000e+03,4.698433997418760555e-07
8.256000000000000000e+03,4.697374151874100789e-07
8.257000000000000000e+03,4.696932762726646615e-07
8.258000000000000000e+03,4.696426003647502512e-07
8.259000000000000000e+03,4.695794473263958935e-07
8.260000000000000000e+03,4.694877304700639797e-07
8.261000000000000000e+03,4.694221047429891769e-07
8.262000000000000000e+03,4.693175696957041509e-07
8.263000000000000000e+03,4.691711694704281399e-07
8.264000000000000000e+03,4.695338304827600950e-07
8.265000000000000000e+03,4.691193851158459438e-07
8.266000000000000000e+03,4.690164701059984509e-07
8.267000000000000000e+03,4.689490538112295326e-07
8.268000000000000000e+03,4.688880324010824552e-07
8.269000000000000000e+03,4.688399428687262116e-07
8.270000000000000000e+03,4.687996693064633291e-07
8.271000000000000000e+03,4.687329351327207405e-07
8.272000000000000000e+03,4.686829697675420903e-07
8.273000000000000000e+03,4.685342389620927861e-07
8.274000000000000000e+03,4.684020780132414075e-07
8.275000000000000000e+03,4.681850782617402729e-07
8.276000000000000000e+03,4.680459824157878757e-07
8.277000000000000000e+03,4.679478706748341210e-07
8.278000000000000000e+03,4.678382481415610528e-07
8.279000000000000000e+03,4.676380171986238565e-07
8.280000000000000000e+03,4.680336473938950803e-07
8.281000000000000000e+03,4.675440550272469409e-07
8.282000000000000000e+03,4.674043907471059356e-07
8.283000000000000000e+03,4.673406124311441090e-07
8.284000000000000000e+03,4.672339173339423724e-07
8.285000000000000000e+03,4.671530859923223034e-07
8.286000000000000000e+03,4.670511088988860138e-07
8.287000000000000000e+03,4.669552708946866915e-07
8.288000000000000000e+03,4.668360702453355771e-07
8.289000000000000000e+03,4.667652717671444407e-07
8.290000000000000000e+03,4.666148640808387427e-07
8.291000000000000000e+03,4.665724588903685799e-07
8.292000000000000000e+03,4.664621826577786123e-07
8.293000000000000000e+03,4.663333186272211606e-07
8.294000000000000000e+03,4.662548178657743847e-07
8.295000000000000000e+03,4.661241064241039567e-07
8.296000000000000000e+03,4.660765569042268908e-07
8.297000000000000000e+03,4.659842716137063690e-07
8.298000000000000000e+03,4.658248258238018025e-07
8.299000000000000000e+03,4.658888883568579331e-07
8.300000000000000000e+03,4.657416639020084403e-07
8.301000000000000000e+03,4.656203884678689064e-07
8.302000000000000000e+03,4.655541943066054955e-07
8.303000000000000000e+03,4.655013867704838049e-07
8.304000000000000000e+03,4.654331178244319744e-07
8.305000000000000000e+03,4.653134340060205432e-07
8.306000000000000000e+03,4.655337022541061742e-07
8.307000000000000000e+03,4.652645486658002483e-07
8.308000000000000000e+03,4.651375036246463424e-07
8.309000000000000000e+03,4.650399887395906262e-07
8.310000000000000000e+03,4.648783260563504882e-07
8.311000000000000000e+03,4.647364733045833418e-07
8.312000000000000000e+03,4.647510252198117087e-07
8.313000000000000000e+03,4.646168179078813409e-07
8.314000000000000000e+03,4.644699060918355826e-07
8.315000000000000000e+03,4.643640352242073277e-07
8.316000000000000000e+03,4.643126771952665877e-07
8.317000000000000000e+03,4.642251951736398041e-07
8.318000000000000000e+03,4.641643727154587395e-07
8.319000000000000000e+03,4.640348265638749581e-07
8.320000000000000000e+03,4.639403528017282952e-07
8.321000000000000000e+03,4.637832660137064522e-07
8.322000000000000000e+03,4.636719950212864205e-07
8.323000000000000000e+03,4.635869004232517909e-07
8.324000000000000000e+03,4.635203083580563543e-07
8.325000000000000000e+03,4.634928529867465841e-07
8.326000000000000000e+03,4.634224239907780429e-07
8.327000000000000000e+03,4.633009496046724962e-07
8.328000000000000000e+03,4.632101422430423554e-07
8.329000000000000000e+03,4.631045271707989741e-07
8.330000000000000000e+03,4.629918919363262830e-07
8.331000000000000000e+03,4.628409726592508378e-07
8.332000000000000000e+03,4.627577823157480452e-07
8.333000000000000000e+03,4.626540999197459314e-07
8.334000000000000000e+03,4.625265432878222782e-07
8.335000000000000000e+03,4.624277494258421939e-07
8.336000000000000000e+03,4.622960432243417017e-07
8.337000000000000000e+03,4.622348512839380419e-07
8.338000000000000000e+03,4.620941354005481116e-07
8.339000000000000000e+03,4.619118669779709307e-07
8.340000000000000000e+03,4.617754427727049915e-07
8.341000000000000000e+03,4.616433670889819041e-07
8.342000000000000000e+03,4.614834665517264511e-07
8.343000000000000000e+03,4.613053476987261092e-07
8.344000000000000000e+03,4.611427755207841983e-07
8.345000000000000000e+03,4.610394057635858189e-07
8.346000000000000000e+03,4.609318011716823094e-07
8.347000000000000000e+03,4.608585584264801582e-07
8.348000000000000000e+03,4.606639549820101820e-07
8.349000000000000000e+03,4.604983985245780786e-07
8.350000000000000000e+03,4.603620595844404306e-07
8.351000000000000000e+03,4.601537284543155693e-07
8.352000000000000000e+03,4.600803720222756965e-07
8.353000000000000000e+03,4.599333180976827862e-07
8.354000000000000000e+03,4.597890210789046250e-07
8.355000000000000000e+03,4.596026599301694660e-07
8.356000000000000000e+03,4.594151903347665211e-07
8.357000000000000000e+03,4.592780840084742522e-07
8.358000000000000000e+03,4.591562685618555406e-07
8.359000000000000000e+03,4.589714990288484842e-07
8.360000000000000000e+03,4.587959381296968786e-07
8.361000000000000000e+03,4.586852071497560246e-07
8.362000000000000000e+03,4.586048873989057029e-07
8.363000000000000000e+03,4.584628072734631132e-07
8.364000000000000000e+03,4.582641679462540196e-07
8.365000000000000000e+03,4.579295875828393036e-07
8.366000000000000000e+03,4.579581229791074293e-07
8.367000000000000000e+03,4.577485981371864909e-07
8.368000000000000000e+03,4.575663581363187404e-07
8.369000000000000000e+03,4.573997500756377121e-07
8.370000000000000000e+03,4.573307990085595520e-07
8.371000000000000000e+03,4.571511453832499683e-07
8.372000000000000000e+03,4.570501062062248820e-07
8.373000000000000000e+03,4.569355951389297843e-07
8.374000000000000000e+03,4.568215103972761426e-07
8.375000000000000000e+03,4.566583697851456236e-07
8.376000000000000000e+03,4.564943765217321925e-07
8.377000000000000000e+03,4.563379150113178184e-07
8.378000000000000000e+03,4.561765649668814149e-07
8.379000000000000000e+03,4.563438267268793425e-07
8.380000000000000000e+03,4.561113087220292073e-07
8.381000000000000000e+03,4.560579611734283390e-07
8.382000000000000000e+03,4.559858268748939736e-07
8.383000000000000000e+03,4.559180695196118904e-07
8.384000000000000000e+03,4.557777231184445554e-07
8.385000000000000000e+03,4.557825548090477241e-07
8.386000000000000000e+03,4.556700616831221851e-07
8.387000000000000000e+03,4.555726320631947601e-07
8.388000000000000000e+03,4.554304382509144489e-07
8.389000000000000000e+03,4.553271821805537911e-07
8.390000000000000000e+03,4.551831693788699340e-07
8.391000000000000000e+03,4.553161545572947944e-07
8.392000000000000000e+03,4.551122856355505064e-07
8.393000000000000000e+03,4.549722234514774755e-07
8.394000000000000000e+03,4.548200820408965228e-07
8.395000000000000000e+03,4.546568277419282822e-07
8.396000000000000000e+03,4.544585863186512142e-07
8.397000000000000000e+03,4.546883474176866002e-07
8.398000000000000000e+03,4.543680347524059471e-07
8.399000000000000000e+03,4.542190481515717693e-07
8.400000000000000000e+03,4.541027465165825561e-07
8.401000000000000000e+03,4.540195561730797635e-07
8.402000000000000000e+03,4.539219276011863258e-07
8.403000000000000000e+03,4.538347013749444159e-07
8.404000000000000000e+03,4.537690472261601826e-07
8.405000000000000000e+03,4.537209008503850782e-07
8.406000000000000000e+03,4.536482833827903960e-07
8.407000000000000000e+03,4.535358471002837177e-07
8.408000000000000000e+03,4.534602737749082735e-07
8.409000000000000000e+03,4.533311823706753785e-07
8.410000000000000000e+03,4.531701449650427094e-07
8.411000000000000000e+03,4.531250681338860886e-07
8.412000000000000000e+03,4.529956640908494592e-07
8.413000000000000000e+03,4.529197212832514197e-07
8.414000000000000000e+03,4.528494628175394610e-07
8.415000000000000000e+03,4.527475709892314626e-07
8.416000000000000000e+03,4.526336567778344033e-07
8.417000000000000000e+03,4.525323333837150130e-07
8.418000000000000000e+03,4.524010250861465465e-07
8.419000000000000000e+03,4.522684946550725726e-07
8.420000000000000000e+03,4.521118341926921858e-07
8.421000000000000000e+03,4.519959304616349982e-07
8.422000000000000000e+03,4.518580283274786780e-07
8.423000000000000000e+03,4.516971330303931609e-07
8.424000000000000000e+03,4.516023182077333331e-07
8.425000000000000000e+03,4.514152180945529835e-07
8.426000000000000000e+03,4.513217959356552456e-07
8.427000000000000000e+03,4.512591260663612047e-07
8.428000000000000000e+03,4.511695692599460017e-07
8.429000000000000000e+03,4.511094573445006972e-07
8.430000000000000000e+03,4.510188489348365692e-07
8.431000000000000000e+03,4.509472830704908120e-07
8.432000000000000000e+03,4.508760866883676499e-07
8.433000000000000000e+03,4.507126334374333965e-07
8.434000000000000000e+03,4.508735287345189136e-07
8.435000000000000000e+03,4.506623270117415814e-07
8.436000000000000000e+03,4.505127719767187955e-07
8.437000000000000000e+03,4.504023252138722455e-07
8.438000000000000000e+03,4.503314414705528179e-07
8.439000000000000000e+03,4.502322497046407079e-07
8.440000000000000000e+03,4.501812043145037023e-07
8.441000000000000000e+03,4.500810177887615282e-07
8.442000000000000000e+03,4.500345767155522481e-07
8.443000000000000000e+03,4.499484873576875543e-07
8.444000000000000000e+03,4.498837427036050940e-07
8.445000000000000000e+03,4.497697148053703131e-07
8.446000000000000000e+03,4.496331769132666523e-07
8.447000000000000000e+03,4.497570387229643529e-07
8.448000000000000000e+03,4.495633731949055800e-07
8.449000000000000000e+03,4.494298195822921116e-07
8.450000000000000000e+03,4.493487040235777386e-07
8.451000000000000000e+03,4.492223126817407319e-07
8.452000000000000000e+03,4.490922265176777728e-07
8.453000000000000000e+03,4.490569267545652110e-07
8.454000000000000000e+03,4.488824743020813912e-07
8.455000000000000000e+03,4.487927185437001754e-07
8.456000000000000000e+03,4.486355464905500412e-07
8.457000000000000000e+03,4.484683415739709744e-07
8.458000000000000000e+03,4.483001703192712739e-07
8.459000000000000000e+03,4.481232735997764394e-07
8.460000000000000000e+03,4.480162658637709683e-07
8.461000000000000000e+03,4.479202573293150635e-07
8.462000000000000000e+03,4.478533810470253229e-07
8.463000000000000000e+03,4.477425932236656081e-07
8.464000000000000000e+03,4.475798505154671147e-07
8.465000000000000000e+03,4.474906347695650766e-07
8.466000000000000000e+03,4.472401542443549260e-07
8.467000000000000000e+03,4.471394277061335742e-07
8.468000000000000000e+03,4.469669931950193131e-07
8.469000000000000000e+03,4.467950134312559385e-07
8.470000000000000000e+03,4.466418772608449217e-07
8.471000000000000000e+03,4.465775589324039174e-07
8.472000000000000000e+03,4.464843641471816227e-07
8.473000000000000000e+03,4.464125140657415614e-07
8.474000000000000000e+03,4.462166600660566473e-07
8.475000000000000000e+03,4.459813283119729022e-07
8.476000000000000000e+03,4.457568820726010017e-07
8.477000000000000000e+03,4.456730096080718795e-07
8.478000000000000000e+03,4.456175872746825917e-07
8.479000000000000000e+03,4.455764326394273667e-07
8.480000000000000000e+03,4.454977329260145780e-07
8.481000000000000000e+03,4.454379052276635775e-07
8.482000000000000000e+03,4.453013104921410559e-07
8.483000000000000000e+03,4.451351287571014836e-07
8.484000000000000000e+03,4.450472488315426745e-07
8.485000000000000000e+03,4.449132404715783196e-07
8.486000000000000000e+03,4.448411914381722454e-07
8.487000000000000000e+03,4.447539367902209051e-07
8.488000000000000000e+03,4.445537058472837089e-07
8.489000000000000000e+03,4.444140415671427036e-07
8.490000000000000000e+03,4.442643444235727657e-07
8.491000000000000000e+03,4.441847920588770648e-07
8.492000000000000000e+03,4.441514533937152009e-07
8.493000000000000000e+03,4.441315297754044877e-07
8.494000000000000000e+03,4.440085490386991296e-07
8.495000000000000000e+03,4.439227154762193095e-07
8.496000000000000000e+03,4.437964946646388853e-07
8.497000000000000000e+03,4.437218024122557836e-07
8.498000000000000000e+03,4.436306539901124779e-07
8.499000000000000000e+03,4.435516416378959548e-07
8.500000000000000000e+03,4.433931906078214524e-07
8.501000000000000000e+03,4.433901494849123992e-07
8.502000000000000000e+03,4.432969831213995349e-07
8.503000000000000000e+03,4.431645379554538522e-07
8.504000000000000000e+03,4.430558533385919873e-07
8.505000000000000000e+03,4.429206796885409858e-07
8.506000000000000000e+03,4.427560043041012250e-07
8.507000000000000000e+03,4.424629764798737597e-07
8.508000000000000000e+03,4.425850761435867753e-07
8.509000000000000000e+03,4.423254154062306043e-07
8.510000000000000000e+03,4.421185622049961239e-07
8.511000000000000000e+03,4.419974004576943116e-07
8.512000000000000000e+03,4.418765797709056642e-07
8.513000000000000000e+03,4.417161960645898944e-07
8.514000000000000000e+03,4.415215357767010573e-07
8.515000000000000000e+03,4.414740431002428522e-07
8.516000000000000000e+03,4.413085434862296097e-07
8.517000000000000000e+03,4.412268310716171982e-07
8.518000000000000000e+03,4.411304814766481286e-07
8.519000000000000000e+03,4.410321707837283611e-07
8.520000000000000000e+03,4.408976508329942590e-07
8.521000000000000000e+03,4.407370397530030459e-07
8.522000000000000000e+03,4.405748086355742998e-07
8.523000000000000000e+03,4.403828199883719208e-07
8.524000000000000000e+03,4.402473621212266153e-07
8.525000000000000000e+03,4.400803845783229917e-07
8.526000000000000000e+03,4.399707052016310627e-07
8.527000000000000000e+03,4.398291935103770811e-07
8.528000000000000000e+03,4.396967483444313984e-07
8.529000000000000000e+03,4.395564587866829243e-07
8.530000000000000000e+03,4.394208019675716059e-07
8.531000000000000000e+03,4.393792210066749249e-07
8.532000000000000000e+03,4.392892094529088354e-07
8.533000000000000000e+03,4.392179562273668125e-07
8.534000000000000000e+03,4.391549168758501764e-07
8.535000000000000000e+03,4.390348635752161499e-07
8.536000000000000000e+03,4.389058858578209765e-07
8.537000000000000000e+03,4.387303249586693710e-07
8.538000000000000000e+03,4.386048715332435677e-07
8.539000000000000000e+03,4.384974943150155013e-07
8.540000000000000000e+03,4.383844327549013542e-07
8.541000000000000000e+03,4.382433473892888287e-07
8.542000000000000000e+03,4.380984250929031987e-07
8.543000000000000000e+03,4.379546396648947848e-07
8.544000000000000000e+03,4.378547941996657755e-07
8.545000000000000000e+03,4.376370554837194504e-07
8.546000000000000000e+03,4.375104651899164310e-07
8.547000000000000000e+03,4.373875981400487944e-07
8.548000000000000000e+03,4.372948865238868166e-07
8.549000000000000000e+03,4.371663635538425297e-07
8.550000000000000000e+03,4.370278645637881709e-07
8.551000000000000000e+03,4.369467490050737979e-07
8.552000000000000000e+03,4.368363306639366783e-07
8.553000000000000000e+03,4.367360020296473522e-07
8.554000000000000000e+03,4.366177108749980107e-07
8.555000000000000000e+03,4.365402332950907294e-07
8.556000000000000000e+03,4.364596293271461036e-07
8.557000000000000000e+03,4.363561174614005722e-07
8.558000000000000000e+03,4.361924368367908755e-07
8.559000000000000000e+03,4.361033347777265590e-07
8.560000000000000000e+03,4.359684453447698615e-07
8.561000000000000000e+03,4.358818728178448509e-07
8.562000000000000000e+03,4.357747798167110886e-07
8.563000000000000000e+03,4.357013949629617855e-07
8.564000000000000000e+03,4.355882765594287775e-07
8.565000000000000000e+03,4.354044449428329244e-07
8.566000000000000000e+03,4.353073563834186643e-07
8.567000000000000000e+03,4.350667950347997248e-07
8.568000000000000000e+03,4.348995048530923668e-07
8.569000000000000000e+03,4.346916568920278223e-07
8.570000000000000000e+03,4.344146589119191049e-07
8.571000000000000000e+03,4.348937352460779948e-07
8.572000000000000000e+03,4.342879265095689334e-07
8.573000000000000000e+03,4.340651571510534268e-07
8.574000000000000000e+03,4.339694044119823957e-07
8.575000000000000000e+03,4.338494932198955212e-07
8.576000000000000000e+03,4.337173891144630034e-07
8.577000000000000000e+03,4.336091592449520249e-07
8.578000000000000000e+03,4.335324206294899341e-07
8.579000000000000000e+03,4.334607979217253160e-07
8.580000000000000000e+03,4.334156358254404040e-07
8.581000000000000000e+03,4.332309515575616388e-07
8.582000000000000000e+03,4.330968579324689927e-07
8.583000000000000000e+03,4.328883278503781185e-07
8.584000000000000000e+03,4.330873082381003769e-07
8.585000000000000000e+03,4.327956162342161406e-07
8.586000000000000000e+03,4.326792293340986362e-07
8.587000000000000000e+03,4.325808902194694383e-07
8.588000000000000000e+03,4.324980409364798106e-07
8.589000000000000000e+03,4.323333371303306194e-07
8.590000000000000000e+03,4.322882602991739986e-07
8.591000000000000000e+03,4.321471749335614732e-07
8.592000000000000000e+03,4.320563391502219019e-07
8.593000000000000000e+03,4.319489050885749748e-07
8.594000000000000000e+03,4.318095818689471344e-07
8.595000000000000000e+03,4.318594903907069238e-07
8.596000000000000000e+03,4.317307968904060544e-07
8.597000000000000000e+03,4.316434285556169925e-07
8.598000000000000000e+03,4.315871251492353622e-07
8.599000000000000000e+03,4.315127739573654253e-07
8.600000000000000000e+03,4.314146053729928099e-07
8.601000000000000000e+03,4.313004069445014466e-07
8.602000000000000000e+03,4.312133796702255495e-07
8.603000000000000000e+03,4.311173142923507839e-07
8.604000000000000000e+03,4.310240910854190588e-07
8.605000000000000000e+03,4.311524435252067633e-07
8.606000000000000000e+03,4.309722214657085715e-07
8.607000000000000000e+03,4.308903100991301471e-07
8.608000000000000000e+03,4.308482743908825796e-07
8.609000000000000000e+03,4.307785559376497986e-07
8.610000000000000000e+03,4.306914149765361799e-07
8.611000000000000000e+03,4.305412062421964947e-07
8.612000000000000000e+03,4.305330207898805384e-07
8.613000000000000000e+03,4.304403944388468517e-07
8.614000000000000000e+03,4.303325340515584685e-07
8.615000000000000000e+03,4.302302443193184445e-07
8.616000000000000000e+03,4.301457749988912838e-07
8.617000000000000000e+03,4.300706564208667260e-07
8.618000000000000000e+03,4.299661213735817000e-07
8.619000000000000000e+03,4.298870521779463161e-07
8.620000000000000000e+03,4.297818634313443908e-07
8.621000000000000000e+03,4.296275903925561579e-07
8.622000000000000000e+03,4.296815063753456343e-07
8.623000000000000000e+03,4.295452527003362775e-07
8.624000000000000000e+03,4.294299174034676980e-07
8.625000000000000000e+03,4.293545998734771274e-07
8.626000000000000000e+03,4.292431299290910829e-07
8.627000000000000000e+03,4.291222523988835746e-07
8.628000000000000000e+03,4.289423145564796869e-07
8.629000000000000000e+03,4.290281765406689374e-07
8.630000000000000000e+03,4.288660306883684825e-07
8.631000000000000000e+03,4.287980459594109561e-07
8.632000000000000000e+03,4.287327612928493181e-07
8.633000000000000000e+03,4.286562216293532401e-07
8.634000000000000000e+03,4.284948147414979758e-07
8.635000000000000000e+03,4.284040642232866958e-07
8.636000000000000000e+03,4.283172074792673811e-07
8.637000000000000000e+03,4.282608756511763204e-07
8.638000000000000000e+03,4.281906740288832225e-07
8.639000000000000000e+03,4.280398968603549292e-07
8.640000000000000000e+03,4.279492316072719404e-07
8.641000000000000000e+03,4.278425649317796342e-07
8.642000000000000000e+03,4.277893879134353483e-07
8.643000000000000000e+03,4.277345340142346686e-07
8.644000000000000000e+03,4.276556921922747279e-07
8.645000000000000000e+03,4.275158858035865705e-07
8.646000000000000000e+03,4.274509706192475278e-07
8.647000000000000000e+03,4.273634033324924530e-07
8.648000000000000000e+03,4.272289686468866421e-07
8.649000000000000000e+03,4.272957312423386611e-07
8.650000000000000000e+03,4.271350917406380177e-07
8.651000000000000000e+03,4.269871283213433344e-07
8.652000000000000000e+03,4.268400459750409937e-07
8.653000000000000000e+03,4.267375857125443872e-07
8.654000000000000000e+03,4.266104554062621901e-07
8.655000000000000000e+03,4.264476842763542663e-07
8.656000000000000000e+03,4.263356458977796137e-07
8.657000000000000000e+03,4.262182926595414756e-07
8.658000000000000000e+03,4.261477499767352128e-07
8.659000000000000000e+03,4.261046626652387204e-07
8.660000000000000000e+03,4.260017476553912275e-07
8.661000000000000000e+03,4.259202057710353984e-07
8.662000000000000000e+03,4.258265846601716476e-07
8.663000000000000000e+03,4.257418595443596132e-07
8.664000000000000000e+03,4.256719137174513889e-07
8.665000000000000000e+03,4.255932708474574611e-07
8.666000000000000000e+03,4.255216481396928430e-07
8.667000000000000000e+03,4.253142549259791849e-07
8.668000000000000000e+03,4.256436625382775674e-07
8.669000000000000000e+03,4.252376868407736765e-07
8.670000000000000000e+03,4.250848064657475334e-07
8.671000000000000000e+03,4.249542087109148270e-07
8.672000000000000000e+03,4.248300626841228222e-07
8.673000000000000000e+03,4.246784328643116169e-07
8.674000000000000000e+03,4.248067853040993214e-07
8.675000000000000000e+03,4.245981699568801560e-07
8.676000000000000000e+03,4.244274407483317191e-07
8.677000000000000000e+03,4.243371449774713255e-07
8.678000000000000000e+03,4.242319562308694003e-07
8.679000000000000000e+03,4.241437636665068567e-07
8.680000000000000000e+03,4.240393138843501220e-07
8.681000000000000000e+03,4.239427937591244699e-07
8.682000000000000000e+03,4.237800794726354070e-07
8.683000000000000000e+03,4.236997028783662245e-07
8.684000000000000000e+03,4.236133861468260875e-07
8.685000000000000000e+03,4.234557877680344973e-07
8.686000000000000000e+03,4.233972958900267258e-07
8.687000000000000000e+03,4.231869183968228754e-07
8.688000000000000000e+03,4.235370170135865919e-07
8.689000000000000000e+03,4.231092418649495812e-07
8.690000000000000000e+03,4.230313948028197046e-07
8.691000000000000000e+03,4.229308672165643657e-07
8.692000000000000000e+03,4.228539296491362620e-07
8.693000000000000000e+03,4.227917713706119685e-07
8.694000000000000000e+03,4.227089220876223408e-07
8.695000000000000000e+03,4.226433247822569683e-07
8.696000000000000000e+03,4.225700536153453868e-07
8.697000000000000000e+03,4.225238114941021195e-07
8.698000000000000000e+03,4.223904568334546639e-07
8.699000000000000000e+03,4.223283269766398007e-07
8.700000000000000000e+03,4.222821985422342550e-07
8.701000000000000000e+03,4.221875258281215793e-07
8.702000000000000000e+03,4.219721176923485473e-07
8.703000000000000000e+03,4.220848950353683904e-07
8.704000000000000000e+03,4.218682647660898510e-07
8.705000000000000000e+03,4.217735352085583145e-07
8.706000000000000000e+03,4.216666411593905650e-07
8.707000000000000000e+03,4.216279023694369243e-07
8.708000000000000000e+03,4.215177114019752480e-07
8.709000000000000000e+03,4.214944340219517471e-07
8.710000000000000000e+03,4.213434579014574410e-07
8.711000000000000000e+03,4.212753026422433322e-07
8.712000000000000000e+03,4.212006956549885217e-07
8.713000000000000000e+03,4.211762529848783743e-07
8.714000000000000000e+03,4.210721726849442348e-07
8.715000000000000000e+03,4.210210420296789380e-07
8.716000000000000000e+03,4.209667565646668663e-07
8.717000000000000000e+03,4.208774271319271065e-07
8.718000000000000000e+03,4.208686732454225421e-07
8.719000000000000000e+03,4.206702612918888917e-07
8.720000000000000000e+03,4.205722348160634283e-07
8.721000000000000000e+03,4.204461845347395865e-07
8.722000000000000000e+03,4.203504886390874162e-07
8.723000000000000000e+03,4.203422463433525991e-07
8.724000000000000000e+03,4.202481420634285314e-07
8.725000000000000000e+03,4.202014736165438080e-07
8.726000000000000000e+03,4.201291687877528602e-07
8.727000000000000000e+03,4.200797150133439573e-07
8.728000000000000000e+03,4.199794432224734919e-07
8.729000000000000000e+03,4.198589351744885789e-07
8.730000000000000000e+03,4.197179919174232055e-07
8.731000000000000000e+03,4.196222960217710352e-07
8.732000000000000000e+03,4.195556471131567378e-07
8.733000000000000000e+03,4.194401128643221455e-07
8.734000000000000000e+03,4.192998517282831017e-07
8.735000000000000000e+03,4.192137055269995471e-07
8.736000000000000000e+03,4.191379048279486597e-07
8.737000000000000000e+03,4.190519007352122571e-07
8.738000000000000000e+03,4.189981552826793632e-07
8.739000000000000000e+03,4.189136575405427720e-07
8.740000000000000000e+03,4.188458433418418281e-07
8.741000000000000000e+03,4.187825481949403184e-07
8.742000000000000000e+03,4.186845785625337157e-07
8.743000000000000000e+03,4.186392743577016518e-07
8.744000000000000000e+03,4.185213811069843359e-07
8.745000000000000000e+03,4.184680051366740372e-07
8.746000000000000000e+03,4.184036583865236025e-07
8.747000000000000000e+03,4.183033013305248460e-07
8.748000000000000000e+03,4.182223563020670554e-07
8.749000000000000000e+03,4.181280814918864053e-07
8.750000000000000000e+03,4.180515986718091881e-07
8.751000000000000000e+03,4.179720747288229177e-07
8.752000000000000000e+03,4.182097370630799560e-07
8.753000000000000000e+03,4.179209440735576209e-07
8.754000000000000000e+03,4.177946664185583359e-07
8.755000000000000000e+03,4.177256585080613149e-07
8.756000000000000000e+03,4.176136485511960927e-07
8.757000000000000000e+03,4.175026901975797955e-07
8.758000000000000000e+03,4.173640206772688543e-07
8.759000000000000000e+03,4.173176364474784350e-07
8.760000000000000000e+03,4.171876639702531975e-07
8.761000000000000000e+03,4.171330374447279610e-07
8.762000000000000000e+03,4.170555598648206796e-07
8.763000000000000000e+03,4.169052090219338425e-07
8.764000000000000000e+03,4.166857365817122627e-07
8.765000000000000000e+03,4.165893301433243323e-07
8.766000000000000000e+03,4.164317033428233117e-07
8.767000000000000000e+03,4.163688060998538276e-07
8.768000000000000000e+03,4.163093763054348528e-07
8.769000000000000000e+03,4.162273228303092765e-07
8.770000000000000000e+03,4.161589686191291548e-07
8.771000000000000000e+03,4.160113746820570668e-07
8.772000000000000000e+03,4.158995068337389966e-07
8.773000000000000000e+03,4.158209208071639296e-07
8.774000000000000000e+03,4.157271291660435963e-07
8.775000000000000000e+03,4.156724457970994990e-07
8.776000000000000000e+03,4.155961335072788643e-07
8.777000000000000000e+03,4.154685768753552111e-07
8.778000000000000000e+03,4.153540373863506829e-07
8.779000000000000000e+03,4.152225301368162036e-07
8.780000000000000000e+03,4.151212920078251045e-07
8.781000000000000000e+03,4.150423649207368726e-07
8.782000000000000000e+03,4.148833454564737622e-07
8.783000000000000000e+03,4.150873564867652021e-07
8.784000000000000000e+03,4.148253367475263076e-07
8.785000000000000000e+03,4.147176753122039372e-07
8.786000000000000000e+03,4.145195759974740213e-07
8.787000000000000000e+03,4.143445266890921630e-07
8.788000000000000000e+03,4.142441696330934064e-07
8.789000000000000000e+03,4.140870544233621331e-07
8.790000000000000000e+03,4.139974691952374997e-07
8.791000000000000000e+03,4.138846065870893653e-07
8.792000000000000000e+03,4.138271378906210884e-07
8.793000000000000000e+03,4.137343694310402498e-07
8.794000000000000000e+03,4.136275038035819307e-07
8.795000000000000000e+03,4.135460471843543928e-07
8.796000000000000000e+03,4.134410858114279108e-07
8.797000000000000000e+03,4.133325433031131979e-07
8.798000000000000000e+03,4.132155311253882246e-07
8.799000000000000000e+03,4.131190110001625726e-07
8.800000000000000000e+03,4.129996113988454454e-07
8.801000000000000000e+03,4.128600608055421617e-07
8.802000000000000000e+03,4.127670081288670190e-07
8.803000000000000000e+03,4.126491432998591335e-07
8.804000000000000000e+03,4.125726889014913468e-07
8.805000000000000000e+03,4.124859742660191841e-07
8.806000000000000000e+03,4.124289887386112241e-07
8.807000000000000000e+03,4.123551775592204649e-07
8.808000000000000000e+03,4.122838390685501508e-07
8.809000000000000000e+03,4.121679921809118241e-07
8.810000000000000000e+03,4.119531240576179698e-07
8.811000000000000000e+03,4.117585774565668544e-07
8.812000000000000000e+03,4.115547085348225664e-07
8.813000000000000000e+03,4.128424109239858808e-07
8.814000000000000000e+03,4.115070737498172093e-07
8.815000000000000000e+03,4.113857698939682450e-07
8.816000000000000000e+03,4.113107365810719784e-07
8.817000000000000000e+03,4.112182239168760134e-07
8.818000000000000000e+03,4.111345788260223344e-07
8.819000000000000000e+03,4.110244447019795189e-07
8.820000000000000000e+03,4.109255087314522825e-07
8.821000000000000000e+03,4.108794371404655976e-07
8.822000000000000000e+03,4.108192399598920019e-07
8.823000000000000000e+03,4.107501467842666898e-07
8.824000000000000000e+03,4.107086510884982999e-07
8.825000000000000000e+03,4.106337598841491854e-07
8.826000000000000000e+03,4.105019399958109716e-07
8.827000000000000000e+03,4.104243487290659687e-07
8.828000000000000000e+03,4.103128787846799241e-07
8.829000000000000000e+03,4.102559785224002553e-07
8.830000000000000000e+03,4.101780746168515179e-07
8.831000000000000000e+03,4.100849935184669448e-07
8.832000000000000000e+03,4.099398438484058715e-07
8.833000000000000000e+03,4.110925715394841973e-07
8.834000000000000000e+03,4.098941701613512123e-07
8.835000000000000000e+03,4.097828707472217502e-07
8.836000000000000000e+03,4.096858106095169205e-07
8.837000000000000000e+03,4.095462031727947760e-07
8.838000000000000000e+03,4.094223413630970754e-07
8.839000000000000000e+03,4.097785790690977592e-07
8.840000000000000000e+03,4.093463132903707447e-07
8.841000000000000000e+03,4.092010783551813802e-07
8.842000000000000000e+03,4.090608456408517668e-07
8.843000000000000000e+03,4.089182255029299995e-07
8.844000000000000000e+03,4.088352056896837894e-07
8.845000000000000000e+03,4.087113438799860887e-07
8.846000000000000000e+03,4.086306262252037413e-07
8.847000000000000000e+03,4.085464979652897455e-07
8.848000000000000000e+03,4.084222950950788800e-07
8.849000000000000000e+03,4.082312727859971346e-07
8.850000000000000000e+03,4.081551310264330823e-07
8.851000000000000000e+03,4.080451105892279884e-07
8.852000000000000000e+03,4.080079065715835895e-07
8.853000000000000000e+03,4.079502957665681606e-07
8.854000000000000000e+03,4.078537187979236478e-07
8.855000000000000000e+03,4.077599271568033146e-07
8.856000000000000000e+03,4.076705408806446940e-07
8.857000000000000000e+03,4.075693880167818861e-07
8.858000000000000000e+03,4.074701109857414849e-07
8.859000000000000000e+03,4.073805257576168515e-07
8.860000000000000000e+03,4.072415720202116063e-07
8.861000000000000000e+03,4.071086721069150371e-07
8.862000000000000000e+03,4.070472527928359341e-07
8.863000000000000000e+03,4.069638919190765591e-07
8.864000000000000000e+03,4.069191277267236728e-07
8.865000000000000000e+03,4.068757277764234459e-07
8.866000000000000000e+03,4.068355963227077154e-07
8.867000000000000000e+03,4.067646841576788574e-07
8.868000000000000000e+03,4.066985184181248769e-07
8.869000000000000000e+03,4.066535836955154082e-07
8.870000000000000000e+03,4.065767029715061653e-07
8.871000000000000000e+03,4.065472580805362668e-07
8.872000000000000000e+03,4.064997085606592009e-07
8.873000000000000000e+03,4.064449115048773820e-07
8.874000000000000000e+03,4.063411722654564073e-07
8.875000000000000000e+03,4.062803498072753428e-07
8.876000000000000000e+03,4.062137577420799062e-07
8.877000000000000000e+03,4.061587048909132136e-07
8.878000000000000000e+03,4.060971150465775281e-07
8.879000000000000000e+03,4.059928926380962366e-07
8.880000000000000000e+03,4.059034495185187552e-07
8.881000000000000000e+03,4.058409501794812968e-07
8.882000000000000000e+03,4.058056504163687350e-07
8.883000000000000000e+03,4.057647799982078141e-07
8.884000000000000000e+03,4.056792590745317284e-07
8.885000000000000000e+03,4.056292084442247869e-07
8.886000000000000000e+03,4.055526119373098481e-07
8.887000000000000000e+03,4.055025897287123371e-07
8.888000000000000000e+03,4.054214741699979641e-07
8.889000000000000000e+03,4.053264888170815539e-07
8.890000000000000000e+03,4.052173210311593721e-07
8.891000000000000000e+03,4.050817210554669145e-07
8.892000000000000000e+03,4.050718587222945644e-07
8.893000000000000000e+03,4.049114465942693641e-07
8.894000000000000000e+03,4.048666824019164778e-07
8.895000000000000000e+03,4.047886363878205884e-07
8.896000000000000000e+03,4.046891319831047440e-07
8.897000000000000000e+03,4.046110575472994242e-07
8.898000000000000000e+03,4.045600121571624186e-07
8.899000000000000000e+03,4.045045045586448396e-07
8.900000000000000000e+03,4.044387935664417455e-07
8.901000000000000000e+03,4.043492367600265425e-07
8.902000000000000000e+03,4.042290129291359335e-07
8.903000000000000000e+03,4.043079115945147350e-07
8.904000000000000000e+03,4.042051671149238246e-07
8.905000000000000000e+03,4.041472436711046612e-07
8.906000000000000000e+03,4.041069985305512091e-07
8.907000000000000000e+03,4.040565215746028116e-07
8.908000000000000000e+03,4.039699206259683706e-07
8.909000000000000000e+03,4.039169425595900975e-07
8.910000000000000000e+03,4.038510894588398514e-07
8.911000000000000000e+03,4.037928817979263840e-07
8.912000000000000000e+03,4.037426890590722905e-07
8.913000000000000000e+03,4.036166671994578792e-07
8.914000000000000000e+03,4.036581060518074082e-07
8.915000000000000000e+03,4.035410938740824349e-07
8.916000000000000000e+03,4.034776281969243428e-07
8.917000000000000000e+03,4.034337450775637990e-07
8.918000000000000000e+03,4.033706204609188717e-07
8.919000000000000000e+03,4.032622200611513108e-07
8.920000000000000000e+03,4.031539049265120411e-07
8.921000000000000000e+03,4.031005289562017424e-07
8.922000000000000000e+03,4.030549973776942352e-07
8.923000000000000000e+03,4.030210050132154720e-07
8.924000000000000000e+03,4.029504623304092092e-07
8.925000000000000000e+03,4.029625699786265614e-07
8.926000000000000000e+03,4.029106719372066436e-07
8.927000000000000000e+03,4.028445061976526631e-07
8.928000000000000000e+03,4.027778288673289353e-07
8.929000000000000000e+03,4.027431259601144120e-07
8.930000000000000000e+03,4.026852877814235399e-07
8.931000000000000000e+03,4.025891087167110527e-07
8.932000000000000000e+03,4.024810209557472263e-07
8.933000000000000000e+03,4.023525832508312305e-07
8.934000000000000000e+03,4.022731445729732513e-07
8.935000000000000000e+03,4.022142263693240238e-07
8.936000000000000000e+03,4.021420068056613673e-07
8.937000000000000000e+03,4.020745905108924489e-07
8.938000000000000000e+03,4.020020867301354883e-07
8.939000000000000000e+03,4.019078403416642686e-07
8.940000000000000000e+03,4.018069148514769040e-07
8.941000000000000000e+03,4.017458650196203962e-07
8.942000000000000000e+03,4.016759760361310327e-07
8.943000000000000000e+03,4.016044670152041363e-07
8.944000000000000000e+03,4.015204524421278620e-07
8.945000000000000000e+03,4.014492844817141304e-07
8.946000000000000000e+03,4.013741943253990030e-07
8.947000000000000000e+03,4.013041063899436267e-07
8.948000000000000000e+03,4.012051988411258208e-07
8.949000000000000000e+03,4.011988607999228407e-07
8.950000000000000000e+03,4.011493217603856465e-07
8.951000000000000000e+03,4.010425982414744794e-07
8.952000000000000000e+03,4.009594647413905477e-07
8.953000000000000000e+03,4.008542759947886225e-07
8.954000000000000000e+03,4.007313521015021252e-07
8.955000000000000000e+03,4.006723770544340368e-07
8.956000000000000000e+03,4.005873677215276984e-07
8.957000000000000000e+03,4.005420919384050649e-07
8.958000000000000000e+03,4.004371305654785829e-07
8.959000000000000000e+03,4.004903075838228688e-07
8.960000000000000000e+03,4.003838967037154362e-07
8.961000000000000000e+03,4.003226763416023459e-07
8.962000000000000000e+03,4.002677655989828054e-07
8.963000000000000000e+03,4.002090179255901603e-07
8.964000000000000000e+03,4.001539082310046069e-07
8.965000000000000000e+03,4.000885382993146777e-07
8.966000000000000000e+03,4.000276874194241827e-07
8.967000000000000000e+03,3.999947466581943445e-07
8.968000000000000000e+03,3.999396653853182215e-07
8.969000000000000000e+03,3.998480337941145990e-07
8.970000000000000000e+03,3.998025306373165222e-07
8.971000000000000000e+03,3.997104158770525828e-07
8.972000000000000000e+03,3.996708812792348908e-07
8.973000000000000000e+03,3.995982922333496390e-07
8.974000000000000000e+03,3.994816779595566913e-07
8.975000000000000000e+03,3.994987309852149338e-07
8.976000000000000000e+03,3.994239534677035408e-07
8.977000000000000000e+03,3.993408199676196091e-07
8.978000000000000000e+03,3.992566917077056132e-07
8.979000000000000000e+03,3.991935386693512555e-07
8.980000000000000000e+03,3.991069377207168145e-07
8.981000000000000000e+03,3.991591768226498971e-07
8.982000000000000000e+03,3.990318759861111175e-07
8.983000000000000000e+03,3.989280799032712821e-07
8.984000000000000000e+03,3.988934622611850500e-07
8.985000000000000000e+03,3.988292860412911978e-07
8.986000000000000000e+03,3.987542243066855008e-07
8.987000000000000000e+03,3.986129115673975321e-07
8.988000000000000000e+03,3.986801857536192983e-07
8.989000000000000000e+03,3.985305454534682212e-07
8.990000000000000000e+03,3.984028467129974160e-07
8.991000000000000000e+03,3.983313092703610891e-07
8.992000000000000000e+03,3.982523821832728572e-07
8.993000000000000000e+03,3.982331691076979041e-07
8.994000000000000000e+03,3.981546399245416978e-07
8.995000000000000000e+03,3.981033671607292490e-07
8.996000000000000000e+03,3.980568124006822472e-07
8.997000000000000000e+03,3.980064775532810017e-07
8.998000000000000000e+03,3.979552047894685529e-07
8.999000000000000000e+03,3.979031930612109136e-07
9.000000000000000000e+03,3.978715312769054435e-07
9.001000000000000000e+03,3.978268807713902788e-07
9.002000000000000000e+03,3.977357323492469732e-07
9.003000000000000000e+03,3.976959703777538380e-07
9.004000000000000000e+03,3.975233084929641336e-07
9.005000000000000000e+03,3.974506057602411602e-07
9.006000000000000000e+03,3.973954392222367460e-07
9.007000000000000000e+03,3.973292734826827655e-07
9.008000000000000000e+03,3.971702540184196550e-07
9.009000000000000000e+03,3.970689022025908343e-07
9.010000000000000000e+03,3.969944941673020367e-07
9.011000000000000000e+03,3.969407771364785731e-07
9.012000000000000000e+03,3.968622195316129364e-07
9.013000000000000000e+03,3.967903694501728751e-07
9.014000000000000000e+03,3.967113002545374911e-07
9.015000000000000000e+03,3.965894563862093491e-07
9.016000000000000000e+03,3.966751478401420172e-07
9.017000000000000000e+03,3.965592441090848297e-07
9.018000000000000000e+03,3.965054133914236445e-07
9.019000000000000000e+03,3.963014023611322045e-07
9.020000000000000000e+03,3.961755794534838060e-07
9.021000000000000000e+03,3.960355741128296359e-07
9.022000000000000000e+03,3.959565049171942519e-07
9.023000000000000000e+03,3.958283514293725602e-07
9.024000000000000000e+03,3.957740375426510582e-07
9.025000000000000000e+03,3.956338332500308752e-07
9.026000000000000000e+03,3.955232443786371732e-07
9.027000000000000000e+03,3.953728935357503360e-07
9.028000000000000000e+03,3.952953875341336243e-07
9.029000000000000000e+03,3.952256406591914129e-07
9.030000000000000000e+03,3.951113285438623279e-07
9.031000000000000000e+03,3.950013649500760948e-07
9.032000000000000000e+03,3.948461255731672281e-07
9.033000000000000000e+03,3.947905327095213579e-07
9.034000000000000000e+03,3.947230879930430092e-07
9.035000000000000000e+03,3.946470599203166785e-07
9.036000000000000000e+03,3.945608568756142631e-07
9.037000000000000000e+03,3.944463173866097350e-07
9.038000000000000000e+03,3.943223987334931735e-07
9.039000000000000000e+03,3.942211606045020744e-07
9.040000000000000000e+03,3.941446493627154268e-07
9.041000000000000000e+03,3.940659212275932077e-07
9.042000000000000000e+03,3.939642567729606526e-07
9.043000000000000000e+03,3.938678787562821526e-07
9.044000000000000000e+03,3.937514918561646482e-07
9.045000000000000000e+03,3.936582686492329231e-07
9.046000000000000000e+03,3.935235497465328081e-07
9.047000000000000000e+03,3.933893424346024403e-07
9.048000000000000000e+03,3.933151333512796555e-07
9.049000000000000000e+03,3.931567960080428747e-07
9.050000000000000000e+03,3.931369292331510223e-07
9.051000000000000000e+03,3.930693424081255216e-07
9.052000000000000000e+03,3.929805529878649395e-07
9.053000000000000000e+03,3.928767569050251041e-07
9.054000000000000000e+03,3.928089427063241601e-07
9.055000000000000000e+03,3.927148952698189532e-07
9.056000000000000000e+03,3.926375882201682543e-07
9.057000000000000000e+03,3.925511578017903958e-07
9.058000000000000000e+03,3.924626810203335481e-07
9.059000000000000000e+03,3.924169504898600280e-07
9.060000000000000000e+03,3.923700262475904310e-07
9.061000000000000000e+03,3.923115343695826596e-07
9.062000000000000000e+03,3.922073119611013681e-07
9.063000000000000000e+03,3.921444431398413144e-07
9.064000000000000000e+03,3.919935807061847299e-07
9.065000000000000000e+03,3.919342077551846160e-07
9.066000000000000000e+03,3.918396203062002314e-07
9.067000000000000000e+03,3.917610342796251643e-07
9.068000000000000000e+03,3.916450737051491160e-07
9.069000000000000000e+03,3.915990305358718615e-07
9.070000000000000000e+03,3.915479283023159951e-07
9.071000000000000000e+03,3.915027662060310831e-07
9.072000000000000000e+03,3.914404089755407767e-07
9.073000000000000000e+03,3.913502268915181048e-07
9.074000000000000000e+03,3.912921897608612198e-07
9.075000000000000000e+03,3.911709995918499772e-07
9.076000000000000000e+03,3.911119961230724584e-07
9.077000000000000000e+03,3.910400323547946755e-07
9.078000000000000000e+03,3.909439669769199099e-07
9.079000000000000000e+03,3.908589860657230020e-07
9.080000000000000000e+03,3.907721577434131177e-07
9.081000000000000000e+03,3.907486814114236040e-07
9.082000000000000000e+03,3.906738470504933503e-07
9.083000000000000000e+03,3.905381902313820319e-07
9.084000000000000000e+03,3.905871892584400484e-07
9.085000000000000000e+03,3.904918912667199038e-07
9.086000000000000000e+03,3.904170853274990804e-07
9.087000000000000000e+03,3.903563197127368767e-07
9.088000000000000000e+03,3.902936214217334054e-07
9.089000000000000000e+03,3.901846810094866669e-07
9.090000000000000000e+03,3.901299692188331392e-07
9.091000000000000000e+03,3.900688909652672010e-07
9.092000000000000000e+03,3.900319711647171061e-07
9.093000000000000000e+03,3.899706939591851551e-07
9.094000000000000000e+03,3.898701095295109553e-07
9.095000000000000000e+03,3.897229419180803234e-07
9.096000000000000000e+03,3.899440059740300057e-07
9.097000000000000000e+03,3.896558098404057091e-07
9.098000000000000000e+03,3.895518432273092913e-07
9.099000000000000000e+03,3.894794815550994826e-07
9.100000000000000000e+03,3.894342910371051403e-07
9.101000000000000000e+03,3.893593998327560257e-07
9.102000000000000000e+03,3.894087683420366375e-07
9.103000000000000000e+03,3.893095197327056667e-07
9.104000000000000000e+03,3.892477877798228292e-07
9.105000000000000000e+03,3.891876190209586639e-07
9.106000000000000000e+03,3.891015865065128310e-07
9.107000000000000000e+03,3.889989841354690725e-07
9.108000000000000000e+03,3.893786697517498396e-07
9.109000000000000000e+03,3.889664412781712599e-07
9.110000000000000000e+03,3.888856667799700517e-07
9.111000000000000000e+03,3.888210642344347434e-07
9.112000000000000000e+03,3.887195134666399099e-07
9.113000000000000000e+03,3.886187585067091277e-07
9.114000000000000000e+03,3.885077717313834000e-07
9.115000000000000000e+03,3.884076420490600867e-07
9.116000000000000000e+03,3.883364456669369247e-07
9.117000000000000000e+03,3.881965824348299066e-07
9.118000000000000000e+03,3.881678480865957681e-07
9.119000000000000000e+03,3.879809469253814314e-07
9.120000000000000000e+03,3.879380017224320909e-07
9.121000000000000000e+03,3.878701591020217165e-07
9.122000000000000000e+03,3.877496226323273731e-07
9.123000000000000000e+03,3.876153016335592838e-07
9.124000000000000000e+03,3.875396714647649787e-07
9.125000000000000000e+03,3.874393144087662222e-07
9.126000000000000000e+03,3.873944365295756143e-07
9.127000000000000000e+03,3.872988543207611656e-07
9.128000000000000000e+03,3.872506795232766308e-07
9.129000000000000000e+03,3.871086562412529020e-07
9.130000000000000000e+03,3.870603393352212152e-07
9.131000000000000000e+03,3.869884039886528626e-07
9.132000000000000000e+03,3.868846363275224576e-07
9.133000000000000000e+03,3.868339604196080472e-07
9.134000000000000000e+03,3.867301359150587814e-07
9.135000000000000000e+03,3.866886117975809611e-07
9.136000000000000000e+03,3.866387601192400325e-07
9.137000000000000000e+03,3.865488338306022342e-07
9.138000000000000000e+03,3.865897610921820160e-07
9.139000000000000000e+03,3.865133066938142292e-07
9.140000000000000000e+03,3.864153654831170570e-07
9.141000000000000000e+03,3.863080166865984211e-07
9.142000000000000000e+03,3.861869117827154696e-07
9.143000000000000000e+03,3.860578772219014354e-07
9.144000000000000000e+03,3.858524735278479056e-07
9.145000000000000000e+03,3.857144292851444334e-07
9.146000000000000000e+03,3.855805346120178001e-07
9.147000000000000000e+03,3.855103898331435630e-07
9.148000000000000000e+03,3.854385965951223625e-07
9.149000000000000000e+03,3.853727150726626860e-07
9.150000000000000000e+03,3.852740064758108929e-07
9.151000000000000000e+03,3.852061354336910881e-07
9.152000000000000000e+03,3.850818188766425010e-07
9.153000000000000000e+03,3.849412451017997228e-07
9.154000000000000000e+03,3.848584242405195255e-07
9.155000000000000000e+03,3.847283380764565663e-07
9.156000000000000000e+03,3.845825631287880242e-07
9.157000000000000000e+03,3.845015044134925120e-07
9.158000000000000000e+03,3.843846627660241211e-07
9.159000000000000000e+03,3.843278761905821739e-07
9.160000000000000000e+03,3.842706917112082010e-07
9.161000000000000000e+03,3.841459204068087274e-07
9.162000000000000000e+03,3.841983584607078228e-07
9.163000000000000000e+03,3.840866895643557655e-07
9.164000000000000000e+03,3.840405895516596502e-07
9.165000000000000000e+03,3.839895157398132142e-07
9.166000000000000000e+03,3.839457747289998224e-07
9.167000000000000000e+03,3.838567010916449362e-07
9.168000000000000000e+03,3.837567703612876358e-07
9.169000000000000000e+03,3.837050428501243005e-07
9.170000000000000000e+03,3.836408382085210178e-07
9.171000000000000000e+03,3.835708639599033631e-07
9.172000000000000000e+03,3.834035169347771443e-07
9.173000000000000000e+03,3.832621189303608844e-07
9.174000000000000000e+03,3.830712387298262911e-07
9.175000000000000000e+03,3.829581487480027135e-07
9.176000000000000000e+03,3.828664887350896606e-07
9.177000000000000000e+03,3.827883858775749104e-07
9.178000000000000000e+03,3.827242665010999190e-07
9.179000000000000000e+03,3.826217209734750213e-07
9.180000000000000000e+03,3.825812484592461260e-07
9.181000000000000000e+03,3.824809766683756607e-07
9.182000000000000000e+03,3.823617191756056855e-07
9.183000000000000000e+03,3.823707004357856931e-07
9.184000000000000000e+03,3.823130327873514034e-07
9.185000000000000000e+03,3.822726455382507993e-07
9.186000000000000000e+03,3.822021312771539669e-07
9.187000000000000000e+03,3.821243126367335208e-07
9.188000000000000000e+03,3.819489222678384976e-07
9.189000000000000000e+03,3.826745285095967120e-07
9.190000000000000000e+03,3.819222911261022091e-07
9.191000000000000000e+03,3.818157097157381941e-07
9.192000000000000000e+03,3.817336562406126177e-07
9.193000000000000000e+03,3.816266485046071466e-07
9.194000000000000000e+03,3.814968181359290611e-07
9.195000000000000000e+03,3.813520379480905831e-07
9.196000000000000000e+03,3.812837121586198919e-07
9.197000000000000000e+03,3.811732938174827723e-07
9.198000000000000000e+03,3.811294959632505197e-07
9.199000000000000000e+03,3.810787063684983877e-07
9.200000000000000000e+03,3.809499560247786576e-07
9.201000000000000000e+03,3.808638666669139639e-07
9.202000000000000000e+03,3.807327004778926494e-07
9.203000000000000000e+03,3.806644599535502493e-07
9.204000000000000000e+03,3.806171378073486267e-07
9.205000000000000000e+03,3.805469077633460984e-07
9.206000000000000000e+03,3.804746881996834418e-07
9.207000000000000000e+03,3.803786228218086762e-07
9.208000000000000000e+03,3.803484958098124480e-07
9.209000000000000000e+03,3.802998378432675963e-07
9.210000000000000000e+03,3.802260266638768371e-07
9.211000000000000000e+03,3.801709453910007142e-07
9.212000000000000000e+03,3.801772265887848334e-07
9.213000000000000000e+03,3.801260106683912454e-07
9.214000000000000000e+03,3.800560648414830212e-07
9.215000000000000000e+03,3.799970613727055024e-07
9.216000000000000000e+03,3.799522403369337553e-07
9.217000000000000000e+03,3.798702152835176094e-07
9.218000000000000000e+03,3.797566421326337149e-07
9.219000000000000000e+03,3.796437795244855806e-07
9.220000000000000000e+03,3.795370560055744136e-07
9.221000000000000000e+03,3.794913538968103239e-07
9.222000000000000000e+03,3.794412180013750913e-07
9.223000000000000000e+03,3.793918779138039099e-07
9.224000000000000000e+03,3.793051917000411777e-07
9.225000000000000000e+03,3.792279983372282004e-07
9.226000000000000000e+03,3.791475080561212962e-07
9.227000000000000000e+03,3.790542564274801407e-07
9.228000000000000000e+03,3.789512561525043566e-07
9.229000000000000000e+03,3.788703395457559964e-07
9.230000000000000000e+03,3.788183562392077874e-07
9.231000000000000000e+03,3.787511388964048820e-07
9.232000000000000000e+03,3.787034756896900944e-07
9.233000000000000000e+03,3.785940236866736086e-07
9.234000000000000000e+03,3.784881243973359233e-07
9.235000000000000000e+03,3.783968622883548960e-07
9.236000000000000000e+03,3.783076181207434274e-07
9.237000000000000000e+03,3.782226372095465194e-07
9.238000000000000000e+03,3.781757698106957832e-07
9.239000000000000000e+03,3.780383508455997799e-07
9.240000000000000000e+03,3.780047279633436119e-07
9.241000000000000000e+03,3.779019834837527014e-07
9.242000000000000000e+03,3.777915935643250123e-07
9.243000000000000000e+03,3.786074671552341897e-07
9.244000000000000000e+03,3.777651613745547365e-07
9.245000000000000000e+03,3.776357857532275375e-07
9.246000000000000000e+03,3.775521975057927193e-07
9.247000000000000000e+03,3.774238734877144452e-07
9.248000000000000000e+03,3.773125172301661223e-07
9.249000000000000000e+03,3.773429000375472242e-07
9.250000000000000000e+03,3.772347270114551065e-07
9.251000000000000000e+03,3.771267245156195713e-07
9.252000000000000000e+03,3.770681473724835087e-07
9.253000000000000000e+03,3.769953025312133832e-07
9.254000000000000000e+03,3.768987824059877312e-07
9.255000000000000000e+03,3.767768816942407284e-07
9.256000000000000000e+03,3.767219709516211879e-07
9.257000000000000000e+03,3.766788267967058346e-07
9.258000000000000000e+03,3.766536735838599270e-07
9.259000000000000000e+03,3.765479164030693937e-07
9.260000000000000000e+03,3.765402141198137542e-07
9.261000000000000000e+03,3.764912719361745985e-07
9.262000000000000000e+03,3.764156133456708631e-07
9.263000000000000000e+03,3.763521760902222013e-07
9.264000000000000000e+03,3.762986864330741810e-07
9.265000000000000000e+03,3.762162066323071485e-07
9.266000000000000000e+03,3.762252731576154474e-07
9.267000000000000000e+03,3.761741425023501506e-07
9.268000000000000000e+03,3.761178675176779507e-07
9.269000000000000000e+03,3.760767697258415865e-07
9.270000000000000000e+03,3.760505364880373236e-07
9.271000000000000000e+03,3.760132187835552031e-07
9.272000000000000000e+03,3.759504352274234407e-07
9.273000000000000000e+03,3.759137712222582195e-07
9.274000000000000000e+03,3.758173932055797195e-07
9.275000000000000000e+03,3.760985407552652759e-07
9.276000000000000000e+03,3.757835997930669691e-07
9.277000000000000000e+03,3.757318154384847730e-07
9.278000000000000000e+03,3.756511830488307169e-07
9.279000000000000000e+03,3.755701527552446350e-07
9.280000000000000000e+03,3.754770716568600619e-07
9.281000000000000000e+03,3.755661737159243785e-07
9.282000000000000000e+03,3.754309432224545162e-07
9.283000000000000000e+03,3.753369242076587398e-07
9.284000000000000000e+03,3.752455768335494213e-07
9.285000000000000000e+03,3.751173665023088688e-07
9.286000000000000000e+03,3.750029407001420623e-07
9.287000000000000000e+03,3.748830010863457574e-07
9.288000000000000000e+03,3.747974233192508109e-07
9.289000000000000000e+03,3.747037169432587689e-07
9.290000000000000000e+03,3.746332879472902277e-07
9.291000000000000000e+03,3.745604431060201023e-07
9.292000000000000000e+03,3.744897014712478267e-07
9.293000000000000000e+03,3.744406171790615190e-07
9.294000000000000000e+03,3.743971319636330009e-07
9.295000000000000000e+03,3.743442107406735886e-07
9.296000000000000000e+03,3.742737533229956171e-07
9.297000000000000000e+03,3.742334797607327346e-07
9.298000000000000000e+03,3.741819796232448425e-07
9.299000000000000000e+03,3.741487830666301306e-07
9.300000000000000000e+03,3.741001819435041398e-07
9.301000000000000000e+03,3.740420595477189636e-07
9.302000000000000000e+03,3.740037186616973486e-07
9.303000000000000000e+03,3.739132523605803726e-07
9.304000000000000000e+03,3.738963414434692822e-07
9.305000000000000000e+03,3.738562952548818430e-07
9.306000000000000000e+03,3.737681879556475906e-07
9.307000000000000000e+03,3.737019085292558884e-07
9.308000000000000000e+03,3.736371070317545673e-07
9.309000000000000000e+03,3.735888753908511717e-07
9.310000000000000000e+03,3.735430595952493604e-07
9.311000000000000000e+03,3.734480458206235198e-07
9.312000000000000000e+03,3.733808568995300448e-07
9.313000000000000000e+03,3.733061930688563734e-07
9.314000000000000000e+03,3.732492643848672742e-07
9.315000000000000000e+03,3.732165794190223096e-07
9.316000000000000000e+03,3.731262552264524857e-07
9.317000000000000000e+03,3.731228730430302676e-07
9.318000000000000000e+03,3.730785920197376981e-07
9.319000000000000000e+03,3.729895468040922424e-07
9.320000000000000000e+03,3.729123534412792651e-07
9.321000000000000000e+03,3.728437150130048394e-07
9.322000000000000000e+03,3.727532771335972939e-07
9.323000000000000000e+03,3.726745489984750748e-07
9.324000000000000000e+03,3.726053421360120410e-07
9.325000000000000000e+03,3.725476176441588905e-07
9.326000000000000000e+03,3.724600219356943853e-07
9.327000000000000000e+03,3.724795192283636425e-07
9.328000000000000000e+03,3.724408657035382930e-07
9.329000000000000000e+03,3.723675945366267115e-07
9.330000000000000000e+03,3.723054931015212787e-07
9.331000000000000000e+03,3.722850578924408183e-07
9.332000000000000000e+03,3.722448980170156574e-07
9.333000000000000000e+03,3.722010717410739744e-07
9.334000000000000000e+03,3.721229973052686546e-07
9.335000000000000000e+03,3.720404606610827614e-07
9.336000000000000000e+03,3.721255836808268214e-07
9.337000000000000000e+03,3.719981691574503202e-07
9.338000000000000000e+03,3.718920424944371916e-07
9.339000000000000000e+03,3.718436119015677832e-07
9.340000000000000000e+03,3.717627521382382838e-07
9.341000000000000000e+03,3.716764922501170076e-07
9.342000000000000000e+03,3.715259424552641576e-07
9.343000000000000000e+03,3.714506249252735870e-07
9.344000000000000000e+03,3.713438161412341287e-07
9.345000000000000000e+03,3.712872853611770552e-07
9.346000000000000000e+03,3.712362968144589104e-07
9.347000000000000000e+03,3.711588476562610595e-07
9.348000000000000000e+03,3.710670455348008545e-07
9.349000000000000000e+03,3.710331384354503825e-07
9.350000000000000000e+03,3.709836278176226187e-07
9.351000000000000000e+03,3.709077702751528705e-07
9.352000000000000000e+03,3.709037628141231835e-07
9.353000000000000000e+03,3.708644840116903652e-07
9.354000000000000000e+03,3.707854432377644116e-07
9.355000000000000000e+03,3.707146163378638448e-07
9.356000000000000000e+03,3.706142308601556579e-07
9.357000000000000000e+03,3.705168580836470937e-07
9.358000000000000000e+03,3.704512607782817213e-07
9.359000000000000000e+03,3.704367088630533544e-07
9.360000000000000000e+03,3.703733568727329839e-07
9.361000000000000000e+03,3.703516142650187248e-07
9.362000000000000000e+03,3.702793662796466378e-07
9.363000000000000000e+03,3.702274966599361505e-07
9.364000000000000000e+03,3.703110849073709687e-07
9.365000000000000000e+03,3.701882462792127626e-07
9.366000000000000000e+03,3.701085802276793402e-07
9.367000000000000000e+03,3.700355932778620627e-07
9.368000000000000000e+03,3.699217074881744338e-07
9.369000000000000000e+03,3.698450825595500646e-07
9.370000000000000000e+03,3.697828105941880494e-07
9.371000000000000000e+03,3.697257398016517982e-07
9.372000000000000000e+03,3.697021497828245629e-07
9.373000000000000000e+03,3.696669637065497227e-07
9.374000000000000000e+03,3.695835459893714869e-07
9.375000000000000000e+03,3.694813415222597541e-07
9.376000000000000000e+03,3.694372594509331975e-07
9.377000000000000000e+03,3.693605208354711067e-07
9.378000000000000000e+03,3.693300811846711440e-07
9.379000000000000000e+03,3.692828158818883821e-07
9.380000000000000000e+03,3.692116479214746505e-07
9.381000000000000000e+03,3.691367567171255359e-07
9.382000000000000000e+03,3.690693688440660480e-07
9.383000000000000000e+03,3.690303742587275337e-07
9.384000000000000000e+03,3.690166181513632182e-07
9.385000000000000000e+03,3.689392542582936585e-07
9.386000000000000000e+03,3.689054608457809081e-07
9.387000000000000000e+03,3.688782896915654419e-07
9.388000000000000000e+03,3.688237768528779270e-07
9.389000000000000000e+03,3.688294327730545774e-07
9.390000000000000000e+03,3.687963214815681567e-07
9.391000000000000000e+03,3.687564174015278695e-07
9.392000000000000000e+03,3.687427749810012756e-07
9.393000000000000000e+03,3.687202934088418260e-07
9.394000000000000000e+03,3.687009950681385817e-07
9.395000000000000000e+03,3.687021319365157979e-07
9.396000000000000000e+03,3.686658658352826023e-07
9.397000000000000000e+03,3.686204763653222471e-07
9.398000000000000000e+03,3.685896388105902588e-07
9.399000000000000000e+03,3.685659351049253019e-07
9.400000000000000000e+03,3.684967850858811289e-07
9.401000000000000000e+03,3.684267539938446134e-07
9.402000000000000000e+03,3.682940246108046267e-07
9.403000000000000000e+03,3.682410465444263536e-07
9.404000000000000000e+03,3.681841747038561152e-07
9.405000000000000000e+03,3.681293492263648659e-07
9.406000000000000000e+03,3.680663098748482298e-07
9.407000000000000000e+03,3.680000872918753885e-07
9.408000000000000000e+03,3.679661517708154861e-07
9.409000000000000000e+03,3.679323867800121661e-07
9.410000000000000000e+03,3.678206326185318176e-07
9.411000000000000000e+03,3.677415065794775728e-07
9.412000000000000000e+03,3.676709354749618797e-07
9.413000000000000000e+03,3.676288145015860209e-07
9.414000000000000000e+03,3.675785080758942058e-07
9.415000000000000000e+03,3.675577318063005805e-07
9.416000000000000000e+03,3.674756214877561433e-07
9.417000000000000000e+03,3.674472566217446001e-07
9.418000000000000000e+03,3.673984565466525964e-07
9.419000000000000000e+03,3.673477522170287557e-07
9.420000000000000000e+03,3.672902835205604788e-07
9.421000000000000000e+03,3.672152502076642122e-07
9.422000000000000000e+03,3.671361525903193979e-07
9.423000000000000000e+03,3.670741932637611171e-07
9.424000000000000000e+03,3.670083401630108710e-07
9.425000000000000000e+03,3.669686634566460270e-07
9.426000000000000000e+03,3.669225066005310509e-07
9.427000000000000000e+03,3.668671126888511935e-07
9.428000000000000000e+03,3.667664145723392721e-07
9.429000000000000000e+03,3.666740440166904591e-07
9.430000000000000000e+03,3.665917063244705787e-07
9.431000000000000000e+03,3.665255974283354590e-07
9.432000000000000000e+03,3.664468977149226703e-07
9.433000000000000000e+03,3.663259633412963012e-07
9.434000000000000000e+03,3.661994014692027122e-07
9.435000000000000000e+03,3.661125447251833975e-07
9.436000000000000000e+03,3.660458958165691001e-07
9.437000000000000000e+03,3.660170477814972401e-07
9.438000000000000000e+03,3.659712035641859984e-07
9.439000000000000000e+03,3.659168612557550659e-07
9.440000000000000000e+03,3.658852563148684567e-07
9.441000000000000000e+03,3.658121556782134576e-07
9.442000000000000000e+03,3.657742411178332986e-07
9.443000000000000000e+03,3.656966498510882957e-07
9.444000000000000000e+03,3.655870841612340882e-07
9.445000000000000000e+03,3.655524096757289954e-07
9.446000000000000000e+03,3.654169518085836899e-07
9.447000000000000000e+03,3.653810267678636592e-07
9.448000000000000000e+03,3.653144631243776530e-07
9.449000000000000000e+03,3.652777422757935710e-07
9.450000000000000000e+03,3.652276063803583384e-07
9.451000000000000000e+03,3.651287272532499628e-07
9.452000000000000000e+03,3.651168185569986235e-07
9.453000000000000000e+03,3.650603446203604108e-07
9.454000000000000000e+03,3.650138751254417002e-07
9.455000000000000000e+03,3.649772963854047703e-07
9.456000000000000000e+03,3.649200266409025062e-07
9.457000000000000000e+03,3.648361541763733840e-07
9.458000000000000000e+03,3.647440394161094446e-07
9.459000000000000000e+03,3.646718198524467880e-07
9.460000000000000000e+03,3.646059951734059723e-07
9.461000000000000000e+03,3.645303650046116672e-07
9.462000000000000000e+03,3.645067749857844319e-07
9.463000000000000000e+03,3.644257446921983501e-07
9.464000000000000000e+03,3.643824015853169840e-07
9.465000000000000000e+03,3.643350225956965005e-07
9.466000000000000000e+03,3.642686294824670767e-07
9.467000000000000000e+03,3.642043964191543637e-07
9.468000000000000000e+03,3.641220587269344833e-07
9.469000000000000000e+03,3.640764418832986848e-07
9.470000000000000000e+03,3.640445527253177715e-07
9.471000000000000000e+03,3.639670467237010598e-07
9.472000000000000000e+03,3.638785699422442121e-07
9.473000000000000000e+03,3.637957775026734453e-07
9.474000000000000000e+03,3.637341876583377598e-07
9.475000000000000000e+03,3.636779695170844207e-07
9.476000000000000000e+03,3.635843199845112395e-07
9.477000000000000000e+03,3.635237249000056181e-07
9.478000000000000000e+03,3.634013694409077289e-07
9.479000000000000000e+03,3.632985681178979576e-07
9.480000000000000000e+03,3.632399057096336037e-07
9.481000000000000000e+03,3.631685387972538592e-07
9.482000000000000000e+03,3.630664764386892784e-07
9.483000000000000000e+03,3.629450588960025925e-07
9.484000000000000000e+03,3.628544220646290341e-07
9.485000000000000000e+03,3.628011882028658874e-07
9.486000000000000000e+03,3.627319244969839929e-07
9.487000000000000000e+03,3.626507805165601894e-07
9.488000000000000000e+03,3.625649469540803693e-07
9.489000000000000000e+03,3.624773228239064338e-07
9.490000000000000000e+03,3.624293469783879118e-07
9.491000000000000000e+03,3.623573832101101289e-07
9.492000000000000000e+03,3.623056556989467936e-07
9.493000000000000000e+03,3.622882900344848167e-07
9.494000000000000000e+03,3.622224369337345706e-07
9.495000000000000000e+03,3.621642008511116728e-07
9.496000000000000000e+03,3.621103701334504876e-07
9.497000000000000000e+03,3.620617690103244968e-07
9.498000000000000000e+03,3.619408062149886973e-07
9.499000000000000000e+03,3.617785750975599512e-07
9.500000000000000000e+03,3.616339938616874861e-07
9.501000000000000000e+03,3.615520540733996313e-07
9.502000000000000000e+03,3.614827051023894455e-07
9.503000000000000000e+03,3.614395325257646618e-07
9.504000000000000000e+03,3.613695014337281464e-07
9.505000000000000000e+03,3.612724697177327471e-07
9.506000000000000000e+03,3.611858403473888757e-07
9.507000000000000000e+03,3.610874443893408170e-07
9.508000000000000000e+03,3.610428223055350827e-07
9.509000000000000000e+03,3.609422662975703133e-07
9.510000000000000000e+03,3.608341216931876261e-07
9.511000000000000000e+03,3.607553367146465462e-07
9.512000000000000000e+03,3.606257052979344735e-07
9.513000000000000000e+03,3.605549068197433371e-07
9.514000000000000000e+03,3.604979781357542379e-07
9.515000000000000000e+03,3.604197047479829052e-07
9.516000000000000000e+03,3.603264815410511801e-07
9.517000000000000000e+03,3.602898175358859589e-07
9.518000000000000000e+03,3.602087872422998771e-07
9.519000000000000000e+03,3.601910520956153050e-07
9.520000000000000000e+03,3.601587934554117965e-07
9.521000000000000000e+03,3.600919171731220558e-07
9.522000000000000000e+03,3.600199818265537033e-07
9.523000000000000000e+03,3.599187721192720346e-07
9.524000000000000000e+03,3.598281068661890458e-07
9.525000000000000000e+03,3.597367310703702969e-07
9.526000000000000000e+03,3.596041722175868927e-07
9.527000000000000000e+03,3.595955888613389106e-07
9.528000000000000000e+03,3.595332032091391739e-07
9.529000000000000000e+03,3.594655595406948123e-07
9.530000000000000000e+03,3.594070960843964713e-07
9.531000000000000000e+03,3.593274868762819096e-07
9.532000000000000000e+03,3.592687676245986950e-07
9.533000000000000000e+03,3.591928532387100859e-07
9.534000000000000000e+03,3.591376014355773805e-07
9.535000000000000000e+03,3.590910182538209483e-07
9.536000000000000000e+03,3.590132564568193629e-07
9.537000000000000000e+03,3.590962762700655730e-07
9.538000000000000000e+03,3.589914285839768127e-07
9.539000000000000000e+03,3.589240975543361856e-07
9.540000000000000000e+03,3.588570223200804321e-07
9.541000000000000000e+03,3.587699097806762438e-07
9.542000000000000000e+03,3.586724233173299581e-07
9.543000000000000000e+03,3.586394825561001198e-07
9.544000000000000000e+03,3.585570027553330874e-07
9.545000000000000000e+03,3.585152228424703935e-07
9.546000000000000000e+03,3.584715955184947234e-07
9.547000000000000000e+03,3.584036107895371970e-07
9.548000000000000000e+03,3.583684815566812176e-07
9.549000000000000000e+03,3.582650265343545470e-07
9.550000000000000000e+03,3.582353258479997749e-07
9.551000000000000000e+03,3.582053693662601290e-07
9.552000000000000000e+03,3.581440921607281780e-07
9.553000000000000000e+03,3.580557290661090519e-07
9.554000000000000000e+03,3.579679344056785339e-07
9.555000000000000000e+03,3.580578606943163322e-07
9.556000000000000000e+03,3.579471297143754782e-07
9.557000000000000000e+03,3.579079645987803815e-07
9.558000000000000000e+03,3.578609266696730629e-07
9.559000000000000000e+03,3.578104212920152349e-07
9.560000000000000000e+03,3.577272877919313032e-07
9.561000000000000000e+03,3.577753773242875468e-07
9.562000000000000000e+03,3.577172265067929402e-07
9.563000000000000000e+03,3.576527660698047839e-07
9.564000000000000000e+03,3.576099345536931651e-07
9.565000000000000000e+03,3.575666767119400902e-07
9.566000000000000000e+03,3.574958213903300930e-07
9.567000000000000000e+03,3.573909737042413326e-07
9.568000000000000000e+03,3.575366918084910139e-07
9.569000000000000000e+03,3.573612161744676996e-07
9.570000000000000000e+03,3.573117908217682270e-07
9.571000000000000000e+03,3.572728530798485735e-07
9.572000000000000000e+03,3.572032198917440837e-07
9.573000000000000000e+03,3.571204274521733169e-07
9.574000000000000000e+03,3.571995534912275616e-07
9.575000000000000000e+03,3.570783064787974581e-07
9.576000000000000000e+03,3.569895739019557368e-07
9.577000000000000000e+03,3.569660123048379319e-07
9.578000000000000000e+03,3.568999034087028122e-07
9.579000000000000000e+03,3.568475221982225776e-07
9.580000000000000000e+03,3.567691919670323841e-07
9.581000000000000000e+03,3.566854047676315531e-07
9.582000000000000000e+03,3.566307498203968862e-07
9.583000000000000000e+03,3.566084387784940191e-07
9.584000000000000000e+03,3.565573649666475831e-07
9.585000000000000000e+03,3.564944393019686686e-07
9.586000000000000000e+03,3.564480834938876797e-07
9.587000000000000000e+03,3.564082931006851140e-07
9.588000000000000000e+03,3.563529844541335478e-07
9.589000000000000000e+03,3.562658434930199292e-07
9.590000000000000000e+03,3.561883374914032174e-07
9.591000000000000000e+03,3.561246728622791125e-07
9.592000000000000000e+03,3.560678578651277348e-07
9.593000000000000000e+03,3.560037384886527434e-07
9.594000000000000000e+03,3.560213883702090243e-07
9.595000000000000000e+03,3.559633796612615697e-07
9.596000000000000000e+03,3.559089236659929156e-07
9.597000000000000000e+03,3.558784271717740921e-07
9.598000000000000000e+03,3.558523360425169813e-07
9.599000000000000000e+03,3.558066339337528916e-07
9.600000000000000000e+03,3.556739613941317657e-07
9.601000000000000000e+03,3.555670389232545858e-07
9.602000000000000000e+03,3.554942509254033212e-07
9.603000000000000000e+03,3.554365548552596010e-07
9.604000000000000000e+03,3.554115153292514151e-07
9.605000000000000000e+03,3.553742544681881554e-07
9.606000000000000000e+03,3.552648593085905304e-07
9.607000000000000000e+03,3.551887175490264781e-07
9.608000000000000000e+03,3.551271845481096534e-07
9.609000000000000000e+03,3.550582619027409237e-07
9.610000000000000000e+03,3.550167662069725338e-07
9.611000000000000000e+03,3.549668861069221748e-07
9.612000000000000000e+03,3.548597078406601213e-07
9.613000000000000000e+03,3.553934107003442477e-07
9.614000000000000000e+03,3.548395284269645344e-07
9.615000000000000000e+03,3.547801554759644205e-07
9.616000000000000000e+03,3.546967093370767543e-07
9.617000000000000000e+03,3.546460050074529136e-07
9.618000000000000000e+03,3.545816866790119093e-07
9.619000000000000000e+03,3.545252411640831269e-07
9.620000000000000000e+03,3.544438982316933107e-07
9.621000000000000000e+03,3.543657385307596996e-07
9.622000000000000000e+03,3.542842250681133009e-07
9.623000000000000000e+03,3.542166098213783698e-07
9.624000000000000000e+03,3.541624664649134502e-07
9.625000000000000000e+03,3.540892237197112991e-07
9.626000000000000000e+03,3.540341992902540369e-07
9.627000000000000000e+03,3.539712167821562616e-07
9.628000000000000000e+03,3.538940518410527147e-07
9.629000000000000000e+03,3.539416866260580719e-07
9.630000000000000000e+03,3.538230828326049959e-07
9.631000000000000000e+03,3.537162740485655377e-07
9.632000000000000000e+03,3.536424628691747785e-07
9.633000000000000000e+03,3.535643600116600282e-07
9.634000000000000000e+03,3.534678114647249458e-07
9.635000000000000000e+03,3.533286587753536878e-07
9.636000000000000000e+03,3.534160555318521801e-07
9.637000000000000000e+03,3.532593098043435020e-07
9.638000000000000000e+03,3.531804111389647005e-07
9.639000000000000000e+03,3.531210666096740169e-07
9.640000000000000000e+03,3.530752508140722057e-07
9.641000000000000000e+03,3.529872856233851053e-07
9.642000000000000000e+03,3.529002299273997778e-07
9.643000000000000000e+03,3.527919432144699385e-07
9.644000000000000000e+03,3.527931937696848763e-07
9.645000000000000000e+03,3.527347871568053961e-07
9.646000000000000000e+03,3.526903356032562442e-07
9.647000000000000000e+03,3.526331511238822713e-07
9.648000000000000000e+03,3.526023704125691438e-07
9.649000000000000000e+03,3.525405247728485847e-07
9.650000000000000000e+03,3.525003933191328542e-07
9.651000000000000000e+03,3.524408214161667274e-07
9.652000000000000000e+03,3.523857401432906045e-07
9.653000000000000000e+03,3.523379916714475257e-07
9.654000000000000000e+03,3.522897884522535605e-07
9.655000000000000000e+03,3.522593488014535978e-07
9.656000000000000000e+03,3.522363840602338314e-07
9.657000000000000000e+03,3.521457188071508426e-07
9.658000000000000000e+03,3.522416420764784561e-07
9.659000000000000000e+03,3.521020062180468813e-07
9.660000000000000000e+03,3.520163716075330740e-07
9.661000000000000000e+03,3.519556344144803006e-07
9.662000000000000000e+03,3.518925950629636645e-07
9.663000000000000000e+03,3.518029245697107399e-07
9.664000000000000000e+03,3.516712183682102477e-07
9.665000000000000000e+03,3.518540836466854671e-07
9.666000000000000000e+03,3.516052231589128496e-07
9.667000000000000000e+03,3.515131368203583406e-07
9.668000000000000000e+03,3.514741990784386871e-07
9.669000000000000000e+03,3.514406330396013800e-07
9.670000000000000000e+03,3.513470403504470596e-07
9.671000000000000000e+03,3.513164301693905145e-07
9.672000000000000000e+03,3.511881345730216708e-07
9.673000000000000000e+03,3.511601676109421533e-07
9.674000000000000000e+03,3.510714918775192928e-07
9.675000000000000000e+03,3.510651538363163127e-07
9.676000000000000000e+03,3.509375403609737987e-07
9.677000000000000000e+03,3.508997963308502221e-07
9.678000000000000000e+03,3.508503425564413192e-07
9.679000000000000000e+03,3.507794019697030308e-07
9.680000000000000000e+03,3.506674488562566694e-07
9.681000000000000000e+03,3.505714971652196255e-07
9.682000000000000000e+03,3.504828498535061954e-07
9.683000000000000000e+03,3.504055428038554965e-07
9.684000000000000000e+03,3.503491541323455749e-07
9.685000000000000000e+03,3.501867240629508160e-07
9.686000000000000000e+03,3.500792615795944585e-07
9.687000000000000000e+03,3.499824572372745024e-07
9.688000000000000000e+03,3.499304455090168631e-07
9.689000000000000000e+03,3.497737282032176154e-07
9.690000000000000000e+03,3.496188298868219135e-07
9.691000000000000000e+03,3.494770908218924887e-07
9.692000000000000000e+03,3.493796896236744942e-07
9.693000000000000000e+03,3.493045142022310756e-07
9.694000000000000000e+03,3.491950053557957290e-07
9.695000000000000000e+03,3.491383040454820730e-07
9.696000000000000000e+03,3.490258393412659643e-07
9.697000000000000000e+03,3.489082018859335221e-07
9.698000000000000000e+03,3.489450932647741865e-07
9.699000000000000000e+03,3.488530921913479688e-07
9.700000000000000000e+03,3.488073048174555879e-07
9.701000000000000000e+03,3.487852211492281640e-07
9.702000000000000000e+03,3.487240860522433650e-07
9.703000000000000000e+03,3.486425725895969663e-07
9.704000000000000000e+03,3.485659192392631667e-07
9.705000000000000000e+03,3.484832120648206910e-07
9.706000000000000000e+03,3.484439048406784423e-07
9.707000000000000000e+03,3.483678199245332507e-07
9.708000000000000000e+03,3.483019668237830047e-07
9.709000000000000000e+03,3.482481929495406803e-07
9.710000000000000000e+03,3.482048498426593142e-07
9.711000000000000000e+03,3.481088128864939790e-07
9.712000000000000000e+03,3.480699319879931863e-07
9.713000000000000000e+03,3.479720760424243053e-07
9.714000000000000000e+03,3.479162842268124223e-07
9.715000000000000000e+03,3.478370445009204559e-07
9.716000000000000000e+03,3.478061785244790372e-07
9.717000000000000000e+03,3.477583732092170976e-07
9.718000000000000000e+03,3.476817198588832980e-07
9.719000000000000000e+03,3.477627501524693798e-07
9.720000000000000000e+03,3.476505696653475752e-07
9.721000000000000000e+03,3.475867629276763182e-07
9.722000000000000000e+03,3.475190055723942351e-07
9.723000000000000000e+03,3.474451943930034759e-07
9.724000000000000000e+03,3.473334970749419881e-07
9.725000000000000000e+03,3.472366358892031712e-07
9.726000000000000000e+03,3.471078002803551499e-07
9.727000000000000000e+03,3.470555896001314977e-07
9.728000000000000000e+03,3.469587568361021113e-07
9.729000000000000000e+03,3.468584282018127851e-07
9.730000000000000000e+03,3.468417162366677076e-07
9.731000000000000000e+03,3.467946783075603889e-07
9.732000000000000000e+03,3.467190197170566535e-07
9.733000000000000000e+03,3.466785756245371886e-07
9.734000000000000000e+03,3.466130351625906769e-07
9.735000000000000000e+03,3.465349891484947875e-07
9.736000000000000000e+03,3.464240592165879207e-07
9.737000000000000000e+03,3.463325697339314502e-07
9.738000000000000000e+03,3.462555753230844857e-07
9.739000000000000000e+03,3.461842368324141717e-07
9.740000000000000000e+03,3.461195490217505721e-07
9.741000000000000000e+03,3.460283721778978361e-07
9.742000000000000000e+03,3.459213360201829346e-07
9.743000000000000000e+03,3.458755202245811233e-07
9.744000000000000000e+03,3.458252990640175994e-07
9.745000000000000000e+03,3.457765274106350262e-07
9.746000000000000000e+03,3.456723902672820259e-07
9.747000000000000000e+03,3.456112551702972269e-07
9.748000000000000000e+03,3.455082833170308731e-07
9.749000000000000000e+03,3.454459260865405668e-07
9.750000000000000000e+03,3.453909016570833046e-07
9.751000000000000000e+03,3.453230590366729302e-07
9.752000000000000000e+03,3.452342411947029177e-07
9.753000000000000000e+03,3.451498287176946178e-07
9.754000000000000000e+03,3.451006591603800189e-07
9.755000000000000000e+03,3.450420820172439562e-07
9.756000000000000000e+03,3.450021779372036690e-07
9.757000000000000000e+03,3.449247003572963877e-07
9.758000000000000000e+03,3.448493544055963866e-07
9.759000000000000000e+03,3.447563017289212439e-07
9.760000000000000000e+03,3.446663754402834456e-07
9.761000000000000000e+03,3.445700258453143761e-07
9.762000000000000000e+03,3.445789786837849533e-07
9.763000000000000000e+03,3.445352376729715616e-07
9.764000000000000000e+03,3.444743299496622058e-07
9.765000000000000000e+03,3.444032188326673349e-07
9.766000000000000000e+03,3.443423679527768400e-07
9.767000000000000000e+03,3.442870024628064130e-07
9.768000000000000000e+03,3.442339675530092791e-07
9.769000000000000000e+03,3.441807905346649932e-07
9.770000000000000000e+03,3.441028582074068254e-07
9.771000000000000000e+03,3.441533920067740837e-07
9.772000000000000000e+03,3.440742375460104086e-07
9.773000000000000000e+03,3.440293596668198006e-07
9.774000000000000000e+03,3.439691909079556353e-07
9.775000000000000000e+03,3.439290310325304745e-07
9.776000000000000000e+03,3.438546229972416768e-07
9.777000000000000000e+03,3.437919247062382055e-07
9.778000000000000000e+03,3.437026236952078762e-07
9.779000000000000000e+03,3.436671818235481624e-07
9.780000000000000000e+03,3.435692406128509901e-07
9.781000000000000000e+03,3.436288409375265473e-07
9.782000000000000000e+03,3.435331166201649467e-07
9.783000000000000000e+03,3.434797974932735087e-07
9.784000000000000000e+03,3.434073505559354089e-07
9.785000000000000000e+03,3.433335677982540801e-07
9.786000000000000000e+03,3.432593587149312953e-07
9.787000000000000000e+03,3.431747757076664129e-07
9.788000000000000000e+03,3.431315178659133380e-07
9.789000000000000000e+03,3.430759818456863286e-07
9.790000000000000000e+03,3.430191384268255206e-07
9.791000000000000000e+03,3.428744150824059034e-07
9.792000000000000000e+03,3.431520951835409505e-07
9.793000000000000000e+03,3.428339425681770081e-07
9.794000000000000000e+03,3.427777244269236689e-07
9.795000000000000000e+03,3.427329886562802130e-07
9.796000000000000000e+03,3.426816022056300426e-07
9.797000000000000000e+03,3.425961097036633873e-07
9.798000000000000000e+03,3.425614067964488640e-07
9.799000000000000000e+03,3.424700310006301152e-07
9.800000000000000000e+03,3.424345607072609710e-07
9.801000000000000000e+03,3.423947703140584053e-07
9.802000000000000000e+03,3.423620000830851495e-07
9.803000000000000000e+03,3.422907752792525571e-07
9.804000000000000000e+03,3.426402201966993744e-07
9.805000000000000000e+03,3.422611598580260761e-07
9.806000000000000000e+03,3.421962162519776030e-07
9.807000000000000000e+03,3.421206713483115891e-07
9.808000000000000000e+03,3.420414316224196227e-07
9.809000000000000000e+03,3.419623055833653780e-07
9.810000000000000000e+03,3.418791152398625854e-07
9.811000000000000000e+03,3.418053609038906870e-07
9.812000000000000000e+03,3.417319476284319535e-07
9.813000000000000000e+03,3.417214031742332736e-07
9.814000000000000000e+03,3.416651850329799345e-07
9.815000000000000000e+03,3.416253377963585081e-07
9.816000000000000000e+03,3.415934770600870252e-07
9.817000000000000000e+03,3.415363778458413435e-07
9.818000000000000000e+03,3.415041192056378350e-07
9.819000000000000000e+03,3.414095886000723112e-07
9.820000000000000000e+03,3.413777847072196892e-07
9.821000000000000000e+03,3.413376816752133891e-07
9.822000000000000000e+03,3.412968396787618985e-07
9.823000000000000000e+03,3.412525586554693291e-07
9.824000000000000000e+03,3.411981595036195358e-07
9.825000000000000000e+03,3.411226998650818132e-07
9.826000000000000000e+03,3.410233944123319816e-07
9.827000000000000000e+03,3.409137150356400525e-07
9.828000000000000000e+03,3.408455597764259437e-07
9.829000000000000000e+03,3.407893416351726046e-07
9.830000000000000000e+03,3.407220674489508383e-07
9.831000000000000000e+03,3.406739779165945947e-07
9.832000000000000000e+03,3.406153723517491017e-07
9.833000000000000000e+03,3.405579604986996856e-07
9.834000000000000000e+03,3.405239397125114920e-07
9.835000000000000000e+03,3.404820461128110765e-07
9.836000000000000000e+03,3.403893629183585290e-07
9.837000000000000000e+03,3.403824848646763712e-07
9.838000000000000000e+03,3.403363280085613951e-07
9.839000000000000000e+03,3.402795982765383087e-07
9.840000000000000000e+03,3.402282118258881383e-07
9.841000000000000000e+03,3.401638366540282732e-07
9.842000000000000000e+03,3.401148092052608263e-07
9.843000000000000000e+03,3.400287482691055629e-07
9.844000000000000000e+03,3.399942158921476221e-07
9.845000000000000000e+03,3.399330239517439622e-07
9.846000000000000000e+03,3.398358217054919805e-07
9.847000000000000000e+03,3.400093078198551666e-07
9.848000000000000000e+03,3.397976513497269480e-07
9.849000000000000000e+03,3.396878582861972973e-07
9.850000000000000000e+03,3.396208967387792654e-07
9.851000000000000000e+03,3.395294640995416557e-07
9.852000000000000000e+03,3.394283396573882783e-07
9.853000000000000000e+03,3.394043517346290173e-07
9.854000000000000000e+03,3.392905796317791101e-07
9.855000000000000000e+03,3.392621295006392756e-07
9.856000000000000000e+03,3.392244707356439903e-07
9.857000000000000000e+03,3.391197083146835212e-07
9.858000000000000000e+03,3.390474603293114342e-07
9.859000000000000000e+03,3.389093876648985315e-07
9.860000000000000000e+03,3.388588822872407036e-07
9.861000000000000000e+03,3.388174718566006050e-07
9.862000000000000000e+03,3.387776530416886089e-07
9.863000000000000000e+03,3.386824118933873251e-07
9.864000000000000000e+03,3.385574984804406995e-07
9.865000000000000000e+03,3.385277125289576361e-07
9.866000000000000000e+03,3.384357398772408487e-07
9.867000000000000000e+03,3.384111835202929797e-07
9.868000000000000000e+03,3.383611044682766078e-07
9.869000000000000000e+03,3.382842237442673650e-07
9.870000000000000000e+03,3.382192801382188918e-07
9.871000000000000000e+03,3.381141482350358274e-07
9.872000000000000000e+03,3.380482098691572901e-07
9.873000000000000000e+03,3.379894906174740754e-07
9.874000000000000000e+03,3.378905546469468391e-07
9.875000000000000000e+03,3.379707322892500088e-07
9.876000000000000000e+03,3.378419251021114178e-07
9.877000000000000000e+03,3.377644759439135669e-07
9.878000000000000000e+03,3.377225255007942906e-07
9.879000000000000000e+03,3.376835877588746371e-07
9.880000000000000000e+03,3.376068207217031159e-07
9.881000000000000000e+03,3.374125583377463045e-07
9.882000000000000000e+03,3.374305208581063198e-07
9.883000000000000000e+03,3.373243373516743304e-07
9.884000000000000000e+03,3.372606443008407950e-07
9.885000000000000000e+03,3.372175285676348722e-07
9.886000000000000000e+03,3.371808077190507902e-07
9.887000000000000000e+03,3.370685988102195552e-07
9.888000000000000000e+03,3.370226693277800223e-07
9.889000000000000000e+03,3.369336525338439969e-07
9.890000000000000000e+03,3.369016212673159316e-07
9.891000000000000000e+03,3.368593866071023513e-07
9.892000000000000000e+03,3.367717340552189853e-07
9.893000000000000000e+03,3.367007366250618361e-07
9.894000000000000000e+03,3.366185410413891077e-07
9.895000000000000000e+03,3.365834686519519892e-07
9.896000000000000000e+03,3.365119312093156623e-07
9.897000000000000000e+03,3.364426106600149069e-07
9.898000000000000000e+03,3.364307588071824284e-07
9.899000000000000000e+03,3.363804523814906133e-07
9.900000000000000000e+03,3.362935387940524379e-07
9.901000000000000000e+03,3.362276004281739006e-07
9.902000000000000000e+03,3.361550113822886487e-07
9.903000000000000000e+03,3.361985534411360277e-07
9.904000000000000000e+03,3.360936204899189761e-07
9.905000000000000000e+03,3.360072753366694087e-07
9.906000000000000000e+03,3.359342883868521312e-07
9.907000000000000000e+03,3.358681226472981507e-07
9.908000000000000000e+03,3.357857565333688399e-07
9.909000000000000000e+03,3.357255025093763834e-07
9.910000000000000000e+03,3.356061029080592562e-07
9.911000000000000000e+03,3.355567912421975052e-07
9.912000000000000000e+03,3.354856801252026344e-07
9.913000000000000000e+03,3.354036266500770580e-07
9.914000000000000000e+03,3.354625448537262855e-07
9.915000000000000000e+03,3.353471242917294148e-07
9.916000000000000000e+03,3.352903661379968980e-07
9.917000000000000000e+03,3.352389796873467276e-07
9.918000000000000000e+03,3.351568125253834296e-07
9.919000000000000000e+03,3.350409087943262421e-07
9.920000000000000000e+03,3.349615553815965541e-07
9.921000000000000000e+03,3.348989423557213740e-07
9.922000000000000000e+03,3.348539223679836141e-07
9.923000000000000000e+03,3.347354322613682598e-07
9.924000000000000000e+03,3.346413279814441921e-07
9.925000000000000000e+03,3.345262200582510559e-07
9.926000000000000000e+03,3.344715935327258194e-07
9.927000000000000000e+03,3.343957075685466407e-07
9.928000000000000000e+03,3.343392336319084279e-07
9.929000000000000000e+03,3.342518937188287964e-07
9.930000000000000000e+03,3.341308456583647057e-07
9.931000000000000000e+03,3.340699379350553500e-07
9.932000000000000000e+03,3.340070691137952963e-07
9.933000000000000000e+03,3.338874705605121562e-07
9.934000000000000000e+03,3.338280691878026119e-07
9.935000000000000000e+03,3.337577823003812227e-07
9.936000000000000000e+03,3.336878080517635681e-07
9.937000000000000000e+03,3.336219833727227524e-07
9.938000000000000000e+03,3.336261897857184522e-07
9.939000000000000000e+03,3.335693747885670746e-07
9.940000000000000000e+03,3.334799316689895932e-07
9.941000000000000000e+03,3.334273515065433457e-07
9.942000000000000000e+03,3.333470885991118848e-07
9.943000000000000000e+03,3.333058202770189382e-07
9.944000000000000000e+03,3.332578444315004162e-07
9.945000000000000000e+03,3.332048095217032824e-07
9.946000000000000000e+03,3.331846016862982651e-07
9.947000000000000000e+03,3.331544462525926065e-07
9.948000000000000000e+03,3.330775086851645028e-07
9.949000000000000000e+03,3.330582387661706889e-07
9.950000000000000000e+03,3.329699040932609932e-07
9.951000000000000000e+03,3.329432161081058439e-07
9.952000000000000000e+03,3.329172386656864546e-07
9.953000000000000000e+03,3.328665343360626139e-07
9.954000000000000000e+03,3.327885735870950157e-07
9.955000000000000000e+03,3.326823048155347351e-07
9.956000000000000000e+03,3.326532862502062926e-07
9.957000000000000000e+03,3.325601198866934283e-07
9.958000000000000000e+03,3.325360751205153065e-07
9.959000000000000000e+03,3.324869055632007075e-07
9.960000000000000000e+03,3.324840633922576671e-07
9.961000000000000000e+03,3.324450972286285833e-07
9.962000000000000000e+03,3.323738155813771300e-07
9.963000000000000000e+03,3.322893178392405389e-07
9.964000000000000000e+03,3.322145687434385763e-07
9.965000000000000000e+03,3.321883639273437439e-07
9.966000000000000000e+03,3.320930659356235992e-07
9.967000000000000000e+03,3.320424752928374801e-07
9.968000000000000000e+03,3.319913162158627529e-07
9.969000000000000000e+03,3.319545669455692405e-07
9.970000000000000000e+03,3.318609458347054897e-07
9.971000000000000000e+03,3.318001517982338555e-07
9.972000000000000000e+03,3.317201446861872682e-07
9.973000000000000000e+03,3.316637560146773467e-07
9.974000000000000000e+03,3.315886090149433585e-07
9.975000000000000000e+03,3.314380876417999389e-07
9.976000000000000000e+03,3.314734442483313615e-07
9.977000000000000000e+03,3.313726892884005792e-07
9.978000000000000000e+03,3.312590877158072544e-07
9.979000000000000000e+03,3.312147782708052546e-07
9.980000000000000000e+03,3.311493514956964646e-07
9.981000000000000000e+03,3.310653085009107599e-07
9.982000000000000000e+03,3.309694136532925768e-07
9.983000000000000000e+03,3.308691134407126810e-07
9.984000000000000000e+03,3.307918916561902734e-07
9.985000000000000000e+03,3.307829956611385569e-07
9.986000000000000000e+03,3.307644362848805031e-07
9.987000000000000000e+03,3.307299039079225622e-07
9.988000000000000000e+03,3.306752489606878953e-07
9.989000000000000000e+03,3.306153644189180341e-07
9.990000000000000000e+03,3.305322309188341023e-07
9.991000000000000000e+03,3.305106304196669953e-07
9.992000000000000000e+03,3.304332096831785748e-07
9.993000000000000000e+03,3.303951530142512638e-07
9.994000000000000000e+03,3.303453866010386264e-07
9.995000000000000000e+03,3.302802156213147100e-07
9.996000000000000000e+03,3.301952062884083716e-07
9.997000000000000000e+03,3.301282447409903398e-07
9.998000000000000000e+03,3.300501418834755896e-07
9.999000000000000000e+03,3.299450384020019555e-07
1.000000000000000000e+04,3.300004607353912434e-07
1.000100000000000000e+04,3.299065838291426189e-07
1.000200000000000000e+04,3.298341937352233799e-07
1.000300000000000000e+04,3.297736839158460498e-07
1.000400000000000000e+04,3.297073760677449172e-07
1.000500000000000000e+04,3.296126749319228111e-07
1.000600000000000000e+04,3.295866406460845610e-07
1.000700000000000000e+04,3.294857719993160572e-07
1.000800000000000000e+04,3.294458394975663396e-07
1.000900000000000000e+04,3.294058217306883307e-07
1.001000000000000000e+04,3.293249903890682617e-07
1.001100000000000000e+04,3.294592261227080598e-07
1.001200000000000000e+04,3.292937833521136781e-07
1.001300000000000000e+04,3.292140888788708253e-07
1.001400000000000000e+04,3.291609971256548306e-07
1.001500000000000000e+04,3.291275731953646755e-07
1.001600000000000000e+04,3.290693939561606385e-07
1.001700000000000000e+04,3.289865446731710108e-07
1.001800000000000000e+04,3.289050027888151817e-07
1.001900000000000000e+04,3.288380696631065803e-07
1.002000000000000000e+04,3.287984213784511667e-07
1.002100000000000000e+04,3.287391336925793439e-07
1.002200000000000000e+04,3.286742185082403012e-07
1.002300000000000000e+04,3.286179719452775316e-07
1.002400000000000000e+04,3.285668412900122348e-07
1.002500000000000000e+04,3.284873457687353948e-07
1.002600000000000000e+04,3.284274612269655336e-07
1.002700000000000000e+04,3.283094827111199265e-07
1.002800000000000000e+04,3.282335683252313174e-07
1.002900000000000000e+04,3.281422777945408598e-07
1.003000000000000000e+04,3.280889302459399914e-07
1.003100000000000000e+04,3.280525220361596439e-07
1.003200000000000000e+04,3.279956501955894055e-07
1.003300000000000000e+04,3.278603912804101128e-07
1.003400000000000000e+04,3.278744316048687324e-07
1.003500000000000000e+04,3.278160534136986826e-07
1.003600000000000000e+04,3.276867914792092051e-07
1.003700000000000000e+04,3.276078643921209732e-07
1.003800000000000000e+04,3.275265498814405873e-07
1.003900000000000000e+04,3.274340940606634831e-07
1.004000000000000000e+04,3.273333391007327009e-07
1.004100000000000000e+04,3.272180890689924126e-07
1.004200000000000000e+04,3.271663615578290774e-07
1.004300000000000000e+04,3.270953925493813585e-07
1.004400000000000000e+04,3.270463935223233420e-07
1.004500000000000000e+04,3.269060186994465766e-07
1.004600000000000000e+04,3.268014268087426899e-07
1.004700000000000000e+04,3.266704311499779578e-07
1.004800000000000000e+04,3.265964210186211858e-07
1.004900000000000000e+04,3.264871679675707128e-07
1.005000000000000000e+04,3.264133852098893840e-07
1.005100000000000000e+04,3.263461110236676177e-07
1.005200000000000000e+04,3.263223788962932304e-07
1.005300000000000000e+04,3.262189807173854206e-07
1.005400000000000000e+04,3.261545202803972643e-07
1.005500000000000000e+04,3.261027075041056378e-07
1.005600000000000000e+04,3.260564085394435097e-07
1.005700000000000000e+04,3.259802952015888877e-07
1.005800000000000000e+04,3.259053755755303428e-07
1.005900000000000000e+04,3.258553249452234013e-07
1.006000000000000000e+04,3.257763694364257390e-07
1.006100000000000000e+04,3.256469938150985399e-07
1.006200000000000000e+04,3.259499123942077858e-07
1.006300000000000000e+04,3.255877913943550084e-07
1.006400000000000000e+04,3.255302090110490099e-07
1.006500000000000000e+04,3.254782541262102313e-07
1.006600000000000000e+04,3.254329499213781673e-07
1.006700000000000000e+04,3.253510385547997430e-07
1.006800000000000000e+04,3.252382612117798999e-07
1.006900000000000000e+04,3.251912517043820117e-07
1.007000000000000000e+04,3.251108466884033987e-07
1.007100000000000000e+04,3.250732163451175438e-07
1.007200000000000000e+04,3.250043505431676749e-07
1.007300000000000000e+04,3.249078019962325925e-07
1.007400000000000000e+04,3.248381688081281027e-07
1.007500000000000000e+04,3.247789663873845711e-07
1.007600000000000000e+04,3.246805988510459429e-07
1.007700000000000000e+04,3.245956179398490349e-07
1.007800000000000000e+04,3.245571065235708375e-07
1.007900000000000000e+04,3.244850574901647633e-07
1.008000000000000000e+04,3.244009576519601978e-07
1.008100000000000000e+04,3.243048638523760019e-07
1.008200000000000000e+04,3.242085995225352235e-07
1.008300000000000000e+04,3.241736976633546874e-07
1.008400000000000000e+04,3.240847092911280924e-07
1.008500000000000000e+04,3.240496653234004043e-07
1.008600000000000000e+04,3.239592558657022892e-07
1.008700000000000000e+04,3.238526744553382741e-07
1.008800000000000000e+04,3.237977921344281640e-07
1.008900000000000000e+04,3.237106511733145453e-07
1.009000000000000000e+04,3.236805525830277475e-07
1.009100000000000000e+04,3.236359020775125828e-07
1.009200000000000000e+04,3.235479368868254824e-07
1.009300000000000000e+04,3.234663665807602229e-07
1.009400000000000000e+04,3.233814425129821757e-07
1.009500000000000000e+04,3.233352003917389084e-07
1.009600000000000000e+04,3.232726157875731587e-07
1.009700000000000000e+04,3.232140670661465265e-07
1.009800000000000000e+04,3.231176037843397353e-07
1.009900000000000000e+04,3.230477148008503718e-07
1.010000000000000000e+04,3.229312994790234370e-07
1.010100000000000000e+04,3.228775256047811126e-07
1.010200000000000000e+04,3.227935678751236992e-07
1.010300000000000000e+04,3.227355307444668142e-07
1.010400000000000000e+04,3.226701039693580242e-07
1.010500000000000000e+04,3.225530065265047597e-07
1.010600000000000000e+04,3.224509725896496093e-07
1.010700000000000000e+04,3.224117222089262214e-07
1.010800000000000000e+04,3.223395879103918560e-07
1.010900000000000000e+04,3.223139231067762012e-07
1.011000000000000000e+04,3.222511111289350083e-07
1.011100000000000000e+04,3.221783799745026045e-07
1.011200000000000000e+04,3.221001350084407022e-07
1.011300000000000000e+04,3.220557118766009808e-07
1.011400000000000000e+04,3.219849986635381356e-07
1.011500000000000000e+04,3.219556958811153891e-07
1.011600000000000000e+04,3.219028883449936984e-07
1.011700000000000000e+04,3.218659117010247428e-07
1.011800000000000000e+04,3.217915889308642363e-07
1.011900000000000000e+04,3.217528217192011653e-07
1.012000000000000000e+04,3.216834159047721187e-07
1.012100000000000000e+04,3.218713686692353804e-07
1.012200000000000000e+04,3.216469792732823407e-07
1.012300000000000000e+04,3.216172501652181381e-07
1.012400000000000000e+04,3.215686206203827169e-07
1.012500000000000000e+04,3.215130277567368466e-07
1.012600000000000000e+04,3.214212256352766417e-07
1.012700000000000000e+04,3.214200887668994255e-07
1.012800000000000000e+04,3.213635579868423520e-07
1.012900000000000000e+04,3.212598755908402381e-07
1.013000000000000000e+04,3.211869170627323911e-07
1.013100000000000000e+04,3.211356158772105118e-07
1.013200000000000000e+04,3.210908516848576255e-07
1.013300000000000000e+04,3.209889598565496271e-07
1.013400000000000000e+04,3.209231351775088115e-07
1.013500000000000000e+04,3.208765804174618097e-07
1.013600000000000000e+04,3.207447889508330263e-07
1.013700000000000000e+04,3.206719725312723313e-07
1.013800000000000000e+04,3.205505549885856453e-07
1.013900000000000000e+04,3.204418987934332108e-07
1.014000000000000000e+04,3.203778931037959410e-07
1.014100000000000000e+04,3.202635809884668561e-07
1.014200000000000000e+04,3.201602112312684767e-07
1.014300000000000000e+04,3.200726723662228324e-07
1.014400000000000000e+04,3.199618561211536871e-07
1.014500000000000000e+04,3.199037621470779413e-07
1.014600000000000000e+04,3.198204581167374272e-07
1.014700000000000000e+04,3.197583851033414248e-07
1.014800000000000000e+04,3.196601880972593790e-07
1.014900000000000000e+04,3.196468583155365195e-07
1.015000000000000000e+04,3.195227691321633756e-07
1.015100000000000000e+04,3.194806481587875169e-07
1.015200000000000000e+04,3.194222131241986062e-07
1.015300000000000000e+04,3.193439965798461344e-07
1.015400000000000000e+04,3.192567419318947941e-07
1.015500000000000000e+04,3.191435382632334949e-07
1.015600000000000000e+04,3.190463360169815132e-07
1.015700000000000000e+04,3.189664425917726476e-07
1.015800000000000000e+04,3.188952462096494855e-07
1.015900000000000000e+04,3.188546884302922990e-07
1.016000000000000000e+04,3.188042398960533319e-07
1.016100000000000000e+04,3.187414279182121390e-07
1.016200000000000000e+04,3.186801791343896184e-07
1.016300000000000000e+04,3.186255526088643819e-07
1.016400000000000000e+04,3.186034120972180972e-07
1.016500000000000000e+04,3.185635932823061012e-07
1.016600000000000000e+04,3.185417085660446901e-07
1.016700000000000000e+04,3.184607066941680387e-07
1.016800000000000000e+04,3.184215984219918028e-07
1.016900000000000000e+04,3.183681940299720736e-07
1.017000000000000000e+04,3.183189676292386139e-07
1.017100000000000000e+04,3.182074408414337086e-07
1.017200000000000000e+04,3.182118746281048516e-07
1.017300000000000000e+04,3.181423267051286530e-07
1.017400000000000000e+04,3.180780083766876487e-07
1.017500000000000000e+04,3.180133774094429100e-07
1.017600000000000000e+04,3.179634973093925510e-07
1.017700000000000000e+04,3.178187455432635034e-07
1.017800000000000000e+04,3.179339103098755004e-07
1.017900000000000000e+04,3.177589178449125029e-07
1.018000000000000000e+04,3.176700715812330600e-07
1.018100000000000000e+04,3.176079133027087664e-07
1.018200000000000000e+04,3.175078404638043139e-07
1.018300000000000000e+04,3.173659592903277371e-07
1.018400000000000000e+04,3.174608025346969953e-07
1.018500000000000000e+04,3.172889933011902031e-07
1.018600000000000000e+04,3.171347771058208309e-07
1.018700000000000000e+04,3.170326010604185285e-07
1.018800000000000000e+04,3.169601257013709983e-07
1.018900000000000000e+04,3.169115814216638682e-07
1.019000000000000000e+04,3.168569548961386317e-07
1.019100000000000000e+04,3.167681370541686192e-07
1.019200000000000000e+04,3.166893520756275393e-07
1.019300000000000000e+04,3.165743009958532639e-07
1.019400000000000000e+04,3.165513646763429279e-07
1.019500000000000000e+04,3.164068687055987539e-07
1.019600000000000000e+04,3.163591486554651055e-07
1.019700000000000000e+04,3.163173687426024117e-07
1.019800000000000000e+04,3.162745940699096536e-07
1.019900000000000000e+04,3.163258099903032416e-07
1.020000000000000000e+04,3.162355426411522785e-07
1.020100000000000000e+04,3.161339918733574450e-07
1.020200000000000000e+04,3.160425592341198353e-07
1.020300000000000000e+04,3.159546224651421653e-07
1.020400000000000000e+04,3.158633035127422772e-07
1.020500000000000000e+04,3.157742867188062519e-07
1.020600000000000000e+04,3.156999071052268846e-07
1.020700000000000000e+04,3.156445984586753184e-07
1.020800000000000000e+04,3.155492720452457434e-07
1.020900000000000000e+04,3.157329615532944445e-07
1.021000000000000000e+04,3.155041099489608314e-07
1.021100000000000000e+04,3.154440832986438181e-07
1.021200000000000000e+04,3.153844829739682609e-07
1.021300000000000000e+04,3.153282648327149218e-07
1.021400000000000000e+04,3.152470924305816879e-07
1.021500000000000000e+04,3.151648115817806683e-07
1.021600000000000000e+04,3.150997542888944736e-07
1.021700000000000000e+04,3.150369423110532807e-07
1.021800000000000000e+04,3.149568215121689718e-07
1.021900000000000000e+04,3.149350220610358519e-07
1.022000000000000000e+04,3.148770417737978278e-07
1.022100000000000000e+04,3.148502685235143872e-07
1.022200000000000000e+04,3.148282416987058241e-07
1.022300000000000000e+04,3.147627012367593125e-07
1.022400000000000000e+04,3.148410598896589363e-07
1.022500000000000000e+04,3.147305847051029559e-07
1.022600000000000000e+04,3.146603262393909972e-07
1.022700000000000000e+04,3.146077460769447498e-07
1.022800000000000000e+04,3.145804896576009924e-07
1.022900000000000000e+04,3.145136702187301125e-07
1.023000000000000000e+04,3.144457139114820166e-07
1.023100000000000000e+04,3.143939864003186813e-07
1.023200000000000000e+04,3.143641720271261875e-07
1.023300000000000000e+04,3.143228468616143800e-07
1.023400000000000000e+04,3.142777984521671897e-07
1.023500000000000000e+04,3.142140769796242239e-07
1.023600000000000000e+04,3.143811682093655691e-07
1.023700000000000000e+04,3.141719275845389348e-07
1.023800000000000000e+04,3.141004185636120383e-07
1.023900000000000000e+04,3.140324622563639423e-07
1.024000000000000000e+04,3.139894033665768802e-07
1.024100000000000000e+04,3.139364537219080376e-07
1.024200000000000000e+04,3.138739543828705791e-07
1.024300000000000000e+04,3.138192710139264818e-07
1.024400000000000000e+04,3.137680835152423242e-07
1.024500000000000000e+04,3.136869111131090904e-07
1.024600000000000000e+04,3.135920394470304018e-07
1.024700000000000000e+04,3.135100428153236862e-07
1.024800000000000000e+04,3.134492772005614825e-07
1.024900000000000000e+04,3.133934853849495994e-07
1.025000000000000000e+04,3.132836354780010879e-07
1.025100000000000000e+04,3.132089432256179862e-07
1.025200000000000000e+04,3.131210917217686074e-07
1.025300000000000000e+04,3.130413688268163241e-07
1.025400000000000000e+04,3.130005836737836944e-07
1.025500000000000000e+04,3.129496235487749800e-07
1.025600000000000000e+04,3.128404557628527982e-07
1.025700000000000000e+04,3.127572369976405753e-07
1.025800000000000000e+04,3.126396279640175635e-07
1.025900000000000000e+04,3.125632872524874983e-07
1.026000000000000000e+04,3.124922614006209187e-07
1.026100000000000000e+04,3.124193881376413628e-07
1.026200000000000000e+04,3.123113287983869668e-07
1.026300000000000000e+04,3.122614202766271774e-07
1.026400000000000000e+04,3.121898544122814201e-07
1.026500000000000000e+04,3.120923963706445647e-07
1.026600000000000000e+04,3.121043619103147648e-07
1.026700000000000000e+04,3.120215410490345675e-07
1.026800000000000000e+04,3.119421592145954492e-07
1.026900000000000000e+04,3.118703659765742486e-07
1.027000000000000000e+04,3.117652624951006146e-07
1.027100000000000000e+04,3.116693108040635707e-07
1.027200000000000000e+04,3.116210223197413143e-07
1.027300000000000000e+04,3.115413562682078918e-07
1.027400000000000000e+04,3.115317213087109849e-07
1.027500000000000000e+04,3.114896003353351261e-07
1.027600000000000000e+04,3.114535900294868043e-07
1.027700000000000000e+04,3.114206776899663964e-07
1.027800000000000000e+04,3.113724176273535704e-07
1.027900000000000000e+04,3.113156310519116232e-07
1.028000000000000000e+04,3.112743627298186766e-07
1.028100000000000000e+04,3.112346860234538326e-07
1.028200000000000000e+04,3.111828164037433453e-07
1.028300000000000000e+04,3.111262287802674109e-07
1.028400000000000000e+04,3.110813509010768030e-07
1.028500000000000000e+04,3.110230863967444748e-07
1.028600000000000000e+04,3.109937836143217282e-07
1.028700000000000000e+04,3.109323927219520556e-07
1.028800000000000000e+04,3.108600026280328166e-07
1.028900000000000000e+04,3.107872714736004127e-07
1.029000000000000000e+04,3.107239479049894726e-07
1.029100000000000000e+04,3.106337089775479399e-07
1.029200000000000000e+04,3.105631662947416771e-07
1.029300000000000000e+04,3.104702841483231168e-07
1.029400000000000000e+04,3.104023278410750208e-07
1.029500000000000000e+04,3.103487813405081397e-07
1.029600000000000000e+04,3.102342134297941811e-07
1.029700000000000000e+04,3.102570360624667956e-07
1.029800000000000000e+04,3.101797005911066663e-07
1.029900000000000000e+04,3.100964249824755825e-07
1.030000000000000000e+04,3.100190042459871620e-07
1.030100000000000000e+04,3.099740979450871237e-07
1.030200000000000000e+04,3.099322043453867082e-07
1.030300000000000000e+04,3.098614058671955718e-07
1.030400000000000000e+04,3.097783860539493617e-07
1.030500000000000000e+04,3.097500780313566793e-07
1.030600000000000000e+04,3.096939167335222010e-07
1.030700000000000000e+04,3.096606917551980587e-07
1.030800000000000000e+04,3.096307068517489824e-07
1.030900000000000000e+04,3.095383647178095998e-07
1.031000000000000000e+04,3.095050544743571663e-07
1.031100000000000000e+04,3.094245641932502622e-07
1.031200000000000000e+04,3.093749683102942072e-07
1.031300000000000000e+04,3.093530267506139353e-07
1.031400000000000000e+04,3.093271629950322676e-07
1.031500000000000000e+04,3.092449105679406784e-07
1.031600000000000000e+04,3.091564337864838308e-07
1.031700000000000000e+04,3.090672180405817926e-07
1.031800000000000000e+04,3.090084419454797171e-07
1.031900000000000000e+04,3.089274969170219265e-07
1.032000000000000000e+04,3.088562436914799036e-07
1.032100000000000000e+04,3.088535436290840153e-07
1.032200000000000000e+04,3.087896516262844671e-07
1.032300000000000000e+04,3.086864808210521005e-07
1.032400000000000000e+04,3.086328490553569281e-07
1.032500000000000000e+04,3.085822868342802394e-07
1.032600000000000000e+04,3.085362720867124153e-07
1.032700000000000000e+04,3.084975901401776355e-07
1.032800000000000000e+04,3.084411730469582835e-07
1.032900000000000000e+04,3.084458057855954394e-07
1.033000000000000000e+04,3.084297190980578307e-07
1.033100000000000000e+04,3.084046227286307840e-07
1.033200000000000000e+04,3.083415265336952871e-07
1.033300000000000000e+04,3.082784303387597902e-07
1.033400000000000000e+04,3.082191142311785370e-07
1.033500000000000000e+04,3.082994339820288587e-07
1.033600000000000000e+04,3.081886461586691439e-07
1.033700000000000000e+04,3.081709962771128630e-07
1.033800000000000000e+04,3.081170802943233866e-07
1.033900000000000000e+04,3.080591568505042233e-07
1.034000000000000000e+04,3.079973112107836641e-07
1.034100000000000000e+04,3.079513248849252705e-07
1.034200000000000000e+04,3.079133534811262507e-07
1.034300000000000000e+04,3.078640986586833606e-07
1.034400000000000000e+04,3.077969381592993159e-07
1.034500000000000000e+04,3.077175563248601975e-07
1.034600000000000000e+04,3.076322911965689855e-07
1.034700000000000000e+04,3.075862480272917310e-07
1.034800000000000000e+04,3.075516588069149293e-07
1.034900000000000000e+04,3.075385563988675131e-07
1.035000000000000000e+04,3.075143695241422392e-07
1.035100000000000000e+04,3.074775349887204356e-07
1.035200000000000000e+04,3.074394214763742639e-07
1.035300000000000000e+04,3.073851644330716226e-07
1.035400000000000000e+04,3.072745755616779206e-07
1.035500000000000000e+04,3.073734262670768658e-07
1.035600000000000000e+04,3.072194374453829369e-07
1.035700000000000000e+04,3.071567391543794656e-07
1.035800000000000000e+04,3.071295111567451386e-07
1.035900000000000000e+04,3.070877028221730143e-07
1.036000000000000000e+04,3.070322236453648657e-07
1.036100000000000000e+04,3.068624607749370625e-07
1.036200000000000000e+04,3.071415903832530603e-07
1.036300000000000000e+04,3.068152238938637311e-07
1.036400000000000000e+04,3.067748366447631270e-07
1.036500000000000000e+04,3.067367799758358160e-07
1.036600000000000000e+04,3.066592739742191043e-07
1.036700000000000000e+04,3.065389080347813433e-07
1.036800000000000000e+04,3.067647185162059031e-07
1.036900000000000000e+04,3.064924953832814936e-07
1.037000000000000000e+04,3.064063776037073694e-07
1.037100000000000000e+04,3.063176734485750785e-07
1.037200000000000000e+04,3.062242512896773405e-07
1.037300000000000000e+04,3.061476263610529713e-07
1.037400000000000000e+04,3.060994799852778669e-07
1.037500000000000000e+04,3.060500262108689640e-07
1.037600000000000000e+04,3.060226845263969153e-07
1.037700000000000000e+04,3.059949449379928410e-07
1.037800000000000000e+04,3.059245727854431607e-07
1.037900000000000000e+04,3.058565880564856343e-07
1.038000000000000000e+04,3.058270010569685837e-07
1.038100000000000000e+04,3.057513993098837091e-07
1.038200000000000000e+04,3.057116657601000043e-07
1.038300000000000000e+04,3.056574939819256542e-07
1.038400000000000000e+04,3.055794763895391952e-07
1.038500000000000000e+04,3.057137121231789934e-07
1.038600000000000000e+04,3.055444040001020767e-07
1.038700000000000000e+04,3.054825015169626568e-07
1.038800000000000000e+04,3.054327351037500193e-07
1.038900000000000000e+04,3.054118735690281028e-07
1.039000000000000000e+04,3.053600323710270459e-07
1.039100000000000000e+04,3.053029900002002250e-07
1.039200000000000000e+04,3.052496708733087871e-07
1.039300000000000000e+04,3.052197996566974325e-07
1.039400000000000000e+04,3.051439705359371146e-07
1.039500000000000000e+04,3.050934651582792867e-07
1.039600000000000000e+04,3.050880366117780795e-07
1.039700000000000000e+04,3.049700865176419029e-07
1.039800000000000000e+04,3.049510439723235322e-07
1.039900000000000000e+04,3.049167389690410346e-07
1.040000000000000000e+04,3.048790517823363189e-07
1.040100000000000000e+04,3.047829579827521229e-07
1.040200000000000000e+04,3.047332768346677767e-07
1.040300000000000000e+04,3.046511096727044787e-07
1.040400000000000000e+04,3.046037875265028561e-07
1.040500000000000000e+04,3.045653329536435194e-07
1.040600000000000000e+04,3.044912944005773170e-07
1.040700000000000000e+04,3.045490473141398979e-07
1.040800000000000000e+04,3.044570746624231106e-07
1.040900000000000000e+04,3.043807055291836150e-07
1.041000000000000000e+04,3.043031142624386121e-07
1.041100000000000000e+04,3.042212881609884789e-07
1.041200000000000000e+04,3.041494096578389872e-07
1.041300000000000000e+04,3.040869387405109592e-07
1.041400000000000000e+04,3.040122464881278574e-07
1.041500000000000000e+04,3.039279761196667096e-07
1.041600000000000000e+04,3.038614408978901338e-07
1.041700000000000000e+04,3.037771705294289859e-07
1.041800000000000000e+04,3.037352485080191400e-07
1.041900000000000000e+04,3.036716975657327566e-07
1.042000000000000000e+04,3.036301450265455060e-07
1.042100000000000000e+04,3.035792985883745132e-07
1.042200000000000000e+04,3.034646738342416938e-07
1.042300000000000000e+04,3.034776625554513885e-07
1.042400000000000000e+04,3.033991902157140430e-07
1.042500000000000000e+04,3.032937740954366745e-07
1.042600000000000000e+04,3.032440645256428979e-07
1.042700000000000000e+04,3.031780977380549302e-07
1.042800000000000000e+04,3.031373125850223005e-07
1.042900000000000000e+04,3.030866650988173205e-07
1.043000000000000000e+04,3.029948061339382548e-07
1.043100000000000000e+04,3.029516335573134711e-07
1.043200000000000000e+04,3.028850130704086041e-07
1.043300000000000000e+04,3.027770674179919297e-07
1.043400000000000000e+04,3.027234924957156181e-07
1.043500000000000000e+04,3.026092088020959636e-07
1.043600000000000000e+04,3.025951400559279136e-07
1.043700000000000000e+04,3.024790089511952829e-07
1.043800000000000000e+04,3.024001102858164813e-07
1.043900000000000000e+04,3.023247927558259107e-07
1.044000000000000000e+04,3.022836665422801161e-07
1.044100000000000000e+04,3.021899601662880741e-07
1.044200000000000000e+04,3.021354757493099896e-07
1.044300000000000000e+04,3.020898304839647608e-07
1.044400000000000000e+04,3.020121823738008970e-07
1.044500000000000000e+04,3.020084307081560837e-07
1.044600000000000000e+04,3.019534915438271128e-07
1.044700000000000000e+04,3.018727454673353350e-07
1.044800000000000000e+04,3.018274981059221318e-07
1.044900000000000000e+04,3.017585754605534021e-07
1.045000000000000000e+04,3.016630785168672446e-07
1.045100000000000000e+04,3.015594813859934220e-07
1.045200000000000000e+04,3.014662013356428361e-07
1.045300000000000000e+04,3.014191918282449478e-07
1.045400000000000000e+04,3.013757634562352905e-07
1.045500000000000000e+04,3.013363425452553201e-07
1.045600000000000000e+04,3.013154525888239732e-07
1.045700000000000000e+04,3.012477804986701813e-07
1.045800000000000000e+04,3.011551257259270642e-07
1.045900000000000000e+04,3.010682121384888887e-07
1.046000000000000000e+04,3.010055138474854175e-07
1.046100000000000000e+04,3.009461124747758731e-07
1.046200000000000000e+04,3.009149338595307199e-07
1.046300000000000000e+04,3.008484839028824354e-07
1.046400000000000000e+04,3.007659756804059725e-07
1.046500000000000000e+04,3.006857696163933724e-07
1.046600000000000000e+04,3.005858957294549327e-07
1.046700000000000000e+04,3.004788879934494616e-07
1.046800000000000000e+04,3.003906954290869180e-07
1.046900000000000000e+04,3.003112567512289388e-07
1.047000000000000000e+04,3.002278106123412726e-07
1.047100000000000000e+04,3.001464108365325956e-07
1.047200000000000000e+04,3.000548929321666947e-07
1.047300000000000000e+04,2.999954631377477199e-07
1.047400000000000000e+04,2.999455546159879304e-07
1.047500000000000000e+04,2.998056345404620515e-07
1.047600000000000000e+04,2.997261674408946419e-07
1.047700000000000000e+04,2.996336263549892465e-07
1.047800000000000000e+04,2.995116687998233829e-07
1.047900000000000000e+04,2.995074623868276831e-07
1.048000000000000000e+04,2.994196393046877347e-07
1.048100000000000000e+04,2.993945429352606880e-07
1.048200000000000000e+04,2.993705265907919966e-07
1.048300000000000000e+04,2.993068051182490308e-07
1.048400000000000000e+04,2.992678105329105165e-07
1.048500000000000000e+04,2.991792484863253776e-07
1.048600000000000000e+04,2.991436076626996510e-07
1.048700000000000000e+04,2.990962570947885979e-07
1.048800000000000000e+04,2.990463201513193781e-07
1.048900000000000000e+04,2.989568201883230358e-07
1.049000000000000000e+04,2.989251584040175658e-07
1.049100000000000000e+04,2.988455491959030041e-07
1.049200000000000000e+04,2.988039398132968927e-07
1.049300000000000000e+04,2.987579534874384990e-07
1.049400000000000000e+04,2.987088407735427609e-07
1.049500000000000000e+04,2.988900007494521560e-07
1.049600000000000000e+04,2.986862455145455897e-07
1.049700000000000000e+04,2.986436129503999837e-07
1.049800000000000000e+04,2.986153901929355925e-07
1.049900000000000000e+04,2.985785840792232193e-07
1.050000000000000000e+04,2.985433411595295183e-07
1.050100000000000000e+04,2.985011349210253684e-07
1.050200000000000000e+04,2.984587581522646360e-07
1.050300000000000000e+04,2.984305069730908144e-07
1.050400000000000000e+04,2.983821048019308364e-07
1.050500000000000000e+04,2.983260856126435101e-07
1.050600000000000000e+04,2.982502849135926226e-07
1.050700000000000000e+04,2.983504998610442271e-07
1.050800000000000000e+04,2.982180831168079749e-07
1.050900000000000000e+04,2.981697093673574273e-07
1.051000000000000000e+04,2.981353759423654992e-07
1.051100000000000000e+04,2.981081479447311722e-07
1.051200000000000000e+04,2.980881959047110286e-07
1.051300000000000000e+04,2.980276860853336984e-07
1.051400000000000000e+04,2.979481621423474280e-07
1.051500000000000000e+04,2.979195699026604416e-07
1.051600000000000000e+04,2.978240161155554233e-07
1.051700000000000000e+04,2.977897395339823561e-07
1.051800000000000000e+04,2.977526776248851093e-07
1.051900000000000000e+04,2.977013480176537996e-07
1.052000000000000000e+04,2.976559017042745836e-07
1.052100000000000000e+04,2.975851884912117384e-07
1.052200000000000000e+04,2.975118320591718657e-07
1.052300000000000000e+04,2.974479684780817479e-07
1.052400000000000000e+04,2.973471282530226745e-07
1.052500000000000000e+04,2.972960828628856689e-07
1.052600000000000000e+04,2.972377899368439103e-07
1.052700000000000000e+04,2.971875403545709560e-07
1.052800000000000000e+04,2.971304695620347047e-07
1.052900000000000000e+04,2.970608079522207845e-07
1.053000000000000000e+04,2.969861156998376828e-07
1.053100000000000000e+04,2.968875207898236113e-07
1.053200000000000000e+04,2.968081105336750625e-07
1.053300000000000000e+04,2.967578893731115386e-07
1.053400000000000000e+04,2.967056502711784560e-07
1.053500000000000000e+04,2.966538090731773991e-07
1.053600000000000000e+04,2.965599321669287747e-07
1.053700000000000000e+04,2.964957559470349224e-07
1.053800000000000000e+04,2.964321197396202479e-07
1.053900000000000000e+04,2.964029590657446533e-07
1.054000000000000000e+04,2.963644476494664559e-07
1.054100000000000000e+04,2.963165854907856556e-07
1.054200000000000000e+04,2.962448206744738854e-07
1.054300000000000000e+04,2.961637903808878036e-07
1.054400000000000000e+04,2.961083396257890854e-07
1.054500000000000000e+04,2.960355516279378207e-07
1.054600000000000000e+04,2.959993423701234860e-07
1.054700000000000000e+04,2.959336597996298224e-07
1.054800000000000000e+04,2.958667550956306513e-07
1.054900000000000000e+04,2.957959281957300846e-07
1.055000000000000000e+04,2.957356741717376281e-07
1.055100000000000000e+04,2.956830087441630894e-07
1.055200000000000000e+04,2.956381024432630511e-07
1.055300000000000000e+04,2.955940203719364945e-07
1.055400000000000000e+04,2.955700892925960943e-07
1.055500000000000000e+04,2.955334252874308731e-07
1.055600000000000000e+04,2.954921285436284961e-07
1.055700000000000000e+04,2.954124056486762129e-07
1.055800000000000000e+04,2.953769069335976383e-07
1.055900000000000000e+04,2.953321711629541824e-07
1.056000000000000000e+04,2.953112243631039746e-07
1.056100000000000000e+04,2.952782836018741364e-07
1.056200000000000000e+04,2.952703823666524841e-07
1.056300000000000000e+04,2.952129136701842071e-07
1.056400000000000000e+04,2.951776707504905062e-07
1.056500000000000000e+04,2.951494764147355454e-07
1.056600000000000000e+04,2.951005910745152505e-07
1.056700000000000000e+04,2.950225450604193611e-07
1.056800000000000000e+04,2.950361306375270942e-07
1.056900000000000000e+04,2.949838346921751508e-07
1.057000000000000000e+04,2.949404915852937847e-07
1.057100000000000000e+04,2.949079771497054026e-07
1.057200000000000000e+04,2.948598876173491590e-07
1.057300000000000000e+04,2.948016799564356916e-07
1.057400000000000000e+04,2.947776067685481394e-07
1.057500000000000000e+04,2.946954111848754110e-07
1.057600000000000000e+04,2.946614472421060782e-07
1.057700000000000000e+04,2.945992321201629238e-07
1.057800000000000000e+04,2.945234029994026059e-07
1.057900000000000000e+04,2.945300536794093205e-07
1.058000000000000000e+04,2.944634900359233143e-07
1.058100000000000000e+04,2.944217385447700508e-07
1.058200000000000000e+04,2.943772017260926077e-07
1.058300000000000000e+04,2.943406798294745386e-07
1.058400000000000000e+04,2.942541925676778192e-07
1.058500000000000000e+04,2.941832804026489612e-07
1.058600000000000000e+04,2.941268064660107484e-07
1.058700000000000000e+04,2.940819001651107101e-07
1.058800000000000000e+04,2.940169565590622369e-07
1.058900000000000000e+04,2.939676448932004860e-07
1.059000000000000000e+04,2.939218575193081051e-07
1.059100000000000000e+04,2.938860461654257961e-07
1.059200000000000000e+04,2.938379850547789829e-07
1.059300000000000000e+04,2.937806868885672884e-07
1.059400000000000000e+04,2.937445060524623841e-07
1.059500000000000000e+04,2.937130716418323573e-07
1.059600000000000000e+04,2.936617704563104780e-07
1.059700000000000000e+04,2.936175462764367694e-07
1.059800000000000000e+04,2.935640281975793187e-07
1.059900000000000000e+04,2.935098279976955382e-07
1.060000000000000000e+04,2.934551730504608713e-07
1.060100000000000000e+04,2.934109772922965931e-07
1.060200000000000000e+04,2.933875293820165098e-07
1.060300000000000000e+04,2.933458063125726767e-07
1.060400000000000000e+04,2.933073517397133401e-07
1.060500000000000000e+04,2.932599159066739958e-07
1.060600000000000000e+04,2.931942901795991929e-07
1.060700000000000000e+04,2.932310678716021357e-07
1.060800000000000000e+04,2.931703022568399319e-07
1.060900000000000000e+04,2.931267886197019834e-07
1.061000000000000000e+04,2.930862024186353665e-07
1.061100000000000000e+04,2.930106575149693526e-07
1.061200000000000000e+04,2.929748461610870436e-07
1.061300000000000000e+04,2.929476181634527165e-07
1.061400000000000000e+04,2.928688331849116366e-07
1.061500000000000000e+04,2.928535138835286489e-07
1.061600000000000000e+04,2.928105402588698780e-07
1.061700000000000000e+04,2.927581022049707826e-07
1.061800000000000000e+04,2.926961997218313627e-07
1.061900000000000000e+04,2.926453817053698003e-07
1.062000000000000000e+04,2.926157094407244585e-07
1.062100000000000000e+04,2.925855540070187999e-07
1.062200000000000000e+04,2.924949740190641023e-07
1.062300000000000000e+04,2.923948727584502194e-07
1.062400000000000000e+04,2.925183082425064640e-07
1.062500000000000000e+04,2.923345618910389021e-07
1.062600000000000000e+04,2.922727162513183430e-07
1.062700000000000000e+04,2.922192550158797530e-07
1.062800000000000000e+04,2.921602231253928039e-07
1.062900000000000000e+04,2.920832002928364091e-07
1.063000000000000000e+04,2.919734924944350496e-07
1.063100000000000000e+04,2.919144890256575309e-07
1.063200000000000000e+04,2.918403652074630372e-07
1.063300000000000000e+04,2.918002337537473068e-07
1.063400000000000000e+04,2.917367112331703538e-07
1.063500000000000000e+04,2.917075789810041897e-07
1.063600000000000000e+04,2.916476944392343285e-07
1.063700000000000000e+04,2.916220296356186736e-07
1.063800000000000000e+04,2.915850529916497180e-07
1.063900000000000000e+04,2.915466552622092422e-07
1.064000000000000000e+04,2.914824790423153900e-07
